sim_time,foot_z,leg_q,leg_qdot,spring_force,phase
2.121999979,0.499990195,-0.000000000,-0.000000000,3.427799940,AERIAL
2.122999907,0.499970585,0.000000000,0.000000004,0.000000000,AERIAL
2.124000072,0.499941200,0.000000000,-0.000000004,0.000000000,AERIAL
2.125000000,0.499902010,-0.000000000,-0.000000004,3.427800179,AERIAL
2.125999928,0.499852985,0.000000000,0.000000007,0.000000000,AERIAL
2.127000093,0.499794185,0.000000000,-0.000000004,0.000000000,AERIAL
2.128000021,0.499725610,-0.000000000,-0.000000004,3.427800179,AERIAL
2.128999949,0.499647200,0.000000000,0.000000007,0.000000000,AERIAL
2.130000114,0.499558985,0.000000000,-0.000000004,0.000000000,AERIAL
2.131000042,0.499460995,-0.000000000,-0.000000004,3.427800179,AERIAL
2.131999969,0.499353200,0.000000000,0.000000007,0.000000000,AERIAL
2.132999897,0.499235600,0.000000000,-0.000000004,0.000000000,AERIAL
2.134000063,0.499108195,-0.000000000,-0.000000004,3.427800179,AERIAL
2.134999990,0.498970985,0.000000000,0.000000007,0.000000000,AERIAL
2.135999918,0.498824000,0.000000000,-0.000000004,0.000000000,AERIAL
2.137000084,0.498667210,-0.000000000,-0.000000004,3.427800179,AERIAL
2.138000011,0.498500586,0.000000000,0.000000007,0.000000000,AERIAL
2.138999939,0.498324186,0.000000000,-0.000000004,0.000000000,AERIAL
2.140000105,0.498138011,-0.000000000,-0.000000004,3.427800179,AERIAL
2.141000032,0.497942001,0.000000000,0.000000007,0.000000000,AERIAL
2.141999960,0.497736186,0.000000000,-0.000000004,0.000000000,AERIAL
2.142999887,0.497520596,-0.000000000,-0.000000004,3.427800179,AERIAL
2.144000053,0.497295201,0.000000000,0.000000007,0.000000000,AERIAL
2.144999981,0.497060001,0.000000000,-0.000000004,0.000000000,AERIAL
2.145999908,0.496814996,-0.000000000,-0.000000004,3.427800179,AERIAL
2.147000074,0.496560186,0.000000000,0.000000007,0.000000000,AERIAL
2.148000002,0.496295601,0.000000000,-0.000000004,0.000000000,AERIAL
2.148999929,0.496021211,-0.000000000,-0.000000004,3.427800179,AERIAL
2.150000095,0.495736986,0.000000000,0.000000007,0.000000000,AERIAL
2.151000023,0.495442986,0.000000000,-0.000000004,0.000000000,AERIAL
2.151999950,0.495139211,-0.000000000,-0.000000004,3.427800179,AERIAL
2.153000116,0.494825602,0.000000000,0.000000007,0.000000000,AERIAL
2.154000044,0.494502187,0.000000000,-0.000000004,0.000000000,AERIAL
2.154999971,0.494168997,-0.000000000,-0.000000004,3.427800179,AERIAL
2.155999899,0.493826002,0.000000000,0.000000007,0.000000000,AERIAL
2.157000065,0.493473202,0.000000000,-0.000000004,0.000000000,AERIAL
2.157999992,0.493110597,-0.000000000,-0.000000004,3.427800179,AERIAL
2.158999920,0.492738187,0.000000000,0.000000007,0.000000000,AERIAL
2.160000086,0.492356002,0.000000000,-0.000000004,0.000000000,AERIAL
2.161000013,0.491964012,-0.000000000,-0.000000004,3.427800179,AERIAL
2.161999941,0.491562188,0.000000000,0.000000007,0.000000000,AERIAL
2.163000107,0.491150588,0.000000000,-0.000000004,0.000000000,AERIAL
2.164000034,0.490729213,-0.000000000,-0.000000004,3.427800179,AERIAL
2.164999962,0.490298003,0.000000000,0.000000007,0.000000000,AERIAL
2.165999889,0.489856988,0.000000000,-0.000000004,0.000000000,AERIAL
2.167000055,0.489406198,-0.000000000,-0.000000004,3.427800179,AERIAL
2.167999983,0.488945603,0.000000000,0.000000007,0.000000000,AERIAL
2.168999910,0.488475204,0.000000000,-0.000000004,0.000000000,AERIAL
2.170000076,0.487994999,-0.000000000,-0.000000004,3.427800179,AERIAL
2.171000004,0.487504989,0.000000000,0.000000007,0.000000000,AERIAL
2.171999931,0.487005204,0.000000000,-0.000000004,0.000000000,AERIAL
2.173000097,0.486495614,-0.000000000,-0.000000004,3.427800179,AERIAL
2.174000025,0.485976189,0.000000000,0.000000007,0.000000000,AERIAL
2.174999952,0.485446990,0.000000000,-0.000000004,0.000000000,AERIAL
2.176000118,0.484908015,-0.000000000,-0.000000004,3.427800179,AERIAL
2.177000046,0.484359205,0.000000000,0.000000007,0.000000000,AERIAL
2.177999973,0.483800590,0.000000000,-0.000000004,0.000000000,AERIAL
2.178999901,0.483232200,-0.000000000,-0.000000004,3.427800179,AERIAL
2.180000067,0.482654005,0.000000000,0.000000007,0.000000000,AERIAL
2.180999994,0.482066005,0.000000000,-0.000000004,0.000000000,AERIAL
2.181999922,0.481468201,-0.000000000,-0.000000004,3.427800179,AERIAL
2.183000088,0.480860591,0.000000000,0.000000007,0.000000000,AERIAL
2.184000015,0.480243206,0.000000000,-0.000000004,0.000000000,AERIAL
2.184999943,0.479615986,-0.000000000,-0.000000004,3.427800179,AERIAL
2.186000109,0.478978992,0.000000000,0.000000007,0.000000000,AERIAL
2.187000036,0.478332192,0.000000000,-0.000000004,0.000000000,AERIAL
2.187999964,0.477675587,-0.000000000,-0.000000004,3.427800179,AERIAL
2.188999891,0.477009207,0.000000000,0.000000007,0.000000000,AERIAL
2.190000057,0.476332992,0.000000000,-0.000000004,0.000000000,AERIAL
2.190999985,0.475647002,-0.000000000,-0.000000004,3.427800179,AERIAL
2.191999912,0.474951208,0.000000000,0.000000007,0.000000000,AERIAL
2.193000078,0.474245608,0.000000000,-0.000000004,0.000000000,AERIAL
2.194000006,0.473530203,-0.000000000,-0.000000004,3.427800179,AERIAL
2.194999933,0.472804993,0.000000000,0.000000007,0.000000000,AERIAL
2.196000099,0.472070009,0.000000000,-0.000000004,0.000000000,AERIAL
2.197000027,0.471325189,-0.000000000,-0.000000004,3.427800179,AERIAL
2.197999954,0.470570594,0.000000000,0.000000007,0.000000000,AERIAL
2.198999882,0.469806194,0.000000000,-0.000000004,0.000000000,AERIAL
2.200000048,0.469031990,-0.000000000,-0.000000004,3.427800179,AERIAL
2.200999975,0.468248010,0.000000000,0.000000007,0.000000000,AERIAL
2.201999903,0.467454195,0.000000000,-0.000000004,0.000000000,AERIAL
2.203000069,0.466650605,-0.000000000,-0.000000004,3.427800179,AERIAL
2.203999996,0.465837210,0.000000000,0.000000007,0.000000000,AERIAL
2.204999924,0.465014011,0.000000000,-0.000000004,0.000000000,AERIAL
2.206000090,0.464181006,-0.000000000,-0.000000004,3.427800179,AERIAL
2.207000017,0.463338196,0.000000000,0.000000007,0.000000000,AERIAL
2.207999945,0.462485611,0.000000000,-0.000000004,0.000000000,AERIAL
2.209000111,0.461623192,-0.000000000,-0.000000004,3.427800179,AERIAL
2.210000038,0.460750997,0.000000000,0.000000007,0.000000000,AERIAL
2.210999966,0.459868997,0.000000000,-0.000000004,0.000000000,AERIAL
2.211999893,0.458977193,-0.000000000,-0.000000004,3.427800179,AERIAL
2.213000059,0.458075613,0.000000000,0.000000007,0.000000000,AERIAL
2.213999987,0.457164198,0.000000000,-0.000000004,0.000000000,AERIAL
2.214999914,0.456243008,-0.000000000,-0.000000004,3.427800179,AERIAL
2.216000080,0.455312014,0.000000000,0.000000007,0.000000000,AERIAL
2.217000008,0.454371214,0.000000000,-0.000000004,0.000000000,AERIAL
2.217999935,0.453420609,-0.000000000,-0.000000004,3.427800179,AERIAL
2.219000101,0.452460200,0.000000000,0.000000007,0.000000000,AERIAL
2.220000029,0.451490015,0.000000000,-0.000000004,0.000000000,AERIAL
2.220999956,0.450509995,-0.000000000,-0.000000004,3.427800179,AERIAL
2.221999884,0.449520200,0.000000000,0.000000007,0.000000000,AERIAL
2.223000050,0.448520601,0.000000000,-0.000000004,0.000000000,AERIAL
2.223999977,0.447511196,-0.000000000,-0.000000004,3.427800179,AERIAL
2.224999905,0.446491987,0.000000000,0.000000007,0.000000000,AERIAL
2.226000071,0.445463002,0.000000000,-0.000000004,0.000000000,AERIAL
2.226999998,0.444424212,-0.000000000,-0.000000004,3.427800179,AERIAL
2.227999926,0.443375587,0.000000000,0.000000007,0.000000000,AERIAL
2.229000092,0.442317188,0.000000000,-0.000000004,0.000000000,AERIAL
2.230000019,0.441249013,-0.000000000,-0.000000004,3.427800179,AERIAL
2.230999947,0.440171003,0.000000000,0.000000007,0.000000000,AERIAL
2.232000113,0.439083189,0.000000000,-0.000000004,0.000000000,AERIAL
2.233000040,0.437985599,-0.000000000,-0.000000004,3.427800179,AERIAL
2.233999968,0.436878204,0.000000000,0.000000007,0.000000000,AERIAL
2.234999895,0.435761005,0.000000000,-0.000000004,0.000000000,AERIAL
2.236000061,0.434634000,-0.000000000,-0.000000004,3.427800179,AERIAL
2.236999989,0.433497190,0.000000000,0.000000007,0.000000000,AERIAL
2.237999916,0.432350606,0.000000000,-0.000000004,0.000000000,AERIAL
2.239000082,0.431194186,-0.000000000,-0.000000004,3.427800179,AERIAL
2.240000010,0.430027992,0.000000000,0.000000007,0.000000000,AERIAL
2.240999937,0.428851992,0.000000000,-0.000000004,0.000000000,AERIAL
2.242000103,0.427666187,-0.000000000,-0.000000004,3.427800179,AERIAL
2.243000031,0.426470608,0.000000000,0.000000007,0.000000000,AERIAL
2.243999958,0.425265193,0.000000000,-0.000000004,0.000000000,AERIAL
2.244999886,0.424050003,-0.000000000,-0.000000004,3.427800179,AERIAL
2.246000051,0.422825009,0.000000000,0.000000007,0.000000000,AERIAL
2.246999979,0.421590209,0.000000000,-0.000000004,0.000000000,AERIAL
2.247999907,0.420345604,-0.000000000,-0.000000004,3.427800179,AERIAL
2.249000072,0.419091195,0.000000000,0.000000007,0.000000000,AERIAL
2.250000000,0.417827010,0.000000000,-0.000000004,0.000000000,AERIAL
2.250999928,0.416552991,-0.000000000,-0.000000004,3.427800179,AERIAL
2.252000093,0.415269196,0.000000000,0.000000007,0.000000000,AERIAL
2.253000021,0.413975596,0.000000000,-0.000000004,0.000000000,AERIAL
2.253999949,0.412672192,-0.000000000,-0.000000004,3.427800179,AERIAL
2.255000114,0.411359012,0.000000000,0.000000007,0.000000000,AERIAL
2.256000042,0.410035998,0.000000000,-0.000000004,0.000000000,AERIAL
2.256999969,0.408703208,-0.000000000,-0.000000004,3.427800179,AERIAL
2.257999897,0.407360613,0.000000000,0.000000007,0.000000000,AERIAL
2.259000063,0.406008214,0.000000000,-0.000000004,0.000000000,AERIAL
2.259999990,0.404646009,-0.000000000,-0.000000004,3.427800179,AERIAL
2.260999918,0.403274000,0.000000000,0.000000007,0.000000000,AERIAL
2.262000084,0.401892185,0.000000000,-0.000000004,0.000000000,AERIAL
2.263000011,0.400500596,-0.000000000,-0.000000004,3.427800179,AERIAL
2.263999939,0.399099201,0.000000000,0.000000007,0.000000000,AERIAL
2.265000105,0.397688001,0.000000000,-0.000000004,0.000000000,AERIAL
2.266000032,0.396266997,-0.000000000,-0.000000004,3.427800179,AERIAL
2.266999960,0.394836187,0.000000000,0.000000007,0.000000000,AERIAL
2.267999887,0.393395603,0.000000000,-0.000000004,0.000000000,AERIAL
2.269000053,0.391945213,-0.000000000,-0.000000004,3.427800179,AERIAL
2.269999981,0.390484989,0.000000000,0.000000007,0.000000000,AERIAL
2.270999908,0.389014989,0.000000000,-0.000000004,0.000000000,AERIAL
2.272000074,0.387535214,-0.000000000,-0.000000004,3.427800179,AERIAL
2.273000002,0.386045605,0.000000000,0.000000007,0.000000000,AERIAL
2.273999929,0.384546191,0.000000000,-0.000000004,0.000000000,AERIAL
2.275000095,0.383037001,-0.000000000,-0.000000004,3.427800179,AERIAL
2.276000023,0.381518006,0.000000000,0.000000007,0.000000000,AERIAL
2.276999950,0.379989207,0.000000000,-0.000000004,0.000000000,AERIAL
2.278000116,0.378450602,-0.000000000,-0.000000004,3.427800179,AERIAL
2.279000044,0.376902193,0.000000000,0.000000007,0.000000000,AERIAL
2.279999971,0.375344008,0.000000000,-0.000000004,0.000000000,AERIAL
2.280999899,0.373775989,-0.000000000,-0.000000004,3.427800179,AERIAL
2.282000065,0.372198194,0.000000000,0.000000007,0.000000000,AERIAL
2.282999992,0.370610595,0.000000000,-0.000000004,0.000000000,AERIAL
2.283999920,0.369013190,-0.000000000,-0.000000004,3.427800179,AERIAL
2.285000086,0.367406011,0.000000000,0.000000007,0.000000000,AERIAL
2.286000013,0.365788996,0.000000000,-0.000000004,0.000000000,AERIAL
2.286999941,0.364162207,-0.000000000,-0.000000004,3.427800179,AERIAL
2.288000107,0.362525612,0.000000000,0.000000007,0.000000000,AERIAL
2.289000034,0.360879213,0.000000000,-0.000000004,0.000000000,AERIAL
2.289999962,0.359223008,-0.000000000,-0.000000004,3.427800179,AERIAL
2.290999889,0.357556999,0.000000000,0.000000007,0.000000000,AERIAL
2.292000055,0.355881214,0.000000000,-0.000000004,0.000000000,AERIAL
2.292999983,0.354195595,-0.000000000,-0.000000004,3.427800179,AERIAL
2.293999910,0.352500200,0.000000000,0.000000007,0.000000000,AERIAL
2.295000076,0.350795001,0.000000000,-0.000000004,0.000000000,AERIAL
2.296000004,0.349079996,-0.000000000,-0.000000004,3.427800179,AERIAL
2.296999931,0.347355187,0.000000000,0.000000007,0.000000000,AERIAL
2.298000097,0.345620602,0.000000000,-0.000000004,0.000000000,AERIAL
2.299000025,0.343876213,-0.000000000,-0.000000004,3.427800179,AERIAL
2.299999952,0.342121989,0.000000000,0.000000007,0.000000000,AERIAL
2.301000118,0.340357989,0.000000000,-0.000000004,0.000000000,AERIAL
2.302000046,0.338584214,-0.000000000,-0.000000004,3.427800179,AERIAL
2.302999973,0.336800605,0.000000000,0.000000007,0.000000000,AERIAL
2.303999901,0.335007191,0.000000000,-0.000000004,0.000000000,AERIAL
2.305000067,0.333204001,-0.000000000,-0.000000004,3.427800179,AERIAL
2.305999994,0.331391007,0.000000000,0.000000007,0.000000000,AERIAL
2.306999922,0.329568207,0.000000000,-0.000000004,0.000000000,AERIAL
2.308000088,0.327735603,-0.000000000,-0.000000004,3.427800179,AERIAL
2.309000015,0.325893193,0.000000000,0.000000007,0.000000000,AERIAL
2.309999943,0.324041009,0.000000000,-0.000000004,0.000000000,AERIAL
2.311000109,0.322178990,-0.000000000,-0.000000004,3.427800179,AERIAL
2.312000036,0.320307195,0.000000000,0.000000007,0.000000000,AERIAL
2.312999964,0.318425596,0.000000000,-0.000000004,0.000000000,AERIAL
2.313999891,0.316534191,-0.000000000,-0.000000004,3.427800179,AERIAL
2.315000057,0.314633012,0.000000000,0.000000007,0.000000000,AERIAL
2.315999985,0.312721997,0.000000000,-0.000000004,0.000000000,AERIAL
2.316999912,0.310801208,-0.000000000,-0.000000004,3.427800179,AERIAL
2.318000078,0.308870614,0.000000000,0.000000007,0.000000000,AERIAL
2.319000006,0.306930214,0.000000000,-0.000000004,0.000000000,AERIAL
2.319999933,0.304980010,-0.000000000,-0.000000004,3.427800179,AERIAL
2.321000099,0.303020000,0.000000000,0.000000007,0.000000000,AERIAL
2.322000027,0.301050186,0.000000000,-0.000000004,0.000000000,AERIAL
2.322999954,0.299070597,-0.000000000,-0.000000004,3.427800179,AERIAL
2.323999882,0.297081202,0.000000000,0.000000007,0.000000000,AERIAL
2.325000048,0.295082003,0.000000000,-0.000000004,0.000000000,AERIAL
2.325999975,0.293072999,-0.000000000,-0.000000004,3.427800179,AERIAL
2.326999903,0.291054189,0.000000000,0.000000007,0.000000000,AERIAL
2.328000069,0.289025605,0.000000000,-0.000000004,0.000000000,AERIAL
2.328999996,0.286987185,-0.000000000,-0.000000004,3.427800179,AERIAL
2.329999924,0.284938991,0.000000000,0.000000007,0.000000000,AERIAL
2.331000090,0.282880992,0.000000000,-0.000000004,0.000000000,AERIAL
2.332000017,0.280813187,-0.000000000,-0.000000004,3.427800179,AERIAL
2.332999945,0.278735608,0.000000000,0.000000007,0.000000000,AERIAL
2.334000111,0.276648194,0.000000000,-0.000000004,0.000000000,AERIAL
2.335000038,0.274551004,-0.000000000,-0.000000004,3.427800179,AERIAL
2.335999966,0.272444010,0.000000000,0.000000007,0.000000000,AERIAL
2.336999893,0.270327210,0.000000000,-0.000000004,0.000000000,AERIAL
2.338000059,0.268200606,-0.000000000,-0.000000004,3.427800179,AERIAL
2.338999987,0.266064197,0.000000000,0.000000007,0.000000000,AERIAL
2.339999914,0.263918012,0.000000000,-0.000000004,0.000000000,AERIAL
2.341000080,0.261761993,-0.000000000,-0.000000004,3.427800179,AERIAL
2.342000008,0.259596199,0.000000000,0.000000007,0.000000000,AERIAL
2.342999935,0.257420599,0.000000000,-0.000000004,0.000000000,AERIAL
2.344000101,0.255235195,-0.000000000,-0.000000004,3.427800179,AERIAL
2.345000029,0.253039986,0.000000000,0.000000007,0.000000000,AERIAL
2.345999956,0.250835001,0.000000000,-0.000000004,0.000000000,AERIAL
2.346999884,0.248620197,-0.000000000,-0.000000004,3.427800179,AERIAL
2.348000050,0.246395603,0.000000000,0.000000007,0.000000000,AERIAL
2.348999977,0.244161204,0.000000000,-0.000000004,0.000000000,AERIAL
2.349999905,0.241916999,-0.000000000,-0.000000004,3.427800179,AERIAL
2.351000071,0.239663005,0.000000000,0.000000007,0.000000000,AERIAL
2.351999998,0.237399206,0.000000000,-0.000000004,0.000000000,AERIAL
2.352999926,0.235125601,-0.000000000,-0.000000004,3.427800179,AERIAL
2.354000092,0.232842207,0.000000000,0.000000007,0.000000000,AERIAL
2.355000019,0.230548993,0.000000000,-0.000000004,0.000000000,AERIAL
2.355999947,0.228246003,-0.000000000,-0.000000004,3.427800179,AERIAL
2.357000113,0.225933194,0.000000000,0.000000007,0.000000000,AERIAL
2.358000040,0.223610595,0.000000000,-0.000000004,0.000000000,AERIAL
2.358999968,0.221278206,-0.000000000,-0.000000004,3.427800179,AERIAL
2.359999895,0.218935996,0.000000000,0.000000007,0.000000000,AERIAL
2.361000061,0.216583997,0.000000000,-0.000000004,0.000000000,AERIAL
2.361999989,0.214222193,-0.000000000,-0.000000004,3.427800179,AERIAL
2.362999916,0.211850598,0.000000000,0.000000007,0.000000000,AERIAL
2.364000082,0.209469199,0.000000000,-0.000000004,0.000000000,AERIAL
2.365000010,0.207077995,-0.000000000,-0.000000004,3.427800179,AERIAL
2.365999937,0.204677001,0.000000000,0.000000007,0.000000000,AERIAL
2.367000103,0.202266201,0.000000000,-0.000000004,0.000000000,AERIAL
2.368000031,0.199845597,-0.000000000,-0.000000004,3.427800179,AERIAL
2.368999958,0.197415203,0.000000000,0.000000007,0.000000000,AERIAL
2.369999886,0.194975004,0.000000000,-0.000000004,0.000000000,AERIAL
2.371000051,0.192524999,-0.000000000,-0.000000004,3.427800179,AERIAL
2.371999979,0.190065205,0.000000000,0.000000007,0.000000000,AERIAL
2.372999907,0.187595606,0.000000000,-0.000000004,0.000000000,AERIAL
2.374000072,0.185116202,-0.000000000,-0.000000004,3.427800179,AERIAL
2.375000000,0.182627007,0.000000000,0.000000007,0.000000000,AERIAL
2.375999928,0.180127993,0.000000000,-0.000000004,0.000000000,AERIAL
2.377000093,0.177619204,-0.000000000,-0.000000004,3.427800179,AERIAL
2.378000021,0.175100595,0.000000000,0.000000007,0.000000000,AERIAL
2.378999949,0.172572196,0.000000000,-0.000000004,0.000000000,AERIAL
2.380000114,0.170034006,-0.000000000,-0.000000004,3.427800179,AERIAL
2.381000042,0.167485997,0.000000000,0.000000007,0.000000000,AERIAL
2.381999969,0.164928198,0.000000000,-0.000000004,0.000000000,AERIAL
2.382999897,0.162360594,-0.000000000,-0.000000004,3.427800179,AERIAL
2.384000063,0.159783199,0.000000000,0.000000007,0.000000000,AERIAL
2.384999990,0.157196000,0.000000000,-0.000000004,0.000000000,AERIAL
2.385999918,0.154598996,-0.000000000,-0.000000004,3.427800179,AERIAL
2.387000084,0.151992202,0.000000000,0.000000007,0.000000000,AERIAL
2.388000011,0.149375603,0.000000000,-0.000000004,0.000000000,AERIAL
2.388999939,0.146749198,-0.000000000,-0.000000004,3.427800179,AERIAL
2.390000105,0.144113004,0.000000000,0.000000007,0.000000000,AERIAL
2.391000032,0.141467005,0.000000000,-0.000000004,0.000000000,AERIAL
2.391999960,0.138811201,-0.000000000,-0.000000004,3.427800179,AERIAL
2.392999887,0.136145607,0.000000000,0.000000007,0.000000000,AERIAL
2.394000053,0.133470193,0.000000000,-0.000000004,0.000000000,AERIAL
2.394999981,0.130785003,-0.000000000,-0.000000004,3.427800179,AERIAL
2.395999908,0.128089994,0.000000000,0.000000007,0.000000000,AERIAL
2.397000074,0.125385195,0.000000000,-0.000000004,0.000000000,AERIAL
2.398000002,0.122670598,-0.000000000,-0.000000004,3.427800179,AERIAL
2.398999929,0.119946197,0.000000000,0.000000007,0.000000000,AERIAL
2.400000095,0.117211998,0.000000000,-0.000000004,0.000000000,AERIAL
2.401000023,0.114468001,-0.000000000,-0.000000004,3.427800179,AERIAL
2.401999950,0.111714199,0.000000000,0.000000007,0.000000000,AERIAL
2.403000116,0.108950600,0.000000000,-0.000000004,0.000000000,AERIAL
2.404000044,0.106177203,-0.000000000,-0.000000004,3.427800179,AERIAL
2.404999971,0.103394002,0.000000000,0.000000007,0.000000000,AERIAL
2.405999899,0.100601003,0.000000000,-0.000000004,0.000000000,AERIAL
2.407000065,0.097798198,-0.000000000,-0.000000004,3.427800179,AERIAL
2.407999992,0.094985597,0.000000000,0.000000007,0.000000000,AERIAL
2.408999920,0.092163198,0.000000000,-0.000000004,0.000000000,AERIAL
2.410000086,0.089331001,-0.000000000,-0.000000004,3.427800179,AERIAL
2.411000013,0.086488999,0.000000000,0.000000007,0.000000000,AERIAL
2.411999941,0.083637200,0.000000000,-0.000000004,0.000000000,AERIAL
2.413000107,0.080775604,-0.000000000,-0.000000004,3.427800179,AERIAL
2.414000034,0.077904202,0.000000000,0.000000007,0.000000000,AERIAL
2.414999962,0.075023003,0.000000000,-0.000000004,0.000000000,AERIAL
2.415999889,0.072131999,-0.000000000,-0.000000004,3.427800179,AERIAL
2.417000055,0.069231197,0.000000000,0.000000007,0.000000000,AERIAL
2.417999983,0.066320598,0.000000000,-0.000000004,0.000000000,AERIAL
2.418999910,0.063400201,-0.000000000,-0.000000004,3.427800179,AERIAL
2.420000076,0.060470000,0.000000000,0.000000007,0.000000000,AERIAL
2.421000004,0.057530001,0.000000000,-0.000000004,0.000000000,AERIAL
2.421999931,0.054580200,-0.000000000,-0.000000004,3.427800179,AERIAL
2.423000097,0.051620599,0.000000000,0.000000007,0.000000000,AERIAL
2.424000025,0.048651200,0.000000000,-0.000000004,0.000000000,AERIAL
2.424999952,0.045671999,-0.000000000,-0.000000004,3.427800179,AERIAL
2.426000118,0.042683002,0.000000000,0.000000007,0.000000000,AERIAL
2.427000046,0.039684199,0.000000000,-0.000000004,0.000000000,AERIAL
2.427999973,0.036675598,-0.000000000,-0.000000004,3.427800179,AERIAL
2.428999901,0.033657201,0.000000000,0.000000007,0.000000000,AERIAL
2.430000067,0.030629000,0.000000000,-0.000000004,0.000000000,AERIAL
2.430999994,0.027590999,-0.000000000,-0.000000004,3.427800179,LANDING
2.431999922,0.024543200,0.000000000,0.000000007,0.000000000,LANDING
2.433000088,0.021485601,0.000000000,-0.000000004,0.000000000,LANDING
2.434000015,0.018418200,-0.000000000,-0.000000004,3.427800179,LANDING
2.434999943,0.015341000,0.000000000,0.000000007,0.000000000,LANDING
2.436000109,0.012254000,0.000000000,-0.000000004,0.000000000,LANDING
2.437000036,0.009157200,-0.000000000,-0.000000004,3.427800179,LANDING
2.437999964,0.006050600,0.000000000,0.000000007,0.000000000,LANDING
2.438999891,0.002934200,0.000000000,-0.000000004,0.000000000,LANDING
2.440000057,0.002935169,-0.003127169,-3.127168655,4.413887501,SUPPORT
2.440999985,0.002936125,-0.006133536,-3.006367445,4.936995506,SUPPORT
2.441999912,0.002937075,-0.009003634,-2.870097160,5.436392307,SUPPORT
2.443000078,0.002938021,-0.011722686,-2.719052315,5.909507275,SUPPORT
2.444000006,0.002938961,-0.014276695,-2.554009914,6.353905201,SUPPORT
2.444999933,0.002939898,-0.016652515,-2.375820160,6.767297745,SUPPORT
2.446000099,0.002940830,-0.018837916,-2.185400248,7.147557259,SUPPORT
2.447000027,0.002941758,-0.020821646,-1.983730078,7.492726326,SUPPORT
2.447999954,0.002942683,-0.022593495,-1.771848440,7.801027775,SUPPORT
2.448999882,0.002943605,-0.024144340,-1.550845623,8.070875168,SUPPORT
2.450000048,0.002944524,-0.025466200,-1.321859717,8.300878525,SUPPORT
2.450999975,0.002945441,-0.026552269,-1.086069226,8.489854813,SUPPORT
2.451999903,0.002946356,-0.027396956,-0.844688237,8.636830330,SUPPORT
2.453000069,0.002947270,-0.027995916,-0.598959208,8.741049767,SUPPORT
2.453999996,0.002948182,-0.028346064,-0.350147247,8.801975250,SUPPORT
2.454999924,0.002949094,-0.028445596,-0.099533178,8.819252014,SUPPORT
2.456000090,0.002950006,-0.028294004,0.151591614,7.908997059,SUPPORT
2.457000017,0.002950927,-0.027918229,0.375776500,7.843611717,SUPPORT
2.457999945,0.002951848,-0.027320193,0.598035395,7.739553452,SUPPORT
2.459000111,0.002952771,-0.026502978,0.817215204,7.597358227,SUPPORT
2.460000038,0.002953695,-0.025470790,1.032187700,7.417757511,SUPPORT
2.460999966,0.002954620,-0.024228944,1.241846204,7.201676369,SUPPORT
2.461999893,0.002955548,-0.022783833,1.445111394,6.950226784,SUPPORT
2.463000059,0.002956479,-0.021142896,1.640936852,6.664703846,SUPPORT
2.463999987,0.002957412,-0.019314582,1.828314543,6.346577168,SUPPORT
2.464999914,0.002958348,-0.017308302,2.006279945,5.997484207,SUPPORT
2.466000080,0.002959288,-0.015134385,2.173916817,5.619223118,SUPPORT
2.467000008,0.002960232,-0.012804022,2.330362320,5.213739872,SUPPORT
2.467999935,0.002961180,-0.010329211,2.474810839,4.783123016,SUPPORT
2.469000101,0.002962132,-0.007722693,2.606518984,4.329588413,SUPPORT
2.470000029,0.002963088,-0.004997883,2.724808931,3.855471611,SUPPORT
2.470999956,0.002964050,-0.002168812,2.829071283,3.363213301,SUPPORT
2.471999884,0.003596497,0.000000000,2.168812037,0.000000000,TAKEOFF
2.473000050,0.006325635,0.000000000,-0.000000002,0.000000000,TAKEOFF
2.473999977,0.009044972,0.000000000,-0.000000002,0.000000000,TAKEOFF
2.474999905,0.011754510,-0.000000000,-0.000000002,3.427799940,TAKEOFF
2.476000071,0.014454247,0.000000000,0.000000006,0.000000000,TAKEOFF
2.476999998,0.017144185,0.000000000,-0.000000004,0.000000000,TAKEOFF
2.477999926,0.019824322,-0.000000000,-0.000000004,3.427800179,TAKEOFF
2.479000092,0.022494661,0.000000000,0.000000007,0.000000000,TAKEOFF
2.480000019,0.025155198,0.000000000,-0.000000004,0.000000000,TAKEOFF
2.480999947,0.027805936,-0.000000000,-0.000000004,3.427800179,TAKEOFF
2.482000113,0.030446872,0.000000000,0.000000007,0.000000000,AERIAL
2.483000040,0.033078011,0.000000000,-0.000000004,0.000000000,AERIAL
2.483999968,0.035699349,-0.000000000,-0.000000004,3.427800179,AERIAL
2.484999895,0.038310885,0.000000000,0.000000007,0.000000000,AERIAL
2.486000061,0.040912624,0.000000000,-0.000000004,0.000000000,AERIAL
2.486999989,0.043504562,-0.000000000,-0.000000004,3.427800179,AERIAL
2.487999916,0.046086699,0.000000000,0.000000007,0.000000000,AERIAL
2.489000082,0.048659034,0.000000000,-0.000000004,0.000000000,AERIAL
2.490000010,0.051221572,-0.000000000,-0.000000004,3.427800179,AERIAL
2.490999937,0.053774312,0.000000000,0.000000007,0.000000000,AERIAL
2.492000103,0.056317247,0.000000000,-0.000000004,0.000000000,AERIAL
2.493000031,0.058850385,-0.000000000,-0.000000004,3.427800179,AERIAL
2.493999958,0.061373722,0.000000000,0.000000007,0.000000000,AERIAL
2.494999886,0.063887261,0.000000000,-0.000000004,0.000000000,AERIAL
2.496000051,0.066390999,-0.000000000,-0.000000004,3.427800179,AERIAL
2.496999979,0.068884939,0.000000000,0.000000007,0.000000000,AERIAL
2.497999907,0.071369074,0.000000000,-0.000000004,0.000000000,AERIAL
2.499000072,0.073843412,-0.000000000,-0.000000004,3.427800179,AERIAL
2.500000000,0.076307945,0.000000000,0.000000007,0.000000000,AERIAL
2.500999928,0.078762688,0.000000000,-0.000000004,0.000000000,AERIAL
2.502000093,0.081207626,-0.000000000,-0.000000004,3.427800179,AERIAL
2.503000021,0.083642758,0.000000000,0.000000007,0.000000000,AERIAL
2.503999949,0.086068101,0.000000000,-0.000000004,0.000000000,AERIAL
2.505000114,0.088483639,-0.000000000,-0.000000004,3.427800179,AERIAL
2.506000042,0.090889372,0.000000000,0.000000007,0.000000000,AERIAL
2.506999969,0.093285315,0.000000000,-0.000000004,0.000000000,AERIAL
2.507999897,0.095671445,-0.000000000,-0.000000004,3.427800179,AERIAL
2.509000063,0.098047785,0.000000000,0.000000007,0.000000000,AERIAL
2.509999990,0.100414321,0.000000000,-0.000000004,0.000000000,AERIAL
2.510999918,0.102771059,-0.000000000,-0.000000004,3.427800179,AERIAL
2.512000084,0.105117999,0.000000000,0.000000007,0.000000000,AERIAL
2.513000011,0.107455134,0.000000000,-0.000000004,0.000000000,AERIAL
2.513999939,0.109782472,-0.000000000,-0.000000004,3.427800179,AERIAL
2.515000105,0.112100013,0.000000000,0.000000007,0.000000000,AERIAL
2.516000032,0.114407748,0.000000000,-0.000000004,0.000000000,AERIAL
2.516999960,0.116705686,-0.000000000,-0.000000004,3.427800179,AERIAL
2.517999887,0.118993826,0.000000000,0.000000007,0.000000000,AERIAL
2.519000053,0.121272162,0.000000000,-0.000000004,0.000000000,AERIAL
2.519999981,0.123540699,-0.000000000,-0.000000004,3.427800179,AERIAL
2.520999908,0.125799432,0.000000000,0.000000007,0.000000000,AERIAL
2.522000074,0.128048375,0.000000000,-0.000000004,0.000000000,AERIAL
2.523000002,0.130287513,-0.000000000,-0.000000004,3.427800179,AERIAL
2.523999929,0.132516846,0.000000000,0.000000007,0.000000000,AERIAL
2.525000095,0.134736389,0.000000000,-0.000000004,0.000000000,AERIAL
2.526000023,0.136946127,-0.000000000,-0.000000004,3.427800179,AERIAL
2.526999950,0.139146060,0.000000000,0.000000007,0.000000000,AERIAL
2.528000116,0.141336203,0.000000000,-0.000000004,0.000000000,AERIAL
2.529000044,0.143516541,-0.000000000,-0.000000004,3.427800179,AERIAL
2.529999971,0.145687073,0.000000000,0.000000007,0.000000000,AERIAL
2.530999899,0.147847816,0.000000000,-0.000000004,0.000000000,AERIAL
2.532000065,0.149998754,-0.000000000,-0.000000004,3.427800179,AERIAL
2.532999992,0.152139887,0.000000000,0.000000007,0.000000000,AERIAL
2.533999920,0.154271230,0.000000000,-0.000000004,0.000000000,AERIAL
2.535000086,0.156392768,-0.000000000,-0.000000004,3.427800179,AERIAL
2.536000013,0.158504501,0.000000000,0.000000007,0.000000000,AERIAL
2.536999941,0.160606444,0.000000000,-0.000000004,0.000000000,AERIAL
2.538000107,0.162698582,-0.000000000,-0.000000004,3.427800179,AERIAL
2.539000034,0.164780915,0.000000000,0.000000007,0.000000000,AERIAL
2.539999962,0.166853443,0.000000000,-0.000000004,0.000000000,AERIAL
2.540999889,0.168916181,-0.000000000,-0.000000004,3.427800179,AERIAL
2.542000055,0.170969129,0.000000000,0.000000007,0.000000000,AERIAL
2.542999983,0.173012257,0.000000000,-0.000000004,0.000000000,AERIAL
2.543999910,0.175045595,-0.000000000,-0.000000004,3.427800179,AERIAL
2.545000076,0.177069142,0.000000000,0.000000007,0.000000000,AERIAL
2.546000004,0.179082870,0.000000000,-0.000000004,0.000000000,AERIAL
2.546999931,0.181086808,-0.000000000,-0.000000004,3.427800179,AERIAL
2.548000097,0.183080956,0.000000000,0.000000007,0.000000000,AERIAL
2.549000025,0.185065284,0.000000000,-0.000000004,0.000000000,AERIAL
2.549999952,0.187039822,-0.000000000,-0.000000004,3.427800179,AERIAL
2.551000118,0.189004555,0.000000000,0.000000007,0.000000000,AERIAL
2.552000046,0.190959498,0.000000000,-0.000000004,0.000000000,AERIAL
2.552999973,0.192904636,-0.000000000,-0.000000004,3.427800179,AERIAL
2.553999901,0.194839969,0.000000000,0.000000007,0.000000000,AERIAL
2.555000067,0.196765512,0.000000000,-0.000000004,0.000000000,AERIAL
2.555999994,0.198681250,-0.000000000,-0.000000004,3.427800179,AERIAL
2.556999922,0.200587183,0.000000000,0.000000007,0.000000000,AERIAL
2.558000088,0.202483326,0.000000000,-0.000000004,0.000000000,AERIAL
2.559000015,0.204369664,-0.000000000,-0.000000004,3.427800179,AERIAL
2.559999943,0.206246197,0.000000000,0.000000007,0.000000000,AERIAL
2.561000109,0.208112940,0.000000000,-0.000000004,0.000000000,AERIAL
2.562000036,0.209969878,-0.000000000,-0.000000004,3.427800179,AERIAL
2.562999964,0.211817011,0.000000000,0.000000007,0.000000000,AERIAL
2.563999891,0.213654354,0.000000000,-0.000000004,0.000000000,AERIAL
2.565000057,0.215481892,-0.000000000,-0.000000004,3.427800179,AERIAL
2.565999985,0.217299625,0.000000000,0.000000007,0.000000000,AERIAL
2.566999912,0.219107568,0.000000000,-0.000000004,0.000000000,AERIAL
2.568000078,0.220905706,-0.000000000,-0.000000004,3.427800179,AERIAL
2.569000006,0.222694039,0.000000000,0.000000007,0.000000000,AERIAL
2.569999933,0.224472582,0.000000000,-0.000000004,0.000000000,AERIAL
2.571000099,0.226241320,-0.000000000,-0.000000004,3.427800179,AERIAL
2.572000027,0.228000253,0.000000000,0.000000007,0.000000000,AERIAL
2.572999954,0.229749382,0.000000000,-0.000000004,0.000000000,AERIAL
2.573999882,0.231488720,-0.000000000,-0.000000004,3.427800179,AERIAL
2.575000048,0.233218268,0.000000000,0.000000007,0.000000000,AERIAL
2.575999975,0.234937996,0.000000000,-0.000000004,0.000000000,AERIAL
2.576999903,0.236647934,-0.000000000,-0.000000004,3.427800179,AERIAL
2.578000069,0.238348082,0.000000000,0.000000007,0.000000000,AERIAL
2.578999996,0.240038410,0.000000000,-0.000000004,0.000000000,AERIAL
2.579999924,0.241718948,-0.000000000,-0.000000004,3.427800179,AERIAL
2.581000090,0.243389696,0.000000000,0.000000007,0.000000000,AERIAL
2.582000017,0.245050624,0.000000000,-0.000000004,0.000000000,AERIAL
2.582999945,0.246701762,-0.000000000,-0.000000004,3.427800179,AERIAL
2.584000111,0.248343095,0.000000000,0.000000007,0.000000000,AERIAL
2.585000038,0.249974638,0.000000000,-0.000000004,0.000000000,AERIAL
2.585999966,0.251596361,-0.000000000,-0.000000004,3.427800179,AERIAL
2.586999893,0.253208309,0.000000000,0.000000007,0.000000000,AERIAL
2.588000059,0.254810452,0.000000000,-0.000000004,0.000000000,AERIAL
2.588999987,0.256402791,-0.000000000,-0.000000004,3.427800179,AERIAL
2.589999914,0.257985324,0.000000000,0.000000007,0.000000000,AERIAL
2.591000080,0.259558052,0.000000000,-0.000000004,0.000000000,AERIAL
2.592000008,0.261121005,-0.000000000,-0.000000004,3.427800179,AERIAL
2.592999935,0.262674153,0.000000000,0.000000007,0.000000000,AERIAL
2.594000101,0.264217466,0.000000000,-0.000000004,0.000000000,AERIAL
2.595000029,0.265751004,-0.000000000,-0.000000004,3.427800179,AERIAL
2.595999956,0.267274737,0.000000000,0.000000007,0.000000000,AERIAL
2.596999884,0.268788695,0.000000000,-0.000000004,0.000000000,AERIAL
2.598000050,0.270292819,-0.000000000,-0.000000004,3.427800179,AERIAL
2.598999977,0.271787167,0.000000000,0.000000007,0.000000000,AERIAL
2.599999905,0.273271710,0.000000000,-0.000000004,0.000000000,AERIAL
2.601000071,0.274746448,-0.000000000,-0.000000004,3.427800179,AERIAL
2.601999998,0.276211381,0.000000000,0.000000007,0.000000000,AERIAL
2.602999926,0.277666509,0.000000000,-0.000000004,0.000000000,AERIAL
2.604000092,0.279111862,-0.000000000,-0.000000004,3.427800179,AERIAL
2.605000019,0.280547380,0.000000000,0.000000007,0.000000000,AERIAL
2.605999947,0.281973124,0.000000000,-0.000000004,0.000000000,AERIAL
2.607000113,0.283389062,-0.000000000,-0.000000004,3.427800179,AERIAL
2.608000040,0.284795195,0.000000000,0.000000007,0.000000000,AERIAL
2.608999968,0.286191553,0.000000000,-0.000000004,0.000000000,AERIAL
2.609999895,0.287578076,-0.000000000,-0.000000004,3.427800179,AERIAL
2.611000061,0.288954824,0.000000000,0.000000007,0.000000000,AERIAL
2.611999989,0.290321738,0.000000000,-0.000000004,0.000000000,AERIAL
2.612999916,0.291678876,-0.000000000,-0.000000004,3.427800179,AERIAL
2.614000082,0.293026239,0.000000000,0.000000007,0.000000000,AERIAL
2.615000010,0.294363767,0.000000000,-0.000000004,0.000000000,AERIAL
2.615999937,0.295691490,-0.000000000,-0.000000004,3.427800179,AERIAL
2.617000103,0.297009438,0.000000000,0.000000007,0.000000000,AERIAL
2.618000031,0.298317581,0.000000000,-0.000000004,0.000000000,AERIAL
2.618999958,0.299615920,-0.000000000,-0.000000004,3.427800179,AERIAL
2.619999886,0.300904453,0.000000000,0.000000007,0.000000000,AERIAL
2.621000051,0.302183181,0.000000000,-0.000000004,0.000000000,AERIAL
2.621999979,0.303452134,-0.000000000,-0.000000004,3.427800179,AERIAL
2.622999907,0.304711252,0.000000000,0.000000007,0.000000000,AERIAL
2.624000072,0.305960596,0.000000000,-0.000000004,0.000000000,AERIAL
2.625000000,0.307200134,-0.000000000,-0.000000004,3.427800179,AERIAL
2.625999928,0.308429867,0.000000000,0.000000007,0.000000000,AERIAL
2.627000093,0.309649825,0.000000000,-0.000000004,0.000000000,AERIAL
2.628000021,0.310859948,-0.000000000,-0.000000004,3.427800179,AERIAL
2.628999949,0.312060297,0.000000000,0.000000007,0.000000000,AERIAL
2.630000114,0.313250840,0.000000000,-0.000000004,0.000000000,AERIAL
2.631000042,0.314431578,-0.000000000,-0.000000004,3.427800179,AERIAL
2.631999969,0.315602511,0.000000000,0.000000007,0.000000000,AERIAL
2.632999897,0.316763639,0.000000000,-0.000000004,0.000000000,AERIAL
2.634000063,0.317914993,-0.000000000,-0.000000004,3.427800179,AERIAL
2.634999990,0.319056511,0.000000000,0.000000007,0.000000000,AERIAL
2.635999918,0.320188254,0.000000000,-0.000000004,0.000000000,AERIAL
2.637000084,0.321310192,-0.000000000,-0.000000004,3.427800179,AERIAL
2.638000011,0.322422326,0.000000000,0.000000007,0.000000000,AERIAL
2.638999939,0.323524654,0.000000000,-0.000000004,0.000000000,AERIAL
2.640000105,0.324617207,-0.000000000,-0.000000004,3.427800179,AERIAL
2.641000032,0.325699955,0.000000000,0.000000007,0.000000000,AERIAL
2.641999960,0.326772869,0.000000000,-0.000000004,0.000000000,AERIAL
2.642999887,0.327836007,-0.000000000,-0.000000004,3.427800179,AERIAL
2.644000053,0.328889340,0.000000000,0.000000007,0.000000000,AERIAL
2.644999981,0.329932898,0.000000000,-0.000000004,0.000000000,AERIAL
2.645999908,0.330966622,-0.000000000,-0.000000004,3.427800179,AERIAL
2.647000074,0.331990570,0.000000000,0.000000007,0.000000000,AERIAL
2.648000002,0.333004713,0.000000000,-0.000000004,0.000000000,AERIAL
2.648999929,0.334009051,-0.000000000,-0.000000004,3.427800179,AERIAL
2.650000095,0.335003585,0.000000000,0.000000007,0.000000000,AERIAL
2.651000023,0.335988313,0.000000000,-0.000000004,0.000000000,AERIAL
2.651999950,0.336963266,-0.000000000,-0.000000004,3.427800179,AERIAL
2.653000116,0.337928385,0.000000000,0.000000007,0.000000000,AERIAL
2.654000044,0.338883728,0.000000000,-0.000000004,0.000000000,AERIAL
2.654999971,0.339829266,-0.000000000,-0.000000004,3.427800179,AERIAL
2.655999899,0.340764999,0.000000000,0.000000007,0.000000000,AERIAL
2.657000065,0.341690928,0.000000000,-0.000000004,0.000000000,AERIAL
2.657999992,0.342607081,-0.000000000,-0.000000004,3.427800179,AERIAL
2.658999920,0.343513429,0.000000000,0.000000007,0.000000000,AERIAL
2.660000086,0.344409943,0.000000000,-0.000000004,0.000000000,AERIAL
2.661000013,0.345296681,-0.000000000,-0.000000004,3.427800179,AERIAL
2.661999941,0.346173614,0.000000000,0.000000007,0.000000000,AERIAL
2.663000107,0.347040772,0.000000000,-0.000000004,0.000000000,AERIAL
2.664000034,0.347898096,-0.000000000,-0.000000004,3.427800179,AERIAL
2.664999962,0.348745644,0.000000000,0.000000007,0.000000000,AERIAL
2.665999889,0.349583387,0.000000000,-0.000000004,0.000000000,AERIAL
2.667000055,0.350411326,-0.000000000,-0.000000004,3.427800179,AERIAL
2.667999983,0.351229459,0.000000000,0.000000007,0.000000000,AERIAL
2.668999910,0.352037787,0.000000000,-0.000000004,0.000000000,AERIAL
2.670000076,0.352836341,-0.000000000,-0.000000004,3.427800179,AERIAL
2.671000004,0.353625059,0.000000000,0.000000007,0.000000000,AERIAL
2.671999931,0.354404002,0.000000000,-0.000000004,0.000000000,AERIAL
2.673000097,0.355173141,-0.000000000,-0.000000004,3.427800179,AERIAL
2.674000025,0.355932474,0.000000000,0.000000007,0.000000000,AERIAL
2.674999952,0.356682003,0.000000000,-0.000000004,0.000000000,AERIAL
2.676000118,0.357421756,-0.000000000,-0.000000004,3.427800179,AERIAL
2.677000046,0.358151704,0.000000000,0.000000007,0.000000000,AERIAL
2.677999973,0.358871818,0.000000000,-0.000000004,0.000000000,AERIAL
2.678999901,0.359582156,-0.000000000,-0.000000004,3.427800179,AERIAL
2.680000067,0.360282719,0.000000000,0.000000007,0.000000000,AERIAL
2.680999994,0.360973448,0.000000000,-0.000000004,0.000000000,AERIAL
2.681999922,0.361654371,-0.000000000,-0.000000004,3.427800179,AERIAL
2.683000088,0.362325519,0.000000000,0.000000007,0.000000000,AERIAL
2.684000015,0.362986863,0.000000000,-0.000000004,0.000000000,AERIAL
2.684999943,0.363638401,-0.000000000,-0.000000004,3.427800179,AERIAL
2.686000109,0.364280134,0.000000000,0.000000007,0.000000000,AERIAL
2.687000036,0.364912063,0.000000000,-0.000000004,0.000000000,AERIAL
2.687999964,0.365534216,-0.000000000,-0.000000004,3.427800179,AERIAL
2.688999891,0.366146535,0.000000000,0.000000007,0.000000000,AERIAL
2.690000057,0.366749078,0.000000000,-0.000000004,0.000000000,AERIAL
2.690999985,0.367341816,-0.000000000,-0.000000004,3.427800179,AERIAL
2.691999912,0.367924750,0.000000000,0.000000007,0.000000000,AERIAL
2.693000078,0.368497878,0.000000000,-0.000000004,0.000000000,AERIAL
2.694000006,0.369061232,-0.000000000,-0.000000004,3.427800179,AERIAL
2.694999933,0.369614780,0.000000000,0.000000007,0.000000000,AERIAL
2.696000099,0.370158494,0.000000000,-0.000000004,0.000000000,AERIAL
2.697000027,0.370692432,-0.000000000,-0.000000004,3.427800179,AERIAL
2.697999954,0.371216565,0.000000000,0.000000007,0.000000000,AERIAL
2.698999882,0.371730924,0.000000000,-0.000000004,0.000000000,AERIAL
2.700000048,0.372235447,-0.000000000,-0.000000004,3.427800179,AERIAL
2.700999975,0.372730196,0.000000000,0.000000007,0.000000000,AERIAL
2.701999903,0.373215139,0.000000000,-0.000000004,0.000000000,AERIAL
2.703000069,0.373690277,-0.000000000,-0.000000004,3.427800179,AERIAL
2.703999996,0.374155611,0.000000000,0.000000007,0.000000000,AERIAL
2.704999924,0.374611139,0.000000000,-0.000000004,0.000000000,AERIAL
2.706000090,0.375056893,-0.000000000,-0.000000004,3.427800179,AERIAL
2.707000017,0.375492811,0.000000000,0.000000007,0.000000000,AERIAL
2.707999945,0.375918955,0.000000000,-0.000000004,0.000000000,AERIAL
2.709000111,0.376335293,-0.000000000,-0.000000004,3.427800179,AERIAL
2.710000038,0.376741827,0.000000000,0.000000007,0.000000000,AERIAL
2.710999966,0.377138555,0.000000000,-0.000000004,0.000000000,AERIAL
2.711999893,0.377525508,-0.000000000,-0.000000004,3.427800179,AERIAL
2.713000059,0.377902657,0.000000000,0.000000007,0.000000000,AERIAL
2.713999987,0.378269970,0.000000000,-0.000000004,0.000000000,AERIAL
2.714999914,0.378627509,-0.000000000,-0.000000004,3.427800179,AERIAL
2.716000080,0.378975242,0.000000000,0.000000007,0.000000000,AERIAL
2.717000008,0.379313201,0.000000000,-0.000000004,0.000000000,AERIAL
2.717999935,0.379641324,-0.000000000,-0.000000004,3.427800179,AERIAL
2.719000101,0.379959673,0.000000000,0.000000007,0.000000000,AERIAL
2.720000029,0.380268216,0.000000000,-0.000000004,0.000000000,AERIAL
2.720999956,0.380566955,-0.000000000,-0.000000004,3.427800179,AERIAL
2.721999884,0.380855888,0.000000000,0.000000007,0.000000000,AERIAL
2.723000050,0.381135017,0.000000000,-0.000000004,0.000000000,AERIAL
2.723999977,0.381404370,-0.000000000,-0.000000004,3.427800179,AERIAL
2.724999905,0.381663889,0.000000000,0.000000007,0.000000000,AERIAL
2.726000071,0.381913632,0.000000000,-0.000000004,0.000000000,AERIAL
2.726999998,0.382153571,-0.000000000,-0.000000004,3.427800179,AERIAL
2.727999926,0.382383704,0.000000000,0.000000007,0.000000000,AERIAL
2.729000092,0.382604033,0.000000000,-0.000000004,0.000000000,AERIAL
2.730000019,0.382814586,-0.000000000,-0.000000004,3.427800179,AERIAL
2.730999947,0.383015305,0.000000000,0.000000007,0.000000000,AERIAL
2.732000113,0.383206248,0.000000000,-0.000000004,0.000000000,AERIAL
2.733000040,0.383387387,-0.000000000,-0.000000004,3.427800179,AERIAL
2.733999968,0.383558720,0.000000000,0.000000007,0.000000000,AERIAL
2.734999895,0.383720279,0.000000000,-0.000000004,0.000000000,AERIAL
2.736000061,0.383872002,-0.000000000,-0.000000004,3.427800179,AERIAL
2.736999989,0.384013951,0.000000000,0.000000007,0.000000000,AERIAL
2.737999916,0.384146094,0.000000000,-0.000000004,0.000000000,AERIAL
2.739000082,0.384268433,-0.000000000,-0.000000004,3.427800179,AERIAL
2.740000010,0.384380966,0.000000000,0.000000007,0.000000000,AERIAL
2.740999937,0.384483695,0.000000000,-0.000000004,0.000000000,AERIAL
2.742000103,0.384576619,-0.000000000,-0.000000004,3.427800179,AERIAL
2.743000031,0.384659767,0.000000000,0.000000007,0.000000000,AERIAL
2.743999958,0.384733111,0.000000000,-0.000000004,0.000000000,AERIAL
2.744999886,0.384796649,-0.000000000,-0.000000004,3.427800179,AERIAL
2.746000051,0.384850383,0.000000000,0.000000007,0.000000000,AERIAL
2.746999979,0.384894311,0.000000000,-0.000000004,0.000000000,AERIAL
2.747999907,0.384928465,-0.000000000,-0.000000004,3.427800179,AERIAL
2.749000072,0.384952784,0.000000000,0.000000007,0.000000000,AERIAL
2.750000000,0.384967327,0.000000000,-0.000000004,0.000000000,AERIAL
2.750999928,0.384972066,-0.000000000,-0.000000004,3.427800179,AERIAL
2.752000093,0.384966999,0.000000000,0.000000007,0.000000000,AERIAL
2.753000021,0.384952158,0.000000000,-0.000000004,0.000000000,AERIAL
2.753999949,0.384927481,-0.000000000,-0.000000004,3.427800179,AERIAL
2.755000114,0.384893030,0.000000000,0.000000007,0.000000000,AERIAL
2.756000042,0.384848744,0.000000000,-0.000000004,0.000000000,AERIAL
2.756999969,0.384794682,-0.000000000,-0.000000004,3.427800179,AERIAL
2.757999897,0.384730846,0.000000000,0.000000007,0.000000000,AERIAL
2.759000063,0.384657174,0.000000000,-0.000000004,0.000000000,AERIAL
2.759999990,0.384573698,-0.000000000,-0.000000004,3.427800179,AERIAL
2.760999918,0.384480447,0.000000000,0.000000007,0.000000000,AERIAL
2.762000084,0.384377390,0.000000000,-0.000000004,0.000000000,AERIAL
2.763000011,0.384264529,-0.000000000,-0.000000004,3.427800179,AERIAL
2.763999939,0.384141862,0.000000000,0.000000007,0.000000000,AERIAL
2.765000105,0.384009391,0.000000000,-0.000000004,0.000000000,AERIAL
2.766000032,0.383867145,-0.000000000,-0.000000004,3.427800179,AERIAL
2.766999960,0.383715063,0.000000000,0.000000007,0.000000000,AERIAL
2.767999887,0.383553207,0.000000000,-0.000000004,0.000000000,AERIAL
2.769000053,0.383381546,-0.000000000,-0.000000004,3.427800179,AERIAL
2.769999981,0.383200079,0.000000000,0.000000007,0.000000000,AERIAL
2.770999908,0.383008808,0.000000000,-0.000000004,0.000000000,AERIAL
2.772000074,0.382807761,-0.000000000,-0.000000004,3.427800179,AERIAL
2.773000002,0.382596910,0.000000000,0.000000007,0.000000000,AERIAL
2.773999929,0.382376224,0.000000000,-0.000000004,0.000000000,AERIAL
2.775000095,0.382145762,-0.000000000,-0.000000004,3.427800179,AERIAL
2.776000023,0.381905496,0.000000000,0.000000007,0.000000000,AERIAL
2.776999950,0.381655455,0.000000000,-0.000000004,0.000000000,AERIAL
2.778000116,0.381395578,-0.000000000,-0.000000004,3.427800179,AERIAL
2.779000044,0.381125927,0.000000000,0.000000007,0.000000000,AERIAL
2.779999971,0.380846471,0.000000000,-0.000000004,0.000000000,AERIAL
2.780999899,0.380557209,-0.000000000,-0.000000004,3.427800179,AERIAL
2.782000065,0.380258143,0.000000000,0.000000007,0.000000000,AERIAL
2.782999992,0.379949272,0.000000000,-0.000000004,0.000000000,AERIAL
2.783999920,0.379630595,-0.000000000,-0.000000004,3.427800179,AERIAL
2.785000086,0.379302144,0.000000000,0.000000007,0.000000000,AERIAL
2.786000013,0.378963888,0.000000000,-0.000000004,0.000000000,AERIAL
2.786999941,0.378615826,-0.000000000,-0.000000004,3.427800179,AERIAL
2.788000107,0.378257960,0.000000000,0.000000007,0.000000000,AERIAL
2.789000034,0.377890289,0.000000000,-0.000000004,0.000000000,AERIAL
2.789999962,0.377512842,-0.000000000,-0.000000004,3.427800179,AERIAL
2.790999889,0.377125561,0.000000000,0.000000007,0.000000000,AERIAL
2.792000055,0.376728505,0.000000000,-0.000000004,0.000000000,AERIAL
2.792999983,0.376321644,-0.000000000,-0.000000004,3.427800179,AERIAL
2.793999910,0.375904977,0.000000000,0.000000007,0.000000000,AERIAL
2.795000076,0.375478506,0.000000000,-0.000000004,0.000000000,AERIAL
2.796000004,0.375042260,-0.000000000,-0.000000004,3.427800179,AERIAL
2.796999931,0.374596208,0.000000000,0.000000007,0.000000000,AERIAL
2.798000097,0.374140322,0.000000000,-0.000000004,0.000000000,AERIAL
2.799000025,0.373674661,-0.000000000,-0.000000004,3.427800179,AERIAL
2.799999952,0.373199195,0.000000000,0.000000007,0.000000000,AERIAL
2.801000118,0.372713953,0.000000000,-0.000000004,0.000000000,AERIAL
2.802000046,0.372218877,-0.000000000,-0.000000004,3.427800179,AERIAL
2.802999973,0.371714026,0.000000000,0.000000007,0.000000000,AERIAL
2.803999901,0.371199369,0.000000000,-0.000000004,0.000000000,AERIAL
2.805000067,0.370674908,-0.000000000,-0.000000004,3.427800179,AERIAL
2.805999994,0.370140642,0.000000000,0.000000007,0.000000000,AERIAL
2.806999922,0.369596571,0.000000000,-0.000000004,0.000000000,AERIAL
2.808000088,0.369042695,-0.000000000,-0.000000004,3.427800179,AERIAL
2.809000015,0.368479043,0.000000000,0.000000007,0.000000000,AERIAL
2.809999943,0.367905587,0.000000000,-0.000000004,0.000000000,AERIAL
2.811000109,0.367322326,-0.000000000,-0.000000004,3.427800179,AERIAL
2.812000036,0.366729259,0.000000000,0.000000007,0.000000000,AERIAL
2.812999964,0.366126388,0.000000000,-0.000000004,0.000000000,AERIAL
2.813999891,0.365513742,-0.000000000,-0.000000004,3.427800179,AERIAL
2.815000057,0.364891261,0.000000000,0.000000007,0.000000000,AERIAL
2.815999985,0.364259005,0.000000000,-0.000000004,0.000000000,AERIAL
2.816999912,0.363616943,-0.000000000,-0.000000004,3.427800179,AERIAL
2.818000078,0.362965077,0.000000000,0.000000007,0.000000000,AERIAL
2.819000006,0.362303436,0.000000000,-0.000000004,0.000000000,AERIAL
2.819999933,0.361631960,-0.000000000,-0.000000004,3.427800179,AERIAL
2.821000099,0.360950708,0.000000000,0.000000007,0.000000000,AERIAL
2.822000027,0.360259622,0.000000000,-0.000000004,0.000000000,AERIAL
2.822999954,0.359558761,-0.000000000,-0.000000004,3.427800179,AERIAL
2.823999882,0.358848095,0.000000000,0.000000007,0.000000000,AERIAL
2.825000048,0.358127654,0.000000000,-0.000000004,0.000000000,AERIAL
2.825999975,0.357397377,-0.000000000,-0.000000004,3.427800179,AERIAL
2.826999903,0.356657326,0.000000000,0.000000007,0.000000000,AERIAL
2.828000069,0.355907470,0.000000000,-0.000000004,0.000000000,AERIAL
2.828999996,0.355147809,-0.000000000,-0.000000004,3.427800179,AERIAL
2.829999924,0.354378343,0.000000000,0.000000007,0.000000000,AERIAL
2.831000090,0.353599072,0.000000000,-0.000000004,0.000000000,AERIAL
2.832000017,0.352809995,-0.000000000,-0.000000004,3.427800179,AERIAL
2.832999945,0.352011144,0.000000000,0.000000007,0.000000000,AERIAL
2.834000111,0.351202488,0.000000000,-0.000000004,0.000000000,AERIAL
2.835000038,0.350384027,-0.000000000,-0.000000004,3.427800179,AERIAL
2.835999966,0.349555761,0.000000000,0.000000007,0.000000000,AERIAL
2.836999893,0.348717690,0.000000000,-0.000000004,0.000000000,AERIAL
2.838000059,0.347869843,-0.000000000,-0.000000004,3.427800179,AERIAL
2.838999987,0.347012162,0.000000000,0.000000007,0.000000000,AERIAL
2.839999914,0.346144706,0.000000000,-0.000000004,0.000000000,AERIAL
2.841000080,0.345267445,-0.000000000,-0.000000004,3.427800179,AERIAL
2.842000008,0.344380379,0.000000000,0.000000007,0.000000000,AERIAL
2.842999935,0.343483508,0.000000000,-0.000000004,0.000000000,AERIAL
2.844000101,0.342576861,-0.000000000,-0.000000004,3.427800179,AERIAL
2.845000029,0.341660410,0.000000000,0.000000007,0.000000000,AERIAL
2.845999956,0.340734124,0.000000000,-0.000000004,0.000000000,AERIAL
2.846999884,0.339798063,-0.000000000,-0.000000004,3.427800179,AERIAL
2.848000050,0.338852197,0.000000000,0.000000007,0.000000000,AERIAL
2.848999977,0.337896556,0.000000000,-0.000000004,0.000000000,AERIAL
2.849999905,0.336931080,-0.000000000,-0.000000004,3.427800179,AERIAL
2.851000071,0.335955828,0.000000000,0.000000007,0.000000000,AERIAL
2.851999998,0.334970772,0.000000000,-0.000000004,0.000000000,AERIAL
2.852999926,0.333975911,-0.000000000,-0.000000004,3.427800179,AERIAL
2.854000092,0.332971245,0.000000000,0.000000007,0.000000000,AERIAL
2.855000019,0.331956774,0.000000000,-0.000000004,0.000000000,AERIAL
2.855999947,0.330932498,-0.000000000,-0.000000004,3.427800179,AERIAL
2.857000113,0.329898447,0.000000000,0.000000007,0.000000000,AERIAL
2.858000040,0.328854591,0.000000000,-0.000000004,0.000000000,AERIAL
2.858999968,0.327800930,-0.000000000,-0.000000004,3.427800179,AERIAL
2.859999895,0.326737463,0.000000000,0.000000007,0.000000000,AERIAL
2.861000061,0.325664192,0.000000000,-0.000000004,0.000000000,AERIAL
2.861999989,0.324581146,-0.000000000,-0.000000004,3.427800179,AERIAL
2.862999916,0.323488265,0.000000000,0.000000007,0.000000000,AERIAL
2.864000082,0.322385609,0.000000000,-0.000000004,0.000000000,AERIAL
2.865000010,0.321273148,-0.000000000,-0.000000004,3.427800179,AERIAL
2.865999937,0.320150882,0.000000000,0.000000007,0.000000000,AERIAL
2.867000103,0.319018811,0.000000000,-0.000000004,0.000000000,AERIAL
2.868000031,0.317876965,-0.000000000,-0.000000004,3.427800179,AERIAL
2.868999958,0.316725284,0.000000000,0.000000007,0.000000000,AERIAL
2.869999886,0.315563828,0.000000000,-0.000000004,0.000000000,AERIAL
2.871000051,0.314392567,-0.000000000,-0.000000004,3.427800179,AERIAL
2.871999979,0.313211501,0.000000000,0.000000007,0.000000000,AERIAL
2.872999907,0.312020659,0.000000000,-0.000000004,0.000000000,AERIAL
2.874000072,0.310819983,-0.000000000,-0.000000004,3.427800179,AERIAL
2.875000000,0.309609532,0.000000000,0.000000007,0.000000000,AERIAL
2.875999928,0.308389246,0.000000000,-0.000000004,0.000000000,AERIAL
2.877000093,0.307159185,-0.000000000,-0.000000004,3.427800179,AERIAL
2.878000021,0.305919349,0.000000000,0.000000007,0.000000000,AERIAL
2.878999949,0.304669678,0.000000000,-0.000000004,0.000000000,AERIAL
2.880000114,0.303410202,-0.000000000,-0.000000004,3.427800179,AERIAL
2.881000042,0.302140951,0.000000000,0.000000007,0.000000000,AERIAL
2.881999969,0.300861895,0.000000000,-0.000000004,0.000000000,AERIAL
2.882999897,0.299573034,-0.000000000,-0.000000004,3.427800179,AERIAL
2.884000063,0.298274368,0.000000000,0.000000007,0.000000000,AERIAL
2.884999990,0.296965897,0.000000000,-0.000000004,0.000000000,AERIAL
2.885999918,0.295647651,-0.000000000,-0.000000004,3.427800179,AERIAL
2.887000084,0.294319570,0.000000000,0.000000007,0.000000000,AERIAL
2.888000011,0.292981714,0.000000000,-0.000000004,0.000000000,AERIAL
2.888999939,0.291634053,-0.000000000,-0.000000004,3.427800179,AERIAL
2.890000105,0.290276587,0.000000000,0.000000007,0.000000000,AERIAL
2.891000032,0.288909316,0.000000000,-0.000000004,0.000000000,AERIAL
2.891999960,0.287532270,-0.000000000,-0.000000004,3.427800179,AERIAL
2.892999887,0.286145389,0.000000000,0.000000007,0.000000000,AERIAL
2.894000053,0.284748733,0.000000000,-0.000000004,0.000000000,AERIAL
2.894999981,0.283342272,-0.000000000,-0.000000004,3.427800179,AERIAL
2.895999908,0.281926006,0.000000000,0.000000007,0.000000000,AERIAL
2.897000074,0.280499935,0.000000000,-0.000000004,0.000000000,AERIAL
2.898000002,0.279064089,-0.000000000,-0.000000004,3.427800179,AERIAL
2.898999929,0.277618438,0.000000000,0.000000007,0.000000000,AERIAL
2.900000095,0.276162952,0.000000000,-0.000000004,0.000000000,AERIAL
2.901000023,0.274697691,-0.000000000,-0.000000004,3.427800179,AERIAL
2.901999950,0.273222625,0.000000000,0.000000007,0.000000000,AERIAL
2.903000116,0.271737784,0.000000000,-0.000000004,0.000000000,AERIAL
2.904000044,0.270243108,-0.000000000,-0.000000004,3.427800179,AERIAL
2.904999971,0.268738657,0.000000000,0.000000007,0.000000000,AERIAL
2.905999899,0.267224401,0.000000000,-0.000000004,0.000000000,AERIAL
2.907000065,0.265700310,-0.000000000,-0.000000004,3.427800179,AERIAL
2.907999992,0.264166474,0.000000000,0.000000007,0.000000000,AERIAL
2.908999920,0.262622803,0.000000000,-0.000000004,0.000000000,AERIAL
2.910000086,0.261069328,-0.000000000,-0.000000004,3.427800179,AERIAL
2.911000013,0.259506077,0.000000000,0.000000007,0.000000000,AERIAL
2.911999941,0.257933021,0.000000000,-0.000000004,0.000000000,AERIAL
2.913000107,0.256350160,-0.000000000,-0.000000004,3.427800179,AERIAL
2.914000034,0.254757494,0.000000000,0.000000007,0.000000000,AERIAL
2.914999962,0.253155023,0.000000000,-0.000000004,0.000000000,AERIAL
2.915999889,0.251542777,-0.000000000,-0.000000004,3.427800179,AERIAL
2.917000055,0.249920696,0.000000000,0.000000007,0.000000000,AERIAL
2.917999983,0.248288840,0.000000000,-0.000000004,0.000000000,AERIAL
2.918999910,0.246647179,-0.000000000,-0.000000004,3.427800179,AERIAL
2.920000076,0.244995713,0.000000000,0.000000007,0.000000000,AERIAL
2.921000004,0.243334457,0.000000000,-0.000000004,0.000000000,AERIAL
2.921999931,0.241663381,-0.000000000,-0.000000004,3.427800179,AERIAL
2.923000097,0.239982530,0.000000000,0.000000007,0.000000000,AERIAL
2.924000025,0.238291860,0.000000000,-0.000000004,0.000000000,AERIAL
2.924999952,0.236591399,-0.000000000,-0.000000004,3.427800179,AERIAL
2.926000118,0.234881133,0.000000000,0.000000007,0.000000000,AERIAL
2.927000046,0.233161077,0.000000000,-0.000000004,0.000000000,AERIAL
2.927999973,0.231431216,-0.000000000,-0.000000004,3.427800179,AERIAL
2.928999901,0.229691550,0.000000000,0.000000007,0.000000000,AERIAL
2.930000067,0.227942094,0.000000000,-0.000000004,0.000000000,AERIAL
2.930999994,0.226182818,-0.000000000,-0.000000004,3.427800179,AERIAL
2.931999922,0.224413767,0.000000000,0.000000007,0.000000000,AERIAL
2.933000088,0.222634897,0.000000000,-0.000000004,0.000000000,AERIAL
2.934000015,0.220846236,-0.000000000,-0.000000004,3.427800179,AERIAL
2.934999943,0.219047770,0.000000000,0.000000007,0.000000000,AERIAL
2.936000109,0.217239514,0.000000000,-0.000000004,0.000000000,AERIAL
2.937000036,0.215421453,-0.000000000,-0.000000004,3.427800179,AERIAL
2.937999964,0.213593587,0.000000000,0.000000007,0.000000000,AERIAL
2.938999891,0.211755931,0.000000000,-0.000000004,0.000000000,AERIAL
2.940000057,0.209908471,-0.000000000,-0.000000004,3.427800179,AERIAL
2.940999985,0.208051205,0.000000000,0.000000007,0.000000000,AERIAL
2.941999912,0.206184134,0.000000000,-0.000000004,0.000000000,AERIAL
2.943000078,0.204307273,-0.000000000,-0.000000004,3.427800179,AERIAL
2.944000006,0.202420607,0.000000000,0.000000007,0.000000000,AERIAL
2.944999933,0.200524151,0.000000000,-0.000000004,0.000000000,AERIAL
2.946000099,0.198617890,-0.000000000,-0.000000004,3.427800179,AERIAL
2.947000027,0.196701825,0.000000000,0.000000007,0.000000000,AERIAL
2.947999954,0.194775969,0.000000000,-0.000000004,0.000000000,AERIAL
2.948999882,0.192840308,-0.000000000,-0.000000004,3.427800179,AERIAL
2.950000048,0.190894842,0.000000000,0.000000007,0.000000000,AERIAL
2.950999975,0.188939571,0.000000000,-0.000000004,0.000000000,AERIAL
2.951999903,0.186974511,-0.000000000,-0.000000004,3.427800179,AERIAL
2.953000069,0.184999645,0.000000000,0.000000007,0.000000000,AERIAL
2.953999996,0.183014989,0.000000000,-0.000000004,0.000000000,AERIAL
2.954999924,0.181020528,-0.000000000,-0.000000004,3.427800179,AERIAL
2.956000090,0.179016262,0.000000000,0.000000007,0.000000000,AERIAL
2.957000017,0.177002206,0.000000000,-0.000000004,0.000000000,AERIAL
2.957999945,0.174978346,-0.000000000,-0.000000004,3.427800179,AERIAL
2.959000111,0.172944680,0.000000000,0.000000007,0.000000000,AERIAL
2.960000038,0.170901209,0.000000000,-0.000000004,0.000000000,AERIAL
2.960999966,0.168847948,-0.000000000,-0.000000004,3.427800179,AERIAL
2.961999893,0.166784883,0.000000000,0.000000007,0.000000000,AERIAL
2.963000059,0.164712027,0.000000000,-0.000000004,0.000000000,AERIAL
2.963999987,0.162629366,-0.000000000,-0.000000004,3.427800179,AERIAL
2.964999914,0.160536900,0.000000000,0.000000007,0.000000000,AERIAL
2.966000080,0.158434644,0.000000000,-0.000000004,0.000000000,AERIAL
2.967000008,0.156322584,-0.000000000,-0.000000004,3.427800179,AERIAL
2.967999935,0.154200718,0.000000000,0.000000007,0.000000000,AERIAL
2.969000101,0.152069047,0.000000000,-0.000000004,0.000000000,AERIAL
2.970000029,0.149927586,-0.000000000,-0.000000004,3.427800179,AERIAL
2.970999956,0.147776321,0.000000000,0.000000007,0.000000000,AERIAL
2.971999884,0.145615265,0.000000000,-0.000000004,0.000000000,AERIAL
2.973000050,0.143444404,-0.000000000,-0.000000004,3.427800179,AERIAL
2.973999977,0.141263738,0.000000000,0.000000007,0.000000000,AERIAL
2.974999905,0.139073282,0.000000000,-0.000000004,0.000000000,AERIAL
2.976000071,0.136873022,-0.000000000,-0.000000004,3.427800179,AERIAL
2.976999998,0.134662956,0.000000000,0.000000007,0.000000000,AERIAL
2.977999926,0.132443085,0.000000000,-0.000000004,0.000000000,AERIAL
2.979000092,0.130213425,-0.000000000,-0.000000004,3.427800179,AERIAL
2.980000019,0.127973959,0.000000000,0.000000007,0.000000000,AERIAL
2.980999947,0.125724703,0.000000000,-0.000000004,0.000000000,AERIAL
2.982000113,0.123465642,-0.000000000,-0.000000004,3.427800179,AERIAL
2.983000040,0.121196777,0.000000000,0.000000007,0.000000000,AERIAL
2.983999968,0.118918113,0.000000000,-0.000000004,0.000000000,AERIAL
2.984999895,0.116629653,-0.000000000,-0.000000004,3.427800179,AERIAL
2.986000061,0.114331387,0.000000000,0.000000007,0.000000000,AERIAL
2.986999989,0.112023324,0.000000000,-0.000000004,0.000000000,AERIAL
2.987999916,0.109705463,-0.000000000,-0.000000004,3.427800179,AERIAL
2.989000082,0.107377805,0.000000000,0.000000007,0.000000000,AERIAL
2.990000010,0.105040342,0.000000000,-0.000000004,0.000000000,AERIAL
2.990999937,0.102693081,-0.000000000,-0.000000004,3.427800179,AERIAL
2.992000103,0.100336015,0.000000000,0.000000007,0.000000000,AERIAL
2.993000031,0.097969152,0.000000000,-0.000000004,0.000000000,AERIAL
2.993999958,0.095592491,-0.000000000,-0.000000004,3.427800179,AERIAL
2.994999886,0.093206026,0.000000000,0.000000007,0.000000000,AERIAL
2.996000051,0.090809762,0.000000000,-0.000000004,0.000000000,AERIAL
2.996999979,0.088403702,-0.000000000,-0.000000004,3.427800179,AERIAL
2.997999907,0.085987844,0.000000000,0.000000007,0.000000000,AERIAL
2.999000072,0.083562180,0.000000000,-0.000000004,0.000000000,AERIAL
3.000000000,0.081126712,-0.000000000,-0.000000004,3.427800179,AERIAL
3.000999928,0.078681454,0.000000000,0.000000007,0.000000000,AERIAL
3.002000093,0.076226391,0.000000000,-0.000000004,0.000000000,AERIAL
3.003000021,0.073761530,-0.000000000,-0.000000004,3.427800179,AERIAL
3.003999949,0.071286865,0.000000000,0.000000007,0.000000000,AERIAL
3.005000114,0.068802401,0.000000000,-0.000000004,0.000000000,AERIAL
3.006000042,0.066308141,-0.000000000,-0.000000004,3.427800179,AERIAL
3.006999969,0.063804075,0.000000000,0.000000007,0.000000000,AERIAL
3.007999897,0.061290216,0.000000000,-0.000000004,0.000000000,AERIAL
3.009000063,0.058766551,-0.000000000,-0.000000004,3.427800179,AERIAL
3.009999990,0.056233089,0.000000000,0.000000007,0.000000000,AERIAL
3.010999918,0.053689830,0.000000000,-0.000000004,0.000000000,AERIAL
3.012000084,0.051136766,-0.000000000,-0.000000004,3.427800179,AERIAL
3.013000011,0.048573904,0.000000000,0.000000007,0.000000000,AERIAL
3.013999939,0.046001241,0.000000000,-0.000000004,0.000000000,AERIAL
3.015000105,0.043418780,-0.000000000,-0.000000004,3.427800179,AERIAL
3.016000032,0.040826514,0.000000000,0.000000007,0.000000000,AERIAL
3.016999960,0.038224455,0.000000000,-0.000000004,0.000000000,AERIAL
3.017999887,0.035612591,-0.000000000,-0.000000004,3.427800179,AERIAL
3.019000053,0.032990929,0.000000000,0.000000007,0.000000000,AERIAL
3.019999981,0.030359466,0.000000000,-0.000000004,0.000000000,AERIAL
3.020999908,0.027718203,-0.000000000,-0.000000004,3.427800179,LANDING
3.022000074,0.025067141,0.000000000,0.000000007,0.000000000,LANDING
3.023000002,0.022406278,0.000000000,-0.000000004,0.000000000,LANDING
3.023999929,0.019735616,-0.000000000,-0.000000004,3.427800179,LANDING
3.025000095,0.017055154,0.000000000,0.000000007,0.000000000,LANDING
3.026000023,0.014364892,0.000000000,-0.000000004,0.000000000,LANDING
3.026999950,0.011664829,-0.000000000,-0.000000004,3.427800179,LANDING
3.028000116,0.008954966,0.000000000,0.000000007,0.000000000,LANDING
3.029000044,0.006235304,0.000000000,-0.000000004,0.000000000,LANDING
3.029999971,0.003505841,-0.000000000,-0.000000004,3.427800179,LANDING
3.030999899,0.003506780,-0.002638787,-2.638786554,4.328908920,SUPPORT
3.032000065,0.003507736,-0.005159317,-2.520530701,4.767481327,SUPPORT
3.032999992,0.003508689,-0.007548594,-2.389276505,5.183215141,SUPPORT
3.033999920,0.003509637,-0.009794316,-2.245722771,5.573971272,SUPPORT
3.035000086,0.003510581,-0.011884925,-2.090608597,5.937736988,SUPPORT
3.036000013,0.003511521,-0.013809658,-1.924732208,6.272640228,SUPPORT
3.036999941,0.003512458,-0.015558605,-1.748947740,6.576957226,SUPPORT
3.038000107,0.003513393,-0.017122766,-1.564160228,6.849121094,SUPPORT
3.039000034,0.003514324,-0.018494086,-1.371320724,7.087730885,SUPPORT
3.039999962,0.003515253,-0.019665508,-1.171422124,7.291558266,SUPPORT
3.040999889,0.003516180,-0.020631002,-0.965493560,7.459554195,SUPPORT
3.042000055,0.003517105,-0.021385597,-0.754594982,7.590853691,SUPPORT
3.042999983,0.003518029,-0.021925408,-0.539812207,7.684781075,SUPPORT
3.043999910,0.003518952,-0.022247659,-0.322250873,7.740852833,SUPPORT
3.045000076,0.003519875,-0.022350691,-0.103031009,7.758750439,SUPPORT
3.046000004,0.003520797,-0.022233972,0.116718009,6.854558945,SUPPORT
3.046999931,0.003521729,-0.021924267,0.309706569,6.800662518,SUPPORT
3.048000097,0.003522660,-0.021423157,0.501109064,6.713469505,SUPPORT
3.049000025,0.003523593,-0.020733226,0.689931512,6.593421459,SUPPORT
3.049999952,0.003524527,-0.019858023,0.875201941,6.441135883,SUPPORT
3.051000118,0.003525463,-0.018802056,1.055966616,6.257398129,SUPPORT
3.052000046,0.003526400,-0.017570762,1.231294870,6.043152809,SUPPORT
3.052999973,0.003527340,-0.016170477,1.400284290,5.799503326,SUPPORT
3.053999901,0.003528281,-0.014608413,1.562064767,5.527703762,SUPPORT
3.055000067,0.003529226,-0.012892609,1.715803504,5.229154110,SUPPORT
3.055999994,0.003530174,-0.011031901,1.860709310,4.905390739,SUPPORT
3.056999922,0.003531124,-0.009035865,1.996035933,4.558080196,SUPPORT
3.058000088,0.003532079,-0.006914778,2.121086836,4.189011097,SUPPORT
3.059000015,0.003533037,-0.004679559,2.235218525,3.800083160,SUPPORT
3.059999943,0.003533999,-0.002341716,2.337843180,3.393298626,SUPPORT
3.061000109,0.003534994,0.000000000,2.341716051,0.000000000,TAKEOFF
3.062000036,0.005800615,0.000000000,-0.000000001,0.000000000,TAKEOFF
3.062999964,0.008056435,0.000000000,-0.000000002,0.000000000,TAKEOFF
3.063999891,0.010302456,-0.000000000,-0.000000002,3.427799940,TAKEOFF
3.065000057,0.012538676,0.000000000,0.000000006,0.000000000,TAKEOFF
3.065999985,0.014765097,0.000000000,-0.000000004,0.000000000,TAKEOFF
3.066999912,0.016981717,-0.000000000,-0.000000004,3.427800179,TAKEOFF
3.068000078,0.019188538,0.000000000,0.000000007,0.000000000,TAKEOFF
3.069000006,0.021385558,0.000000000,-0.000000004,0.000000000,TAKEOFF
3.069999933,0.023572778,-0.000000000,-0.000000004,3.427800179,TAKEOFF
3.071000099,0.025750199,0.000000000,0.000000007,0.000000000,TAKEOFF
3.072000027,0.027917821,0.000000000,-0.000000004,0.000000000,TAKEOFF
3.072999954,0.030075641,-0.000000000,-0.000000004,3.427800179,AERIAL
3.073999882,0.032223660,0.000000000,0.000000007,0.000000000,AERIAL
3.075000048,0.034361884,0.000000000,-0.000000004,0.000000000,AERIAL
3.075999975,0.036490303,-0.000000000,-0.000000004,3.427800179,AERIAL
3.076999903,0.038608924,0.000000000,0.000000007,0.000000000,AERIAL
3.078000069,0.040717743,0.000000000,-0.000000004,0.000000000,AERIAL
3.078999996,0.042816766,-0.000000000,-0.000000004,3.427800179,AERIAL
3.079999924,0.044905987,0.000000000,0.000000007,0.000000000,AERIAL
3.081000090,0.046985406,0.000000000,-0.000000004,0.000000000,AERIAL
3.082000017,0.049055025,-0.000000000,-0.000000004,3.427800179,AERIAL
3.082999945,0.051114846,0.000000000,0.000000007,0.000000000,AERIAL
3.084000111,0.053164866,0.000000000,-0.000000004,0.000000000,AERIAL
3.085000038,0.055205088,-0.000000000,-0.000000004,3.427800179,AERIAL
3.085999966,0.057235509,0.000000000,0.000000007,0.000000000,AERIAL
3.086999893,0.059256129,0.000000000,-0.000000004,0.000000000,AERIAL
3.088000059,0.061266951,-0.000000000,-0.000000004,3.427800179,AERIAL
3.088999987,0.063267969,0.000000000,0.000000007,0.000000000,AERIAL
3.089999914,0.065259188,0.000000000,-0.000000004,0.000000000,AERIAL
3.091000080,0.067240611,-0.000000000,-0.000000004,3.427800179,AERIAL
3.092000008,0.069212236,0.000000000,0.000000007,0.000000000,AERIAL
3.092999935,0.071174055,0.000000000,-0.000000004,0.000000000,AERIAL
3.094000101,0.073126070,-0.000000000,-0.000000004,3.427800179,AERIAL
3.095000029,0.075068295,0.000000000,0.000000007,0.000000000,AERIAL
3.095999956,0.077000715,0.000000000,-0.000000004,0.000000000,AERIAL
3.096999884,0.078923337,-0.000000000,-0.000000004,3.427800179,AERIAL
3.098000050,0.080836155,0.000000000,0.000000007,0.000000000,AERIAL
3.098999977,0.082739174,0.000000000,-0.000000004,0.000000000,AERIAL
3.099999905,0.084632397,-0.000000000,-0.000000004,3.427800179,AERIAL
3.101000071,0.086515814,0.000000000,0.000000007,0.000000000,AERIAL
3.101999998,0.088389441,0.000000000,-0.000000004,0.000000000,AERIAL
3.102999926,0.090253256,-0.000000000,-0.000000004,3.427800179,AERIAL
3.104000092,0.092107281,0.000000000,0.000000007,0.000000000,AERIAL
3.105000019,0.093951501,0.000000000,-0.000000004,0.000000000,AERIAL
3.105999947,0.095785923,-0.000000000,-0.000000004,3.427800179,AERIAL
3.107000113,0.097610541,0.000000000,0.000000007,0.000000000,AERIAL
3.108000040,0.099425361,0.000000000,-0.000000004,0.000000000,AERIAL
3.108999968,0.101230383,-0.000000000,-0.000000004,3.427800179,AERIAL
3.109999895,0.103025600,0.000000000,0.000000007,0.000000000,AERIAL
3.111000061,0.104811020,0.000000000,-0.000000004,0.000000000,AERIAL
3.111999989,0.106586643,-0.000000000,-0.000000004,3.427800179,AERIAL
3.112999916,0.108352467,0.000000000,0.000000007,0.000000000,AERIAL
3.114000082,0.110108487,0.000000000,-0.000000004,0.000000000,AERIAL
3.115000010,0.111854702,-0.000000000,-0.000000004,3.427800179,AERIAL
3.115999937,0.113591127,0.000000000,0.000000007,0.000000000,AERIAL
3.117000103,0.115317747,0.000000000,-0.000000004,0.000000000,AERIAL
3.118000031,0.117034569,-0.000000000,-0.000000004,3.427800179,AERIAL
3.118999958,0.118741587,0.000000000,0.000000007,0.000000000,AERIAL
3.119999886,0.120438807,0.000000000,-0.000000004,0.000000000,AERIAL
3.121000051,0.122126229,-0.000000000,-0.000000004,3.427800179,AERIAL
3.121999979,0.123803847,0.000000000,0.000000007,0.000000000,AERIAL
3.122999907,0.125471666,0.000000000,-0.000000004,0.000000000,AERIAL
3.124000072,0.127129689,-0.000000000,-0.000000004,3.427800179,AERIAL
3.125000000,0.128777906,0.000000000,0.000000007,0.000000000,AERIAL
3.125999928,0.130416334,0.000000000,-0.000000004,0.000000000,AERIAL
3.127000093,0.132044956,-0.000000000,-0.000000004,3.427800179,AERIAL
3.128000021,0.133663774,0.000000000,0.000000007,0.000000000,AERIAL
3.128999949,0.135272801,0.000000000,-0.000000004,0.000000000,AERIAL
3.130000114,0.136872008,-0.000000000,-0.000000004,3.427800179,AERIAL
3.131000042,0.138461441,0.000000000,0.000000007,0.000000000,AERIAL
3.131999969,0.140041053,0.000000000,-0.000000004,0.000000000,AERIAL
3.132999897,0.141610876,-0.000000000,-0.000000004,3.427800179,AERIAL
3.134000063,0.143170893,0.000000000,0.000000007,0.000000000,AERIAL
3.134999990,0.144721121,0.000000000,-0.000000004,0.000000000,AERIAL
3.135999918,0.146261543,-0.000000000,-0.000000004,3.427800179,AERIAL
3.137000084,0.147792161,0.000000000,0.000000007,0.000000000,AERIAL
3.138000011,0.149312973,0.000000000,-0.000000004,0.000000000,AERIAL
3.138999939,0.150823995,-0.000000000,-0.000000004,3.427800179,AERIAL
3.140000105,0.152325213,0.000000000,0.000000007,0.000000000,AERIAL
3.141000032,0.153816640,0.000000000,-0.000000004,0.000000000,AERIAL
3.141999960,0.155298263,-0.000000000,-0.000000004,3.427800179,AERIAL
3.142999887,0.156770080,0.000000000,0.000000007,0.000000000,AERIAL
3.144000053,0.158232108,0.000000000,-0.000000004,0.000000000,AERIAL
3.144999981,0.159684330,-0.000000000,-0.000000004,3.427800179,AERIAL
3.145999908,0.161126748,0.000000000,0.000000007,0.000000000,AERIAL
3.147000074,0.162559360,0.000000000,-0.000000004,0.000000000,AERIAL
3.148000002,0.163982183,-0.000000000,-0.000000004,3.427800179,AERIAL
3.148999929,0.165395200,0.000000000,0.000000007,0.000000000,AERIAL
3.150000095,0.166798428,0.000000000,-0.000000004,0.000000000,AERIAL
3.151000023,0.168191850,-0.000000000,-0.000000004,3.427800179,AERIAL
3.151999950,0.169575468,0.000000000,0.000000007,0.000000000,AERIAL
3.153000116,0.170949295,0.000000000,-0.000000004,0.000000000,AERIAL
3.154000044,0.172313303,-0.000000000,-0.000000004,3.427800179,AERIAL
3.154999971,0.173667535,0.000000000,0.000000007,0.000000000,AERIAL
3.155999899,0.175011948,0.000000000,-0.000000004,0.000000000,AERIAL
3.157000065,0.176346570,-0.000000000,-0.000000004,3.427800179,AERIAL
3.157999992,0.177671388,0.000000000,0.000000007,0.000000000,AERIAL
3.158999920,0.178986415,0.000000000,-0.000000004,0.000000000,AERIAL
3.160000086,0.180291638,-0.000000000,-0.000000004,3.427800179,AERIAL
3.161000013,0.181587055,0.000000000,0.000000007,0.000000000,AERIAL
3.161999941,0.182872668,0.000000000,-0.000000004,0.000000000,AERIAL
3.163000107,0.184148490,-0.000000000,-0.000000004,3.427800179,AERIAL
3.164000034,0.185414508,0.000000000,0.000000007,0.000000000,AERIAL
3.164999962,0.186670735,0.000000000,-0.000000004,0.000000000,AERIAL
3.165999889,0.187917158,-0.000000000,-0.000000004,3.427800179,AERIAL
3.167000055,0.189153776,0.000000000,0.000000007,0.000000000,AERIAL
3.167999983,0.190380603,0.000000000,-0.000000004,0.000000000,AERIAL
3.168999910,0.191597611,-0.000000000,-0.000000004,3.427800179,AERIAL
3.170000076,0.192804843,0.000000000,0.000000007,0.000000000,AERIAL
3.171000004,0.194002256,0.000000000,-0.000000004,0.000000000,AERIAL
3.171999931,0.195189878,-0.000000000,-0.000000004,3.427800179,AERIAL
3.173000097,0.196367696,0.000000000,0.000000007,0.000000000,AERIAL
3.174000025,0.197535723,0.000000000,-0.000000004,0.000000000,AERIAL
3.174999952,0.198693946,-0.000000000,-0.000000004,3.427800179,AERIAL
3.176000118,0.199842364,0.000000000,0.000000007,0.000000000,AERIAL
3.177000046,0.200980976,0.000000000,-0.000000004,0.000000000,AERIAL
3.177999973,0.202109799,-0.000000000,-0.000000004,3.427800179,AERIAL
3.178999901,0.203228816,0.000000000,0.000000007,0.000000000,AERIAL
3.180000067,0.204338044,0.000000000,-0.000000004,0.000000000,AERIAL
3.180999994,0.205437467,-0.000000000,-0.000000004,3.427800179,AERIAL
3.181999922,0.206527084,0.000000000,0.000000007,0.000000000,AERIAL
3.183000088,0.207606912,0.000000000,-0.000000004,0.000000000,AERIAL
3.184000015,0.208676919,-0.000000000,-0.000000004,3.427800179,AERIAL
3.184999943,0.209737152,0.000000000,0.000000007,0.000000000,AERIAL
3.186000109,0.210787565,0.000000000,-0.000000004,0.000000000,AERIAL
3.187000036,0.211828187,-0.000000000,-0.000000004,3.427800179,AERIAL
3.187999964,0.212859005,0.000000000,0.000000007,0.000000000,AERIAL
3.188999891,0.213880032,0.000000000,-0.000000004,0.000000000,AERIAL
3.190000057,0.214891255,-0.000000000,-0.000000004,3.427800179,AERIAL
3.190999985,0.215892673,0.000000000,0.000000007,0.000000000,AERIAL
3.191999912,0.216884285,0.000000000,-0.000000004,0.000000000,AERIAL
3.193000078,0.217866108,-0.000000000,-0.000000004,3.427800179,AERIAL
3.194000006,0.218838125,0.000000000,0.000000007,0.000000000,AERIAL
3.194999933,0.219800353,0.000000000,-0.000000004,0.000000000,AERIAL
3.196000099,0.220752776,-0.000000000,-0.000000004,3.427800179,AERIAL
3.197000027,0.221695393,0.000000000,0.000000007,0.000000000,AERIAL
3.197999954,0.222628221,0.000000000,-0.000000004,0.000000000,AERIAL
3.198999882,0.223551229,-0.000000000,-0.000000004,3.427800179,AERIAL
3.200000048,0.224464461,0.000000000,0.000000007,0.000000000,AERIAL
3.200999975,0.225367874,0.000000000,-0.000000004,0.000000000,AERIAL
3.201999903,0.226261497,-0.000000000,-0.000000004,3.427800179,AERIAL
3.203000069,0.227145314,0.000000000,0.000000007,0.000000000,AERIAL
3.203999996,0.228019342,0.000000000,-0.000000004,0.000000000,AERIAL
3.204999924,0.228883564,-0.000000000,-0.000000004,3.427800179,AERIAL
3.206000090,0.229737982,0.000000000,0.000000007,0.000000000,AERIAL
3.207000017,0.230582595,0.000000000,-0.000000004,0.000000000,AERIAL
3.207999945,0.231417418,-0.000000000,-0.000000004,3.427800179,AERIAL
3.209000111,0.232242435,0.000000000,0.000000007,0.000000000,AERIAL
3.210000038,0.233057663,0.000000000,-0.000000004,0.000000000,AERIAL
3.210999966,0.233863086,-0.000000000,-0.000000004,3.427800179,AERIAL
3.211999893,0.234658703,0.000000000,0.000000007,0.000000000,AERIAL
3.213000059,0.235444516,0.000000000,-0.000000004,0.000000000,AERIAL
3.213999987,0.236220539,-0.000000000,-0.000000004,3.427800179,AERIAL
3.214999914,0.236986771,0.000000000,0.000000007,0.000000000,AERIAL
3.216000080,0.237743184,0.000000000,-0.000000004,0.000000000,AERIAL
3.217000008,0.238489807,-0.000000000,-0.000000004,3.427800179,AERIAL
3.217999935,0.239226624,0.000000000,0.000000007,0.000000000,AERIAL
3.219000101,0.239953652,0.000000000,-0.000000004,0.000000000,AERIAL
3.220000029,0.240670860,-0.000000000,-0.000000004,3.427800179,AERIAL
3.220999956,0.241378292,0.000000000,0.000000007,0.000000000,AERIAL
3.221999884,0.242075905,0.000000000,-0.000000004,0.000000000,AERIAL
3.223000050,0.242763728,-0.000000000,-0.000000004,3.427800179,AERIAL
3.223999977,0.243441746,0.000000000,0.000000007,0.000000000,AERIAL
3.224999905,0.244109973,0.000000000,-0.000000004,0.000000000,AERIAL
3.226000071,0.244768396,-0.000000000,-0.000000004,3.427800179,AERIAL
3.226999998,0.245417014,0.000000000,0.000000007,0.000000000,AERIAL
3.227999926,0.246055827,0.000000000,-0.000000004,0.000000000,AERIAL
3.229000092,0.246684849,-0.000000000,-0.000000004,3.427800179,AERIAL
3.230000019,0.247304067,0.000000000,0.000000007,0.000000000,AERIAL
3.230999947,0.247913495,0.000000000,-0.000000004,0.000000000,AERIAL
3.232000113,0.248513117,-0.000000000,-0.000000004,3.427800179,AERIAL
3.233000040,0.249102935,0.000000000,0.000000007,0.000000000,AERIAL
3.233999968,0.249682948,0.000000000,-0.000000004,0.000000000,AERIAL
3.234999895,0.250253171,-0.000000000,-0.000000004,3.427800179,AERIAL
3.236000061,0.250813603,0.000000000,0.000000007,0.000000000,AERIAL
3.236999989,0.251364231,0.000000000,-0.000000004,0.000000000,AERIAL
3.237999916,0.251905024,-0.000000000,-0.000000004,3.427800179,AERIAL
3.239000082,0.252436072,0.000000000,0.000000007,0.000000000,AERIAL
3.240000010,0.252957284,0.000000000,-0.000000004,0.000000000,AERIAL
3.240999937,0.253468692,-0.000000000,-0.000000004,3.427800179,AERIAL
3.242000103,0.253970325,0.000000000,0.000000007,0.000000000,AERIAL
3.243000031,0.254462153,0.000000000,-0.000000004,0.000000000,AERIAL
3.243999958,0.254944175,-0.000000000,-0.000000004,3.427800179,AERIAL
3.244999886,0.255416393,0.000000000,0.000000007,0.000000000,AERIAL
3.246000051,0.255878806,0.000000000,-0.000000004,0.000000000,AERIAL
3.246999979,0.256331414,-0.000000000,-0.000000004,3.427800179,AERIAL
3.247999907,0.256774247,0.000000000,0.000000007,0.000000000,AERIAL
3.249000072,0.257207274,0.000000000,-0.000000004,0.000000000,AERIAL
3.250000000,0.257630497,-0.000000000,-0.000000004,3.427800179,AERIAL
3.250999928,0.258043915,0.000000000,0.000000007,0.000000000,AERIAL
3.252000093,0.258447528,0.000000000,-0.000000004,0.000000000,AERIAL
3.253000021,0.258841336,-0.000000000,-0.000000004,3.427800179,AERIAL
3.253999949,0.259225368,0.000000000,0.000000007,0.000000000,AERIAL
3.255000114,0.259599596,0.000000000,-0.000000004,0.000000000,AERIAL
3.256000042,0.259964019,-0.000000000,-0.000000004,3.427800179,AERIAL
3.256999969,0.260318637,0.000000000,0.000000007,0.000000000,AERIAL
3.257999897,0.260663450,0.000000000,-0.000000004,0.000000000,AERIAL
3.259000063,0.260998458,-0.000000000,-0.000000004,3.427800179,AERIAL
3.259999990,0.261323690,0.000000000,0.000000007,0.000000000,AERIAL
3.260999918,0.261639118,0.000000000,-0.000000004,0.000000000,AERIAL
3.262000084,0.261944741,-0.000000000,-0.000000004,3.427800179,AERIAL
3.263000011,0.262240559,0.000000000,0.000000007,0.000000000,AERIAL
3.263999939,0.262526572,0.000000000,-0.000000004,0.000000000,AERIAL
3.265000105,0.262802780,-0.000000000,-0.000000004,3.427800179,AERIAL
3.266000032,0.263069212,0.000000000,0.000000007,0.000000000,AERIAL
3.266999960,0.263325840,0.000000000,-0.000000004,0.000000000,AERIAL
3.267999887,0.263572663,-0.000000000,-0.000000004,3.427800179,AERIAL
3.269000053,0.263809681,0.000000000,0.000000007,0.000000000,AERIAL
3.269999981,0.264036894,0.000000000,-0.000000004,0.000000000,AERIAL
3.270999908,0.264254332,-0.000000000,-0.000000004,3.427800179,AERIAL
3.272000074,0.264461935,0.000000000,0.000000007,0.000000000,AERIAL
3.273000002,0.264659762,0.000000000,-0.000000004,0.000000000,AERIAL
3.273999929,0.264847785,-0.000000000,-0.000000004,3.427800179,AERIAL
3.275000095,0.265026003,0.000000000,0.000000007,0.000000000,AERIAL
3.276000023,0.265194416,0.000000000,-0.000000004,0.000000000,AERIAL
3.276999950,0.265353054,-0.000000000,-0.000000004,3.427800179,AERIAL
3.278000116,0.265501857,0.000000000,0.000000007,0.000000000,AERIAL
3.279000044,0.265640885,0.000000000,-0.000000004,0.000000000,AERIAL
3.279999971,0.265770108,-0.000000000,-0.000000004,3.427800179,AERIAL
3.280999899,0.265889525,0.000000000,0.000000007,0.000000000,AERIAL
3.282000065,0.265999138,0.000000000,-0.000000004,0.000000000,AERIAL
3.282999992,0.266098976,-0.000000000,-0.000000004,3.427800179,AERIAL
3.283999920,0.266188979,0.000000000,0.000000007,0.000000000,AERIAL
3.285000086,0.266269207,0.000000000,-0.000000004,0.000000000,AERIAL
3.286000013,0.266339630,-0.000000000,-0.000000004,3.427800179,AERIAL
3.286999941,0.266400248,0.000000000,0.000000007,0.000000000,AERIAL
3.288000107,0.266451061,0.000000000,-0.000000004,0.000000000,AERIAL
3.289000034,0.266492099,-0.000000000,-0.000000004,3.427800179,AERIAL
3.289999962,0.266523302,0.000000000,0.000000007,0.000000000,AERIAL
3.290999889,0.266544729,0.000000000,-0.000000004,0.000000000,AERIAL
3.292000055,0.266556352,-0.000000000,-0.000000004,3.427800179,AERIAL
3.292999983,0.266558170,0.000000000,0.000000007,0.000000000,AERIAL
3.293999910,0.266550183,0.000000000,-0.000000004,0.000000000,AERIAL
3.295000076,0.266532421,-0.000000000,-0.000000004,3.427800179,AERIAL
3.296000004,0.266504824,0.000000000,0.000000007,0.000000000,AERIAL
3.296999931,0.266467452,0.000000000,-0.000000004,0.000000000,AERIAL
3.298000097,0.266420275,-0.000000000,-0.000000004,3.427800179,AERIAL
3.299000025,0.266363293,0.000000000,0.000000007,0.000000000,AERIAL
3.299999952,0.266296506,0.000000000,-0.000000004,0.000000000,AERIAL
3.301000118,0.266219944,-0.000000000,-0.000000004,3.427800179,AERIAL
3.302000046,0.266133547,0.000000000,0.000000007,0.000000000,AERIAL
3.302999973,0.266037375,0.000000000,-0.000000004,0.000000000,AERIAL
3.303999901,0.265931398,-0.000000000,-0.000000004,3.427800179,AERIAL
3.305000067,0.265815616,0.000000000,0.000000007,0.000000000,AERIAL
3.305999994,0.265690029,0.000000000,-0.000000004,0.000000000,AERIAL
3.306999922,0.265554667,-0.000000000,-0.000000004,3.427800179,AERIAL
3.308000088,0.265409470,0.000000000,0.000000007,0.000000000,AERIAL
3.309000015,0.265254498,0.000000000,-0.000000004,0.000000000,AERIAL
3.309999943,0.265089720,-0.000000000,-0.000000004,3.427800179,AERIAL
3.311000109,0.264915138,0.000000000,0.000000007,0.000000000,AERIAL
3.312000036,0.264730752,0.000000000,-0.000000004,0.000000000,AERIAL
3.312999964,0.264536589,-0.000000000,-0.000000004,3.427800179,AERIAL
3.313999891,0.264332592,0.000000000,0.000000007,0.000000000,AERIAL
3.315000057,0.264118820,0.000000000,-0.000000004,0.000000000,AERIAL
3.315999985,0.263895243,-0.000000000,-0.000000004,3.427800179,AERIAL
3.316999912,0.263661861,0.000000000,0.000000007,0.000000000,AERIAL
3.318000078,0.263418674,0.000000000,-0.000000004,0.000000000,AERIAL
3.319000006,0.263165712,-0.000000000,-0.000000004,3.427800179,AERIAL
3.319999933,0.262902915,0.000000000,0.000000007,0.000000000,AERIAL
3.321000099,0.262630343,0.000000000,-0.000000004,0.000000000,AERIAL
3.322000027,0.262347966,-0.000000000,-0.000000004,3.427800179,AERIAL
3.322999954,0.262055784,0.000000000,0.000000007,0.000000000,AERIAL
3.323999882,0.261753798,0.000000000,-0.000000004,0.000000000,AERIAL
3.325000048,0.261442035,-0.000000000,-0.000000004,3.427800179,AERIAL
3.325999975,0.261120439,0.000000000,0.000000007,0.000000000,AERIAL
3.326999903,0.260789067,0.000000000,-0.000000004,0.000000000,AERIAL
3.328000069,0.260447890,-0.000000000,-0.000000004,3.427800179,AERIAL
3.328999996,0.260096908,0.000000000,0.000000007,0.000000000,AERIAL
3.329999924,0.259736121,0.000000000,-0.000000004,0.000000000,AERIAL
3.331000090,0.259365559,-0.000000000,-0.000000004,3.427800179,AERIAL
3.332000017,0.258985162,0.000000000,0.000000007,0.000000000,AERIAL
3.332999945,0.258594990,0.000000000,-0.000000004,0.000000000,AERIAL
3.334000111,0.258195013,-0.000000000,-0.000000004,3.427800179,AERIAL
3.335000038,0.257785231,0.000000000,0.000000007,0.000000000,AERIAL
3.335999966,0.257365644,0.000000000,-0.000000004,0.000000000,AERIAL
3.336999893,0.256936282,-0.000000000,-0.000000004,3.427800179,AERIAL
3.338000059,0.256497085,0.000000000,0.000000007,0.000000000,AERIAL
3.338999987,0.256048113,0.000000000,-0.000000004,0.000000000,AERIAL
3.339999914,0.255589336,-0.000000000,-0.000000004,3.427800179,AERIAL
3.341000080,0.255120754,0.000000000,0.000000007,0.000000000,AERIAL
3.342000008,0.254642367,0.000000000,-0.000000004,0.000000000,AERIAL
3.342999935,0.254154205,-0.000000000,-0.000000004,3.427800179,AERIAL
3.344000101,0.253656209,0.000000000,0.000000007,0.000000000,AERIAL
3.345000029,0.253148437,0.000000000,-0.000000004,0.000000000,AERIAL
3.345999956,0.252630860,-0.000000000,-0.000000004,3.427800179,AERIAL
3.346999884,0.252103478,0.000000000,0.000000007,0.000000000,AERIAL
3.348000050,0.251566291,0.000000000,-0.000000004,0.000000000,AERIAL
3.348999977,0.251019329,-0.000000000,-0.000000004,3.427800179,AERIAL
3.349999905,0.250462532,0.000000000,0.000000007,0.000000000,AERIAL
3.351000071,0.249895960,0.000000000,-0.000000004,0.000000000,AERIAL
3.351999998,0.249319583,-0.000000000,-0.000000004,3.427800179,AERIAL
3.352999926,0.248733401,0.000000000,0.000000007,0.000000000,AERIAL
3.354000092,0.248137429,0.000000000,-0.000000004,0.000000000,AERIAL
3.355000019,0.247531652,-0.000000000,-0.000000004,3.427800179,AERIAL
3.355999947,0.246916071,0.000000000,0.000000007,0.000000000,AERIAL
3.357000113,0.246290684,0.000000000,-0.000000004,0.000000000,AERIAL
3.358000040,0.245655507,-0.000000000,-0.000000004,3.427800179,AERIAL
3.358999968,0.245010525,0.000000000,0.000000007,0.000000000,AERIAL
3.359999895,0.244355753,0.000000000,-0.000000004,0.000000000,AERIAL
3.361000061,0.243691176,-0.000000000,-0.000000004,3.427800179,AERIAL
3.361999989,0.243016794,0.000000000,0.000000007,0.000000000,AERIAL
3.362999916,0.242332608,0.000000000,-0.000000004,0.000000000,AERIAL
3.364000082,0.241638631,-0.000000000,-0.000000004,3.427800179,AERIAL
3.365000010,0.240934849,0.000000000,0.000000007,0.000000000,AERIAL
3.365999937,0.240221277,0.000000000,-0.000000004,0.000000000,AERIAL
3.367000103,0.239497900,-0.000000000,-0.000000004,3.427800179,AERIAL
3.368000031,0.238764718,0.000000000,0.000000007,0.000000000,AERIAL
3.368999958,0.238021731,0.000000000,-0.000000004,0.000000000,AERIAL
3.369999886,0.237268955,-0.000000000,-0.000000004,3.427800179,AERIAL
3.371000051,0.236506373,0.000000000,0.000000007,0.000000000,AERIAL
3.371999979,0.235734001,0.000000000,-0.000000004,0.000000000,AERIAL
3.372999907,0.234951824,-0.000000000,-0.000000004,3.427800179,AERIAL
3.374000072,0.234159842,0.000000000,0.000000007,0.000000000,AERIAL
3.375000000,0.233358055,0.000000000,-0.000000004,0.000000000,AERIAL
3.375999928,0.232546479,-0.000000000,-0.000000004,3.427800179,AERIAL
3.377000093,0.231725097,0.000000000,0.000000007,0.000000000,AERIAL
3.378000021,0.230893925,0.000000000,-0.000000004,0.000000000,AERIAL
3.378999949,0.230052933,-0.000000000,-0.000000004,3.427800179,AERIAL
3.380000114,0.229202166,0.000000000,0.000000007,0.000000000,AERIAL
3.381000042,0.228341579,0.000000000,-0.000000004,0.000000000,AERIAL
3.381999969,0.227471203,-0.000000000,-0.000000004,3.427800179,AERIAL
3.382999897,0.226591021,0.000000000,0.000000007,0.000000000,AERIAL
3.384000063,0.225701049,0.000000000,-0.000000004,0.000000000,AERIAL
3.384999990,0.224801257,-0.000000000,-0.000000004,3.427800179,AERIAL
3.385999918,0.223891690,0.000000000,0.000000007,0.000000000,AERIAL
3.387000084,0.222972304,0.000000000,-0.000000004,0.000000000,AERIAL
3.388000011,0.222043127,-0.000000000,-0.000000004,3.427800179,AERIAL
3.388999939,0.221104145,0.000000000,0.000000007,0.000000000,AERIAL
3.390000105,0.220155373,0.000000000,-0.000000004,0.000000000,AERIAL
3.391000032,0.219196782,-0.000000000,-0.000000004,3.427800179,AERIAL
3.391999960,0.218228415,0.000000000,0.000000007,0.000000000,AERIAL
3.392999887,0.217250228,0.000000000,-0.000000004,0.000000000,AERIAL
3.394000053,0.216262251,-0.000000000,-0.000000004,3.427800179,AERIAL
3.394999981,0.215264469,0.000000000,0.000000007,0.000000000,AERIAL
3.395999908,0.214256883,0.000000000,-0.000000004,0.000000000,AERIAL
3.397000074,0.213239506,-0.000000000,-0.000000004,3.427800179,AERIAL
3.398000002,0.212212324,0.000000000,0.000000007,0.000000000,AERIAL
3.398999929,0.211175352,0.000000000,-0.000000004,0.000000000,AERIAL
3.400000095,0.210128576,-0.000000000,-0.000000004,3.427800179,AERIAL
3.401000023,0.209071994,0.000000000,0.000000007,0.000000000,AERIAL
3.401999950,0.208005607,0.000000000,-0.000000004,0.000000000,AERIAL
3.403000116,0.206929430,-0.000000000,-0.000000004,3.427800179,AERIAL
3.404000044,0.205843449,0.000000000,0.000000007,0.000000000,AERIAL
3.404999971,0.204747677,0.000000000,-0.000000004,0.000000000,AERIAL
3.405999899,0.203642100,-0.000000000,-0.000000004,3.427800179,AERIAL
3.407000065,0.202526718,0.000000000,0.000000007,0.000000000,AERIAL
3.407999992,0.201401532,0.000000000,-0.000000004,0.000000000,AERIAL
3.408999920,0.200266555,-0.000000000,-0.000000004,3.427800179,AERIAL
3.410000086,0.199121773,0.000000000,0.000000007,0.000000000,AERIAL
3.411000013,0.197967201,0.000000000,-0.000000004,0.000000000,AERIAL
3.411999941,0.196802825,-0.000000000,-0.000000004,3.427800179,AERIAL
3.413000107,0.195628643,0.000000000,0.000000007,0.000000000,AERIAL
3.414000034,0.194444656,0.000000000,-0.000000004,0.000000000,AERIAL
3.414999962,0.193250880,-0.000000000,-0.000000004,3.427800179,AERIAL
3.415999889,0.192047298,0.000000000,0.000000007,0.000000000,AERIAL
3.417000055,0.190833926,0.000000000,-0.000000004,0.000000000,AERIAL
3.417999983,0.189610749,-0.000000000,-0.000000004,3.427800179,AERIAL
3.418999910,0.188377768,0.000000000,0.000000007,0.000000000,AERIAL
3.420000076,0.187134981,0.000000000,-0.000000004,0.000000000,AERIAL
3.421000004,0.185882404,-0.000000000,-0.000000004,3.427800179,AERIAL
3.421999931,0.184620023,0.000000000,0.000000007,0.000000000,AERIAL
3.423000097,0.183347851,0.000000000,-0.000000004,0.000000000,AERIAL
3.424000025,0.182065859,-0.000000000,-0.000000004,3.427800179,AERIAL
3.424999952,0.180774093,0.000000000,0.000000007,0.000000000,AERIAL
3.426000118,0.179472506,0.000000000,-0.000000004,0.000000000,AERIAL
3.427000046,0.178161129,-0.000000000,-0.000000004,3.427800179,AERIAL
3.427999973,0.176839948,0.000000000,0.000000007,0.000000000,AERIAL
3.428999901,0.175508976,0.000000000,-0.000000004,0.000000000,AERIAL
3.430000067,0.174168184,-0.000000000,-0.000000004,3.427800179,AERIAL
3.430999994,0.172817618,0.000000000,0.000000007,0.000000000,AERIAL
3.431999922,0.171457231,0.000000000,-0.000000004,0.000000000,AERIAL
3.433000088,0.170087054,-0.000000000,-0.000000004,3.427800179,AERIAL
3.434000015,0.168707073,0.000000000,0.000000007,0.000000000,AERIAL
3.434999943,0.167317286,0.000000000,-0.000000004,0.000000000,AERIAL
3.436000109,0.165917709,-0.000000000,-0.000000004,3.427800179,AERIAL
3.437000036,0.164508328,0.000000000,0.000000007,0.000000000,AERIAL
3.437999964,0.163089156,0.000000000,-0.000000004,0.000000000,AERIAL
3.438999891,0.161660179,-0.000000000,-0.000000004,3.427800179,AERIAL
3.440000057,0.160221398,0.000000000,0.000000007,0.000000000,AERIAL
3.440999985,0.158772811,0.000000000,-0.000000004,0.000000000,AERIAL
3.441999912,0.157314435,-0.000000000,-0.000000004,3.427800179,AERIAL
3.443000078,0.155846253,0.000000000,0.000000007,0.000000000,AERIAL
3.444000006,0.154368281,0.000000000,-0.000000004,0.000000000,AERIAL
3.444999933,0.152880505,-0.000000000,-0.000000004,3.427800179,AERIAL
3.446000099,0.151382923,0.000000000,0.000000007,0.000000000,AERIAL
3.447000027,0.149875537,0.000000000,-0.000000004,0.000000000,AERIAL
3.447999954,0.148358360,-0.000000000,-0.000000004,3.427800179,AERIAL
3.448999882,0.146831378,0.000000000,0.000000007,0.000000000,AERIAL
3.450000048,0.145294607,0.000000000,-0.000000004,0.000000000,AERIAL
3.450999975,0.143748015,-0.000000000,-0.000000004,3.427800179,AERIAL
3.451999903,0.142191648,0.000000000,0.000000007,0.000000000,AERIAL
3.453000069,0.140625462,0.000000000,-0.000000004,0.000000000,AERIAL
3.453999996,0.139049485,-0.000000000,-0.000000004,3.427800179,AERIAL
3.454999924,0.137463704,0.000000000,0.000000007,0.000000000,AERIAL
3.456000090,0.135868132,0.000000000,-0.000000004,0.000000000,AERIAL
3.457000017,0.134262741,-0.000000000,-0.000000004,3.427800179,AERIAL
3.457999945,0.132647559,0.000000000,0.000000007,0.000000000,AERIAL
3.459000111,0.131022587,0.000000000,-0.000000004,0.000000000,AERIAL
3.460000038,0.129387811,-0.000000000,-0.000000004,3.427800179,AERIAL
3.460999966,0.127743229,0.000000000,0.000000007,0.000000000,AERIAL
3.461999893,0.126088843,0.000000000,-0.000000004,0.000000000,AERIAL
3.463000059,0.124424666,-0.000000000,-0.000000004,3.427800179,AERIAL
3.463999987,0.122750692,0.000000000,0.000000007,0.000000000,AERIAL
3.464999914,0.121066913,0.000000000,-0.000000004,0.000000000,AERIAL
3.466000080,0.119373329,-0.000000000,-0.000000004,3.427800179,AERIAL
3.467000008,0.117669955,0.000000000,0.000000007,0.000000000,AERIAL
3.467999935,0.115956768,0.000000000,-0.000000004,0.000000000,AERIAL
3.469000101,0.114233792,-0.000000000,-0.000000004,3.427800179,AERIAL
3.470000029,0.112501010,0.000000000,0.000000007,0.000000000,AERIAL
3.470999956,0.110758431,0.000000000,-0.000000004,0.000000000,AERIAL
3.471999884,0.109006055,-0.000000000,-0.000000004,3.427800179,AERIAL
3.473000050,0.107243873,0.000000000,0.000000007,0.000000000,AERIAL
3.473999977,0.105471894,0.000000000,-0.000000004,0.000000000,AERIAL
3.474999905,0.103690118,-0.000000000,-0.000000004,3.427800179,AERIAL
3.476000071,0.101898536,0.000000000,0.000000007,0.000000000,AERIAL
3.476999998,0.100097157,0.000000000,-0.000000004,0.000000000,AERIAL
3.477999926,0.098285981,-0.000000000,-0.000000004,3.427800179,AERIAL
3.479000092,0.096464999,0.000000000,0.000000007,0.000000000,AERIAL
3.480000019,0.094634220,0.000000000,-0.000000004,0.000000000,AERIAL
3.480999947,0.092793636,-0.000000000,-0.000000004,3.427800179,AERIAL
3.482000113,0.090943262,0.000000000,0.000000007,0.000000000,AERIAL
3.483000040,0.089083083,0.000000000,-0.000000004,0.000000000,AERIAL
3.483999968,0.087213099,-0.000000000,-0.000000004,3.427800179,AERIAL
3.484999895,0.085333325,0.000000000,0.000000007,0.000000000,AERIAL
3.486000061,0.083443746,0.000000000,-0.000000004,0.000000000,AERIAL
3.486999989,0.081544362,-0.000000000,-0.000000004,3.427800179,AERIAL
3.487999916,0.079635181,0.000000000,0.000000007,0.000000000,AERIAL
3.489000082,0.077716202,0.000000000,-0.000000004,0.000000000,AERIAL
3.490000010,0.075787425,-0.000000000,-0.000000004,3.427800179,AERIAL
3.490999937,0.073848844,0.000000000,0.000000007,0.000000000,AERIAL
3.492000103,0.071900465,0.000000000,-0.000000004,0.000000000,AERIAL
3.493000031,0.069942288,-0.000000000,-0.000000004,3.427800179,AERIAL
3.493999958,0.067974307,0.000000000,0.000000007,0.000000000,AERIAL
3.494999886,0.065996528,0.000000000,-0.000000004,0.000000000,AERIAL
3.496000051,0.064008951,-0.000000000,-0.000000004,3.427800179,AERIAL
3.496999979,0.062011570,0.000000000,0.000000007,0.000000000,AERIAL
3.497999907,0.060004391,0.000000000,-0.000000004,0.000000000,AERIAL
3.499000072,0.057987411,-0.000000000,-0.000000004,3.427800179,AERIAL
3.500000000,0.055960629,0.000000000,0.000000007,0.000000000,AERIAL
3.500999928,0.053924050,0.000000000,-0.000000004,0.000000000,AERIAL
3.502000093,0.051877674,-0.000000000,-0.000000004,3.427800179,AERIAL
3.503000021,0.049821492,0.000000000,0.000000007,0.000000000,AERIAL
3.503999949,0.047755513,0.000000000,-0.000000004,0.000000000,AERIAL
3.505000114,0.045679733,-0.000000000,-0.000000004,3.427800179,AERIAL
3.506000042,0.043594155,0.000000000,0.000000007,0.000000000,AERIAL
3.506999969,0.041498777,0.000000000,-0.000000004,0.000000000,AERIAL
3.507999897,0.039393596,-0.000000000,-0.000000004,3.427800179,AERIAL
3.509000063,0.037278615,0.000000000,0.000000007,0.000000000,AERIAL
3.509999990,0.035153836,0.000000000,-0.000000004,0.000000000,AERIAL
3.510999918,0.033019256,-0.000000000,-0.000000004,3.427800179,AERIAL
3.512000084,0.030874878,0.000000000,0.000000007,0.000000000,AERIAL
3.513000011,0.028720699,0.000000000,-0.000000004,0.000000000,LANDING
3.513999939,0.026556719,-0.000000000,-0.000000004,3.427800179,LANDING
3.515000105,0.024382940,0.000000000,0.000000007,0.000000000,LANDING
3.516000032,0.022199361,0.000000000,-0.000000004,0.000000000,LANDING
3.516999960,0.020005981,-0.000000000,-0.000000004,3.427800179,LANDING
3.517999887,0.017802801,0.000000000,0.000000007,0.000000000,LANDING
3.519000053,0.015589822,0.000000000,-0.000000004,0.000000000,LANDING
3.519999981,0.013367043,-0.000000000,-0.000000004,3.427800179,LANDING
3.520999908,0.011134463,0.000000000,0.000000007,0.000000000,LANDING
3.522000074,0.008892084,0.000000000,-0.000000004,0.000000000,LANDING
3.523000002,0.006639904,-0.000000000,-0.000000004,3.427800179,LANDING
3.523999929,0.004377925,0.000000000,0.000000007,0.000000000,LANDING
3.525000095,0.002106145,0.000000000,-0.000000004,0.000000000,LANDING
3.526000023,0.002107123,-0.002282557,-2.282556534,4.266924858,SUPPORT
3.526999950,0.002108080,-0.004448653,-2.166096210,4.643825531,SUPPORT
3.528000116,0.002109033,-0.006487154,-2.038501263,4.998524666,SUPPORT
3.529000044,0.002109983,-0.008387567,-1.900412321,5.329196453,SUPPORT
3.529999971,0.002110930,-0.010140107,-1.752540469,5.634138584,SUPPORT
3.530999899,0.002111873,-0.011735754,-1.595646977,5.911781311,SUPPORT
3.532000065,0.002112814,-0.013166294,-1.430539370,6.160695076,SUPPORT
3.532999992,0.002113753,-0.014424361,-1.258067846,6.379598618,SUPPORT
3.533999920,0.002114689,-0.015503481,-1.079120040,6.567365646,SUPPORT
3.535000086,0.002115623,-0.016398098,-0.894617438,6.723029137,SUPPORT
3.536000013,0.002116556,-0.017103609,-0.705509722,6.845788002,SUPPORT
3.536999941,0.002117487,-0.017616378,-0.512770355,6.935009956,SUPPORT
3.538000107,0.002118418,-0.017933771,-0.317391694,6.990235806,SUPPORT
3.539000034,0.002119347,-0.018054150,-0.120379418,7.011176586,SUPPORT
3.539999962,0.002120277,-0.017976897,0.077252060,6.114210129,SUPPORT
3.540999889,0.002121216,-0.017728562,0.248336881,6.070609570,SUPPORT
3.542000055,0.002122155,-0.017310420,0.418140292,5.997853279,SUPPORT
3.542999983,0.002123095,-0.016724629,0.585790813,5.895925522,SUPPORT
3.543999910,0.002124036,-0.015974205,0.750425458,5.765351295,SUPPORT
3.545000076,0.002124978,-0.015063007,0.911196709,5.606803417,SUPPORT
3.546000004,0.002125922,-0.013995730,1.067276835,5.421097279,SUPPORT
3.546999931,0.002126868,-0.012777868,1.217862487,5.209188938,SUPPORT
3.548000097,0.002127816,-0.011415689,1.362178445,4.972169876,SUPPORT
3.549000025,0.002128766,-0.009916208,1.499481678,4.711260319,SUPPORT
3.549999952,0.002129719,-0.008287143,1.629065394,4.427803040,SUPPORT
3.551000118,0.002130674,-0.006536880,1.750262737,4.123257160,SUPPORT
3.552000046,0.002131633,-0.004674430,1.862449527,3.799190998,SUPPORT
3.552999973,0.002132595,-0.002709382,1.965048313,3.457272530,SUPPORT
3.553999901,0.002133560,-0.000651851,2.057531118,3.099261999,TAKEOFF
3.555000067,0.003490013,0.000000000,0.651850879,0.000000000,TAKEOFF
3.555999994,0.005469785,0.000000000,-0.000000004,0.000000000,TAKEOFF
3.556999922,0.007439757,-0.000000000,-0.000000004,3.427800179,TAKEOFF
3.558000088,0.009399928,0.000000000,0.000000007,0.000000000,TAKEOFF
3.559000015,0.011350300,0.000000000,-0.000000004,0.000000000,TAKEOFF
3.559999943,0.013290873,-0.000000000,-0.000000004,3.427800179,TAKEOFF
3.561000109,0.015221644,0.000000000,0.000000007,0.000000000,TAKEOFF
3.562000036,0.017142616,0.000000000,-0.000000004,0.000000000,TAKEOFF
3.562999964,0.019053789,-0.000000000,-0.000000004,3.427800179,TAKEOFF
3.563999891,0.020955160,0.000000000,0.000000007,0.000000000,TAKEOFF
3.565000057,0.022846732,0.000000000,-0.000000004,0.000000000,TAKEOFF
3.565999985,0.024728505,-0.000000000,-0.000000004,3.427800179,TAKEOFF
3.566999912,0.026600476,0.000000000,0.000000007,0.000000000,TAKEOFF
3.568000078,0.028462648,0.000000000,-0.000000004,0.000000000,TAKEOFF
3.569000006,0.030315021,-0.000000000,-0.000000004,3.427800179,AERIAL
3.569999933,0.032157592,0.000000000,0.000000007,0.000000000,AERIAL
3.571000099,0.033990365,0.000000000,-0.000000004,0.000000000,AERIAL
3.572000027,0.035813335,-0.000000000,-0.000000004,3.427800179,AERIAL
3.572999954,0.037626509,0.000000000,0.000000007,0.000000000,AERIAL
3.573999882,0.039429881,0.000000000,-0.000000004,0.000000000,AERIAL
3.575000048,0.041223451,-0.000000000,-0.000000004,3.427800179,AERIAL
3.575999975,0.043007225,0.000000000,0.000000007,0.000000000,AERIAL
3.576999903,0.044781197,0.000000000,-0.000000004,0.000000000,AERIAL
3.578000069,0.046545368,-0.000000000,-0.000000004,3.427800179,AERIAL
3.578999996,0.048299741,0.000000000,0.000000007,0.000000000,AERIAL
3.579999924,0.050044313,0.000000000,-0.000000004,0.000000000,AERIAL
3.581000090,0.051779084,-0.000000000,-0.000000004,3.427800179,AERIAL
3.582000017,0.053504057,0.000000000,0.000000007,0.000000000,AERIAL
3.582999945,0.055219229,0.000000000,-0.000000004,0.000000000,AERIAL
3.584000111,0.056924600,-0.000000000,-0.000000004,3.427800179,AERIAL
3.585000038,0.058620173,0.000000000,0.000000007,0.000000000,AERIAL
3.585999966,0.060305946,0.000000000,-0.000000004,0.000000000,AERIAL
3.586999893,0.061981916,-0.000000000,-0.000000004,3.427800179,AERIAL
3.588000059,0.063648090,0.000000000,0.000000007,0.000000000,AERIAL
3.588999987,0.065304458,0.000000000,-0.000000004,0.000000000,AERIAL
3.589999914,0.066951029,-0.000000000,-0.000000004,3.427800179,AERIAL
3.591000080,0.068587802,0.000000000,0.000000007,0.000000000,AERIAL
3.592000008,0.070214778,0.000000000,-0.000000004,0.000000000,AERIAL
3.592999935,0.071831949,-0.000000000,-0.000000004,3.427800179,AERIAL
3.594000101,0.073439322,0.000000000,0.000000007,0.000000000,AERIAL
3.595000029,0.075036891,0.000000000,-0.000000004,0.000000000,AERIAL
3.595999956,0.076624662,-0.000000000,-0.000000004,3.427800179,AERIAL
3.596999884,0.078202635,0.000000000,0.000000007,0.000000000,AERIAL
3.598000050,0.079770811,0.000000000,-0.000000004,0.000000000,AERIAL
3.598999977,0.081329182,-0.000000000,-0.000000004,3.427800179,AERIAL
3.599999905,0.082877755,0.000000000,0.000000007,0.000000000,AERIAL
3.601000071,0.084416524,0.000000000,-0.000000004,0.000000000,AERIAL
3.601999998,0.085945494,-0.000000000,-0.000000004,3.427800179,AERIAL
3.602999926,0.087464668,0.000000000,0.000000007,0.000000000,AERIAL
3.604000092,0.088974036,0.000000000,-0.000000004,0.000000000,AERIAL
3.605000019,0.090473615,-0.000000000,-0.000000004,3.427800179,AERIAL
3.605999947,0.091963381,0.000000000,0.000000007,0.000000000,AERIAL
3.607000113,0.093443356,0.000000000,-0.000000004,0.000000000,AERIAL
3.608000040,0.094913527,-0.000000000,-0.000000004,3.427800179,AERIAL
3.608999968,0.096373901,0.000000000,0.000000007,0.000000000,AERIAL
3.609999895,0.097824469,0.000000000,-0.000000004,0.000000000,AERIAL
3.611000061,0.099265240,-0.000000000,-0.000000004,3.427800179,AERIAL
3.611999989,0.100696214,0.000000000,0.000000007,0.000000000,AERIAL
3.612999916,0.102117389,0.000000000,-0.000000004,0.000000000,AERIAL
3.614000082,0.103528760,-0.000000000,-0.000000004,3.427800179,AERIAL
3.615000010,0.104930334,0.000000000,0.000000007,0.000000000,AERIAL
3.615999937,0.106322102,0.000000000,-0.000000004,0.000000000,AERIAL
3.617000103,0.107704073,-0.000000000,-0.000000004,3.427800179,AERIAL
3.618000031,0.109076247,0.000000000,0.000000007,0.000000000,AERIAL
3.618999958,0.110438623,0.000000000,-0.000000004,0.000000000,AERIAL
3.619999886,0.111791193,-0.000000000,-0.000000004,3.427800179,AERIAL
3.621000051,0.113133967,0.000000000,0.000000007,0.000000000,AERIAL
3.621999979,0.114466935,0.000000000,-0.000000004,0.000000000,AERIAL
3.622999907,0.115790106,-0.000000000,-0.000000004,3.427800179,AERIAL
3.624000072,0.117103480,0.000000000,0.000000007,0.000000000,AERIAL
3.625000000,0.118407048,0.000000000,-0.000000004,0.000000000,AERIAL
3.625999928,0.119700827,-0.000000000,-0.000000004,3.427800179,AERIAL
3.627000093,0.120984793,0.000000000,0.000000007,0.000000000,AERIAL
3.628000021,0.122258969,0.000000000,-0.000000004,0.000000000,AERIAL
3.628999949,0.123523340,-0.000000000,-0.000000004,3.427800179,AERIAL
3.630000114,0.124777913,0.000000000,0.000000007,0.000000000,AERIAL
3.631000042,0.126022682,0.000000000,-0.000000004,0.000000000,AERIAL
3.631999969,0.127257660,-0.000000000,-0.000000004,3.427800179,AERIAL
3.632999897,0.128482834,0.000000000,0.000000007,0.000000000,AERIAL
3.634000063,0.129698202,0.000000000,-0.000000004,0.000000000,AERIAL
3.634999990,0.130903766,-0.000000000,-0.000000004,3.427800179,AERIAL
3.635999918,0.132099539,0.000000000,0.000000007,0.000000000,AERIAL
3.637000084,0.133285522,0.000000000,-0.000000004,0.000000000,AERIAL
3.638000011,0.134461686,-0.000000000,-0.000000004,3.427800179,AERIAL
3.638999939,0.135628060,0.000000000,0.000000007,0.000000000,AERIAL
3.640000105,0.136784628,0.000000000,-0.000000004,0.000000000,AERIAL
3.641000032,0.137931406,-0.000000000,-0.000000004,3.427800179,AERIAL
3.641999960,0.139068380,0.000000000,0.000000007,0.000000000,AERIAL
3.642999887,0.140195549,0.000000000,-0.000000004,0.000000000,AERIAL
3.644000053,0.141312912,-0.000000000,-0.000000004,3.427800179,AERIAL
3.644999981,0.142420486,0.000000000,0.000000007,0.000000000,AERIAL
3.645999908,0.143518269,0.000000000,-0.000000004,0.000000000,AERIAL
3.647000074,0.144606233,-0.000000000,-0.000000004,3.427800179,AERIAL
3.648000002,0.145684406,0.000000000,0.000000007,0.000000000,AERIAL
3.648999929,0.146752775,0.000000000,-0.000000004,0.000000000,AERIAL
3.650000095,0.147811353,-0.000000000,-0.000000004,3.427800179,AERIAL
3.651000023,0.148860127,0.000000000,0.000000007,0.000000000,AERIAL
3.651999950,0.149899095,0.000000000,-0.000000004,0.000000000,AERIAL
3.653000116,0.150928274,-0.000000000,-0.000000004,3.427800179,AERIAL
3.654000044,0.151947632,0.000000000,0.000000007,0.000000000,AERIAL
3.654999971,0.152957216,0.000000000,-0.000000004,0.000000000,AERIAL
3.655999899,0.153956980,-0.000000000,-0.000000004,3.427800179,AERIAL
3.657000065,0.154946953,0.000000000,0.000000007,0.000000000,AERIAL
3.657999992,0.155927122,0.000000000,-0.000000004,0.000000000,AERIAL
3.658999920,0.156897500,-0.000000000,-0.000000004,3.427800179,AERIAL
3.660000086,0.157858074,0.000000000,0.000000007,0.000000000,AERIAL
3.661000013,0.158808842,0.000000000,-0.000000004,0.000000000,AERIAL
3.661999941,0.159749821,-0.000000000,-0.000000004,3.427800179,AERIAL
3.663000107,0.160680979,0.000000000,0.000000007,0.000000000,AERIAL
3.664000034,0.161602363,0.000000000,-0.000000004,0.000000000,AERIAL
3.664999962,0.162513927,-0.000000000,-0.000000004,3.427800179,AERIAL
3.665999889,0.163415700,0.000000000,0.000000007,0.000000000,AERIAL
3.667000055,0.164307669,0.000000000,-0.000000004,0.000000000,AERIAL
3.667999983,0.165189847,-0.000000000,-0.000000004,3.427800179,AERIAL
3.668999910,0.166062221,0.000000000,0.000000007,0.000000000,AERIAL
3.670000076,0.166924790,0.000000000,-0.000000004,0.000000000,AERIAL
3.671000004,0.167777568,-0.000000000,-0.000000004,3.427800179,AERIAL
3.671999931,0.168620542,0.000000000,0.000000007,0.000000000,AERIAL
3.673000097,0.169453710,0.000000000,-0.000000004,0.000000000,AERIAL
3.674000025,0.170277074,-0.000000000,-0.000000004,3.427800179,AERIAL
3.674999952,0.171090648,0.000000000,0.000000007,0.000000000,AERIAL
3.676000118,0.171894416,0.000000000,-0.000000004,0.000000000,AERIAL
3.677000046,0.172688395,-0.000000000,-0.000000004,3.427800179,AERIAL
3.677999973,0.173472568,0.000000000,0.000000007,0.000000000,AERIAL
3.678999901,0.174246937,0.000000000,-0.000000004,0.000000000,AERIAL
3.680000067,0.175011516,-0.000000000,-0.000000004,3.427800179,AERIAL
3.680999994,0.175766289,0.000000000,0.000000007,0.000000000,AERIAL
3.681999922,0.176511258,0.000000000,-0.000000004,0.000000000,AERIAL
3.683000088,0.177246422,-0.000000000,-0.000000004,3.427800179,AERIAL
3.684000015,0.177971795,0.000000000,0.000000007,0.000000000,AERIAL
3.684999943,0.178687364,0.000000000,-0.000000004,0.000000000,AERIAL
3.686000109,0.179393142,-0.000000000,-0.000000004,3.427800179,AERIAL
3.687000036,0.180089116,0.000000000,0.000000007,0.000000000,AERIAL
3.687999964,0.180775285,0.000000000,-0.000000004,0.000000000,AERIAL
3.688999891,0.181451663,-0.000000000,-0.000000004,3.427800179,AERIAL
3.690000057,0.182118237,0.000000000,0.000000007,0.000000000,AERIAL
3.690999985,0.182775006,0.000000000,-0.000000004,0.000000000,AERIAL
3.691999912,0.183421969,-0.000000000,-0.000000004,3.427800179,AERIAL
3.693000078,0.184059143,0.000000000,0.000000007,0.000000000,AERIAL
3.694000006,0.184686512,0.000000000,-0.000000004,0.000000000,AERIAL
3.694999933,0.185304090,-0.000000000,-0.000000004,3.427800179,AERIAL
3.696000099,0.185911864,0.000000000,0.000000007,0.000000000,AERIAL
3.697000027,0.186509833,0.000000000,-0.000000004,0.000000000,AERIAL
3.697999954,0.187098011,-0.000000000,-0.000000004,3.427800179,AERIAL
3.698999882,0.187676385,0.000000000,0.000000007,0.000000000,AERIAL
3.700000048,0.188244954,0.000000000,-0.000000004,0.000000000,AERIAL
3.700999975,0.188803717,-0.000000000,-0.000000004,3.427800179,AERIAL
3.701999903,0.189352691,0.000000000,0.000000007,0.000000000,AERIAL
3.703000069,0.189891860,0.000000000,-0.000000004,0.000000000,AERIAL
3.703999996,0.190421239,-0.000000000,-0.000000004,3.427800179,AERIAL
3.704999924,0.190940812,0.000000000,0.000000007,0.000000000,AERIAL
3.706000090,0.191450581,0.000000000,-0.000000004,0.000000000,AERIAL
3.707000017,0.191950560,-0.000000000,-0.000000004,3.427800179,AERIAL
3.707999945,0.192440718,0.000000000,0.000000007,0.000000000,AERIAL
3.709000111,0.192921102,0.000000000,-0.000000004,0.000000000,AERIAL
3.710000038,0.193391666,-0.000000000,-0.000000004,3.427800179,AERIAL
3.710999966,0.193852440,0.000000000,0.000000007,0.000000000,AERIAL
3.711999893,0.194303408,0.000000000,-0.000000004,0.000000000,AERIAL
3.713000059,0.194744587,-0.000000000,-0.000000004,3.427800179,AERIAL
3.713999987,0.195175961,0.000000000,0.000000007,0.000000000,AERIAL
3.714999914,0.195597529,0.000000000,-0.000000004,0.000000000,AERIAL
3.716000080,0.196009308,-0.000000000,-0.000000004,3.427800179,AERIAL
3.717000008,0.196411267,0.000000000,0.000000007,0.000000000,AERIAL
3.717999935,0.196803451,0.000000000,-0.000000004,0.000000000,AERIAL
3.719000101,0.197185814,-0.000000000,-0.000000004,3.427800179,AERIAL
3.720000029,0.197558388,0.000000000,0.000000007,0.000000000,AERIAL
3.720999956,0.197921157,0.000000000,-0.000000004,0.000000000,AERIAL
3.721999884,0.198274136,-0.000000000,-0.000000004,3.427800179,AERIAL
3.723000050,0.198617309,0.000000000,0.000000007,0.000000000,AERIAL
3.723999977,0.198950678,0.000000000,-0.000000004,0.000000000,AERIAL
3.724999905,0.199274257,-0.000000000,-0.000000004,3.427800179,AERIAL
3.726000071,0.199588016,0.000000000,0.000000007,0.000000000,AERIAL
3.726999998,0.199891999,0.000000000,-0.000000004,0.000000000,AERIAL
3.727999926,0.200186163,-0.000000000,-0.000000004,3.427800179,AERIAL
3.729000092,0.200470537,0.000000000,0.000000007,0.000000000,AERIAL
3.730000019,0.200745106,0.000000000,-0.000000004,0.000000000,AERIAL
3.730999947,0.201009884,-0.000000000,-0.000000004,3.427800179,AERIAL
3.732000113,0.201264858,0.000000000,0.000000007,0.000000000,AERIAL
3.733000040,0.201510027,0.000000000,-0.000000004,0.000000000,AERIAL
3.733999968,0.201745391,-0.000000000,-0.000000004,3.427800179,AERIAL
3.734999895,0.201970965,0.000000000,0.000000007,0.000000000,AERIAL
3.736000061,0.202186748,0.000000000,-0.000000004,0.000000000,AERIAL
3.736999989,0.202392712,-0.000000000,-0.000000004,3.427800179,AERIAL
3.737999916,0.202588886,0.000000000,0.000000007,0.000000000,AERIAL
3.739000082,0.202775255,0.000000000,-0.000000004,0.000000000,AERIAL
3.740000010,0.202951834,-0.000000000,-0.000000004,3.427800179,AERIAL
3.740999937,0.203118607,0.000000000,0.000000007,0.000000000,AERIAL
3.742000103,0.203275576,0.000000000,-0.000000004,0.000000000,AERIAL
3.743000031,0.203422740,-0.000000000,-0.000000004,3.427800179,AERIAL
3.743999958,0.203560114,0.000000000,0.000000007,0.000000000,AERIAL
3.744999886,0.203687683,0.000000000,-0.000000004,0.000000000,AERIAL
3.746000051,0.203805462,-0.000000000,-0.000000004,3.427800179,AERIAL
3.746999979,0.203913435,0.000000000,0.000000007,0.000000000,AERIAL
3.747999907,0.204011604,0.000000000,-0.000000004,0.000000000,AERIAL
3.749000072,0.204099983,-0.000000000,-0.000000004,3.427800179,AERIAL
3.750000000,0.204178542,0.000000000,0.000000007,0.000000000,AERIAL
3.750999928,0.204247326,0.000000000,-0.000000004,0.000000000,AERIAL
3.752000093,0.204306290,-0.000000000,-0.000000004,3.427800179,AERIAL
3.753000021,0.204355463,0.000000000,0.000000007,0.000000000,AERIAL
3.753999949,0.204394832,0.000000000,-0.000000004,0.000000000,AERIAL
3.755000114,0.204424411,-0.000000000,-0.000000004,3.427800179,AERIAL
3.756000042,0.204444185,0.000000000,0.000000007,0.000000000,AERIAL
3.756999969,0.204454154,0.000000000,-0.000000004,0.000000000,AERIAL
3.757999897,0.204454154,-0.000000000,-0.000000004,3.427800179,AERIAL
3.759000063,0.204444692,0.000000000,0.000000007,0.000000000,AERIAL
3.759999990,0.204425275,0.000000000,-0.000000004,0.000000000,AERIAL
3.760999918,0.204396039,-0.000000000,-0.000000004,3.427800179,AERIAL
3.762000084,0.204357013,0.000000000,0.000000007,0.000000000,AERIAL
3.763000011,0.204308182,0.000000000,-0.000000004,0.000000000,AERIAL
3.763999939,0.204249561,-0.000000000,-0.000000004,3.427800179,AERIAL
3.765000105,0.204181135,0.000000000,0.000000007,0.000000000,AERIAL
3.766000032,0.204102904,0.000000000,-0.000000004,0.000000000,AERIAL
3.766999960,0.204014868,-0.000000000,-0.000000004,3.427800179,AERIAL
3.767999887,0.203917041,0.000000000,0.000000007,0.000000000,AERIAL
3.769000053,0.203809410,0.000000000,-0.000000004,0.000000000,AERIAL
3.769999981,0.203691989,-0.000000000,-0.000000004,3.427800179,AERIAL
3.770999908,0.203564763,0.000000000,0.000000007,0.000000000,AERIAL
3.772000074,0.203427732,0.000000000,-0.000000004,0.000000000,AERIAL
3.773000002,0.203280911,-0.000000000,-0.000000004,3.427800179,AERIAL
3.773999929,0.203124270,0.000000000,0.000000007,0.000000000,AERIAL
3.775000095,0.202957854,0.000000000,-0.000000004,0.000000000,AERIAL
3.776000023,0.202781618,-0.000000000,-0.000000004,3.427800179,AERIAL
3.776999950,0.202595592,0.000000000,0.000000007,0.000000000,AERIAL
3.778000116,0.202399760,0.000000000,-0.000000004,0.000000000,AERIAL
3.779000044,0.202194139,-0.000000000,-0.000000004,3.427800179,AERIAL
3.779999971,0.201978713,0.000000000,0.000000007,0.000000000,AERIAL
3.780999899,0.201753482,0.000000000,-0.000000004,0.000000000,AERIAL
3.782000065,0.201518446,-0.000000000,-0.000000004,3.427800179,AERIAL
3.782999992,0.201273620,0.000000000,0.000000007,0.000000000,AERIAL
3.783999920,0.201018989,0.000000000,-0.000000004,0.000000000,AERIAL
3.785000086,0.200754568,-0.000000000,-0.000000004,3.427800179,AERIAL
3.786000013,0.200480342,0.000000000,0.000000007,0.000000000,AERIAL
3.786999941,0.200196311,0.000000000,-0.000000004,0.000000000,AERIAL
3.788000107,0.199902490,-0.000000000,-0.000000004,3.427800179,AERIAL
3.789000034,0.199598864,0.000000000,0.000000007,0.000000000,AERIAL
3.789999962,0.199285433,0.000000000,-0.000000004,0.000000000,AERIAL
3.790999889,0.198962197,-0.000000000,-0.000000004,3.427800179,AERIAL
3.792000055,0.198629171,0.000000000,0.000000007,0.000000000,AERIAL
3.792999983,0.198286340,0.000000000,-0.000000004,0.000000000,AERIAL
3.793999910,0.197933719,-0.000000000,-0.000000004,3.427800179,AERIAL
3.795000076,0.197571293,0.000000000,0.000000007,0.000000000,AERIAL
3.796000004,0.197199062,0.000000000,-0.000000004,0.000000000,AERIAL
3.796999931,0.196817026,-0.000000000,-0.000000004,3.427800179,AERIAL
3.798000097,0.196425200,0.000000000,0.000000007,0.000000000,AERIAL
3.799000025,0.196023583,0.000000000,-0.000000004,0.000000000,AERIAL
3.799999952,0.195612147,-0.000000000,-0.000000004,3.427800179,AERIAL
3.801000118,0.195190921,0.000000000,0.000000007,0.000000000,AERIAL
3.802000046,0.194759890,0.000000000,-0.000000004,0.000000000,AERIAL
3.802999973,0.194319069,-0.000000000,-0.000000004,3.427800179,AERIAL
3.803999901,0.193868443,0.000000000,0.000000007,0.000000000,AERIAL
3.805000067,0.193408012,0.000000000,-0.000000004,0.000000000,AERIAL
3.805999994,0.192937776,-0.000000000,-0.000000004,3.427800179,AERIAL
3.806999922,0.192457750,0.000000000,0.000000007,0.000000000,AERIAL
3.808000088,0.191967919,0.000000000,-0.000000004,0.000000000,AERIAL
3.809000015,0.191468298,-0.000000000,-0.000000004,3.427800179,AERIAL
3.809999943,0.190958872,0.000000000,0.000000007,0.000000000,AERIAL
3.811000109,0.190439641,0.000000000,-0.000000004,0.000000000,AERIAL
3.812000036,0.189910606,-0.000000000,-0.000000004,3.427800179,AERIAL
3.812999964,0.189371780,0.000000000,0.000000007,0.000000000,AERIAL
3.813999891,0.188823149,0.000000000,-0.000000004,0.000000000,AERIAL
3.815000057,0.188264728,-0.000000000,-0.000000004,3.427800179,AERIAL
3.815999985,0.187696502,0.000000000,0.000000007,0.000000000,AERIAL
3.816999912,0.187118471,0.000000000,-0.000000004,0.000000000,AERIAL
3.818000078,0.186530650,-0.000000000,-0.000000004,3.427800179,AERIAL
3.819000006,0.185933009,0.000000000,0.000000007,0.000000000,AERIAL
3.819999933,0.185325593,0.000000000,-0.000000004,0.000000000,AERIAL
3.821000099,0.184708357,-0.000000000,-0.000000004,3.427800179,AERIAL
3.822000027,0.184081331,0.000000000,0.000000007,0.000000000,AERIAL
3.822999954,0.183444500,0.000000000,-0.000000004,0.000000000,AERIAL
3.823999882,0.182797879,-0.000000000,-0.000000004,3.427800179,AERIAL
3.825000048,0.182141453,0.000000000,0.000000007,0.000000000,AERIAL
3.825999975,0.181475222,0.000000000,-0.000000004,0.000000000,AERIAL
3.826999903,0.180799186,-0.000000000,-0.000000004,3.427800179,AERIAL
3.828000069,0.180113360,0.000000000,0.000000007,0.000000000,AERIAL
3.828999996,0.179417729,0.000000000,-0.000000004,0.000000000,AERIAL
3.829999924,0.178712308,-0.000000000,-0.000000004,3.427800179,AERIAL
3.831000090,0.177997082,0.000000000,0.000000007,0.000000000,AERIAL
3.832000017,0.177272052,0.000000000,-0.000000004,0.000000000,AERIAL
3.832999945,0.176537231,-0.000000000,-0.000000004,3.427800179,AERIAL
3.834000111,0.175792590,0.000000000,0.000000007,0.000000000,AERIAL
3.835000038,0.175038174,0.000000000,-0.000000004,0.000000000,AERIAL
3.835999966,0.174273938,-0.000000000,-0.000000004,3.427800179,AERIAL
3.836999893,0.173499912,0.000000000,0.000000007,0.000000000,AERIAL
3.838000059,0.172716081,0.000000000,-0.000000004,0.000000000,AERIAL
3.838999987,0.171922460,-0.000000000,-0.000000004,3.427800179,AERIAL
3.839999914,0.171119034,0.000000000,0.000000007,0.000000000,AERIAL
3.841000080,0.170305803,0.000000000,-0.000000004,0.000000000,AERIAL
3.842000008,0.169482768,-0.000000000,-0.000000004,3.427800179,AERIAL
3.842999935,0.168649942,0.000000000,0.000000007,0.000000000,AERIAL
3.844000101,0.167807311,0.000000000,-0.000000004,0.000000000,AERIAL
3.845000029,0.166954890,-0.000000000,-0.000000004,3.427800179,AERIAL
3.845999956,0.166092664,0.000000000,0.000000007,0.000000000,AERIAL
3.846999884,0.165220633,0.000000000,-0.000000004,0.000000000,AERIAL
3.848000050,0.164338797,-0.000000000,-0.000000004,3.427800179,AERIAL
3.848999977,0.163447171,0.000000000,0.000000007,0.000000000,AERIAL
3.849999905,0.162545741,0.000000000,-0.000000004,0.000000000,AERIAL
3.851000071,0.161634520,-0.000000000,-0.000000004,3.427800179,AERIAL
3.851999998,0.160713494,0.000000000,0.000000007,0.000000000,AERIAL
3.852999926,0.159782663,0.000000000,-0.000000004,0.000000000,AERIAL
3.854000092,0.158842042,-0.000000000,-0.000000004,3.427800179,AERIAL
3.855000019,0.157891601,0.000000000,0.000000007,0.000000000,AERIAL
3.855999947,0.156931385,0.000000000,-0.000000004,0.000000000,AERIAL
3.857000113,0.155961350,-0.000000000,-0.000000004,3.427800179,AERIAL
3.858000040,0.154981524,0.000000000,0.000000007,0.000000000,AERIAL
3.858999968,0.153991893,0.000000000,-0.000000004,0.000000000,AERIAL
3.859999895,0.152992472,-0.000000000,-0.000000004,3.427800179,AERIAL
3.861000061,0.151983246,0.000000000,0.000000007,0.000000000,AERIAL
3.861999989,0.150964215,0.000000000,-0.000000004,0.000000000,AERIAL
3.862999916,0.149935380,-0.000000000,-0.000000004,3.427800179,AERIAL
3.864000082,0.148896754,0.000000000,0.000000007,0.000000000,AERIAL
3.865000010,0.147848323,0.000000000,-0.000000004,0.000000000,AERIAL
3.865999937,0.146790102,-0.000000000,-0.000000004,3.427800179,AERIAL
3.867000103,0.145722076,0.000000000,0.000000007,0.000000000,AERIAL
3.868000031,0.144644246,0.000000000,-0.000000004,0.000000000,AERIAL
3.868999958,0.143556610,-0.000000000,-0.000000004,3.427800179,AERIAL
3.869999886,0.142459184,0.000000000,0.000000007,0.000000000,AERIAL
3.871000051,0.141351953,0.000000000,-0.000000004,0.000000000,AERIAL
3.871999979,0.140234932,-0.000000000,-0.000000004,3.427800179,AERIAL
3.872999907,0.139108106,0.000000000,0.000000007,0.000000000,AERIAL
3.874000072,0.137971476,0.000000000,-0.000000004,0.000000000,AERIAL
3.875000000,0.136825040,-0.000000000,-0.000000004,3.427800179,AERIAL
3.875999928,0.135668814,0.000000000,0.000000007,0.000000000,AERIAL
3.877000093,0.134502783,0.000000000,-0.000000004,0.000000000,AERIAL
3.878000021,0.133326963,-0.000000000,-0.000000004,3.427800179,AERIAL
3.878999949,0.132141337,0.000000000,0.000000007,0.000000000,AERIAL
3.880000114,0.130945906,0.000000000,-0.000000004,0.000000000,AERIAL
3.881000042,0.129740685,-0.000000000,-0.000000004,3.427800179,AERIAL
3.881999969,0.128525645,0.000000000,0.000000007,0.000000000,AERIAL
3.882999897,0.127300829,0.000000000,-0.000000004,0.000000000,AERIAL
3.884000063,0.126066193,-0.000000000,-0.000000004,3.427800179,AERIAL
3.884999990,0.124821767,0.000000000,0.000000007,0.000000000,AERIAL
3.885999918,0.123567536,0.000000000,-0.000000004,0.000000000,AERIAL
3.887000084,0.122303508,-0.000000000,-0.000000004,3.427800179,AERIAL
3.888000011,0.121029682,0.000000000,0.000000007,0.000000000,AERIAL
3.888999939,0.119746052,0.000000000,-0.000000004,0.000000000,AERIAL
3.890000105,0.118452623,-0.000000000,-0.000000004,3.427800179,AERIAL
3.891000032,0.117149398,0.000000000,0.000000007,0.000000000,AERIAL
3.891999960,0.115836367,0.000000000,-0.000000004,0.000000000,AERIAL
3.892999887,0.114513539,-0.000000000,-0.000000004,3.427800179,AERIAL
3.894000053,0.113180913,0.000000000,0.000000007,0.000000000,AERIAL
3.894999981,0.111838490,0.000000000,-0.000000004,0.000000000,AERIAL
3.895999908,0.110486262,-0.000000000,-0.000000004,3.427800179,AERIAL
3.897000074,0.109124228,0.000000000,0.000000007,0.000000000,AERIAL
3.898000002,0.107752405,0.000000000,-0.000000004,0.000000000,AERIAL
3.898999929,0.106370777,-0.000000000,-0.000000004,3.427800179,AERIAL
3.900000095,0.104979344,0.000000000,0.000000007,0.000000000,AERIAL
3.901000023,0.103578120,0.000000000,-0.000000004,0.000000000,AERIAL
3.901999950,0.102167092,-0.000000000,-0.000000004,3.427800179,AERIAL
3.903000116,0.100746259,0.000000000,0.000000007,0.000000000,AERIAL
3.904000044,0.099315636,0.000000000,-0.000000004,0.000000000,AERIAL
3.904999971,0.097875208,-0.000000000,-0.000000004,3.427800179,AERIAL
3.905999899,0.096424975,0.000000000,0.000000007,0.000000000,AERIAL
3.907000065,0.094964951,0.000000000,-0.000000004,0.000000000,AERIAL
3.907999992,0.093495123,-0.000000000,-0.000000004,3.427800179,AERIAL
3.908999920,0.092015497,0.000000000,0.000000007,0.000000000,AERIAL
3.910000086,0.090526067,0.000000000,-0.000000004,0.000000000,AERIAL
3.911000013,0.089026839,-0.000000000,-0.000000004,3.427800179,AERIAL
3.911999941,0.087517813,0.000000000,0.000000007,0.000000000,AERIAL
3.913000107,0.085998982,0.000000000,-0.000000004,0.000000000,AERIAL
3.914000034,0.084470354,-0.000000000,-0.000000004,3.427800179,AERIAL
3.914999962,0.082931928,0.000000000,0.000000007,0.000000000,AERIAL
3.915999889,0.081383698,0.000000000,-0.000000004,0.000000000,AERIAL
3.917000055,0.079825670,-0.000000000,-0.000000004,3.427800179,AERIAL
3.917999983,0.078257844,0.000000000,0.000000007,0.000000000,AERIAL
3.918999910,0.076680213,0.000000000,-0.000000004,0.000000000,AERIAL
3.920000076,0.075092785,-0.000000000,-0.000000004,3.427800179,AERIAL
3.921000004,0.073495559,0.000000000,0.000000007,0.000000000,AERIAL
3.921999931,0.071888529,0.000000000,-0.000000004,0.000000000,AERIAL
3.923000097,0.070271701,-0.000000000,-0.000000004,3.427800179,AERIAL
3.924000025,0.068645075,0.000000000,0.000000007,0.000000000,AERIAL
3.924999952,0.067008644,0.000000000,-0.000000004,0.000000000,AERIAL
3.926000118,0.065362416,-0.000000000,-0.000000004,3.427800179,AERIAL
3.927000046,0.063706391,0.000000000,0.000000007,0.000000000,AERIAL
3.927999973,0.062040560,0.000000000,-0.000000004,0.000000000,AERIAL
3.928999901,0.060364936,-0.000000000,-0.000000004,3.427800179,AERIAL
3.930000067,0.058679506,0.000000000,0.000000007,0.000000000,AERIAL
3.930999994,0.056984279,0.000000000,-0.000000004,0.000000000,AERIAL
3.931999922,0.055279251,-0.000000000,-0.000000004,3.427800179,AERIAL
3.933000088,0.053564422,0.000000000,0.000000007,0.000000000,AERIAL
3.934000015,0.051839795,0.000000000,-0.000000004,0.000000000,AERIAL
3.934999943,0.050105367,-0.000000000,-0.000000004,3.427800179,AERIAL
3.936000109,0.048361138,0.000000000,0.000000007,0.000000000,AERIAL
3.937000036,0.046607111,0.000000000,-0.000000004,0.000000000,AERIAL
3.937999964,0.044843283,-0.000000000,-0.000000004,3.427800179,AERIAL
3.938999891,0.043069653,0.000000000,0.000000007,0.000000000,AERIAL
3.940000057,0.041286226,0.000000000,-0.000000004,0.000000000,AERIAL
3.940999985,0.039492998,-0.000000000,-0.000000004,3.427800179,AERIAL
3.941999912,0.037689969,0.000000000,0.000000007,0.000000000,AERIAL
3.943000078,0.035877142,0.000000000,-0.000000004,0.000000000,AERIAL
3.944000006,0.034054514,-0.000000000,-0.000000004,3.427800179,AERIAL
3.944999933,0.032222085,0.000000000,0.000000007,0.000000000,AERIAL
3.946000099,0.030379858,0.000000000,-0.000000004,0.000000000,AERIAL
3.947000027,0.028527830,-0.000000000,-0.000000004,3.427800179,LANDING
3.947999954,0.026666000,0.000000000,0.000000007,0.000000000,LANDING
3.948999882,0.024794374,0.000000000,-0.000000004,0.000000000,LANDING
3.950000048,0.022912946,-0.000000000,-0.000000004,3.427800179,LANDING
3.950999975,0.021021718,0.000000000,0.000000007,0.000000000,LANDING
3.951999903,0.019120689,0.000000000,-0.000000004,0.000000000,LANDING
3.953000069,0.017209861,-0.000000000,-0.000000004,3.427800179,LANDING
3.953999996,0.015289233,0.000000000,0.000000007,0.000000000,LANDING
3.954999924,0.013358805,0.000000000,-0.000000004,0.000000000,LANDING
3.956000090,0.011418577,-0.000000000,-0.000000004,3.427800179,LANDING
3.957000017,0.009468549,0.000000000,0.000000007,0.000000000,LANDING
3.957999945,0.007508721,0.000000000,-0.000000004,0.000000000,LANDING
3.959000111,0.005539093,-0.000000000,-0.000000004,3.427800179,LANDING
3.960000038,0.003559665,0.000000000,0.000000007,0.000000000,LANDING
3.960999966,0.003560645,-0.001990208,-1.990208149,4.216056347,LANDING
3.961999893,0.003561603,-0.003865459,-1.875250340,4.542349815,SUPPORT
3.963000059,0.003562558,-0.005616116,-1.750658035,4.846964359,SUPPORT
3.963999987,0.003563509,-0.007233170,-1.617053747,5.128331661,SUPPORT
3.964999914,0.003564458,-0.008708295,-1.475125074,5.385003567,SUPPORT
3.966000080,0.003565404,-0.010033898,-1.325602889,5.615658283,SUPPORT
3.967000008,0.003566347,-0.011203155,-1.169256806,5.819108963,SUPPORT
3.967999935,0.003567289,-0.012210047,-1.006891847,5.994307995,SUPPORT
3.969000101,0.003568229,-0.013049391,-0.839343667,6.140354156,SUPPORT
3.970000029,0.003569168,-0.013716865,-0.667474985,6.256494522,SUPPORT
3.970999956,0.003570105,-0.014209036,-0.492170393,6.342132092,SUPPORT
3.971999884,0.003571041,-0.014523368,-0.314332485,6.396826267,SUPPORT
3.973000050,0.003571977,-0.014658245,-0.134876743,6.420293331,SUPPORT
3.973999977,0.003572913,-0.014612972,0.045273002,5.537950039,SUPPORT
3.974999905,0.003573857,-0.014413663,0.199308857,5.493817329,SUPPORT
3.976000071,0.003574803,-0.014061616,0.352047384,5.432561398,SUPPORT
3.976999998,0.003575748,-0.013558643,0.502973437,5.345043659,SUPPORT
3.977999926,0.003576695,-0.012907333,0.651309967,5.231715679,SUPPORT
3.979000092,0.003577642,-0.012111039,0.796293318,5.093160629,SUPPORT
3.980000019,0.003578591,-0.011173862,0.937177181,4.930091858,SUPPORT
3.980999947,0.003579542,-0.010100625,1.073236227,4.743349075,SUPPORT
3.982000113,0.003580494,-0.008896856,1.203770161,4.533893108,SUPPORT
3.983000040,0.003581449,-0.007568749,1.328106880,4.302802086,SUPPORT
3.983999968,0.003582406,-0.006123142,1.445606470,4.051266670,SUPPORT
3.984999895,0.003583365,-0.004567479,1.555663824,3.780581236,SUPPORT
3.986000061,0.003584327,-0.002909766,1.657712698,3.492139339,SUPPORT
3.986999989,0.003585292,-0.001158538,1.751227498,3.187425613,TAKEOFF
3.987999916,0.004152115,0.000000000,1.158538342,0.000000000,TAKEOFF
3.989000082,0.005834385,0.000000000,-0.000000003,0.000000000,TAKEOFF
3.990000010,0.007506855,-0.000000000,-0.000000003,3.427800179,TAKEOFF
3.990999937,0.009169525,0.000000000,0.000000005,0.000000000,TAKEOFF
3.992000103,0.010822394,0.000000000,-0.000000004,0.000000000,TAKEOFF
3.993000031,0.012465464,-0.000000000,-0.000000004,3.427800179,TAKEOFF
3.993999958,0.014098734,0.000000000,0.000000007,0.000000000,TAKEOFF
3.994999886,0.015722204,0.000000000,-0.000000004,0.000000000,TAKEOFF
3.996000051,0.017335873,-0.000000000,-0.000000004,3.427800179,TAKEOFF
3.996999979,0.018939743,0.000000000,0.000000007,0.000000000,TAKEOFF
3.997999907,0.020533813,0.000000000,-0.000000004,0.000000000,TAKEOFF
3.999000072,0.022118084,-0.000000000,-0.000000004,3.427800179,TAKEOFF
4.000000000,0.023692554,0.000000000,0.000000007,0.000000000,TAKEOFF
4.000999928,0.025257222,0.000000000,-0.000000004,0.000000000,TAKEOFF
4.001999855,0.026812093,-0.000000000,-0.000000004,3.427800179,TAKEOFF
4.002999783,0.028357163,0.000000000,0.000000007,0.000000000,TAKEOFF
4.004000187,0.029892433,0.000000000,-0.000000004,0.000000000,TAKEOFF
4.005000114,0.031417903,-0.000000000,-0.000000004,3.427800179,AERIAL
4.006000042,0.032933574,0.000000000,0.000000007,0.000000000,AERIAL
4.006999969,0.034439441,0.000000000,-0.000000004,0.000000000,AERIAL
4.007999897,0.035935514,-0.000000000,-0.000000004,3.427800179,AERIAL
4.008999825,0.037421782,0.000000000,0.000000007,0.000000000,AERIAL
4.010000229,0.038898252,0.000000000,-0.000000004,0.000000000,AERIAL
4.011000156,0.040364921,-0.000000000,-0.000000004,3.427800179,AERIAL
4.012000084,0.041821793,0.000000000,0.000000007,0.000000000,AERIAL
4.013000011,0.043268863,0.000000000,-0.000000004,0.000000000,AERIAL
4.013999939,0.044706132,-0.000000000,-0.000000004,3.427800179,AERIAL
4.014999866,0.046133600,0.000000000,0.000000007,0.000000000,AERIAL
4.015999794,0.047551271,0.000000000,-0.000000004,0.000000000,AERIAL
4.017000198,0.048959140,-0.000000000,-0.000000004,3.427800179,AERIAL
4.018000126,0.050357211,0.000000000,0.000000007,0.000000000,AERIAL
4.019000053,0.051745482,0.000000000,-0.000000004,0.000000000,AERIAL
4.019999981,0.053123951,-0.000000000,-0.000000004,3.427800179,AERIAL
4.020999908,0.054492623,0.000000000,0.000000007,0.000000000,AERIAL
4.021999836,0.055851489,0.000000000,-0.000000004,0.000000000,AERIAL
4.022999763,0.057200562,-0.000000000,-0.000000004,3.427800179,AERIAL
4.024000168,0.058539830,0.000000000,0.000000007,0.000000000,AERIAL
4.025000095,0.059869301,0.000000000,-0.000000004,0.000000000,AERIAL
4.026000023,0.061188970,-0.000000000,-0.000000004,3.427800179,AERIAL
4.026999950,0.062498841,0.000000000,0.000000007,0.000000000,AERIAL
4.027999878,0.063798912,0.000000000,-0.000000004,0.000000000,AERIAL
4.028999805,0.065089181,-0.000000000,-0.000000004,3.427800179,AERIAL
4.030000210,0.066369653,0.000000000,0.000000007,0.000000000,AERIAL
4.031000137,0.067640319,0.000000000,-0.000000004,0.000000000,AERIAL
4.032000065,0.068901189,-0.000000000,-0.000000004,3.427800179,AERIAL
4.032999992,0.070152260,0.000000000,0.000000007,0.000000000,AERIAL
4.033999920,0.071393527,0.000000000,-0.000000004,0.000000000,AERIAL
4.034999847,0.072624996,-0.000000000,-0.000000004,3.427800179,AERIAL
4.035999775,0.073846668,0.000000000,0.000000007,0.000000000,AERIAL
4.037000179,0.075058542,0.000000000,-0.000000004,0.000000000,AERIAL
4.038000107,0.076260611,-0.000000000,-0.000000004,3.427800179,AERIAL
4.039000034,0.077452876,0.000000000,0.000000007,0.000000000,AERIAL
4.039999962,0.078635350,0.000000000,-0.000000004,0.000000000,AERIAL
4.040999889,0.079808019,-0.000000000,-0.000000004,3.427800179,AERIAL
4.041999817,0.080970891,0.000000000,0.000000007,0.000000000,AERIAL
4.043000221,0.082123958,0.000000000,-0.000000004,0.000000000,AERIAL
4.044000149,0.083267227,-0.000000000,-0.000000004,3.427800179,AERIAL
4.045000076,0.084400699,0.000000000,0.000000007,0.000000000,AERIAL
4.046000004,0.085524365,0.000000000,-0.000000004,0.000000000,AERIAL
4.046999931,0.086638235,-0.000000000,-0.000000004,3.427800179,AERIAL
4.047999859,0.087742306,0.000000000,0.000000007,0.000000000,AERIAL
4.048999786,0.088836581,0.000000000,-0.000000004,0.000000000,AERIAL
4.050000191,0.089921050,-0.000000000,-0.000000004,3.427800179,AERIAL
4.051000118,0.090995714,0.000000000,0.000000007,0.000000000,AERIAL
4.052000046,0.092060588,0.000000000,-0.000000004,0.000000000,AERIAL
4.052999973,0.093115658,-0.000000000,-0.000000004,3.427800179,AERIAL
4.053999901,0.094160929,0.000000000,0.000000007,0.000000000,AERIAL
4.054999828,0.095196396,0.000000000,-0.000000004,0.000000000,AERIAL
4.056000233,0.096222065,-0.000000000,-0.000000004,3.427800179,AERIAL
4.057000160,0.097237937,0.000000000,0.000000007,0.000000000,AERIAL
4.058000088,0.098244004,0.000000000,-0.000000004,0.000000000,AERIAL
4.059000015,0.099240273,-0.000000000,-0.000000004,3.427800179,AERIAL
4.059999943,0.100226745,0.000000000,0.000000007,0.000000000,AERIAL
4.060999870,0.101203419,0.000000000,-0.000000004,0.000000000,AERIAL
4.061999798,0.102170289,-0.000000000,-0.000000004,3.427800179,AERIAL
4.063000202,0.103127353,0.000000000,0.000000007,0.000000000,AERIAL
4.064000130,0.104074627,0.000000000,-0.000000004,0.000000000,AERIAL
4.065000057,0.105012096,-0.000000000,-0.000000004,3.427800179,AERIAL
4.065999985,0.105939768,0.000000000,0.000000007,0.000000000,AERIAL
4.066999912,0.106857635,0.000000000,-0.000000004,0.000000000,AERIAL
4.067999840,0.107765704,-0.000000000,-0.000000004,3.427800179,AERIAL
4.068999767,0.108663976,0.000000000,0.000000007,0.000000000,AERIAL
4.070000172,0.109552443,0.000000000,-0.000000004,0.000000000,AERIAL
4.071000099,0.110431112,-0.000000000,-0.000000004,3.427800179,AERIAL
4.072000027,0.111299984,0.000000000,0.000000007,0.000000000,AERIAL
4.072999954,0.112159051,0.000000000,-0.000000004,0.000000000,AERIAL
4.073999882,0.113008328,-0.000000000,-0.000000004,3.427800179,AERIAL
4.074999809,0.113847792,0.000000000,0.000000007,0.000000000,AERIAL
4.076000214,0.114677466,0.000000000,-0.000000004,0.000000000,AERIAL
4.077000141,0.115497336,-0.000000000,-0.000000004,3.427800179,AERIAL
4.078000069,0.116307400,0.000000000,0.000000007,0.000000000,AERIAL
4.078999996,0.117107674,0.000000000,-0.000000004,0.000000000,AERIAL
4.079999924,0.117898144,-0.000000000,-0.000000004,3.427800179,AERIAL
4.080999851,0.118678816,0.000000000,0.000000007,0.000000000,AERIAL
4.081999779,0.119449683,0.000000000,-0.000000004,0.000000000,AERIAL
4.083000183,0.120210752,-0.000000000,-0.000000004,3.427800179,AERIAL
4.084000111,0.120962024,0.000000000,0.000000007,0.000000000,AERIAL
4.085000038,0.121703491,0.000000000,-0.000000004,0.000000000,AERIAL
4.085999966,0.122435160,-0.000000000,-0.000000004,3.427800179,AERIAL
4.086999893,0.123157032,0.000000000,0.000000007,0.000000000,AERIAL
4.087999821,0.123869106,0.000000000,-0.000000004,0.000000000,AERIAL
4.089000225,0.124571376,-0.000000000,-0.000000004,3.427800179,AERIAL
4.090000153,0.125263840,0.000000000,0.000000007,0.000000000,AERIAL
4.091000080,0.125946507,0.000000000,-0.000000004,0.000000000,AERIAL
4.092000008,0.126619384,-0.000000000,-0.000000004,3.427800179,AERIAL
4.092999935,0.127282456,0.000000000,0.000000007,0.000000000,AERIAL
4.093999863,0.127935722,0.000000000,-0.000000004,0.000000000,AERIAL
4.094999790,0.128579184,-0.000000000,-0.000000004,3.427800179,AERIAL
4.096000195,0.129212856,0.000000000,0.000000007,0.000000000,AERIAL
4.097000122,0.129836738,0.000000000,-0.000000004,0.000000000,AERIAL
4.098000050,0.130450800,-0.000000000,-0.000000004,3.427800179,AERIAL
4.098999977,0.131055072,0.000000000,0.000000007,0.000000000,AERIAL
4.099999905,0.131649539,0.000000000,-0.000000004,0.000000000,AERIAL
