sim_time,mode,qx,qy,qz,qw,r_ref_x,r_ref_y,r_ref_z,r_ref_w,roll,pitch,yaw,erot_x,erot_y,erot_z,omega_x,omega_y,omega_z,tau_x,tau_y,tau_z,thrust_des,thrust_actual,f0,f1,f2,f3,speed0,speed1,speed2,speed3,vz,z_target,pos_x,pos_y,pos_z
2.094,zero_thrust,0.0,0.0,0.0,1.0,0.0,0.0,0.0,1.0,0.0,0.0,0.0,0.0,0.0,0.0,0.0,0.0,0.0,0.0,0.0,0.0,0.0,0.0,0.0,0.0,0.0,0.0,0.0,0.0,0.0,0.0,0.0,1.0199706000001014,0.0,0.0,1.0199706000001014
2.11,zero_thrust,0.0,0.0,0.0,1.0,0.0,0.0,0.0,1.0,0.0,0.0,0.0,0.0,0.0,0.0,0.0,0.0,0.0,0.0,0.0,0.0,0.0,0.0,0.0,0.0,0.0,0.0,0.0,0.0,0.0,0.0,0.0,1.0199706000001014,0.0,0.0,1.0192356000000002
2.12,zero_thrust,0.0,0.0,0.0,1.0,0.0,0.0,0.0,1.0,0.0,0.0,0.0,0.0,0.0,0.0,0.0,0.0,0.0,0.0,0.0,0.0,0.0,0.0,0.0,0.0,0.0,0.0,0.0,0.0,0.0,0.0,-0.018052631580014463,1.0199706000001014,0.0,0.0,1.0175205999998989
2.13,zero_thrust,0.0,0.0,0.0,1.0,0.0,0.0,0.0,1.0,0.0,0.0,0.0,0.0,0.0,0.0,0.0,0.0,0.0,0.0,0.0,0.0,0.0,0.0,0.0,0.0,0.0,0.0,0.0,0.0,0.0,0.0,-0.06834210525995363,1.0199706000001014,0.0,0.0,1.0148256000001017
2.14,zero_thrust,0.0,0.0,0.0,1.0,0.0,0.0,0.0,1.0,0.0,0.0,0.0,0.0,0.0,0.0,0.0,0.0,0.0,0.0,0.0,0.0,0.0,0.0,0.0,0.0,0.0,0.0,0.0,0.0,0.0,0.0,-0.12817368420999142,1.0199706000001014,0.0,0.0,1.0111506000000003
2.15,zero_thrust,0.0,0.0,0.0,1.0,0.0,0.0,0.0,1.0,0.0,0.0,0.0,0.0,0.0,0.0,0.0,0.0,0.0,0.0,0.0,0.0,0.0,0.0,0.0,0.0,0.0,0.0,0.0,0.0,0.0,0.0,-0.19563894737002613,1.0199706000001014,0.0,0.0,1.0064955999998988
2.16,zero_thrust,0.0,0.0,0.0,1.0,0.0,0.0,0.0,1.0,0.0,0.0,0.0,0.0,0.0,0.0,0.0,0.0,0.0,0.0,0.0,0.0,0.0,0.0,0.0,0.0,0.0,0.0,0.0,0.0,0.0,0.0,-0.2692111578919605,1.0199706000001014,0.0,0.0,1.0008606000001017
2.17,zero_thrust,0.0,0.0,0.0,1.0,0.0,0.0,0.0,1.0,0.0,0.0,0.0,0.0,0.0,0.0,0.0,0.0,0.0,0.0,0.0,0.0,0.0,0.0,0.0,0.0,0.0,0.0,0.0,0.0,0.0,0.0,-0.34766892631559704,1.0199706000001014,0.0,0.0,0.9942456000000004
2.18,zero_thrust,0.0,0.0,0.0,1.0,0.0,0.0,0.0,1.0,0.0,0.0,0.0,0.0,0.0,0.0,0.0,0.0,0.0,0.0,0.0,0.0,0.0,0.0,0.0,0.0,0.0,0.0,0.0,0.0,0.0,0.0,-0.4300351410545018,1.0199706000001014,0.0,0.0,0.986650599999899
2.19,zero_thrust,0.0,0.0,0.0,1.0,0.0,0.0,0.0,1.0,0.0,0.0,0.0,0.0,0.0,0.0,0.0,0.0,0.0,0.0,0.0,0.0,0.0,0.0,0.0,0.0,0.0,0.0,0.0,0.0,0.0,0.0,-0.5155281128395484,1.0199706000001014,0.0,0.0,0.9780756000001019
2.2,zero_thrust,0.0,0.0,0.0,1.0,0.0,0.0,0.0,1.0,0.0,0.0,0.0,0.0,0.0,0.0,0.0,0.0,0.0,0.0,0.0,0.0,0.0,0.0,0.0,0.0,0.0,0.0,0.0,0.0,0.0,0.0,-0.6035224902736633,1.0199706000001014,0.0,0.0,0.9685206000000004
2.21,zero_thrust,0.0,0.0,0.0,1.0,0.0,0.0,0.0,1.0,0.0,0.0,0.0,0.0,0.0,0.0,0.0,0.0,0.0,0.0,0.0,0.0,0.0,0.0,0.0,0.0,0.0,0.0,0.0,0.0,0.0,0.0,-0.6935179922209617,1.0199706000001014,0.0,0.0,0.9579855999998991
2.22,zero_thrust,0.0,0.0,0.0,1.0,0.0,0.0,0.0,1.0,0.0,0.0,0.0,0.0,0.0,0.0,0.0,0.0,0.0,0.0,0.0,0.0,0.0,0.0,0.0,0.0,0.0,0.0,0.0,0.0,0.0,0.0,-0.7851143937727061,1.0199706000001014,0.0,0.0,0.946470600000102
2.23,zero_thrust,0.0,0.0,0.0,1.0,0.0,0.0,0.0,1.0,0.0,0.0,0.0,0.0,0.0,0.0,0.0,0.0,0.0,0.0,0.0,0.0,0.0,0.0,0.0,0.0,0.0,0.0,0.0,0.0,0.0,0.0,-0.8779915150201982,1.0199706000001014,0.0,0.0,0.9339756000000006
2.24,zero_thrust,0.0,0.0,0.0,1.0,0.0,0.0,0.0,1.0,0.0,0.0,0.0,0.0,0.0,0.0,0.0,0.0,0.0,0.0,0.0,0.0,0.0,0.0,0.0,0.0,0.0,0.0,0.0,0.0,0.0,0.0,-0.9718932120181822,1.0199706000001014,0.0,0.0,0.9205005999998991
2.25,zero_thrust,0.0,0.0,0.0,1.0,0.0,0.0,0.0,1.0,0.0,0.0,0.0,0.0,0.0,0.0,0.0,0.0,0.0,0.0,0.0,0.0,0.0,0.0,0.0,0.0,0.0,0.0,0.0,0.0,0.0,0.0,-1.0666145696104952,1.0199706000001014,0.0,0.0,0.9060456000001019
2.26,zero_thrust,0.0,0.0,0.0,1.0,0.0,0.0,0.0,1.0,0.0,0.0,0.0,0.0,0.0,0.0,0.0,0.0,0.0,0.0,0.0,0.0,0.0,0.0,0.0,0.0,0.0,0.0,0.0,0.0,0.0,0.0,-1.1619916556904157,1.0199706000001014,0.0,0.0,0.8906106000000006
2.27,zero_thrust,0.0,0.0,0.0,1.0,0.0,0.0,0.0,1.0,0.0,0.0,0.0,0.0,0.0,0.0,0.0,0.0,0.0,0.0,0.0,0.0,0.0,0.0,0.0,0.0,0.0,0.0,0.0,0.0,0.0,0.0,-1.2578933245543706,1.0199706000001014,0.0,0.0,0.874195599999899
2.2800000000000002,zero_thrust,0.0,0.0,0.0,1.0,0.0,0.0,0.0,1.0,0.0,0.0,0.0,0.0,0.0,0.0,0.0,0.0,0.0,0.0,0.0,0.0,0.0,0.0,0.0,0.0,0.0,0.0,0.0,0.0,0.0,0.0,-1.3542146596394329,1.0199706000001014,0.0,0.0,0.8568006000001018
2.29,zero_thrust,0.0,0.0,0.0,1.0,0.0,0.0,0.0,1.0,0.0,0.0,0.0,0.0,0.0,0.0,0.0,0.0,0.0,0.0,0.0,0.0,0.0,0.0,0.0,0.0,0.0,0.0,0.0,0.0,0.0,0.0,-1.450871727713582,1.0199706000001014,0.0,0.0,0.8384256000000004
2.3,zero_thrust,0.0,0.0,0.0,1.0,0.0,0.0,0.0,1.0,0.0,0.0,0.0,0.0,0.0,0.0,0.0,0.0,0.0,0.0,0.0,0.0,0.0,0.0,0.0,0.0,0.0,0.0,0.0,0.0,0.0,0.0,-1.5477973821728865,1.0199706000001014,0.0,0.0,0.819070599999899
2.31,zero_thrust,0.0,0.0,0.0,1.0,0.0,0.0,0.0,1.0,0.0,0.0,0.0,0.0,0.0,0.0,0.0,0.0,0.0,0.0,0.0,0.0,0.0,0.0,0.0,0.0,0.0,0.0,0.0,0.0,0.0,0.0,-1.6449379057342632,1.0199706000001014,0.0,0.0,0.7987356000001017
2.32,zero_thrust,0.0,0.0,0.0,1.0,0.0,0.0,0.0,1.0,0.0,0.0,0.0,0.0,0.0,0.0,0.0,0.0,0.0,0.0,0.0,0.0,0.0,0.0,0.0,0.0,0.0,0.0,0.0,0.0,0.0,0.0,-1.7422503245894299,1.0199706000001014,0.0,0.0,0.7774206000000002
2.33,zero_thrust,0.0,0.0,0.0,1.0,0.0,0.0,0.0,1.0,0.0,0.0,0.0,0.0,0.0,0.0,0.0,0.0,0.0,0.0,0.0,0.0,0.0,0.0,0.0,0.0,0.0,0.0,0.0,0.0,0.0,0.0,-1.839700259673582,1.0199706000001014,0.0,0.0,0.7551255999998988
2.34,zero_thrust,0.0,0.0,0.0,1.0,0.0,0.0,0.0,1.0,0.0,0.0,0.0,0.0,0.0,0.0,0.0,0.0,0.0,0.0,0.0,0.0,0.0,0.0,0.0,0.0,0.0,0.0,0.0,0.0,0.0,0.0,-1.9372602077347971,1.0199706000001014,0.0,0.0,0.7318506000001017
2.35,zero_thrust,0.0,0.0,0.0,1.0,0.0,0.0,0.0,1.0,0.0,0.0,0.0,0.0,0.0,0.0,0.0,0.0,0.0,0.0,0.0,0.0,0.0,0.0,0.0,0.0,0.0,0.0,0.0,0.0,0.0,0.0,-2.034908166189876,1.0199706000001014,0.0,0.0,0.7075956000000003
2.36,zero_thrust,0.0,0.0,0.0,1.0,0.0,0.0,0.0,1.0,0.0,0.0,0.0,0.0,0.0,0.0,0.0,0.0,0.0,0.0,0.0,0.0,0.0,0.0,0.0,0.0,0.0,0.0,0.0,0.0,0.0,0.0,-2.1326265329539167,1.0199706000001014,0.0,0.0,0.682360599999899
2.37,zero_thrust,0.0,0.0,0.0,1.0,0.0,0.0,0.0,1.0,0.0,0.0,0.0,0.0,0.0,0.0,0.0,0.0,0.0,0.0,0.0,0.0,0.0,0.0,0.0,0.0,0.0,0.0,0.0,0.0,0.0,0.0,-2.2304012263590853,1.0199706000001014,0.0,0.0,0.6561456000001019
2.38,zero_thrust,0.0,0.0,0.0,1.0,0.0,0.0,0.0,1.0,0.0,0.0,0.0,0.0,0.0,0.0,0.0,0.0,0.0,0.0,0.0,0.0,0.0,0.0,0.0,0.0,0.0,0.0,0.0,0.0,0.0,0.0,-2.3282209810892827,1.0199706000001014,0.0,0.0,0.6289506000000006
2.39,zero_thrust,0.0,0.0,0.0,1.0,0.0,0.0,0.0,1.0,0.0,0.0,0.0,0.0,0.0,0.0,0.0,0.0,0.0,0.0,0.0,0.0,0.0,0.0,0.0,0.0,0.0,0.0,0.0,0.0,0.0,0.0,-2.4260767848734623,1.0199706000001014,0.0,0.0,0.6007755999998994
2.4,zero_thrust,0.0,0.0,0.0,1.0,0.0,0.0,0.0,1.0,0.0,0.0,0.0,0.0,0.0,0.0,0.0,0.0,0.0,0.0,0.0,0.0,0.0,0.0,0.0,0.0,0.0,0.0,0.0,0.0,0.0,0.0,-2.523961427894722,1.0199706000001014,0.0,0.0,0.5716206000001024
2.41,zero_thrust,0.0,0.0,0.0,1.0,0.0,0.0,0.0,1.0,0.0,0.0,0.0,0.0,0.0,0.0,0.0,0.0,0.0,0.0,0.0,0.0,0.0,0.0,0.0,0.0,0.0,0.0,0.0,0.0,0.0,0.0,-2.62186914231779,1.0199706000001014,0.0,0.0,0.5414856000000011
2.42,zero_thrust,0.0,0.0,0.0,1.0,0.0,0.0,0.0,1.0,0.0,0.0,0.0,0.0,0.0,0.0,0.0,0.0,0.0,0.0,0.0,0.0,0.0,0.0,0.0,0.0,0.0,0.0,0.0,0.0,0.0,0.0,-2.7197953138562427,1.0199706000001014,0.0,0.0,0.5103705999998999
2.43,zero_thrust,0.0,0.0,0.0,1.0,0.0,0.0,0.0,1.0,0.0,0.0,0.0,0.0,0.0,0.0,0.0,0.0,0.0,0.0,0.0,0.0,0.0,0.0,0.0,0.0,0.0,0.0,0.0,0.0,0.0,0.0,-2.8177362510809467,1.0199706000001014,0.0,0.0,0.47827560000010294
2.44,zero_thrust,0.0,0.0,0.0,1.0,0.0,0.0,0.0,1.0,0.0,0.0,0.0,0.0,0.0,0.0,0.0,0.0,0.0,0.0,0.0,0.0,0.0,0.0,0.0,0.0,0.0,0.0,0.0,0.0,0.0,0.0,-2.915689000866796,1.0199706000001014,0.0,0.0,0.4452006000000017
2.45,zero_thrust,0.0,0.0,0.0,1.0,0.0,0.0,0.0,1.0,0.0,0.0,0.0,0.0,0.0,0.0,0.0,0.0,0.0,0.0,0.0,0.0,0.0,0.0,0.0,0.0,0.0,0.0,0.0,0.0,0.0,0.0,-3.0136512006954455,1.0199706000001014,0.0,0.0,0.4111455999999005
2.46,zero_thrust,0.0,0.0,0.0,1.0,0.0,0.0,0.0,1.0,0.0,0.0,0.0,0.0,0.0,0.0,0.0,0.0,0.0,0.0,0.0,0.0,0.0,0.0,0.0,0.0,0.0,0.0,0.0,0.0,0.0,0.0,-3.111620960552309,1.0199706000001014,0.0,0.0,0.37611060000010366
2.47,zero_thrust,0.0,0.0,0.0,1.0,0.0,0.0,0.0,1.0,0.0,0.0,0.0,0.0,0.0,0.0,0.0,0.0,0.0,0.0,0.0,0.0,0.0,0.0,0.0,0.0,0.0,0.0,0.0,0.0,0.0,0.0,-3.209596768443853,1.0199706000001014,0.0,0.0,0.34009560000000255
2.48,zero_thrust,0.0,0.0,0.0,1.0,0.0,0.0,0.0,1.0,0.0,0.0,0.0,0.0,0.0,0.0,0.0,0.0,0.0,0.0,0.0,0.0,0.0,0.0,0.0,0.0,0.0,0.0,0.0,0.0,0.0,0.0,-3.3075774147571213,1.0199706000001014,0.0,0.0,0.3031005999999014
2.49,zero_thrust,0.0,0.0,0.0,1.0,0.0,0.0,0.0,1.0,0.0,0.0,0.0,0.0,0.0,0.0,0.0,0.0,0.0,0.0,0.0,0.0,0.0,0.0,0.0,0.0,0.0,0.0,0.0,0.0,0.0,0.0,-3.405561931801617,1.0199706000001014,0.0,0.0,0.26512560000010454
2.5,zero_thrust,0.0,0.0,0.0,1.0,0.0,0.0,0.0,1.0,0.0,0.0,0.0,0.0,0.0,0.0,0.0,0.0,0.0,0.0,0.0,0.0,0.0,0.0,0.0,0.0,0.0,0.0,0.0,0.0,0.0,0.0,-3.5035495454433314,1.0199706000001014,0.0,0.0,0.2261706000000035
2.51,zero_thrust,0.0,0.0,0.0,1.0,0.0,0.0,0.0,1.0,0.0,0.0,0.0,0.0,0.0,0.0,0.0,0.0,0.0,0.0,0.0,0.0,0.0,0.0,0.0,0.0,0.0,0.0,0.0,0.0,0.0,0.0,-3.456352285210337,1.0199706000001014,0.0,0.0,0.19349496755721918
2.52,zero_thrust,0.0,0.0,0.0,1.0,0.0,0.0,0.0,1.0,0.0,0.0,0.0,0.0,0.0,0.0,0.0,0.0,0.0,0.0,0.0,0.0,0.0,0.0,0.0,0.0,0.0,0.0,0.0,0.0,0.0,0.0,-2.9352585152884467,1.0199706000001014,0.0,0.0,0.18498613320121052
2.5300000000000002,zero_thrust,0.0,0.0,0.0,1.0,0.0,0.0,0.0,1.0,0.0,0.0,0.0,0.0,0.0,0.0,0.0,0.0,0.0,0.0,0.0,0.0,0.0,0.0,0.0,0.0,0.0,0.0,0.0,0.0,0.0,0.0,-1.9820756165097815,1.0199706000001014,0.0,0.0,0.20329269298725974
2.54,zero_thrust,0.0,0.0,0.0,1.0,0.0,0.0,0.0,1.0,0.0,0.0,0.0,0.0,0.0,0.0,0.0,0.0,0.0,0.0,0.0,0.0,0.0,0.0,0.0,0.0,0.0,0.0,0.0,0.0,0.0,0.0,-0.9135319833068444,1.0199706000001014,0.0,0.0,0.23689911848230807
2.55,zero_thrust,0.0,0.0,0.0,1.0,0.0,0.0,0.0,1.0,0.0,0.0,0.0,0.0,0.0,0.0,0.0,0.0,0.0,0.0,0.0,0.0,0.0,0.0,0.0,0.0,0.0,0.0,0.0,0.0,0.0,0.0,-0.06255982496103585,1.0199706000001014,0.0,0.0,0.2703124065665308
2.56,attitude_only,0.0,0.0,0.0,1.0,0.0,0.0,0.0,1.0,0.0,0.0,0.0,0.0,0.0,0.0,0.0,0.0,0.0,0.0,0.0,0.0,0.034127142,0.034127142,0.0085317855,0.0085317855,0.0085317855,0.0085317855,533.2849613480583,533.2849613480583,533.2849613480583,533.2849613480583,0.8766175138661502,1.0199706000001014,0.0,0.0,0.30274569465075357
2.5700000000000003,attitude_only,-4.1942920892253654e-21,7.313483860946123e-21,-2.3782383599603285e-20,1.0,0.0,0.0,0.0,1.0,-8.388584178450731e-21,1.4626967721892247e-20,-4.756476719920657e-20,0.0,0.0,0.0,-2.078598298927033e-18,2.050074640426793e-18,-1.1902343741760067e-17,2.5151039417017105e-21,-2.4805903149164198e-21,0.0,0.034127142,0.034127142,0.0085317855,0.0085317855,0.0085317855,0.0085317855,533.2849613480583,533.2849613480583,533.2849613480583,533.2849613480583,1.1851909592529868,1.0199706000001014,7.374406567141298e-24,-2.3351669857208612e-39,0.33419899628115873
2.58,attitude_only,-1.567785668444471e-20,1.379129792246275e-20,-4.0078096831117706e-20,1.0,0.0,0.0,0.0,1.0,-3.135571336888942e-20,2.75825958449255e-20,-8.015619366223541e-20,0.0,0.0,0.0,4.709631764373236e-18,8.62463370746503e-18,5.9090423123704305e-18,-5.6778684519023435e-21,-1.0456307532436951e-20,0.0,0.034127142,0.034127142,0.0085317855,0.0085317855,0.0085317855,0.0085317855,533.2849613480583,533.2849613480583,533.2849613480583,533.2849613480583,1.5576986234174726,1.0199706000001014,-2.5738060093707602e-23,1.5469456300083712e-22,0.36467628908191224
2.59,attitude_only,7.140168703388302e-21,5.562096343694646e-20,-3.5182146490437026e-20,1.0,0.0,0.0,0.0,1.0,1.4280337406776604e-20,1.1124192687389292e-19,-7.036429298087405e-20,0.0,0.0,0.0,4.448894230154009e-18,8.16286695255606e-18,-2.5927025948674485e-17,-5.40947235314081e-21,-9.983816096071747e-21,0.0,0.034127142,0.034127142,0.0085317855,0.0085317855,0.0085317855,0.0085317855,533.2849613480583,533.2849613480583,533.2849613480583,533.2849613480583,1.8365557889552488,1.0199706000001014,2.4368526998029263e-22,2.9440954865362927e-23,0.39419613359297645
2.6,attitude_only,2.873871338712043e-20,9.52937617328408e-20,-1.5292187147815686e-19,1.0,0.0,0.0,0.0,1.0,5.747742677424087e-20,1.905875234656816e-19,-3.058437429563137e-19,0.0,0.0,0.0,4.2182983562339635e-18,7.755502677357552e-18,-2.1466249165304767e-17,-5.174940287999096e-21,-9.572533992607115e-21,0.0,0.034127142,0.034127142,0.0085317855,0.0085317855,0.0085317855,0.0085317855,533.2849613480583,533.2849613480583,533.2849613480583,533.2849613480583,2.040948369935049,1.0199706000001014,5.305973768253946e-22,-1.238160259009318e-22,0.42278132053151835
2.61,attitude_only,3.797004252577313e-20,1.404142422461161e-19,-2.7713467922041096e-19,1.0,0.0,0.0,0.0,1.0,7.594008505154626e-20,2.808284844922322e-19,-5.542693584408219e-19,0.0,0.0,0.0,6.514153274363828e-19,7.331045992198663e-18,-1.9731502638438762e-17,-9.011948067163633e-22,-9.136496430338433e-21,0.0,0.034127142,0.034127142,0.0085317855,0.0085317855,0.0085317855,0.0085317855,533.2849613480583,533.2849613480583,533.2849613480583,533.2849613480583,2.186133259884697,1.0199706000001014,8.132279127957045e-22,-2.4745492304840696e-22,0.45045004872835187
2.62,attitude_only,4.054261022129695e-20,1.6917251543184345e-19,-3.5407812231489057e-19,1.0,0.0,0.0,0.0,1.0,8.10852204425939e-20,3.383450308636869e-19,-7.081562446297811e-19,0.0,0.0,0.0,6.370115071880077e-19,7.083451576436758e-18,-1.886412937500576e-17,-8.902803374901934e-22,-8.910217647188516e-21,0.0,0.034127142,0.034127142,0.0085317855,0.0085317855,0.0085317855,0.0085317855,533.2849613480583,533.2849613480583,533.2849613480583,533.2849613480583,2.2842049535742244,1.0199706000001014,1.1010128710737547e-21,-2.7679423889769513e-22,0.4772149660116746
2.63,attitude_only,4.3684678566598515e-20,2.0382238655250767e-19,-4.452390523016992e-19,1.0,0.0,0.0,0.0,1.0,8.736935713319703e-20,4.0764477310501534e-19,-8.904781046033984e-19,0.0,0.0,0.0,6.218341341207055e-19,6.8102097958576504e-18,-1.7748935179163333e-17,-8.782858311506378e-22,-8.650429608452162e-21,0.0,0.034127142,0.034127142,0.0085317855,0.0085317855,0.0085317855,0.0085317855,533.2849613480583,533.2849613480583,533.2849613480583,533.2849613480583,2.3447513595259353,1.0199706000001014,1.4035696481749579e-21,-3.120844018160168e-22,0.503084335845003
2.64,attitude_only,4.675898510305708e-20,2.372093532423611e-19,-5.315364964899728e-19,1.0,0.0,0.0,0.0,1.0,9.351797020611417e-20,4.744187064847222e-19,-1.0630729929799455e-18,0.0,0.0,0.0,6.095783563248212e-19,6.574051226990981e-18,-1.7005472381935043e-17,-8.696746813588248e-22,-8.43277983808207e-21,0.0,0.034127142,0.034127142,0.0085317855,0.0085317855,0.0085317855,0.0085317855,533.2849613480583,533.2849613480583,533.2849613480583,533.2849613480583,2.375382133095183,1.0199706000001014,1.7301961828806856e-21,-3.5441028749442994e-22,0.5280633881187242
2.65,attitude_only,4.977956436488185e-20,2.6951040470517314e-19,-6.146587349817504e-19,1.0,0.0,0.0,0.0,1.0,9.95591287297637e-20,5.390208094103463e-19,-1.2293174699635009e-18,0.0,0.0,0.0,6.000403630731639e-19,6.3719739254396676e-18,-1.6385920050911466e-17,-8.642294930875678e-22,-8.25400681547489e-21,0.0,0.034127142,0.034127142,0.0085317855,0.0085317855,0.0085317855,0.0085317855,533.2849613480583,533.2849613480583,533.2849613480583,533.2849613480583,2.3821454453600746,1.0199706000001014,2.0896929864452146e-21,-4.047230216403997e-22,0.5521553750629201
2.66,attitude_only,5.275951444560689e-20,3.00888611787442e-19,-6.960617157549377e-19,1.0,0.0,0.0,0.0,1.0,1.0551902889121378e-19,6.01777223574884e-19,-1.3921234315098753e-18,0.0,0.0,0.0,5.930458164060827e-19,6.2013650192078464e-18,-1.6184565543328802e-17,-8.617664952511311e-22,-8.111289778188784e-21,0.0,0.034127142,0.034127142,0.0085317855,0.0085317855,0.0085317855,0.0085317855,533.2849613480583,533.2849613480583,533.2849613480583,533.2849613480583,2.3698548297727164,1.0199706000001014,2.4903474729819896e-21,-4.638754035451853e-22,0.5753622987371535
2.67,attitude_only,5.571113470346665e-20,3.3149493943466793e-19,-7.76713489326759e-19,1.0,0.0,0.0,0.0,1.0,1.114222694069333e-19,6.629898788693359e-19,-1.553426978653518e-18,0.0,0.0,0.0,5.884464511647738e-19,6.059953834742745e-18,-1.610712150195085e-17,-8.621317214732081e-22,-8.002195895178088e-21,0.0,0.034127142,0.034127142,0.0085317855,0.0085317855,0.0085317855,0.0085317855,533.2849613480583,533.2849613480583,533.2849613480583,533.2849613480583,2.3423455750324127,1.0199706000001014,2.9399865126133286e-21,-5.3265021314955445e-22,0.597685384297866
2.68,attitude_only,5.864604833283371e-20,3.6146984898578197e-19,-8.57109697562033e-19,1.0,0.0,0.0,0.0,1.0,1.1729209666566742e-19,7.229396979715639e-19,-1.714219395124066e-18,0.0,0.0,0.0,5.861173257546034e-19,5.945773466532822e-18,-1.6045166268848498e-17,-8.651979442385498e-22,-7.92463718799151e-21,0.0,0.034127142,0.034127142,0.0085317855,0.0085317855,0.0085317855,0.0085317855,533.2849613480583,533.2849613480583,533.2849613480583,533.2849613480583,2.3026763506685812,1.0199706000001014,3.446049964403625e-21,-6.11781491834903e-22,0.6191253788299981
2.69,attitude_only,6.157531260725455e-20,3.9094472673100083e-19,-9.371670881162787e-19,1.0,0.0,0.0,0.0,1.0,1.231506252145091e-19,7.818894534620017e-19,-1.8743341762325574e-18,0.0,0.0,0.0,5.85954569593934e-19,5.8571287993569064e-18,-1.5983211035746146e-17,-8.708621825416857e-22,-7.876834875373979e-21,0.0,0.034127142,0.034127142,0.0085317855,0.0085317855,0.0085317855,0.0085317855,533.2849613480583,533.2849613480583,533.2849613480583,533.2849613480583,2.253288242561098,1.0199706000001014,4.0156643112971754e-21,-7.019701389731693e-22,0.6396827369313093
2.7,attitude_only,6.450951897298937e-20,4.200431670559439e-19,-1.016977625788632e-18,1.0,0.0,0.0,0.0,1.0,1.2901903794597874e-19,8.400863341118878e-19,-2.033955251577264e-18,0.0,0.0,0.0,5.878735224957522e-19,5.7925696267176575e-18,-1.595029731816052e-17,-8.790436612488252e-22,-7.857289564474059e-21,0.0,0.034127142,0.034127142,0.0085317855,0.0085317855,0.0085317855,0.0085317855,533.2849613480583,533.2849613480583,533.2849613480583,533.2849613480583,2.196130552808005,1.0199706000001014,4.655708740924367e-21,-8.038952921679859e-22,0.6593577348692661
2.71,attitude_only,6.745888474346928e-20,4.488821329255138e-19,-1.0966652210452976e-18,1.0,0.0,0.0,0.0,1.0,1.3491776948693856e-19,8.977642658510275e-19,-2.193330442090595e-18,0.0,0.0,0.0,5.918071937869164e-19,5.750867922964258e-18,-1.592900020678158e-17,-8.896821387360912e-22,-7.86475619919962e-21,0.0,0.034127142,0.034127142,0.0085317855,0.0085317855,0.0085317855,0.0085317855,533.2849613480583,533.2849613480583,533.2849613480583,533.2849613480583,2.132760553005223,1.0199706000001014,5.372872036981652e-21,-9.182227212220543e-22,0.6781505404072075
2.72,attitude_only,7.043333784608e-20,4.775730125311785e-19,-1.1762894089930853e-18,1.0,0.0,0.0,0.0,1.0,1.4086667569216e-19,9.55146025062357e-19,-2.3525788179861707e-18,0.0,0.0,0.0,5.977049901490549e-19,5.7309985938628834e-18,-1.592222385316101e-17,-9.027365442721482e-22,-7.898222990216603e-21,0.0,0.034127142,0.034127142,0.0085317855,0.0085317855,0.0085317855,0.0085317855,533.2849613480583,533.2849613480583,533.2849613480583,533.2849613480583,2.0644227416964607,1.0199706000001014,6.173701060609826e-21,-1.0456111639203314e-21,0.6960612553718212
2.73,attitude_only,7.344259585823586e-20,5.06222588059856e-19,-1.255882619324322e-18,1.0,0.0,0.0,0.0,1.0,1.4688519171647172e-19,1.012445176119712e-18,-2.511765238648644e-18,0.0,0.0,0.0,6.05531675093526e-19,5.732123205377423e-18,-1.591593152479905e-17,-9.181838829564486e-22,-7.956893756087821e-21,0.0,0.034127142,0.034127142,0.0085317855,0.0085317855,0.0085317855,0.0085317855,533.2849613480583,533.2849613480583,533.2849613480583,533.2849613480583,1.9921119169407442,1.0199706000001014,7.064642342047194e-21,-1.1867172678610597e-21,0.7130899415509996
2.74,attitude_only,7.64962404116191e-20,5.349339303844305e-19,-1.3354492082663348e-18,1.0,0.0,0.0,0.0,1.0,1.529924808232382e-19,1.069867860768861e-18,-2.6708984165326696e-18,0.0,0.0,0.0,6.152665324029083e-19,5.753576308558278e-18,-1.5912059322730152e-17,-9.360183770517366e-22,-8.040173242990431e-21,0.0,0.034127142,0.034127142,0.0085317855,0.0085317855,0.0085317855,0.0085317855,533.2849613480583,533.2849613480583,533.2849613480583,533.2849613480583,1.9166234311502826,1.0199706000001014,8.052078337195781e-21,-1.342199600144786e-21,0.7292366364308843
2.75,attitude_only,7.960378792424496e-20,5.638072318051039e-19,-1.4150062377094901e-18,1.0,0.0,0.0,0.0,1.0,1.5920757584848992e-19,1.1276144636102079e-18,-2.8300124754189802e-18,0.0,0.0,0.0,6.269027124999603e-19,5.794854061502946e-18,-1.5910365234325013e-17,-9.562508202931985e-22,-8.147655087139062e-21,0.0,0.034127142,0.034127142,0.0085317855,0.0085317855,0.0085317855,0.0085317855,533.2849613480583,533.2849613480583,533.2849613480583,533.2849613480583,1.8385932713346986,1.0199706000001014,9.142359687383231e-21,-1.512722041103786e-21,0.7445013627516076
2.76,attitude_only,8.277475752881773e-20,5.929405876508644e-19,-1.4945552202327209e-18,1.0,0.0,0.0,0.0,1.0,1.6554951505763546e-19,1.1858811753017289e-18,-2.9891104404654417e-18,0.0,0.0,0.0,6.404467455905248e-19,5.855604910498237e-18,-1.590939718380779e-17,-9.78908127457781e-22,-8.279112155038392e-21,0.0,0.034127142,0.034127142,0.0085317855,0.0085317855,0.0085317855,0.0085317855,533.2849613480583,533.2849613480583,533.2849613480583,533.2849613480583,1.7585300481775201,1.0199706000001014,1.0341834553064516e-20,-1.6989567772943996e-21,0.758884134307096
2.77,attitude_only,8.601873699583097e-20,6.2243073649513605e-19,-1.5740996045159947e-18,1.0,0.0,0.0,0.0,1.0,1.7203747399166193e-19,1.2448614729902721e-18,-3.1481992090319895e-18,0.0,0.0,0.0,6.559182092066872e-19,5.9356221395858806e-18,-1.590842913329056e-17,-1.004033065889243e-21,-8.434489051339425e-21,0.0,0.034127142,0.034127142,0.0085317855,0.0085317855,0.0085317855,0.0085317855,533.2849613480583,533.2849613480583,533.2849613480583,533.2849613480583,1.6768405416857082,1.0199706000001014,1.1656875850840873e-20,-1.90158704060816e-21,0.7723849594642803
2.7800000000000002,attitude_only,8.934544739665999e-20,6.523737678932268e-19,-1.6536402981066716e-18,1.0,0.0,0.0,0.0,1.0,1.7869089479331999e-19,1.3047475357864537e-18,-3.3072805962133433e-18,0.0,0.0,0.0,6.733495408408276e-19,6.034838135707822e-18,-1.5907884604874627e-17,-1.0316841592586199e-21,-8.613896628042833e-21,0.0,0.034127142,0.034127142,0.0085317855,0.0085317855,0.0085317855,0.0085317855,533.2849613480583,533.2849613480583,533.2849613480583,533.2849613480583,1.5938501100258098,1.0199706000001014,1.3093907030371782e-20,-2.121309694804776e-21,0.7850038432981428
2.79,attitude_only,9.276480721263488e-20,6.828658058741902e-19,-1.7331785564452662e-18,1.0,0.0,0.0,0.0,1.0,1.8552961442526976e-19,1.3657316117483803e-18,-3.4663571128905324e-18,0.0,0.0,0.0,6.927859889536267e-19,6.153320248254667e-18,-1.5907521585930674e-17,-1.0619357568835148e-21,-8.817608365581594e-21,0.0,0.034127142,0.034127142,0.0085317855,0.0085317855,0.0085317855,0.0085317855,533.2849613480583,533.2849613480583,533.2849613480583,533.2849613480583,1.509818999795434,1.0199706000001014,1.465942688333153e-20,-2.3588377407880202e-21,0.7967407888868818
2.8,attitude_only,9.628699656886521e-20,7.1400367589044725e-19,-1.81271580891887e-18,1.0,0.0,0.0,0.0,1.0,1.9257399313773042e-19,1.4280073517808945e-18,-3.62543161783774e-18,0.0,0.0,0.0,7.1428569791639305e-19,6.2912681491573254e-18,-1.590737032803736e-17,-1.0948782646179982e-21,-9.046058528156355e-21,0.0,0.034127142,0.034127142,0.0085317855,0.0085317855,0.0085317855,0.0085317855,533.2849613480583,533.2849613480583,533.2849613480583,533.2849613480583,1.4249553840495794,1.0199706000001014,1.6360033772631517e-20,-2.6149027924235396e-21,0.8075957980975437
2.81,attitude_only,9.99225222551442e-20,7.45885562526914e-19,-1.8922522521627447e-18,1.0,0.0,0.0,0.0,1.0,1.998450445102884e-19,1.491771125053828e-18,-3.7845045043254895e-18,0.0,0.0,0.0,7.379199245155125e-19,6.449012623890473e-18,-1.5907249321722703e-17,-1.130618535782097e-21,-9.299842024075038e-21,0.0,0.034127142,0.034127142,0.0085317855,0.0085317855,0.0085317855,0.0085317855,533.2849613480583,533.2849613480583,533.2849613480583,533.2849613480583,1.339425786539957,1.0199706000001014,1.820244959749737e-20,-2.8902575621353923e-21,0.8175688720625581
2.8200000000000003,attitude_only,1.0368228418975593e-19,7.786116649845567e-19,-1.9717882605401764e-18,1.0,0.0,0.0,0.0,1.0,2.0736456837951186e-19,1.5572233299691134e-18,-3.943576521080353e-18,0.0,0.0,0.0,7.63773385578924e-19,6.627015745781366e-18,-1.5907158566986716e-17,-1.16928042291398e-21,-9.579715927801925e-21,0.0,0.034127142,0.034127142,0.0085317855,0.0085317855,0.0085317855,0.0085317855,533.2849613480583,533.2849613480583,533.2849613480583,533.2849613480583,1.2533634173564452,1.0199706000001014,2.0193543760552487e-20,-3.1856783875656546e-21,0.8266600114687823
2.83,attitude_only,1.0757764398492717e-19,8.122848571720911e-19,-2.0513240117791892e-18,1.0,0.0,0.0,0.0,1.0,2.1515528796985434e-19,1.6245697143441823e-18,-4.1026480235583785e-18,0.0,0.0,0.0,7.919447381374557e-19,6.825872406494412e-18,-1.5907135878302722e-17,-1.2110054933655925e-21,-9.886602644722523e-21,0.0,0.034127142,0.034127142,0.0085317855,0.0085317855,0.0085317855,0.0085317855,533.2849613480583,533.2849613480583,533.2849613480583,533.2849613480583,1.166874839165849,1.0199706000001014,2.2340357370449977e-20,-3.501967825683504e-21,0.8348692167328168
2.84,attitude_only,1.1162049628473607e-19,8.470113591577105e-19,-2.1308595663829407e-18,1.0,0.0,0.0,0.0,1.0,2.2324099256947214e-19,1.694022718315421e-18,-4.2617191327658814e-18,0.0,0.0,0.0,8.225471953528026e-19,7.046313195007336e-18,-1.5907094282382068e-17,-1.2559539139775367e-21,-1.0221594722888105e-20,0.0,0.034127142,0.034127142,0.0085317855,0.0085317855,0.0085317855,0.0085317855,533.2849613480583,533.2849613480583,533.2849613480583,533.2849613480583,1.0800452988232079,1.0199706000001014,2.46501278931105e-20,-3.839957337868924e-21,0.8421964881073434
2.85,attitude_only,1.158233435674566e-19,8.829014267462912e-19,-2.2103949839092266e-18,1.0,0.0,0.0,0.0,1.0,2.316466871349132e-19,1.7658028534925824e-18,-4.420789967818453e-18,0.0,0.0,0.0,8.557092832676967e-19,7.289208636239447e-18,-1.590707348442173e-17,-1.3043055123080867e-21,-1.0585961338729033e-20,0.0,0.034127142,0.034127142,0.0085317855,0.0085317855,0.0085317855,0.0085317855,533.2849613480583,533.2849613480583,533.2849613480583,533.2849613480583,0.9929429918241276,1.0199706000001014,2.713031445293333e-20,-4.200510088012134e-21,0.8486418257456213
2.8600000000000003,attitude_only,1.2019937513469632e-19,9.200700660545548e-19,-2.289930339986993e-18,1.0,0.0,0.0,0.0,1.0,2.4039875026939265e-19,1.8401401321091095e-18,-4.579860679973986e-18,0.0,0.0,0.0,8.915757452977252e-19,7.55557481911592e-18,-1.5907070648336228e-17,-1.3562610241970983e-21,-1.0981156506371962e-20,0.0,0.034127142,0.034127142,0.0085317855,0.0085317855,0.0085317855,0.0085317855,533.2849613480583,533.2849613480583,533.2849613480583,533.2849613480583,0.9056224733590152,1.0199706000001014,2.978862398015959e-20,-4.584523875139977e-21,0.8542052297406071
2.87,attitude_only,1.2476255104957404e-19,9.586377801570387e-19,-2.369465671721693e-18,1.0,0.0,0.0,0.0,1.0,2.495251020991481e-19,1.9172755603140775e-18,-4.738931343443386e-18,0.0,0.0,0.0,9.303086033220842e-19,7.846580462603855e-18,-1.590706450348431e-17,-1.4120435398595497e-21,-1.140882908318352e-20,0.0,0.034127142,0.034127142,0.0085317855,0.0085317855,0.0085317855,0.0085317855,533.2849613480583,533.2849613480583,533.2849613480583,533.2849613480583,0.8181273868487072,1.0199706000001014,3.263303840034645e-20,-4.992934222237068e-21,0.8588867001486817
2.88,attitude_only,1.2952769183604434e-19,9.987313551709872e-19,-2.4490009866762195e-18,1.0,0.0,0.0,0.0,1.0,2.5905538367208867e-19,1.9974627103419744e-18,-4.898001973352439e-18,0.0,0.0,0.0,9.720883862759374e-19,8.163555487471825e-18,-1.59070611947179e-17,-1.4719001632669328e-21,-1.1870834667899801e-20,0.0,0.034127142,0.034127142,0.0085317855,0.0085317855,0.0085317855,0.0085317855,533.2849613480583,533.2849613480583,533.2849613480583,533.2849613480583,0.7304926465861784,1.0199706000001014,3.567184306566359e-20,-5.426717643606318e-21,0.8626862370040425
2.89,attitude_only,1.345105748119386e-19,1.0404846935416617e-18,-2.528536284968744e-18,1.0,0.0,0.0,0.0,1.0,2.690211496238772e-19,2.0809693870833234e-18,-5.057072569937488e-18,0.0,0.0,0.0,1.0171155393346244e-18,8.50800118153827e-18,-1.5907058594972857e-17,-1.5361039023307037e-21,-1.2369249512594919e-20,0.0,0.034127142,0.034127142,0.0085317855,0.0085317855,0.0085317855,0.0085317855,533.2849613480583,533.2849613480583,533.2849613480583,533.2849613480583,0.6427461837367012,1.0199706000001014,3.8913656634832116e-20,-5.8868951142109225e-21,0.8656038403274303
2.9,attitude_only,1.397280380001695e-19,1.0840397027860435e-18,-2.6080715736894798e-18,1.0,0.0,0.0,0.0,1.0,2.79456076000339e-19,2.168079405572087e-18,-5.2161431473789595e-18,0.0,0.0,0.0,1.0656120291462057e-18,8.8816020673257e-18,-1.59070571769301e-17,-1.604955810396063e-21,-1.290638659621309e-20,0.0,0.034127142,0.034127142,0.0085317855,0.0085317855,0.0085317855,0.0085317855,533.2849613480583,533.2849613480583,533.2849613480583,533.2849613480583,0.5549103430692652,1.0199706000001014,4.236746261863749e-20,-6.374535765902431e-21,0.8676395101314255
2.91,attitude_only,1.4519809264683575e-19,1.1295472485590478e-18,-2.6876068557631397e-18,1.0,0.0,0.0,0.0,1.0,2.903961852936715e-19,2.2590944971180956e-18,-5.3752137115262795e-18,0.0,0.0,0.0,1.1178231631530691e-18,9.286239603683498e-18,-1.590705593614269e-17,-1.67878740283583e-21,-1.3484814035879285e-20,0.0,0.034127142,0.034127142,0.0085317855,0.0085317855,0.0085317855,0.0085317855,533.2849613480583,533.2849613480583,533.2849613480583,533.2849613480583,0.4670030003000745,1.0199706000001014,4.604264282089832e-20,-6.890760837240943e-21,0.8687932464236586
2.92,attitude_only,1.5094004547287524e-19,1.1771681816307693e-18,-2.7671421342621512e-18,1.0,0.0,0.0,0.0,1.0,3.0188009094575047e-19,2.3543363632615387e-18,-5.5342842685243024e-18,0.0,0.0,0.0,1.1740196438884163e-18,9.724007877461856e-18,-1.5907055581632e-17,-1.7579633761571307e-21,-1.410737604318793e-20,0.0,0.034127142,0.034127142,0.0085317855,0.0085317855,0.0085317855,0.0085317855,533.2849613480583,533.2849613480583,533.2849613480583,533.2849613480583,0.3790384559420368,1.0199706000001014,4.994901292053214e-20,-7.43674790574807e-21,0.8690650492087575
2.93,attitude_only,1.5697463189887816e-19,1.227074449216372e-18,-2.846677410973837e-18,1.0,0.0,0.0,0.0,1.0,3.139492637977563e-19,2.454148898432744e-18,-5.693354821947674e-18,0.0,0.0,0.0,1.234499882286936e-18,1.0197231468124802e-17,-1.590705525666387e-17,-1.842884661058224e-21,-1.4777216666664716e-20,0.0,0.034127142,0.034127142,0.0085317855,0.0085317855,0.0085317855,0.0085317855,533.2849613480583,533.2849613480583,533.2849613480583,533.2849613480583,0.2910281503690692,1.0199706000001014,5.409686045900166e-20,-8.013735433909777e-21,0.8684549184895295
2.94,attitude_only,1.6332416161237275e-19,1.2794503020946871e-18,-2.9262126869543445e-18,1.0,0.0,0.0,0.0,1.0,3.266483232247455e-19,2.5589006041893742e-18,-5.852425373908689e-18,0.0,0.0,0.0,1.2995925975637728e-18,1.0708485697733455e-17,-1.590705515326492e-17,-1.9339918453660654e-21,-1.5497806599172433e-20,0.0,0.034127142,0.034127142,0.0085317855,0.0085317855,0.0085317855,0.0085317855,533.2849613480583,533.2849613480583,533.2849613480583,533.2849613480583,0.20298123585820815,1.0199706000001014,5.849698551910718e-20,-8.623027663084545e-21,0.8669628542676772
2.95,attitude_only,1.7001267799530315e-19,1.3344936101024501e-18,-3.0057479623920083e-18,1.0,0.0,0.0,0.0,1.0,3.400253559906063e-19,2.6689872202049003e-18,-6.011495924784017e-18,0.0,0.0,0.0,1.369659735151666e-18,1.1260619511513623e-17,-1.5907055057251607e-17,-2.0317690078230543e-21,-1.6272973370823774e-20,0.0,0.034127142,0.034127142,0.0085317855,0.0085317855,0.0085317855,0.0085317855,533.2849613480583,533.2849613480583,533.2849613480583,533.2849613480583,0.11490503421768232,1.0199706000001014,6.316074440603844e-20,-9.26599989270178e-21,0.8645888565442329
2.96,attitude_only,1.770661330988194e-19,1.3924172999160867e-18,-3.0852832375527107e-18,1.0,0.0,0.0,0.0,1.0,3.541322661976388e-19,2.7848345998321734e-18,-6.170566475105421e-18,0.0,0.0,0.0,1.4450997386102857e-18,1.1856781270806678e-17,-1.5907055012937774e-17,-2.1367480093595005e-21,-1.7106935294683503e-20,0.0,0.034127142,0.034127142,0.0085317855,0.0085317855,0.0085317855,0.0085317855,533.2849613480583,533.2849613480583,533.2849613480583,533.2849613480583,0.026805402885951082,1.0199706000001014,6.810009667010495e-20,-9.944104185793278e-21,0.8613329253198231
2.97,attitude_only,1.8451258004553788e-19,1.4534509305527942e-18,-3.1648185124752256e-18,1.0,0.0,0.0,0.0,1.0,3.6902516009107576e-19,2.9069018611055883e-18,-6.329637024950451e-18,0.0,0.0,0.0,1.5263512164109643e-18,1.2500447781223228e-17,-1.5907054968623944e-17,-2.249513294884425e-21,-1.80043395849956e-20,0.0,0.034127142,0.034127142,0.0085317855,0.0085317855,0.0085317855,0.0085317855,533.2849613480583,533.2849613480583,533.2849613480583,533.2849613480583,-0.061312972191149784,1.0199706000001014,7.33276558429825e-20,-1.0658875546032358e-20,0.8571950605948276
2.98,attitude_only,1.923823849591737e-19,1.5178424237614547e-18,-3.2443537873063436e-18,1.0,0.0,0.0,0.0,1.0,3.847647699183474e-19,3.0356848475229095e-18,-6.488707574612687e-18,0.0,0.0,0.0,1.61389705014174e-18,1.319545692499431e-17,-1.5907054961238308e-17,-2.370707265862773e-21,-1.8970305126770835e-20,0.0,0.034127142,0.034127142,0.0085317855,0.0085317855,0.0085317855,0.0085317855,533.2849613480583,533.2849613480583,533.2849613480583,533.2849613480583,-0.14944634225993603,1.0199706000001014,7.885674429606628e-20,-1.1411938616114431e-20,0.8521752623694769
2.99,attitude_only,2.0070846077142255e-19,1.5858599684596507e-18,-3.323889062076531e-18,1.0,0.0,0.0,0.0,1.0,4.014169215428451e-19,3.1717199369193013e-18,-6.647778124153062e-18,0.0,0.0,0.0,1.7082689970719662e-18,1.394604431866346e-17,-1.5907054950159854e-17,-2.5010362921497643e-21,-2.0010470442360453e-20,0.0,0.034127142,0.034127142,0.0085317855,0.0085317855,0.0085317855,0.0085317855,533.2849613480583,533.2849613480583,533.2849613480583,533.2849613480583,-0.23759170831926535,1.0199706000001014,8.470145267110047e-20,-1.22050149525615e-20,0.846273530643911
3.0,attitude_only,2.0952652554025158e-19,1.657794120638119e-18,-3.4034243367931712e-18,1.0,0.0,0.0,0.0,1.0,4.1905305108050317e-19,3.315588241276238e-18,-6.8068486735863424e-18,0.0,0.0,0.0,1.8100528472776554e-18,1.4756884476321256e-17,-1.5907054938158198e-17,-2.641277440869367e-21,-2.113104747631302e-20,0.0,0.034127142,0.034127142,0.0085317855,0.0085317855,0.0085317855,0.0085317855,533.2849613480583,533.2849613480583,533.2849613480583,533.2849613480583,-0.32574667116934386,1.0199706000001014,9.087670438022775e-20,-1.3039930937942994e-20,0.8394898654182142
3.01,attitude_only,2.188753882370427e-19,1.733960122735824e-18,-3.482959611469884e-18,1.0,0.0,0.0,0.0,1.0,4.377507764740854e-19,3.467920245471648e-18,-6.965919222939769e-18,0.0,0.0,0.0,1.919894203790342e-18,1.5633137025625705e-17,-1.590705493261896e-17,-2.792286010722494e-21,-2.2338881905734615e-20,0.0,0.034127142,0.034127142,0.0085317855,0.0085317855,0.0085317855,0.0085317855,533.2849613480583,533.2849613480583,533.2849613480583,533.2849613480583,-0.41390931145099596,1.0199706000001014,9.739832572562738e-20,-1.3918626398158878e-20,0.8318242666924384
3.02,attitude_only,2.287972653277231e-19,1.8147004694306675e-18,-3.562494886124209e-18,1.0,0.0,0.0,0.0,1.0,4.575945306554462e-19,3.629400938861335e-18,-7.124989772248418e-18,0.0,0.0,0.0,2.0385049636458277e-18,1.6580498600111392e-17,-1.5907054930080142e-17,-2.955003972185536e-21,-2.3641520781118555e-20,0.0,0.034127142,0.034127142,0.0085317855,0.0085317855,0.0085317855,0.0085317855,533.2849613480583,533.2849613480583,533.2849613480583,533.2849613480583,-0.5020780936772815,1.0199706000001014,1.0428312224873806e-19,-1.4843163999922247e-20,0.8232767344666143
3.03,attitude_only,2.3933813189135133e-19,1.9003877501426487e-18,-3.6420301607709175e-18,1.0,0.0,0.0,0.0,1.0,4.786762637827027e-19,3.8007755002852975e-18,-7.284060321541835e-18,0.0,0.0,0.0,2.166670588450482e-18,1.760526111819008e-17,-1.5907054928464527e-17,-3.1304694278356256e-21,-2.5047288413994875e-20,0.0,0.034127142,0.034127142,0.0085317855,0.0085317855,0.0085317855,0.0085317855,533.2849613480583,533.2849613480583,533.2849613480583,533.2849613480583,-0.590251789458879,1.0199706000001014,1.11548961986556e-19,-1.5815739512015724e-20,0.8138472687407614
3.04,attitude_only,2.5054811149578593e-19,1.9914278023656045e-18,-3.721565435409663e-18,1.0,0.0,0.0,0.0,1.0,5.010962229915719e-19,3.982855604731209e-18,-7.443130870819326e-18,0.0,0.0,0.0,2.3052582653547877e-18,1.8714377258426968e-17,-1.590705492731052e-17,-3.3198272227743405e-21,-2.6565371554863418e-20,0.0,0.034127142,0.034127142,0.0085317855,0.0085317855,0.0085317855,0.0085317855,533.2849613480583,533.2849613480583,533.2849613480583,533.2849613480583,-0.678429416084523,1.0199706000001014,1.1921486638864844e-19,-1.6838693023402158e-20,0.8035358695148906
3.05,attitude_only,2.62481909592334e-19,2.0882632142970434e-18,-3.801100710043215e-18,1.0,0.0,0.0,0.0,1.0,5.24963819184668e-19,4.176526428594087e-18,-7.60220142008643e-18,0.0,0.0,0.0,2.4552260733616563e-18,1.9915534054038387e-17,-1.5907054926387302e-17,-3.524340853116199e-21,-2.82059150501375e-20,0.0,0.034127142,0.034127142,0.0085317855,0.0085317855,0.0085317855,0.0085317855,533.2849613480583,533.2849613480583,533.2849613480583,533.2849613480583,-0.766610187385246,1.0199706000001014,1.2730110973445923e-19,-1.791452122198692e-20,0.792342536789009
3.06,attitude_only,2.7519929580922313e-19,2.1913772201998507e-18,-3.8806359846740844e-18,1.0,0.0,0.0,0.0,1.0,5.503985916184463e-19,4.3827544403997014e-18,-7.761271969348169e-18,0.0,0.0,0.0,2.6176332859728756e-18,2.1217235659294996e-17,-1.5907054925867992e-17,-3.745405841109392e-21,-2.998012933303838e-20,0.0,0.034127142,0.034127142,0.0085317855,0.0085317855,0.0085317855,0.0085317855,533.2849613480583,533.2849613480583,533.2849613480583,533.2849613480583,-0.8547934744259631,1.0199706000001014,1.3582932798750616e-19,-1.904589084991766e-20,0.780267270563121
3.07,attitude_only,2.8876564122839366e-19,2.3012980375935054e-18,-3.9601712593026735e-18,1.0,0.0,0.0,0.0,1.0,5.775312824567873e-19,4.602596075187011e-18,-7.920342518605347e-18,0.0,0.0,0.0,2.7936519596066627e-18,2.262889648917778e-17,-1.59070549255795e-17,-3.984564769066002e-21,-3.19004112937895e-20,0.0,0.034127142,0.034127142,0.0085317855,0.0085317855,0.0085317855,0.0085317855,533.2849613480583,533.2849613480583,533.2849613480583,533.2849613480583,-0.9429787740586032,1.0199706000001014,1.44822638132665e-19,-2.02356534649535e-20,0.767310070837229
3.08,attitude_only,3.0325251753423117e-19,2.418603701838477e-18,-4.039706533930066e-18,1.0,0.0,0.0,0.0,1.0,6.065050350684623e-19,4.837207403676954e-18,-8.079413067860132e-18,0.0,0.0,0.0,2.98457997836941e-18,2.4160946104177857e-17,-1.5907054925406412e-17,-4.243524191364994e-21,-3.3980480292831375e-20,0.0,0.034127142,0.034127142,0.0085317855,0.0085317855,0.0085317855,0.0085317855,533.2849613480583,533.2849613480583,533.2849613480583,533.2849613480583,-1.0311656837647758,1.0199706000001014,1.5430576916660511e-19,-2.1486861652850594e-20,0.7534709376113347
3.09,attitude_only,3.2196284208833065e-19,2.5700143480725892e-18,-4.135148863482054e-18,1.0,0.0,0.0,0.0,1.0,6.439256841766613e-19,5.1400286961451784e-18,-8.270297726964108e-18,0.0,0.0,0.0,3.235410071169399e-18,2.6174686946583872e-17,-1.5907054925269388e-17,-4.5768744034366735e-21,-3.6658716173184426e-20,0.0,0.034127142,0.034127142,0.0085317855,0.0085317855,0.0085317855,0.0085317855,533.2849613480583,533.2849613480583,533.2849613480583,533.2849613480583,-1.11935388152973,1.0199706000001014,1.6430520605154868e-19,-2.28027868531389e-20,0.7387498708854389
3.1,attitude_only,3.353092440569357e-19,2.6779638028370255e-18,-4.198777083183019e-18,1.0,0.0,0.0,0.0,1.0,6.706184881138714e-19,5.355927605674051e-18,-8.397554166366038e-18,0.0,0.0,0.0,3.4170747762354346e-18,2.763372995102697e-17,-1.5907054925218892e-17,-4.829042797278271e-21,-3.868590507802642e-20,0.0,0.034127142,0.034127142,0.0085317855,0.0085317855,0.0085317855,0.0085317855,533.2849613480583,533.2849613480583,533.2849613480583,533.2849613480583,-1.207543109741724,1.0199706000001014,1.748493481011049e-19,-2.4186938980383894e-20,0.7231468706595422
3.11,attitude_only,3.530596628380735e-19,2.821475193623101e-18,-4.27831235780898e-18,1.0,0.0,0.0,0.0,1.0,7.06119325676147e-19,5.642950387246202e-18,-8.55662471561796e-18,0.0,0.0,0.0,3.6620083512862054e-18,2.960154039179899e-17,-1.5907054925182854e-17,-5.159583170852058e-21,-4.134329301087082e-20,0.0,0.034127142,0.034127142,0.0085317855,0.0085317855,0.0085317855,0.0085317855,533.2849613480583,533.2849613480583,533.2849613480583,533.2849613480583,-1.295733162311318,1.0199706000001014,1.8596868344656998e-19,-2.564308804535853e-20,0.7066619369336449
3.12,attitude_only,3.720935215705872e-19,2.9752996231721383e-18,-4.357847632434878e-18,1.0,0.0,0.0,0.0,1.0,7.441870431411744e-19,5.9505992463442765e-18,-8.715695264869756e-18,0.0,0.0,0.0,3.928624682600381e-18,3.174421246676217e-17,-1.5907054925173856e-17,-5.518809015255074e-21,-4.423194162549427e-20,0.0,0.034127142,0.034127142,0.0085317855,0.0085317855,0.0085317855,0.0085317855,533.2849613480583,533.2849613480583,533.2849613480583,533.2849613480583,-1.3839238743670124,1.0199706000001014,1.9769598143574375e-19,-2.717528800586236e-20,0.6892950697077473
3.13,attitude_only,3.9252515738169047e-19,3.1403590586182076e-18,-4.437382907060706e-18,1.0,0.0,0.0,0.0,1.0,7.850503147633809e-19,6.280718117236415e-18,-8.874765814121412e-18,0.0,0.0,0.0,4.219112766527399e-18,3.4079359163430977e-17,-1.590705492515672e-17,-5.909585843632768e-21,-4.737491125313114e-20,0.0,0.034127142,0.034127142,0.0085317855,0.0085317855,0.0085317855,0.0085317855,533.2849613480583,533.2849613480583,533.2849613480583,533.2849613480583,-1.4721151140115563,1.0199706000001014,2.1006650504740568e-19,-2.8787903105641e-20,0.6710462689818496
3.14,attitude_only,4.1448052199675813e-19,3.317668927644156e-18,-4.516918181686468e-18,1.0,0.0,0.0,0.0,1.0,8.289610439935163e-19,6.635337855288312e-18,-9.033836363372935e-18,0.0,0.0,0.0,4.5359094042570226e-18,3.6626590188925593e-17,-1.5907054925147688e-17,-6.3351009029508875e-21,-5.0797854385613946e-20,0.0,0.034127142,0.034127142,0.0085317855,0.0085317855,0.0085317855,0.0085317855,533.2849613480583,533.2849613480583,533.2849613480583,533.2849613480583,-1.5603067757272122,1.0199706000001014,2.2311824566705e-19,-3.048563699246818e-20,0.6519155347559517
3.15,attitude_only,4.380985033285378e-19,3.508348766748431e-18,-4.596453456312197e-18,1.0,0.0,0.0,0.0,1.0,8.761970066570756e-19,7.016697533496862e-18,-9.192906912624394e-18,0.0,0.0,0.0,4.8817297986834065e-18,3.940775828518514e-17,-1.5907054925144095e-17,-6.798902674249381e-21,-5.452933368397725e-20,0.0,0.034127142,0.034127142,0.0085317855,0.0085317855,0.0085317855,0.0085317855,533.2849613480583,533.2849613480583,533.2849613480583,533.2849613480583,-1.6484987750997373,1.0199706000001014,2.368921828678271e-19,-3.2273564943516086e-20,0.6319028670300537
3.16,attitude_only,4.635324110686058e-19,3.7136341898384166e-18,-4.675988730937905e-18,1.0,0.0,0.0,0.0,1.0,9.270648221372117e-19,7.427268379676833e-18,-9.35197746187581e-18,0.0,0.0,0.0,5.259602239251804e-18,4.244723847300686e-17,-1.5907054925140446e-17,-7.304945625323978e-21,-5.860118229409339e-20,0.0,0.034127142,0.034127142,0.0085317855,0.0085317855,0.0085317855,0.0085317855,533.2849613480583,533.2849613480583,533.2849613480583,533.2849613480583,-1.736691044597741,1.0199706000001014,2.514325721801047e-19,-3.4157169568308666e-20,0.6110082658041557
3.17,attitude_only,4.909516482912351e-19,3.934890354437991e-18,-4.755524005563599e-18,1.0,0.0,0.0,0.0,1.0,9.819032965824702e-19,7.869780708875982e-18,-9.511048011127198e-18,0.0,0.0,0.0,5.6729074580925266e-18,4.577224492167501e-17,-1.5907054925138252e-17,-7.857640962513769e-21,-6.30489124817119e-20,0.0,0.034127142,0.034127142,0.0085317855,0.0085317855,0.0085317855,0.0085317855,533.2849613480583,533.2849613480583,533.2849613480583,533.2849613480583,-1.8248835301961628,1.0199706000001014,2.667872642196821e-19,-3.614238040757422e-20,0.5892317310782577
3.18,attitude_only,5.20543594234138e-19,4.173627128195901e-18,-4.83505928018929e-18,1.0,0.0,0.0,0.0,1.0,1.041087188468276e-18,8.347254256391802e-18,-9.67011856037858e-18,0.0,0.0,0.0,6.125423329170232e-18,4.9413190853102825e-17,-1.59070549251378e-17,-8.461914241098718e-21,-6.791217950795633e-20,0.0,0.034127142,0.034127142,0.0085317855,0.0085317855,0.0085317855,0.0085317855,533.2849613480583,533.2849613480583,533.2849613480583,533.2849613480583,-1.9130761886748824,1.0199706000001014,2.830080589854408e-19,-3.823561790105646e-20,0.5665732628523595
3.19,attitude_only,5.525157270549361e-19,4.4315161876469434e-18,-4.914594554814978e-18,1.0,0.0,0.0,0.0,1.0,1.1050314541098722e-18,8.863032375293887e-18,-9.829189109629956e-18,0.0,0.0,0.0,6.621375684736419e-18,5.340409771540717e-17,-1.5907054925137232e-17,-9.123270824625504e-21,-7.323530871987559e-20,0.0,0.034127142,0.034127142,0.0085317855,0.0085317855,0.0085317855,0.0085317855,533.2849613480583,533.2849613480583,533.2849613480583,533.2849613480583,-2.0012689854578785,1.0199706000001014,3.001510996401643e-19,-4.04438422598081e-20,0.5430328611264614
3.2,attitude_only,5.870980195537392e-19,4.710410314930507e-18,-4.994129829440661e-18,1.0,0.0,0.0,0.0,1.0,1.1741960391074785e-18,9.420820629861014e-18,-9.988259658881323e-18,0.0,0.0,0.0,7.165496142443675e-18,5.778306081978916e-17,-1.5907054925136924e-17,-9.847870335298651e-21,-7.906789505333189e-20,0.0,0.034127142,0.034127142,0.0085317855,0.0085317855,0.0085317855,0.0085317855,533.2849613480583,533.2849613480583,533.2849613480583,533.2849613480583,-2.0894618928842537,1.0199706000001014,3.1827731066276623e-19,-4.277460784984039e-20,0.5186105259005633
3.21,attitude_only,6.245456456909357e-19,5.0018710502728234e-18,-5.073665104066344e-18,1.0,0.0,0.0,0.0,1.0,1.2490912913818714e-18,1.0003742100545647e-17,-1.0147330208132688e-17,0.0,0.0,0.0,7.763087974853102e-18,5.731451841928835e-17,-1.5907054925136597e-17,-1.0642611413938492e-20,-7.907878935692378e-20,0.0,0.034127142,0.034127142,0.0085317855,0.0085317855,0.0085317855,0.0085317855,533.2849613480583,533.2849613480583,533.2849613480583,533.2849613480583,-2.1776548888253786,1.0199706000001014,3.37446860533084e-19,-4.523612377558063e-20,0.4933062571746651
3.22,attitude_only,6.651420413205263e-19,5.275580002570175e-18,-5.153200378692026e-18,1.0,0.0,0.0,0.0,1.0,1.3302840826410525e-18,1.055116000514035e-17,-1.0306400757384053e-17,0.0,0.0,0.0,8.420101214026333e-18,5.3422262949976084e-17,-1.5907054925136366e-17,-1.1515228313086635e-20,-7.494230542324883e-20,0.0,0.034127142,0.034127142,0.0085317855,0.0085317855,0.0085317855,0.0085317855,533.2849613480583,533.2849613480583,533.2849613480583,533.2849613480583,-2.2658479555782547,1.0199706000001014,3.5752830533431757e-19,-4.7837321444959816e-20,0.4671200549487669
3.23,attitude_only,7.092023690263879e-19,5.529803231943877e-18,-5.2327356533177095e-18,1.0,0.0,0.0,0.0,1.0,1.4184047380527758e-18,1.1059606463887753e-17,-1.0465471306635419e-17,0.0,0.0,0.0,9.143218371310002e-18,4.9517863048090614e-17,-1.5907054925136215e-17,-1.2474401085540138e-20,-7.075220417146718e-20,0.0,0.034127142,0.034127142,0.0085317855,0.0085317855,0.0085317855,0.0085317855,533.2849613480583,533.2849613480583,533.2849613480583,533.2849613480583,-2.3540410789805777,1.0199706000001014,3.784823984395467e-19,-5.058793000492915e-20,0.4400519192228688
3.24,attitude_only,7.570774444362527e-19,5.7679638598900005e-18,-5.312270927943393e-18,1.0,0.0,0.0,0.0,1.0,1.5141548888725054e-18,1.1535927719780001e-17,-1.0624541855886786e-17,0.0,0.0,0.0,9.939952370855125e-18,4.561871572706542e-17,-1.5907054925136135e-17,-1.3529881408702838e-20,-6.65294145435076e-20,0.0,0.034127142,0.034127142,0.0085317855,0.0085317855,0.0085317855,0.0085317855,533.2849613480583,533.2849613480583,533.2849613480583,533.2849613480583,-2.4422342477024124,1.0199706000001014,4.0037257391865766e-19,-5.3498560658895526e-20,0.41210184999697064
3.25,attitude_only,8.091581900654502e-19,5.990931140821445e-18,-5.3918062025690776e-18,1.0,0.0,0.0,0.0,1.0,1.6183163801309004e-18,1.198186228164289e-17,-1.0783612405138155e-17,0.0,0.0,0.0,1.0818758550251101e-17,4.3440836904186597e-17,-1.590705492513609e-17,-1.4692636409480518e-20,-6.435036832509487e-20,0.0,0.034127142,0.034127142,0.0085317855,0.0085317855,0.0085317855,0.0085317855,533.2849613480583,533.2849613480583,533.2849613480583,533.2849613480583,-2.530427452679905,1.0199706000001014,4.232592173530676e-19,-5.658080101842902e-20,0.3832698472710725
3.26,attitude_only,8.658806928086686e-19,6.201320656381305e-18,-5.471341477194762e-18,1.0,0.0,0.0,0.0,1.0,1.7317613856173372e-18,1.240264131276261e-17,-1.0942682954389523e-17,0.0,0.0,0.0,1.1789162879253559e-17,4.127535298936619e-17,-1.590705492513612e-17,-1.5975013233076e-20,-6.216454115720405e-20,0.0,0.034127142,0.034127142,0.0085317855,0.0085317855,0.0085317855,0.0085317855,533.2849613480583,533.2849613480583,533.2849613480583,533.2849613480583,-2.618620686661873,1.0199706000001014,4.472055664018914e-19,-5.984732080349011e-20,0.35355591104517436
3.27,attitude_only,9.277319528870954e-19,6.398250079405021e-18,-5.550876751820445e-18,1.0,0.0,0.0,0.0,1.0,1.8554639057741907e-18,1.2796500158810041e-17,-1.110175350364089e-17,0.0,0.0,0.0,1.2861908895468095e-17,3.909830015852423e-17,-1.590705492513616e-17,-1.739092754148813e-20,-5.994306076177895e-20,0.0,0.034127142,0.034127142,0.0085317855,0.0085317855,0.0085317855,0.0085317855,533.2849613480583,533.2849613480583,533.2849613480583,533.2849613480583,-2.706813943847475,1.0199706000001014,4.722541580538257e-19,-6.331199039168815e-20,0.3229600413192762
3.2800000000000002,attitude_only,9.952564256455975e-19,6.584317174743812e-18,-5.630412026446127e-18,1.0,0.0,0.0,0.0,1.0,1.990512851291195e-18,1.3168634349487624e-17,-1.1260824052892255e-17,0.0,0.0,0.0,1.4049126262919704e-17,3.6927815425744245e-17,-1.5907054925136197e-17,-1.8956079645059257e-20,-5.770775723670041e-20,0.0,0.034127142,0.034127142,0.0085317855,0.0085317855,0.0085317855,0.0085317855,533.2849613480583,533.2849613480583,533.2849613480583,533.2849613480583,-2.79500721959593,1.0199706000001014,4.984567872419722e-19,-6.699001393161114e-20,0.291482238093378
3.29,attitude_only,1.069063473404255e-18,6.759523617879749e-18,-5.709947301071809e-18,1.0,0.0,0.0,0.0,1.0,2.13812694680851e-18,1.3519047235759497e-17,-1.1419894602143618e-17,0.0,0.0,0.0,1.5364524336237603e-17,3.47524621637281e-17,-1.590705492513626e-17,-2.068820257640311e-20,-5.544485794391831e-20,0.0,0.034127142,0.034127142,0.0085317855,0.0085317855,0.0085317855,0.0085317855,533.2849613480583,533.2849613480583,533.2849613480583,533.2849613480583,-2.883200510194722,1.0199706000001014,5.25857146813504e-19,-7.089807898261348e-20,0.2591225013674798
3.3,zero_thrust,1.191017257268167e-18,7.315999389543101e-18,-5.789482575697492e-18,1.0,0.0,0.0,0.0,1.0,2.382034514536334e-18,1.4631998779086202e-17,-1.1578965151394985e-17,0.0,0.0,0.0,3.890170905359461e-17,2.390127901433653e-16,-1.5907054925136305e-17,0.0,0.0,0.0,0.0,0.0,0.0,0.0,0.0,0.0,0.0,0.0,0.0,0.0,-3.256322414609996,1.0199706000001014,5.544904749050942e-19,-7.505452492894173e-20,0.22588083114158158
3.31,zero_thrust,1.4134051646696619e-18,8.684292220065744e-18,-5.8824001806732834e-18,1.0,0.0,0.0,0.0,1.0,2.8268103293393237e-18,1.736858444013149e-17,-1.1764800361346567e-17,0.0,0.0,0.0,4.807200662615522e-17,2.9593542744066175e-16,-2.2846041032600272e-17,0.0,0.0,0.0,0.0,0.0,0.0,0.0,0.0,0.0,0.0,0.0,0.0,0.0,-3.0368331916538827,1.0199706000001014,6.619618778521658e-19,-9.246396124522408e-20,0.1978154392437992
3.32,zero_thrust,1.656259070944663e-18,1.017740776052137e-17,-5.914238847363716e-18,1.0,0.0,0.0,0.0,1.0,3.312518141889326e-18,2.035481552104274e-17,-1.1828477694727433e-17,0.0,0.0,0.0,4.727702877900294e-17,2.902181033007206e-16,4.7830190798621e-18,0.0,0.0,0.0,0.0,0.0,0.0,0.0,0.0,0.0,0.0,0.0,0.0,0.0,-2.548661611388488,1.0199706000001014,1.1334115178693079e-18,-1.69030350053041e-19,0.19185568634053
3.33,zero_thrust,1.8710843572254347e-18,1.1491640069322097e-17,-5.907169627665871e-18,1.0,0.0,0.0,0.0,1.0,3.7421687144508695e-18,2.2983280138644194e-17,-1.1814339255331741e-17,0.0,0.0,0.0,3.9612116165304e-17,2.3869599632160983e-16,-1.4065565279958122e-18,0.0,0.0,0.0,0.0,0.0,0.0,0.0,0.0,0.0,0.0,0.0,0.0,0.0,-1.6896812505811458,1.0199706000001014,2.057207631556871e-18,-3.1947959790214974e-19,0.20931808826701184
3.34,zero_thrust,2.06498618637749e-18,1.26986916216383e-17,-5.9347715476958325e-18,1.0,0.0,0.0,0.0,1.0,4.12997237275498e-18,2.53973832432766e-17,-1.1869543095391665e-17,0.0,0.0,0.0,3.8131829209601734e-17,2.4510677253704776e-16,-7.849900770640976e-18,0.0,0.0,0.0,0.0,0.0,0.0,0.0,0.0,0.0,0.0,0.0,0.0,0.0,-0.7594444401433518,1.0199706000001014,3.2568013935886985e-18,-5.151335472749178e-19,0.23893311628309077
3.35,hover,2.252086905254109e-18,1.3947645356812926e-17,-5.8338674101504784e-18,1.0,0.0,0.0,0.0,1.0,4.504173810508218e-18,2.789529071362585e-17,-1.1667734820300957e-17,0.0,0.0,0.0,3.6869613811244835e-17,2.5369283778663613e-16,2.0707000912762393e-17,-4.686300608452424e-20,-3.2071023706927434e-19,-2.50554711044425e-20,0.34127141999999994,0.34127141999999994,0.08531785499999998,0.08531785499999998,0.08531785499999998,0.08531785499999998,1686.3951197747222,1686.3951197747222,1686.3951197747222,1686.3951197747222,0.22068117634743323,1.0199706000001014,4.464540604937897e-18,-7.120672948653054e-19,0.26792140177926344
3.36,hover,2.429154166148126e-18,1.523225508844073e-17,-5.6807682191047776e-18,1.0,0.0,0.0,0.0,1.0,4.858308332296252e-18,3.046451017688146e-17,-1.1361536438209555e-17,0.0,0.0,0.0,3.4112915903398474e-17,2.5935934899957134e-16,5.2428080261169366e-17,-4.3896097754142586e-20,-3.3010364401479223e-19,-6.364504712514254e-20,0.34127141999999994,0.34127141999999994,0.08531785499999998,0.08531785499999998,0.08531785499999998,0.08531785499999998,1686.3951197747222,1686.3951197747222,1686.3951197747222,1686.3951197747222,0.6076277900046134,1.0199706000001014,5.6729001248432195e-18,-9.090095175400749e-19,0.2959417869594975
3.37,hover,2.572217518155944e-18,1.654642344475695e-17,-5.331394849590813e-18,1.0,0.0,0.0,0.0,1.0,5.144435036311888e-18,3.30928468895139e-17,-1.0662789699181627e-17,0.0,0.0,0.0,2.845533633410813e-17,2.6383728769031753e-16,8.41491596095763e-17,-3.739155563433526e-20,-3.3811554332059094e-19,-1.0255183393932663e-19,0.34127141999999994,0.34127141999999994,0.08531785499999998,0.08531785499999997,0.08531785499999998,0.08531785499999998,1686.3951197747222,1686.395119774722,1686.3951197747222,1686.3951197747222,1.0282273410682121,1.0199706000001014,6.883437636364099e-18,-1.1060832470885046e-18,0.323048042412723
3.38,hover,2.522377725504682e-18,1.7689104421187527e-17,-6.0125917664875655e-18,1.0,0.0,0.0,0.0,1.0,5.044755451009364e-18,3.5378208842375054e-17,-1.2025183532975131e-17,0.0,0.0,0.0,-9.197425603039956e-17,1.468149858267651e-16,-2.321734436527377e-16,1.0804369776337791e-19,-1.9915693094259563e-19,2.7935702441197747e-19,0.34127141999999994,0.34127141999999994,0.08531785499999997,0.085317855,0.08531785499999997,0.085317855,1686.395119774722,1686.3951197747224,1686.395119774722,1686.3951197747224,1.350507708908234,1.0199706000001014,8.102770296377126e-18,-1.304363054111653e-18,0.3494443342154068
3.39,hover,1.2640020927664088e-18,1.7666499648455848e-17,-3.160528329892171e-18,1.0,0.0,0.0,0.0,1.0,2.5280041855328175e-18,3.5332999296911696e-17,-6.321056659784342e-18,0.0,0.0,0.0,-4.094951841731149e-16,-1.5097167006576116e-16,1.7268569747461785e-15,4.931637633763676e-19,1.5969677282909349e-19,-2.0887480474141842e-18,0.34127141999999994,0.34127141999999994,0.08531785500000007,0.0853178549999999,0.08531785500000007,0.08531785499999989,1686.395119774723,1686.3951197747213,1686.395119774723,1686.3951197747213,1.598580027293943,1.0199706000001014,9.334479764012046e-18,-1.5004267947826783e-18,0.37535302722377406
3.4,hover,-1.4260897987676135e-18,1.6221100501706005e-17,2.9782433709598715e-18,1.0,0.0,0.0,0.0,1.0,-2.852179597535227e-18,3.244220100341201e-17,5.956486741919743e-18,0.0,0.0,0.0,-6.547665052910011e-16,-4.102363159072973e-16,-7.45276095609929e-17,7.940370137707408e-19,4.749167109980097e-19,7.365872985003143e-20,0.34127141999999994,0.34127141999999994,0.08531785499999998,0.085317855,0.08531785499999998,0.08531785499999998,1686.3951197747222,1686.3951197747224,1686.3951197747222,1686.3951197747222,1.790707052232975,1.0199706000001014,1.0579821931896538e-17,-1.6887275271374507e-18,0.40094517874366453
3.41,hover,-5.196311825988259e-18,1.3686787152646094e-17,1.5716051950396396e-18,1.0,0.0,0.0,0.0,1.0,-1.0392623651976518e-17,2.7373574305292188e-17,3.1432103900792793e-18,0.0,0.0,0.0,-7.714151574056954e-16,-5.342663765530184e-16,-1.3489282356101175e-16,9.417295478824312e-19,6.290954475384053e-19,1.4744591488566421e-19,0.34127141999999994,0.34127141999999994,0.08531785499999998,0.085317855,0.08531785499999997,0.08531785499999998,1686.3951197747222,1686.3951197747224,1686.395119774722,1686.3951197747222,1.9404191156278392,1.0199706000001014,1.1842476237410881e-17,-1.8678314284088612e-18,0.4263378524357381
3.42,hover,-8.0870497867156e-18,1.163164471218546e-17,3.4610498536072432e-18,1.0,0.0,0.0,0.0,1.0,-1.61740995734312e-17,2.326328942437092e-17,6.9220997072144864e-18,0.0,0.0,0.0,-3.2359396597956973e-16,-2.8955234958838837e-16,8.571442817112302e-16,4.07580057830876e-19,3.383341386767331e-19,-1.0515700542581382e-18,0.34127141999999994,0.34127141999999994,0.08531785500000003,0.08531785499999994,0.08531785500000003,0.08531785499999993,1686.3951197747226,1686.3951197747217,1686.3951197747226,1686.3951197747217,2.057717209174317,1.0199706000001014,1.3127874316256377e-17,-2.0390086068340863e-18,0.45160694826934095
3.43,hover,-7.098614169190879e-18,1.0615229037069045e-17,3.978933031247915e-18,1.0,0.0,0.0,0.0,1.0,-1.4197228338381758e-17,2.123045807413809e-17,7.95786606249583e-18,0.0,0.0,0.0,6.068064446573649e-16,-1.5745917822354108e-16,-1.007183845576746e-15,-7.149684993800193e-19,1.8139692482115186e-19,1.195695536943201e-18,0.34127141999999994,0.34127141999999994,0.08531785499999993,0.08531785500000003,0.08531785499999994,0.08531785500000004,1686.3951197747217,1686.3951197747226,1686.3951197747217,1686.3951197747226,2.150040872110863,1.0199706000001014,1.444349572014381e-17,-2.2146780288667977e-18,0.47680030350791086
3.44,hover,-2.6711620965875555e-18,1.0044258166296608e-17,7.922615312731789e-19,1.0,0.0,0.0,0.0,1.0,-5.342324193175111e-18,2.0088516332593215e-17,1.5845230625463578e-18,0.0,0.0,0.0,1.0981023687102663e-15,-3.626203024923647e-17,6.663251376071577e-16,-1.3155046319306033e-18,3.632296755447869e-20,-8.191784942535549e-19,0.34127141999999994,0.34127141999999994,0.08531785500000001,0.08531785499999994,0.08531785500000003,0.08531785499999996,1686.3951197747224,1686.3951197747217,1686.3951197747226,1686.395119774722,2.2229785413669707,1.0199706000001014,1.5783882227190567e-17,-2.405096675291111e-18,0.5019475956918243
3.45,hover,3.923032121041752e-18,1.0101047064491244e-17,2.1943816911554474e-18,1.0,0.0,0.0,0.0,1.0,7.846064242083505e-18,2.0202094128982488e-17,4.388763382310895e-18,0.0,0.0,0.0,1.4376014306661939e-15,5.046483508777172e-17,-9.239655764736607e-16,-1.7372795205843785e-18,-6.825391920080885e-20,1.0984100184081638e-18,0.34127141999999994,0.34127141999999994,0.08531785499999993,0.08531785500000001,0.08531785499999996,0.08531785500000004,1686.3951197747217,1686.3951197747224,1686.395119774722,1686.3951197747226,2.280772298855921,1.0199706000001014,1.7148316783721163e-17,-2.6042996521746986e-18,0.5270670689799422
3.46,hover,1.1481336853039313e-17,1.0432477388041555e-17,-5.906096222548644e-19,1.0,0.0,0.0,0.0,1.0,2.2962673706078626e-17,2.086495477608311e-17,-1.1812192445097286e-18,0.0,0.0,0.0,1.5199734797004948e-15,7.89925466914227e-17,7.048962353482943e-16,-1.8513257142225445e-18,-1.0327709859210424e-19,-8.632731181316647e-19,0.34127141999999994,0.34127141999999994,0.08531785500000001,0.08531785499999993,0.08531785500000004,0.08531785499999996,1686.3951197747224,1686.3951197747217,1686.3951197747226,1686.395119774722,2.3266740336979552,1.0199706000001014,1.853510562709246e-17,-2.8160966827867637e-18,0.5521698787106025
3.47,hover,1.8843910136361874e-17,1.1066454330256437e-17,1.9797936770733823e-18,1.0,0.0,0.0,0.0,1.0,3.768782027272375e-17,2.2132908660512875e-17,3.9595873541467654e-18,0.0,0.0,0.0,1.4049986216523485e-15,1.9876581770863614e-16,-6.331764595193549e-16,-1.7274058707812926e-18,-2.4899268198984677e-19,7.487458803047077e-19,0.34127141999999994,0.34127141999999994,0.08531785499999994,0.085317855,0.08531785499999997,0.08531785500000003,1686.3951197747217,1686.3951197747224,1686.395119774722,1686.3951197747226,2.363198131467775,1.0199706000001014,1.9943130247969126e-17,-3.0455540658525525e-18,0.5772628239360736
3.48,hover,2.5442988717922304e-17,1.2310992146661361e-17,5.277172234197171e-19,1.0,0.0,0.0,0.0,1.0,5.088597743584461e-17,2.4621984293322723e-17,1.0554344468394348e-18,0.0,0.0,0.0,1.3001904937391524e-15,2.885590261905333e-16,9.294666078790712e-16,-1.6146380222228486e-18,-3.5963012243002856e-19,-1.135720466652194e-18,0.34127141999999994,0.34127141999999994,0.08531785500000003,0.08531785499999991,0.08531785500000004,0.08531785499999996,1686.3951197747226,1686.3951197747215,1686.3951197747226,1686.395119774722,2.392302839035387,1.0199706000001014,2.1375829974814103e-17,-3.299205765722481e-18,0.6023500406291314
3.49,hover,3.173204755333784e-17,1.4089026416706642e-17,3.72195538534927e-18,1.0,0.0,0.0,0.0,1.0,6.346409510667568e-17,2.8178052833413284e-17,7.443910770698542e-18,0.0,0.0,0.0,1.207857815642135e-15,4.050634785351952e-16,-5.435556127170051e-16,-1.5159173866628493e-18,-5.034861000289749e-19,6.373417541902677e-19,0.34127141999999994,0.34127141999999994,0.08531785499999996,0.085317855,0.08531785499999997,0.08531785500000003,1686.395119774722,1686.3951197747224,1686.395119774722,1686.3951197747226,2.41552229564176,1.0199706000001014,2.2835241874667993e-17,-3.59361014162784e-18,0.6274340418498046
3.5,hover,3.7378616210823595e-17,1.6411350130652975e-17,5.274316474374077e-18,1.0,0.0,0.0,0.0,1.0,7.475723242164719e-17,3.282270026130595e-17,1.0548632948748156e-17,0.0,0.0,0.0,1.1693524319870488e-15,5.065813445087831e-16,1.6106090698163279e-15,-1.4814044505966163e-18,-6.303733526423682e-19,-1.9637619555478948e-18,0.34127141999999994,0.34127141999999994,0.08531785500000005,0.08531785499999989,0.08531785500000007,0.08531785499999991,1686.3951197747228,1686.3951197747213,1686.395119774723,1686.3951197747215,2.4340640692953484,1.0199706000001014,2.4323951462347385e-17,-3.9401239411754506e-18,0.652516353488901
3.51,hover,4.3615726186222876e-17,1.905763151604273e-17,1.0199861548027062e-17,1.0,0.0,0.0,0.0,1.0,8.723145237244575e-17,3.811526303208546e-17,2.0399723096054126e-17,0.0,0.0,0.0,1.360650529586192e-15,5.536533766212008e-16,-3.61693460573008e-16,-1.7245686730114496e-18,-6.923963249434813e-19,4.0661801552503823e-19,0.34127141999999994,0.34127141999999994,0.08531785499999996,0.08531785499999998,0.08531785499999997,0.08531785500000003,1686.395119774722,1686.3951197747222,1686.395119774722,1686.3951197747226,2.4488822186652635,1.0199706000001014,2.5846031632828527e-17,-4.3531522264935065e-18,0.6775979016503508
3.52,hover,5.0352669702561876e-17,2.1726081753817764e-17,9.202318089914791e-18,1.0,0.0,0.0,0.0,1.0,1.0070533940512375e-16,4.345216350763553e-17,1.8404636179829585e-17,0.0,0.0,0.0,1.281402463935809e-15,4.48304109381587e-16,7.025999420773954e-16,-1.6422850188703482e-18,-5.704602453497607e-19,-8.775600670762199e-19,0.34127141999999994,0.34127141999999994,0.08531785500000001,0.08531785499999993,0.08531785500000003,0.08531785499999997,1686.3951197747224,1686.3951197747217,1686.3951197747226,1686.395119774722,2.460732707263542,1.0199706000001014,2.7404298735662408e-17,-4.851639575027557e-18,0.7026792482669169
3.527,attitude_only,5.821731841702206e-17,2.279721043282097e-17,7.87602713953901e-18,1.0,0.0,0.0,0.0,1.0,1.1643463683404412e-16,4.559442086564194e-17,1.5752054279078024e-17,0.0,0.0,0.0,7.677528749669548e-16,-7.774493694503648e-17,-2.063388814424343e-15,-1.0312797822324923e-18,6.134282480080271e-20,-3.4440136583345413e-20,0.034127142,0.034127142,0.008531785499999993,0.008531785499999991,0.00853178550000001,0.008531785500000005,533.2849613480581,533.284961348058,533.2849613480586,533.2849613480585,2.6852000510372385,1.0199706000001014,2.899802279764279e-17,-5.439587981434565e-18,0.7277607342498414
3.54,attitude_only,5.961429476719213e-17,2.2589237326826036e-17,2.7558439963123465e-18,1.0,0.0,0.0,0.0,1.0,1.1922858953438427e-16,4.517847465365207e-17,5.511687992624695e-18,0.0,0.0,0.0,6.655719471206328e-16,-1.2101298285702163e-16,-2.4056345869220726e-15,-9.17315104129474e-19,1.1483764867232614e-19,-3.4440136583345413e-20,0.034127142,0.034127142,0.008531785499999993,0.008531785499999993,0.008531785500000008,0.008531785500000005,533.2849613480581,533.2849613480581,533.2849613480586,533.2849613480585,2.864783816615304,1.0199706000001014,3.06230775440719e-17,-6.119508018047397e-18,0.7528425664023348
3.55,attitude_only,6.27769584783624e-17,2.1587430029716477e-17,-1.0392955368978867e-17,1.0,0.0,0.0,0.0,1.0,1.255539169567248e-16,4.3174860059432954e-17,-2.078591073795773e-17,0.0,0.0,0.0,6.203270207873303e-16,-2.595418599036867e-16,-2.797834011985777e-15,-8.692244627373841e-19,2.8366771972736105e-19,-3.4440136583345413e-20,0.034127142,0.034127142,0.008531785499999993,0.008531785499999995,0.00853178550000001,0.008531785500000003,533.2849613480581,533.2849613480581,533.2849613480586,533.2849613480585,2.605137412544844,1.0199706000001014,3.2285471813540856e-17,-6.902656339320711e-18,0.7779073951425429
3.56,attitude_only,6.572981678209912e-17,1.9975468245206227e-17,-2.5878361160153088e-17,1.0,0.0,0.0,0.0,1.0,1.3145963356419825e-16,3.995093649041246e-17,-5.1756722320306176e-17,0.0,0.0,0.0,5.547302088474592e-16,-3.7191095348495564e-16,-3.333365134085257e-15,-7.960555904980136e-19,4.222297415597334e-19,-3.4440136583345413e-20,0.034127142,0.034127142,0.008531785499999991,0.008531785499999996,0.00853178550000001,0.008531785500000002,533.284961348058,533.2849613480582,533.2849613480586,533.2849613480583,2.58149106323753,1.0199706000001014,3.397790160910627e-17,-7.779513328072771e-18,0.8027764518026251
3.5700000000000003,attitude_only,6.83607921676483e-17,1.7837969313647714e-17,-4.388400274042331e-17,1.0,0.0,0.0,0.0,1.0,1.367215843352966e-16,3.5675938627295434e-17,-8.776800548084662e-17,0.0,0.0,0.0,4.807323539037546e-16,-4.694577058889906e-16,-3.802940201949562e-15,-7.120654881046057e-19,5.439804215034652e-19,-3.4440136583345413e-20,0.034127142,0.034127142,0.008531785499999991,0.008531785499999996,0.00853178550000001,0.0085317855,533.284961348058,533.2849613480582,533.2849613480586,533.2849613480583,2.554508449358305,1.0199706000001014,3.5690751396294416e-17,-8.728475661423977e-18,0.8272422317410397
3.58,attitude_only,7.056516967741429e-17,1.532788294496067e-17,-6.310099303831084e-17,1.0,0.0,0.0,0.0,1.0,1.4113033935482858e-16,3.0655765889921346e-17,-1.2620198607662168e-16,0.0,0.0,0.0,3.968798018318598e-16,-5.395032505348097e-16,-3.907635624338979e-15,-6.154112236366504e-19,6.334301075837963e-19,-3.4440136583345413e-20,0.034127142,0.034127142,0.008531785499999991,0.008531785499999998,0.00853178550000001,0.008531785499999998,533.284961348058,533.2849613480582,533.2849613480586,533.2849613480582,2.522050179228897,1.0199706000001014,3.7416819744238585e-17,-9.732993978488136e-18,0.8511644027281519
3.59,attitude_only,7.247580260831721e-17,1.2582618354961977e-17,-8.321264069300592e-17,1.0,0.0,0.0,0.0,1.0,1.4495160521663442e-16,2.5165236709923967e-17,-1.6642528138601183e-16,0.0,0.0,0.0,3.6582203393682566e-16,-5.65552440078594e-16,-4.1384937095668476e-15,-5.818001225019777e-19,6.703446594371232e-19,-3.4440136583345413e-20,0.034127142,0.034127142,0.008531785499999991,0.0085317855,0.00853178550000001,0.008531785499999998,533.284961348058,533.2849613480583,533.2849613480586,533.2849613480582,2.4832966967823302,1.0199706000001014,3.9152071246365116e-17,-1.0782239899373508e-17,0.874447230398113
3.6,attitude_only,7.418792423150678e-17,9.667359640187956e-18,-1.0377882564138672e-16,1.0,0.0,0.0,0.0,1.0,1.4837584846301355e-16,1.9334719280375927e-17,-2.0755765128277344e-16,0.0,0.0,0.0,3.189412327514751e-16,-5.998557012200369e-16,-4.1034062306725915e-15,-5.287325734070718e-19,7.175071298190553e-19,-3.4440136583345413e-20,0.034127142,0.034127142,0.008531785499999991,0.0085317855,0.00853178550000001,0.008531785499999996,533.284961348058,533.2849613480583,533.2849613480586,533.2849613480582,2.438180332969811,1.0199706000001014,4.0893929688475376e-17,-1.186912916120734e-17,0.8970243791753099
3.61,attitude_only,7.5648441526881e-17,6.651097706536953e-18,-1.238850688171878e-16,1.0,0.0,0.0,0.0,1.0,1.51296883053762e-16,1.3302195413073924e-17,-2.477701376343756e-16,0.0,0.0,0.0,2.6559938194855574e-16,-6.073439070565431e-16,-3.9944324277060596e-15,-4.673783462630541e-19,7.325664158934281e-19,-3.4440136583345413e-20,0.034127142,0.034127142,0.008531785499999993,0.0085317855,0.00853178550000001,0.008531785499999996,533.2849613480581,533.2849613480583,533.2849613480586,533.2849613480582,2.387040163138537,1.0199706000001014,4.2639787099581023e-17,-1.2987945376278903e-17,0.9188491740134448
3.62,attitude_only,7.683373659962012e-17,3.638166675597852e-18,-1.4357740147167865e-16,1.0,0.0,0.0,0.0,1.0,1.5366747319924024e-16,7.276333351195725e-18,-2.871548029433573e-16,0.0,0.0,0.0,2.1284397730756662e-16,-6.035886514965495e-16,-3.978536201817591e-15,-4.062003004669428e-19,7.340959957364012e-19,-3.4440136583345413e-20,0.034127142,0.034127142,0.008531785499999993,0.008531785500000002,0.00853178550000001,0.008531785499999996,533.2849613480581,533.2849613480583,533.2849613480586,533.2849613480582,2.3304144344512356,1.0199706000001014,4.4388522806178987e-17,-1.4133921180687378e-17,0.9398882892104646
3.63,attitude_only,7.788702360768165e-17,6.77667739563299e-19,-1.6341867946296624e-16,1.0,0.0,0.0,0.0,1.0,1.557740472153633e-16,1.3553354791266234e-18,-3.268373589259325e-16,0.0,0.0,0.0,2.183905417500044e-16,-5.817866654525096e-16,-4.017735525622387e-15,-4.1504008321536815e-19,7.137514791380783e-19,-3.4440136583345413e-20,0.034127142,0.034127142,0.008531785499999993,0.0085317855,0.00853178550000001,0.008531785499999996,533.2849613480581,533.2849613480583,533.2849613480586,533.2849613480582,2.2689178704353066,1.0199706000001014,4.6139251277324855e-17,-1.5304136845314518e-17,0.960117605354181
3.64,attitude_only,7.89549249179762e-17,-2.2978806905927708e-18,-1.8258513213374945e-16,1.0,0.0,0.0,0.0,1.0,1.579098498359524e-16,-4.595761381185513e-18,-3.651702642674989e-16,0.0,0.0,0.0,2.101118214808085e-16,-6.055171779779113e-16,-3.80479985022637e-15,-4.0720673710714117e-19,7.482832659483396e-19,-3.4440136583345413e-20,0.034127142,0.034127142,0.008531785499999993,0.008531785500000002,0.00853178550000001,0.008531785499999996,533.2849613480581,533.2849613480583,533.2849613480586,533.2849613480582,2.203171209494726,1.0199706000001014,4.7891075280429277e-17,-1.6497849243952462e-17,0.9795194510115046
3.65,attitude_only,7.997443756038501e-17,-5.428114280823459e-18,-2.0176863884981733e-16,1.0,0.0,0.0,0.0,1.0,1.5994887512077002e-16,-1.0856228561646885e-17,-4.0353727769963466e-16,0.0,0.0,0.0,2.039939835087257e-16,-6.324527947194043e-16,-3.863638487282746e-15,-4.0190527137572904e-19,7.869305339853252e-19,-3.4440136583345413e-20,0.034127142,0.034127142,0.008531785499999993,0.008531785500000002,0.00853178550000001,0.008531785499999995,533.2849613480581,533.2849613480583,533.2849613480586,533.2849613480581,2.1337627192482307,1.0199706000001014,4.964186730435921e-17,-1.771331977293209e-17,0.9980807385941267
3.66,attitude_only,8.094903577862732e-17,-8.671368690935541e-18,-2.2124411084098471e-16,1.0,0.0,0.0,0.0,1.0,1.6189807155725465e-16,-1.7342737381871046e-17,-4.4248822168196943e-16,0.0,0.0,0.0,1.864239280062398e-16,-6.566463557318687e-16,-3.921585960266178e-15,-3.826854440528084e-19,8.225292707576012e-19,-3.4440136583345413e-20,0.034127142,0.034127142,0.008531785499999991,0.008531785500000002,0.00853178550000001,0.008531785499999995,533.284961348058,533.2849613480583,533.2849613480586,533.2849613480581,2.061229100483729,1.0199706000001014,5.1390794883471797e-17,-1.894907850704398e-17,1.0157916848483843
3.67,attitude_only,8.183457627712182e-17,-1.2049114343584653e-17,-2.398985332486889e-16,1.0,0.0,0.0,0.0,1.0,1.6366915255424364e-16,-2.4098228687169267e-17,-4.797970664973778e-16,0.0,0.0,0.0,1.7168347621631567e-16,-6.915070709751515e-16,-3.5259636324840366e-15,-3.6671373666706257e-19,8.71277199759292e-19,-3.4440136583345413e-20,0.034127142,0.034127142,0.008531785499999991,0.008531785500000002,0.00853178550000001,0.008531785499999995,533.284961348058,533.2849613480583,533.2849613480586,533.2849613480581,1.9860479607060368,1.0199706000001014,5.3137089142710754e-17,-2.0204093685321716e-17,1.0326449188643374
3.68,attitude_only,8.26109371926666e-17,-1.5624667943937036e-17,-2.5753189178094946e-16,1.0,0.0,0.0,0.0,1.0,1.652218743853332e-16,-3.124933588787403e-17,-5.150637835618989e-16,0.0,0.0,0.0,1.3331789705243057e-16,-7.232316691078223e-16,-3.5275982593542096e-15,-3.220082206409248e-19,9.165790342095753e-19,-3.4440136583345413e-20,0.034127142,0.034127142,0.008531785499999991,0.008531785500000003,0.00853178550000001,0.008531785499999995,533.284961348058,533.2849613480585,533.2849613480586,533.2849613480581,1.9086370066879486,1.0199706000001014,5.487977585590447e-17,-2.1477372408277973e-17,1.048634850770493
3.69,attitude_only,8.319598731587223e-17,-1.9367747470020534e-17,-2.7517775833131057e-16,1.0,0.0,0.0,0.0,1.0,1.6639197463174446e-16,-3.8735494940041024e-17,-5.503555166626211e-16,0.0,0.0,0.0,9.354506075280067e-17,-7.653741846730074e-16,-3.530056147361846e-15,-2.7521626768889694e-19,9.748037947345273e-19,-3.4440136583345413e-20,0.034127142,0.034127142,0.008531785499999991,0.008531785500000003,0.00853178550000001,0.008531785499999993,533.284961348058,533.2849613480585,533.2849613480586,533.2849613480581,1.829356960209067,1.0199706000001014,5.661822332386204e-17,-2.2768033347066694e-17,1.063757218513428
3.7,attitude_only,8.357952484984415e-17,-2.3166682639889464e-17,-2.928321905643795e-16,1.0,0.0,0.0,0.0,1.0,1.6715904969968833e-16,-4.633336527977888e-17,-5.85664381128759e-16,0.0,0.0,0.0,6.473459599749443e-17,-7.60644916933851e-16,-3.5310652741986176e-15,-2.412910559425044e-19,9.767351226168783e-19,-3.4440136583345413e-20,0.034127142,0.034127142,0.008531785499999991,0.008531785500000003,0.00853178550000001,0.008531785499999993,533.284961348058,533.2849613480585,533.2849613480586,533.2849613480581,1.748516361995745,1.0199706000001014,5.835170678178512e-17,-2.4075404223291108e-17,1.078008758204853
3.71,attitude_only,8.388756953007428e-17,-2.6860226895885434e-17,-3.1048617548066546e-16,1.0,0.0,0.0,0.0,1.0,1.6777513906014858e-16,-5.372045379177082e-17,-6.209723509613309e-16,0.0,0.0,0.0,5.943079513208867e-17,-7.229753675211111e-16,-3.5309235206252787e-15,-2.355208028553384e-19,9.387614169968015e-19,-3.4440136583345413e-20,0.034127142,0.034127142,0.008531785499999993,0.008531785500000003,0.00853178550000001,0.008531785499999993,533.2849613480581,533.2849613480585,533.2849613480586,533.2849613480581,1.6663771560830862,1.0199706000001014,6.008106036611857e-17,-2.5399600747479402e-17,1.0913869615291778
3.72,attitude_only,8.416166380771765e-17,-3.0538107702470964e-17,-3.281330692487915e-16,1.0,0.0,0.0,0.0,1.0,1.6832332761543533e-16,-6.107621540494188e-17,-6.56266138497583e-16,0.0,0.0,0.0,5.979704684943927e-17,-7.409700118149985e-16,-3.5293330058810748e-15,-2.365582753846535e-19,9.677646902676166e-19,-3.4440136583345413e-20,0.034127142,0.034127142,0.008531785499999991,0.008531785500000003,0.00853178550000001,0.008531785499999993,533.284961348058,533.2849613480585,533.2849613480586,533.2849613480581,1.5831604020750456,1.0199706000001014,6.180586788027114e-17,-2.6740981173193387e-17,1.1038898953896064
3.73,attitude_only,8.44028401344246e-17,-3.424688768742084e-17,-3.457845446064054e-16,1.0,0.0,0.0,0.0,1.0,1.6880568026884923e-16,-6.849377537484162e-17,-6.915690892128108e-16,0.0,0.0,0.0,4.179097138667408e-17,-7.331810824215365e-16,-3.530719811818836e-15,-2.15368894543202e-19,9.657497858196773e-19,-3.4440136583345413e-20,0.034127142,0.034127142,0.008531785499999993,0.008531785500000003,0.00853178550000001,0.008531785499999993,533.2849613480581,533.2849613480585,533.2849613480586,533.2849613480581,1.4990517468829982,1.0199706000001014,6.35243317553587e-17,-2.809958061471394e-17,1.1155160666507542
3.74,attitude_only,8.448428170353306e-17,-3.7865670570568304e-17,-3.634419478407226e-16,1.0,0.0,0.0,0.0,1.0,1.6896856340706614e-16,-7.573134114113655e-17,-7.268838956814452e-16,0.0,0.0,0.0,-7.532019504604708e-18,-7.275308741066119e-16,-3.531382237171166e-15,-1.561059852786214e-19,9.66244844582834e-19,-3.4440136583345413e-20,0.034127142,0.034127142,0.008531785499999993,0.008531785500000005,0.00853178550000001,0.008531785499999993,533.2849613480581,533.2849613480585,533.2849613480586,533.2849613480581,1.4142064636011993,1.0199706000001014,6.523659587622017e-17,-2.9474823344368864e-17,1.1262643199554945
3.75,attitude_only,8.435597772849934e-17,-4.152206162444639e-17,-3.811023099330623e-16,1.0,0.0,0.0,0.0,1.0,1.687119554569987e-16,-8.304412324889272e-17,-7.622046198661246e-16,0.0,0.0,0.0,-4.0450113203460144e-17,-7.316339896757014e-16,-3.5329668042129922e-15,-1.161997717079603e-19,9.784849231624983e-19,-3.4440136583345413e-20,0.034127142,0.034127142,0.008531785499999993,0.008531785500000005,0.00853178550000001,0.008531785499999991,533.2849613480581,533.2849613480585,533.2849613480586,533.284961348058,1.3287539729407851,1.0199706000001014,6.694165322858707e-17,-3.086560984079508e-17,1.1361337600584855
3.76,attitude_only,8.412589854454506e-17,-4.5191400433461276e-17,-3.987643650141017e-16,1.0,0.0,0.0,0.0,1.0,1.6825179708909014e-16,-9.038280086692249e-17,-7.975287300282034e-16,0.0,0.0,0.0,-5.073897906379412e-17,-7.423457421419406e-16,-3.532251964733457e-15,-1.033457428849216e-19,9.987624835434046e-19,-3.4440136583345413e-20,0.034127142,0.034127142,0.008531785499999993,0.008531785500000005,0.00853178550000001,0.008531785499999991,533.2849613480581,533.2849613480585,533.2849613480586,533.284961348058,1.2428018271883157,1.0199706000001014,6.863863207697952e-17,-3.227222584604098e-17,1.1451236925002701
3.77,attitude_only,8.383040113098104e-17,-4.8894036295305685e-17,-4.1642749415106216e-16,1.0,0.0,0.0,0.0,1.0,1.6766080226196213e-16,-9.77880725906113e-17,-8.328549883021243e-16,0.0,0.0,0.0,-7.853455961200274e-17,-7.443362281669448e-16,-3.531814127101123e-15,-6.920570063095118e-20,1.0085944290550792e-18,-3.4440136583345413e-20,0.034127142,0.034127142,0.008531785499999993,0.008531785500000005,0.00853178550000001,0.008531785499999991,533.2849613480581,533.2849613480585,533.2849613480586,533.284961348058,1.1564391739109041,1.0199706000001014,7.032673745918949e-17,-3.3695368139633604e-17,1.1532335781082825
3.7800000000000002,attitude_only,8.33585460244692e-17,-5.2660870797663433e-17,-4.340943133726838e-16,1.0,0.0,0.0,0.0,1.0,1.6671709204893844e-16,-1.0532174159532679e-16,-8.681886267453676e-16,0.0,0.0,0.0,-1.1026675915872954e-16,-7.474408510435762e-16,-3.533383205334673e-15,-3.002439358329173e-20,1.0197943850174729e-18,-3.4440136583345413e-20,0.034127142,0.034127142,0.008531785499999993,0.008531785500000007,0.008531785500000008,0.008531785499999991,533.2849613480581,533.2849613480586,533.2849613480586,533.284961348058,1.06973973674775,1.0199706000001014,7.200510895217869e-17,-3.513423809617264e-17,1.160462997989234
3.79,attitude_only,8.275426530890792e-17,-5.634810131791584e-17,-4.517608002044799e-16,1.0,0.0,0.0,0.0,1.0,1.655085306178159e-16,-1.126962026358316e-16,-9.035216004089597e-16,0.0,0.0,0.0,-1.2608611095552944e-16,-7.307031257271115e-16,-3.5336989292025622e-15,-9.780310317576577e-21,1.0070161458949863e-18,-3.4440136583345413e-20,0.034127142,0.034127142,0.008531785499999993,0.008531785500000007,0.008531785500000008,0.008531785499999991,533.2849613480581,533.2849613480586,533.2849613480586,533.284961348058,0.9827643600968452,1.0199706000001014,7.367341963023125e-17,-3.658855485616591e-17,1.1668116265241661
3.8,attitude_only,8.212184148738463e-17,-5.998241363744984e-17,-4.694335216533381e-16,1.0,0.0,0.0,0.0,1.0,1.6424368297476931e-16,-1.199648272748996e-16,-9.388670433066763e-16,0.0,0.0,0.0,-1.2944040733364845e-16,-7.182809934184602e-16,-3.5355295204750384e-15,-4.4607505904973225e-21,9.99292397058789e-19,-3.4440136583345413e-20,0.034127142,0.034127142,0.008531785499999993,0.008531785500000007,0.008531785500000008,0.008531785499999991,533.2849613480581,533.2849613480586,533.2849613480586,533.284961348058,0.9077133540755093,1.0199706000001014,7.533144033908186e-17,-3.8058854337047784e-17,1.1722792104940776
3.81,attitude_only,8.140221756419265e-17,-6.353589221217735e-17,-4.871158639754568e-16,1.0,0.0,0.0,0.0,1.0,1.6280443512838538e-16,-1.2707178442435463e-16,-9.742317279509136e-16,0.0,0.0,0.0,-1.5690259758490394e-16,-7.068929559151012e-16,-3.5370598766879e-15,3.006290368685831e-20,9.926956816139095e-19,-3.4440136583345413e-20,0.034127142,0.034127142,0.008531785499999995,0.008531785500000007,0.008531785500000008,0.008531785499999991,533.2849613480581,533.2849613480586,533.2849613480586,533.284961348058,0.8095587273358513,1.0199706000001014,7.69784924872337e-17,-3.9545118557704037e-17,1.176865552918227
3.8200000000000003,attitude_only,8.06001033156839e-17,-6.699386022478575e-17,-5.048009250790698e-16,1.0,0.0,0.0,0.0,1.0,1.6120020663136788e-16,-1.3398772044957144e-16,-1.0096018501581395e-15,0.0,0.0,0.0,-1.6741279594463133e-16,-6.821881199209907e-16,-3.537319453625791e-15,4.4349269677977556e-20,9.69871759620187e-19,-3.4440136583345413e-20,0.034127142,0.034127142,0.008531785499999995,0.008531785500000007,0.008531785500000008,0.008531785499999991,533.2849613480581,533.2849613480586,533.2849613480586,533.284961348058,0.7217459340079004,1.0199706000001014,7.861387063074398e-17,-4.1046766439897234e-17,1.180570500525188
3.83,attitude_only,7.971509909969197e-17,-7.047166690032267e-17,-5.22487827422511e-16,1.0,0.0,0.0,0.0,1.0,1.59430198199384e-16,-1.4094333380064526e-16,-1.044975654845022e-15,0.0,0.0,0.0,-1.909573617363999e-16,-6.840944696763613e-16,-3.5365871892369465e-15,7.451232224546381e-20,9.790003240233952e-19,-3.4440136583345413e-20,0.034127142,0.034127142,0.008531785499999995,0.008531785500000007,0.008531785500000008,0.008531785499999991,533.2849613480581,533.2849613480586,533.2849613480586,533.284961348058,0.633865417309513,1.0199706000001014,8.023694603707787e-17,-4.2563920665025334e-17,1.1833939340303476
3.84,attitude_only,7.869896597418698e-17,-7.382948257136237e-17,-5.401740100165204e-16,1.0,0.0,0.0,0.0,1.0,1.5739793194837403e-16,-1.4765896514272467e-16,-1.0803480200330407e-15,0.0,0.0,0.0,-2.095244624631679e-16,-6.599394652461176e-16,-3.538136906460153e-15,9.8888087742217e-20,9.566137133595638e-19,-3.4440136583345413e-20,0.034127142,0.034127142,0.008531785499999995,0.008531785500000007,0.008531785500000008,0.00853178549999999,533.2849613480581,533.2849613480586,533.2849613480586,533.284961348058,0.5459288649461657,1.0199706000001014,8.184643651103611e-17,-4.4096010378443806e-17,1.1853357605852755
3.85,attitude_only,7.76407071937219e-17,-7.710610982460875e-17,-5.57863069253958e-16,1.0,0.0,0.0,0.0,1.0,1.5528141438744388e-16,-1.542122196492174e-16,-1.115726138507916e-15,0.0,0.0,0.0,-2.0154297207975728e-16,-6.399497042146896e-16,-3.5373872171619977e-15,9.132572900292185e-20,9.390254971639971e-19,-3.4440136583345413e-20,0.034127142,0.034127142,0.008531785499999995,0.008531785500000007,0.008531785500000008,0.008531785499999991,533.2849613480581,533.2849613480586,533.2849613480586,533.284961348058,0.45794603845510856,1.0199706000001014,8.344272997417247e-17,-4.564297775731334e-17,1.1863959079101842
3.8600000000000003,attitude_only,7.656353824527225e-17,-8.014620669554531e-17,-5.755482618730421e-16,1.0,0.0,0.0,0.0,1.0,1.531270764905446e-16,-1.6029241339109052e-16,-1.1510965237460842e-15,0.0,0.0,0.0,-2.229770435010207e-16,-5.999142777500625e-16,-3.5368912964986294e-15,1.1927638514344824e-19,8.969821281839454e-19,-3.4440136583345413e-20,0.034127142,0.034127142,0.008531785499999995,0.008531785500000007,0.008531785500000007,0.008531785499999991,533.2849613480581,533.2849613480586,533.2849613480586,533.284961348058,0.3699250672024806,1.0199706000001014,8.502511369804625e-17,-4.720531521921614e-17,1.186574319732104
3.87,attitude_only,7.541634303966531e-17,-8.303661198928015e-17,-5.93228809142959e-16,1.0,0.0,0.0,0.0,1.0,1.5083268607933072e-16,-1.660732239785602e-16,-1.186457618285918e-15,0.0,0.0,0.0,-2.396707336946425e-16,-5.725220860926127e-16,-3.535630197728831e-15,1.4170552071274075e-19,8.698367190559316e-19,-3.4440136583345413e-20,0.034127142,0.034127142,0.008531785499999996,0.008531785500000007,0.008531785500000007,0.008531785499999991,533.2849613480582,533.2849613480586,533.2849613480586,533.284961348058,0.2818727038573857,1.0199706000001014,8.659359059647607e-17,-4.878242625028706e-17,1.185870952236874
3.88,attitude_only,7.414476073336868e-17,-8.587465650302768e-17,-6.109019026678421e-16,1.0,0.0,0.0,0.0,1.0,1.4828952146673746e-16,-1.7174931300605526e-16,-1.2218038053356841e-15,0.0,0.0,0.0,-2.6978197031805364e-16,-5.581338875504969e-16,-3.5341129101979524e-15,1.805368243640146e-19,8.581522196808975e-19,-3.4440136583345413e-20,0.034127142,0.034127142,0.008531785499999996,0.008531785500000007,0.008531785500000007,0.008531785499999991,533.2849613480582,533.2849613480586,533.2849613480586,533.284961348058,0.193794544525015,1.0199706000001014,8.814648736463434e-17,-5.0373834922444255e-17,1.1842857713088293
3.89,attitude_only,7.267252889471614e-17,-8.85737386995994e-17,-6.285724790774508e-16,1.0,0.0,0.0,0.0,1.0,1.4534505778943241e-16,-1.771474773991987e-16,-1.2571449581549015e-15,0.0,0.0,0.0,-3.165074021475186e-16,-5.313243431986464e-16,-3.533609729155705e-15,2.3977241658084784e-19,8.312940098906636e-19,-3.4440136583345413e-20,0.034127142,0.034127142,0.008531785499999996,0.008531785500000007,0.008531785500000005,0.00853178549999999,533.2849613480582,533.2849613480586,533.2849613480585,533.284961348058,0.1056952170996282,1.0199706000001014,8.968365373839227e-17,-5.197868917138632e-17,1.1818187503828101
3.9,attitude_only,7.096901569403057e-17,-9.108999380455874e-17,-6.462386280886578e-16,1.0,0.0,0.0,0.0,1.0,1.4193803138806126e-16,-1.8217998760911737e-16,-1.2924772561773157e-15,0.0,0.0,0.0,-3.618598649389364e-16,-4.786398182650062e-16,-3.5331031599366474e-15,2.978139705799384e-19,7.728589781529453e-19,-3.4440136583345413e-20,0.034127142,0.034127142,0.008531785499999998,0.008531785500000007,0.008531785500000005,0.00853178549999999,533.2849613480582,533.2849613480586,533.2849613480585,533.284961348058,0.017578541470787856,1.0199706000001014,9.120469604000475e-17,-5.3596564887867435e-17,1.1784698687723645
3.91,attitude_only,6.910264355345561e-17,-9.338177451897734e-17,-6.639085881066203e-16,1.0,0.0,0.0,0.0,1.0,1.3820528710691134e-16,-1.8676354903795457e-16,-1.3278171762132405e-15,0.0,0.0,0.0,-3.8553016680472437e-16,-4.423892789447523e-16,-3.5338664019420436e-15,3.3007363448693133e-19,7.337822237580882e-19,-3.4440136583345413e-20,0.034127142,0.034127142,0.008531785499999998,0.008531785500000007,0.008531785500000005,0.00853178549999999,533.2849613480582,533.2849613480586,533.2849613480585,533.284961348058,-0.0705523349028038,1.0199706000001014,9.270961201680173e-17,-5.522690936509549e-17,1.1742391103683927
3.92,attitude_only,6.716797577702916e-17,-9.548014001731746e-17,-6.815769139962587e-16,1.0,0.0,0.0,0.0,1.0,1.3433595155405844e-16,-1.9096028003463481e-16,-1.3631538279925174e-15,0.0,0.0,0.0,-3.914759845214525e-16,-4.0699690201411554e-16,-3.5338693060935952e-15,3.4112337559221957e-19,6.953813404614653e-19,-3.4440136583345413e-20,0.034127142,0.034127142,0.008531785499999998,0.008531785500000007,0.008531785500000003,0.008531785499999991,533.2849613480582,533.2849613480586,533.2849613480585,533.284961348058,-0.15869482276928037,1.0199706000001014,9.419795671446072e-17,-5.687030064294429e-17,1.1691264626260407
3.93,attitude_only,6.516763606575117e-17,-9.735712258383249e-17,-6.992468984574967e-16,1.0,0.0,0.0,0.0,1.0,1.303352721315025e-16,-1.9471424516766488e-16,-1.3984937969149935e-15,0.0,0.0,0.0,-4.124760592711138e-16,-3.6760538442437053e-16,-3.5348857117022058e-15,3.7044822588452425e-19,6.517875731980149e-19,-3.4440136583345413e-20,0.034127142,0.034127142,0.0085317855,0.008531785500000007,0.008531785500000003,0.008531785499999991,533.2849613480583,533.2849613480586,533.2849613480585,533.284961348058,-0.2468467952176918,1.0199706000001014,9.566910017590718e-17,-5.852676603368748e-17,1.1631319157759274
3.94,attitude_only,6.301176554938192e-17,-9.927705035379266e-17,-7.169192994685654e-16,1.0,0.0,0.0,0.0,1.0,1.2602353109876398e-16,-1.9855410070758523e-16,-1.4338385989371307e-15,0.0,0.0,0.0,-4.443793704660912e-16,-3.956344436721361e-16,-3.534379021476834e-15,4.1317599302315807e-19,6.893787887320549e-19,-3.4440136583345413e-20,0.034127142,0.034127142,0.0085317855,0.008531785500000007,0.008531785500000003,0.00853178549999999,533.2849613480583,533.2849613480586,533.2849613480585,533.284961348058,-0.33500650749286354,1.0199706000001014,9.712238309987602e-17,-6.019536893630594e-17,1.156255462209992
3.95,attitude_only,6.078048526585844e-17,-1.0132373811836004e-16,-7.345889164665397e-16,1.0,0.0,0.0,0.0,1.0,1.2156097053171702e-16,-2.0264747623671998e-16,-1.4691778329330794e-15,0.0,0.0,0.0,-4.490174047149302e-16,-4.212474939655055e-16,-3.533873420308295e-15,4.232318081689143e-19,7.243269240237534e-19,-3.4440136583345413e-20,0.034127142,0.034127142,0.008531785499999998,0.008531785500000007,0.008531785500000003,0.00853178549999999,533.2849613480582,533.2849613480586,533.2849613480585,533.284961348058,-0.4231725301285805,1.0199706000001014,9.855530318742706e-17,-6.18755962132638e-17,1.1484970960032774
3.96,attitude_only,5.848894675792256e-17,-1.0349719654366607e-16,-7.522591730591208e-16,1.0,0.0,0.0,0.0,1.0,1.1697789351584527e-16,-2.0699439308733205e-16,-1.5045183461182416e-15,0.0,0.0,0.0,-4.630653413075329e-16,-4.448397720525411e-16,-3.5346353917473867e-15,4.447199854931128e-19,7.570860554487214e-19,-3.4440136583345413e-20,0.034127142,0.034127142,0.008531785499999998,0.008531785500000007,0.008531785500000003,0.00853178549999999,533.2849613480582,533.2849613480586,533.2849613480585,533.284961348058,-0.5113436933374707,1.0199706000001014,9.99677503216677e-17,-6.356760911761967e-17,1.139856812541547
3.97,attitude_only,5.613154563323475e-17,-1.0578555815422435e-16,-7.699312109329011e-16,1.0,0.0,0.0,0.0,1.0,1.1226309126646967e-16,-2.115711163084486e-16,-1.5398624218658023e-15,0.0,0.0,0.0,-4.783531766226717e-16,-4.68186866532391e-16,-3.5348900074263773e-15,4.678489196375061e-19,7.897844374898654e-19,-3.4440136583345413e-20,0.034127142,0.034127142,0.008531785499999998,0.008531785500000008,0.008531785500000003,0.00853178549999999,533.2849613480582,533.2849613480586,533.2849613480585,533.284961348058,-0.5995190408748091,1.0199706000001014,1.0135928694884419e-16,-6.527088691168499e-17,1.1303346082313055
3.98,attitude_only,5.368057120478424e-17,-1.0817381853885541e-16,-7.876066771941323e-16,1.0,0.0,0.0,0.0,1.0,1.0736114240956866e-16,-2.1634763707771074e-16,-1.5752133543882646e-15,0.0,0.0,0.0,-4.988830837991755e-16,-4.873558138039264e-16,-3.5359053844813117e-15,4.974736390873022e-19,8.17660732353747e-19,-3.4440136583345413e-20,0.034127142,0.034127142,0.008531785499999998,0.008531785500000008,0.008531785500000003,0.008531785499999988,533.2849613480582,533.2849613480586,533.2849613480585,533.2849613480579,-0.6876977918462992,1.0199706000001014,1.027295042175933e-16,-6.698492194035308e-17,1.1199304802739831
3.99,attitude_only,5.117219158639981e-17,-1.1068028694135254e-16,-8.05290899380811e-16,1.0,0.0,0.0,0.0,1.0,1.023443831727998e-16,-2.21360573882705e-16,-1.610581798761622e-15,0.0,0.0,0.0,-5.072100859509301e-16,-5.124654568969382e-16,-3.536920670781511e-15,5.125381425289173e-19,8.529169586343305e-19,-3.4440136583345413e-20,0.034127142,0.034127142,0.008531785499999998,0.008531785500000008,0.008531785500000003,0.008531785499999988,533.2849613480582,533.2849613480586,533.2849613480585,533.2849613480579,-0.7758793091551256,1.0199706000001014,1.0407807042052025e-16,-6.870907557964222e-17,1.1086444264900785
4.0,attitude_only,4.856686621673237e-17,-1.1328602419529136e-16,-8.229800706003962e-16,1.0,0.0,0.0,0.0,1.0,9.713373243346493e-17,-2.265720483905826e-16,-1.6459601412007924e-15,0.0,0.0,0.0,-5.347558014253276e-16,-5.324634422914807e-16,-3.5386971117281787e-15,5.509405591124474e-19,8.822391755306963e-19,-3.4440136583345413e-20,0.034127142,0.034127142,0.008531785499999998,0.00853178550000001,0.008531785500000003,0.008531785499999988,533.2849613480582,533.2849613480586,533.2849613480585,533.2849613480579,-0.8640630734814394,1.0199706000001014,1.0540432747412875e-16,-7.0443084607416e-17,1.0964764451822113
4.01,attitude_only,4.5881703424164326e-17,-1.1602252786519936e-16,-8.406733027685472e-16,1.0,0.0,0.0,0.0,1.0,9.176340684832885e-17,-2.320450557303986e-16,-1.6813466055370944e-15,0.0,0.0,0.0,-5.480596207436254e-16,-5.527281667426357e-16,-3.537935987333289e-15,5.723857385018409e-19,9.120841265395085e-19,-3.4440136583345413e-20,0.034127142,0.034127142,0.008531785499999998,0.00853178550000001,0.008531785500000003,0.008531785499999988,533.2849613480582,533.2849613480586,533.2849613480585,533.2849613480579,-0.952248661859953,1.0199706000001014,1.0670781276121054e-16,-7.218616098100126e-17,1.0834265350284715
4.02,attitude_only,4.318900542864073e-17,-1.1889826168562752e-16,-8.583606995135386e-16,1.0,0.0,0.0,0.0,1.0,8.637801085728167e-17,-2.3779652337125494e-16,-1.7167213990270773e-15,0.0,0.0,0.0,-5.294374111454716e-16,-5.926721304219026e-16,-3.537428692076345e-15,5.55333461095511e-19,9.659436042588476e-19,-3.4440136583345413e-20,0.034127142,0.034127142,0.008531785499999998,0.00853178550000001,0.008531785500000005,0.008531785499999986,533.2849613480582,533.2849613480586,533.2849613480585,533.2849613480579,-1.0404357300702032,1.0199706000001014,1.0798806498429887e-16,-7.393806114921256e-17,1.0694946949993598
4.03,attitude_only,4.0529489311886963e-17,-1.2187080496603323e-16,-8.760430218085071e-16,1.0,0.0,0.0,0.0,1.0,8.105897862377414e-17,-2.437416099320664e-16,-1.7520860436170142e-15,0.0,0.0,0.0,-5.339518787051531e-16,-6.019387003744727e-16,-3.535906201273936e-15,5.660903409541807e-19,9.830828752056769e-19,-3.4440136583345413e-20,0.034127142,0.034127142,0.008531785499999998,0.00853178550000001,0.008531785500000005,0.008531785499999986,533.2849613480582,533.2849613480586,533.2849613480585,533.2849613480579,-1.12862399818126,1.0199706000001014,1.0924408797981685e-16,-7.569914915612402e-17,1.0546809242931052
4.04,attitude_only,3.781788795079571e-17,-1.2491049271097195e-16,-8.937155744950616e-16,1.0,0.0,0.0,0.0,1.0,7.563577590159165e-17,-2.4982098542194386e-16,-1.7874311489901233e-15,0.0,0.0,0.0,-5.466385747958009e-16,-6.182396380122507e-16,-3.5343837029086333e-15,5.867807620109158e-19,1.0088263967511327e-18,-3.4440136583345413e-20,0.034127142,0.034127142,0.008531785499999998,0.00853178550000001,0.008531785500000005,0.008531785499999986,533.2849613480582,533.2849613480586,533.2849613480585,533.2849613480579,-1.2168132387012827,1.0199706000001014,1.1047623197068939e-16,-7.746814908791539e-17,1.0389852222852904
4.05,attitude_only,3.505027812747597e-17,-1.280363258011625e-16,-9.113860974295897e-16,1.0,0.0,0.0,0.0,1.0,7.010055625495218e-17,-2.5607265160232496e-16,-1.8227721948591795e-15,0.0,0.0,0.0,-5.560676825918834e-16,-6.298991287966672e-16,-3.533368673746852e-15,6.036563681921336e-19,1.0291167769803993e-18,-3.4440136583345413e-20,0.034127142,0.034127142,0.008531785499999998,0.00853178550000001,0.008531785500000005,0.008531785499999986,533.2849613480582,533.2849613480586,533.2849613480585,533.2849613480579,-1.30500326687442,1.0199706000001014,1.116836283508172e-16,-7.924443780479585e-17,1.022407588489621
4.06,attitude_only,3.231562205561261e-17,-1.3121076569921663e-16,-9.290533214626207e-16,1.0,0.0,0.0,0.0,1.0,6.463124411122546e-17,-2.624215313984332e-16,-1.8581066429252413e-15,0.0,0.0,0.0,-5.451104821405752e-16,-6.40864917008746e-16,-3.5326074056569635e-15,5.959588324719693e-19,1.0486843720049811e-18,-3.4440136583345413e-20,0.034127142,0.034127142,0.008531785499999998,0.00853178550000001,0.008531785500000005,0.008531785499999986,533.2849613480582,533.2849613480586,533.2849613480585,533.2849613480579,-1.3931939327445806,1.0199706000001014,1.128656313274058e-16,-8.102780107867414e-17,1.0049480225273693
4.07,attitude_only,2.970013779633315e-17,-1.3447145342758617e-16,-9.467125521183137e-16,1.0,0.0,0.0,0.0,1.0,5.940027559266656e-17,-2.689429068551723e-16,-1.8934251042366274e-15,0.0,0.0,0.0,-5.093388594771079e-16,-6.630225116487967e-16,-3.531338619204739e-15,5.5812627387058e-19,1.0819037106895303e-18,-3.4440136583345413e-20,0.034127142,0.034127142,0.008531785499999998,0.00853178550000001,0.008531785500000005,0.008531785499999986,533.2849613480582,533.2849613480586,533.2849613480585,533.2849613480579,-1.4813851146713737,1.0199706000001014,1.1402183009565073e-16,-8.281829183593145e-17,0.9866065241035842
4.08,attitude_only,2.713927301276554e-17,-1.3780927380070292e-16,-9.6436886467861e-16,1.0,0.0,0.0,0.0,1.0,5.4278546025531343e-17,-2.756185476014058e-16,-1.92873772935722e-15,0.0,0.0,0.0,-5.144650225166118e-16,-6.739461029546699e-16,-3.53057735111485e-15,5.694223197431507e-19,1.1017514812861247e-18,-3.4440136583345413e-20,0.034127142,0.034127142,0.008531785499999996,0.008531785500000012,0.008531785500000005,0.008531785499999986,533.2849613480582,533.2849613480587,533.2849613480585,533.2849613480579,-1.5695767140376176,1.0199706000001014,1.1515132375616203e-16,-8.46156992728175e-17,0.967383092988557
4.09,attitude_only,2.4049286175392262e-17,-1.418888754461807e-16,-9.855514406102028e-16,1.0,0.0,0.0,0.0,1.0,4.80985723507848e-17,-2.8377775089236134e-16,-1.9711028812204056e-15,0.0,0.0,0.0,-5.110292183940012e-16,-6.84635240930473e-16,-3.529308519285255e-15,5.704096469799579e-19,1.121424799266393e-18,-3.4440136583345413e-20,0.034127142,0.034127142,0.008531785499999996,0.008531785500000012,0.008531785500000005,0.008531785499999986,533.2849613480582,533.2849613480587,533.2849613480585,533.2849613480579,-1.6577686509334237,1.0199706000001014,1.1625369388798458e-16,-8.64186555057109e-17,0.9472777290033909
4.1,attitude_only,2.204578939393421e-17,-1.446346105411074e-16,-9.996703242590988e-16,1.0,0.0,0.0,0.0,1.0,4.409157878786871e-17,-2.8926922108221477e-16,-1.9993406485181975e-15,0.0,0.0,0.0,-4.92249382071667e-16,-6.920121480775133e-16,-3.5300698573319184e-15,5.527963372138735e-19,1.1371972093236164e-18,-3.4440136583345413e-20,0.034127142,0.034127142,0.008531785499999996,0.008531785500000012,0.008531785500000005,0.008531785499999986,533.2849613480582,533.2849613480587,533.2849613480585,533.2849613480579,-1.7459608606393453,1.0199706000001014,1.1732837036669834e-16,-8.822668943707662e-17,0.926290432008761
4.11,attitude_only,1.9578791745725586e-17,-1.4805133147713062e-16,-1.0173216886486584e-15,1.0,0.0,0.0,0.0,1.0,3.9157583491451475e-17,-2.961026629542612e-16,-2.034643377297317e-15,0.0,0.0,0.0,-4.947549399478248e-16,-6.796206810933571e-16,-3.5300698686762612e-15,5.607505560647414e-19,1.129123655753563e-18,-3.4440136583345413e-20,0.034127142,0.034127142,0.008531785499999996,0.008531785500000012,0.008531785500000005,0.008531785499999986,533.2849613480582,533.2849613480587,533.2849613480585,533.2849613480579,-1.8341532907634857,1.0199706000001014,1.1837484815544752e-16,-9.003997939841023e-17,0.904421201896161
4.12,attitude_only,1.7172495502501553e-17,-1.5150618501199684e-16,-1.0349715305114917e-15,1.0,0.0,0.0,0.0,1.0,3.434499100500342e-17,-3.0301237002399363e-16,-2.0699430610229835e-15,0.0,0.0,0.0,-4.788357430245116e-16,-6.891817749770335e-16,-3.5303236524368378e-15,5.464358771870106e-19,1.1474887861637447e-18,-3.4440136583345413e-20,0.034127142,0.034127142,0.008531785499999996,0.008531785500000012,0.008531785500000005,0.008531785499999986,533.2849613480582,533.2849613480587,533.2849613480585,533.2849613480579,-1.9223458989122555,1.0199706000001014,1.1939276048004407e-16,-9.185745720263149e-17,0.8816700385810862
4.13,attitude_only,1.4825892364936935e-17,-1.5492964449437842e-16,-1.052624671396356e-15,1.0,0.0,0.0,0.0,1.0,2.96517847298742e-17,-3.098592889887568e-16,-2.105249342792712e-15,0.0,0.0,0.0,-4.554181264647976e-16,-6.817710251973797e-16,-3.5308311972693067e-15,5.228889185800017e-19,1.145413596680134e-18,-3.4440136583345413e-20,0.034127142,0.034127142,0.008531785499999996,0.008531785500000012,0.008531785500000007,0.008531785499999986,533.2849613480582,533.2849613480587,533.2849613480586,533.2849613480579,-2.010538650797059,1.0199706000001014,1.20381100293283e-16,-9.36790189249685e-17,0.858036941997724
4.14,attitude_only,1.2565048090171164e-17,-1.582570356181056e-16,-1.0702778123091088e-15,1.0,0.0,0.0,0.0,1.0,2.5130096180342666e-17,-3.1651407123621115e-16,-2.1405556246182176e-15,0.0,0.0,0.0,-4.456294157755344e-16,-6.548306322443998e-16,-3.5298161265116044e-15,5.15598759910641e-19,1.1196334314590017e-18,-3.4440136583345413e-20,0.034127142,0.034127142,0.008531785499999996,0.00853178550000001,0.008531785500000007,0.008531785499999986,533.2849613480582,533.2849613480586,533.2849613480586,533.2849613480579,-2.0987315186957445,1.0199706000001014,1.2133981414968456e-16,-9.55043228811623e-17,0.8335219120948196
4.15,attitude_only,1.0365773382952443e-17,-1.615089124316339e-16,-1.0879221982439029e-15,1.0,0.0,0.0,0.0,1.0,2.0731546765905238e-17,-3.230178248632678e-16,-2.1758443964878057e-15,0.0,0.0,0.0,-4.3790075283145306e-16,-6.4401952337041e-16,-3.5282935199023727e-15,5.1070337190605825e-19,1.1131002960439188e-18,-3.4440136583345413e-20,0.034127142,0.034127142,0.008531785499999996,0.00853178550000001,0.008531785500000005,0.008531785499999986,533.2849613480582,533.2849613480586,533.2849613480585,533.2849613480579,-2.1869244802038814,1.0199706000001014,1.2226850971383226e-16,-9.733282371028413e-17,0.8081249488324559
4.16,attitude_only,8.230910239156098e-18,-1.6469399122295873e-16,-1.1055650615742144e-15,1.0,0.0,0.0,0.0,1.0,1.646182047831256e-17,-3.2938798244591745e-16,-2.2111301231484288e-15,0.0,0.0,0.0,-4.093315969704489e-16,-6.415625181422805e-16,-3.5293085963322484e-15,4.805137008425576e-19,1.116567514951586e-18,-3.4440136583345413e-20,0.034127142,0.034127142,0.008531785499999996,0.00853178550000001,0.008531785500000007,0.008531785499999986,533.2849613480582,533.2849613480586,533.2849613480586,533.2849613480579,-2.275117517221322,1.0199706000001014,1.231663691759063e-16,-9.91638733939556e-17,0.7818460521795456
4.17,attitude_only,6.1932548978513116e-18,-1.6786284379083483e-16,-1.123215157325271e-15,1.0,0.0,0.0,0.0,1.0,1.2386509795703e-17,-3.3572568758166966e-16,-2.246430314650542e-15,0.0,0.0,0.0,-4.0644167026160895e-16,-6.255241633323364e-16,-3.5298161359652267e-15,4.811102054945658e-19,1.1035767308129763e-18,-3.4440136583345413e-20,0.034127142,0.034127142,0.008531785499999996,0.00853178550000001,0.008531785500000007,0.008531785499999986,533.2849613480582,533.2849613480586,533.2849613480586,533.2849613480579,-2.363310615130377,1.0199706000001014,1.2403244059342867e-16,-1.0099748949894455e-16,0.7546852221118778
4.18,attitude_only,4.159962014988092e-18,-1.7096814780959463e-16,-1.1408633498186566e-15,1.0,0.0,0.0,0.0,1.0,8.319924029976573e-18,-3.4193629561918927e-16,-2.2817266996373132e-15,0.0,0.0,0.0,-4.0562778165480915e-16,-6.138359221167535e-16,-3.5288010623714384e-15,4.84189816982954e-19,1.0956892005754443e-18,-3.4440136583345413e-20,0.034127142,0.034127142,0.008531785499999996,0.00853178550000001,0.008531785500000007,0.008531785499999986,533.2849613480582,533.2849613480586,533.2849613480586,533.2849613480579,-2.451503762129938,1.0199706000001014,1.2486623925785663e-16,-1.028328018328429e-16,0.7266424586105966
4.19,attitude_only,2.1432871941072397e-18,-1.7399046855926752e-16,-1.1585086239743966e-15,1.0,0.0,0.0,0.0,1.0,4.286574388214882e-18,-3.4798093711853503e-16,-2.3170172479487933e-15,0.0,0.0,0.0,-4.092142422946523e-16,-5.954733687749358e-16,-3.5293086003500353e-15,4.925857121737126e-19,1.0796088702530127e-18,-3.4440136583345413e-20,0.034127142,0.034127142,0.008531785499999996,0.00853178550000001,0.008531785500000005,0.008531785499999986,533.2849613480582,533.2849613480586,533.2849613480585,533.2849613480579,-2.539696948695547,1.0199706000001014,1.2566724417256195e-16,-1.0466921281111831e-16,0.6977177616610174
4.2,attitude_only,1.192747939446559e-19,-1.7688054813150754e-16,-1.1761533906083474e-15,1.0,0.0,0.0,0.0,1.0,2.385495878897279e-19,-3.5376109626301507e-16,-2.352306781216695e-15,0.0,0.0,0.0,-4.0332966341753304e-16,-5.593932953188383e-16,-3.5285472975181e-15,4.895575141553447e-19,1.041906715058884e-18,-3.4440136583345413e-20,0.034127142,0.034127142,0.008531785499999996,0.00853178550000001,0.008531785500000005,0.008531785499999986,533.2849613480582,533.2849613480586,533.2849613480585,533.2849613480579,-2.627890167142719,1.0199706000001014,1.2643513513584777e-16,-1.0650622685749889e-16,0.667911131251704
4.21,attitude_only,-1.8200079274948573e-18,-1.7961237212065897e-16,-1.1937960002148109e-15,1.0,0.0,0.0,0.0,1.0,-3.6400158549892855e-18,-3.5922474424131794e-16,-2.3875920004296218e-15,0.0,0.0,0.0,-3.8192999719642406e-16,-5.323451174992586e-16,-3.5285472985816326e-15,4.67697214661978e-19,1.0147723528503808e-18,-3.4440136583345413e-20,0.034127142,0.034127142,0.008531785499999996,0.00853178550000001,0.008531785500000005,0.008531785499999988,533.2849613480582,533.2849613480586,533.2849613480585,533.2849613480579,-2.716083411273226,1.0199706000001014,1.2716974389461097e-16,-1.0834362633595565e-16,0.6372225673737494
4.22,attitude_only,-3.687696467632829e-18,-1.821713500516701e-16,-1.2114386098277744e-15,1.0,0.0,0.0,0.0,1.0,-7.375392935265218e-18,-3.643427001033402e-16,-2.4228772196555488e-15,0.0,0.0,0.0,-3.6451825148374267e-16,-4.954363656861121e-16,-3.528547299999675e-15,4.504483023215977e-19,9.75436214331466e-19,-3.4440136583345413e-20,0.034127142,0.034127142,0.008531785499999998,0.008531785500000008,0.008531785500000005,0.008531785499999988,533.2849613480582,533.2849613480586,533.2849613480585,533.2849613480579,-2.8042766760892395,1.0199706000001014,1.2787046701517667e-16,-1.1018158481744895e-16,0.6056520700202171
4.23,attitude_only,-5.4190025457223385e-18,-1.8459375204117562e-16,-1.2290785548757443e-15,1.0,0.0,0.0,0.0,1.0,-1.0838005091444223e-17,-3.6918750408235124e-16,-2.4581571097514885e-15,0.0,0.0,0.0,-3.308943757381174e-16,-4.818451975520436e-16,-3.5280397640299725e-15,4.1340859518422885e-19,9.639452645461045e-19,-3.4440136583345413e-20,0.034127142,0.034127142,0.008531785499999996,0.008531785500000008,0.008531785500000005,0.008531785499999988,533.2849613480582,533.2849613480586,533.2849613480585,533.2849613480579,-2.8924699575616497,1.0199706000001014,1.2853691901096098e-16,-1.1201957090265244e-16,0.5731996391857049
4.24,attitude_only,-7.023778561950381e-18,-1.8697332103443575e-16,-1.246724590377596e-15,1.0,0.0,0.0,0.0,1.0,-1.4047557123900297e-17,-3.739466420688715e-16,-2.493449180755192e-15,0.0,0.0,0.0,-3.0957114465619766e-16,-4.73753191778154e-16,-3.5295623771385677e-15,3.9091642933248706e-19,9.589723895352185e-19,-3.4440136583345413e-20,0.034127142,0.034127142,0.008531785499999996,0.008531785500000008,0.008531785500000005,0.008531785499999988,533.2849613480582,533.2849613480586,533.2849613480585,533.2849613480579,-2.9806632524433216,1.0199706000001014,1.2916794847953548e-16,-1.1385775698645867e-16,0.5398652748660056
4.25,attitude_only,-8.553756919629311e-18,-1.8929244113268763e-16,-1.2643783658259996e-15,1.0,0.0,0.0,0.0,1.0,-1.7107513839258145e-17,-3.7858488226537525e-16,-2.5287567316519993e-15,0.0,0.0,0.0,-2.9664811700336916e-16,-4.601948505756726e-16,-3.5321000635455274e-15,3.783752773191265e-19,9.473043285979976e-19,-3.4440136583345413e-20,0.034127142,0.034127142,0.008531785499999996,0.008531785500000008,0.008531785500000005,0.008531785499999988,533.2849613480582,533.2849613480586,533.2849613480585,533.2849613480579,-3.0688565581178655,1.0199706000001014,1.297629010276115e-16,-1.156953463430601e-16,0.5056489770578428
4.26,attitude_only,-1.0010180086259533e-17,-1.9154037714422648e-16,-1.2820408962938398e-15,1.0,0.0,0.0,0.0,1.0,-2.0020360172518576e-17,-3.83080754288453e-16,-2.5640817925876796e-15,0.0,0.0,0.0,-2.876015086237819e-16,-4.4369792227046354e-16,-3.53184629520617e-15,3.7039536234985957e-19,9.319449938544512e-19,-3.4440136583345413e-20,0.034127142,0.034127142,0.008531785499999996,0.008531785500000008,0.008531785500000005,0.008531785499999988,533.2849613480582,533.2849613480586,533.2849613480585,533.2849613480579,-3.1570498724778764,1.0199706000001014,1.303213393155235e-16,-1.1753192428208168e-16,0.4705507457586644
4.27,attitude_only,-1.1426673854067304e-17,-1.936771382562813e-16,-1.2997012697295102e-15,1.0,0.0,0.0,0.0,1.0,-2.2853347708134105e-17,-3.8735427651256263e-16,-2.5994025394590204e-15,0.0,0.0,0.0,-2.790341437387252e-16,-4.1294640203928733e-16,-3.5318462954129674e-15,3.629048659251787e-19,8.991726335974324e-19,-3.4440136583345413e-20,0.034127142,0.034127142,0.008531785499999996,0.008531785500000008,0.008531785500000005,0.00853178549999999,533.2849613480582,533.2849613480586,533.2849613480585,533.284961348058,-3.2452431938259427,1.0199706000001014,1.3084303489441274e-16,-1.1936705905751257e-16,0.4345705809664831
4.28,attitude_only,-1.279148296514133e-17,-1.9564986516156649e-16,-1.3173539032223807e-15,1.0,0.0,0.0,0.0,1.0,-2.5582965930282145e-17,-3.91299730323133e-16,-2.6347078064447614e-15,0.0,0.0,0.0,-2.6830814514972763e-16,-3.750027726864444e-16,-3.5300699151467145e-15,3.527167490698791e-19,8.573903061008857e-19,-3.4440136583345413e-20,0.034127142,0.034127142,0.008531785499999998,0.008531785500000008,0.008531785500000005,0.00853178549999999,533.2849613480582,533.2849613480586,533.2849613480585,533.284961348058,-3.3334365207954084,1.0199706000001014,1.313279527014042e-16,-1.2120045905335944e-16,0.3977084826797512
4.29,attitude_only,-1.409531061245804e-17,-1.9744461211913235e-16,-1.33500285707083e-15,1.0,0.0,0.0,0.0,1.0,-2.819062122491555e-17,-3.9488922423826475e-16,-2.67000571414166e-15,0.0,0.0,0.0,-2.511292315938895e-16,-3.5374798862662836e-16,-3.5290548406666517e-15,3.3461334511881216e-19,8.354220451153728e-19,-3.4440136583345413e-20,0.034127142,0.034127142,0.008531785499999998,0.008531785500000007,0.008531785500000005,0.00853178549999999,533.2849613480582,533.2849613480586,533.2849613480585,533.284961348058,-3.4216298522860367,1.0199706000001014,1.3177600864039478e-16,-1.2303177882420967e-16,0.35996445089726314
4.3,attitude_only,-1.5302659513756694e-17,-1.9912352523163128e-16,-1.3526501614235961e-15,1.0,0.0,0.0,0.0,1.0,-3.060531902751285e-17,-3.982470504632626e-16,-2.7053003228471922e-15,0.0,0.0,0.0,-2.351446852240982e-16,-3.237382887958584e-16,-3.531084989863118e-15,3.1778333632730354e-19,8.026477882064072e-19,-3.4440136583345413e-20,0.034127142,0.034127142,0.008531785499999998,0.008531785500000007,0.008531785500000005,0.00853178549999999,533.2849613480582,533.2849613480586,533.2849613480585,533.284961348058,-3.5098231874125,1.0199706000001014,1.3218643143242907e-16,-1.2486101888517692e-16,0.3213384856180804
4.31,attitude_only,-1.643704375395332e-17,-2.0069648386900381e-16,-1.370309646671349e-15,1.0,0.0,0.0,0.0,1.0,-3.287408750790609e-17,-4.013929677380077e-16,-2.740619293342698e-15,0.0,0.0,0.0,-2.1545814179408074e-16,-3.1445813146763137e-16,-3.5313387586160766e-15,2.963140656292233e-19,7.94656180727211e-19,-3.4440136583345413e-20,0.034127142,0.034127142,0.008531785499999998,0.008531785500000007,0.008531785500000005,0.00853178549999999,533.2849613480582,533.2849613480586,533.2849613480585,533.284961348058,-3.5980165254621914,1.0199706000001014,1.3255881510072274e-16,-1.2668806620532865e-16,0.2818305868414717
4.32,attitude_only,-1.7501180675062568e-17,-2.0219226987993877e-16,-1.3879768718627322e-15,1.0,0.0,0.0,0.0,1.0,-3.5002361350124576e-17,-4.043845397598776e-16,-2.7759537437254644e-15,0.0,0.0,0.0,-2.0680637941528154e-16,-2.9511976927887044e-16,-3.5338764449861054e-15,2.8800001456881727e-19,7.744013437934868e-19,-3.4440136583345413e-20,0.034127142,0.034127142,0.008531785499999998,0.008531785500000007,0.008531785500000005,0.00853178549999999,533.2849613480582,533.2849613480586,533.2849613480585,533.284961348058,-3.6862098658618505,1.0199706000001014,1.328925145156085e-16,-1.2851244377850028e-16,0.24144075456686773
4.33,zero_thrust,-1.663314750901104e-17,-2.4532487889988803e-16,-1.405645239013397e-15,1.0,0.0,0.0,0.0,1.0,-3.326629501802139e-17,-4.906497577997761e-16,-2.811290478026794e-15,0.0,0.0,0.0,1.8609094789721006e-16,-9.963642602602935e-15,-3.53362267644733e-15,0.0,0.0,0.0,0.0,0.0,0.0,0.0,0.0,0.0,0.0,0.0,0.0,0.0,-4.083579074541918,1.0199706000001014,1.3271587300208716e-16,-1.302673862885024e-16,0.20172936320202925
4.34,zero_thrust,-1.5667041540745386e-17,-3.001363709355621e-16,-1.4233404263369316e-15,1.0,0.0,0.0,0.0,1.0,-3.1334083081489915e-17,-6.002727418711242e-16,-2.846680852673863e-15,0.0,0.0,0.0,1.845277698131701e-16,-1.1298012538923072e-14,-3.5432579543141843e-15,0.0,0.0,0.0,0.0,0.0,0.0,0.0,0.0,0.0,0.0,0.0,0.0,0.0,-3.595975655479271,1.0199706000001014,1.2393581080531587e-16,-1.3134001996337686e-16,0.18033705747205656
4.35,zero_thrust,-1.4822918099316906e-17,-3.5273527139946074e-16,-1.4410312599423256e-15,1.0,0.0,0.0,0.0,1.0,-2.9645836198632795e-17,-7.054705427989215e-16,-2.8820625198846513e-15,0.0,0.0,0.0,1.4624550406574052e-16,-9.54939849050091e-15,-3.515375125566937e-15,0.0,0.0,0.0,0.0,0.0,0.0,0.0,0.0,0.0,0.0,0.0,0.0,0.0,-2.716194077363352,1.0199706000001014,9.869020530070323e-17,-1.314280045731827e-16,0.18836637982305962
4.36,zero_thrust,-1.4104492450266655e-17,-3.9460086091302277e-16,-1.4586171760777748e-15,1.0,0.0,0.0,0.0,1.0,-2.8208984900532157e-17,-7.892017218260455e-16,-2.9172343521555497e-15,0.0,0.0,0.0,1.5883757812785383e-16,-7.971453082135615e-15,-3.5195940291202727e-15,0.0,0.0,0.0,0.0,0.0,0.0,0.0,0.0,0.0,0.0,0.0,0.0,0.0,-1.5379135997023643,1.0199706000001014,5.748688681709204e-17,-1.307827116770087e-16,0.2201184629324748
4.37,zero_thrust,-1.3259663694288118e-17,-4.3445182119175767e-16,-1.4762231101968604e-15,1.0,0.0,0.0,0.0,1.0,-2.6519327388574955e-17,-8.689036423835153e-16,-2.952446220393721e-15,0.0,0.0,0.0,1.8485884361594977e-16,-7.972603296412738e-15,-3.5229881846105516e-15,0.0,0.0,0.0,0.0,0.0,0.0,0.0,0.0,0.0,0.0,0.0,0.0,0.0,-0.4914858299339555,1.0199706000001014,1.1879296369486454e-17,-1.2997093659214734e-16,0.2570607154238741
4.38,hover,-1.2298041757865568e-17,-4.742911108589695e-16,-1.4937958918228916e-15,1.0,0.0,0.0,0.0,1.0,-2.459608351572972e-17,-9.48582221717939e-16,-2.987591783645783e-15,0.0,0.0,0.0,2.0777020369417932e-16,-7.978855466189274e-15,-3.510819185545518e-15,-2.115695871994775e-19,1.0074672734747861e-17,4.21365107792673e-18,0.34127141999999994,0.34127141999999994,0.08531785499999973,0.08531785500000023,0.08531785499999989,0.08531785500000008,1686.39511977472,1686.3951197747247,1686.3951197747213,1686.395119774723,0.6341730973354884,1.0199706000001014,-3.372608002327317e-17,-1.291600309565524e-16,0.29301837706876527
4.39,hover,-1.1131802646083146e-17,-5.141627673752342e-16,-1.5078385534822864e-15,1.0,0.0,0.0,0.0,1.0,-2.2263605292164742e-17,-1.0283255347504684e-15,-3.0156771069645727e-15,0.0,0.0,0.0,2.5798133760937804e-16,-7.94098562612178e-15,-2.0548097480488843e-15,-2.7440276127380963e-19,1.0108638782928084e-17,2.4869878504112582e-18,0.34127141999999994,0.34127141999999994,0.0853178549999998,0.08531785500000016,0.08531785499999996,0.08531785500000001,1686.3951197747203,1686.395119774724,1686.395119774722,1686.3951197747224,1.0456424983157009,1.0199706000001014,-7.93428377389924e-17,-1.2834983351097794e-16,0.32800813839784015
4.4,hover,-9.747157428450775e-18,-5.526061882689101e-16,-1.5158937127221095e-15,1.0,0.0,0.0,0.0,1.0,-1.9494314856899874e-17,-1.1052123765378203e-15,-3.031787425444219e-15,0.0,0.0,0.0,3.259205233031708e-16,-7.406115157564271e-15,-1.0922653163008233e-15,-3.5918898933939286e-19,9.540855372234722e-18,1.3428571854765943e-18,0.34127141999999994,0.34127141999999994,0.08531785499999985,0.08531785500000011,0.085317855,0.08531785499999997,1686.3951197747208,1686.3951197747235,1686.3951197747224,1686.395119774722,1.518026630697228,1.0199706000001014,-1.2502374717677847e-16,-1.2753964864592697e-16,0.3620837700000728
4.41,hover,-7.936586863944004e-18,-5.871425344932172e-16,-1.5209334502985338e-15,1.0,0.0,0.0,0.0,1.0,-1.587317372788622e-17,-1.1742850689864343e-15,-3.0418669005970675e-15,0.0,0.0,0.0,3.596410292435774e-16,-6.315631179858075e-15,-1.1575314370601689e-15,-4.0325000676031653e-19,8.295430910785865e-18,1.4327518447584105e-18,0.34127141999999994,0.34127141999999994,0.08531785499999986,0.08531785500000011,0.085317855,0.08531785499999998,1686.395119774721,1686.3951197747235,1686.3951197747224,1686.3951197747222,1.8817346635964123,1.0199706000001014,-1.7097737051574592e-16,-1.267264950502384e-16,0.39544943795200654
4.42,hover,-6.731013284797431e-18,-6.135382824539814e-16,-1.5252499948474332e-15,1.0,0.0,0.0,0.0,1.0,-1.346202656959299e-17,-1.2270765649079628e-15,-3.0504999896948664e-15,0.0,0.0,0.0,-4.8191226075660675e-17,-4.3719166612370365e-15,-5.584788535655046e-16,8.663061188352574e-20,6.006692655052989e-18,7.194735331004682e-19,0.34127141999999994,0.34127141999999994,0.08531785499999991,0.08531785500000007,0.085317855,0.08531785499999997,1686.3951197747215,1686.395119774723,1686.3951197747224,1686.395119774722,2.162949114033615,1.0199706000001014,-2.1745429247754676e-16,-1.2590602074866416e-16,0.4283275071098301
4.43,hover,-9.820228036516921e-18,-6.280292822219347e-16,-1.5270105539508107e-15,1.0,0.0,0.0,0.0,1.0,-1.9640456073031926e-17,-1.2560585644438694e-15,-3.0540211079016214e-15,0.0,0.0,0.0,-1.0662374869912648e-15,-1.5089244383494102e-15,-4.704925097228627e-16,1.3189484998521629e-18,2.5861912319713322e-18,6.185948455865265e-19,0.34127141999999994,0.34127141999999994,0.08531785499999994,0.08531785500000004,0.08531785499999997,0.08531785499999998,1686.3951197747217,1686.3951197747226,1686.395119774722,1686.3951197747222,2.38158984461678,1.0199706000001014,-2.6466025826877207e-16,-1.2505942026650165e-16,0.4608890347793238
4.44,hover,-1.6742275852375448e-17,-6.264745574685507e-16,-1.5255789911008467e-15,1.0,0.0,0.0,0.0,1.0,-3.3484551704748986e-17,-1.2529491149371015e-15,-3.0511579822016935e-15,0.0,0.0,0.0,-1.543138297056928e-15,1.6972089669046173e-15,1.0681503394763689e-15,1.906660854901529e-18,-1.2781409440025478e-18,-1.2384580768473156e-18,0.34127141999999994,0.34127141999999994,0.08531785500000005,0.08531785499999994,0.08531785500000001,0.08531785499999993,1686.3951197747228,1686.3951197747217,1686.3951197747224,1686.3951197747217,2.552512872528914,1.0199706000001014,-3.1273627373966376e-16,-1.2416676588071907e-16,0.4932510846210976
4.445,attitude_only,-3.126257294696708e-17,-5.979120317522111e-16,-1.529807597409465e-15,1.0,0.0,0.0,0.0,1.0,-6.252514589393234e-17,-1.1958240635044221e-15,-3.05961519481893e-15,0.0,0.0,0.0,-2.110009601921085e-15,4.812742994539029e-15,-2.831206955910655e-15,2.5974564687481227e-18,-5.040845492136536e-18,4.332233052432688e-20,0.034127142,0.034127142,0.008531785500000057,0.008531785499999982,0.008531785499999939,0.00853178550000002,533.28496134806,533.2849613480578,533.2849613480564,533.2849613480589,2.9631094975477654,1.0199706000001014,-3.617787608561295e-16,-1.232346061877747e-16,0.5254895566044624
4.46,attitude_only,-3.799411321973255e-17,-5.820254605751774e-16,-1.5391503955364888e-15,1.0,0.0,0.0,0.0,1.0,-7.598822643946331e-17,-1.164050921150355e-15,-3.0783007910729776e-15,0.0,0.0,0.0,-2.359285285832486e-15,5.641074392103936e-15,-3.1234096434634264e-15,2.93197656872929e-18,-6.119459285095982e-18,4.332233052432688e-20,0.034127142,0.034127142,0.008531785500000067,0.008531785499999977,0.008531785499999929,0.008531785500000026,533.2849613480604,533.2849613480575,533.2849613480561,533.2849613480591,3.656996853573067,1.0199706000001014,-4.118662478790743e-16,-1.2225312825834515e-16,0.5576522879928331
4.47,attitude_only,-4.7686911759836384e-17,-5.576028407728753e-16,-1.555236581161137e-15,1.0,0.0,0.0,0.0,1.0,-9.537382351967103e-17,-1.1152056815457509e-15,-3.110473162322274e-15,0.0,0.0,0.0,-2.37501124720401e-15,6.306913725459721e-15,-4.724769031669386e-15,2.9745978348471587e-18,-6.98153562237752e-18,4.332233052432688e-20,0.034127142,0.034127142,0.008531785500000074,0.00853178549999997,0.008531785499999922,0.008531785500000033,533.2849613480606,533.2849613480573,533.2849613480558,533.2849613480594,3.282158481596092,1.0199706000001014,-4.629922038562336e-16,-1.2120279129561447e-16,0.5897427778792201
4.48,attitude_only,-5.801622522432452e-17,-5.262805372270164e-16,-1.5827947759305273e-15,1.0,0.0,0.0,0.0,1.0,-1.1603245044864737e-16,-1.052561074454033e-15,-3.1655895518610545e-15,0.0,0.0,0.0,-1.6995177785439798e-15,6.104658310796606e-15,-5.882747033282982e-15,2.1810008502405635e-18,-6.799875707889753e-18,4.332233052432688e-20,0.034127142,0.034127142,0.008531785500000067,0.008531785499999967,0.008531785499999929,0.008531785500000038,533.2849613480604,533.2849613480572,533.2849613480561,533.2849613480595,3.2625412657735997,1.0199706000001014,-5.149276746155514e-16,-1.2009087376804533e-16,0.6215835019040558
4.49,attitude_only,-6.381158286261503e-17,-4.971544277134787e-16,-1.6150088876331688e-15,1.0,0.0,0.0,0.0,1.0,-1.2762316572522846e-16,-9.943088554269575e-16,-3.2300177752663376e-15,0.0,0.0,0.0,-7.058040371898686e-16,5.576707219151079e-15,-6.8730632700005695e-15,9.956024009875289e-19,-6.2221014701066285e-18,4.332233052432688e-20,0.034127142,0.034127142,0.008531785500000054,0.008531785499999962,0.008531785499999943,0.008531785500000041,533.2849613480599,533.2849613480571,533.2849613480565,533.2849613480596,3.2380464752567484,1.0199706000001014,-5.674567715285612e-16,-1.1894624031146788e-16,0.6529841750359485
4.5,attitude_only,-6.499320212587077e-17,-4.714969994037318e-16,-1.64961379329549e-15,1.0,0.0,0.0,0.0,1.0,-1.2998640425174e-16,-9.429939988074638e-16,-3.29922758659098e-15,0.0,0.0,0.0,8.816057819973242e-17,4.735159072082296e-15,-6.957655458352925e-15,4.1963256738010275e-20,-5.259595284344911e-18,4.332233052432688e-20,0.034127142,0.034127142,0.008531785500000038,0.008531785499999962,0.008531785499999956,0.008531785500000041,533.2849613480595,533.2849613480571,533.284961348057,533.2849613480596,3.207079487883165,1.0199706000001014,-6.204272496029808e-16,-1.1778532636888781e-16,0.6838162904198389
4.51,attitude_only,-6.315295273401967e-17,-4.508354314050776e-16,-1.6836560264871943e-15,1.0,0.0,0.0,0.0,1.0,-1.263059054680378e-16,-9.016708628101554e-16,-3.3673120529743885e-15,0.0,0.0,0.0,5.644472272273678e-16,3.5989031886139126e-15,-6.7869801909188215e-15,-5.352251943674257e-19,-3.93207725606899e-18,4.332233052432688e-20,0.034127142,0.034127142,0.008531785500000024,0.008531785499999967,0.008531785499999972,0.008531785500000036,533.284961348059,533.2849613480572,533.2849613480574,533.2849613480595,3.1691752023610866,1.0199706000001014,-6.737412336437827e-16,-1.1660958169475935e-16,0.713991871022566
4.52,attitude_only,-5.932406161962804e-17,-4.3658948827462927e-16,-1.7169410239855309e-15,1.0,0.0,0.0,0.0,1.0,-1.1864812323925458e-16,-8.731789765492587e-16,-3.4338820479710617e-15,0.0,0.0,0.0,9.312431551394997e-16,2.1923760199705024e-15,-6.534805540368824e-15,-9.846927394133787e-19,-2.2661684138966025e-18,4.332233052432688e-20,0.034127142,0.034127142,0.008531785500000008,0.008531785499999977,0.008531785499999988,0.008531785500000026,533.2849613480586,533.2849613480575,533.2849613480579,533.2849613480591,3.124497578117103,1.0199706000001014,-7.273370024274669e-16,-1.1541669100129608e-16,0.743449741833977
4.53,attitude_only,-5.389448883989916e-17,-4.2968575181046715e-16,-1.750564063113646e-15,1.0,0.0,0.0,0.0,1.0,-1.0778897767979682e-16,-8.593715036209345e-16,-3.501128126227292e-15,0.0,0.0,0.0,1.177155948953411e-15,7.460098418130558e-16,-7.007176028350709e-15,-1.2915596514796073e-18,-5.3798909852579765e-19,4.332233052432688e-20,0.034127142,0.034127142,0.008531785499999993,0.008531785499999988,0.008531785500000003,0.008531785500000015,533.2849613480581,533.2849613480579,533.2849613480585,533.2849613480588,3.073537477751544,1.0199706000001014,-7.811762941450863e-16,-1.142095188592701e-16,0.7721467125968695
4.54,attitude_only,-4.777930331936159e-17,-4.295190032335397e-16,-1.7858829032134573e-15,1.0,0.0,0.0,0.0,1.0,-9.555860663872165e-17,-8.590380064670795e-16,-3.5717658064269145e-15,0.0,0.0,0.0,1.266556872219077e-15,-4.864919770954722e-16,-7.053873422286485e-15,-1.411506328120597e-18,9.458780039353904e-19,4.332233052432688e-20,0.034127142,0.034127142,0.00853178549999998,0.008531785499999998,0.008531785500000015,0.008531785500000005,533.2849613480577,533.2849613480582,533.2849613480588,533.2849613480585,3.0169326806353753,1.0199706000001014,-8.352284110249059e-16,-1.1298905293054397e-16,0.8000518475185784
4.55,attitude_only,-4.123912213087038e-17,-4.345063933401928e-16,-1.819912658125573e-15,1.0,0.0,0.0,0.0,1.0,-8.247824426173918e-17,-8.690127866803858e-16,-3.639825316251146e-15,0.0,0.0,0.0,1.3156041907402554e-15,-1.3547243179603822e-15,-6.5225671514427275e-15,-1.4835191522534132e-18,2.001304056152886e-18,4.332233052432688e-20,0.034127142,0.034127142,0.008531785499999972,0.008531785500000005,0.008531785500000024,0.008531785499999998,533.2849613480574,533.2849613480585,533.284961348059,533.2849613480582,2.955363032251224,1.0199706000001014,-8.894648690029015e-16,-1.1175502184942533e-16,0.827142691905724
4.5600000000000005,attitude_only,-3.513287164899642e-17,-4.4273474480411635e-16,-1.8500822104583387e-15,1.0,0.0,0.0,0.0,1.0,-7.02657432979912e-17,-8.854694896082328e-16,-3.7001644209166774e-15,0.0,0.0,0.0,1.113427208345962e-15,-1.838310876454897e-15,-5.720864452530761e-15,-1.2520410454637214e-18,2.5999910351108536e-18,4.332233052432688e-20,0.034127142,0.034127142,0.008531785499999969,0.008531785500000012,0.008531785500000028,0.008531785499999991,533.2849613480573,533.2849613480587,533.2849613480591,533.284961348058,2.8894916196718583,1.0199706000001014,-9.438594893716256e-16,-1.105085344357121e-16,0.8534027515992674
4.57,attitude_only,-3.064621387685778e-17,-4.525292136093842e-16,-1.876989595242501e-15,1.0,0.0,0.0,0.0,1.0,-6.129242775371386e-17,-9.050584272187686e-16,-3.753979190485002e-15,0.0,0.0,0.0,7.186501362065006e-16,-2.021048302699594e-15,-5.115396280737872e-15,-7.854950602584327e-19,2.8394864296314855e-18,4.332233052432688e-20,0.034127142,0.034127142,0.00853178549999997,0.008531785500000017,0.008531785500000026,0.008531785499999986,533.2849613480573,533.2849613480588,533.2849613480591,533.2849613480579,2.819933935115631,1.0199706000001014,-9.983904549058437e-16,-1.0924426454455865e-16,0.878819783568174
4.58,attitude_only,-2.81298109513957e-17,-4.626160630482062e-16,-1.901024539641501e-15,1.0,0.0,0.0,0.0,1.0,-5.625962190278964e-17,-9.252321260964126e-16,-3.802049079283002e-15,0.0,0.0,0.0,3.1101898158777245e-16,-1.9767021721419735e-15,-4.586533524287661e-15,-2.9944786453183664e-19,2.8060380946837603e-18,4.332233052432688e-20,0.034127142,0.034127142,0.008531785499999974,0.00853178550000002,0.008531785500000022,0.008531785499999982,533.2849613480574,533.2849613480589,533.284961348059,533.2849613480578,2.7472438456418375,1.0199706000001014,-1.0530420547198334e-15,-1.0795829394844153e-16,0.9033846184456423
4.59,attitude_only,-2.774679088329572e-17,-4.718776872484737e-16,-1.9240534296876505e-15,1.0,0.0,0.0,0.0,1.0,-5.5493581766589624e-17,-9.437553744969476e-16,-3.848106859375301e-15,0.0,0.0,0.0,-1.077834243922611e-16,-1.6981901584355735e-15,-4.6851682379540655e-15,2.0419285688812616e-19,2.4888055798204356e-18,4.332233052432688e-20,0.034127142,0.034127142,0.00853178549999998,0.008531785500000022,0.008531785500000015,0.00853178549999998,533.2849613480577,533.284961348059,533.2849613480588,533.2849613480577,2.671909443958558,1.0199706000001014,-1.1078023694532099e-15,-1.0665097733287525e-16,0.9270903368178962
4.6,attitude_only,-2.936192171450894e-17,-4.788688753304126e-16,-1.9473737997755135e-15,1.0,0.0,0.0,0.0,1.0,-5.872384342901602e-17,-9.577377506608253e-16,-3.894747599551027e-15,0.0,0.0,0.0,-4.804617840676974e-16,-1.1107731232918753e-15,-4.665228070090541e-15,6.562115063393265e-19,1.7950128688809163e-18,4.332233052432688e-20,0.034127142,0.034127142,0.00853178549999999,0.00853178550000002,0.008531785500000007,0.008531785499999982,533.284961348058,533.2849613480589,533.2849613480586,533.2849613480578,2.5943545049220074,1.0199706000001014,-1.1626603852948182e-15,-1.0532254299370756e-16,0.9499316843056538
4.61,attitude_only,-3.25558124056285e-17,-4.822813874645192e-16,-1.9720829888505738e-15,1.0,0.0,0.0,0.0,1.0,-6.51116248112551e-17,-9.645627749290385e-16,-3.9441659777011476e-15,0.0,0.0,0.0,-7.37640312189707e-16,-3.197624598823062e-16,-5.251844999196902e-15,9.722021432076356e-19,8.489976973882568e-19,4.332233052432688e-20,0.034127142,0.034127142,0.0085317855,0.008531785500000015,0.008531785499999996,0.008531785499999988,533.2849613480583,533.2849613480588,533.2849613480582,533.2849613480579,2.5149429248588357,1.0199706000001014,-1.217603659924793e-15,-1.0397503230562312e-16,0.9719046503517148
4.62,attitude_only,-3.643816595753302e-17,-4.815939578576009e-16,-1.99889200235472e-15,1.0,0.0,0.0,0.0,1.0,-7.287633191506412e-17,-9.63187915715202e-16,-3.99778400470944e-15,0.0,0.0,0.0,-8.087653649320332e-16,4.874384179660023e-16,-5.327959233451537e-15,1.0656398601477472e-18,-1.2451774020937325e-19,4.332233052432688e-20,0.034127142,0.034127142,0.008531785500000007,0.008531785500000008,0.00853178549999999,0.008531785499999995,533.2849613480586,533.2849613480586,533.284961348058,533.2849613480581,2.433984552815097,1.0199706000001014,-1.272623692635783e-15,-1.0261265626127458e-16,0.9930061609981158
4.63,attitude_only,-4.057182812730231e-17,-4.773378930436015e-16,-2.0255312111863673e-15,1.0,0.0,0.0,0.0,1.0,-8.114365625460269e-17,-9.546757860872031e-16,-4.051062422372735e-15,0.0,0.0,0.0,-8.483460499119694e-16,1.1245336174075464e-15,-5.3274457484795836e-15,1.1216201426227902e-18,-9.002773157133012e-19,4.332233052432688e-20,0.034127142,0.034127142,0.008531785500000014,0.008531785500000003,0.008531785499999982,0.0085317855,533.2849613480587,533.2849613480585,533.2849613480578,533.2849613480583,2.351741467236026,1.0199706000001014,-1.3277187189820247e-15,-1.0124041838621032e-16,1.0132338522473145
4.64,attitude_only,-4.4882807908787063e-17,-4.703562034170256e-16,-2.050955179024833e-15,1.0,0.0,0.0,0.0,1.0,-8.976561581757219e-17,-9.407124068340513e-16,-4.101910358049666e-15,0.0,0.0,0.0,-8.566734707366342e-16,1.5887399671783641e-15,-4.805271183353242e-15,1.1401797823197541e-18,-1.473212335110066e-18,4.332233052432688e-20,0.034127142,0.034127142,0.008531785500000019,0.0085317855,0.008531785499999977,0.008531785500000005,533.2849613480589,533.2849613480583,533.2849613480575,533.2849613480585,2.268434153124798,1.0199706000001014,-1.3828920490096746e-15,-9.985862304907601e-17,1.032585901214113
4.65,attitude_only,-4.8785372634478765e-17,-4.618502262048669e-16,-2.0738164474530767e-15,1.0,0.0,0.0,0.0,1.0,-9.757074526895562e-17,-9.23700452409734e-16,-4.147632894906153e-15,0.0,0.0,0.0,-7.170482757323672e-16,1.7423840322675676e-15,-4.370235166659778e-15,9.79800031071958e-19,-1.6750090535397868e-18,4.332233052432688e-20,0.034127142,0.034127142,0.008531785500000019,0.008531785499999996,0.008531785499999977,0.008531785500000007,533.2849613480589,533.2849613480582,533.2849613480575,533.2849613480586,2.1842472836515485,1.0199706000001014,-1.4381474300319494e-15,-9.846822528721658e-17,1.051060899271698
4.66,attitude_only,-5.1755161424863356e-17,-4.533554224509152e-16,-2.093613604963241e-15,1.0,0.0,0.0,0.0,1.0,-1.0351032284972481e-16,-9.067108449018305e-16,-4.187227209926482e-15,0.0,0.0,0.0,-4.65521467879132e-16,1.6387636268161731e-15,-3.736640682053565e-15,6.826230763268669e-19,-1.5670522032662746e-18,4.332233052432688e-20,0.034127142,0.034127142,0.008531785500000015,0.008531785499999995,0.00853178549999998,0.008531785500000008,533.2849613480588,533.2849613480581,533.2849613480577,533.2849613480586,2.0993349629882863,1.0199706000001014,-1.493492907539879e-15,-9.70731365260352e-17,1.0686577560750516
4.67,attitude_only,-5.307984927946114e-17,-4.457866839676792e-16,-2.111004155121984e-15,1.0,0.0,0.0,0.0,1.0,-1.061596985589204e-16,-8.915733679353585e-16,-4.222008310243968e-15,0.0,0.0,0.0,-9.335045717167697e-17,1.393188669786686e-15,-3.3472895868765112e-15,2.369513680496376e-19,-1.2862941415287568e-18,4.332233052432688e-20,0.034127142,0.034127142,0.00853178550000001,0.008531785499999993,0.008531785499999986,0.00853178550000001,533.2849613480586,533.2849613480581,533.2849613480579,533.2849613480586,2.0138253793521947,1.0199706000001014,-1.5489345599521458e-15,-9.567693540606293e-17,1.0853756265231296
4.68,attitude_only,-5.242437140517702e-17,-4.393925016890147e-16,-2.12756982227917e-15,1.0,0.0,0.0,0.0,1.0,-1.0484874281035216e-16,-8.787850033780296e-16,-4.25513964455834e-15,0.0,0.0,0.0,2.9926561218938314e-16,1.1804695498072175e-15,-3.315389209083511e-15,-2.3718057130552825e-19,-1.0428358930514667e-18,4.332233052432688e-20,0.034127142,0.034127142,0.008531785500000005,0.008531785499999991,0.008531785499999991,0.008531785500000012,533.2849613480585,533.284961348058,533.284961348058,533.2849613480587,1.9278248712871502,1.0199706000001014,-1.6044744495755702e-15,-9.428323938986254e-17,1.101213854913399
4.69,attitude_only,-4.9865526923194596e-17,-4.3406026994046003e-16,-2.144617248775251e-15,1.0,0.0,0.0,0.0,1.0,-9.973105384638733e-17,-8.681205398809203e-16,-4.289234497550502e-15,0.0,0.0,0.0,6.481073084299425e-16,9.718057648951474e-16,-3.5248267061528768e-15,-6.622716798784992e-19,-8.021574088059348e-19,4.332233052432688e-20,0.034127142,0.034127142,0.0085317855,0.008531785499999991,0.008531785499999996,0.008531785500000014,533.2849613480583,533.284961348058,533.2849613480582,533.2849613480587,1.8414214403215905,1.0199706000001014,-1.6601104106205255e-15,-9.28925874411098e-17,1.1161719320779921
4.7,attitude_only,-4.5974653660470794e-17,-4.297019480806572e-16,-2.1628005419149155e-15,1.0,0.0,0.0,0.0,1.0,-9.194930732093973e-17,-8.594038961613146e-16,-4.325601083829831e-15,0.0,0.0,0.0,8.70265045326509e-16,7.808692200970404e-16,-3.635448704185632e-15,-9.37563614607644e-19,-5.808422472491765e-19,4.332233052432688e-20,0.034127142,0.034127142,0.008531785499999995,0.00853178549999999,0.008531785500000002,0.008531785500000014,533.2849613480581,533.284961348058,533.2849613480583,533.2849613480587,1.7546877583493654,1.0199706000001014,-1.7158403644992854e-15,-9.150355848064457e-17,1.1302494623825965
4.71,attitude_only,-4.113016473289789e-17,-4.2624594822493306e-16,-2.1815665364903984e-15,1.0,0.0,0.0,0.0,1.0,-8.226032946579392e-17,-8.524918964498663e-16,-4.363133072980797e-15,0.0,0.0,0.0,1.0353197990894104e-15,6.310222581011829e-16,-3.841202374072345e-15,-1.1459825171140195e-18,-4.0733611543515924e-19,4.332233052432688e-20,0.034127142,0.034127142,0.008531785499999993,0.00853178549999999,0.008531785500000003,0.008531785500000014,533.2849613480581,533.284961348058,533.2849613480585,533.2849613480587,1.6676837241561546,1.0199706000001014,-1.771662514634913e-15,-9.01124853035372e-17,1.1434461382564305
4.72,attitude_only,-3.556954594106664e-17,-4.233670554054626e-16,-2.2005869736496944e-15,1.0,0.0,0.0,0.0,1.0,-7.113909188213141e-17,-8.4673411081092535e-16,-4.401173947299389e-15,0.0,0.0,0.0,1.1758460198579874e-15,5.244844697995219e-16,-3.774281026327811e-15,-1.3263724422348914e-18,-2.847356141711612e-19,4.332233052432688e-20,0.034127142,0.034127142,0.00853178549999999,0.00853178549999999,0.008531785500000007,0.008531785500000014,533.284961348058,533.284961348058,533.2849613480586,533.2849613480587,1.580458624125006,1.0199706000001014,-1.8275744678567085e-15,-8.871855920079078e-17,1.1557617204964343
4.73,attitude_only,-2.936259553130281e-17,-4.2104898707254156e-16,-2.2199080538747915e-15,1.0,0.0,0.0,0.0,1.0,-5.872519106260375e-17,-8.420979741450832e-16,-4.439816107749583e-15,0.0,0.0,0.0,1.2872894661879296e-15,4.285654307807513e-16,-3.8632751959473194e-15,-1.4729774724927024e-18,-1.7391842165644425e-19,4.332233052432688e-20,0.034127142,0.034127142,0.008531785499999988,0.00853178549999999,0.008531785500000008,0.008531785500000014,533.2849613480579,533.284961348058,533.2849613480586,533.2849613480587,1.4930529496361165,1.0199706000001014,-1.8835742614212366e-15,-8.732183213194613e-17,1.1671960230132397
4.74,attitude_only,-2.2654041897344012e-17,-4.1911324530744215e-16,-2.2391285001760383e-15,1.0,0.0,0.0,0.0,1.0,-4.5308083794686144e-17,-8.382264906148844e-16,-4.4782570003520766e-15,0.0,0.0,0.0,1.3919686002826314e-15,3.493492025059915e-16,-3.885335053689778e-15,-1.6125121194091705e-18,-8.235243975179233e-20,4.332233052432688e-20,0.034127142,0.034127142,0.008531785499999986,0.00853178549999999,0.00853178550000001,0.008531785500000015,533.2849613480579,533.284961348058,533.2849613480586,533.2849613480588,1.4054999195024205,1.0199706000001014,-1.9396603631194913e-15,-8.592242138164505e-17,1.1777489010029167
4.75,attitude_only,-1.5531682564563257e-17,-4.1751311183736915e-16,-2.2584430948963566e-15,1.0,0.0,0.0,0.0,1.0,-3.106336512912463e-17,-8.350262236747384e-16,-4.516886189792713e-15,0.0,0.0,0.0,1.4567896293399055e-15,3.0429902525660093e-16,-3.8445015367014276e-15,-1.7048652505712981e-18,-3.133521730508957e-20,4.332233052432688e-20,0.034127142,0.034127142,0.008531785499999986,0.008531785499999988,0.00853178550000001,0.008531785500000015,533.2849613480579,533.2849613480579,533.2849613480586,533.2849613480588,1.317826750872071,1.0199706000001014,-1.995831925371302e-15,-8.452141348010895e-17,1.1874202417664232
4.76,attitude_only,-8.025037469879662e-18,-4.1612487321514073e-16,-2.2783069476176652e-15,1.0,0.0,0.0,0.0,1.0,-1.6050074939757428e-17,-8.3224974643028145e-16,-4.5566138952353304e-15,0.0,0.0,0.0,1.5414501070535268e-15,2.617386654091812e-16,-3.962227708981908e-15,-1.8218723248981787e-18,1.7119827857722343e-20,4.332233052432688e-20,0.034127142,0.034127142,0.008531785499999984,0.008531785499999988,0.008531785500000012,0.008531785500000015,533.2849613480578,533.2849613480579,533.2849613480587,533.2849613480588,1.2300557169444784,1.0199706000001014,-2.0520874635156575e-15,-8.311902034829127e-17,1.1962099575787641
4.77,attitude_only,-1.6401244664029237e-19,-4.149861362267479e-16,-2.296736264236772e-15,1.0,0.0,0.0,0.0,1.0,-3.280248932786785e-19,-8.299722724534958e-16,-4.593472528473544e-15,0.0,0.0,0.0,1.5634229338898445e-15,2.2278443955022157e-16,-3.344553612805069e-15,-1.863873946440658e-18,6.163705449297171e-20,4.332233052432688e-20,0.034127142,0.034127142,0.008531785499999982,0.008531785499999988,0.008531785500000012,0.008531785500000015,533.2849613480578,533.2849613480579,533.2849613480587,533.2849613480588,1.1422050249203854,1.0199706000001014,-2.1084266448581605e-15,-8.171737864792792e-17,1.204117980147004
4.78,attitude_only,7.310135384698253e-18,-4.1361204198419665e-16,-2.311763974536333e-15,1.0,0.0,0.0,0.0,1.0,1.462027076939842e-17,-8.272240839683933e-16,-4.623527949072666e-15,0.0,0.0,0.0,1.4134518591867436e-15,3.546634884688818e-16,-2.7253272747292698e-15,-1.6980431753888053e-18,-1.0016443909410958e-19,4.332233052432688e-20,0.034127142,0.034127142,0.008531785499999986,0.008531785499999988,0.00853178550000001,0.008531785500000015,533.2849613480579,533.2849613480579,533.2849613480586,533.2849613480588,1.0542895430191552,1.0199706000001014,-2.164848214130304e-15,-8.031523976553711e-17,1.2111442563011463
4.79,attitude_only,1.3761753479981695e-17,-4.111003304066931e-16,-2.325389685912541e-15,1.0,0.0,0.0,0.0,1.0,2.75235069599653e-17,-8.222006608133861e-16,-4.650779371825082e-15,0.0,0.0,0.0,1.1888031125250293e-15,6.038372103329436e-16,-2.728569426927322e-15,-1.4403527105199983e-18,-4.05211277434313e-19,4.332233052432688e-20,0.034127142,0.034127142,0.00853178549999999,0.008531785499999988,0.008531785500000007,0.008531785500000015,533.284961348058,533.2849613480579,533.2849613480586,533.2849613480588,0.9663214012408095,1.0199706000001014,-2.2213460555218315e-15,-7.89084354941738e-17,1.217288744642421
4.8,attitude_only,1.9075319259219404e-17,-4.074607167650147e-16,-2.339366855670818e-15,1.0,0.0,0.0,0.0,1.0,3.815063851844071e-17,-8.149214335300293e-16,-4.678733711341636e-15,0.0,0.0,0.0,9.620999138078474e-16,8.126575428043184e-16,-2.966965245251965e-15,-1.1779298711974583e-18,-6.639222518280058e-19,4.332233052432688e-20,0.034127142,0.034127142,0.008531785499999995,0.008531785499999988,0.008531785500000002,0.008531785500000015,533.2849613480581,533.2849613480579,533.2849613480583,533.2849613480588,0.8783104868549798,1.0199706000001014,-2.2779164989511956e-15,-7.749590652931623e-17,1.2225514129355375
4.8100000000000005,attitude_only,2.3470942771895945e-17,-4.0291791814141657e-16,-2.3543877797329627e-15,1.0,0.0,0.0,0.0,1.0,4.694188554379379e-17,-8.05835836282833e-16,-4.708775559465925e-15,0.0,0.0,0.0,8.116435393113264e-16,9.816813475062805e-16,-3.0965555155343712e-15,-1.0054986571947467e-18,-8.765676309454236e-19,4.332233052432688e-20,0.034127142,0.034127142,0.008531785499999996,0.008531785499999988,0.0085317855,0.008531785500000015,533.2849613480582,533.2849613480579,533.2849613480583,533.2849613480588,0.7902648523598405,1.0199706000001014,-2.3345601793833133e-15,-7.607910407036769e-17,1.2269322360793302
4.82,attitude_only,2.7168714558763696e-17,-3.9780459347004163e-16,-2.37041851761764e-15,1.0,0.0,0.0,0.0,1.0,5.433742911752928e-17,-7.956091869400832e-16,-4.74083703523528e-15,0.0,0.0,0.0,7.013443156668563e-16,1.050299241091249e-15,-3.398894979509659e-15,-8.80153031978051e-19,-9.69412095658298e-19,4.332233052432688e-20,0.034127142,0.034127142,0.008531785499999998,0.008531785499999988,0.008531785499999998,0.008531785500000015,533.2849613480582,533.2849613480579,533.2849613480582,533.2849613480588,0.7021910508459969,1.0199706000001014,-2.3912780302171044e-15,-7.466103755547733e-17,1.2304311945272364
4.83,attitude_only,3.0514839773870383e-17,-3.924910042280134e-16,-2.3874180456391797e-15,1.0,0.0,0.0,0.0,1.0,6.102967954774264e-17,-7.849820084560267e-16,-4.774836091278359e-15,0.0,0.0,0.0,6.459870113022862e-16,1.074928962463738e-15,-3.4468302835331333e-15,-8.201841368535897e-19,-1.009717050929922e-18,4.332233052432688e-20,0.034127142,0.034127142,0.0085317855,0.008531785499999988,0.008531785499999996,0.008531785500000015,533.2849613480583,533.2849613480579,533.2849613480582,533.2849613480588,0.6140944112868822,1.0199706000001014,-2.4480719218066784e-15,-7.324415917788258e-17,1.2330482730577408
4.84,attitude_only,3.3602518226274625e-17,-3.870607263455884e-16,-2.404603730030746e-15,1.0,0.0,0.0,0.0,1.0,6.720503645255111e-17,-7.741214526911766e-16,-4.809207460061492e-15,0.0,0.0,0.0,5.884769916734909e-16,1.0827592992869145e-15,-3.429828269027646e-15,-7.570568832157702e-19,-1.0299410481106029e-18,4.332233052432688e-20,0.034127142,0.034127142,0.0085317855,0.008531785499999988,0.008531785499999996,0.008531785500000015,533.2849613480583,533.2849613480579,533.2849613480582,533.2849613480588,0.5259792642174974,1.0199706000001014,-2.5049424202049796e-15,-7.183121809773518e-17,1.2347834598171403
4.85,attitude_only,3.64178593122898e-17,-3.816278218195098e-16,-2.421710750562259e-15,1.0,0.0,0.0,0.0,1.0,7.283571862458144e-17,-7.632556436390194e-16,-4.843421501124518e-15,0.0,0.0,0.0,5.417355769535214e-16,1.083035964847185e-15,-3.414094976689784e-15,-7.063845413213418e-19,-1.0411034064313988e-18,4.332233052432688e-20,0.034127142,0.034127142,0.0085317855,0.008531785499999988,0.008531785499999995,0.008531785500000015,533.2849613480583,533.2849613480579,533.2849613480581,533.2849613480588,0.4378491265164641,1.0199706000001014,-2.5618889429890268e-15,-7.042256501962619e-17,1.2356367455742636
4.86,attitude_only,3.907709215535663e-17,-3.7619009838736783e-16,-2.438883314232352e-15,1.0,0.0,0.0,0.0,1.0,7.815418431071509e-17,-7.523801967747355e-16,-4.877766628464704e-15,0.0,0.0,0.0,5.236397295292969e-16,1.106148678705472e-15,-3.472941121945973e-15,-6.899059217075658e-19,-1.079900149848399e-18,4.332233052432688e-20,0.034127142,0.034127142,0.008531785500000002,0.008531785499999988,0.008531785499999995,0.008531785500000015,533.2849613480583,533.2849613480579,533.2849613480581,533.2849613480588,0.3497068525313365,1.0199706000001014,-2.618911112476447e-15,-6.90193080897561e-17,1.2356081231401719
4.87,attitude_only,4.160327135672678e-17,-3.7071866286482404e-16,-2.4562258167806263e-15,1.0,0.0,0.0,0.0,1.0,8.320654271345539e-17,-7.414373257296479e-16,-4.912451633561253e-15,0.0,0.0,0.0,4.883167873268376e-16,1.0943298822681903e-15,-3.4650752623180894e-15,-6.52401558937883e-19,-1.0766608929463426e-18,4.332233052432688e-20,0.034127142,0.034127142,0.008531785500000002,0.008531785499999988,0.008531785499999995,0.008531785500000015,533.2849613480583,533.2849613480579,533.2849613480581,533.2849613480588,0.2615547575475739,1.0199706000001014,-2.676007158178395e-15,-6.762253507520293e-17,1.234697586916297
4.88,attitude_only,4.3969255717922984e-17,-3.6533491935139167e-16,-2.4735298771924296e-15,1.0,0.0,0.0,0.0,1.0,8.793851143584778e-17,-7.306698387027832e-16,-4.947059754384859e-15,0.0,0.0,0.0,4.630056202193134e-16,1.0683332484615234e-15,-3.4574624452870944e-15,-6.266582146110469e-19,-1.0561482648629572e-18,4.332233052432688e-20,0.034127142,0.034127142,0.008531785500000002,0.00853178549999999,0.008531785499999995,0.008531785500000014,533.2849613480583,533.284961348058,533.2849613480581,533.2849613480587,0.17339471856376498,1.0199706000001014,-2.7331767490681657e-15,-6.623262357374312e-17,1.2329051325425824
4.89,attitude_only,4.6181846785759136e-17,-3.601234871227487e-16,-2.490790544226489e-15,1.0,0.0,0.0,0.0,1.0,9.236369357152007e-17,-7.202469742454972e-16,-4.981581088452978e-15,0.0,0.0,0.0,4.18154022259307e-16,1.0331516119030314e-15,-3.447565710543016e-15,-5.770178372816323e-19,-1.024261817111797e-18,4.332233052432688e-20,0.034127142,0.034127142,0.008531785500000002,0.00853178549999999,0.008531785499999995,0.008531785500000014,533.2849613480583,533.284961348058,533.2849613480581,533.2849613480587,0.08522825646895929,1.0199706000001014,-2.790419516661261e-15,-6.485017359094772e-17,1.2302307566234798
4.9,attitude_only,4.813335245644007e-17,-3.549513771874633e-16,-2.508011623686289e-15,1.0,0.0,0.0,0.0,1.0,9.626670491288191e-17,-7.099027543749264e-16,-5.016023247372578e-15,0.0,0.0,0.0,3.75921926778015e-16,1.0307859371816633e-15,-3.4396987013551527e-15,-5.300985419718623e-19,-1.0317308668179726e-18,4.332233052432688e-20,0.034127142,0.034127142,0.008531785500000002,0.00853178549999999,0.008531785499999995,0.008531785500000014,533.2849613480583,533.284961348058,533.2849613480581,533.2849613480587,-0.002943397002928713,1.0199706000001014,-2.847734143237094e-15,-6.347488501881721e-17,1.226674456514575
4.91,attitude_only,4.9937430240046304e-17,-3.4964554202730023e-16,-2.5251844876197567e-15,1.0,0.0,0.0,0.0,1.0,9.987486048009437e-17,-6.992910840546002e-16,-5.0503689752395134e-15,0.0,0.0,0.0,3.489670522658916e-16,1.0997952898487745e-15,-3.4308171621565388e-15,-5.01242363079973e-19,-1.1255400429169936e-18,4.332233052432688e-20,0.034127142,0.034127142,0.008531785500000003,0.00853178549999999,0.008531785499999993,0.008531785500000014,533.2849613480585,533.284961348058,533.2849613480581,533.2849613480587,-0.09111924476541579,1.0199706000001014,-2.9051189612197895e-15,-6.210746497641016e-17,1.2222362301564211
4.92,attitude_only,5.1604578746646637e-17,-3.4400192542209503e-16,-2.5423123094205182e-15,1.0,0.0,0.0,0.0,1.0,1.0320915749329502e-16,-6.880038508441898e-16,-5.0846246188410365e-15,0.0,0.0,0.0,3.2006104709997236e-16,1.150635249553233e-15,-3.421935501951601e-15,-4.697557673518696e-19,-1.1980543470578759e-18,4.332233052432688e-20,0.034127142,0.034127142,0.008531785500000003,0.00853178549999999,0.008531785499999993,0.008531785500000014,533.2849613480585,533.284961348058,533.2849613480581,533.2849613480587,-0.17929848003806287,1.0199706000001014,-2.9625707345266706e-15,-6.074871727422252e-17,1.2169160759451347
4.93,attitude_only,5.313954963345358e-17,-3.3817100966579967e-16,-2.5594014323137045e-15,1.0,0.0,0.0,0.0,1.0,1.0627909926690889e-16,-6.76342019331599e-16,-5.118802864627409e-15,0.0,0.0,0.0,2.876550719835244e-16,1.1780381302892185e-15,-3.4145764838070055e-15,-4.337451479319672e-19,-1.2427181852439505e-18,4.332233052432688e-20,0.034127142,0.034127142,0.008531785500000005,0.00853178549999999,0.008531785499999991,0.008531785500000014,533.2849613480585,533.284961348058,533.284961348058,533.2849613480587,-0.2674804503007755,1.0199706000001014,-3.0200887825738133e-15,-5.939906394184691e-17,1.2107139926316186
4.94,attitude_only,5.451672804904415e-17,-3.3206354002008476e-16,-2.5764566780168197e-15,1.0,0.0,0.0,0.0,1.0,1.0903345609809002e-16,-6.641270800401692e-16,-5.1529133560336394e-15,0.0,0.0,0.0,2.5609738696973834e-16,1.2523036609507002e-15,-3.4069635155181138e-15,-3.9843689978512154e-19,-1.3443598586472363e-18,4.332233052432688e-20,0.034127142,0.034127142,0.008531785500000005,0.008531785499999988,0.008531785499999991,0.008531785500000015,533.2849613480585,533.2849613480579,533.284961348058,533.2849613480588,-0.355664628011373,1.0199706000001014,-3.077672379169659e-15,-5.805860574789743e-17,1.2036299792430811
4.95,attitude_only,5.566816903672902e-17,-3.2568715822878904e-16,-2.5937263792247808e-15,1.0,0.0,0.0,0.0,1.0,1.1133633807345974e-16,-6.513743164575778e-16,-5.1874527584495615e-15,0.0,0.0,0.0,2.182974880550871e-16,1.2831963464859107e-15,-3.4749432140161234e-15,-3.5525999596809087e-19,-1.3942630447543476e-18,4.332233052432688e-20,0.034127142,0.034127142,0.008531785500000007,0.008531785499999988,0.00853178549999999,0.008531785500000015,533.2849613480586,533.2849613480579,533.284961348058,533.2849613480588,-0.44385058683243805,1.0199706000001014,-3.135319357373964e-15,-5.672737644455016e-17,1.1956640350219143
4.96,attitude_only,5.669288677412778e-17,-3.192035776271293e-16,-2.611094497295231e-15,1.0,0.0,0.0,0.0,1.0,1.1338577354825723e-16,-6.384071552542583e-16,-5.222188994590462e-15,0.0,0.0,0.0,1.9447047940056444e-16,1.2982670418015333e-15,-3.473674317901935e-15,-3.286122903766693e-19,-1.42533054955111e-18,4.332233052432688e-20,0.034127142,0.034127142,0.008531785500000007,0.008531785499999988,0.00853178549999999,0.008531785500000015,533.2849613480586,533.2849613480579,533.284961348058,533.2849613480588,-0.5320379823423286,1.0199706000001014,-3.1930297371510925e-15,-5.540572325479758e-17,1.1868161593780948
4.97,attitude_only,5.757648792085504e-17,-3.1271150242992626e-16,-2.6284619809365315e-15,1.0,0.0,0.0,0.0,1.0,1.1515297584171174e-16,-6.254230048598522e-16,-5.256923961873063e-15,0.0,0.0,0.0,1.551621776283363e-16,1.2927953864851092e-15,-3.4739281621656602e-15,-2.8299395002627886e-19,-1.4316925170362517e-18,4.332233052432688e-20,0.034127142,0.034127142,0.008531785500000007,0.008531785499999988,0.00853178549999999,0.008531785500000015,533.2849613480586,533.2849613480579,533.284961348058,533.2849613480588,-0.6202265363935018,1.0199706000001014,-3.2508028599247267e-15,-5.409419734811092e-17,1.177086351852113
4.98,attitude_only,5.828284318407889e-17,-3.061822838730412e-16,-2.64583390591843e-15,1.0,0.0,0.0,0.0,1.0,1.165656863681594e-16,-6.123645677460821e-16,-5.29166781183686e-15,0.0,0.0,0.0,1.2280926347431205e-16,1.3077171370902416e-15,-3.474435790189982e-15,-2.4539854567619294e-19,-1.462675789133314e-18,4.332233052432688e-20,0.034127142,0.034127142,0.008531785500000007,0.008531785499999988,0.00853178549999999,0.008531785500000015,533.2849613480586,533.2849613480579,533.284961348058,533.2849613480588,-0.7084160244350002,1.0199706000001014,-3.3086380037624922e-15,-5.279270469237143e-17,1.1664746120861034
4.99,attitude_only,5.883774200698739e-17,-2.9959148146564497e-16,-2.6632054505895976e-15,1.0,0.0,0.0,0.0,1.0,1.1767548401397637e-16,-5.991829629312896e-16,-5.326410901179195e-15,0.0,0.0,0.0,1.0062431563708228e-16,1.3300975023581866e-15,-3.4746896117650437e-15,-2.1978285142788803e-19,-1.5028332024784297e-18,4.332233052432688e-20,0.034127142,0.034127142,0.008531785500000008,0.008531785499999988,0.008531785499999988,0.008531785500000015,533.2849613480586,533.2849613480579,533.2849613480579,533.2849613480588,-0.7966062652428438,1.0199706000001014,-3.3665335397579002e-15,-5.1501484158053553e-17,1.1549809398013604
5.0,attitude_only,5.921466738752797e-17,-2.930012225723143e-16,-2.6805787719456155e-15,1.0,0.0,0.0,0.0,1.0,1.1842933477505753e-16,-5.860024451446283e-16,-5.361157543891231e-15,0.0,0.0,0.0,5.524623238036323e-17,1.3102307386867961e-15,-3.474689660923857e-15,-1.658816138436288e-19,-1.4920953934596286e-18,4.332233052432688e-20,0.034127142,0.034127142,0.008531785500000008,0.00853178549999999,0.008531785499999988,0.008531785500000014,533.2849613480586,533.284961348058,533.2849613480579,533.2849613480587,-0.8847971126049278,1.0199706000001014,-3.4244879641963678e-15,-5.022066866737998e-17,1.142605334780828
5.01,attitude_only,5.941432259095544e-17,-2.8638938592187367e-16,-2.6979609752662437e-15,1.0,0.0,0.0,0.0,1.0,1.1882864518191243e-16,-5.72778771843747e-16,-5.395921950532487e-15,0.0,0.0,0.0,3.258037210506031e-17,1.316314287285108e-15,-3.476212280295466e-15,-1.3900838523431589e-19,-1.5125587946504539e-18,4.332233052432688e-20,0.034127142,0.034127142,0.008531785500000008,0.00853178549999999,0.008531785499999988,0.008531785500000014,533.2849613480586,533.284961348058,533.2849613480579,533.2849613480587,-0.9729884485912389,1.0199706000001014,-3.4825005854880126e-15,-4.894997754131914e-17,1.1293477968554635
5.02,attitude_only,5.9492696493776e-17,-2.7988846423742964e-16,-2.715346858315269e-15,1.0,0.0,0.0,0.0,1.0,1.1898539298755354e-16,-5.59776928474859e-16,-5.430693716630538e-15,0.0,0.0,0.0,8.478299116881072e-18,1.2819713421456117e-15,-3.476719830800118e-15,-1.101706806396696e-19,-1.484166973904514e-18,4.332233052432688e-20,0.034127142,0.034127142,0.008531785500000008,0.00853178549999999,0.008531785499999988,0.008531785500000014,533.2849613480586,533.284961348058,533.2849613480579,533.2849613480587,-1.0611801781099501,1.0199706000001014,-3.5405703419946666e-15,-4.7690114604917476e-17,1.1152083258936158
5.03,attitude_only,5.950301487028228e-17,-2.7355706424206327e-16,-2.7327308381732707e-15,1.0,0.0,0.0,0.0,1.0,1.1900602974056607e-16,-5.471141284841262e-16,-5.465461676346541e-15,0.0,0.0,0.0,-3.529543477575452e-18,1.2627883665422748e-15,-3.4774811518302615e-15,-9.572597409154603e-20,-1.4737752868459333e-18,4.332233052432688e-20,0.034127142,0.034127142,0.008531785500000008,0.00853178549999999,0.008531785499999988,0.008531785500000014,533.2849613480586,533.284961348058,533.2849613480579,533.2849613480587,-1.1493722245051767,1.0199706000001014,-3.5986967915814575e-15,-4.644114289228996e-17,1.1001869217927553
5.04,attitude_only,5.947856583008562e-17,-2.6734042322542603e-16,-2.7501173557606354e-15,1.0,0.0,0.0,0.0,1.0,1.1895713166017273e-16,-5.346808464508518e-16,-5.500234711521271e-15,0.0,0.0,0.0,-6.937572538121378e-18,1.2313797454184408e-15,-3.4777349270825815e-15,-9.156696349350972e-20,-1.4483987389515165e-18,4.332233052432688e-20,0.034127142,0.034127142,0.008531785500000008,0.00853178549999999,0.008531785499999988,0.008531785500000014,533.2849613480586,533.284961348058,533.2849613480579,533.2849613480587,-1.23756452599859,1.0199706000001014,-3.65687825256123e-15,-4.5203430357213886e-17,1.0842835844730319
5.05,attitude_only,5.946347603842153e-17,-2.612403948015956e-16,-2.7675086949799485e-15,1.0,0.0,0.0,0.0,1.0,1.189269520768445e-16,-5.22480789603191e-16,-5.535017389959897e-15,0.0,0.0,0.0,-7.998758148219904e-18,1.1974908710653e-15,-3.4784962348776764e-15,-9.021355317990927e-20,-1.4197069984384004e-18,4.332233052432688e-20,0.034127142,0.034127142,0.008531785500000008,0.00853178549999999,0.008531785499999988,0.008531785500000014,533.2849613480586,533.284961348058,533.2849613480579,533.2849613480587,-1.3257570328143515,1.0199706000001014,-3.715113605451922e-15,-4.397741938013054e-17,1.0674983138722582
5.06,attitude_only,5.945481220357292e-17,-2.5537170797823335e-16,-2.7849023181297377e-15,1.0,0.0,0.0,0.0,1.0,1.1890962440714728e-16,-5.107434159564664e-16,-5.5698046362594755e-15,0.0,0.0,0.0,-9.066171854598234e-18,1.1550924457042745e-15,-3.4790037797101595e-15,-8.88419950137093e-20,-1.3803798124622124e-18,4.332233052432688e-20,0.034127142,0.034127142,0.008531785500000008,0.008531785499999991,0.008531785499999988,0.008531785500000014,533.2849613480586,533.284961348058,533.2849613480579,533.2849613480587,-1.4139497048566023,1.0199706000001014,-3.7734020502852795e-15,-4.27630998912541e-17,1.0498311099420026
5.07,attitude_only,5.935883220193917e-17,-2.496734013477938e-16,-2.8022941649420973e-15,1.0,0.0,0.0,0.0,1.0,1.1871766440387974e-16,-4.993468026955873e-16,-5.6045883298841946e-15,0.0,0.0,0.0,-2.7392153677441117e-17,1.1263141401793818e-15,-3.4784962495307886e-15,-6.657689528952341e-20,-1.3571089872341356e-18,4.332233052432688e-20,0.034127142,0.034127142,0.008531785500000008,0.008531785499999991,0.008531785499999988,0.008531785500000012,533.2849613480586,533.284961348058,533.2849613480579,533.2849613480587,-1.5021425098344054,1.0199706000001014,-3.831742496613186e-15,-4.156012891855346e-17,1.0312819726445468
5.08,attitude_only,5.922259068596405e-17,-2.442218816989158e-16,-2.819686011777618e-15,1.0,0.0,0.0,0.0,1.0,1.1844518137192948e-16,-4.884437633978313e-16,-5.639372023555236e-15,0.0,0.0,0.0,-2.879279815549974e-17,1.066156608102709e-15,-3.4779887155699845e-15,-6.460819393429807e-20,-1.2955815148231554e-18,4.332233052432688e-20,0.034127142,0.034127142,0.008531785500000007,0.008531785499999991,0.00853178549999999,0.008531785500000012,533.2849613480586,533.284961348058,533.284961348058,533.2849613480587,-1.5903354217481236,1.0199706000001014,-3.89013387529944e-15,-4.036833141663393e-17,1.0118509019505155
5.09,attitude_only,5.904726847217092e-17,-2.389181636444001e-16,-2.837079635014853e-15,1.0,0.0,0.0,0.0,1.0,1.180945369443432e-16,-4.778363272887999e-16,-5.674159270029706e-15,0.0,0.0,0.0,-3.914567636139739e-17,1.050361336982138e-15,-3.478496258511743e-15,-5.179328332360693e-20,-1.287130802848291e-18,4.332233052432688e-20,0.034127142,0.034127142,0.008531785500000007,0.008531785499999991,0.008531785499999988,0.008531785500000012,533.2849613480586,533.284961348058,533.2849613480579,533.2849613480587,-1.6785284196681924,1.0199706000001014,-3.948575357807848e-15,-3.9187971275827556e-17,0.9915378978370313
5.1,attitude_only,5.878162561202548e-17,-2.337882404494664e-16,-2.854471862544803e-15,1.0,0.0,0.0,0.0,1.0,1.1756325122405228e-16,-4.675764808989325e-16,-5.708943725089606e-15,0.0,0.0,0.0,-5.4505036948266273e-17,1.0139763088785713e-15,-3.479003797435697e-15,-3.281700024988162e-20,-1.2536085322127968e-18,4.332233052432688e-20,0.034127142,0.034127142,0.008531785500000007,0.008531785499999991,0.00853178549999999,0.008531785500000012,533.2849613480586,533.284961348058,533.284961348058,533.2849613480587,-1.7667214867496448,1.0199706000001014,-4.0070651504126e-15,-3.801873829386112e-17,0.9703429602862772
5.11,attitude_only,5.85039173017156e-17,-2.2878174570275055e-16,-2.8718672621908422e-15,1.0,0.0,0.0,0.0,1.0,1.170078346034325e-16,-4.575634914055008e-16,-5.7437345243816844e-15,0.0,0.0,0.0,-6.997949450657683e-17,9.963830098632175e-16,-3.4797651052307748e-15,-1.354785623484315e-20,-1.242460403493005e-18,4.332233052432688e-20,0.034127142,0.034127142,0.008531785500000007,0.008531785499999991,0.00853178549999999,0.008531785500000012,533.2849613480586,533.284961348058,533.284961348058,533.2849613480587,-1.8549146094377216,1.0199706000001014,-4.065602354201238e-15,-3.686075270117997e-17,0.9482660892843774
5.12,attitude_only,5.80965606867116e-17,-2.2379451222152033e-16,-2.8892645651102685e-15,1.0,0.0,0.0,0.0,1.0,1.161931213734245e-16,-4.475890244430404e-16,-5.778529130220537e-15,0.0,0.0,0.0,-8.838623071210813e-17,9.873828699059626e-16,-3.4792575693792455e-15,9.424089518915486e-21,-1.2415340642433585e-18,4.332233052432688e-20,0.034127142,0.034127142,0.008531785500000008,0.008531785499999993,0.008531785499999988,0.00853178550000001,533.2849613480586,533.2849613480581,533.2849613480579,533.2849613480586,-1.9431077768271843,1.0199706000001014,-4.124185432409182e-15,-3.571370300977229e-17,0.9253072848205255
5.13,attitude_only,5.762800046022502e-17,-2.187637489381905e-16,-2.9066664358739256e-15,1.0,0.0,0.0,0.0,1.0,1.1525600092045131e-16,-4.3752749787638066e-16,-5.813332871747851e-15,0.0,0.0,0.0,-1.0487672879986715e-16,1.0190290871788635e-15,-3.481287720111926e-15,3.026145451222495e-20,-1.2896998158426278e-18,4.332233052432688e-20,0.034127142,0.034127142,0.008531785500000008,0.008531785499999991,0.008531785499999988,0.008531785500000012,533.2849613480586,533.284961348058,533.2849613480579,533.2849613480587,-2.031300980146165,1.0199706000001014,-4.182812979593421e-15,-3.457744099347716e-17,0.9014665468863051
5.14,attitude_only,5.704928938132449e-17,-2.1359574356259545e-16,-2.924076046586142e-15,1.0,0.0,0.0,0.0,1.0,1.1409857876265023e-16,-4.2719148712519056e-16,-5.848152093172284e-15,0.0,0.0,0.0,-1.245489526150464e-16,1.0464707969752743e-15,-3.4817952586813787e-15,5.511361261659048e-20,-1.3330945755680734e-18,4.332233052432688e-20,0.034127142,0.034127142,0.008531785500000008,0.008531785499999991,0.008531785499999988,0.008531785500000012,533.2849613480586,533.284961348058,533.2849613480579,533.2849613480587,-2.11949421233981,1.0199706000001014,-4.241483005330986e-15,-3.3451973263470236e-17,0.8767438754751617
5.15,attitude_only,5.640094529942917e-17,-2.0826477603347684e-16,-2.941488194990379e-15,1.0,0.0,0.0,0.0,1.0,1.1280189059885957e-16,-4.1652955206695334e-16,-5.882976389980758e-15,0.0,0.0,0.0,-1.349526522048073e-16,1.081572472051854e-15,-3.48204902837971e-15,6.894757864635172e-20,-1.3860323103804882e-18,4.332233052432688e-20,0.034127142,0.034127142,0.008531785500000008,0.008531785499999991,0.008531785499999988,0.008531785500000012,533.2849613480586,533.284961348058,533.2849613480579,533.2849613480587,-2.2076874677352762,1.0199706000001014,-4.300194538225083e-15,-3.23370696831224e-17,0.8511392705819909
5.16,attitude_only,5.572970901969348e-17,-2.0280001177255604e-16,-2.958895394910226e-15,1.0,0.0,0.0,0.0,1.0,1.1145941803938818e-16,-4.0560002354511174e-16,-5.917790789820452e-15,0.0,0.0,0.0,-1.3487482163043404e-16,1.1074771033755397e-15,-3.4807801859147865e-15,7.020293017340813e-20,-1.4281926390026664e-18,4.332233052432688e-20,0.034127142,0.034127142,0.00853178550000001,0.008531785499999991,0.008531785499999986,0.008531785500000012,533.2849613480586,533.284961348058,533.2849613480579,533.2849613480587,-2.2958807417717084,1.0199706000001014,-4.358946287790529e-15,-3.1232874896790935e-17,0.8246527322028171
5.17,attitude_only,5.5039600574069785e-17,-1.9724818197033109e-16,-2.976295996848671e-15,1.0,0.0,0.0,0.0,1.0,1.1007920114814074e-16,-3.9449636394066183e-16,-5.952591993697342e-15,0.0,0.0,0.0,-1.3994710605687575e-16,1.1118515308896756e-15,-3.480526417634512e-15,7.76891425457069e-20,-1.444560467328526e-18,4.332233052432688e-20,0.034127142,0.034127142,0.00853178550000001,0.008531785499999991,0.008531785499999986,0.008531785500000012,533.2849613480586,533.284961348058,533.2849613480579,533.2849613480587,-2.3840740307827892,1.0199706000001014,-4.417737512837629e-15,-3.013973949877163e-17,0.7972842603345441
5.18,attitude_only,5.435039475306758e-17,-1.9164714183378775e-16,-2.9936992633592275e-15,1.0,0.0,0.0,0.0,1.0,1.0870078950613631e-16,-3.8329428366757516e-16,-5.987398526718455e-15,0.0,0.0,0.0,-1.4029067600485902e-16,1.1262327403412767e-15,-3.480526417752682e-15,7.95043332433354e-20,-1.4730802460738598e-18,4.332233052432688e-20,0.034127142,0.034127142,0.00853178550000001,0.008531785499999991,0.008531785499999986,0.008531785500000012,533.2849613480586,533.284961348058,533.2849613480579,533.2849613480587,-2.4722673318219095,1.0199706000001014,-4.4765676965272676e-15,-2.905723202492075e-17,0.7690338549747608
5.19,attitude_only,5.358229723778809e-17,-1.860086215346689e-16,-3.01110811278071e-15,1.0,0.0,0.0,0.0,1.0,1.071645944755773e-16,-3.7201724306933746e-16,-6.02221622556142e-15,0.0,0.0,0.0,-1.5555183269891423e-16,1.1368320935988972e-15,-3.482049029945446e-15,9.93732396031909e-20,-1.4971677909189942e-18,4.332233052432688e-20,0.034127142,0.034127142,0.00853178550000001,0.008531785499999991,0.008531785499999986,0.008531785500000012,533.2849613480586,533.284961348058,533.2849613480579,533.2849613480587,-2.5604606425209715,1.0199706000001014,-4.535435662040808e-15,-2.798535528967073e-17,0.7399015161215893
5.2,attitude_only,5.2816669449783684e-17,-1.804280235721111e-16,-3.0285215300387412e-15,1.0,0.0,0.0,0.0,1.0,1.0563333889956846e-16,-3.608560471442219e-16,-6.0570430600774825e-15,0.0,0.0,0.0,-1.5180878245379878e-16,1.1013916961523627e-15,-3.4830641046323197e-15,9.639966713359029e-20,-1.4656532309446761e-18,4.332233052432688e-20,0.034127142,0.034127142,0.00853178550000001,0.008531785499999991,0.008531785499999986,0.008531785500000012,533.2849613480586,533.284961348058,533.2849613480579,533.2849613480587,-2.648653960977239,1.0199706000001014,-4.594340453806295e-15,-2.6923581907533638e-17,0.7098872437735668
5.21,attitude_only,5.199988776339126e-17,-1.7488713297678326e-16,-3.045936723677652e-15,1.0,0.0,0.0,0.0,1.0,1.0399977552678358e-16,-3.497742659535662e-16,-6.091873447355304e-15,0.0,0.0,0.0,-1.678742230294979e-16,1.102642752048054e-15,-3.48306410470618e-15,1.1735693805472418e-19,-1.478180925539986e-18,4.332233052432688e-20,0.034127142,0.034127142,0.00853178550000001,0.008531785499999991,0.008531785499999986,0.008531785500000012,533.2849613480586,533.284961348058,533.2849613480579,533.2849613480587,-2.736847285661996,1.0199706000001014,-4.6532819549303114e-15,-2.5872319208112162e-17,0.6789910379295545
5.22,attitude_only,5.122376428806674e-17,-1.693517128086222e-16,-3.0633521710858773e-15,1.0,0.0,0.0,0.0,1.0,1.0244752857613452e-16,-3.387034256172441e-16,-6.1267043421717545e-15,0.0,0.0,0.0,-1.4709861126741415e-16,1.1181219934891595e-15,-3.4835716420643883e-15,9.389719005289779e-20,-1.507937235204204e-18,4.332233052432688e-20,0.034127142,0.034127142,0.00853178550000001,0.008531785499999991,0.008531785499999986,0.008531785500000012,533.2849613480586,533.284961348058,533.2849613480579,533.2849613480587,-2.825040615347391,1.0199706000001014,-4.712258436585541e-15,-2.4831024825630286e-17,0.6472128985886655
5.23,attitude_only,5.046309656949891e-17,-1.6382791383589174e-16,-3.080766984072914e-15,1.0,0.0,0.0,0.0,1.0,1.0092619313899883e-16,-3.276558276717832e-16,-6.161533968145828e-15,0.0,0.0,0.0,-1.5065580891685876e-16,1.1108341408874636e-15,-3.4838254108321213e-15,9.967238532140003e-20,-1.5103001534910442e-18,4.332233052432688e-20,0.034127142,0.034127142,0.00853178550000001,0.008531785499999991,0.008531785499999986,0.008531785500000012,533.2849613480586,533.284961348058,533.2849613480579,533.2849613480587,-2.9132339490470684,1.0199706000001014,-4.771268417868735e-15,-2.3800311933587546e-17,0.6145528257502084
5.24,attitude_only,4.967283041358654e-17,-1.5831300551823347e-16,-3.098182304597608e-15,1.0,0.0,0.0,0.0,1.0,9.934566082717406e-17,-3.1662601103646665e-16,-6.196364609195216e-15,0.0,0.0,0.0,-1.7028773750630205e-16,1.0999169584163169e-15,-3.482556567658194e-15,1.2493357700379495e-19,-1.508198704109831e-18,4.332233052432688e-20,0.034127142,0.034127142,0.00853178550000001,0.008531785499999991,0.008531785499999986,0.008531785500000012,533.2849613480586,533.284961348058,533.2849613480579,533.2849613480587,-3.001427285968916,1.0199706000001014,-4.830311270386393e-15,-2.2779515840008503e-17,0.5810108194136461
5.25,attitude_only,4.876966212017705e-17,-1.5283403802160213e-16,-3.115597117585114e-15,1.0,0.0,0.0,0.0,1.0,9.753932424035505e-17,-3.0566807604320396e-16,-6.231194235170228e-15,0.0,0.0,0.0,-1.8432707790692346e-16,1.0920667353617004e-15,-3.4828103363446807e-15,1.436240562636098e-19,-1.5096991037979081e-18,4.332233052432688e-20,0.034127142,0.034127142,0.00853178550000001,0.008531785499999991,0.008531785499999986,0.008531785500000012,533.2849613480586,533.284961348058,533.2849613480579,533.2849613480587,-3.0896206254768304,1.0199706000001014,-4.8893858943140676e-15,-2.176784489149593e-17,0.5465868795785589
5.26,attitude_only,4.7898719717770283e-17,-1.4735709639317524e-16,-3.1330166252927064e-15,1.0,0.0,0.0,0.0,1.0,9.579743943554149e-17,-2.947141927863502e-16,-6.266033250585413e-15,0.0,0.0,0.0,-1.7839624349275422e-16,1.0972427216211933e-15,-3.4850942541242323e-15,1.3829101740153426e-19,-1.5268827145255112e-18,4.332233052432688e-20,0.034127142,0.034127142,0.00853178550000001,0.008531785499999991,0.008531785499999986,0.008531785500000012,533.2849613480586,533.284961348058,533.2849613480579,533.2849613480587,-3.177813967060248,1.0199706000001014,-4.948491166670279e-15,-2.0765596424680565e-17,0.5112810062446205
5.27,attitude_only,4.697228870445477e-17,-1.4187195035363936e-16,-3.1504433654066347e-15,1.0,0.0,0.0,0.0,1.0,9.394457740891043e-17,-2.8374390070727843e-16,-6.300886730813269e-15,0.0,0.0,0.0,-1.9210157876194502e-16,1.086030762426876e-15,-3.4858555600802917e-15,1.5665843551218265e-19,-1.524288671116599e-18,4.332233052432688e-20,0.034127142,0.034127142,0.00853178550000001,0.008531785499999991,0.008531785499999986,0.008531785500000012,533.2849613480586,533.284961348058,533.2849613480579,533.2849613480587,-3.266007310309083,1.0199706000001014,-5.0076258627474625e-15,-1.977288765780033e-17,0.475093199411577
5.28,attitude_only,4.6068720645423564e-17,-1.3653954798735936e-16,-3.167870739942238e-15,1.0,0.0,0.0,0.0,1.0,9.213744129084799e-17,-2.730790959747184e-16,-6.335741479884476e-15,0.0,0.0,0.0,-1.7547733393132222e-16,1.0556058329322804e-15,-3.486109328718774e-15,1.3846411505474863e-19,-1.4983348140524078e-18,4.332233052432688e-20,0.034127142,0.034127142,0.00853178550000001,0.008531785499999991,0.008531785499999986,0.008531785500000012,533.2849613480586,533.284961348058,533.2849613480579,533.2849613480587,-3.3542006548942136,1.0199706000001014,-5.0667892901511944e-15,-1.878907240199277e-17,0.43802345907923046
5.29,attitude_only,4.520959013825387e-17,-1.313120177095e-16,-3.185300271511285e-15,1.0,0.0,0.0,0.0,1.0,9.041918027650858e-17,-2.626240354189997e-16,-6.37060054302257e-15,0.0,0.0,0.0,-1.6986668391449596e-16,1.0515602887749858e-15,-3.486363097344334e-15,1.3343000187370201e-19,-1.5039957639514038e-18,4.332233052432688e-20,0.034127142,0.034127142,0.00853178550000001,0.008531785499999991,0.008531785499999986,0.008531785500000012,533.2849613480586,533.284961348058,533.2849613480579,533.2849613480587,-3.442394000551396,1.0199706000001014,-5.125981325987097e-15,-1.7814870074820275e-17,0.40007178524742665
5.3,attitude_only,4.436248150924997e-17,-1.2611689171500943e-16,-3.2027318332294498e-15,1.0,0.0,0.0,0.0,1.0,8.872496301850075e-17,-2.5223378343001856e-16,-6.4054636664588995e-15,0.0,0.0,0.0,-1.6834567677029425e-16,1.0260712942493358e-15,-3.4856017914676573e-15,1.3328825006836286e-19,-1.4836696834631171e-18,4.332233052432688e-20,0.034127142,0.034127142,0.00853178550000001,0.008531785499999991,0.008531785499999986,0.008531785500000012,533.2849613480586,533.284961348058,533.2849613480579,533.2849613480587,-3.5305873470687597,1.0199706000001014,-5.185199632055746e-15,-1.6849819165351938e-17,0.36123817791604534
5.31,attitude_only,4.34084027312239e-17,-1.2009069429389568e-16,-3.223638592225215e-15,1.0,0.0,0.0,0.0,1.0,8.681680546244857e-17,-2.4018138858779105e-16,-6.44727718445043e-15,0.0,0.0,0.0,-1.5101151661914727e-16,1.001677858061951e-15,-3.4845867169543523e-15,1.1399737305317792e-19,-1.4644143386188746e-18,4.332233052432688e-20,0.034127142,0.034127142,0.00853178550000001,0.008531785499999991,0.008531785499999986,0.008531785500000012,533.2849613480586,533.284961348058,533.2849613480579,533.2849613480587,-3.6187806942760647,1.0199706000001014,-5.244444166505721e-15,-1.589362625378628e-17,0.32152263708499335
5.32,attitude_only,4.281089366444871e-17,-1.1618504209037766e-16,-3.237575924018523e-15,1.0,0.0,0.0,0.0,1.0,8.562178732889817e-17,-2.3237008418075503e-16,-6.475151848037046e-15,0.0,0.0,0.0,-1.5294972823908827e-16,9.61750488141793e-16,-3.4838254110601507e-15,1.178527242794981e-19,-1.4261189995961036e-18,4.332233052432688e-20,0.034127142,0.034127142,0.00853178550000001,0.008531785499999991,0.008531785499999986,0.008531785500000012,533.2849613480586,533.284961348058,533.2849613480579,533.2849613480587,-3.706974042036784,1.0199706000001014,-5.303713749592271e-15,-1.4946529612864293e-17,0.2809251627541976
5.33,attitude_only,4.26699818726871e-17,-1.2703684571930422e-16,-3.2549986038347358e-15,1.0,0.0,0.0,0.0,1.0,8.533996374537502e-17,-2.5407369143860814e-16,-6.5099972076694716e-15,0.0,0.0,0.0,1.153863162901834e-15,-3.023836788177707e-14,-3.4856017915119578e-15,-1.4618613767186264e-18,3.63164067231243e-17,4.332233052432688e-20,0.034127142,0.034127142,0.008531785499999708,0.008531785500000269,0.008531785500000288,0.008531785499999734,533.2849613480491,533.2849613480668,533.2849613480673,533.28496134805,-3.795167390241293,1.0199706000001014,-5.363007797459373e-15,-1.4007851602645896e-17,0.23944575492360154
5.34,zero_thrust,4.973074871714418e-17,-3.109301069722093e-16,-3.2737435045227017e-15,1.0,0.0,0.0,0.0,1.0,9.94614974342904e-17,-6.218602139444183e-16,-6.547487009045403e-15,0.0,0.0,0.0,1.6203609133579596e-15,-4.192656158018758e-14,-4.079684317698513e-15,0.0,0.0,0.0,0.0,0.0,0.0,0.0,0.0,0.0,0.0,0.0,0.0,0.0,-4.176304829688025,1.0199706000001014,-5.422092510457172e-15,-1.323913069103275e-17,0.19953977281127874
5.35,zero_thrust,5.856664385015945e-17,-5.358410223436536e-16,-3.29464366254866e-15,1.0,0.0,0.0,0.0,1.0,1.1713328770032242e-16,-1.0716820446873069e-15,-6.58928732509732e-15,0.0,0.0,0.0,1.797971395014066e-15,-4.53779488449797e-14,-4.092224612349296e-15,0.0,0.0,0.0,0.0,0.0,0.0,0.0,0.0,0.0,0.0,0.0,0.0,0.0,-3.638212393852259,1.0199706000001014,-5.490422714805049e-15,-1.4436653385562072e-17,0.18022381835465937
5.36,zero_thrust,6.679497762282736e-17,-7.421029671324553e-16,-3.3151050393790415e-15,1.0,0.0,0.0,0.0,1.0,1.3358995524565964e-16,-1.4842059342649103e-15,-6.630210078758083e-15,0.0,0.0,0.0,1.4790657846915613e-15,-3.674466066066271e-14,-4.0727399393595325e-15,0.0,0.0,0.0,0.0,0.0,0.0,0.0,0.0,0.0,0.0,0.0,0.0,0.0,-2.6945971269113436,1.0199706000001014,-5.584298751438907e-15,-1.8961885116109408e-17,0.19102245776318233
5.37,zero_thrust,7.320385648600779e-17,-9.028172097671137e-16,-3.3354887967108243e-15,1.0,0.0,0.0,0.0,1.0,1.464077129720216e-16,-1.805634419534227e-15,-6.6709775934216485e-15,0.0,0.0,0.0,1.2011103901092525e-15,-3.0802977092808e-14,-4.073243511494189e-15,0.0,0.0,0.0,0.0,0.0,0.0,0.0,0.0,0.0,0.0,0.0,0.0,0.0,-1.4790475058489712,1.0199706000001014,-5.7080307172563186e-15,-2.6442274255672618e-17,0.2248539675471898
5.38,zero_thrust,7.89913667718441e-17,-1.0562377681973087e-15,-3.355721839264353e-15,1.0,0.0,0.0,0.0,1.0,1.579827335436953e-16,-2.112475536394617e-15,-6.711443678528706e-15,0.0,0.0,0.0,1.1287537905287829e-15,-3.060041053226181e-14,-4.007446062655771e-15,0.0,0.0,0.0,0.0,0.0,0.0,0.0,0.0,0.0,0.0,0.0,0.0,0.0,-0.43138457696797383,1.0199706000001014,-5.838818644219646e-15,-3.455474030029686e-17,0.26244663893274917
5.39,hover,8.447869733263345e-17,-1.2088791363815674e-15,-3.375467761028003e-15,1.0,0.0,0.0,0.0,1.0,1.6895739466527507e-16,-2.4177582727631344e-15,-6.750935522056006e-15,0.0,0.0,0.0,1.0679757940523176e-15,-3.045505227696459e-14,-3.911573065460125e-15,-1.3694762920397298e-18,3.688097852011895e-17,4.776325739731078e-18,0.34127141999999994,0.34127141999999994,0.08531785499999948,0.08531785500000046,0.08531785500000008,0.08531785499999991,1686.3951197747174,1686.395119774727,1686.395119774723,1686.3951197747215,0.7015179582781434,1.0199706000001014,-5.969636661635808e-15,-4.266779418807668e-17,0.29907853562758574
5.4,hover,8.98284236541261e-17,-1.3605694105030038e-15,-3.3909177783007643e-15,1.0,0.0,0.0,0.0,1.0,1.796568473082614e-16,-2.7211388210060068e-15,-6.781835556601529e-15,0.0,0.0,0.0,1.0654594984837828e-15,-3.012048446657746e-14,-1.9978720694500767e-15,-1.3771113323423265e-18,3.6780701992320195e-17,2.499863265213521e-18,0.34127141999999994,0.34127141999999994,0.08531785499999958,0.08531785500000036,0.08531785500000018,0.08531785499999982,1686.3951197747183,1686.3951197747258,1686.3951197747242,1686.3951197747206,1.1098912339903686,1.0199706000001014,-6.100477114864859e-15,-5.078105671611401e-17,0.33474253200649595
5.41,hover,9.51387680302942e-17,-1.5073046527927662e-15,-3.3970936146282093e-15,1.0,0.0,0.0,0.0,1.0,1.9027753606059862e-16,-3.0146093055855316e-15,-6.794187229256419e-15,0.0,0.0,0.0,1.0717370865289791e-15,-2.847560659014464e-14,-8.613057963966598e-16,-1.3953618088618519e-18,3.509160460650225e-17,1.1445967955133874e-18,0.34127141999999994,0.34127141999999994,0.08531785499999965,0.08531785500000029,0.08531785500000022,0.08531785499999978,1686.395119774719,1686.3951197747251,1686.3951197747244,1686.3951197747203,1.5829103202306123,1.0199706000001014,-6.231478257579752e-15,-5.890558337930753e-17,0.36949239865841416
5.42,hover,1.0060158005373842e-16,-1.6423296586980534e-15,-3.402565139900611e-15,1.0,0.0,0.0,0.0,1.0,2.01203160107488e-16,-3.284659317396106e-15,-6.805130279801222e-15,0.0,0.0,0.0,1.102219149058422e-15,-2.564221890687516e-14,-1.1050505701098114e-15,-1.4429624753877672e-18,3.194796157564762e-17,1.4481410296702672e-18,0.34127141999999994,0.34127141999999994,0.08531785499999966,0.08531785500000028,0.08531785500000018,0.0853178549999998,1686.3951197747192,1686.3951197747251,1686.3951197747242,1686.3951197747203,1.9471263162125174,1.0199706000001014,-6.363206532214472e-15,-6.708075737372385e-17,0.4035323016598148
5.43,hover,1.0618322763447733e-16,-1.7610663386099694e-15,-3.4080330489699683e-15,1.0,0.0,0.0,0.0,1.0,2.1236645526896667e-16,-3.522132677219938e-15,-6.8160660979399365e-15,0.0,0.0,0.0,1.1447782142199197e-15,-2.2075362095582232e-14,-1.1149792679458689e-15,-1.5054811357237634e-18,2.7888487023051926e-17,1.4712052597529948e-18,0.34127141999999994,0.34127141999999994,0.08531785499999969,0.08531785500000025,0.08531785500000015,0.08531785499999985,1686.3951197747194,1686.395119774725,1686.3951197747238,1686.3951197747208,2.228747137112121,1.0199706000001014,-6.49639634654912e-15,-7.535372678323902e-17,0.43708460586691944
5.44,hover,1.1203302670922462e-16,-1.8603200001461233e-15,-3.4136208399284526e-15,1.0,0.0,0.0,0.0,1.0,2.2406605341846196e-16,-3.720640000292246e-15,-6.827241679856906e-15,0.0,0.0,0.0,1.1927146305763863e-15,-1.7978970721542354e-14,-1.3439499489525101e-15,-1.574931981657288e-18,2.315260708141951e-17,1.7594095764504902e-18,0.34127141999999994,0.34127141999999994,0.08531785499999972,0.08531785500000022,0.0853178550000001,0.08531785499999989,1686.3951197747197,1686.3951197747244,1686.3951197747233,1686.3951197747213,2.4477129640625632,1.0199706000001014,-6.63172532695839e-15,-8.376548272892e-17,0.47032036858556203
5.45,attitude_only,1.2514847048934644e-16,-1.9948503447961394e-15,-3.4259404980840112e-15,1.0,0.0,0.0,0.0,1.0,2.5029694097870655e-16,-3.989700689592278e-15,-6.851880996168023e-15,0.0,0.0,0.0,1.4459848958991578e-15,-9.266261185969101e-15,-1.1507765059905486e-15,-1.893316149003605e-18,1.2790018250591296e-17,1.4666963770747816e-19,0.034127142,0.034127142,0.00853178549999988,0.00853178550000009,0.008531785500000107,0.008531785499999922,533.2849613480545,533.2849613480611,533.2849613480616,533.2849613480558,2.902064225273838,1.0199706000001014,-6.769742857311497e-15,-9.235006614406451e-17,0.5033566534763972
5.457,attitude_only,1.2514847048934644e-16,-1.9948503447961394e-15,-3.4259404980840112e-15,1.0,0.0,0.0,0.0,1.0,2.5029694097870655e-16,-3.989700689592278e-15,-6.851880996168023e-15,0.0,0.0,0.0,1.4459848958991578e-15,-9.266261185969101e-15,-1.1507765059905486e-15,-1.9034380432748987e-18,1.2854882078893077e-17,1.4666963770747816e-19,0.034127142,0.034127142,0.00853178549999988,0.00853178550000009,0.008531785500000107,0.008531785499999922,533.2849613480545,533.2849613480611,533.2849613480616,533.2849613480558,2.979905520866499,1.0199706000001014,-6.910867638614675e-15,-1.0113535242549988e-16,0.536269360508768
5.47,attitude_only,1.3288641665232175e-16,-2.0285057283774384e-15,-3.431256142007361e-15,1.0,0.0,0.0,0.0,1.0,2.657728333046574e-16,-4.057011456754876e-15,-6.862512284014723e-15,0.0,0.0,0.0,1.6311620523126496e-15,-4.550252465790945e-15,-1.002500285711343e-15,-2.146855737651153e-18,7.254824896734571e-18,1.4666963770747816e-19,0.034127142,0.034127142,0.008531785499999922,0.008531785500000045,0.008531785500000066,0.008531785499999967,533.2849613480558,533.2849613480597,533.2849613480603,533.2849613480572,2.8890584478568835,1.0199706000001014,-7.055384111143407e-15,-1.1014496301557542e-16,0.5691030725344072
5.48,attitude_only,1.4100936064615453e-16,-2.0378291493821704e-15,-3.4379728742844507e-15,1.0,0.0,0.0,0.0,1.0,2.8201872129232306e-16,-4.07565829876434e-15,-6.875945748568902e-15,0.0,0.0,0.0,1.4916122108374313e-15,1.9425707388360152e-16,-1.876860116870822e-15,-1.9943120499892664e-18,1.55947087838628e-18,1.4666963770747816e-19,0.034127142,0.034127142,0.008531785499999967,0.008531785500000003,0.00853178550000002,0.008531785500000008,533.2849613480572,533.2849613480585,533.2849613480589,533.2849613480586,2.9644479696881705,1.0199706000001014,-7.202979521893314e-15,-1.1936841968535543e-16,0.6017631331045397
5.49,attitude_only,1.4655818832330754e-16,-2.0257558633612333e-15,-3.449121588535132e-15,1.0,0.0,0.0,0.0,1.0,2.9311637664662904e-16,-4.051511726722466e-15,-6.8982431770702645e-15,0.0,0.0,0.0,8.100076533338544e-16,4.046933447512434e-15,-2.2757526896770394e-15,-1.1844866575183128e-18,-3.1042101044434426e-18,1.4666963770747816e-19,0.034127142,0.034127142,0.008531785500000008,0.008531785499999974,0.008531785499999979,0.00853178550000004,533.2849613480586,533.2849613480574,533.2849613480577,533.2849613480596,3.01713941023816,1.0199706000001014,-7.352848384960679e-15,-1.2874848802900056e-16,0.6340421848289202
5.5,attitude_only,1.491774005075277e-16,-1.9979798988685346e-15,-3.4602182841808164e-15,1.0,0.0,0.0,0.0,1.0,2.983548010150692e-16,-3.9959597977370685e-15,-6.920436568361634e-15,0.0,0.0,0.0,3.383850029758453e-16,6.577940897957282e-15,-2.2992897305535504e-15,-6.219233271184602e-19,-6.20719845395683e-18,1.4666963770747816e-19,0.034127142,0.034127142,0.008531785500000036,0.008531785499999953,0.008531785499999951,0.008531785500000059,533.2849613480595,533.2849613480569,533.2849613480568,533.28496134806,3.0487217100611135,1.0199706000001014,-7.5044220670929e-15,-1.3823586662435025e-16,0.6657926939224516
5.51,attitude_only,1.5011890703265021e-16,-1.9610091530775957e-15,-3.4716491931185163e-15,1.0,0.0,0.0,0.0,1.0,3.0023781406531404e-16,-3.922018306155191e-15,-6.9432983862370334e-15,0.0,0.0,0.0,7.368661143768859e-17,7.892534075365578e-15,-2.2702094310608952e-15,-3.05022123387049e-19,-7.86363560760044e-18,1.4666963770747816e-19,0.034127142,0.034127142,0.008531785500000052,0.008531785499999943,0.008531785499999936,0.00853178550000007,533.2849613480599,533.2849613480565,533.2849613480563,533.2849613480604,3.061407748529887,1.0199706000001014,-7.657323217422927e-15,-1.478111907322473e-16,0.6969142129465007
5.52,attitude_only,1.499275789999139e-16,-1.9200025233934997e-15,-3.4830931057161814e-15,1.0,0.0,0.0,0.0,1.0,2.9985515799984114e-16,-3.840005046786999e-15,-6.9661862114323635e-15,0.0,0.0,0.0,-1.2088659009758128e-16,8.358660310216665e-15,-2.220165463253874e-15,-7.032541564374937e-20,-8.50657369252391e-18,1.4666963770747816e-19,0.034127142,0.034127142,0.008531785500000059,0.00853178549999994,0.008531785499999929,0.008531785500000073,533.28496134806,533.2849613480564,533.2849613480561,533.2849613480605,3.057587518523119,1.0199706000001014,-7.811295609826027e-15,-1.57461594364077e-16,0.7273372789314605
5.53,attitude_only,1.490325685440805e-16,-1.878366766636408e-15,-3.4943722352369e-15,1.0,0.0,0.0,0.0,1.0,2.980651370881741e-16,-3.756733533272815e-15,-6.988744470473801e-15,0.0,0.0,0.0,-2.3308352517695855e-16,8.230997053757777e-15,-2.2835005633078863e-15,6.664174170327308e-20,-8.435687755310827e-18,1.4666963770747816e-19,0.034127142,0.034127142,0.008531785500000059,0.00853178549999994,0.008531785499999929,0.008531785500000071,533.28496134806,533.2849613480564,533.2849613480561,533.2849613480605,3.0395866492241854,1.0199706000001014,-7.966156674100738e-15,-1.6717543481642837e-16,0.7570131106517444
5.54,attitude_only,1.4756068506485857e-16,-1.838656668123928e-15,-3.505657298582025e-15,1.0,0.0,0.0,0.0,1.0,2.9512137012973e-16,-3.677313336247855e-15,-7.0113145971640505e-15,0.0,0.0,0.0,-3.4057241869833887e-16,7.639839073263784e-15,-2.263849354651547e-15,1.9903413811591275e-19,-7.802696569450672e-18,1.4666963770747816e-19,0.034127142,0.034127142,0.008531785500000055,0.008531785499999948,0.008531785499999932,0.008531785500000064,533.28496134806,533.2849613480566,533.2849613480562,533.2849613480603,3.0095459448489406,1.0199706000001014,-8.121775273079596e-15,-1.769443725351111e-16,0.7859069419252259
5.55,attitude_only,1.4560506790893483e-16,-1.8028267265900035e-15,-3.516918274723803e-15,1.0,0.0,0.0,0.0,1.0,2.9121013581788234e-16,-3.605653453180006e-15,-7.033836549447607e-15,0.0,0.0,0.0,-4.2237366895773634e-16,6.754162364216168e-15,-2.234507356254278e-15,3.01419375116767e-19,-6.807426142235692e-18,1.4666963770747816e-19,0.034127142,0.034127142,0.008531785500000048,0.008531785499999956,0.008531785499999939,0.008531785500000055,533.2849613480598,533.284961348057,533.2849613480564,533.28496134806,2.9693709710952167,1.0199706000001014,-8.278057662361384e-15,-1.8676079982753233e-16,0.8139936526860285
5.5600000000000005,attitude_only,1.4330849062848347e-16,-1.7720001832265844e-15,-3.527990151598749e-15,1.0,0.0,0.0,0.0,1.0,2.8661698125697946e-16,-3.5440003664531677e-15,-7.0559803031974985e-15,0.0,0.0,0.0,-4.813283795221851e-16,5.685020031908891e-15,-2.189762791265886e-15,3.769783115893277e-19,-5.5813055437860536e-18,1.4666963770747816e-19,0.034127142,0.034127142,0.00853178550000004,0.008531785499999965,0.008531785499999948,0.008531785500000047,533.2849613480596,533.2849613480572,533.2849613480566,533.2849613480598,2.9207210371286534,1.0199706000001014,-8.434934163455722e-15,-1.9661963981738639e-16,0.8412548656986519
5.57,attitude_only,1.408335280777444e-16,-1.746610939529092e-15,-3.538982147856909e-15,1.0,0.0,0.0,0.0,1.0,2.8166705615550116e-16,-3.493221879058183e-15,-7.0779642957138185e-15,0.0,0.0,0.0,-5.078520295476669e-16,4.569417017700488e-15,-2.2067474466895033e-15,4.1388521191538246e-19,-4.288276096912974e-18,1.4666963770747816e-19,0.034127142,0.034127142,0.00853178550000003,0.008531785499999976,0.008531785499999958,0.008531785500000036,533.2849613480593,533.2849613480575,533.284961348057,533.2849613480595,2.8650192813268722,1.0199706000001014,-8.592351402799212e-15,-2.065174072684396e-16,0.8676769882798488
5.58,attitude_only,1.381839777753901e-16,-1.7270818416717001e-15,-3.5500677827587382e-15,1.0,0.0,0.0,0.0,1.0,2.7636795555079246e-16,-3.4541636833433994e-15,-7.100135565517477e-15,0.0,0.0,0.0,-5.445117852270257e-16,3.3448480561147223e-15,-2.2256145499156982e-15,4.633220365828831e-19,-2.852241823571202e-18,1.4666963770747816e-19,0.034127142,0.034127142,0.008531785500000019,0.008531785499999988,0.008531785499999969,0.008531785500000024,533.2849613480589,533.2849613480579,533.2849613480573,533.284961348059,2.8034730764546243,1.0199706000001014,-8.750267615388346e-15,-2.164513128861004e-16,0.8932498708495069
5.59,attitude_only,1.3555578346929627e-16,-1.7138947125529064e-15,-3.5599317828873294e-15,1.0,0.0,0.0,0.0,1.0,2.7111156693860477e-16,-3.427789425105812e-15,-7.119863565774659e-15,0.0,0.0,0.0,-4.959794959708141e-16,2.079926081178905e-15,-1.6497837790715435e-15,4.100430844351372e-19,-1.3551347144600099e-18,1.4666963770747816e-19,0.034127142,0.034127142,0.008531785500000007,0.008531785499999998,0.00853178549999998,0.008531785500000014,533.2849613480586,533.2849613480582,533.2849613480577,533.2849613480587,2.737098516255443,1.0199706000001014,-8.908654290305767e-15,-2.264185439883219e-16,0.9179658736040935
5.6,attitude_only,1.3353073186397576e-16,-1.7067966342138988e-15,-3.566290958875318e-15,1.0,0.0,0.0,0.0,1.0,2.670614637279637e-16,-3.4135932684277968e-15,-7.132581917750637e-15,0.0,0.0,0.0,-3.01599161778214e-16,9.031190035274365e-16,-9.90578611936863e-16,1.7980267502179913e-19,4.800258868647835e-20,1.4666963770747816e-19,0.034127142,0.034127142,0.008531785499999995,0.008531785500000008,0.008531785499999993,0.008531785500000005,533.2849613480581,533.2849613480586,533.2849613480581,533.2849613480585,2.666745485037051,1.0199706000001014,-9.067488539939187e-15,-2.364198959102982e-16,0.9418192072057279
5.61,attitude_only,1.3282662186366453e-16,-1.7052980631763258e-15,-3.571115229153768e-15,1.0,0.0,0.0,0.0,1.0,2.6565324372734125e-16,-3.410596126352651e-15,-7.142230458307536e-15,0.0,0.0,0.0,-2.9382021576989664e-17,-1.8115516347506354e-16,-1.0148016211542995e-15,-1.465640730039001e-19,1.350943140724229e-18,1.4666963770747816e-19,0.034127142,0.034127142,0.008531785499999982,0.008531785500000015,0.008531785500000005,0.008531785499999996,533.2849613480578,533.2849613480588,533.2849613480585,533.2849613480582,2.5931214497204698,1.0199706000001014,-9.22674944495683e-15,-2.464586715993246e-16,0.9648054602902688
5.62,attitude_only,1.3332506609809785e-16,-1.7084987053898189e-15,-3.574733437478551e-15,1.0,0.0,0.0,0.0,1.0,2.666501321962079e-16,-3.416997410779637e-15,-7.149466874957102e-15,0.0,0.0,0.0,1.817428557107074e-16,-9.410956894027631e-16,-4.621584636719476e-16,-4.0173135430624356e-19,2.272282728731496e-18,1.4666963770747816e-19,0.034127142,0.034127142,0.008531785499999974,0.00853178550000002,0.008531785500000014,0.008531785499999991,533.2849613480574,533.2849613480589,533.2849613480587,533.284961348058,2.5168130808878875,1.0199706000001014,-9.386421092806223e-15,-2.565358073910293e-16,0.9869212563458439
5.63,attitude_only,1.3431109862731705e-16,-1.7144368633950166e-15,-3.575477974615513e-15,1.0,0.0,0.0,0.0,1.0,2.6862219725464637e-16,-3.4288737267900324e-15,-7.150955949231026e-15,0.0,0.0,0.0,2.0742488442606606e-16,-1.342177041006673e-15,-1.803077956089066e-18,-4.346240376089346e-19,2.767002121066254e-18,1.4666963770747816e-19,0.034127142,0.034127142,0.008531785499999969,0.008531785500000024,0.008531785500000019,0.008531785499999988,533.2849613480573,533.284961348059,533.2849613480589,533.2849613480579,2.4383053690986243,1.0199706000001014,-9.546483665577792e-15,-2.666478660435252e-16,1.008164001565261
5.64,attitude_only,1.3501965611058277e-16,-1.7217047369016207e-15,-3.5735334314730815e-15,1.0,0.0,0.0,0.0,1.0,2.7003931222117787e-16,-3.4434094738032406e-15,-7.147066862946163e-15,0.0,0.0,0.0,6.095544928362553e-17,-1.5251926231166419e-15,6.403775345848412e-16,-2.594702699308422e-19,3.0018727458293825e-18,1.4666963770747816e-19,0.034127142,0.034127142,0.008531785499999969,0.008531785500000028,0.008531785500000019,0.008531785499999984,533.2849613480573,533.2849613480591,533.2849613480589,533.2849613480578,2.3579982163163873,1.0199706000001014,-9.706918986184393e-15,-2.767888019953645e-16,1.028531697617135
5.65,attitude_only,1.3466452096605147e-16,-1.7292537632567775e-15,-3.570984888993524e-15,1.0,0.0,0.0,0.0,1.0,2.6932904193211526e-16,-3.4585075265135542e-15,-7.141969777987048e-15,0.0,0.0,0.0,-1.8022532601062095e-16,-1.439635534677313e-15,3.4968283740578454e-16,3.1748913682359835e-20,2.9136005950489624e-18,1.4666963770747816e-19,0.034127142,0.034127142,0.008531785499999972,0.00853178550000003,0.008531785500000015,0.008531785499999982,533.2849613480574,533.2849613480593,533.2849613480588,533.2849613480578,2.2762206482689025,1.0199706000001014,-9.867715500817285e-15,-2.869525447889566e-16,1.0480228013779243
5.66,attitude_only,1.3321963641841854e-16,-1.7354226790291605e-15,-3.569939777973806e-15,1.0,0.0,0.0,0.0,1.0,2.6643927283684945e-16,-3.4708453580583203e-15,-7.139879555947612e-15,0.0,0.0,0.0,-3.6577922134463283e-16,-1.0434821914327932e-15,7.309584244602332e-17,2.580713802966203e-19,2.4486514050698662e-18,1.4666963770747816e-19,0.034127142,0.034127142,0.008531785499999977,0.008531785500000028,0.00853178550000001,0.008531785499999986,533.2849613480575,533.2849613480591,533.2849613480586,533.2849613480579,2.1932428721561545,1.0199706000001014,-1.0028861048923375e-14,-2.9713561345122513e-16,1.0666361190549771
5.67,attitude_only,1.3101348757066394e-16,-1.7390967716025624e-15,-3.56954477882775e-15,1.0,0.0,0.0,0.0,1.0,2.620269751413403e-16,-3.478193543205124e-15,-7.1390895576555e-15,0.0,0.0,0.0,-5.219568215200338e-16,-4.766808980188589e-16,2.600569102743455e-16,4.507040687223017e-19,1.773256661953334e-18,1.4666963770747816e-19,0.034127142,0.034127142,0.008531785499999984,0.008531785500000022,0.008531785500000003,0.00853178549999999,533.2849613480578,533.284961348059,533.2849613480585,533.284961348058,2.1092864320202405,1.0199706000001014,-1.0190343566880704e-14,-3.0733962711913894e-16,1.0843707257697426
5.68,attitude_only,1.2768689125237997e-16,-1.7396703876025948e-15,-3.567140032957297e-15,1.0,0.0,0.0,0.0,1.0,2.5537378250477237e-16,-3.4793407752051887e-15,-7.134280065914595e-15,0.0,0.0,0.0,-8.008282071963918e-16,1.8678441939537344e-16,6.215399220496372e-16,7.93358013605895e-19,9.752304368623012e-19,1.4666963770747816e-19,0.034127142,0.034127142,0.008531785499999993,0.008531785500000019,0.008531785499999995,0.008531785499999993,533.2849613480581,533.2849613480589,533.2849613480581,533.2849613480581,2.02453271355344,1.0199706000001014,-1.0352155707897367e-14,-3.175642848718402e-16,1.1012259041666046
5.69,attitude_only,1.2281276798372291e-16,-1.737046581228779e-15,-3.564110283562681e-15,1.0,0.0,0.0,0.0,1.0,2.456255359674582e-16,-3.474093162457557e-15,-7.128220567125361e-15,0.0,0.0,0.0,-1.099536871284414e-15,7.83954992996214e-16,4.830000905629292e-16,1.1628037792243664e-18,2.5078619861133017e-19,1.4666963770747816e-19,0.034127142,0.034127142,0.008531785500000002,0.008531785500000017,0.008531785499999986,0.008531785499999995,533.2849613480583,533.2849613480588,533.2849613480579,533.2849613480581,1.9391300345499458,1.0199706000001014,-1.0514293166752797e-14,-3.278050892063542e-16,1.117201097351964
5.7,attitude_only,1.1665536325427017e-16,-1.731700257904682e-15,-3.561828859428829e-15,1.0,0.0,0.0,0.0,1.0,2.3331072650855267e-16,-3.463400515809363e-15,-7.123657718857658e-15,0.0,0.0,0.0,-1.3426172951160146e-15,1.291019945032318e-15,4.568863315416995e-16,1.4679264607734472e-18,-3.706019432823178e-19,1.4666963770747816e-19,0.034127142,0.034127142,0.008531785500000008,0.008531785500000014,0.008531785499999979,0.008531785499999998,533.2849613480586,533.2849613480587,533.2849613480577,533.2849613480582,1.8531995345688275,1.0199706000001014,-1.0676756215834225e-14,-3.3806072429894506e-16,1.1322958726984071
5.71,attitude_only,1.0937829114871167e-16,-1.7242067975575285e-15,-3.558930404015323e-15,1.0,0.0,0.0,0.0,1.0,2.187565822974356e-16,-3.4484135951150563e-15,-7.117860808030646e-15,0.0,0.0,0.0,-1.5064569273450093e-15,1.6407080976105507e-15,7.120060240972364e-16,1.6795985887216904e-18,-8.066348073523019e-19,1.4666963770747816e-19,0.034127142,0.034127142,0.008531785500000012,0.008531785500000012,0.008531785499999974,0.0085317855,533.2849613480587,533.2849613480587,533.2849613480574,533.2849613480583,1.7668400523166101,1.0199706000001014,-1.0839546336187023e-14,-3.483316082115553e-16,1.1465098939314855
5.72,attitude_only,1.0199199386883038e-16,-1.7155645038400777e-15,-3.553659337728612e-15,1.0,0.0,0.0,0.0,1.0,2.0398398773767295e-16,-3.4311290076801545e-15,-7.107318675457224e-15,0.0,0.0,0.0,-1.4302131414377215e-15,1.7705571747659992e-15,1.219069738847544e-15,1.6024081770473222e-18,-9.801592716864997e-19,1.4666963770747816e-19,0.034127142,0.034127142,0.008531785500000014,0.00853178550000001,0.008531785499999974,0.008531785500000002,533.2849613480587,533.2849613480586,533.2849613480574,533.2849613480583,1.6801321543906165,1.0199706000001014,-1.1002666802867301e-14,-3.5861995532867018e-16,1.1598428995583516
5.73,attitude_only,9.541632831139652e-17,-1.7068798002631327e-15,-3.5474138399383757e-15,1.0,0.0,0.0,0.0,1.0,1.9083265662280514e-16,-3.4137596005262646e-15,-7.094827679876751e-15,0.0,0.0,0.0,-1.194994900106977e-15,1.6785603640900246e-15,1.3073973011364788e-15,1.3320962364514993e-18,-8.865487025162315e-19,1.4666963770747816e-19,0.034127142,0.034127142,0.00853178550000001,0.008531785500000008,0.008531785499999977,0.008531785500000003,533.2849613480586,533.2849613480586,533.2849613480575,533.2849613480585,1.5931414557363377,1.0199706000001014,-1.1166122876558965e-14,-3.6893196515352146e-16,1.1722946861695436
5.74,attitude_only,9.037059066827965e-17,-1.6991386380902625e-15,-3.5394486842064878e-15,1.0,0.0,0.0,0.0,1.0,1.8074118133657133e-16,-3.3982772761805242e-15,-7.0788973684129755e-15,0.0,0.0,0.0,-8.474720509920806e-16,1.4238273069829058e-15,1.837867749419254e-15,9.23543538023544e-19,-5.951073070575179e-19,1.4666963770747816e-19,0.034127142,0.034127142,0.008531785500000005,0.008531785500000008,0.008531785499999982,0.008531785500000003,533.2849613480585,533.2849613480586,533.2849613480578,533.2849613480585,1.505921351118444,1.0199706000001014,-1.1329919975947848e-14,-3.7927179828815963e-16,1.183865095496013
5.75,attitude_only,8.732201263558594e-17,-1.6930433623147013e-15,-3.5290463946259134e-15,1.0,0.0,0.0,0.0,1.0,1.7464402527118383e-16,-3.3860867246294018e-15,-7.058092789251827e-15,0.0,0.0,0.0,-4.0744510276679664e-16,1.0346840156792183e-15,2.262058719401453e-15,3.9958565118087135e-19,-1.3848219764988481e-19,1.4666963770747816e-19,0.034127142,0.034127142,0.008531785499999998,0.008531785500000008,0.00853178549999999,0.008531785500000003,533.2849613480582,533.2849613480586,533.284961348058,533.2849613480585,1.4185152583044536,1.0199706000001014,-1.149406160809422e-14,-3.8964227922346297e-16,1.1945540043664977
5.76,attitude_only,8.636503079649734e-17,-1.6890429510444086e-15,-3.5178210082905955e-15,1.0,0.0,0.0,0.0,1.0,1.7273006159300657e-16,-3.3780859020888165e-15,-7.035642016581191e-15,0.0,0.0,0.0,-3.155711305806285e-17,6.279473898741813e-16,2.0421997325719465e-15,-5.1164365339028507e-20,3.4332227941741785e-19,1.4666963770747816e-19,0.034127142,0.034127142,0.008531785499999991,0.008531785500000008,0.008531785499999996,0.008531785500000003,533.284961348058,533.2849613480586,533.2849613480582,533.2849613480585,1.3309584574931896,1.0199706000001014,-1.1658550651520006e-14,-4.000451500946052e-16,1.2043613169089789
5.77,attitude_only,8.708068936476266e-17,-1.6868861123685468e-15,-3.507796263387518e-15,1.0,0.0,0.0,0.0,1.0,1.7416137872953715e-16,-3.3737722247370928e-15,-7.015592526775036e-15,0.0,0.0,0.0,2.6993880997694896e-16,2.713169396519775e-16,1.917971621887133e-15,-4.1565886108081205e-19,7.685656502875427e-19,1.4666963770747816e-19,0.034127142,0.034127142,0.008531785499999984,0.008531785500000008,0.008531785500000003,0.008531785500000003,533.2849613480578,533.2849613480586,533.2849613480585,533.2849613480585,1.243279597633384,1.0199706000001014,-1.1823386083094018e-14,-4.1047817745212043e-16,1.2132869584909203
5.78,attitude_only,8.906350305338128e-17,-1.6863251489229795e-15,-3.496758091559527e-15,1.0,0.0,0.0,0.0,1.0,1.7812700610677433e-16,-3.372650297845958e-15,-6.993516183119054e-15,0.0,0.0,0.0,4.68394186849399e-16,1.0141160679695066e-17,2.5057699598446986e-15,-6.584892551962465e-19,1.0818751734474846e-18,1.4666963770747816e-19,0.034127142,0.034127142,0.00853178549999998,0.008531785500000008,0.008531785500000007,0.008531785500000003,533.2849613480577,533.2849613480586,533.2849613480586,533.2849613480585,1.1555019284534604,1.0199706000001014,-1.1988565443602705e-14,-4.2093851804280707e-16,1.2213308710082578
5.79,attitude_only,9.146052114806054e-17,-1.6864244982444523e-15,-3.4826918414039443e-15,1.0,0.0,0.0,0.0,1.0,1.829210422961328e-16,-3.3728489964889037e-15,-6.9653836828078886e-15,0.0,0.0,0.0,4.527330456878603e-16,-1.3860013145173918e-17,3.0664408117682176e-15,-6.442232162592785e-19,1.1108151821687791e-18,1.4666963770747816e-19,0.034127142,0.034127142,0.00853178549999998,0.00853178550000001,0.008531785500000007,0.008531785500000002,533.2849613480577,533.2849613480586,533.2849613480586,533.2849613480583,1.0676443070279333,1.0199706000001014,-1.2154084652888779e-14,-4.3142257163834927e-16,1.2284930092215165
5.8,attitude_only,9.3152518154085e-17,-1.6861244306277665e-15,-3.4661074344329387e-15,1.0,0.0,0.0,0.0,1.0,1.863050363081817e-16,-3.3722488612555322e-15,-6.932214868865877e-15,0.0,0.0,0.0,2.322900870511341e-16,1.3177524847890234e-16,3.5193202221381157e-15,-3.8201456676571834e-19,9.347351157350986e-19,1.4666963770747816e-19,0.034127142,0.034127142,0.008531785499999984,0.00853178550000001,0.008531785500000003,0.008531785500000002,533.2849613480578,533.2849613480586,533.2849613480585,533.2849613480583,0.9797220193009744,1.0199706000001014,-1.2319935589525463e-14,-4.419232434007133e-16,1.2347733379054477
5.8100000000000005,attitude_only,9.347120252897412e-17,-1.684749931169869e-15,-3.446808721580828e-15,1.0,0.0,0.0,0.0,1.0,1.8694240505795985e-16,-3.369499862339737e-15,-6.893617443161656e-15,0.0,0.0,0.0,-1.0137302574618593e-16,4.0333610220879246e-16,4.007984398189866e-15,1.939489884852758e-20,6.048287302371424e-19,1.4666963770747816e-19,0.034127142,0.034127142,0.00853178549999999,0.00853178550000001,0.008531785499999998,0.008531785500000002,533.284961348058,533.2849613480586,533.2849613480582,533.2849613480583,0.8917474499522628,1.0199706000001014,-1.2486112270517228e-14,-4.52434453208233e-16,1.2401718296310218
5.82,attitude_only,9.190296326161616e-17,-1.681731575144023e-15,-3.4269707958529996e-15,1.0,0.0,0.0,0.0,1.0,1.8380592652324386e-16,-3.3634631502880453e-15,-6.853941591705999e-15,0.0,0.0,0.0,-4.897562663258032e-16,7.522277324499137e-16,3.909163265099253e-15,4.903523502073262e-19,1.786364966232979e-19,1.4666963770747816e-19,0.034127142,0.034127142,0.008531785499999996,0.00853178550000001,0.008531785499999991,0.008531785500000002,533.2849613480582,533.2849613480586,533.284961348058,533.2849613480583,0.8037306281247568,1.0199706000001014,-1.2652610100026932e-14,-4.629523530318106e-16,1.244688463039169
5.83,attitude_only,8.849188870377284e-17,-1.6772839006658513e-15,-3.4077307658311822e-15,1.0,0.0,0.0,0.0,1.0,1.7698377740755712e-16,-3.3545678013317017e-15,-6.8154615316623645e-15,0.0,0.0,0.0,-8.274249410112351e-16,9.988240812400246e-16,3.700745405959171e-15,9.038290092399567e-19,-1.2726736273723526e-19,1.4666963770747816e-19,0.034127142,0.034127142,0.008531785500000002,0.008531785500000012,0.008531785499999986,0.0085317855,533.2849613480583,533.2849613480587,533.2849613480579,533.2849613480583,0.7156796716575466,1.0199706000001014,-1.281942688486783e-14,-4.734750359922361e-16,1.2483232214970563
5.84,attitude_only,8.365928290456906e-17,-1.6717758160782605e-15,-3.389605553640719e-15,1.0,0.0,0.0,0.0,1.0,1.6731856580914946e-16,-3.3435516321565207e-15,-6.779211107281438e-15,0.0,0.0,0.0,-1.0797299824116082e-15,1.17754419959524e-15,3.585654418202487e-15,1.2173923587445202e-18,-3.535069467594458e-19,1.4666963770747816e-19,0.034127142,0.034127142,0.008531785500000005,0.008531785500000012,0.008531785499999982,0.0085317855,533.2849613480585,533.2849613480587,533.2849613480578,533.2849613480583,0.6276011484250384,1.0199706000001014,-1.2986564652496215e-14,-4.840039676140043e-16,1.2510760920520063
5.85,attitude_only,7.763688208054134e-17,-1.665494189894472e-15,-3.3704378338841282e-15,1.0,0.0,0.0,0.0,1.0,1.552737641610939e-16,-3.3309883797889434e-15,-6.7408756677682565e-15,0.0,0.0,0.0,-1.2812442116317295e-15,1.3096521234153478e-15,4.184364323430649e-15,1.4720218759249828e-18,-5.251329765777283e-19,1.4666963770747816e-19,0.034127142,0.034127142,0.008531785500000008,0.008531785500000014,0.008531785499999979,0.008531785499999998,533.2849613480586,533.2849613480587,533.2849613480577,533.2849613480582,0.5395003700411444,1.0199706000001014,-1.315402475274587e-14,-4.945408906334549e-16,1.252947064617062
5.86,attitude_only,7.11522909085341e-17,-1.6589004224642975e-15,-3.349155204322808e-15,1.0,0.0,0.0,0.0,1.0,1.4230458181707932e-16,-3.3178008449285945e-15,-6.698310408645616e-15,0.0,0.0,0.0,-1.283407862506975e-15,1.2973289657677783e-15,4.5253679302906085e-15,1.4874523356003478e-18,-5.233184770583236e-19,1.4666963770747816e-19,0.034127142,0.034127142,0.008531785500000008,0.008531785500000014,0.008531785499999979,0.008531785499999998,533.2849613480586,533.2849613480587,533.2849613480577,533.2849613480582,0.4513816304288101,1.0199706000001014,-1.3321808008112082e-14,-5.0508714497099e-16,1.2539361313368567
5.87,attitude_only,6.512040040430593e-17,-1.6527559363998187e-15,-3.325518917654296e-15,1.0,0.0,0.0,0.0,1.0,1.3024080080862286e-16,-3.305511872799637e-15,-6.651037835308592e-15,0.0,0.0,0.0,-1.1163071397990565e-15,1.1498110344511635e-15,4.968862741425984e-15,1.298094539748836e-18,-3.577950698228971e-19,1.4666963770747816e-19,0.034127142,0.034127142,0.008531785500000007,0.008531785500000014,0.00853178549999998,0.008531785499999998,533.2849613480586,533.2849613480587,533.2849613480577,533.2849613480582,0.36324839948279847,1.0199706000001014,-1.3489917869119742e-14,-5.156482824021332e-16,1.2540432860938442
5.88,attitude_only,6.033574327569153e-17,-1.6477768648435595e-15,-3.2985437977868297e-15,1.0,0.0,0.0,0.0,1.0,1.2067148655139392e-16,-3.2955537296871186e-15,-6.597087595573659e-15,0.0,0.0,0.0,-8.000470457994318e-16,8.391826318400481e-16,5.530330035131402e-15,9.265828974072807e-19,6.567186992040948e-21,1.4666963770747816e-19,0.034127142,0.034127142,0.008531785500000002,0.008531785500000014,0.008531785499999986,0.008531785499999998,533.2849613480583,533.2849613480587,533.2849613480579,533.2849613480582,0.27510348018552716,1.0199706000001014,-1.3658357979452792e-14,-5.262285902958194e-16,1.2532685241238086
5.89,attitude_only,5.749027429116972e-17,-1.6447088293520136e-15,-3.2723876947835744e-15,1.0,0.0,0.0,0.0,1.0,1.1498054858235022e-16,-3.2894176587040267e-15,-6.544775389567149e-15,0.0,0.0,0.0,-3.90840483796031e-16,4.300863917665532e-16,5.0512646452994815e-15,4.394434278411599e-19,4.931818111625694e-19,1.4666963770747816e-19,0.034127142,0.034127142,0.008531785499999993,0.008531785500000014,0.008531785499999995,0.008531785499999998,533.2849613480581,533.2849613480587,533.2849613480581,533.2849613480582,0.18694913600137092,1.0199706000001014,-1.3827132898782421e-14,-5.368325558003035e-16,1.2516118417164561
5.9,attitude_only,5.659320370226423e-17,-1.6435034831710163e-15,-3.247403838559045e-15,1.0,0.0,0.0,0.0,1.0,1.1318640740453913e-16,-3.287006966342032e-15,-6.49480767711809e-15,0.0,0.0,0.0,-3.724562688430496e-17,9.951346897483792e-17,4.874539869002852e-15,1.5502055815931778e-20,8.888741838228793e-19,1.4666963770747816e-19,0.034127142,0.034127142,0.008531785499999988,0.008531785500000014,0.0085317855,0.0085317855,533.2849613480579,533.2849613480587,533.2849613480583,533.2849613480583,0.09878719411707668,1.0199706000001014,-1.3996244549338163e-14,-5.474623641279308e-16,1.2490732359822552
5.91,attitude_only,5.711059313095079e-17,-1.6437458592447671e-15,-3.224423456049934e-15,1.0,0.0,0.0,0.0,1.0,1.142211862619122e-16,-3.287491718489534e-15,-6.448846912099868e-15,0.0,0.0,0.0,1.9594007330533843e-16,-1.5457076750050085e-16,4.494861229899986e-15,-2.6628018514469363e-19,1.1953209752682907e-18,1.4666963770747816e-19,0.034127142,0.034127142,0.008531785499999982,0.008531785500000014,0.008531785500000005,0.008531785499999998,533.2849613480578,533.2849613480587,533.2849613480585,533.2849613480582,0.010619129065897584,1.0199706000001014,-1.4165690190967277e-14,-5.581153156131065e-16,1.2456527046708668
5.92,attitude_only,5.847547224838327e-17,-1.644928239095255e-15,-3.2008724919855485e-15,1.0,0.0,0.0,0.0,1.0,1.1695094449677706e-16,-3.2898564781905097e-15,-6.401744983971097e-15,0.0,0.0,0.0,3.178808054163162e-16,-2.755944084100013e-16,5.037235375501221e-15,-4.1578787173203005e-19,1.3433052884437913e-18,1.4666963770747816e-19,0.034127142,0.034127142,0.00853178549999998,0.008531785500000014,0.008531785500000007,0.008531785499999998,533.2849613480577,533.2849613480587,533.2849613480586,533.2849613480582,-0.07755386956975481,1.0199706000001014,-1.4335466695142852e-14,-5.687870460546533e-16,1.2413502460297432
5.93,attitude_only,5.993428102845309e-17,-1.6461851946463398e-15,-3.1742315063685305e-15,1.0,0.0,0.0,0.0,1.0,1.1986856205691663e-16,-3.292370389292679e-15,-6.348463012737061e-15,0.0,0.0,0.0,2.5346308522880873e-16,-2.0547482132376509e-16,5.562891389347188e-15,-3.410212383593091e-19,1.2612165321535456e-18,1.4666963770747816e-19,0.034127142,0.034127142,0.00853178549999998,0.008531785500000014,0.008531785500000007,0.008531785499999998,533.2849613480577,533.2849613480587,533.2849613480586,533.2849613480582,-0.16573084237046848,1.0199706000001014,-1.4505569567213763e-14,-5.7947371536312e-16,1.23616585869401
5.94,attitude_only,6.070740725162451e-17,-1.6465854184931874e-15,-3.1447913573107895e-15,1.0,0.0,0.0,0.0,1.0,1.2141481450325937e-16,-3.2931708369863743e-15,-6.289582714621579e-15,0.0,0.0,0.0,3.141899159973065e-17,4.599676303193126e-17,6.1281354917294744e-15,-7.488251592041276e-20,9.589906632963905e-19,1.4666963770747816e-19,0.034127142,0.034127142,0.008531785499999986,0.008531785500000012,0.008531785500000002,0.0085317855,533.2849613480579,533.2849613480587,533.2849613480583,533.2849613480583,-0.2539110157624078,1.0199706000001014,-1.4675992442594746e-14,-5.901699967285179e-16,1.2300995416007086
5.95,attitude_only,6.003650881033405e-17,-1.6455137599576781e-15,-3.114508463874946e-15,1.0,0.0,0.0,0.0,1.0,1.2007301762067836e-16,-3.291027519915356e-15,-6.229016927749892e-15,0.0,0.0,0.0,-2.847315352729963e-16,3.5172450427191186e-16,5.911599562283005e-15,3.073454316795895e-19,5.886001287656948e-19,1.4666963770747816e-19,0.034127142,0.034127142,0.008531785499999991,0.008531785500000012,0.008531785499999996,0.0085317855,533.284961348058,533.2849613480587,533.2849613480582,533.2849613480583,-0.34209376618391485,1.0199706000001014,-1.484672952101881e-14,-6.008703513001831e-16,1.2231512939220093
5.96,attitude_only,5.779670054346844e-17,-1.6429746006506197e-15,-3.085379335270714e-15,1.0,0.0,0.0,0.0,1.0,1.15593401086947e-16,-3.285949201301239e-15,-6.170758670541428e-15,0.0,0.0,0.0,-5.619096362001189e-16,6.249956980923223e-16,5.789151061397725e-15,6.455782491541376e-19,2.544247392002794e-19,1.4666963770747816e-19,0.034127142,0.034127142,0.008531785499999996,0.008531785500000014,0.008531785499999991,0.0085317855,533.2849613480582,533.2849613480587,533.284961348058,533.2849613480583,-0.43027859112329453,1.0199706000001014,-1.5017778908006835e-14,-6.115714157160144e-16,1.2153211150132006
5.97,attitude_only,5.4337415949243004e-17,-1.639225175970036e-15,-3.056317232379693e-15,1.0,0.0,0.0,0.0,1.0,1.0867483189849603e-16,-3.2784503519400715e-15,-6.112634464759386e-15,0.0,0.0,0.0,-8.086711847144392e-16,8.491316703085151e-16,5.717679571407341e-15,9.497788192184662e-19,-2.3029744162237008e-20,1.4666963770747816e-19,0.034127142,0.034127142,0.008531785500000002,0.008531785500000014,0.008531785499999986,0.008531785499999998,533.2849613480583,533.2849613480587,533.2849613480579,533.2849613480582,-0.518465085719003,1.0199706000001014,-1.51891414108333e-14,-6.222745718957091e-16,1.2066090043721824
5.98,attitude_only,4.972076793722445e-17,-1.634493446650274e-15,-3.028015080622489e-15,1.0,0.0,0.0,0.0,1.0,9.94415358744588e-17,-3.2689868933005475e-15,-6.056030161244978e-15,0.0,0.0,0.0,-1.000694830561844e-15,1.0193294092546462e-15,5.543716037660207e-15,1.190214142540971e-18,-2.374603249901415e-19,1.4666963770747816e-19,0.034127142,0.034127142,0.008531785500000005,0.008531785500000014,0.008531785499999982,0.008531785499999998,533.2849613480585,533.2849613480587,533.2849613480578,533.2849613480582,-0.6066529238604734,1.0199706000001014,-1.536081814091979e-14,-6.32980134340811e-16,1.197014961607919
5.99,attitude_only,4.439367951066453e-17,-1.6291318830487732e-15,-2.999245852720983e-15,1.0,0.0,0.0,0.0,1.0,8.878735902133883e-17,-3.258263766097546e-15,-5.998491705441966e-15,0.0,0.0,0.0,-1.0780057587817289e-15,1.084967519421708e-15,6.003392497632961e-15,1.2937673139926499e-18,-3.2707573238483235e-19,1.4666963770747816e-19,0.034127142,0.034127142,0.008531785500000007,0.008531785500000014,0.00853178549999998,0.008531785499999998,533.2849613480586,533.2849613480587,533.2849613480577,533.2849613480582,-0.6948418429292761,1.0199706000001014,-1.5532810078663054e-14,-6.436891736179559e-16,1.1865389864158735
6.0,attitude_only,3.927587978088072e-17,-1.6239718720892313e-15,-2.9669782315481828e-15,1.0,0.0,0.0,0.0,1.0,7.855175956177108e-17,-3.2479437441784623e-15,-5.9339564630963656e-15,0.0,0.0,0.0,-9.565242757290387e-16,9.615849757869758e-16,6.7408542607048416e-15,1.157554777086712e-18,-1.8863252978102318e-19,1.4666963770747816e-19,0.034127142,0.034127142,0.008531785500000003,0.008531785500000014,0.008531785499999984,0.008531785499999998,533.2849613480585,533.2849613480587,533.2849613480578,533.2849613480582,-0.7830316314834719,1.0199706000001014,-1.570512028123616e-14,-6.544054748361282e-16,1.1751810785588712
6.01,attitude_only,3.528701252390694e-17,-1.619922858895934e-15,-2.932216465824052e-15,1.0,0.0,0.0,0.0,1.0,7.057402504782338e-17,-3.2398457177918675e-15,-5.864432931648104e-15,0.0,0.0,0.0,-6.547785305039681e-16,6.773026214775278e-16,7.016924050656044e-15,8.020076681216667e-19,1.4573326917553908e-19,1.4666963770747816e-19,0.034127142,0.034127142,0.008531785499999998,0.008531785500000014,0.00853178549999999,0.008531785499999998,533.2849613480582,533.2849613480587,533.284961348058,533.2849613480582,-0.871222119320195,1.0199706000001014,-1.587775417609892e-14,-6.651347410126416e-16,1.1629412378522006
6.02,attitude_only,3.294801761129726e-17,-1.6173788311593789e-15,-2.8973898470997497e-15,1.0,0.0,0.0,0.0,1.0,6.589603522260388e-17,-3.2347576623187578e-15,-5.794779694199499e-15,0.0,0.0,0.0,-3.2683813233946325e-16,3.73715384550015e-16,6.846797548144531e-15,4.1174757164765555e-19,5.063007996430543e-19,1.4666963770747816e-19,0.034127142,0.034127142,0.008531785499999993,0.008531785500000014,0.008531785499999995,0.008531785499999998,533.2849613480581,533.2849613480587,533.2849613480581,533.2849613480582,-0.9594131694599943,1.0199706000001014,-1.6050715905169316e-14,-6.758816521028939e-16,1.149819464152009
6.03,attitude_only,3.204321317379878e-17,-1.6161448958204155e-15,-2.863372176880108e-15,1.0,0.0,0.0,0.0,1.0,6.408642634760682e-17,-3.232289791640831e-15,-5.726744353760216e-15,0.0,0.0,0.0,-6.480972881910498e-17,1.4800848144672768e-16,6.7852231086490154e-15,9.796158471141673e-20,7.756689985525317e-19,1.4666963770747816e-19,0.034127142,0.034127142,0.008531785499999988,0.008531785500000012,0.008531785499999998,0.0085317855,533.2849613480579,533.2849613480587,533.2849613480582,533.2849613480583,-1.0476046716829244,1.0199706000001014,-1.6224005329273304e-14,-6.866462086228422e-16,1.1358157573462628
6.04,attitude_only,3.229820744712666e-17,-1.6158487160714033e-15,-2.8303649322689024e-15,1.0,0.0,0.0,0.0,1.0,6.459641489426246e-17,-3.2316974321428066e-15,-5.660729864537805e-15,0.0,0.0,0.0,1.2529912221051832e-16,-8.502842320981659e-18,6.543787604636601e-15,-1.3142202774623636e-19,9.635676154969927e-19,1.4666963770747816e-19,0.034127142,0.034127142,0.008531785499999986,0.008531785500000012,0.008531785500000002,0.0085317855,533.2849613480579,533.2849613480587,533.2849613480583,533.2849613480583,-1.1357965373173367,1.0199706000001014,-1.639761955359608e-14,-6.974263209855089e-16,1.120930117347712
6.05,attitude_only,3.3306086222364515e-17,-1.616244910562312e-15,-2.7973631691447904e-15,1.0,0.0,0.0,0.0,1.0,6.661217244473808e-17,-3.232489821124624e-15,-5.594726338289581e-15,0.0,0.0,0.0,2.743451038675465e-16,-1.339382424980446e-16,6.644787508992274e-15,-3.1302065677334553e-19,1.1154294781344485e-18,1.4666963770747816e-19,0.034127142,0.034127142,0.008531785499999982,0.008531785500000012,0.008531785500000005,0.0085317855,533.2849613480578,533.2849613480587,533.2849613480585,533.2849613480583,-1.223988695040025,1.0199706000001014,-1.6571556227710793e-14,-7.082191713001211e-16,1.1051625440884045
6.06,attitude_only,3.488990989746969e-17,-1.617159773721812e-15,-2.7631355005568224e-15,1.0,0.0,0.0,0.0,1.0,6.977981979494832e-17,-3.234319547443624e-15,-5.526271001113645e-15,0.0,0.0,0.0,3.1189017277485437e-16,-1.8730749717571278e-16,7.114107206393118e-15,-3.6119364118986346e-19,1.1813456587194073e-18,1.4666963770747816e-19,0.034127142,0.034127142,0.008531785499999982,0.008531785500000012,0.008531785500000005,0.0085317855,533.2849613480578,533.2849613480587,533.2849613480585,533.2849613480583,-1.3121810874917232,1.0199706000001014,-1.674581435265037e-14,-7.190234577708906e-16,1.0885130375154197
6.07,attitude_only,3.627328230287121e-17,-1.61782056515678e-15,-2.7258540970044596e-15,1.0,0.0,0.0,0.0,1.0,7.254656460575125e-17,-3.2356411303135596e-15,-5.451708194008919e-15,0.0,0.0,0.0,2.1129752129203894e-16,-5.3729395787759844e-17,7.778260319654154e-15,-2.425954346234055e-19,1.0215892310117416e-18,1.4666963770747816e-19,0.034127142,0.034127142,0.008531785499999984,0.008531785500000012,0.008531785500000003,0.0085317855,533.2849613480578,533.2849613480587,533.2849613480585,533.2849613480583,-1.400373668550908,1.0199706000001014,-1.6920390871204565e-14,-7.298356837259727e-16,1.0709815975875436
6.08,attitude_only,3.670291468343881e-17,-1.617448117283125e-15,-2.6858204457697703e-15,1.0,0.0,0.0,0.0,1.0,7.340582936688631e-17,-3.23489623456625e-15,-5.371640891539541e-15,0.0,0.0,0.0,-3.869821210387743e-17,1.9648668391036388e-16,8.201201269089223e-15,5.778642757273287e-20,7.193650685348895e-19,1.4666963770747816e-19,0.034127142,0.034127142,0.00853178549999999,0.008531785500000012,0.008531785499999998,0.0085317855,533.284961348058,533.2849613480587,533.2849613480582,533.2849613480583,-1.488566401138011,1.0199706000001014,-1.7095279822424547e-14,-7.406510891098629e-16,1.0525682242726782
6.09,attitude_only,3.563245083754149e-17,-1.6155933719622482e-15,-2.6448987819708982e-15,1.0,0.0,0.0,0.0,1.0,7.126490167509152e-17,-3.2311867439244964e-15,-5.2897975639417965e-15,0.0,0.0,0.0,-3.5767529811471156e-16,5.105889490962423e-16,8.053660184054807e-15,4.441356837668808e-19,3.3733646082087303e-19,1.4666963770747816e-19,0.034127142,0.034127142,0.008531785499999995,0.008531785500000012,0.008531785499999993,0.0085317855,533.2849613480581,533.2849613480587,533.2849613480581,533.2849613480583,-1.576759255447479,1.0199706000001014,-1.7270477178246726e-14,-7.514647195525177e-16,1.033272917545825
6.1,attitude_only,3.315789743904641e-17,-1.6123047226013889e-15,-2.6046547565665127e-15,1.0,0.0,0.0,0.0,1.0,6.631579487810121e-17,-3.2246094452027777e-15,-5.209309513133025e-15,0.0,0.0,0.0,-5.978965770603527e-16,7.734713837165888e-16,8.008834489108487e-15,7.383801842722536e-19,1.4142825439291365e-20,1.4666963770747816e-19,0.034127142,0.034127142,0.0085317855,0.008531785500000012,0.008531785499999988,0.0085317855,533.2849613480583,533.2849613480587,533.2849613480579,533.2849613480583,-1.6649522075241612,1.0199706000001014,-1.7445980949823728e-14,-7.622746159232434e-16,1.0130956773875166
6.11,attitude_only,2.953762311169272e-17,-1.6078397572509514e-15,-2.5655093920283648e-15,1.0,0.0,0.0,0.0,1.0,5.907524622339369e-17,-3.215679514501903e-15,-5.1310187840567296e-15,0.0,0.0,0.0,-8.06665222744505e-16,9.86578237681027e-16,7.712615434752988e-15,9.96969211320682e-19,-2.514511816948456e-19,1.4666963770747816e-19,0.034127142,0.034127142,0.008531785500000003,0.008531785500000012,0.008531785499999984,0.0085317855,533.2849613480585,533.2849613480587,533.2849613480578,533.2849613480583,-1.7531452381178587,1.0199706000001014,-1.7621792045883366e-14,-7.730827577593829e-16,0.9920365037825906
6.12,attitude_only,2.5103178656630816e-17,-1.6025188068464535e-15,-2.5257315244053944e-15,1.0,0.0,0.0,0.0,1.0,5.0206357313269724e-17,-3.205037613692907e-15,-5.051463048810789e-15,0.0,0.0,0.0,-9.318135827820716e-16,1.1161528776392382e-15,8.192593428522676e-15,1.1564653791935824e-18,-4.1810227842109087e-19,1.4666963770747816e-19,0.034127142,0.034127142,0.008531785500000005,0.008531785500000012,0.008531785499999982,0.0085317855,533.2849613480585,533.2849613480587,533.2849613480578,533.2849613480583,-1.8413383317612944,1.0199706000001014,-1.7797911958097297e-14,-7.838899926247785e-16,0.9700953967192387
6.13,attitude_only,2.0558478955998608e-17,-1.597144184123053e-15,-2.483078737301331e-15,1.0,0.0,0.0,0.0,1.0,4.111695791200515e-17,-3.194288368246106e-15,-4.966157474602662e-15,0.0,0.0,0.0,-8.573785530168181e-16,1.0191915032655359e-15,8.860806846676043e-15,1.075717129005446e-18,-3.119405442053035e-19,1.4666963770747816e-19,0.034127142,0.034127142,0.008531785500000005,0.008531785500000012,0.008531785499999982,0.0085317855,533.2849613480585,533.2849613480587,533.2849613480578,533.2849613480583,-1.9295314760285176,1.0199706000001014,-1.797434277623426e-14,-7.946987318792871e-16,0.9472723561882651
6.14,attitude_only,1.691498102365999e-17,-1.592736565825501e-15,-2.436868687456175e-15,1.0,0.0,0.0,0.0,1.0,3.3829962047327743e-17,-3.185473131651002e-15,-4.87373737491235e-15,0.0,0.0,0.0,-6.026593258217072e-16,7.551932738256697e-16,9.4476214379363e-15,7.760806496295301e-19,-2.6946016157204185e-21,1.4666963770747816e-19,0.034127142,0.034127142,0.0085317855,0.008531785500000012,0.008531785499999988,0.0085317855,533.2849613480583,533.2849613480587,533.2849613480579,533.2849613480583,-2.017724660937982,1.0199706000001014,-1.8151090930087028e-14,-8.055149427124656e-16,0.9235673821825072
6.15,attitude_only,1.4779905556547213e-17,-1.5899404803751293e-15,-2.388974319350893e-15,1.0,0.0,0.0,0.0,1.0,2.9559811113102024e-17,-3.1798809607502585e-15,-4.777948638701786e-15,0.0,0.0,0.0,-2.873905044341745e-16,4.0016404869092175e-16,9.479941410801281e-15,4.0063196900883276e-19,4.193388280590674e-19,1.4666963770747816e-19,0.034127142,0.034127142,0.008531785499999993,0.008531785500000012,0.008531785499999995,0.0085317855,533.2849613480581,533.2849613480587,533.2849613480581,533.2849613480583,-2.105917878472781,1.0199706000001014,-1.8328161083517012e-14,-8.163436707301443e-16,0.898980474696388
6.16,attitude_only,1.4032279906760363e-17,-1.5886867065791567e-15,-2.3424219863769042e-15,1.0,0.0,0.0,0.0,1.0,2.806455981352817e-17,-3.1773734131583135e-15,-4.6848439727538084e-15,0.0,0.0,0.0,-3.992299388427578e-17,1.3563721537504045e-16,9.243611754669261e-15,1.0407018628779708e-19,7.354146558843747e-19,1.4666963770747816e-19,0.034127142,0.034127142,0.00853178549999999,0.008531785500000012,0.008531785499999998,0.0085317855,533.284961348058,533.2849613480587,533.2849613480582,533.2849613480583,-2.1941111221947383,1.0199706000001014,-1.8505555212447405e-14,-8.271861272047921e-16,0.8735116337255628
6.17,attitude_only,1.4361187732279695e-17,-1.5885159191052337e-15,-2.297842658871024e-15,1.0,0.0,0.0,0.0,1.0,2.8722375464566694e-17,-3.1770318382104674e-15,-4.595685317742048e-15,0.0,0.0,0.0,1.4964709044268577e-16,-3.201899067232378e-17,8.732034486217264e-15,-1.2491038580898358e-19,9.369222930479348e-19,1.4666963770747816e-19,0.034127142,0.034127142,0.008531785499999986,0.008531785500000012,0.008531785500000002,0.0085317855,533.2849613480579,533.2849613480587,533.2849613480583,533.2849613480583,-2.282304386934035,1.0199706000001014,-1.8683270108880346e-14,-8.380400179977426e-16,0.8471608592666489
6.18,attitude_only,1.539372523749763e-17,-1.5889982325561749e-15,-2.254908614939345e-15,1.0,0.0,0.0,0.0,1.0,3.0787450475002425e-17,-3.1779964651123498e-15,-4.50981722987869e-15,0.0,0.0,0.0,2.4712692927806723e-16,-1.3470064912765684e-16,8.526096162685786e-15,-2.4435746170422193e-19,1.0614872896856113e-18,1.4666963770747816e-19,0.034127142,0.034127142,0.008531785499999984,0.008531785500000012,0.008531785500000003,0.0085317855,533.2849613480578,533.2849613480587,533.2849613480585,533.2849613480583,-2.37049766853999,1.0199706000001014,-1.8861302434941225e-14,-8.489029387885814e-16,0.8199281513170114
6.19,attitude_only,1.6808695560662134e-17,-1.589939710231262e-15,-2.210864906748201e-15,1.0,0.0,0.0,0.0,1.0,3.36173911213313e-17,-3.179879420462524e-15,-4.421729813496402e-15,0.0,0.0,0.0,2.9036530411376825e-16,-2.0251515411984486e-16,9.03801855507424e-15,-2.9914716454820106e-19,1.1448898472174353e-18,1.4666963770747816e-19,0.034127142,0.034127142,0.008531785499999982,0.008531785500000012,0.008531785500000005,0.0085317855,533.2849613480578,533.2849613480587,533.2849613480585,533.2849613480583,-2.4586909636802607,1.0199706000001014,-1.9039650166163572e-14,-8.597722815613125e-16,0.7918135098745985
6.2,attitude_only,1.7976299424698372e-17,-1.5906729653189007e-15,-2.1636216531500947e-15,1.0,0.0,0.0,0.0,1.0,3.595259884940363e-17,-3.1813459306378014e-15,-4.327243306300189e-15,0.0,0.0,0.0,1.5601874780416418e-16,-7.839930446024703e-17,9.684154103478158e-15,-1.394914844547178e-19,9.967348206705202e-19,1.4666963770747816e-19,0.034127142,0.034127142,0.008531785499999984,0.008531785500000012,0.008531785500000003,0.0085317855,533.2849613480578,533.2849613480587,533.2849613480585,533.2849613480583,-2.5468842696799494,1.0199706000001014,-1.921831117298195e-14,-8.706458658486717e-16,0.7628169349378121
6.21,attitude_only,1.8023498965761038e-17,-1.5903679681578708e-15,-2.1135854828585855e-15,1.0,0.0,0.0,0.0,1.0,3.60469979315288e-17,-3.1807359363157415e-15,-4.227170965717171e-15,0.0,0.0,0.0,-1.1380583543109432e-16,1.8110825482278283e-16,1.0231634556745414e-14,1.854360737819033e-19,6.835146669826568e-19,1.4666963770747816e-19,0.034127142,0.034127142,0.00853178549999999,0.008531785500000012,0.008531785499999998,0.0085317855,533.284961348058,533.2849613480587,533.2849613480582,533.2849613480583,-2.6350775843920107,1.0199706000001014,-1.9397279493738475e-14,-8.815179448304505e-16,0.7329384265054075
6.22,attitude_only,1.6619248640962726e-17,-1.5885622058214147e-15,-2.0621610966279405e-15,1.0,0.0,0.0,0.0,1.0,3.3238497281932004e-17,-3.1771244116428295e-15,-4.124322193255881e-15,0.0,0.0,0.0,-4.1140278116696813e-16,4.981294024581805e-16,1.0155118236970267e-14,5.466664364766215e-19,2.981079957955979e-19,1.4666963770747816e-19,0.034127142,0.034127142,0.008531785499999996,0.008531785500000012,0.008531785499999991,0.0085317855,533.2849613480582,533.2849613480587,533.284961348058,533.2849613480583,-2.7232709060934615,1.0199706000001014,-1.9576550659529403e-14,-8.923840847148646e-16,0.7021779845764156
6.23,attitude_only,1.3784563946054854e-17,-1.5853429803484475e-15,-2.0119963773033226e-15,1.0,0.0,0.0,0.0,1.0,2.7569127892116086e-17,-3.170685960696895e-15,-4.023992754606645e-15,0.0,0.0,0.0,-6.752008467932701e-16,7.527156139210289e-16,9.884022278788202e-15,8.69976123696117e-19,-1.4922614099030964e-20,1.4666963770747816e-19,0.034127142,0.034127142,0.0085317855,0.008531785500000012,0.008531785499999988,0.0085317855,533.2849613480583,533.2849613480587,533.2849613480579,533.2849613480583,-2.811464233401469,1.0199706000001014,-1.975612292384798e-14,-9.032434007443583e-16,0.6705356091500813
6.24,attitude_only,9.80061447390838e-18,-1.580956656926836e-15,-1.9628434792081686e-15,1.0,0.0,0.0,0.0,1.0,1.9601228947822965e-17,-3.161913313853672e-15,-3.925686958416337e-15,0.0,0.0,0.0,-8.957827383706542e-16,9.792075594040054e-16,9.86175154299558e-15,1.143632220972684e-18,-2.965050242726426e-19,1.4666963770747816e-19,0.034127142,0.034127142,0.008531785500000005,0.008531785500000012,0.008531785499999982,0.0085317855,533.2849613480585,533.2849613480587,533.2849613480578,533.2849613480583,-2.8996575652064744,1.0199706000001014,-1.9935997549895938e-14,-9.140967451922633e-16,0.638011300225817
6.25,attitude_only,4.785332481083731e-18,-1.5755507498257026e-15,-1.912897518601378e-15,1.0,0.0,0.0,0.0,1.0,9.570664962173489e-18,-3.151101499651405e-15,-3.825795037202756e-15,0.0,0.0,0.0,-1.0487278234327148e-15,1.131618508635924e-15,1.019409709831993e-14,1.3376536012814838e-18,-4.907143484373038e-19,1.4666963770747816e-19,0.034127142,0.034127142,0.008531785500000008,0.008531785500000012,0.008531785499999979,0.0085317855,533.2849613480586,533.2849613480587,533.2849613480577,533.2849613480583,-2.9878509006181764,1.0199706000001014,-2.0116174989396467e-14,-9.24944626027038e-16,0.6046050578031649
6.26,attitude_only,-5.007566975981758e-19,-1.5699768928084964e-15,-1.861746908133553e-15,1.0,0.0,0.0,0.0,1.0,-1.0015133951905059e-18,-3.1399537856169927e-15,-3.723493816267106e-15,0.0,0.0,0.0,-1.037629049660181e-15,1.0878937519385885e-15,1.0541922540344153e-14,1.3347113632510448e-18,-4.49123577919887e-19,1.4666963770747816e-19,0.034127142,0.034127142,0.008531785500000007,0.008531785500000012,0.00853178549999998,0.0085317855,533.2849613480586,533.2849613480587,533.2849613480577,533.2849613480583,-3.076044238922491,1.0199706000001014,-2.029665731231679e-14,-9.357890351466326e-16,0.5703168818817681
6.27,attitude_only,-5.1668881647413006e-18,-1.5650229736493906e-15,-1.8085455070437846e-15,1.0,0.0,0.0,0.0,1.0,-1.033377632947694e-17,-3.1300459472987813e-15,-3.617091014087569e-15,0.0,0.0,0.0,-8.303557736511145e-16,9.07914893978429e-16,1.0777135612676386e-14,1.094286989776676e-18,-2.4222809730747963e-19,1.4666963770747816e-19,0.034127142,0.034127142,0.008531785500000003,0.008531785500000012,0.008531785499999984,0.0085317855,533.2849613480585,533.2849613480587,533.2849613480578,533.2849613480583,-3.16423757954639,1.0199706000001014,-2.0477449901103414e-14,-9.466350097103463e-16,0.535146772461349
6.28,attitude_only,-8.64594710711031e-18,-1.5611279383273652e-15,-1.75375684912186e-15,1.0,0.0,0.0,0.0,1.0,-1.7291894214215144e-17,-3.1222558766547303e-15,-3.50751369824372e-15,0.0,0.0,0.0,-5.594008569396635e-16,6.487523484891602e-16,1.1239126488287235e-14,7.747350982923319e-19,6.227943379475092e-20,1.4666963770747816e-19,0.034127142,0.034127142,0.0085317855,0.008531785500000012,0.008531785499999988,0.0085317855,533.2849613480583,533.2849613480587,533.2849613480579,533.2849613480583,-3.2524309220302823,1.0199706000001014,-2.0658555996264032e-14,-9.574872476999701e-16,0.49909472954169126
6.29,attitude_only,-1.026984879077291e-17,-1.5590835126222216e-15,-1.6970163601955969e-15,1.0,0.0,0.0,0.0,1.0,-2.053969758154053e-17,-3.1181670252444432e-15,-3.3940327203911937e-15,0.0,0.0,0.0,-1.3523850005878735e-16,2.1195225657095039e-16,1.1232366091310108e-14,2.670926550358683e-19,5.843200215308932e-19,1.4666963770747816e-19,0.034127142,0.034127142,0.008531785499999991,0.008531785500000012,0.008531785499999996,0.0085317855,533.284961348058,533.2849613480587,533.2849613480582,533.2849613480583,-3.3406242660054684,1.0199706000001014,-2.0839978409668393e-14,-9.68348234197407e-16,0.46216075312262667
6.3,attitude_only,-1.0025263215518295e-17,-1.559085137991113e-15,-1.6415545708223946e-15,1.0,0.0,0.0,0.0,1.0,-2.0050526431031472e-17,-3.118170275982226e-15,-3.283109141644789e-15,0.0,0.0,0.0,1.9387879271574224e-16,-1.4465306581659147e-16,1.1102304589910538e-14,-1.2978688422072448e-19,1.0136929390541093e-18,1.4666963770747816e-19,0.034127142,0.034127142,0.008531785499999984,0.008531785500000012,0.008531785500000003,0.0085317855,533.2849613480578,533.2849613480587,533.2849613480585,533.2849613480583,-3.428817611176447,1.0199706000001014,-2.1021721466118987e-14,-9.792215220364141e-16,0.4243448432040239
6.31,attitude_only,-8.382992387640582e-18,-1.5605014747652809e-15,-1.5847313177974615e-15,1.0,0.0,0.0,0.0,1.0,-1.6765984775276218e-17,-3.1210029495305618e-15,-3.169462635594923e-15,0.0,0.0,0.0,4.172094241415159e-16,-3.8029735639846054e-16,1.169416410248957e-14,-4.0195573617306786e-19,1.3002690613163367e-18,1.4666963770747816e-19,0.034127142,0.034127142,0.00853178549999998,0.008531785500000014,0.008531785500000007,0.0085317855,533.2849613480577,533.2849613480587,533.2849613480586,533.2849613480583,-3.517010957306036,1.0199706000001014,-2.120378244630433e-14,-9.901040742609189e-16,0.38564699978578076
6.32,attitude_only,-6.147092000635204e-18,-1.5625368706705694e-15,-1.5252415603861196e-15,1.0,0.0,0.0,0.0,1.0,-1.2294184001265642e-17,-3.1250737413411387e-15,-3.0504831207722393e-15,0.0,0.0,0.0,4.34816943163847e-16,-3.9109863404850135e-16,1.218381575937356e-14,-4.27432928431504e-19,1.317141580836871e-18,1.4666963770747816e-19,0.034127142,0.034127142,0.00853178549999998,0.008531785500000012,0.008531785500000007,0.0085317855,533.2849613480577,533.2849613480587,533.2849613480586,533.2849613480583,-3.605204304204105,1.0199706000001014,-2.1386156946360625e-14,-1.0009922522846924e-15,0.3460672228678178
6.33,attitude_only,-4.495007826832948e-18,-1.564094028622137e-15,-1.4630669663425059e-15,1.0,0.0,0.0,0.0,1.0,-8.99001565366132e-18,-3.128188057244274e-15,-2.9261339326850117e-15,0.0,0.0,0.0,2.277041374588091e-16,-2.167941974646992e-16,1.263949287127464e-14,-1.8117460296004662e-19,1.1101441989109553e-18,1.4666963770747816e-19,0.034127142,0.034127142,0.008531785499999984,0.008531785500000014,0.008531785500000003,0.008531785499999998,533.2849613480578,533.2849613480587,533.2849613480585,533.2849613480582,-3.693397651718126,1.0199706000001014,-2.1568837880631683e-14,-1.0118790646567102e-15,0.305605512450073
6.34,attitude_only,-4.153804986071335e-18,-1.5644158379881071e-15,-1.398578570788852e-15,1.0,0.0,0.0,0.0,1.0,-8.307609972138294e-18,-3.1288316759762143e-15,-2.797157141577704e-15,0.0,0.0,0.0,-6.132625158323983e-17,6.362085496965423e-17,1.3191064075044765e-14,1.6627512640624447e-19,7.730099274400348e-19,1.4666963770747816e-19,0.034127142,0.034127142,0.00853178549999999,0.008531785500000014,0.008531785499999998,0.008531785499999998,533.284961348058,533.2849613480587,533.2849613480582,533.2849613480582,-3.8734657639873338,1.0199706000001014,-2.17518192043382e-14,-1.0227575148868854e-15,0.26426186853249806
6.35,zero_thrust,7.834176845707695e-18,-1.941549809052981e-15,-1.333426027192055e-15,1.0,0.0,0.0,0.0,1.0,1.5668353691420568e-17,-3.883099618105962e-15,-2.66685205438411e-15,0.0,0.0,0.0,5.3326440837265946e-15,-1.6249360083129718e-13,1.2876127047123715e-14,0.0,0.0,0.0,0.0,0.0,0.0,0.0,0.0,0.0,0.0,0.0,0.0,0.0,-4.154412046625932,1.0199706000001014,-2.1935097188219307e-14,-1.0336249941189864e-15,0.2220362911150554
6.36,zero_thrust,3.9113653999087e-17,-2.9003086071353043e-15,-1.2699163673078246e-15,1.0,0.0,0.0,0.0,1.0,7.822730799818137e-17,-5.800617214270609e-15,-2.5398327346156496e-15,0.0,0.0,0.0,6.844680006387938e-15,-2.1087597039147354e-13,1.2581341787720313e-14,0.0,0.0,0.0,0.0,0.0,0.0,0.0,0.0,0.0,0.0,0.0,0.0,0.0,-3.855699957446718,1.0199706000001014,-2.214244044755863e-14,-1.0442901852588742e-15,0.1874452203055675
6.37,zero_thrust,7.332829148961273e-17,-3.95897045726375e-15,-1.207914438715478e-15,1.0,0.0,0.0,0.0,1.0,1.4665658297923502e-16,-7.9179409145275e-15,-2.4158288774309564e-15,0.0,0.0,0.0,6.517786430969955e-15,-2.0243271645192384e-13,1.2289476136635546e-14,0.0,0.0,0.0,0.0,0.0,0.0,0.0,0.0,0.0,0.0,0.0,0.0,0.0,-3.2343143904826253,1.0199706000001014,-2.2484774363096268e-14,-1.0562287145225418e-15,0.17995749907930447
6.38,zero_thrust,1.0160508910684422e-16,-4.8393684141482675e-15,-1.1467493042660727e-15,1.0,0.0,0.0,0.0,1.0,2.0321017821369954e-16,-9.678736828296535e-15,-2.293498608532146e-15,0.0,0.0,0.0,4.892365475945808e-15,-1.5281626518169694e-13,1.206419303110316e-14,0.0,0.0,0.0,0.0,0.0,0.0,0.0,0.0,0.0,0.0,0.0,0.0,0.0,-2.156021027022742,1.0199706000001014,-2.3029399093311878e-14,-1.0714362987609415e-15,0.20152902334747194
6.39,zero_thrust,1.2528212566070135e-16,-5.57285238455242e-15,-1.0868019380877176e-15,1.0,0.0,0.0,0.0,1.0,2.5056425132141483e-16,-1.114570476910484e-14,-2.173603876175437e-15,0.0,0.0,0.0,4.695575090927453e-15,-1.464559227517029e-13,1.193211438696619e-14,0.0,0.0,0.0,0.0,0.0,0.0,0.0,0.0,0.0,0.0,0.0,0.0,0.0,-0.9710633069753355,1.0199706000001014,-2.371915644668889e-14,-1.0894921038905948e-15,0.23921669907961404
6.4,hover,1.48825736038012e-16,-6.304940893832555e-15,-1.0275977908507936e-15,1.0,0.0,0.0,0.0,1.0,2.9765147207603696e-16,-1.260988178766511e-14,-2.055195581701589e-15,0.0,0.0,0.0,4.697579691779687e-15,-1.4641543925831225e-13,1.1770364638233727e-14,-5.591387802547067e-18,1.7801203645596153e-16,-1.4095471574555338e-17,0.34127141999999994,0.34127141999999994,0.08531785499999917,0.08531785500000072,0.08531785500000198,0.08531785499999807,1686.3951197747142,1686.3951197747294,1686.395119774742,1686.3951197747033,0.29417046490480403,1.0199706000001014,-2.4416230974140832e-14,-1.1077030196169456e-15,0.27670243794658983
6.41,hover,1.721596627111027e-16,-7.035557659077918e-15,-9.81122658509124e-16,1.0,0.0,0.0,0.0,1.0,3.4431932542221923e-16,-1.4071115318155836e-14,-1.9622453170182505e-15,0.0,0.0,0.0,4.6032937453003746e-15,-1.4536212582106704e-13,6.545355680932361e-15,-5.524277604224895e-18,1.7820168158947792e-16,-7.890914382603022e-18,0.34127141999999994,0.34127141999999994,0.0853178549999989,0.08531785500000098,0.08531785500000172,0.08531785499999833,1686.3951197747115,1686.3951197747322,1686.3951197747394,1686.3951197747058,0.7971492727091581,1.0199706000001014,-2.511344658855273e-14,-1.1259166750298355e-15,0.3132202764976375
6.42,hover,1.9471408211312513e-16,-7.746761540516981e-15,-9.590000624646983e-16,1.0,0.0,0.0,0.0,1.0,3.894281642262651e-16,-1.5493523081033962e-14,-1.9180001249293997e-15,0.0,0.0,0.0,4.417867590866186e-15,-1.3865701902832988e-13,3.081160047451522e-15,-5.3459448948125294e-18,1.7154212362847658e-16,-3.76469122290053e-18,0.34127141999999994,0.34127141999999994,0.08531785499999878,0.08531785500000111,0.0853178550000015,0.08531785499999855,1686.3951197747103,1686.3951197747333,1686.3951197747372,1686.395119774708,1.3497935946484074,1.0199706000001014,-2.581152359848029e-14,-1.1441490690157361e-15,0.3488239853216908
6.43,hover,2.1988458610755065e-16,-8.52812302330955e-15,-9.441495036229828e-16,1.0,0.0,0.0,0.0,1.0,4.3976917221511742e-16,-1.70562460466191e-14,-1.8882990072459696e-15,0.0,0.0,0.0,4.015186779765882e-15,-1.2178462998692202e-13,1.9568381110265688e-15,-4.9028797892898235e-18,1.5251310307865634e-16,-2.4350732803008513e-18,0.34127141999999994,0.34127141999999994,0.08531785499999887,0.08531785500000101,0.08531785500000129,0.08531785499999875,1686.3951197747112,1686.3951197747324,1686.3951197747351,1686.39511977471,1.777709779189384,1.0199706000001014,-2.6513402472830613e-14,-1.1624751293878376e-15,0.38371773049522295
6.44,hover,2.3531222823596937e-16,-8.981456521316285e-15,-9.354259870708001e-16,1.0,0.0,0.0,0.0,1.0,4.706244564719555e-16,-1.796291304263257e-14,-1.8708519741416046e-15,0.0,0.0,0.0,3.742689535933842e-15,-1.0645931078143704e-13,2.443090536358301e-15,-4.613309992050715e-18,1.351873131398888e-16,-3.0430070960625144e-18,0.34127141999999994,0.34127141999999994,0.08531785499999904,0.08531785500000086,0.08531785500000119,0.08531785499999886,1686.3951197747128,1686.3951197747308,1686.3951197747342,1686.395119774711,2.110290750936182,1.0199706000001014,-2.7222803669618142e-14,-1.1809931459118523e-15,0.41812387687445596
6.45,hover,2.531332563861717e-16,-9.456273275471642e-15,-9.260513315105948e-16,1.0,0.0,0.0,0.0,1.0,5.062665127723609e-16,-1.8912546550943284e-14,-1.8521026630211943e-15,0.0,0.0,0.0,3.36931396983602e-15,-8.541606595650326e-14,1.1392114302817566e-15,-4.198952452431689e-18,1.107895800095333e-16,-1.489744283073479e-18,0.34127141999999994,0.34127141999999994,0.08531785499999917,0.08531785500000075,0.08531785500000093,0.0853178549999991,1686.3951197747142,1686.3951197747297,1686.3951197747315,1686.3951197747135,2.3700246985643374,1.0199706000001014,-2.7943120594837453e-14,-1.1998004219854505e-15,0.4522134817652248
6.457,attitude_only,2.7552718856522913e-16,-1.0000591374498841e-14,-9.170128963465271e-16,1.0,0.0,0.0,0.0,1.0,5.510543771304766e-16,-2.0001182748997683e-14,-1.83402579269306e-15,0.0,0.0,0.0,2.302388272928347e-15,-5.344847354485089e-14,1.3448373794554584e-15,-2.934758334052979e-18,7.28026084303644e-17,-1.2269056673537108e-19,0.034127142,0.034127142,0.008531785499999422,0.008531785500000532,0.008531785500000588,0.008531785499999457,533.2849613480403,533.284961348075,533.2849613480766,533.2849613480413,2.864309103507393,1.0199706000001014,-2.867712062283891e-14,-1.2189751343788437e-15,0.4861036088281848
6.47,attitude_only,2.7971659987244973e-16,-1.0098277455203486e-14,-9.145747499211744e-16,1.0,0.0,0.0,0.0,1.0,5.594331997449179e-16,-2.0196554910406972e-14,-1.8291494998423543e-15,0.0,0.0,0.0,1.9615721352732477e-15,-4.606296123707081e-14,1.1651790988633677e-15,-2.551279406625412e-18,6.453881215711022e-17,-1.2269056673537108e-19,0.034127142,0.034127142,0.00853178549999949,0.008531785500000472,0.00853178550000052,0.008531785499999518,533.2849613480423,533.284961348073,533.2849613480746,533.2849613480432,3.256205831505806,1.0199706000001014,-2.94269409062596e-14,-1.238573906290407e-15,0.5198701580326794
6.48,attitude_only,2.8755971533032173e-16,-1.0277281379867713e-14,-9.096649116168207e-16,1.0,0.0,0.0,0.0,1.0,5.751194306606622e-16,-2.0554562759735426e-14,-1.8193298232336473e-15,0.0,0.0,0.0,1.2483149204203935e-15,-2.753937692522481e-14,9.22052886197505e-16,-1.7078538980061919e-18,4.258590475214729e-17,-1.2269056673537108e-19,0.034127142,0.034127142,0.008531785499999665,0.008531785500000309,0.008531785500000345,0.00853178549999968,533.2849613480478,533.284961348068,533.284961348069,533.2849613480483,3.025878443226181,1.0199706000001014,-3.019377294924552e-14,-1.2586332959412545e-15,0.5535432602744024
6.49,attitude_only,2.920767009705136e-16,-1.0367638359781374e-14,-9.042018735491703e-16,1.0,0.0,0.0,0.0,1.0,5.841534019410459e-16,-2.0735276719562747e-14,-1.8084037470983464e-15,0.0,0.0,0.0,6.864489983477428e-16,-1.0775569034015924e-14,1.1316181969127674e-15,-1.0404792815024886e-18,2.2577090973036786e-17,-1.2269056673537108e-19,0.034127142,0.034127142,0.008531785499999823,0.00853178550000016,0.008531785500000187,0.00853178549999983,533.2849613480528,533.2849613480632,533.2849613480641,533.284961348053,3.0892690818444795,1.0199706000001014,-3.097493782043736e-14,-1.2790843441335283e-15,0.5869715766375784
6.5,attitude_only,2.945936142637739e-16,-1.0381714283713414e-14,-8.99347892100414e-16,1.0,0.0,0.0,0.0,1.0,5.891872285275664e-16,-2.0763428567426828e-14,-1.7986957842008344e-15,0.0,0.0,0.0,3.583125447601475e-16,3.182599455245979e-15,8.476114432366244e-16,-6.502986626449756e-19,5.7954627913700435e-18,-1.2269056673537108e-19,0.034127142,0.034127142,0.008531785499999955,0.008531785500000034,0.008531785500000055,0.008531785499999955,533.2849613480569,533.2849613480594,533.28496134806,533.2849613480569,3.131261397411592,1.0199706000001014,-3.176675523063414e-14,-1.2998320000911309e-15,0.619963883234381
6.51,attitude_only,2.9579697107567505e-16,-1.0334902137012866e-14,-8.937399957587844e-16,1.0,0.0,0.0,0.0,1.0,5.915939421513685e-16,-2.066980427402573e-14,-1.787479991517575e-15,0.0,0.0,0.0,1.704747972874484e-16,1.3977718432784003e-14,1.2260359895932444e-15,-4.265981136506111e-19,-7.298457166003422e-18,-1.2269056673537108e-19,0.034127142,0.034127142,0.008531785500000057,0.008531785499999936,0.008531785499999953,0.008531785500000054,533.28496134806,533.2849613480563,533.2849613480569,533.2849613480599,3.1535390140060557,1.0199706000001014,-3.256669007033454e-14,-1.320811217058876e-15,0.6523903780382194
6.52,attitude_only,2.9633184285754217e-16,-1.0241998348540876e-14,-8.875751169151461e-16,1.0,0.0,0.0,0.0,1.0,5.926636857151025e-16,-2.0483996697081752e-14,-1.7751502338302984e-15,0.0,0.0,0.0,5.125221484315686e-17,2.186829791551867e-14,1.2682884672852835e-15,-2.840435368658928e-19,-1.6985835524440206e-17,-1.2269056673537108e-19,0.034127142,0.034127142,0.008531785500000133,0.008531785499999863,0.008531785499999877,0.008531785500000128,533.2849613480624,533.284961348054,533.2849613480545,533.2849613480623,3.1582683149549236,1.0199706000001014,-3.3372996897554715e-14,-1.3419759902998404e-15,0.6841622332257227
6.53,attitude_only,2.9645287642301543e-16,-1.0117683656596957e-14,-8.820373519148211e-16,1.0,0.0,0.0,0.0,1.0,5.929057528460487e-16,-2.0235367313193915e-14,-1.7640747038296482e-15,0.0,0.0,0.0,3.419646096598177e-17,2.695266747239674e-14,9.624496807475837e-16,-2.639185968229426e-19,-2.335660566741787e-17,-1.2269056673537108e-19,0.034127142,0.034127142,0.008531785500000182,0.008531785499999812,0.008531785499999828,0.008531785500000177,533.284961348064,533.2849613480524,533.2849613480529,533.2849613480638,3.147724126569891,1.0199706000001014,-3.418446182521388e-14,-1.3632928807839558e-15,0.7152177069560196
6.54,attitude_only,2.968339110038199e-16,-9.974003430299448e-15,-8.780087489855759e-16,1.0,0.0,0.0,0.0,1.0,5.936678220076574e-16,-1.9948006860598896e-14,-1.7560174979711578e-15,0.0,0.0,0.0,1.1265520406367041e-16,2.985022753554805e-14,8.432497948261227e-16,-3.5919564058080565e-19,-2.7132180018554916e-17,-1.2269056673537108e-19,0.034127142,0.034127142,0.008531785500000211,0.008531785499999783,0.008531785499999799,0.008531785500000206,533.2849613480649,533.2849613480515,533.284961348052,533.2849613480647,3.1240896743020845,1.0199706000001014,-3.5000234832511127e-14,-1.384739776191844e-15,0.7455132256083302
6.55,attitude_only,2.975302558305007e-16,-9.821717466993744e-15,-8.738629664066504e-16,1.0,0.0,0.0,0.0,1.0,5.950605116610186e-16,-1.9643434933987487e-14,-1.7477259328133068e-15,0.0,0.0,0.0,1.410808119822965e-16,3.0680605509452614e-14,8.158070960548754e-16,-3.9471717820297985e-19,-2.8435439642334916e-17,-1.2269056673537108e-19,0.034127142,0.034127142,0.00853178550000022,0.008531785499999773,0.00853178549999979,0.008531785500000217,533.2849613480652,533.2849613480512,533.2849613480518,533.284961348065,3.089359028399957,1.0199706000001014,-3.581970666826063e-14,-1.4063013800138174e-15,0.775017590056244
6.5600000000000005,attitude_only,2.9833654536948713e-16,-9.669625537937251e-15,-8.695251493697679e-16,1.0,0.0,0.0,0.0,1.0,5.966730907389911e-16,-1.9339251075874502e-14,-1.7390502987395416e-15,0.0,0.0,0.0,1.8975062173651215e-16,3.000588910015812e-14,8.872727052594378e-16,-4.550184561254039e-19,-2.792583884218312e-17,-1.2269056673537108e-19,0.034127142,0.034127142,0.008531785500000217,0.008531785499999776,0.008531785499999793,0.008531785500000213,533.284961348065,533.2849613480513,533.2849613480519,533.2849613480649,3.0452986593950007,1.0199706000001014,-3.664244308621083e-14,-1.4279628154961723e-15,0.8037081618899952
6.57,attitude_only,2.993303755316696e-16,-9.523841148152951e-15,-8.650052057558064e-16,1.0,0.0,0.0,0.0,1.0,5.986607510633556e-16,-1.9047682296305902e-14,-1.7300104115116184e-15,0.0,0.0,0.0,2.0383621050240687e-16,2.8337923595794555e-14,9.722177906195947e-16,-4.739595247495016e-19,-2.6207659472904788e-17,-1.2269056673537108e-19,0.034127142,0.034127142,0.008531785500000203,0.00853178549999979,0.008531785499999807,0.0085317855000002,533.2849613480646,533.2849613480518,533.2849613480522,533.2849613480645,2.9934420263663446,1.0199706000001014,-3.746812051084696e-14,-1.4497147830696739e-15,0.8315683168325118
6.58,attitude_only,3.004498019760803e-16,-9.388593633008544e-15,-8.602432283238484e-16,1.0,0.0,0.0,0.0,1.0,6.008996039521768e-16,-1.877718726601709e-14,-1.7204864566477026e-15,0.0,0.0,0.0,2.3417944918810425e-16,2.590443641294866e-14,9.336687489414578e-16,-5.127132056642194e-19,-2.3546519217619192e-17,-1.2269056673537108e-19,0.034127142,0.034127142,0.008531785500000182,0.008531785499999809,0.008531785499999828,0.00853178550000018,533.284961348064,533.2849613480523,533.2849613480529,533.2849613480639,2.9351016519954594,1.0199706000001014,-3.8296492075959756e-14,-1.4715495953500447e-15,0.8585857183776328
6.59,attitude_only,3.0159496285090557e-16,-9.267140826028865e-15,-8.55343698874641e-16,1.0,0.0,0.0,0.0,1.0,6.03189925701827e-16,-1.853428165205773e-14,-1.7106873977492876e-15,0.0,0.0,0.0,2.3131270934184877e-16,2.2903997387772576e-14,9.742291053069764e-16,-5.115862449421313e-19,-2.017503236128561e-17,-1.2269056673537108e-19,0.034127142,0.034127142,0.008531785500000156,0.008531785499999835,0.008531785499999854,0.008531785500000154,533.2849613480631,533.2849613480531,533.2849613480537,533.2849613480631,2.8713895366023627,1.0199706000001014,-3.912737027983759e-14,-1.4934618124221768e-15,0.884751129127932
6.6,attitude_only,3.0269165509973183e-16,-9.161663276485848e-15,-8.518719862580174e-16,1.0,0.0,0.0,0.0,1.0,6.053833101994792e-16,-1.8323326552971696e-14,-1.7037439725160403e-15,0.0,0.0,0.0,1.841256752022213e-16,1.9592848773072722e-14,3.4912657668120837e-16,-4.568030607266005e-19,-1.639758251137651e-17,-1.2269056673537108e-19,0.034127142,0.034127142,0.008531785500000128,0.008531785499999864,0.008531785499999882,0.008531785500000125,533.2849613480623,533.284961348054,533.2849613480546,533.2849613480622,2.8032406383071256,1.0199706000001014,-3.9960611330906656e-14,-1.5154469966863075e-15,0.9100575795791932
6.61,attitude_only,3.031307003199614e-16,-9.072847918422492e-15,-8.508852678069757e-16,1.0,0.0,0.0,0.0,1.0,6.062614006399383e-16,-1.8145695836844984e-14,-1.701770535613957e-15,0.0,0.0,0.0,7.950980379938368e-18,1.631635058017617e-14,1.703718512086287e-16,-2.454729367436604e-19,-1.2628948185702421e-17,-1.2269056673537108e-19,0.034127142,0.034127142,0.0085317855000001,0.008531785499999896,0.00853178549999991,0.008531785500000093,533.2849613480614,533.284961348055,533.2849613480555,533.2849613480612,2.7314364809751224,1.0199706000001014,-4.079610052494895e-14,-1.5374999653708402e-15,0.9344997780956638
6.62,attitude_only,3.027240093134162e-16,-8.999397454817876e-15,-8.491226376292789e-16,1.0,0.0,0.0,0.0,1.0,6.054480186268476e-16,-1.799879490963575e-14,-1.6982452752585634e-15,0.0,0.0,0.0,-1.5087700476915817e-16,1.3414819910470043e-14,3.774411094926407e-16,-5.3370584517053014e-20,-9.281259581159767e-18,-1.2269056673537108e-19,0.034127142,0.034127142,0.008531785500000076,0.008531785499999923,0.008531785499999934,0.008531785500000066,533.2849613480606,533.2849613480558,533.2849613480562,533.2849613480603,2.656627346239486,1.0199706000001014,-4.163373933771312e-14,-1.559614774486672e-15,0.9580736861686326
6.63,attitude_only,3.015640490516996e-16,-8.939524512994113e-15,-8.466823123646801e-16,1.0,0.0,0.0,0.0,1.0,6.031280981034143e-16,-1.7879049025988227e-14,-1.6933646247293656e-15,0.0,0.0,0.0,-2.9109865977173287e-16,1.0829943969017627e-14,6.095095521544514e-16,1.1780638808375388e-19,-6.287707891107042e-18,-1.2269056673537108e-19,0.034127142,0.034127142,0.008531785500000054,0.008531785499999948,0.008531785499999956,0.008531785500000041,533.2849613480599,533.2849613480566,533.284961348057,533.2849613480596,2.579352327953687,1.0199706000001014,-4.24734413963158e-14,-1.581789805749007e-15,0.9807762087167391
6.64,attitude_only,2.9996949686855975e-16,-8.891930648686993e-15,-8.43538704130177e-16,1.0,0.0,0.0,0.0,1.0,5.999389937371345e-16,-1.7783861297373986e-14,-1.6870774082603592e-15,0.0,0.0,0.0,-3.2902546968332685e-16,8.47252401689158e-15,6.514197891388976e-16,1.6660881467449983e-19,-3.5435291887247e-18,-1.2269056673537108e-19,0.034127142,0.034127142,0.008531785500000033,0.008531785499999969,0.008531785499999977,0.00853178550000002,533.2849613480594,533.2849613480573,533.2849613480575,533.2849613480589,2.5000570016860646,1.0199706000001014,-4.331513861205488e-14,-1.60402454982976e-15,1.0026049656828944
6.65,attitude_only,2.9820939537608877e-16,-8.855850526126223e-15,-8.400998122982893e-16,1.0,0.0,0.0,0.0,1.0,5.964187907521924e-16,-1.7711701052252446e-14,-1.6801996245965839e-15,0.0,0.0,0.0,-3.562600520877243e-16,6.205006550526116e-15,7.000578687962745e-16,2.0285291408065428e-19,-8.845582945914087e-19,-1.2269056673537108e-19,0.034127142,0.034127142,0.008531785500000014,0.00853178549999999,0.008531785499999996,0.0085317855,533.2849613480587,533.284961348058,533.2849613480582,533.2849613480583,2.4191087259327944,1.0199706000001014,-4.4158779517646686e-14,-1.6263204193809602e-15,1.023558121912091
6.66,attitude_only,2.963290165539959e-16,-8.830543195202005e-15,-8.363896481152479e-16,1.0,0.0,0.0,0.0,1.0,5.926580331080066e-16,-1.766108639040401e-14,-1.6727792962305012e-15,0.0,0.0,0.0,-3.8369464607085953e-16,4.2079002534404776e-15,7.595710744307481e-16,2.3961137332112507e-19,1.469890259376953e-18,-1.2269056673537108e-19,0.034127142,0.034127142,0.008531785499999995,0.008531785500000008,0.008531785500000014,0.00853178549999998,533.2849613480581,533.2849613480586,533.2849613480587,533.2849613480577,2.3368097298195103,1.0199706000001014,-4.500432619927262e-14,-1.6486770011414263e-15,1.0436342593657562
6.67,attitude_only,2.943281594129956e-16,-8.81381924390744e-15,-8.337479089899532e-16,1.0,0.0,0.0,0.0,1.0,5.886563188260059e-16,-1.762763848781488e-14,-1.6674958179799116e-15,0.0,0.0,0.0,-3.8225182041656117e-16,2.7098969665070358e-15,2.325248454150793e-16,2.417025007401326e-19,3.240395234032013e-18,-1.2269056673537108e-19,0.034127142,0.034127142,0.008531785499999982,0.00853178550000002,0.008531785500000028,0.008531785499999969,533.2849613480578,533.2849613480589,533.2849613480591,533.2849613480573,2.2534082056667724,1.0199706000001014,-4.585174312320732e-14,-1.6710931739018856e-15,1.062832280456314
6.68,attitude_only,2.9261142765996716e-16,-8.803174551548705e-15,-8.325213572468845e-16,1.0,0.0,0.0,0.0,1.0,5.85222855319949e-16,-1.760634910309741e-14,-1.6650427144937742e-15,0.0,0.0,0.0,-3.290480838174042e-16,1.7444540327619665e-15,3.1393513690584394e-16,1.8114849765931818e-19,4.381482214198477e-18,-1.2269056673537108e-19,0.034127142,0.034127142,0.008531785499999972,0.00853178550000003,0.008531785500000038,0.00853178549999996,533.2849613480574,533.2849613480593,533.2849613480595,533.2849613480571,2.1691076453106444,1.0199706000001014,-4.670099380804923e-14,-1.6935695209837398e-15,1.0811513344951749
6.69,attitude_only,2.910873087109019e-16,-8.79591248092305e-15,-8.304140027001449e-16,1.0,0.0,0.0,0.0,1.0,5.821746174218184e-16,-1.75918249618461e-14,-1.660828005400295e-15,0.0,0.0,0.0,-2.856351597094489e-16,1.2826606810330034e-15,4.2191369100790787e-16,1.3190934032686652e-19,4.922807629462902e-18,-1.2269056673537108e-19,0.034127142,0.034127142,0.008531785499999969,0.008531785500000033,0.008531785500000041,0.008531785499999956,533.2849613480573,533.2849613480594,533.2849613480596,533.284961348057,2.0840746555519916,1.0199706000001014,-4.7552045413479475e-14,-1.716106609565039e-15,1.0985907614603483
6.7,attitude_only,2.8969074733818845e-16,-8.789750679367381e-15,-8.278002385000506e-16,1.0,0.0,0.0,0.0,1.0,5.793814946763915e-16,-1.7579501358734763e-14,-1.6556004770001064e-15,0.0,0.0,0.0,-2.6758075522962436e-16,1.250997053613597e-15,5.4319843247845e-16,1.1291986250337323e-19,4.948294011830054e-18,-1.2269056673537108e-19,0.034127142,0.034127142,0.008531785499999969,0.008531785500000033,0.008531785500000041,0.008531785499999956,533.2849613480573,533.2849613480594,533.2849613480596,533.284961348057,1.9984454720237173,1.0199706000001014,-4.8404869764812526e-14,-1.7387032077789314e-15,1.1151500488394541
6.71,attitude_only,2.8841926965715646e-16,-8.782676221122395e-15,-8.251267281736234e-16,1.0,0.0,0.0,0.0,1.0,5.768385393143274e-16,-1.756535244224479e-14,-1.6502534563472519e-15,0.0,0.0,0.0,-2.5262940513286615e-16,1.5961858484049153e-15,5.263490253286653e-16,9.750453643859202e-20,4.518105599596423e-18,-1.2269056673537108e-19,0.034127142,0.034127142,0.00853178549999997,0.008531785500000031,0.00853178550000004,0.00853178549999996,533.2849613480573,533.2849613480593,533.2849613480596,533.2849613480571,1.912331368935667,1.0199706000001014,-4.925944361333163e-14,-1.7613583949210855e-15,1.1308287984052898
6.72,attitude_only,2.872052255906164e-16,-8.773319997712383e-15,-8.222750255048633e-16,1.0,0.0,0.0,0.0,1.0,5.744104511812472e-16,-1.7546639995424765e-14,-1.6445500510097318e-15,0.0,0.0,0.0,-2.427556877064539e-16,2.1508908283494123e-15,5.875939416834948e-16,8.80836324039618e-20,3.830950715379532e-18,-1.2269056673537108e-19,0.034127142,0.034127142,0.008531785499999976,0.008531785500000024,0.008531785500000034,0.008531785499999965,533.2849613480575,533.284961348059,533.2849613480594,533.2849613480572,1.8258231385406747,1.0199706000001014,-5.0115748007818086e-14,-1.7840714647188937e-15,1.1456267005748966
6.73,attitude_only,2.859749025751525e-16,-8.760523565421979e-15,-8.192865136930763e-16,1.0,0.0,0.0,0.0,1.0,5.719498051503194e-16,-1.7521047130843958e-14,-1.6385730273861575e-15,0.0,0.0,0.0,-2.5817885978595314e-16,2.9183774448232947e-15,6.524497019562725e-16,1.091732274972206e-19,2.8807830011626384e-18,-1.2269056673537108e-19,0.034127142,0.034127142,0.008531785499999984,0.008531785500000017,0.008531785500000026,0.008531785499999972,533.2849613480578,533.2849613480588,533.2849613480591,533.2849613480574,1.7389947909841823,1.0199706000001014,-5.0973769008785234e-14,-1.806841755203361e-15,1.1595435145824784
6.74,attitude_only,2.845755036148449e-16,-8.74366410442131e-15,-8.160269480772201e-16,1.0,0.0,0.0,0.0,1.0,5.691510072297041e-16,-1.748732820884262e-14,-1.6320538961544451e-15,0.0,0.0,0.0,-2.874070534813978e-16,3.77190142132012e-15,6.513649277799857e-16,1.471211304665681e-19,1.8188352151532474e-18,-1.2269056673537108e-19,0.034127142,0.034127142,0.008531785499999993,0.00853178550000001,0.008531785500000017,0.008531785499999979,533.2849613480581,533.2849613480586,533.2849613480588,533.2849613480577,1.6519066036225991,1.0199706000001014,-5.183349443283361e-14,-1.8296679596650717e-15,1.172579053124242
6.75,attitude_only,2.8314220416696702e-16,-8.722076385776989e-15,-8.137907757606388e-16,1.0,0.0,0.0,0.0,1.0,5.662844083339482e-16,-1.7444152771553978e-14,-1.6275815515212826e-15,0.0,0.0,0.0,-2.653544662908327e-16,4.761281279833763e-15,1.338765790415124e-16,1.233115705007983e-19,5.839665721385398e-19,-1.2269056673537108e-19,0.034127142,0.034127142,0.008531785500000002,0.0085317855,0.008531785500000008,0.00853178549999999,533.2849613480583,533.2849613480583,533.2849613480586,533.284961348058,1.5646076294545095,1.0199706000001014,-5.269491512966937e-14,-1.8525493146868615e-15,1.1847331704520632
6.76,attitude_only,2.8212035738982307e-16,-8.695681195895546e-15,-8.129117266296415e-16,1.0,0.0,0.0,0.0,1.0,5.642407147796602e-16,-1.739136239179109e-14,-1.625823453259288e-15,0.0,0.0,0.0,-1.619778984403938e-16,5.6672293228179055e-15,2.2693491901964727e-16,8.794680646754897e-22,-5.598433726706094e-19,-1.2269056673537108e-19,0.034127142,0.034127142,0.008531785500000008,0.008531785499999991,0.0085317855,0.0085317855,533.2849613480586,533.284961348058,533.2849613480583,533.2849613480583,1.4771377571729425,1.0199706000001014,-5.3558021388317195e-14,-1.8754879484579134e-15,1.1960057531325297
6.77,attitude_only,2.815093032765072e-16,-8.665360565493741e-15,-8.118896961971737e-16,1.0,0.0,0.0,0.0,1.0,5.630186065530285e-16,-1.7330721130987482e-14,-1.6237793923943522e-15,0.0,0.0,0.0,-7.371212415618152e-17,6.3546918777835694e-15,1.865566645730368e-16,-1.0430233983481744e-19,-1.4483453574072395e-18,-1.2269056673537108e-19,0.034127142,0.034127142,0.008531785500000015,0.008531785499999982,0.008531785499999995,0.008531785500000007,533.2849613480588,533.2849613480578,533.2849613480581,533.2849613480586,1.389529400473913,1.0199706000001014,-5.4422810430547896e-14,-1.898485232732217e-15,1.2063967128693074
6.78,attitude_only,2.81308457453912e-16,-8.63221020773693e-15,-8.121727616444544e-16,1.0,0.0,0.0,0.0,1.0,5.62616914907838e-16,-1.726442041547386e-14,-1.6243455232889136e-15,0.0,0.0,0.0,-5.190512531049695e-17,6.817337484860507e-15,-3.032869803566424e-16,-1.299516871965339e-19,-2.0716934607481738e-18,-1.2269056673537108e-19,0.034127142,0.034127142,0.00853178550000002,0.008531785499999977,0.00853178549999999,0.008531785500000012,533.2849613480589,533.2849613480575,533.284961348058,533.2849613480587,1.3018088814901738,1.0199706000001014,-5.5289282721917853e-14,-1.9215411818450477e-15,1.2159059809248594
6.79,attitude_only,2.8090438662220774e-16,-8.597454020722059e-15,-8.147922273034968e-16,1.0,0.0,0.0,0.0,1.0,5.618087732444295e-16,-1.7194908041444118e-14,-1.6295844546069983e-15,0.0,0.0,0.0,-1.1779685540001143e-16,7.016774512815479e-15,-7.680381285830882e-16,-4.9703642535116464e-20,-2.3811856394222944e-18,-1.2269056673537108e-19,0.034127142,0.034127142,0.008531785500000022,0.008531785499999976,0.008531785499999988,0.008531785500000014,533.284961348059,533.2849613480575,533.2849613480579,533.2849613480587,1.2139975623578994,1.0199706000001014,-5.615743879412787e-14,-1.944653192212973e-15,1.224533503783148
6.8,attitude_only,2.797894010013439e-16,-8.56232894425812e-15,-8.200355829233996e-16,1.0,0.0,0.0,0.0,1.0,5.595788020027018e-16,-1.712465788851624e-14,-1.640071165846804e-15,0.0,0.0,0.0,-3.413918574901593e-16,7.00681894371694e-15,-1.2038883144836533e-15,2.2202427854796246e-19,-2.4393071459412144e-18,-1.2269056673537108e-19,0.034127142,0.034127142,0.008531785500000026,0.008531785499999977,0.008531785499999984,0.008531785500000012,533.2849613480591,533.2849613480575,533.2849613480578,533.2849613480587,1.12611276974412,1.0199706000001014,-5.702728070511569e-14,-1.967817489552418e-15,1.2322792397760378
6.8100000000000005,attitude_only,2.772354245288742e-16,-8.52780949858722e-15,-8.258019538177091e-16,1.0,0.0,0.0,0.0,1.0,5.544708490577625e-16,-1.705561899717444e-14,-1.651603907635423e-15,0.0,0.0,0.0,-6.2844585755113e-16,6.774121329329857e-15,-1.066478271522459e-15,5.727735371966389e-19,-2.227811221970018e-18,-1.2269056673537108e-19,0.034127142,0.034127142,0.008531785500000026,0.008531785499999982,0.008531785499999984,0.008531785500000007,533.2849613480591,533.2849613480578,533.2849613480578,533.2849613480586,1.0381685494452806,1.0199706000001014,-5.789880799843106e-14,-1.9910289426017612e-15,1.239143156458537
6.82,attitude_only,2.7348000942906533e-16,-8.495217724854415e-15,-8.305650332818287e-16,1.0,0.0,0.0,0.0,1.0,5.469600188581448e-16,-1.699043544970883e-14,-1.6611300665636622e-15,0.0,0.0,0.0,-8.347230778609336e-16,6.262673913149909e-15,-9.673494338942932e-16,8.286534323470124e-19,-1.6767010616855794e-18,-1.2269056673537108e-19,0.034127142,0.034127142,0.008531785500000024,0.008531785499999988,0.008531785499999986,0.008531785500000002,533.284961348059,533.2849613480579,533.2849613480579,533.2849613480583,0.9501762817097068,1.0199706000001014,-5.877202129560878e-14,-2.014285324679769e-15,1.2451252285662109
6.83,attitude_only,2.688076979953037e-16,-8.46565791817115e-15,-8.352526372924121e-16,1.0,0.0,0.0,0.0,1.0,5.376153959906215e-16,-1.69313158363423e-14,-1.6705052745848287e-15,0.0,0.0,0.0,-9.998053953034194e-16,5.651325078325768e-15,-9.219894327256039e-16,1.0367502672310294e-18,-9.995957106798666e-19,-1.2269056673537108e-19,0.034127142,0.034127142,0.00853178550000002,0.008531785499999995,0.00853178549999999,0.008531785499999995,533.2849613480589,533.2849613480581,533.284961348058,533.2849613480581,0.8621451825510072,1.0199706000001014,-5.964692328899752e-14,-2.0375886256689524e-15,1.2502254364253733
6.84,attitude_only,2.634145505947969e-16,-8.43847280601316e-15,-8.400413846508454e-16,1.0,0.0,0.0,0.0,1.0,5.26829101189608e-16,-1.687694561202632e-14,-1.6800827693016954e-15,0.0,0.0,0.0,-1.1341434608081232e-15,5.277483509506286e-15,-9.402894364700163e-16,1.2092973804447549e-18,-6.037606631915498e-19,-1.2269056673537108e-19,0.034127142,0.034127142,0.008531785500000019,0.0085317855,0.008531785499999991,0.00853178549999999,533.2849613480589,533.2849613480583,533.284961348058,533.284961348058,0.7740827118437901,1.0199706000001014,-6.052350965117075e-14,-2.0609394337505706e-15,1.2544437647155224
6.85,attitude_only,2.5741767264899805e-16,-8.412980082070992e-15,-8.443049772415842e-16,1.0,0.0,0.0,0.0,1.0,5.148353452980103e-16,-1.6825960164141985e-14,-1.6886099544831727e-15,0.0,0.0,0.0,-1.245250806235085e-15,4.960840050063564e-15,-7.954795824412799e-16,1.3550787030194597e-18,-2.73396912360918e-19,-1.2269056673537108e-19,0.034127142,0.034127142,0.008531785500000017,0.008531785500000003,0.008531785499999993,0.008531785499999986,533.2849613480588,533.2849613480585,533.2849613480581,533.2849613480579,0.6859949052821025,1.0199706000001014,-6.14017678305756e-14,-2.0843378835797327e-15,1.2577802015058759
6.86,attitude_only,2.5091884146953965e-16,-8.388859086367879e-15,-8.47952168670785e-16,1.0,0.0,0.0,0.0,1.0,5.018376829390935e-16,-1.6777718172735758e-14,-1.695904337341574e-15,0.0,0.0,0.0,-1.3279320114639658e-15,4.717417949881867e-15,-6.983469075740474e-16,1.467575469408757e-18,-2.846457164170415e-20,-1.2269056673537108e-19,0.034127142,0.034127142,0.008531785500000017,0.008531785500000005,0.008531785499999993,0.008531785499999984,533.2849613480588,533.2849613480585,533.2849613480581,533.2849613480578,0.5978866442129489,1.0199706000001014,-6.22816897999327e-14,-2.1077836039231203e-15,1.2602347375052392
6.87,attitude_only,2.4415229314487147e-16,-8.36585507975733e-15,-8.527297725354367e-16,1.0,0.0,0.0,0.0,1.0,4.883045862897572e-16,-1.673171015951466e-14,-1.7054595450708776e-15,0.0,0.0,0.0,-1.3401370779991173e-15,4.540811419717396e-15,-1.2587100549601831e-15,1.4956229200309299e-18,1.3805515035848751e-19,-1.2269056673537108e-19,0.034127142,0.034127142,0.008531785500000015,0.008531785500000007,0.008531785499999995,0.008531785499999982,533.2849613480588,533.2849613480586,533.2849613480581,533.2849613480578,0.5097618748241788,1.0199706000001014,-6.316326848964701e-14,-2.1312763130878237e-15,1.2618073654779303
6.88,attitude_only,2.377846470881853e-16,-8.343041355274787e-15,-8.608731515223773e-16,1.0,0.0,0.0,0.0,1.0,4.75569294176385e-16,-1.6686082710549574e-14,-1.7217463030447584e-15,0.0,0.0,0.0,-1.2003384352803327e-15,4.612527386973644e-15,-1.955062108426216e-15,1.3398679331211915e-18,5.870715781254774e-21,-1.2269056673537108e-19,0.034127142,0.034127142,0.008531785500000015,0.008531785500000005,0.008531785499999995,0.008531785499999984,533.2849613480588,533.2849613480585,533.2849613480581,533.2849613480578,0.42162378608035556,1.0199706000001014,-6.404649606597716e-14,-2.154817625422502e-15,1.2624980797889809
6.89,attitude_only,2.326651392355897e-16,-8.319332939737175e-15,-8.723911938639052e-16,1.0,0.0,0.0,0.0,1.0,4.653302784711939e-16,-1.663866587947435e-14,-1.7447823877278144e-15,0.0,0.0,0.0,-8.667889419989723e-16,4.871829539347201e-15,-2.571283622536715e-15,9.482764306035484e-19,-3.5401016246048496e-19,-1.2269056673537108e-19,0.034127142,0.034127142,0.008531785500000015,0.0085317855,0.008531785499999995,0.00853178549999999,533.2849613480588,533.2849613480583,533.2849613480581,533.284961348058,0.33347495408439654,1.0199706000001014,-6.493135962814545e-14,-2.178411834762352e-15,1.2623068760499865
6.9,attitude_only,2.2931768695136846e-16,-8.294058855191135e-15,-8.849104820783262e-16,1.0,0.0,0.0,0.0,1.0,4.586353739027516e-16,-1.658811771038227e-14,-1.769820964156656e-15,0.0,0.0,0.0,-5.156632260687359e-16,5.1787017014587474e-15,-2.3357160891606184e-15,5.320822037479526e-19,-7.740437740089321e-19,-1.2269056673537108e-19,0.034127142,0.034127142,0.008531785500000015,0.008531785499999993,0.008531785499999995,0.008531785499999996,533.2849613480588,533.2849613480581,533.2849613480581,533.2849613480582,0.2453174591342629,1.0199706000001014,-6.581784819240579e-14,-2.202063442663802e-15,1.2612337508433238
6.91,attitude_only,2.2745699529468826e-16,-8.267544328271602e-15,-8.958586942212244e-16,1.0,0.0,0.0,0.0,1.0,4.549139905893913e-16,-1.6535088656543204e-14,-1.791717388442453e-15,0.0,0.0,0.0,-2.76417084758134e-16,5.376543926398524e-15,-2.0491397896261344e-15,2.4775100502281165e-19,-1.0652198832006471e-18,-1.2269056673537108e-19,0.034127142,0.034127142,0.008531785500000015,0.008531785499999988,0.008531785499999995,0.008531785500000002,533.2849613480588,533.2849613480579,533.2849613480581,533.2849613480583,0.15715298058865435,1.0199706000001014,-6.670595573697387e-14,-2.22577218618729e-15,1.2592787015073859
6.92,attitude_only,2.265737144792018e-16,-8.24034082326533e-15,-9.057873150614731e-16,1.0,0.0,0.0,0.0,1.0,4.531474289584185e-16,-1.648068164653066e-14,-1.81157463012295e-15,0.0,0.0,0.0,-1.0316720015475804e-16,5.5014128905660904e-15,-1.936304299555551e-15,4.0882815500308036e-20,-1.2700767691073868e-18,-1.2269056673537108e-19,0.034127142,0.034127142,0.008531785500000015,0.008531785499999986,0.008531785499999995,0.008531785500000003,533.2849613480588,533.2849613480579,533.2849613480581,533.2849613480585,0.06898287370994088,1.0199706000001014,-6.759568103437493e-14,-2.249534081445893e-15,1.2564417259693368
6.93,attitude_only,2.263453868616578e-16,-8.212508685935177e-15,-9.152991069749224e-16,1.0,0.0,0.0,0.0,1.0,4.526907737233306e-16,-1.6425017371870353e-14,-1.8305982139498484e-15,0.0,0.0,0.0,-4.740957362069939e-18,5.611594470042918e-15,-1.8726697500150485e-15,-7.718126627729698e-20,-1.4584106091800088e-18,-1.2269056673537108e-19,0.034127142,0.034127142,0.008531785500000015,0.008531785499999982,0.008531785499999995,0.008531785500000007,533.2849613480588,533.2849613480578,533.2849613480581,533.2849613480586,-0.019191768121466737,1.0199706000001014,-6.848702105136346e-14,-2.2733462506907456e-15,1.252722822614866
6.94,attitude_only,2.2653290295303806e-16,-8.18426811010956e-15,-9.251513464219062e-16,1.0,0.0,0.0,0.0,1.0,4.530658059060913e-16,-1.636853622021912e-14,-1.850302692843816e-15,0.0,0.0,0.0,4.2926386701151634e-17,5.6515473615916245e-15,-2.2361984312596576e-15,-1.3481134302017438e-19,-1.5628695526543768e-18,-1.2269056673537108e-19,0.034127142,0.034127142,0.008531785500000015,0.008531785499999982,0.008531785499999995,0.008531785500000008,533.2849613480588,533.2849613480578,533.2849613480581,533.2849613480586,-0.10737006305937852,1.0199706000001014,-6.937997070290722e-14,-2.297206432176353e-15,1.2481219901867557
6.95,attitude_only,2.264701643517879e-16,-8.156351080033524e-15,-9.380667610427184e-16,1.0,0.0,0.0,0.0,1.0,4.529403287035911e-16,-1.6312702160067048e-14,-1.8761335220854403e-15,0.0,0.0,0.0,-8.520139434501343e-17,5.497274364065084e-15,-2.9409241992648863e-15,1.9794008178673782e-20,-1.4327146992631777e-18,-1.2269056673537108e-19,0.034127142,0.034127142,0.008531785500000015,0.008531785499999984,0.008531785499999995,0.008531785500000005,533.2849613480588,533.2849613480578,533.2849613480581,533.2849613480585,-0.19555130006482047,1.0199706000001014,-7.027452756340008e-14,-2.3211121748731077e-15,1.24263922770589
6.96,attitude_only,2.25255196336774e-16,-8.129716330818053e-15,-9.543522852490112e-16,1.0,0.0,0.0,0.0,1.0,4.505103926735635e-16,-1.6259432661636107e-14,-1.908704570498026e-15,0.0,0.0,0.0,-3.8924957156036016e-16,5.166614136113729e-15,-3.4871359716795965e-15,3.8854431655269334e-19,-1.0875885670826873e-18,-1.2269056673537108e-19,0.034127142,0.034127142,0.008531785500000015,0.00853178549999999,0.008531785499999993,0.0085317855,533.2849613480588,533.284961348058,533.2849613480581,533.2849613480583,-0.28373490597492934,1.0199706000001014,-7.117069259051783e-14,-2.3450574595983092e-15,1.236274534409736
6.97,attitude_only,2.223489179299618e-16,-8.10483812168268e-15,-9.718596142688844e-16,1.0,0.0,0.0,0.0,1.0,4.446978358599393e-16,-1.620967624336536e-14,-1.9437192285377723e-15,0.0,0.0,0.0,-7.289677180612628e-16,4.8318707301245864e-15,-3.40478304365994e-15,8.03495769534389e-19,-7.3421518719696235e-19,-1.2269056673537108e-19,0.034127142,0.034127142,0.008531785500000017,0.008531785499999995,0.008531785499999993,0.008531785499999995,533.2849613480588,533.2849613480581,533.2849613480581,533.2849613480581,-0.3719204188859958,1.0199706000001014,-7.206846608433149e-14,-2.3690364871238484e-15,1.2290279097044334
6.98,attitude_only,2.1797021779746646e-16,-8.08135125671463e-15,-9.879565839014193e-16,1.0,0.0,0.0,0.0,1.0,4.359404355949489e-16,-1.616270251342926e-14,-1.975913167802842e-15,0.0,0.0,0.0,-9.840046933176695e-16,4.5917265775104654e-15,-3.198113969291951e-15,1.1193801867752542e-18,-4.919594698351237e-19,-1.2269056673537108e-19,0.034127142,0.034127142,0.008531785500000017,0.0085317855,0.008531785499999993,0.00853178549999999,533.2849613480588,533.2849613480583,533.2849613480581,533.284961348058,-0.4601074666477335,1.0199706000001014,-7.296784306889305e-14,-2.3930478783508694e-15,1.2208993531274868
6.99,attitude_only,2.1244226705919174e-16,-8.059024129056528e-15,-1.0042259644525894e-15,1.0,0.0,0.0,0.0,1.0,4.2488453411839966e-16,-1.6118048258113057e-14,-2.0084519289051823e-15,0.0,0.0,0.0,-1.2049390162174599e-15,4.3634510167993296e-15,-3.2656469410942636e-15,1.396550764417177e-18,-2.6166330714975296e-19,-1.2269056673537108e-19,0.034127142,0.034127142,0.008531785500000017,0.008531785500000003,0.008531785499999993,0.008531785499999986,533.2849613480588,533.2849613480585,533.2849613480581,533.2849613480579,-0.5482957494938474,1.0199706000001014,-7.386881582832125e-14,-2.4170936735937585e-15,1.2118888643187031
7.0,attitude_only,2.0591159048013069e-16,-8.037774354153848e-15,-1.0202146923375994e-15,1.0,0.0,0.0,0.0,1.0,4.118231809602778e-16,-1.6075548708307695e-14,-2.040429384675202e-15,0.0,0.0,0.0,-1.3754573405931435e-15,4.1625597174178685e-15,-3.1693062572453294e-15,1.6149273270739285e-18,-6.221934506617753e-20,-1.2269056673537108e-19,0.034127142,0.034127142,0.008531785500000017,0.008531785500000007,0.008531785499999993,0.008531785499999982,533.2849613480588,533.2849613480586,533.2849613480581,533.2849613480578,-0.636485026017842,1.0199706000001014,-7.47713792868855e-14,-2.4411740866442684e-15,1.2019964429975651
7.01,attitude_only,1.9881288547402656e-16,-8.017284770171517e-15,-1.0371621176382704e-15,1.0,0.0,0.0,0.0,1.0,3.9762577094806974e-16,-1.6034569540343034e-14,-2.074324235276544e-15,0.0,0.0,0.0,-1.430759909649969e-15,4.069036162165743e-15,-3.6490304885250044e-15,1.6955980090386187e-18,9.318559614716115e-21,-1.2269056673537108e-19,0.034127142,0.034127142,0.008531785500000017,0.008531785500000008,0.008531785499999991,0.00853178549999998,533.2849613480588,533.2849613480586,533.284961348058,533.2849613480577,-0.7246751018534611,1.0199706000001014,-7.567552805355979e-14,-2.4652898436245653e-15,1.191222088945606
7.02,attitude_only,1.9187219786962152e-16,-7.996790963177959e-15,-1.0570400226067858e-15,1.0,0.0,0.0,0.0,1.0,3.8374439573925994e-16,-1.5993581926355917e-14,-2.114080045213575e-15,0.0,0.0,0.0,-1.3458751263915534e-15,4.138955097054074e-15,-4.1046771236941386e-15,1.607195020392435e-18,-1.159737132218202e-19,-1.2269056673537108e-19,0.034127142,0.034127142,0.008531785500000019,0.008531785500000007,0.008531785499999991,0.008531785499999982,533.2849613480589,533.2849613480586,533.284961348058,533.2849613480578,-0.812865820541209,1.0199706000001014,-7.658125412944178e-14,-2.489443762208914e-15,1.1795658019926842
7.03,attitude_only,1.8555157642146108e-16,-7.9756209005256e-15,-1.0791247858517404e-15,1.0,0.0,0.0,0.0,1.0,3.7110315284293936e-16,-1.59512418010512e-14,-2.158249571703484e-15,0.0,0.0,0.0,-1.1881184350970251e-15,4.336848206608797e-15,-4.7320642800073355e-15,1.4297681751899723e-18,-3.968139267535795e-19,-1.2269056673537108e-19,0.034127142,0.034127142,0.008531785500000019,0.008531785500000003,0.008531785499999991,0.008531785499999986,533.2849613480589,533.2849613480585,533.284961348058,533.2849613480579,-0.9010570561608112,1.0199706000001014,-7.748854822314461e-14,-2.5136389104818616e-15,1.1670275820062923
7.04,attitude_only,1.8029709227773826e-16,-7.953124972516199e-15,-1.1032861075317668e-15,1.0,0.0,0.0,0.0,1.0,3.605941845554941e-16,-1.5906249945032398e-14,-2.2065722150635363e-15,0.0,0.0,0.0,-9.431977615970138e-16,4.62299707282674e-15,-4.747381789792684e-15,1.1452953446059286e-18,-7.864225369433774e-19,-1.2269056673537108e-19,0.034127142,0.034127142,0.00853178550000002,0.008531785499999998,0.00853178549999999,0.008531785499999991,533.2849613480589,533.2849613480582,533.284961348058,533.284961348058,-0.9892487073897864,1.0199706000001014,-7.839740139575566e-14,-2.537876942647388e-15,1.1536074288832345
7.05,attitude_only,1.762578982244713e-16,-7.929396035989843e-15,-1.126390224044813e-15,1.0,0.0,0.0,0.0,1.0,3.5251579644896046e-16,-1.5858792071979687e-14,-2.2527804480896288e-15,0.0,0.0,0.0,-6.965679357193415e-16,4.8463850676647204e-15,-4.6426971396652374e-15,8.563052329099151e-19,-1.1029519814255995e-18,-1.2269056673537108e-19,0.034127142,0.034127142,0.00853178550000002,0.008531785499999993,0.00853178549999999,0.008531785499999996,533.2849613480589,533.2849613480581,533.284961348058,533.2849613480582,-1.0774406927136888,1.0199706000001014,-7.930780719603635e-14,-2.5621590686934684e-15,1.1393053425431419
7.06,attitude_only,1.7340836827617843e-16,-7.904691220802353e-15,-1.1495662382635593e-15,1.0,0.0,0.0,0.0,1.0,3.4681673655237505e-16,-1.5809382441604706e-14,-2.2991324765271214e-15,0.0,0.0,0.0,-4.688526935049985e-16,5.011407675842775e-15,-4.664835918837911e-15,5.877354691877534e-19,-1.3510931879976917e-18,-1.2269056673537108e-19,0.034127142,0.034127142,0.00853178550000002,0.00853178549999999,0.00853178549999999,0.0085317855,533.2849613480589,533.284961348058,533.284961348058,533.2849613480583,-1.1656329465653563,1.0199706000001014,-8.021976289392944e-14,-2.586484697284836e-15,1.124121322923422
7.07,attitude_only,1.7162759586116487e-16,-7.879101693379323e-15,-1.1727339593688962e-15,1.0,0.0,0.0,0.0,1.0,3.4325519172234822e-16,-1.5758203386758647e-14,-2.345467918737795e-15,0.0,0.0,0.0,-2.670137504804007e-16,5.206839284921795e-15,-4.597171064249875e-15,3.481988750630403e-19,-1.6376795117417371e-18,-1.2269056673537108e-19,0.034127142,0.034127142,0.00853178550000002,0.008531785499999984,0.00853178549999999,0.008531785500000005,533.2849613480589,533.2849613480578,533.284961348058,533.2849613480585,-1.253825416214154,1.0199706000001014,-8.113326538981539e-14,-2.6108524409771365e-15,1.1080553699753288
7.08,attitude_only,1.7058736953376805e-16,-7.852788696058148e-15,-1.1962965394752745e-15,1.0,0.0,0.0,0.0,1.0,3.411747390675549e-16,-1.5705577392116296e-14,-2.392593078950552e-15,0.0,0.0,0.0,-1.7974907866835007e-16,5.276983268470696e-15,-5.019320268460371e-15,2.45278759675263e-19,-1.774622124685125e-18,-1.2269056673537108e-19,0.034127142,0.034127142,0.00853178550000002,0.008531785499999982,0.00853178549999999,0.008531785500000007,533.2849613480589,533.2849613480578,533.284961348058,533.2849613480586,-1.3420180592599027,1.0199706000001014,-8.204830931615525e-14,-2.6352606556955923e-15,1.0911074836608987
7.09,attitude_only,1.695156860881615e-16,-7.826687459214378e-15,-1.2234360849253285e-15,1.0,0.0,0.0,0.0,1.0,3.390313721763421e-16,-1.5653374918428756e-14,-2.44687216985066e-15,0.0,0.0,0.0,-2.7859352954821617e-16,5.1468991057491885e-15,-5.640363180542941e-15,3.666780360265844e-19,-1.6699901204768071e-18,-1.2269056673537108e-19,0.034127142,0.034127142,0.00853178550000002,0.008531785499999984,0.00853178549999999,0.008531785500000005,533.2849613480589,533.2849613480578,533.284961348058,533.2849613480585,-1.4302108416145949,1.0199706000001014,-8.29648940138509e-14,-2.659705267136561e-15,1.0732776639505655
7.1,attitude_only,1.675207266028363e-16,-7.801664250411871e-15,-1.2528906093815102e-15,1.0,0.0,0.0,0.0,1.0,3.350414532056922e-16,-1.5603328500823743e-14,-2.505781218763023e-15,0.0,0.0,0.0,-5.156825574369394e-16,4.8637537258964705e-15,-6.080814171450491e-15,6.563416950674216e-19,-1.3788532019125088e-18,-1.2269056673537108e-19,0.034127142,0.034127142,0.00853178550000002,0.00853178549999999,0.00853178549999999,0.0085317855,533.2849613480589,533.284961348058,533.284961348058,533.2849613480583,-1.5184037358769327,1.0199706000001014,-8.38830210433439e-14,-2.684179649893506e-15,1.054565910821303
7.11,attitude_only,1.6405461298742503e-16,-7.778272323807124e-15,-1.2837793275766227e-15,1.0,0.0,0.0,0.0,1.0,3.2810922597487003e-16,-1.555654464761425e-14,-2.5675586551532478e-15,0.0,0.0,0.0,-8.349054943400499e-16,4.539400662110654e-15,-6.101968324857752e-15,1.0477582742945552e-18,-1.0350235319906397e-18,-1.2269056673537108e-19,0.034127142,0.034127142,0.00853178550000002,0.008531785499999995,0.00853178549999999,0.008531785499999995,533.2849613480589,533.2849613480581,533.284961348058,533.2849613480581,-1.6065967200240465,1.0199706000001014,-8.480269059731028e-14,-2.7086785487175795e-15,1.0349722242551784
7.12,attitude_only,1.5916318701412523e-16,-7.756266272351812e-15,-1.3135664615164437e-15,1.0,0.0,0.0,0.0,1.0,3.1832637402827083e-16,-1.5512532544703624e-14,-2.6271329230328898e-15,0.0,0.0,0.0,-1.088181048876416e-15,4.283503555642321e-15,-5.859294458114458e-15,1.3625707502269585e-18,-7.707820397850612e-19,-1.2269056673537108e-19,0.034127142,0.034127142,0.00853178550000002,0.0085317855,0.008531785499999988,0.00853178549999999,533.2849613480589,533.2849613480583,533.2849613480579,533.284961348058,-1.694789776358268,1.0199706000001014,-8.57238989386696e-14,-2.733199212913776e-15,1.0144966042382255
7.13,attitude_only,1.530745764936411e-16,-7.735544561432634e-15,-1.3425205542493956e-15,1.0,0.0,0.0,0.0,1.0,3.0614915298730296e-16,-1.5471089122865268e-14,-2.6850411084987935e-15,0.0,0.0,0.0,-1.3024841170204574e-15,4.0507883503824445e-15,-5.655670509991552e-15,1.6327592731700124e-18,-5.320316769770329e-19,-1.2269056673537108e-19,0.034127142,0.034127142,0.008531785500000022,0.008531785500000003,0.008531785499999988,0.008531785499999986,533.284961348059,533.2849613480585,533.2849613480579,533.2849613480579,-1.7829828906597787,1.0199706000001014,-8.664663979217399e-14,-2.7577426837875764e-15,0.9931390507595678
7.14,attitude_only,1.4627678535821352e-16,-7.715653676913097e-15,-1.3702171422071442e-15,1.0,0.0,0.0,0.0,1.0,2.925535707164482e-16,-1.5431307353826193e-14,-2.7404342844142908e-15,0.0,0.0,0.0,-1.397827743798925e-15,3.940846630872874e-15,-5.262034754678075e-15,1.7611499027421622e-18,-4.395100798742763e-19,-1.2269056673537108e-19,0.034127142,0.034127142,0.008531785500000022,0.008531785500000005,0.008531785499999988,0.008531785499999984,533.284961348059,533.2849613480585,533.2849613480579,533.2849613480578,-1.8711760515045024,1.0199706000001014,-8.757090762527291e-14,-2.7823097472528724e-15,0.9708995638107343
7.15,attitude_only,1.3918953582135412e-16,-7.695999043260604e-15,-1.39773838111941e-15,1.0,0.0,0.0,0.0,1.0,2.7837907164272974e-16,-1.5391998086521208e-14,-2.795476762238822e-15,0.0,0.0,0.0,-1.409755782978777e-15,3.946376656535733e-15,-5.702932383771812e-15,1.7895611075877737e-18,-4.856098772350667e-19,-1.2269056673537108e-19,0.034127142,0.034127142,0.008531785500000022,0.008531785500000005,0.008531785499999988,0.008531785499999984,533.284961348059,533.2849613480585,533.2849613480579,533.2849613480578,-1.9593692497157353,1.0199706000001014,-8.849669450122925e-14,-2.8069028299468854e-15,0.9477781433851281
7.16,attitude_only,1.3248906854906725e-16,-7.67588600568764e-15,-1.4282599063123633e-15,1.0,0.0,0.0,0.0,1.0,2.6497813709815643e-16,-1.535177201137528e-14,-2.8565198126247285e-15,0.0,0.0,0.0,-1.2684112582311165e-15,4.099687298538881e-15,-6.3422161793319735e-15,1.6326317904728918e-18,-7.105795206242329e-19,-1.2269056673537108e-19,0.034127142,0.034127142,0.008531785500000022,0.008531785500000002,0.008531785499999988,0.008531785499999988,533.284961348059,533.2849613480583,533.2849613480579,533.2849613480579,-2.0475624779229333,1.0199706000001014,-8.942399196952e-14,-2.831523926563185e-15,0.9237747894776114
7.17,attitude_only,1.268854742010943e-16,-7.654636629988816e-15,-1.4602822953459703e-15,1.0,0.0,0.0,0.0,1.0,2.5377094840221095e-16,-1.5309273259977632e-14,-2.9205645906919425e-15,0.0,0.0,0.0,-1.002943644802286e-15,4.3622370026210955e-15,-6.362071037423777e-15,1.3241000908063178e-18,-1.0692615355490996e-18,-1.2269056673537108e-19,0.034127142,0.034127142,0.008531785500000024,0.008531785499999996,0.008531785499999986,0.008531785499999993,533.284961348059,533.2849613480582,533.2849613480579,533.2849613480581,-2.135755730206893,1.0199706000001014,-9.035279123598353e-14,-2.8561770094457053e-15,0.8988895020841824
7.18,attitude_only,1.2250332236449215e-16,-7.63230569359788e-15,-1.4918688316715368e-15,1.0,0.0,0.0,0.0,1.0,2.4500664472900707e-16,-1.526461138719576e-14,-2.9837376633430756e-15,0.0,0.0,0.0,-7.731318272337822e-16,4.5579168526195005e-15,-6.2109467395378e-15,1.056057227996451e-18,-1.3496565240733796e-18,-1.2269056673537108e-19,0.034127142,0.034127142,0.008531785500000024,0.008531785499999993,0.008531785499999986,0.008531785499999996,533.284961348059,533.2849613480581,533.2849613480579,533.2849613480582,-2.2239490018146695,1.0199706000001014,-9.128308538122126e-14,-2.880864291825616e-15,0.8731222812017252
7.19,attitude_only,1.1909664278405934e-16,-7.608967722944448e-15,-1.5228424000095589e-15,1.0,0.0,0.0,0.0,1.0,2.3819328556814185e-16,-1.5217935445888897e-14,-3.0456848000191198e-15,0.0,0.0,0.0,-6.1036664103254e-16,4.756944967528446e-15,-6.178271490080863e-15,8.668426709652862e-19,-1.6360597116394022e-18,-1.2269056673537108e-19,0.034127142,0.034127142,0.008531785500000024,0.00853178549999999,0.008531785499999986,0.0085317855,533.284961348059,533.284961348058,533.2849613480579,533.2849613480583,-2.3121422889299943,1.0199706000001014,-9.221487182110241e-14,-2.9055837475435596e-15,0.8464731268278128
7.2,attitude_only,1.1639311594885544e-16,-7.584799271163494e-15,-1.553488068818406e-15,1.0,0.0,0.0,0.0,1.0,2.3278623189773445e-16,-1.5169598542326988e-14,-3.1069761376368135e-15,0.0,0.0,0.0,-4.833789958946412e-16,4.891415466711248e-15,-6.052747372580859e-15,7.1929128675875395e-19,-1.846338465325875e-18,-1.2269056673537108e-19,0.034127142,0.034127142,0.008531785500000024,0.008531785499999986,0.008531785499999986,0.008531785500000003,533.284961348059,533.2849613480579,533.2849613480579,533.2849613480585,-2.4003355884891584,1.0199706000001014,-9.314814617109414e-14,-2.9303326415226486e-15,0.8189420389605553
7.21,attitude_only,1.1426376118557456e-16,-7.560103667595292e-15,-1.5830237434660649e-15,1.0,0.0,0.0,0.0,1.0,2.2852752237117304e-16,-1.5120207335190583e-14,-3.1660474869321313e-15,0.0,0.0,0.0,-3.9793803451164956e-16,4.961342162742483e-15,-5.7486310398532e-15,6.207415134442805e-19,-1.9798639221907805e-18,-1.2269056673537108e-19,0.034127142,0.034127142,0.008531785500000024,0.008531785499999984,0.008531785499999984,0.008531785500000005,533.284961348059,533.2849613480578,533.2849613480578,533.2849613480585,-2.4885288980327847,1.0199706000001014,-9.408290582314724e-14,-2.9551091202762186e-15,0.7905290175984805
7.22,attitude_only,1.1245774870654103e-16,-7.53520210673744e-15,-1.6118531800019934e-15,1.0,0.0,0.0,0.0,1.0,2.2491549741310637e-16,-1.507040421347488e-14,-3.2237063600039884e-15,0.0,0.0,0.0,-3.296030316371194e-16,4.947946176595276e-15,-5.780605888102372e-15,5.420355403112154e-19,-2.013268200580084e-18,-1.2269056673537108e-19,0.034127142,0.034127142,0.008531785500000024,0.008531785499999984,0.008531785499999986,0.008531785500000007,533.284961348059,533.2849613480578,533.2849613480579,533.2849613480586,-2.576722215587018,1.0199706000001014,-9.501914807107388e-14,-2.97991106589924e-15,0.7612340627404416
7.23,attitude_only,1.10831069934441e-16,-7.511263433708015e-15,-1.641975983916083e-15,1.0,0.0,0.0,0.0,1.0,2.2166213986890667e-16,-1.502252686741603e-14,-3.2839519678321677e-15,0.0,0.0,0.0,-3.376050188114076e-16,4.64376195153587e-15,-6.33157819856418e-15,5.550139751084755e-19,-1.6946847500241597e-18,-1.2269056673537108e-19,0.034127142,0.034127142,0.008531785500000022,0.008531785499999986,0.008531785499999988,0.008531785500000003,533.284961348059,533.2849613480579,533.2849613480579,533.2849613480585,-2.6649155395675335,1.0199706000001014,-9.595687240012892e-14,-3.0047373282308383e-15,0.7310571743855463
7.24,attitude_only,1.0891758907582845e-16,-7.488935527627617e-15,-1.6742240037193733e-15,1.0,0.0,0.0,0.0,1.0,2.1783517815168197e-16,-1.4977871055255233e-14,-3.3484480074387483e-15,0.0,0.0,0.0,-4.286323503919338e-16,4.314647819063339e-15,-6.4267414366830455e-15,6.685330965090262e-19,-1.3428942692477548e-18,-1.2269056673537108e-19,0.034127142,0.034127142,0.00853178550000002,0.00853178549999999,0.00853178549999999,0.0085317855,533.2849613480589,533.284961348058,533.284961348058,533.2849613480583,-2.7531088687029848,1.0199706000001014,-9.6896082347877e-14,-3.029585222342494e-15,0.699998352533099
7.25,attitude_only,1.0663074495758827e-16,-7.468243885444272e-15,-1.706377088675254e-15,1.0,0.0,0.0,0.0,1.0,2.1326148991520203e-16,-1.4936487770888545e-14,-3.4127541773505094e-15,0.0,0.0,0.0,-4.702942113219306e-16,4.0026616510019574e-15,-6.439714089095255e-15,7.232302717382416e-19,-1.0085374840841148e-18,-1.2269056673537108e-19,0.034127142,0.034127142,0.008531785500000019,0.008531785499999993,0.008531785499999991,0.008531785499999996,533.2849613480589,533.2849613480581,533.284961348058,533.2849613480582,-2.8413022019731575,1.0199706000001014,-9.783677487922503e-14,-3.0544516931345588e-15,0.6680575971825584
7.26,attitude_only,1.0405073857676157e-16,-7.448971174783703e-15,-1.738052312063652e-15,1.0,0.0,0.0,0.0,1.0,2.0810147715354903e-16,-1.4897942349567406e-14,-3.4761046241273054e-15,0.0,0.0,0.0,-5.458041115737062e-16,3.754353702953743e-15,-6.29135079400655e-15,8.193001931561092e-19,-7.481114834557946e-19,-1.2269056673537108e-19,0.034127142,0.034127142,0.008531785500000017,0.008531785499999995,0.008531785499999993,0.008531785499999995,533.2849613480588,533.2849613480581,533.2849613480581,533.2849613480581,-3.0024348471131415,1.0199706000001014,-9.87789449229821e-14,-3.0793373481300144e-15,0.6352349083335027
7.27,attitude_only,1.0116615977666638e-16,-7.430785012664843e-15,-1.7692895815406547e-15,1.0,0.0,0.0,0.0,1.0,2.0233231955335906e-16,-1.4861570025329687e-14,-3.538579163081311e-15,0.0,0.0,0.0,-6.030403536681694e-16,3.537168811907383e-15,-6.2695571435413936e-15,8.940140872061465e-19,-5.228613023192356e-19,-1.2269056673537108e-19,0.034127142,0.034127142,0.008531785500000015,0.008531785499999998,0.008531785499999995,0.008531785499999991,533.2849613480588,533.2849613480582,533.2849613480581,533.284961348058,-3.0147591931068574,1.0199706000001014,-9.972258639335181e-14,-3.1042414651981763e-15,0.6015302859856034
7.28,attitude_only,9.805450105945187e-17,-7.413644230529088e-15,-1.8006587295019864e-15,1.0,0.0,0.0,0.0,1.0,1.9610900211893044e-16,-1.4827288461058176e-14,-3.601317459003974e-15,0.0,0.0,0.0,-6.330662873041288e-16,3.3430519642012127e-15,-6.244210732174593e-15,9.363758704423397e-19,-3.2335160471384563e-19,-1.2269056673537108e-19,0.034127142,0.034127142,0.008531785500000015,0.0085317855,0.008531785499999995,0.00853178549999999,533.2849613480588,533.2849613480583,533.2849613480581,533.284961348058,-3.1035384714254737,1.0199706000001014,-1.0066769444912448e-13,-3.1291637134596184e-15,0.5669437301386048
7.29,attitude_only,9.486460893273496e-17,-7.397363936771057e-15,-1.831725217762298e-15,1.0,0.0,0.0,0.0,1.0,1.89729217865497e-16,-1.4794727873542113e-14,-3.663450435524598e-15,0.0,0.0,0.0,-6.345025181012173e-16,3.2054098024705615e-15,-6.20642965769563e-15,9.444443725798578e-19,-1.9023510866176924e-19,-1.2269056673537108e-19,0.034127142,0.034127142,0.008531785500000014,0.0085317855,0.008531785499999996,0.00853178549999999,533.2849613480587,533.2849613480583,533.2849613480582,533.284961348058,-3.192200564066275,1.0199706000001014,-1.0161426511263207e-13,-3.154104391700941e-15,0.5314752407923076
7.3,attitude_only,9.160290256001832e-17,-7.381559764499504e-15,-1.8627751603075303e-15,1.0,0.0,0.0,0.0,1.0,1.8320580512006415e-16,-1.4763119528999008e-14,-3.725550320615062e-15,0.0,0.0,0.0,-6.631983930098932e-16,3.1266471876443897e-15,-6.166110896892729e-15,9.855114064003677e-19,-1.2698644274680647e-19,-1.2269056673537108e-19,0.034127142,0.034127142,0.008531785500000014,0.008531785500000002,0.008531785499999996,0.008531785499999988,533.2849613480587,533.2849613480583,533.2849613480582,533.2849613480579,-3.2807689081680564,1.0199706000001014,-1.0256229268863591e-13,-3.1790638823854354e-15,0.49512481794655655
7.31,attitude_only,8.829923631430105e-17,-7.366090280721374e-15,-1.893299060772852e-15,1.0,0.0,0.0,0.0,1.0,1.7659847262862999e-16,-1.4732180561442747e-14,-3.786598121545706e-15,0.0,0.0,0.0,-6.511616349304684e-16,3.0649439293840646e-15,-6.1123423983817006e-15,9.775789130543625e-19,-8.359197212825629e-20,-1.2269056673537108e-19,0.034127142,0.034127142,0.008531785500000014,0.008531785500000002,0.008531785499999996,0.008531785499999988,533.2849613480587,533.2849613480583,533.2849613480582,533.2849613480579,-3.3692622534409726,1.0199706000001014,-1.0351177238731526e-13,-3.2040408642638e-15,0.457892461601231
7.32,attitude_only,8.506447576658387e-17,-7.350956521303531e-15,-1.9237603412895808e-15,1.0,0.0,0.0,0.0,1.0,1.7012895153319602e-16,-1.4701913042607062e-14,-3.847520682579163e-15,0.0,0.0,0.0,-6.613158366183415e-16,2.998931887942116e-15,-6.054767370374487e-15,9.96377113445994e-19,-3.436684127734125e-20,-1.2269056673537108e-19,0.034127142,0.034127142,0.008531785500000014,0.008531785500000002,0.008531785499999996,0.008531785499999988,533.2849613480587,533.2849613480583,533.2849613480582,533.2849613480579,-3.4576955996526797,1.0199706000001014,-1.044627004934588e-13,-3.229035852242529e-15,0.4197781717562367
7.33,attitude_only,8.18108259989879e-17,-7.336023271202863e-15,-1.953682607073939e-15,1.0,0.0,0.0,0.0,1.0,1.6362165199800448e-16,-1.4672046542405726e-14,-3.90736521414788e-15,0.0,0.0,0.0,-6.432483784342602e-16,2.9813388827961812e-15,-5.9850114478764136e-15,9.81128647409439e-19,-4.3068623930180864e-20,-1.2269056673537108e-19,0.034127142,0.034127142,0.008531785500000012,0.008531785500000002,0.008531785499999996,0.008531785499999988,533.2849613480587,533.2849613480583,533.2849613480582,533.2849613480579,-3.546080946616817,1.0199706000001014,-1.0541507396920395e-13,-3.2540478554115658e-15,0.3807819484115004
7.34,attitude_only,7.859665919054745e-17,-7.321125855115611e-15,-1.9836079180819568e-15,1.0,0.0,0.0,0.0,1.0,1.5719331838112395e-16,-1.4642251710231223e-14,-3.967215836163914e-15,0.0,0.0,0.0,-6.322284015039376e-16,2.9822827081532513e-15,-5.9839963733373566e-15,9.74226959108091e-19,-7.402404144019646e-20,-1.2269056673537108e-19,0.034127142,0.034127142,0.008531785500000014,0.008531785500000002,0.008531785499999996,0.008531785499999988,533.2849613480587,533.2849613480583,533.2849613480582,533.2849613480579,-3.634427894184177,1.0199706000001014,-1.0636888838376554e-13,-3.279076451048356e-15,0.3409037915669651
7.35,attitude_only,7.545892632706916e-17,-7.306264140254732e-15,-2.0135214288484833e-15,1.0,0.0,0.0,0.0,1.0,1.5091785265416776e-16,-1.4612528280509465e-14,-4.0270428576969675e-15,0.0,0.0,0.0,-6.181448641477933e-16,2.97593212492925e-15,-5.980951149726438e-15,9.635081629221958e-19,-9.616266282068681e-20,-1.2269056673537108e-19,0.034127142,0.034127142,0.008531785500000014,0.008531785500000002,0.008531785499999996,0.008531785499999988,533.2849613480587,533.2849613480583,533.2849613480582,533.2849613480579,-3.7227441222349347,1.0199706000001014,-1.0732414040235157e-13,-3.304121064007143e-15,0.3001437012225863
7.36,attitude_only,7.235953026165039e-17,-7.291447219541e-15,-2.0434340514248187e-15,1.0,0.0,0.0,0.0,1.0,1.4471906052333058e-16,-1.4582894439082e-14,-4.086868102849638e-15,0.0,0.0,0.0,-6.177134933920865e-16,2.959899743365043e-15,-5.982981298813995e-15,9.69167652949269e-19,-1.0652280237729094e-19,-1.2269056673537108e-19,0.034127142,0.034127142,0.008531785500000014,0.008531785500000002,0.008531785499999996,0.008531785499999988,533.2849613480587,533.2849613480583,533.2849613480582,533.2849613480579,-3.811035774673103,1.0199706000001014,-1.0828082709261987e-13,-3.3291812654426377e-15,0.25850167737832946
7.37,zero_thrust,1.1687926113744463e-16,-9.61376628585374e-15,-2.073353779522986e-15,1.0,0.0,0.0,0.0,1.0,2.3375852227492915e-16,-1.922753257170748e-14,-4.146707559045974e-15,0.0,0.0,0.0,1.6688373245799837e-14,-8.500672572941868e-13,-5.984757679267487e-15,0.0,0.0,0.0,0.0,0.0,0.0,0.0,0.0,0.0,0.0,0.0,0.0,0.0,-4.263798000607087,1.0199706000001014,-1.0923554024750413e-13,-3.354186589013579e-15,0.21597774904792488
7.38,zero_thrust,2.142746080389318e-16,-1.4588254013015135e-14,-2.103293717913841e-15,1.0,0.0,0.0,0.0,1.0,4.28549216077925e-16,-2.917650802603027e-14,-4.206587435827689e-15,0.0,0.0,0.0,2.1202730958579865e-14,-1.0838855623206262e-12,-5.994416747928256e-15,0.0,0.0,0.0,0.0,0.0,0.0,0.0,0.0,0.0,0.0,0.0,0.0,0.0,-3.913409259290841,1.0199706000001014,-1.1034772254407837e-13,-3.3806956092304953e-15,0.18332364322558903
7.39,zero_thrust,3.188875557285227e-16,-1.994766883175104e-14,-2.1332639102841268e-15,1.0,0.0,0.0,0.0,1.0,6.377751114571305e-16,-3.989533766350208e-14,-4.266527820568266e-15,0.0,0.0,0.0,1.9730253549687972e-14,-1.0127745389859905e-12,-5.9949004943886844e-15,0.0,0.0,0.0,0.0,0.0,0.0,0.0,0.0,0.0,0.0,0.0,0.0,0.0,-3.219996344016114,1.0199706000001014,-1.1216581644690972e-13,-3.416874953626795e-15,0.17886019639641706
7.4,zero_thrust,4.0387655238001785e-16,-2.4315642260586978e-14,-2.163232082418173e-15,1.0,0.0,0.0,0.0,1.0,8.077531047601409e-16,-4.8631284521173957e-14,-4.3264641648363655e-15,0.0,0.0,0.0,1.473010831999264e-14,-7.581992115333862e-13,-5.994634830348983e-15,0.0,0.0,0.0,0.0,0.0,0.0,0.0,0.0,0.0,0.0,0.0,0.0,0.0,-2.094126694136904,1.0199706000001014,-1.1499485770771845e-13,-3.4686406309271078e-15,0.2029537154502159
7.41,zero_thrust,4.763280700508216e-16,-2.8049873288351407e-14,-2.193207887436936e-15,1.0,0.0,0.0,0.0,1.0,9.526561401017663e-16,-5.6099746576702814e-14,-4.386415774873899e-15,0.0,0.0,0.0,1.4501752861838186e-14,-7.468378740086551e-13,-5.996058313784657e-15,0.0,0.0,0.0,0.0,0.0,0.0,0.0,0.0,0.0,0.0,0.0,0.0,0.0,-0.8255732762525992,1.0199706000001014,-1.1847194142931726e-13,-3.530937766387947e-15,0.24119147900777893
7.42,attitude_only,5.488422937220544e-16,-3.178405233697941e-14,-2.223196553370808e-15,1.0,0.0,0.0,0.0,1.0,1.0976845874442503e-15,-6.356810467395882e-14,-4.4463931067416505e-15,0.0,0.0,0.0,1.4515480398221993e-14,-7.468217220870814e-13,-5.9981677655613935e-15,-1.733581982096984e-17,9.07099640615029e-16,-1.2269056673537108e-19,0.034127142,0.034127142,0.0085317854999929,0.008531785500006833,0.00853178550000711,0.008531785499993156,533.2849613478364,533.2849613482718,533.2849613482805,533.2849613478444,0.2784720872217983,1.0199706000001014,-1.2196352057066515e-13,-3.593475626437084e-15,0.27874870733673407
7.43,attitude_only,-1.723524875413046e-06,1.7235312650056494e-06,4.8031826660496066e-05,0.9999999988435013,0.0,0.0,0.0,1.0,-3.44688417815696e-06,3.447228094127725e-06,9.606364741711688e-05,3.447049752154928e-06,-3.44706253134014e-06,-0.0,-0.000884397840738176,0.0008844563082358891,0.010240688363182492,1.11183068929435e-06,-1.1119015895837277e-06,-1.2269056673537108e-19,0.034127142,0.034127142,0.008548876933877077,0.008531784955065867,0.008514694066122933,0.008531786044934122,533.8188498569241,533.2849443173218,532.7505378105508,533.284978378794,0.7856941190273516,1.0199706000001014,1.2078188142631383e-09,1.20798558229893e-09,0.31533827653797813
7.44,attitude_only,-9.672172228660046e-06,9.6723278687622e-06,8.930029673550038e-05,0.9999999959191761,0.0,0.0,0.0,1.0,-1.9342616899707555e-05,1.9346383115489295e-05,0.0001786004066202471,1.9344344483633713e-05,-1.9344655763838443e-05,-0.0,-0.0021277242025239005,0.0021280178718312685,0.006903804060611348,2.8178015366885688e-06,-2.8181612289828605e-06,-1.2269056673537108e-19,0.034127142,0.034127142,0.008575103072829281,0.008531782735432909,0.008488467927170729,0.00853178826456708,534.6370442592895,533.2848749474933,531.9294416609133,533.2850477486088,1.3410745237812574,1.0199706000001014,3.427572710792981e-08,3.4279968895123656e-08,0.35096423796594617
7.45,attitude_only,-2.290624144451588e-05,2.2906725326759223e-05,0.00011807013912537207,0.999999992505014,0.0,0.0,0.0,1.0,-4.580707340927774e-05,4.5818859412407444e-05,0.00023613922950937446,4.5812483003486404e-05,-4.581345076797551e-05,-0.0,-0.0030029058965883784,0.0030034676109990284,0.004967750023755897,4.220247539070406e-06,-4.220942477220604e-06,-1.2269056673537108e-19,0.034127142,0.034127142,0.008596663831972605,0.008531780158759255,0.008466907168027405,0.008531790841240734,535.3087530255353,533.2847944191188,531.2534601621404,533.2851282769451,1.766539540582255,1.0199706000001014,1.100940935191424e-07,1.1011435212052592e-07,0.3856482340438079
7.46,attitude_only,-3.927673156841613e-05,3.927771395338784e-05,0.00013952637762777554,0.9999999887234947,0.0,0.0,0.0,1.0,-7.854250201988743e-05,7.856638738193407e-05,0.0002790496711911379,7.855346343210178e-05,-7.855542820205259e-05,-0.0,-0.0034279901579182146,0.003428764106931231,0.0038267911265385778,5.1653756657319845e-06,-5.166345185437689e-06,-1.2269056673537108e-19,0.034127142,0.034127142,0.008611194305386066,0.008531778048346709,0.008452376694613944,0.00853179295165328,535.760963657801,533.28472846272,530.7974093950204,533.2851942332945,2.0884733926009553,1.0199706000001014,2.1743109318297482e-07,2.1748101607088627e-07,0.4194103220505677
7.47,attitude_only,-5.6623363614898394e-05,5.662508765593086e-05,0.00015664931199304606,0.9999999845241935,0.0,0.0,0.0,1.0,-0.00011322898588345684,0.00011326791382332732,0.0003132922136664406,0.0001132467278139916,-0.00011325017589607433,-0.0,-0.003446455567276356,0.0034473564920236674,0.003147743117265272,5.6496425579985944e-06,-5.650791602386717e-06,-1.2269056673537108e-19,0.034127142,0.034127142,0.008618639760770944,0.008531776668533919,0.008444931239229066,0.00853179433146607,535.9925298226628,533.2846853396386,530.5635758081233,533.2852373563348,2.3278706645254275,1.0199706000001014,3.434119919078692e-07,3.435022988843672e-07,0.4522649195728002
7.48,attitude_only,-7.31378966647443e-05,7.31407436291488e-05,0.0001711842567630302,0.9999999799986149,0.0,0.0,0.0,1.0,-0.00014625075140275453,0.0001463065249673919,0.0003423578183099997,0.00014627579430472808,-0.00014628148823357502,-0.0,-0.003143111150087552,0.0031440543481607197,0.002740978751983632,5.728036746192219e-06,-5.729273470106156e-06,-1.2269056673537108e-19,0.034127142,0.034127142,0.008619845497973214,0.008531775994635882,0.008443725502026794,0.008531795005364107,536.0300208624269,533.2846642784034,530.5256984673094,533.2852584175473,2.501430139934238,1.0199706000001014,4.774322001260774e-07,4.775690414102487e-07,0.4842215999884943
7.49,attitude_only,-8.746639584859374e-05,8.747090231104469e-05,0.00018416492730845315,0.999999975390875,0.0,0.0,0.0,1.0,-0.00017490057281659046,0.0001749740176946228,0.0003683145579889621,0.00017493279313216843,-0.00017494180605714428,-0.0,-0.0026105740512774632,0.002611487377835687,0.002496098849408333,5.476475233375387e-06,-5.477725973983018e-06,-1.2269056673537108e-19,0.034127142,0.034127142,0.008615978641139353,0.008531775886904661,0.008447592358860657,0.008531795113095328,535.9097760238924,533.2846609114955,530.647163341162,533.2852617844516,2.6224416077948574,1.0199706000001014,6.120393556804726e-07,6.12224290131496e-07,0.515286474780867
7.5,attitude_only,-9.870459546083115e-05,9.871142879363181e-05,0.00019620760011730958,0.9999999710080169,0.0,0.0,0.0,1.0,-0.00019737045446255707,0.000197461586330382,0.00039239572003421316,0.00019740919282942363,-0.00019742285949515703,-0.0,-0.0019352286463594616,0.0019360555419515669,0.002347946346856754,4.974870749587384e-06,-4.976083253547258e-06,-1.2269056673537108e-19,0.034127142,0.034127142,0.008608267760915049,0.008531776180788571,0.008455303239084961,0.008531794819211418,535.6699158037236,533.2846700962058,530.8892928877282,533.2852525997514,2.701491050236715,1.0199706000001014,7.427452578672424e-07,7.429759174997668e-07,0.5454633629809105
7.51,attitude_only,-0.00010634882477888163,0.00010635873200251428,0.00020768116767299328,0.9999999671231395,0.0,0.0,0.0,1.0,-0.0002126534715695215,0.00021276163191296594,0.0004153397207800749,0.00021269765188870691,-0.00021271746633618935,-0.0,-0.0011915508193677522,0.0011922494725097625,0.0022577884376569313,4.29910413929128e-06,-4.300245493668196e-06,-1.2269056673537108e-19,0.034127142,0.034127142,0.00859787943452332,0.00853177672763875,0.00846569156547669,0.00853179427236124,535.3465990839741,533.284687186833,531.2153224910056,533.2852355091424,2.747018025722855,1.0199706000001014,8.675000993697175e-07,8.677710838001589e-07,0.574754622257584
7.52,attitude_only,-0.00011023039810246688,0.00011024414202115848,0.0002188071985509842,0.9999999639094485,0.0,0.0,0.0,1.0,-0.00022041255096933807,0.0002205365162816632,0.00043759010140362043,0.00022046079885711773,-0.0002204882866948316,-0.0,-0.00044030209555514263,0.00044084326444583205,0.0022025308825727235,3.517212535178341e-06,-3.5182651496091276e-06,-1.2269056673537108e-19,0.034127142,0.034127142,0.008585859635985398,0.008531777409687094,0.008477711364014612,0.008531793590312895,534.9722620842255,533.2847085027877,531.5923050613949,533.2852141932087,2.765755931660133,1.0199706000001014,9.861053060930438e-07,9.864091052412217e-07,0.6031616978116758
7.53,attitude_only,-0.0001104466461026506,0.0001104649391056161,0.0002297193716696743,0.9999999614140223,0.0,0.0,0.0,1.0,-0.00022084253899638516,0.00022098061495323174,0.0004594143520253267,0.00022089329504642908,-0.00022092988105283065,-0.0,0.00027141888877783756,-0.00027105427012948775,0.0021683917197151178,2.6877124488673668e-06,-2.6886696858187215e-06,-1.2269056673537108e-19,0.034127142,0.034127142,0.008573107956226263,0.008531778142751006,0.008490463043773745,0.008531792857248983,534.5748452813152,533.2847314131232,531.9919499320062,533.285191282894,2.7630802248924544,1.0199706000001014,1.0996672568246326e-06,1.0999951133296335e-06,0.6306854717898926
7.54,attitude_only,-0.00010729494722064179,0.00010731838979061537,0.00024049889971087868,0.9999999595654175,0.0,0.0,0.0,1.0,-0.0002145382724450036,0.00021468838118518836,0.0004809747801597262,0.0002145898973335679,-0.000214636782474147,-0.0,0.0009092279770344521,-0.0009090509619232093,0.002147139943138532,1.859067480368107e-06,-1.8599296413502344e-06,-1.2269056673537108e-19,0.034127142,0.034127142,0.008560369423522911,0.008531778873497535,0.008503201576477099,0.008531792126502456,534.1775430049112,533.284754251033,532.3908832326457,533.285168445003,2.74328436988685,1.0199706000001014,1.210126308998809e-06,1.210468978547667e-06,0.6573264812885388
7.55,attitude_only,-0.00010121279681176901,0.00010124182528409447,0.0002511956249020391,0.9999999582034094,0.0,0.0,0.0,1.0,-0.00020237472768782348,0.00020253449191321744,0.0005023707663040197,0.00020242559644377133,-0.0002024836533892311,-0.0,0.001450086786287147,-0.0014501022028907797,0.00213384576796348,1.0698069903688198e-06,-1.070577946480174e-06,-1.2269056673537108e-19,0.034127142,0.034127142,0.008548236332668626,0.008531779574491099,0.008515334667331384,0.00853179142550889,533.7988489018633,533.2847761590767,532.7705781206824,533.2851465369752,2.709798926491347,1.0199706000001014,1.3198689003808515e-06,1.3202172881839278e-06,0.6830850528176315
7.5600000000000005,attitude_only,-9.272078579959161e-05,9.275562125300827e-05,0.0002617701617320049,0.9999999571378155,0.0,0.0,0.0,1.0,-0.0001853930065965749,0.00018555977868966788,0.0005235231332030634,0.00018544157424866024,-0.00018551124515648896,-0.0,0.0018836463288185305,-0.0018838537979829783,0.0020964761704928745,3.4543496712650745e-07,-3.4611972011244936e-07,-1.2269056673537108e-19,0.034127142,0.034127142,0.008537100735706026,0.008531780237041637,0.008526470264293984,0.008531790762958352,533.4510516659745,533.284796865666,533.1188192855943,533.2851258303996,2.665365779021595,1.0199706000001014,1.431418397509969e-06,1.4317640581269307e-06,0.7079613847090569
7.57,attitude_only,-8.235182003167602e-05,8.239245002039354e-05,0.00027209551941999923,0.9999999561968442,0.0,0.0,0.0,1.0,-0.00016465879859668984,0.00016482970869155362,0.0005441774789164146,0.0001647036424681985,-0.00016478490244682,-0.0,0.002211968150139378,-0.002212362321234055,0.0020377883128292213,-3.0305571707862413e-07,3.024517532725282e-07,-1.2269056673537108e-19,0.034127142,0.034127142,0.008527131616531262,0.00853178085798101,0.008536439383468748,0.008531790142018979,533.1394944581034,533.2848162717871,533.4303885690787,533.2851064242898,2.612176914211077,1.0199706000001014,1.5470836529785513e-06,1.5474190299611788e-06,0.7319555992587464
7.58,attitude_only,-7.062013449456048e-05,7.06663375969241e-05,0.00028210462200583517,0.9999999552180228,0.0,0.0,0.0,1.0,-0.00014120039394341697,0.00014137251386830299,0.0005641992733835589,0.0001412402710974605,-0.0001413326773035671,-0.0,0.0024395017768795092,-0.002440073405510653,0.0019726317239139213,-8.679275162746865e-07,8.673992224482304e-07,-1.2269056673537108e-19,0.034127142,0.034127142,0.008518447913235756,0.008531781439574606,0.008545123086764254,0.008531789560425383,532.8679609195183,533.2848344482402,533.701635959152,533.2850882478459,2.551985048825115,1.0199706000001014,1.668676714654736e-06,1.6689951125922188e-06,0.7550677751315606
7.59,attitude_only,-5.801649925343909e-05,5.8067865114276716e-05,0.00029179437962726225,0.9999999540591233,0.0,0.0,0.0,1.0,-0.0001159991064657348,0.00011616958293128376,0.0005835820317181599,0.00011603300028376409,-0.00011613573200701255,-0.0,0.002571227384038871,-0.002571964697580502,0.0019107566938718298,-1.3425944684422896e-06,1.342138190265807e-06,-1.2269056673537108e-19,0.034127142,0.034127142,0.008511150852947494,0.008531781993081309,0.008552420147052516,0.00853178900691868,532.6396797381726,533.2848517468974,533.9294631020255,533.2850709491963,2.4861918152240428,1.0199706000001014,1.7975321123046597e-06,1.7978276592176231e-06,0.7772979639397577
7.6,attitude_only,-4.5003639125544036e-05,4.5059579358682994e-05,0.0003011968649111841,0.9999999526123766,0.0,0.0,0.0,1.0,-8.998013086480749e-05,9.014626447895499e-05,0.000602389684465736,9.000727967283178e-05,-9.011916014087694e-05,-0.0,0.0026133430113033447,-0.0026142327704160987,0.0018573436926676511,-1.7225745706365958e-06,1.7221891517522236e-06,-1.2269056673537108e-19,0.034127142,0.034127142,0.008505309313121498,0.008531782537700334,0.008558261686878512,0.008531788462299657,532.4568625131836,533.2848687677889,534.1117762815355,533.2850539283113,2.415918162830995,1.0199706000001014,1.9345849704618993e-06,1.9348526170868732e-06,0.7986461994723453
7.61,attitude_only,-3.2009154703324795e-05,3.2068911781796385e-05,0.00031036208504830814,0.9999999508111863,0.0,0.0,0.0,1.0,-6.399840048441604e-05,6.415768930873244e-05,0.0006207221277042122,6.401831045631118e-05,-6.413782461521395e-05,-0.0,0.0025735647040773892,-0.002574592856760534,0.001814890430495998,-2.00604204855884e-06,2.0057294277795874e-06,-1.2269056673537108e-19,0.034127142,0.034127142,0.00850095133548792,0.008531783097220925,0.00856261966451209,0.008531787902779064,532.3204340585321,533.2848862543962,534.2477472893418,533.2850364417096,2.34206061074835,1.0199706000001014,2.0804236632084578e-06,2.080659185539719e-06,0.8191125034965225
7.62,attitude_only,-1.9417873513031632e-05,1.9480532570699922e-05,0.0003193477910721207,0.9999999486302203,0.0,0.0,0.0,1.0,-3.8823302940226463e-05,3.8973465259872256e-05,0.0006386948367025349,3.883574769105786e-05,-3.89610658085403e-05,-0.0,0.0024611086608213304,-0.002462260606964641,0.001784293488135809,-2.194013061673717e-06,2.1937783331933913e-06,-1.2269056673537108e-19,0.034127142,0.034127142,0.008498061275549033,0.008531783695895094,0.008565509724450977,0.008531787304104895,532.2299401433255,533.2849049646632,534.3378994746981,533.285017731447,2.265336208701957,1.0199706000001014,2.235325779956278e-06,2.235525761658478e-06,0.838696889501686
7.63,attitude_only,-7.564886649946659e-06,7.629393175926957e-06,0.0003282133292945118,0.9999999460802862,0.0,0.0,0.0,1.0,-1.512476434936929e-05,1.5263751322963445e-05,0.0006564265549820736,1.5129773571824341e-05,-1.5258786626103719e-05,-0.0,0.0022864711891901696,-0.002287731734563062,0.0017654723631145572,-2.290271519681844e-06,2.290122475183755e-06,-1.2269056673537108e-19,0.034127142,0.034127142,0.008496580946899,0.008531784354455538,0.00856699005310101,0.00853178664554445,532.1835819495312,533.2849255465455,534.3840707799653,533.2849971495683,2.186318480173039,1.0199706000001014,2.399286996281782e-06,2.3994487794927676e-06,0.8573993651622609
7.64,attitude_only,3.269956217477339e-06,-3.2047714067102143e-06,0.00033701584486810725,0.9999999431996771,0.0,0.0,0.0,1.0,6.537751946180015e-06,-6.411746503514889e-06,0.00067403168154346,-6.539912558777726e-06,6.409542934775131e-06,-0.0,0.002061089067095664,-0.0020624421759029747,0.0017577365483919017,-2.301114088662497e-06,2.3010603355747035e-06,-1.2269056673537108e-19,0.034127142,0.034127142,0.008496413544207607,0.008531785086857929,0.008567157455792403,0.00853178591314206,532.1783392876116,533.2849484361974,534.3892918024088,533.2849742599186,2.1054661609177767,1.0199706000001014,2.572048423099915e-06,2.5721700245954652e-06,0.8752199340012278
7.65,attitude_only,1.2865667119114416e-05,-1.2801055545327628e-05,0.000345807892639953,0.9999999400437528,0.0,0.0,0.0,1.0,2.5722479294663723e-05,-2.5611007656916302e-05,0.0006916154697887661,-2.5731334752480257e-05,2.5602111602324102e-05,-0.0,0.0017969398974827075,-0.001798368360833745,0.001760009546005633,-2.234974683901456e-06,2.235026476270787e-06,-1.2269056673537108e-19,0.034127142,0.034127142,0.008497429417667079,0.008531785898072129,0.00856614158233293,0.00853178510192786,532.2101532811727,533.2849737889405,534.3576075480081,533.2849489071754,2.0231461797600456,1.0199706000001014,2.753125345839544e-06,2.7532053414405062e-06,0.8921585965525186
7.66,attitude_only,2.106167971339378e-05,-2.0998936484701307e-05,0.0003546359308104801,0.9999999366744015,0.0,0.0,0.0,1.0,4.210846285413428e-05,-4.201280877900066e-05,0.0007092709922543785,-4.21233603159499e-05,4.199787385591612e-05,-0.0,0.001506125642658392,-0.0015076107721525309,0.0017709736174154223,-2.1019754773320914e-06,2.1021424120035506e-06,-1.2269056673537108e-19,0.034127142,0.034127142,0.008499472975871315,0.008531786783046936,0.008564098024128695,0.008531784216953053,532.2741454010115,533.2850014469104,534.2938649634891,533.2849212492029,1.939652036874604,1.0199706000001014,2.9418385240049733e-06,2.941875908011443e-06,0.9082153512058481
7.67,attitude_only,2.775713368203692e-05,-2.7697554005143155e-05,0.0003635359475909973,0.9999999331519988,0.0,0.0,0.0,1.0,5.549412565366404e-05,-5.541528576738712e-05,0.0007270703741443314,-5.55142686010798e-05,5.539510924463708e-05,-0.0,0.0012003285240788555,-0.0012018499452037335,0.0017877422738553945,-1.913264546559102e-06,1.913554254706146e-06,-1.2269056673537108e-19,0.034127142,0.034127142,0.008502372867408119,0.00853178772667435,0.008561198132591891,0.00853178327332564,532.3649395983962,533.2850309379388,534.2033986099269,533.2848917581683,1.8552185023318326,1.0199706000001014,3.1373481926194842e-06,3.1373422214530887e-06,0.9233901948474552
7.68,attitude_only,3.290606722548497e-05,-3.285090083063746e-05,0.0003725153724090131,0.9999999295351507,0.0,0.0,0.0,1.0,6.578765507196865e-05,-6.572631311070377e-05,0.0007450286008644267,-6.581213599678404e-05,6.570180320449749e-05,-0.0,0.0008896683680131469,-0.0008912039338335759,0.0018018663242812157,-1.6795246653085127e-06,1.6799415882390669e-06,-1.2269056673537108e-19,0.034127142,0.034127142,0.008505964902853422,0.008531788704437313,0.008557606097146588,0.008531782295562677,532.4773830205819,533.285061495798,534.0913185697301,533.2848612002994,1.770033374124922,1.0199706000001014,3.3386961851323243e-06,3.3386462240678847e-06,0.9376831234604277
7.69,attitude_only,3.650784200689587e-05,-3.6458250083294956e-05,0.0003815423725499128,0.9999999258816931,0.0,0.0,0.0,1.0,7.298785812650484e-05,-7.294435340414236e-05,0.0007630821026037323,-7.301568581772475e-05,7.291650196807247e-05,-0.0,0.0005829272002779656,-0.0005844531367918079,0.0018070564504135676,-1.4110087024621364e-06,1.4115531985165713e-06,-1.2269056673537108e-19,0.034127142,0.034127142,0.008510091508078074,0.00853178968495445,0.008553479491921936,0.008531781315045539,532.6065310676689,533.2850921397313,533.9625296442294,533.2848305563529,1.6842468917859361,1.0199706000001014,3.5448772813488757e-06,3.5447827067298333e-06,0.9510941330847273
7.7,attitude_only,3.8608805260769565e-05,-3.8565815495240835e-05,0.00039055971959227575,0.9999999222425688,0.0,0.0,0.0,1.0,7.718748031555559e-05,-7.716178315780651e-05,0.0007811164822440685,-7.721761252295353e-05,7.713163298966755e-05,-0.0,0.0002899342528939072,-0.00029142571307098707,0.0017989794774429114,-1.1204613898452463e-06,1.1211292827404036e-06,-1.2269056673537108e-19,0.034127142,0.034127142,0.008514556807893557,0.008531790633373,0.008549014192106453,0.008531780366626988,532.7462437813322,533.2851217804913,533.8231352581881,533.2848009155767,1.597979270319663,1.0199706000001014,3.7548792228362706e-06,3.754739345334301e-06,0.9636232209292728
7.71,attitude_only,3.930444416402032e-05,-3.92689068719745e-05,0.00039950911469723564,0.9999999186527873,0.0,0.0,0.0,1.0,7.857750568438361e-05,-7.856921240333624e-05,0.00079901516499623,-7.860889045957868e-05,7.85378158735598e-05,-0.0,2.0083322626196104e-05,-2.1515225830851496e-05,0.00178156390872811,-8.213973310357143e-07,8.221798265046122e-07,-1.2269056673537108e-19,0.034127142,0.034127142,0.008519153093402869,0.008531791514199498,0.008544417906597141,0.008531779485800492,532.8900165888789,533.285149308807,533.6796138320301,533.2847733872429,1.5372093066457904,1.0199706000001014,3.967647763819021e-06,3.9674616663901436e-06,0.9752703859968259
7.72,attitude_only,3.872888508830812e-05,-3.8701443503408824e-05,0.000408362813560874,0.9999999151210385,0.0,0.0,0.0,1.0,7.742615545085212e-05,-7.74345113872867e-05,0.0008167226533172028,-7.7457772368128e-05,7.740288919677661e-05,-0.0,-0.0002205477960937421,0.0002191993313265251,0.0017603167612823165,-5.243668707502558e-07,5.252515334007744e-07,-1.2269056673537108e-19,0.034127142,0.034127142,0.008523718214328478,0.008531792299448534,0.008539852785671532,0.008531778700551456,533.0327761757395,533.285173850056,533.537027320864,533.2847488459755,1.4254991354610769,1.0199706000001014,4.182095397116816e-06,4.1818617569570264e-06,0.9860356289547705
7.73,attitude_only,3.704443087920619e-05,-3.702549966834173e-05,0.00041709402437847603,0.9999999116446948,0.0,0.0,0.0,1.0,7.405796925386174e-05,-7.408189488315905e-05,0.0008341853309106924,-7.408886394046046e-05,7.405100151761642e-05,-0.0,-0.0004257932867833806,0.0004245512824223889,0.0017347274249340143,-2.4079633431689146e-07,2.417661272633536e-07,-1.2269056673537108e-19,0.034127142,0.034127142,0.008528076562336062,0.008531792953753387,0.008535494437663948,0.008531778046246602,533.1690339325188,533.2851942989288,533.4008635683532,533.2847283970857,1.3380657536466856,1.0199706000001014,4.3971855947125775e-06,4.396902633611317e-06,0.9959189512186615
7.74,attitude_only,3.4439703413812596e-05,-3.442944887220407e-05,0.0004256975339411274,0.9999999082050607,0.0,0.0,0.0,1.0,6.885008765964694e-05,-6.888821327162147e-05,0.0008513927231267679,-6.887940893521891e-05,6.885889985137432e-05,-0.0,-0.0005920638248537518,0.0005909493313856536,0.001709431283451904,2.0274468785468108e-08,-1.924035481618838e-08,-1.2269056673537108e-19,0.034127142,0.034127142,0.008532089207870403,0.008531793448119782,0.008531481792129607,0.008531777551880207,533.2944529954161,533.285209749273,533.2754695317611,533.2847129467276,1.2504806734247949,1.0199706000001014,4.611906112736713e-06,4.611571458344144e-06,1.0049203547440344
7.75,attitude_only,3.111398721893865e-05,-3.111232561065596e-05,0.0004341791632485946,0.9999999047761942,0.0,0.0,0.0,1.0,6.220095202592358e-05,-6.225166342612291e-05,0.000868356418564016,-6.222797641307222e-05,6.222465319640137e-05,-0.0,-0.0007180355776580065,0.0007170665927273163,0.0016859415038872137,2.5221532055160684e-07,-2.51140228893492e-07,-1.2269056673537108e-19,0.034127142,0.034127142,0.008535654251725073,0.008531793763071121,0.008527916748274937,0.008531777236928868,533.4058571021093,533.2852195923904,533.1640381807129,533.2847031036008,1.162774273092661,1.0199706000001014,4.825322501040653e-06,4.824933144768312e-06,1.0130398414616755
7.76,attitude_only,2.7268855774762852e-05,-2.7275462699515234e-05,0.00044255105878889634,0.9999999013305048,0.0,0.0,0.0,1.0,5.4513564706706504e-05,-5.457505576559975e-05,0.0008851006595871114,-5.453771334326193e-05,5.45509271932013e-05,-0.0,-0.0008039319066963027,0.0008031226089229371,0.0016653293145271913,4.5015961996792254e-07,-4.4906829373654707e-07,-1.2269056673537108e-19,0.034127142,0.034127142,0.008538696896022574,0.008531793887848792,0.008524874103977436,0.008531777112151197,533.5009183379342,533.2852234920445,533.0689168696495,533.284699203943,1.0749708480894649,1.0199706000001014,5.036617943705113e-06,5.036170288381532e-06,1.0202774129424421
7.77,attitude_only,2.3100962312020026e-05,-2.311528942393271e-05,0.00045082968553152795,0.9999998978423066,0.0,0.0,0.0,1.0,4.618107785264418e-05,-4.625140334069543e-05,0.0009016583341180233,-4.620192619733413e-05,4.623058042213526e-05,-0.0,-0.0008513274775254549,0.000850688276397976,0.0016483014797987886,6.109568328695597e-07,-6.098750806811522e-07,-1.2269056673537108e-19,0.034127142,0.034127142,0.008541168719429637,0.00853179381426344,0.008522402280570373,0.008531777185736548,533.5781329674109,533.2852211922948,532.9916284699154,533.2847015036949,0.9870898248304005,1.0199706000001014,5.245107271265551e-06,5.244597220892976e-06,1.0266330702603834
7.78,attitude_only,1.879585619316177e-05,-1.88171529769783e-05,0.0004590341929111305,0.9999998942901145,0.0,0.0,0.0,1.0,3.75744330147236e-05,-3.765155786588989e-05,0.0009180677110203988,-3.75917137109288e-05,3.7634307280062715e-05,-0.0,-0.0008629371144540263,0.0008624747723572436,0.00163526589923662,7.33081146794157e-07,-7.320354705327104e-07,-1.2269056673537108e-19,0.034127142,0.034127142,0.008543046272722104,0.008531793536986663,0.008520524727277906,0.008531777463013326,533.6367763664127,533.2852125266137,532.9329140794961,533.2847101693843,0.8991467331569615,1.0199706000001014,5.4502444572790115e-06,5.449667520721188e-06,1.0321068139250154
7.79,attitude_only,1.4522884331899273e-05,-1.4550224858072643e-05,0.0004671850670027948,0.999999890657739,0.0,0.0,0.0,1.0,2.9032170208700666e-05,-2.9114016287728625e-05,0.0009343697455710628,-2.9045769722441933e-05,2.9100450776781658e-05,-0.0,-0.000842394910738245,0.0008421125160533965,0.001626383037928672,8.165012023322002e-07,-8.155181210903222e-07,-1.2269056673537108e-19,0.034127142,0.034127142,0.008544329073980256,0.008531793055886196,0.008519241926019754,0.008531777944113793,533.6768396067748,533.2851974908672,532.8927949103132,533.2847252051445,0.8111539853411164,1.0199706000001014,5.651624334076867e-06,5.650975736038162e-06,1.036698643865793
7.8,attitude_only,1.043121088312988e-05,-1.046352549174017e-05,0.000475303021704888,0.9999998869343646,0.0,0.0,0.0,1.0,2.085247272295058e-05,-2.0936964590985256e-05,0.0009506058610121661,-2.0862422552534122e-05,2.0927051772190482e-05,-0.0,-0.0007940294258792377,0.0007939262367179762,0.0016216117328610262,8.625168385438238e-07,-8.616219311328725e-07,-1.2269056673537108e-19,0.034127142,0.034127142,0.008545037096901631,0.008531792378188968,0.008518533903098379,0.008531778621811021,533.6989506235899,533.2851763109168,532.8706504427498,533.2847463851127,0.7231215000672815,1.0199706000001014,5.848979304334255e-06,5.8482541039375135e-06,1.0404085594555124
7.8100000000000005,attitude_only,6.646957232806392e-06,-6.683068857032326e-06,0.00048340808921728867,0.9999998831138802,0.0,0.0,0.0,1.0,1.32874516142252e-05,-1.3372562537937276e-05,0.0009668161272887033,-1.3293914983570833e-05,1.3366138234836665e-05,-0.0,-0.0007226413007780525,0.0007227126470340389,0.0016207433238919137,8.73570200759385e-07,-8.727870986072508e-07,-1.2269056673537108e-19,0.034127142,0.034127142,0.008545207866798101,0.008531791518862417,0.008518363133201909,0.008531779481137572,533.7042835003326,533.2851494545364,532.8653092230691,533.2847732415134,0.6350572021894125,1.0199706000001014,6.04217181843795e-06,6.041365036016747e-06,1.0432365595622917
7.82,attitude_only,3.271433330461328e-06,-3.3100961115824968e-06,0.0004915188797199162,0.9999998791937588,0.0,0.0,0.0,1.0,6.539611921228525e-06,-6.623407365944215e-06,0.0009830377773753737,-6.542866924395711e-06,6.620192489751853e-06,-0.0,-0.0006332895501683884,0.0006335270101486556,0.0016234370807468642,8.530392855471336e-07,-8.523889341383198e-07,-1.2269056673537108e-19,0.034127142,0.034127142,0.00854489328906513,0.008531790498550497,0.00851867771093488,0.008531780501449492,533.6944596884729,533.2851175669072,532.87514832072,533.2848051291634,0.5469674229365782,1.0199706000001014,6.231183393136278e-06,6.230290138127649e-06,1.045182642621544
7.83,attitude_only,3.8039959178193443e-07,-4.2033907134063153e-07,0.0004996520145610799,0.9999998751737638,0.0,0.0,0.0,1.0,7.603790420689243e-07,-8.41058172587418e-07,0.0009993040703822945,-7.6079921521977e-07,8.406781776608277e-07,-0.0,-0.0005310925540875904,0.0005314840045592142,0.0016292535319361976,8.050225483796412e-07,-8.045222714039084e-07,-1.2269056673537108e-19,0.034127142,0.034127142,0.00854415633668786,0.008531789345090041,0.00851941466331215,0.008531781654909948,533.6714450136233,533.2850815180077,532.8981973858344,533.2848411780815,0.45885722032919246,1.0199706000001014,6.416100942864844e-06,6.41511653327762e-06,1.0462468067205406
7.84,attitude_only,-1.9757251151032014e-06,1.9357713564428983e-06,0.0005078208627667827,0.999999871055152,0.0,0.0,0.0,1.0,-3.949483670566455e-06,3.8735488425450795e-06,0.0010156417615408214,3.9514504000461276e-06,-3.871542879290966e-06,-0.0,-0.00042104829185136934,0.00042157808697213005,0.001637684506595171,7.34122057037885e-07,-7.337847581404792e-07,-1.2269056673537108e-19,0.034127142,0.034127142,0.008543067717966452,0.008531788092453167,0.008520503282033558,0.008531782907546822,533.6374461488016,533.285042369562,532.9322434116605,533.284880326542,0.37073063564855746,1.0199706000001014,6.597101176151624e-06,6.596021250771146e-06,1.0464290496898008
7.85,attitude_only,-3.7703135505552275e-06,3.731556554212681e-06,0.0005160298396530319,0.9999998668425235,0.0,0.0,0.0,1.0,-7.5367749082403876e-06,7.4670033033193116e-06,0.001032059696986006,7.5406274358074316e-06,-7.463113439681816e-06,-0.0,-0.000307551613098278,0.00030820089502883806,0.001644895914358344,6.448257458378745e-07,-6.446592948274755e-07,-1.2269056673537108e-19,0.034127142,0.034127142,0.00854169638204158,0.008531786779329555,0.00852187461795843,0.008531784220670434,533.5946146043075,533.2850013307317,532.9751281863732,533.2849213653815,0.28259089870922854,1.0199706000001014,6.774433607967732e-06,6.773254225968707e-06,1.04572936919932
7.86,attitude_only,-4.995298605048601e-06,4.958866182930921e-06,0.0005242703545571375,0.9999998625455165,0.0,0.0,0.0,1.0,-9.985396264438514e-06,9.922968776729484e-06,0.001048540707631413,9.99059766784802e-06,-9.917732820274127e-06,-0.0,-0.00019385036883429988,0.00019459812984038945,0.0016505158424364721,5.407214589607158e-07,-5.407291637488764e-07,-1.2269056673537108e-19,0.034127142,0.034127142,0.008540097445635244,0.00853178544078159,0.008523473554364766,0.008531785559218399,533.544669971042,533.2849594973152,533.0251261858978,533.2849631988012,0.19444059620399684,1.0199706000001014,6.948389557341326e-06,6.947107253024831e-06,1.0441477630611506
7.87,attitude_only,-5.659718369631858e-06,5.6266260182419674e-06,0.0005325237987988873,0.9999998581773462,0.0,0.0,0.0,1.0,-1.13134425103463e-05,1.1259278310208414e-05,0.0010650475842790823,1.1319437274381268e-05,-1.1253252568472656e-05,-0.0,-8.390410795266635e-05,8.472652576730205e-05,0.0016500945668164134,4.267030059881193e-07,-4.268820663540741e-07,-1.2269056673537108e-19,0.034127142,0.034127142,0.008538346088682808,0.008531784123755905,0.008525224911317202,0.008531786876244084,533.4899589396476,533.2849183365275,533.0798849239891,533.2850043595853,0.10628180662661998,1.0199706000001014,7.1192638919471075e-06,7.117875645523983e-06,1.0416842295443216
7.88,attitude_only,-5.794688805653523e-06,5.765803084449373e-06,0.0005407611684720686,0.9999998537552572,0.0,0.0,0.0,1.0,-1.1583140072625249e-05,1.1537871568096914e-05,0.001081522322868158,1.158937817626893e-05,-1.1531606731044372e-05,-0.0,1.8001638724866616e-05,-1.7130118297521237e-05,0.001644918672062914,3.086343222281099e-07,-3.08976202917276e-07,-1.2269056673537108e-19,0.034127142,0.034127142,0.008536532406609478,0.008531782872331526,0.008527038593390532,0.008531788127668465,533.433295005398,533.2848792259639,533.1365864201072,533.2850434701397,0.01811620668131579,1.0199706000001014,7.287380603565195e-06,7.285883915364176e-06,1.0383387676133227
7.89,attitude_only,-5.449667118770622e-06,5.425679747842723e-06,0.0005489644106775152,0.9999998492894582,0.0,0.0,0.0,1.0,-1.0893375585583587e-05,1.0857341207080981e-05,0.0010979288173966113,1.0899334785089466e-05,-1.0851360040823567e-05,-0.0,0.00010866297041075433,-0.00010776855810231503,0.001636985054694888,1.9156350728529247e-07,-1.9205456529193302e-07,-1.2269056673537108e-19,0.034127142,0.034127142,0.008534733958761781,0.00853178172576623,0.008528837041238229,0.008531789274233759,533.3771010820825,533.2848433925417,533.1928056915943,533.2850793035485,-0.070054844427493,1.0199706000001014,7.453101977178834e-06,7.4514949599227735e-06,1.0341113771246955
7.9,attitude_only,-4.687512589251001e-06,4.668923080939759e-06,0.0005571239403281055,0.9999998447845597,0.0,0.0,0.0,1.0,-9.369821386251517e-06,9.343067763605667e-06,0.0011142478945505255,9.375025663551585e-06,-9.337846645005514e-06,-0.0,0.0001858150434174922,-0.0001849238311212961,0.0016277480884518344,7.976866235093263e-08,-8.039062327262662e-08,-1.2269056673537108e-19,0.034127142,0.034127142,0.008533016471851264,0.008531780719656575,0.008530554528148746,0.008531790280343414,533.3234313200969,533.2848119487552,533.2464886006829,533.2851107473192,-0.15823024873036534,1.0199706000001014,7.616801010966267e-06,7.615082422623849e-06,1.029002058465277
7.91,attitude_only,-3.580060037620133e-06,3.5671664392486807e-06,0.0005652362635002092,0.9999998402411997,0.0,0.0,0.0,1.0,-7.156086347932666e-06,7.1383788983030654e-06,0.001130472561669597,7.160120456537688e-06,-7.134333258421538e-06,-0.0,0.0002480346566210211,-0.0002471718540214405,0.0016182532736447764,-2.3238070498025252e-08,2.2507450060926546e-08,-1.2269056673537108e-19,0.034127142,0.034127142,0.008531433903475895,0.008531779884507965,0.008532137096524115,0.008531791115492024,533.2739728468503,533.2847858479859,533.2959496228499,533.2851368480726,-0.24640912315608055,1.0199706000001014,7.778840029365545e-06,7.77700926508974e-06,1.0230108122566872
7.92,attitude_only,-2.1933697426299335e-06,2.1862603736002112e-06,0.0005733046603557863,0.9999998356560744,0.0,0.0,0.0,1.0,-4.384231977860011e-06,4.375034966807822e-06,0.001146609373937417,4.386739725571211e-06,-4.372520986732845e-06,-0.0,0.00030076571447890414,-0.00029996614348620716,0.0016097176863262101,-1.2236489187131442e-07,1.2156475401509966e-07,-1.2269056673537108e-19,0.034127142,0.034127142,0.00852991067565495,0.008531779350202471,0.00853366032434506,0.008531791649797518,533.2263645537091,533.2847691494189,533.3435517045607,533.2851535466281,-0.33459076056162057,1.0199706000001014,7.939550903319163e-06,7.937607951005787e-06,1.0161376391548496
7.93,attitude_only,-5.691118157883356e-07,5.676406076448948e-07,0.0005813290057161337,0.9999998310279563,1.4683737849138483e-07,-1.4687051707019056e-07,0.0,0.9999999999999785,-1.1375634673495847e-06,1.135942705871274e-06,0.001162658076271986,1.431727659394018e-06,-1.4291930019485824e-06,-0.0,0.00034173713988470207,-0.0003410340037835469,0.001601109562259433,-2.102649457853058e-07,2.0943354292695898e-07,-1.2269056673537108e-19,0.034127142,0.034127142,0.00852855972995733,0.008531779109902089,0.00853501127004268,0.0085317918900979,533.1841373596096,533.2847616393482,533.3857662781126,533.2851610566934,-0.4227745980710285,1.0199706000001014,8.099008260571772e-06,8.09695354734751e-06,1.0083825396737631
7.94,attitude_only,1.2158671880915967e-06,-1.2120627268148337e-06,0.0005893132753286688,0.999999826353443,2.386243680171473e-07,-2.3867822128329623e-07,0.0,0.999999999999943,2.430305384619547e-06,-2.425558086040965e-06,0.0011786266159325577,-1.954767148655884e-06,1.9464879576051e-06,-0.0,0.0003665850439240833,-0.00036600222056704427,0.0015936051002710604,-2.845816954832687e-07,2.8375824558323124e-07,-1.2269056673537108e-19,0.034127142,0.034127142,0.008527417283279538,0.00853177917102791,0.008536153716720472,0.008531791828972079,533.1484247149049,533.284763549704,533.4214630327652,533.2851591463389,-0.510960186768868,1.0199706000001014,8.257339467373325e-06,8.255173956012621e-06,0.999745514258161
7.95,attitude_only,3.0808906350999952e-06,-3.072374686444718e-06,0.000597265489480357,0.9999998216274859,3.304024741401278e-07,-3.3047704008879435e-07,0.0,0.9999999999998909,6.158110124520961e-06,-6.148428496180196e-06,0.0011945310310607386,-5.501371531945022e-06,5.483401060642163e-06,-0.0,0.0003754296378145533,-0.00037498725556543694,0.0015878098771009406,-3.4205889428264234e-07,3.4128145747946563e-07,-1.2269056673537108e-19,0.034127142,0.034127142,0.008526533399039556,0.008531779524681005,0.008537037600960454,0.008531791475318984,533.1207930366112,533.2847746023697,533.449079136908,533.2851480936812,-0.5991471705071205,1.0199706000001014,8.414769783512665e-06,8.412495031808502e-06,0.99022656320356
7.96,attitude_only,4.94603111028477e-06,-4.933549890808597e-06,0.0006051908993274162,0.9999998168475693,4.2217749044830276e-07,-4.2227276838217064e-07,0.0,0.9999999999998218,9.886088930466583e-06,-9.873084560625754e-06,0.0012103818237662212,-9.048219057978822e-06,9.022043954372512e-06,-0.0,0.0003682344218501575,-0.00036794787208761505,0.0015831224001127309,-3.8057397156207235e-07,3.7987959514715683e-07,-1.2269056673537108e-19,0.034127142,0.034127142,0.008525940712848491,0.00853178016307671,0.008537630287151519,0.008531790836923282,533.1022638871611,533.2847945540516,533.4675962402815,533.2851281420126,-0.6873352692195402,1.0199706000001014,8.571496810703462e-06,8.569114935975726e-06,0.9798256865628671
7.97,attitude_only,6.732196649443282e-06,-6.716654364312954e-06,0.0006130981421129269,0.9999998120100985,5.139780675222373e-07,-5.140940632099158e-07,0.0,0.9999999999997358,1.3456154832714324e-05,-1.3441561198220507e-05,0.0012261962706644654,-1.243706851663416e-05,1.2404491334773826e-05,-0.0,0.00034558002448302727,-0.0003454594022802693,0.0015803458438413249,-3.9875439532187374e-07,3.981778430994378e-07,-1.2269056673537108e-19,0.034127142,0.034127142,0.008525660340606107,0.008531781068664316,0.008537910659393903,0.008531789931335673,533.0934983848551,533.2848228562393,533.4763555958191,533.285099839841,-0.7755242621525579,1.0199706000001014,8.727710247110075e-06,8.725223921103882e-06,0.968542884224021
7.98,attitude_only,8.365195254591679e-06,-8.347624560801084e-06,0.0006209974924862243,0.999999807111209,6.057467768392588e-07,-6.058834830887633e-07,0.0,0.9999999999996331,1.6720019577349747e-05,-1.6705635432607296e-05,0.0012419949252266348,-1.5519650691234782e-05,1.548273105012719e-05,-0.0,0.0003086996849332985,-0.0003087498158699378,0.0015796625622075807,-3.9612793587586353e-07,3.9570098725499266e-07,-1.2269056673537108e-19,0.034127142,0.034127142,0.008525699564291741,0.008531782218505998,0.008537871435708269,0.008531788781493991,533.0947246750725,533.2848587920593,533.4751301828502,533.2850639040372,-0.8637139770819867,1.0199706000001014,8.883586502879003e-06,8.8809989306211e-06,0.9563781558560243
7.99,attitude_only,9.778134998547053e-06,-9.759658675901395e-06,0.0006288985336798027,0.9999998021478662,6.975359799592891e-07,-6.976934013957056e-07,0.0,0.9999999999995134,1.954399046275543e-05,-1.9531612400631453e-05,0.0012577969595294223,-1.816207706762051e-05,1.8123054661521128e-05,-0.0,0.0002591805711149865,-0.00025939869671540356,0.0015808890595435379,-3.728221292284296e-07,3.7256982003958486e-07,-1.2269056673537108e-19,0.034127142,0.034127142,0.008526056475272333,0.008531783560771132,0.008537514524727677,0.008531787439228857,533.1058830186342,533.2849007416559,533.4639795627467,533.2850219544534,-0.9519042811441405,1.0199706000001014,9.039281106342345e-06,9.036595985224976e-06,0.9433315008820958
8.0,attitude_only,1.0913334650953088e-05,-1.0895113757558344e-05,0.0006368113293437395,0.9999997971167427,7.893209497038292e-07,-7.894990853717602e-07,0.0,0.9999999999993768,2.181278861680467e-05,-2.180412256626533e-05,0.0012736225071163234,-2.024903461597379e-05,2.0210225734325744e-05,-0.0,0.00019913368465044966,-0.00019950836966778782,0.0015841277917320708,-3.2982559635932657e-07,3.297635867262118e-07,-1.2269056673537108e-19,0.034127142,0.034127142,0.008526715948680444,0.008531785023398762,0.008536855051319566,0.008531785976601227,533.1264999566378,533.2849464529185,533.4433756679199,533.2849762431974,-1.040095072169414,1.0199706000001014,9.194930203880406e-06,9.192151609872215e-06,0.929402918519391
8.01,attitude_only,1.1724922609809094e-05,-1.1708100651872195e-05,0.0006447419414511295,0.9999997920166162,8.811030090528112e-07,-8.813018582954323e-07,0.0,0.9999999999992235,2.34347429439282e-05,-2.3431315534441298e-05,0.001289483697863923,-2.1688777496037634e-05,2.1652463286572393e-05,-0.0,0.00013104036128441164,-0.00013155172448331656,0.001587736870746346,-2.6886980424329484e-07,2.690032267052964e-07,-1.2269056673537108e-19,0.034127142,0.034127142,0.008527651449588435,0.008531786525474693,0.008535919550411575,0.008531784474525296,533.1557448997568,533.2849933970482,533.4141464944344,533.2849292990661,-1.1282862722343752,1.0199706000001014,9.350644780075767e-06,9.347776997261533e-06,0.9145924077944492
8.02,attitude_only,1.2179561367856972e-05,-1.2165208352944001e-05,0.0006526880577727472,0.9999997868509599,9.72882981709237e-07,-9.731025440556191e-07,0.0,0.9999999999990533,2.4343237380784663e-05,-2.4346310430795643e-05,0.001305375912086993,-2.2414629044211884e-05,2.2382943644509273e-05,-0.0,5.74650123601508e-05,-5.808519585833621e-05,0.0015902823617754765,-1.9210571714029546e-07,1.924283029735968e-07,-1.2269056673537108e-19,0.034127142,0.034127142,0.00852883000133648,0.008531787979369697,0.00853474099866353,0.008531783020630292,533.1925856366372,533.2850388353836,533.3773210609144,533.2848838607214,-1.2164778202938893,1.0199706000001014,9.506509774647488e-06,9.503557112445639e-06,0.89889996766913
8.03,attitude_only,1.2258413258033314e-05,-1.224746952673083e-05,0.0006606364842706542,0.9999997816295594,1.0646744392378124e-06,-1.0649147172798862e-06,0.0,0.9999999999988662,2.4500638921708864e-05,-2.4511130417020434e-05,0.0013212727645800382,-2.238888677508391e-05,2.2363704986080377e-05,-0.0,-1.8252632287091324e-05,1.7558725304494487e-05,0.0015887121586586068,-1.0299199868870668e-07,1.0348551692261626e-07,-1.2269056673537108e-19,0.034127142,0.034127142,0.008530198529824371,0.008531789293142876,0.008533372470175639,0.008531781706857115,533.2353617251445,533.2850798945119,533.334556358253,533.2848428015781,-1.304669664158193,1.0199706000001014,9.662585687523633e-06,9.659552290102742e-06,0.8823255972729763
8.04,attitude_only,1.1962536343327422e-05,-1.1955753911155853e-05,0.0006685672572317151,0.9999997763658651,1.1564506519250342e-06,-1.156711642222311e-06,0.0,0.9999999999986624,2.3909080894113064e-05,-2.3927497997390714e-05,0.0013371343282249956,-2.1613720190075448e-05,2.159654033483293e-05,-0.0,-9.18404195485687e-05,9.111380493122613e-05,0.001583779458140106,-6.627622778354143e-09,7.261961539739869e-09,-1.2269056673537108e-19,0.034127142,0.034127142,0.008531678745731873,0.008531790375478531,0.008531892254268137,0.008531780624521458,533.281624964142,533.2851137205604,533.2882977111017,533.2848089755123,-1.392861753119538,1.0199706000001014,9.818886497032174e-06,9.815776087791592e-06,0.8648692961833275
8.05,attitude_only,1.1314080618673914e-05,-1.1311970623754086e-05,0.0006764670907478792,0.9999997710681269,1.2482372134489018e-06,-1.2485189183369294e-06,0.0,0.9999999999984416,2.2612851713045624e-05,-2.263924327650203e-05,0.001352934028885531,-2.013337808206976e-05,2.0125216735246762e-05,-0.0,-0.0001591420269295368,0.00015842772302069165,0.0015767202866457661,9.147649383596419e-08,-9.07423789193349e-08,-1.2269056673537108e-19,0.034127142,0.034127142,0.008533186020127556,0.008531791142350325,0.008530384979872454,0.008531779857649666,533.3287297757846,533.2851376874703,533.2411893278205,533.2847850085877,-1.481054034925877,1.0199706000001014,9.975352969153934e-06,9.9721685244026e-06,0.8465310645618156
8.06,attitude_only,1.0355440346346733e-05,-1.0358231561300406e-05,0.0006843282521059082,0.9999997657401303,1.3400216432418164e-06,-1.340324062239501e-06,0.0,0.999999999998204,2.0696698985891625e-05,-2.073063131183373e-05,0.0013686563966556454,-1.8032673885199327e-05,1.8033983004771856e-05,-0.0,-0.0002162414138409217,0.00021558603195726258,0.0015685568702511839,1.855633552419605e-07,-1.8477961642801433e-07,-1.2269056673537108e-19,0.034127142,0.034127142,0.008534631927365501,0.008531791523755751,0.008528939072634509,0.008531779476244238,533.3739128530598,533.2851496074669,533.1959950035418,533.2847730885828,-1.5692464605846297,1.0199706000001014,1.0131853412975047e-05,1.0128596850499102e-05,0.8273109029296162
8.07,attitude_only,9.146778645767424e-06,-9.154392203130515e-06,0.0006921499081666047,0.9999997603804904,1.431804351261474e-06,-1.432127483980242e-06,0.0,0.9999999999979495,1.8280880488682623e-05,-1.8321441904143476e-05,0.0013842997595128641,-1.543193300143711e-05,1.5442549311414937e-05,-0.0,-0.0002599721835251738,0.0002594208312541246,0.001560600135548139,2.703056980033176e-07,-2.695285332859315e-07,-1.2269056673537108e-19,0.034127142,0.034127142,0.008535934624045331,0.008531791473227754,0.008527636375954679,0.008531779526772235,533.4146174739162,533.2851480283244,533.1552736915917,533.2847746677265,-1.6574389876665543,1.0199706000001014,1.0288186903823158e-05,1.0284858807249465e-05,0.8072088119696741
8.08,attitude_only,7.763449550124885e-06,-7.775491442621677e-06,0.0006999301459713804,0.9999997549885007,1.523585648673239e-06,-1.523929494794742e-06,0.0,0.9999999999976782,1.5516010696761414e-05,-1.556184682045555e-05,0.0013998602855975054,-1.2481862857157875e-05,1.2500992856200674e-05,-0.0,-0.00028718481380746923,0.00028677833850571945,0.00155251509010338,3.399853579257818e-07,-3.392739035498536e-07,-1.2269056673537108e-19,0.034127142,0.034127142,0.008537006234016943,0.008531790968183165,0.008526564765983067,0.008531780031816824,533.448099131707,533.2851322442547,533.1217736434791,533.2847904518068,-1.7456315828809204,1.0199706000001014,1.044409794234132e-05,1.0440697374982583e-05,0.7862247923322907
8.09,attitude_only,6.294714107920973e-06,-6.310484311613861e-06,0.0007076733878205262,0.9999997495594339,1.615365775919434e-06,-1.6157303351795859e-06,0.0,0.9999999999973901,1.258049354065047e-05,-1.2629874666077195e-05,0.0014153468143869327,-9.360985073198071e-06,9.387223242973647e-06,-0.0,-0.00029576791666175963,0.0002955393392795427,0.0015457303289052877,3.897571954177457e-07,-3.891690109056638e-07,-1.2269056673537108e-19,0.034127142,0.034127142,0.008537772266427306,0.008531790020740549,0.008525798733572704,0.00853178097925944,533.4720319575434,533.285102633996,533.0978250931907,533.2848200620828,-1.8338242202273753,1.0199706000001014,1.0599264416508862e-05,1.0595788748011636e-05,0.7643588446361592
8.1,attitude_only,4.836478478496824e-06,-4.855006418708283e-06,0.0007153876428214833,0.9999997440867462,1.7071530491171232e-06,-1.7075383231286378e-06,0.0,0.999999999997085,9.666008058967078e-06,-9.716930266525075e-06,0.0014307753607548665,-6.261095370200064e-06,6.29249504945192e-06,-0.0,-0.0002849268718305826,0.00028489857367180034,0.0015407791144652788,4.1616977723759516e-07,-4.1575656673040646e-07,-1.2269056673537108e-19,0.034127142,0.034127142,0.008538179621375847,0.008531788675903915,0.008525391378624163,0.008531782324096075,533.4847583382256,533.2850606040487,533.085089475222,533.2848620920491,-1.9220168824274737,1.0199706000001014,1.0753319263772924e-05,1.0749764129664774e-05,0.741610969323881
8.11,attitude_only,3.4850700262038662e-06,-3.5051699047431685e-06,0.0007230832651156494,0.9999997385630457,1.7989309490674122e-06,-1.799336935714915e-06,0.0,0.9999999999967631,6.965069170984243e-06,-7.015377968409401e-06,0.0014461666318389174,-3.3748815298131913e-06,3.4090656222060506e-06,-0.0,-0.0002551874653948541,0.00025536876762980473,0.001538073161326484,4.1733144210033056e-07,-4.171347337210396e-07,-1.2269056673537108e-19,0.034127142,0.034127142,0.008538199142326544,0.008531787011885346,0.008525371857673466,0.008531783988114643,533.4853681944346,533.2850085987588,533.0844791610883,533.2849140973533,-2.01020956099862,1.0199706000001014,1.0905877463822757e-05,1.0902236860019804e-05,0.7179811665710495
8.12,attitude_only,2.3302366730385066e-06,-2.3505875531423473e-06,0.0007307722639581627,0.9999997329804359,1.8907155174284219e-06,-1.891142218216854e-06,0.0,0.9999999999964244,4.657036613332139e-06,-4.704579595654551e-06,0.0014615446470539711,-8.818073879651777e-07,9.161283963995671e-07,-0.0,-0.00020852077535471052,0.0002089053116641882,0.0015378708202108695,3.9324533076908496e-07,-3.9329127354897937e-07,-1.2269056673537108e-19,0.034127142,0.034127142,0.008537830759356217,0.008531785146887351,0.008525740240643793,0.00853178585311264,533.473859383201,533.284950312287,533.095996378507,533.2849723838291,-2.098402255214361,1.0199706000001014,1.1056563226332745e-05,1.105282974859871e-05,0.6934694362502768
8.13,attitude_only,1.447843866883072e-06,-1.4670931248543589e-06,0.0007384673384038898,0.9999997273308336,1.982498829455807e-06,-1.982946244101637e-06,0.0,0.9999999999960688,2.893520143507692e-06,-2.9363238204644216e-06,0.0014769348067999123,1.066380258876438e-06,-1.0346332724343416e-06,-0.0,-0.00014834452763361599,0.00014890722929717244,0.0015402245148946434,3.4600216856809497e-07,-3.462952503547828e-07,-1.2269056673537108e-19,0.034127142,0.034127142,0.00853710644428416,0.008531783247396106,0.00852646455571585,0.008531787752603883,533.4512300196449,533.2848909477968,533.1186408207167,533.2850317483101,-2.186594970819021,1.0199706000001014,1.1205041620504957e-05,1.1201206880675868e-05,0.6680757779179007
8.14,attitude_only,8.931512005987063e-07,-9.100350079465448e-07,0.0007461773806775872,0.9999997216088066,2.0742810519212777e-06,-2.07474918017861e-06,0.0,0.9999999999956964,1.784943808833355e-06,-1.8214024076494566e-06,0.0014923548982165892,2.35916250483582e-06,-2.3325229689441122e-06,-0.0,-7.926332467410625e-05,7.99617785957209e-05,0.0015435157962166435,2.796466614654205e-07,-2.801682559540098e-07,-1.2269056673537108e-19,0.034127142,0.034127142,0.008536088194049713,0.008531781491065198,0.008527482805950297,0.008531789508934792,533.4194157836688,533.2848360574675,533.1504730045824,533.2850866386194,-2.2747877184311984,1.0199706000001014,1.1351052123851425e-05,1.1347107375651415e-05,0.6418001908291022
8.15,attitude_only,6.961595133650881e-07,-7.096167528058213e-07,0.0007539007244787883,0.9999997158163144,2.16606232332835e-06,-2.1665511649825477e-06,0.0,0.9999999999953072,1.3912486698895906e-06,-1.4202827726120693e-06,0.0015078015908009644,2.936537938001783e-06,-2.9171338612083276e-06,-0.0,-6.697430407891034e-06,7.474983113598135e-06,0.001545406516814123,1.9985672164183287e-07,-2.0056589529988988e-07,-1.2269056673537108e-19,0.034127142,0.034127142,0.008534863117186816,0.008531780049346245,0.008528707882813192,0.008531790950653744,533.3811369363942,533.2847909996511,533.188768411751,533.2851316964108,-2.362980509877088,1.0199706000001014,1.1494435561657114e-05,1.1490372394616991e-05,0.6146426740724915
8.16,attitude_only,8.571322648221642e-07,-8.664089547683562e-07,0.0007616230465144796,0.9999997099643828,2.2578427596585533e-06,-2.2583523145211547e-06,0.0,0.9999999999949011,1.7129442783946545e-06,-1.7341230303322692e-06,0.0015232462388097092,2.7979799241378476e-06,-2.7873249291471695e-06,-0.0,6.29126342259858e-05,-6.212276617152898e-05,0.0015432319990986642,1.1431261956496741e-07,-1.151483938042029e-07,-1.2269056673537108e-19,0.034127142,0.034127142,0.008533549119557367,0.008531779076303994,0.008530021880442643,0.008531791923695995,533.3400766102046,533.284760589312,533.2298403891341,533.2851621067286,-2.4511733519426446,1.0199706000001014,1.1635154883383418e-05,1.1630965928879075e-05,0.5866032268704434
8.17,attitude_only,1.3415588356996927e-06,-1.3462958740531303e-06,0.0007693257583746879,0.9999997040670888,2.294556174041127e-06,-2.295074014466902e-06,0.0,0.9999999999947339,2.6810453972009023e-06,-2.694655142820365e-06,0.0015386516649182078,1.9024621871806985e-06,-1.9010856323340089e-06,-0.0,0.00012245811609952324,-0.00012172684877800298,0.0015381127730033182,3.1077493530959555e-08,-3.196146319012956e-08,-1.2269056673537108e-19,0.034127142,0.034127142,0.0085322700125336,0.008531778705877733,0.00853130098746641,0.008531792294122256,533.3001035231351,533.2847490124368,533.2698187430202,533.2851736835948,-2.539366240773887,1.0199706000001014,1.1773328166120277e-05,1.1769007831409351e-05,0.5576818489094555
8.18,attitude_only,2.081740819354462e-06,-2.0820274810625366e-06,0.0007770004827676384,0.9999996981307451,2.294556174041127e-06,-2.295074014466902e-06,0.0,0.9999999999947339,4.160244909214107e-06,-4.167288732380237e-06,0.001554001113239686,4.22062819317534e-07,-4.29657466948876e-07,-0.0,0.00016587721504852026,-0.00016527240465266316,0.0015319788025503743,-4.0406783490748264e-08,3.956010014391594e-08,-1.2269056673537108e-19,0.034127142,0.034127142,0.008531170880732668,0.00853177899245744,0.008532400119267342,0.00853179200754255,533.26575240783,533.2847579688686,533.3041695964054,533.2851647271702,-2.6275591625935033,1.0199706000001014,1.1909249954960407e-05,1.1904795103818898e-05,0.5278785404107365
8.19,attitude_only,2.9821820196641726e-06,-2.9785651352374598e-06,0.0007846415067110396,0.999999692159923,2.294556174041127e-06,-2.295074014466902e-06,0.0,0.9999999999947339,5.959687991728153e-06,-5.961808324253188e-06,0.0015692831566955345,-1.378854866077896e-06,1.3633829864114887e-06,-0.0,0.00018789501630726887,-0.00018747405773201568,0.001525237626385705,-9.045599287567216e-08,8.972964815542461e-08,-1.2269056673537108e-19,0.034127142,0.034127142,0.008530400607133838,0.008531779917370792,0.008533170392866172,0.008531791082629197,533.2416777639022,533.2847868750428,533.3282414194274,533.2851358210164,-2.7157521017921176,1.0199706000001014,1.2043366679244542e-05,1.203877707773138e-05,0.49719330182487137
8.2,attitude_only,3.926266954124197e-06,-3.9197143666189665e-06,0.0007922520990138565,0.9999996861528667,2.294556174041127e-06,-2.295074014466902e-06,0.0,0.9999999999947339,7.846320640206158e-06,-7.845647459407574e-06,0.0015845043330282912,-3.267059896587179e-06,3.2456467505091353e-06,-0.0,0.00018551886949937243,-0.00018532133622651268,0.0015198033310679295,-1.1244497175696026e-07,1.1191132555530873e-07,-1.2269056673537108e-19,0.034127142,0.034127142,0.00853006111489446,0.008531781398436666,0.00853350988510555,0.008531789601563323,533.2310667023088,533.2848331625626,533.3388505476779,533.2850895335229,-2.803945043867704,1.0199706000001014,1.2176262593888982e-05,1.2171541142333054e-05,0.4656261337031716
8.21,attitude_only,4.7902537800120475e-06,-4.78206409333684e-06,0.0007998415411175685,0.999999680103796,2.294556174041127e-06,-2.295074014466902e-06,0.0,0.9999999999947339,9.572854708812558e-06,-9.571788015223038e-06,0.0015996832070224356,-4.995068603611128e-06,4.970311593334533e-06,-0.0,0.00015857333803585865,-0.00015861568407253118,0.0015166362448106939,-1.0293167872575113e-07,1.0264370908449485e-07,-1.2269056673537108e-19,0.034127142,0.034127142,0.008530205463508703,0.008531783286687659,0.008533365536491306,0.00853178771331233,533.2355784425462,533.2848921757694,533.3343396810706,533.2850305203378,-2.892137979914835,1.0199706000001014,1.2308601043622485e-05,1.230375364329569e-05,0.4331770364621387
8.22,attitude_only,5.4575830554348516e-06,-5.449252573405473e-06,0.0008074230515610842,0.9999996740042151,2.294556174041127e-06,-2.295074014466902e-06,0.0,0.9999999999947339,1.0906362849153447e-05,-1.0907314750890015e-05,0.0016148462191523164,-6.329762137873464e-06,6.3046539441479646e-06,-0.0,0.00010982973888178563,-0.00011010128720061,0.0015163760190056645,-6.21869557546167e-08,6.217001931437146e-08,-1.2269056673537108e-19,0.034127142,0.034127142,0.008530829701931716,0.008531785369827828,0.008532741298068294,0.008531785630172161,533.2550891125096,533.284957279809,533.3148319103922,533.2849654163073,-2.9803309087348424,1.0199706000001014,1.2441050019941724e-05,1.2436085069635585e-05,0.3998460102219907
8.23,attitude_only,5.83363002294472e-06,-5.826673798045279e-06,0.0008150116236122563,0.9999996678439809,2.294556174041127e-06,-2.295074014466902e-06,0.0,0.9999999999947339,1.1657758557850892e-05,-1.1662852678178518e-05,0.0016300233597541243,-7.081891030091574e-06,7.059461693398605e-06,-0.0,4.494009676731185e-05,-4.5399944064680716e-05,0.0015191237955344344,5.497478005452245e-09,-5.253953847749342e-09,-1.2269056673537108e-19,0.034127142,0.034127142,0.00853186813467161,0.008531787371707789,0.0085317028653284,0.0085317836282922,533.2875439095252,533.2850198442289,533.282378774085,533.2849028518809,-3.0685238368383505,1.0199706000001014,1.2574204188301131e-05,1.2569131695414381e-05,0.3656330547294615
8.24,attitude_only,5.858509353662093e-06,-5.854264426689974e-06,0.0008226145448010757,0.9999996616183009,2.294556174041127e-06,-2.295074014466902e-06,0.0,0.9999999999947339,1.1707383137437717e-05,-1.1718163481706593e-05,0.001645229206617085,-7.131684638942415e-06,7.1146081094744716e-06,-0.0,-2.8287198683234594e-05,2.770658296548726e-05,0.0015216756114154223,9.234241276283599e-08,-9.188563430974793e-08,-1.2269056673537108e-19,0.034127142,0.034127142,0.008533201462485575,0.008531789010763768,0.008530369537514435,0.008531781989236221,533.3292123534198,533.2850710693663,533.2407066705252,533.2848516267275,-3.1567167770625817,1.0199706000001014,1.2708506890860927e-05,1.2703337218921046e-05,0.3305381693498672
8.25,attitude_only,5.515172923807376e-06,-5.514615570361607e-06,0.000830218761043413,0.999999655337931,2.294556174041127e-06,-2.295074014466902e-06,0.0,0.9999999999947339,1.102118537215458e-05,-1.1038384939653241e-05,0.0016604376520557534,-6.445046648588277e-06,6.4352754659021336e-06,-0.0,-0.00010053051162856386,9.991575230230356e-05,0.0015196067435956433,1.8763484463290756e-07,-1.8704425921322837e-07,-1.2269056673537108e-19,0.034127142,0.034127142,0.008534665254541203,0.00853179003919374,0.008528905745458807,0.00853178096080625,533.3749542470476,533.2851032107104,533.194953260025,533.2848194853682,-3.2449097423696815,1.0199706000001014,1.2844194113736631e-05,1.2838936611164951e-05,0.29456135331388716
8.26,attitude_only,4.8381946174958725e-06,-4.841789015018003e-06,0.0008378020887049583,0.999999649020343,2.294556174041127e-06,-2.295074014466902e-06,0.0,0.9999999999947339,9.668272917480957e-06,-9.691681530561028e-06,0.0016756043266195275,-5.09112472874804e-06,5.089587439607742e-06,-0.0,-0.00016108144739126597,0.00016052713920647362,0.0015139709615157168,2.7764473258727076e-07,-2.7702249246186903e-07,-1.2269056673537108e-19,0.034127142,0.034127142,0.008536048629285285,0.008531790282489352,0.008527522370714725,0.008531780717510637,533.4181795828762,533.2851108143858,533.1517098260971,533.2848118816885,-3.333102734747449,1.0199706000001014,1.298124415206089e-05,1.2975905786859968e-05,0.25770260627130276
8.266,zero_thrust,4.771702737895972e-06,-4.7771779212988345e-06,0.0008453522306017725,0.999999642666944,2.294556174041127e-06,-2.295074014466902e-06,0.0,0.9999999999947339,9.535325270174647e-06,-9.562419967762725e-06,0.0016907046170204056,-5.09112472874804e-06,5.089587439607742e-06,-0.0,0.00010103714408695136,-0.00010127375573966034,0.0015067504525453452,0.0,0.0,0.0,0.0,0.0,0.0,0.0,0.0,0.0,0.0,0.0,0.0,0.0,-3.7447864378584548,1.0199706000001014,1.3120613936155718e-05,1.3115203679489038e-05,0.21996195751918718
8.28,zero_thrust,5.346423196245719e-06,-5.352344663573832e-06,0.0008528871452075663,0.9999996362630768,2.294556174041127e-06,-2.295074014466902e-06,0.0,0.9999999999947339,1.0683712612004237e-05,-1.0713805224895704e-05,0.0017057744400337939,-5.09112472874804e-06,5.089587439607742e-06,-0.0,0.00012264563472817348,-0.00012293359516743363,0.0015084017988930265,0.0,0.0,0.0,0.0,0.0,0.0,0.0,0.0,0.0,0.0,0.0,0.0,0.0,-3.4326999253373156,1.0199706000001014,1.3179525608721947e-05,1.3174042779335244e-05,0.19156535714090153
8.29,zero_thrust,5.9496015561946955e-06,-5.955994728926476e-06,0.0008604377713201532,0.9999996297879166,2.294556174041127e-06,-2.295074014466902e-06,0.0,0.9999999999947339,1.1888949182624533e-05,-1.1922223571979464e-05,0.00172087568417261,-5.09112472874804e-06,5.089587439607742e-06,-0.0,0.00011455968840798018,-0.00011483068773434995,0.00151148013240251,0.0,0.0,0.0,0.0,0.0,0.0,0.0,0.0,0.0,0.0,0.0,0.0,0.0,-2.7970648240248965,1.0199706000001014,1.2975094803384896e-05,1.2969382872077364e-05,0.18902011295314938
8.3,zero_thrust,6.451810313071051e-06,-6.458620403608129e-06,0.0008680026912164496,0.9999996232439232,2.294556174041127e-06,-2.295074014466902e-06,0.0,0.9999999999947339,1.2892403566275461e-05,-1.2928436318357369e-05,0.001736005517158708,-5.09112472874804e-06,5.089587439607742e-06,-0.0,8.511200733674105e-05,-8.531070483354276e-05,0.001514151239116944,0.0,0.0,0.0,0.0,0.0,0.0,0.0,0.0,0.0,0.0,0.0,0.0,0.0,-1.7831346240087003,1.0199706000001014,1.2481690739342078e-05,1.2475565198086993e-05,0.21174597471370976
8.31,zero_thrust,6.777859084612801e-06,-6.784900020245991e-06,0.0008755797933320014,0.9999996166339522,2.294556174041127e-06,-2.295074014466902e-06,0.0,0.9999999999947339,1.354383153137172e-05,-1.3581663951621998e-05,0.0017511597185222165,-5.09112472874804e-06,5.089587439607742e-06,-0.0,4.748755948455655e-05,-4.757665712039133e-05,0.0015163975054415652,0.0,0.0,0.0,0.0,0.0,0.0,0.0,0.0,0.0,0.0,0.0,0.0,0.0,-0.7486075710109218,1.0199706000001014,1.1843873588769786e-05,1.1837237379529863e-05,0.24564098112351698
8.318,hover,6.963741698420455e-06,-6.97084398860563e-06,0.0008831670199484343,0.9999996099593882,0.0,0.0,0.0,1.0,1.3915165127336685e-05,-1.395398283384656e-05,0.0017663341725154158,-1.3927485207602572e-05,1.3941689789819713e-05,-0.001766334269544241,3.6837302593184755e-05,-3.6888794565956246e-05,0.0015182475873453925,-6.730299037767801e-08,6.751230180730348e-08,-2.317136106160777e-05,0.34127141999999994,0.34127141999999994,0.08628229219768423,0.08435238323118441,0.08628436455744973,0.08435238001368157,1695.8998810629932,1676.826200805005,1695.9202473136302,1676.826168824918,0.34235716383881676,1.0199706000001014,1.1207026997255334e-05,1.1199880513721042e-05,0.27858449384617984
8.33,hover,7.154628335704937e-06,-7.1614660845248e-06,0.000871502129752318,0.9999996201907092,0.0,0.0,0.0,1.0,1.4296768772687679e-05,-1.4335397277222193e-05,0.001743004377759015,-1.430925848300636e-05,1.4322933982377445e-05,-0.0017430044801744068,3.95461049062982e-05,-3.958758181664077e-05,-0.006704202511087684,-7.7326496735096e-08,7.751957987850279e-08,-1.315317357853795e-05,0.34127141999999994,0.34127141999999994,0.08586471376416696,0.08476980758491631,0.08586709403404451,0.08476980461687217,1691.7910998324328,1680.9700332934385,1691.8145488798361,1680.9700038655476,0.7658182365574007,1.0199706000001014,1.0570355297433908e-05,1.0562698343121825e-05,0.31056010670279216
8.34,hover,7.360320050029821e-06,-7.366242476999105e-06,0.0008230018299372077,0.9999996612797187,0.0,0.0,0.0,1.0,1.4708510253932802e-05,-1.4744595078081214e-05,0.001646003737343363,-1.472064176211965e-05,1.4732486617395585e-05,-0.0016460038457193813,4.179169081504438e-05,-4.180624164131949e-05,-0.011417882420077805,-8.684778025931327e-08,8.698791436648764e-08,-6.383171634660659e-06,0.34127141999999994,0.34127141999999994,0.08558248439710707,0.08505189059228234,0.08558515657244796,0.08505188843816257,1689.0084309746856,1683.7645380939537,1689.0347990538658,1683.7645167714968,1.233884257888505,1.0199706000001014,9.93264947678859e-06,9.924480640244483e-06,0.3416215901349207
8.35,hover,7.5673308467569356e-06,-7.571980671640531e-06,0.000760956176346494,0.9999997104155073,0.0,0.0,0.0,1.0,1.5123133422145291e-05,-1.5155473772697467e-05,0.0015219123850594215,-1.5134663154435146e-05,1.5143962805100016e-05,-0.0015219124996004101,4.020711827349845e-05,-4.018824917011251e-05,-0.012856672850247443,-9.183008741542256e-08,9.190031642570357e-08,-3.1911514864870037e-06,0.34127141999999994,0.34127141999999994,0.085449407507632,0.08518489089450441,0.08545223178290856,0.08518488981495496,1687.6947542691876,1685.0805212660157,1687.7226448966526,1685.08051058849,1.5941378039439185,1.0199706000001014,9.29094043701005e-06,9.282255570430997e-06,0.3719731100165758
8.36,hover,7.788555260529095e-06,-7.791441566849134e-06,0.0006824222015589928,0.9999997670892582,0.0,0.0,0.0,1.0,1.556647279008831e-05,-1.5593509670965054e-05,0.0013648443877675473,-1.557711173041709e-05,1.5582884343505337e-05,-0.001364844509080303,3.3010539770247634e-05,-3.295455325886244e-05,-0.013193618537420727,-9.039139269404905e-08,9.037477376000644e-08,-9.065490411716e-07,0.34127141999999994,0.34127141999999994,0.0853542385219759,0.08528008199555266,0.08535701723145503,0.08528008225101634,1686.7546603065496,1686.0217673125562,1686.7821162542505,1686.0217698378665,1.8725886552220983,1.0199706000001014,8.641931064001382e-06,8.632723083437898e-06,0.4018370306199233
8.37,hover,7.905215487992272e-06,-7.906862254006028e-06,0.0006302895427053102,0.999999801305021,0.0,0.0,0.0,1.0,1.5800460611978244e-05,-1.582368651587457e-05,0.0012605790439426331,-1.5810432023135713e-05,1.581372555538136e-05,-0.0012605791689008722,2.5729356618574884e-05,-2.565459585295305e-05,-0.012867535295154085,-8.62921531931645e-08,8.622283792949508e-08,-4.404741367694843e-08,0.34127141999999994,0.34127141999999994,0.08531836437205748,0.08531601915834504,0.0853210162457489,0.08531602022384852,1686.4001538984105,1686.376976028245,1686.4263621214823,1686.3769865587442,2.0890184835505163,1.0199706000001014,7.982949858047212e-06,7.973208973021036e-06,0.4313844085885646
8.38,hover,8.005182967363442e-06,-8.005292558588256e-06,0.0005673531597055142,0.9999998389910993,0.0,0.0,0.0,1.0,1.6001279703596535e-05,-1.6019666071716103e-05,0.0011347062521912033,-1.601036679399741e-05,1.6010585976458803e-05,-0.0011347063803103046,1.4880938751575686e-05,-1.4792592380364778e-05,-0.012347031227326902,-7.74231150700216e-08,7.729974333676826e-08,8.518208422594816e-07,0.34127141999999994,0.34127141999999994,0.08528117327701265,0.08535334658686855,0.08528355165279902,0.0853533484833197,1686.0325548163125,1686.7458471552904,1686.0560652283484,1686.7458658940466,2.258172761588096,1.0199706000001014,7.3120523506287695e-06,7.301766380405086e-06,0.4607323073259481
8.39,hover,8.047774043010092e-06,-8.046422139213104e-06,0.0005074219754768852,0.9999998711967054,0.0,0.0,0.0,1.0,1.6087380152804943e-05,-1.6101009441116716e-05,0.0010148438650578024,-1.6095548777073426e-05,1.6092844969363366e-05,-0.0010148439945255208,3.0724465275846085e-06,-2.9815823069299663e-06,-0.01166153253602762,-6.591538754112765e-08,6.575273948350687e-08,1.4827019680254747e-06,0.34127141999999994,0.34127141999999994,0.08525506376031691,0.08537963299856735,0.0852570877423476,0.08537963549876808,1685.774438849169,1687.0055621185463,1685.7944491381265,1687.005586819124,2.3910245997550117,1.0199706000001014,6.627907771851217e-06,6.617062516615397e-06,0.4899566268501742
8.4,hover,8.030879224339526e-06,-8.028204790831803e-06,0.00045134043884508684,0.9999998980814255,0.0,0.0,0.0,1.0,1.6054509907501692e-05,-1.6063657267014925e-05,0.0009026807794485516,-1.6061758994342915e-05,1.6056410127145752e-05,-0.0009026809083568242,-8.748424493523753e-06,8.83134800891232e-06,-0.010831977094579628,-5.284355657753046e-08,5.265733253051019e-08,1.8512441524223559e-06,0.34127141999999994,0.34127141999999994,0.08523990895532878,0.085394988741714,0.08524153069863599,0.08539499160432117,1685.6246018941938,1687.1572614086099,1685.6406368562666,1687.1572896870164,2.4957912361416783,1.0199706000001014,5.929660604248447e-06,5.918240212509479e-06,0.5191052046670622
8.41,hover,7.956568089526441e-06,-7.952757972182836e-06,0.0003996261255523256,0.9999999200862001,0.0,0.0,0.0,1.0,1.590677865034645e-05,-1.5911873978923525e-05,0.0007992521458754675,-1.5913136602945953e-05,1.5905516368055757e-05,-0.0007992522723950799,-1.9834699055198432e-05,1.990083124769502e-05,-0.009934171832388455,-3.914952507649994e-08,3.895477085921959e-08,2.0344379604182573e-06,0.34127141999999994,0.34127141999999994,0.08523248644808652,0.08540262175148493,0.08523368705521192,0.08540262474521655,1685.5512100208894,1687.2326627892287,1685.5630815369675,1687.232692361633,2.5786832672090356,1.0199706000001014,5.21681145813184e-06,5.2047988105612375e-06,0.5482077185818462
8.42,hover,7.830095407498792e-06,-7.825366846580347e-06,0.00035245065117336916,0.9999999378279939,0.0,0.0,0.0,1.0,1.5654673732648643e-05,-1.5656252165213034e-05,0.0007049011944371493,-1.5660191139539417e-05,1.565073401750654e-05,-0.0007049013169551147,-2.9642966368628414e-05,2.9685632533685235e-05,-0.009025930279740047,-2.5613848189773164e-08,2.542383818585451e-08,2.096528733621637e-06,0.34127141999999994,0.34127141999999994,0.08523010736439883,0.08540520890349873,0.08523089190779932,0.08540521182430304,1685.5276855671325,1687.2582187629998,1685.535443193046,1687.2582476145833,2.644440501893773,1.0199706000001014,4.489129376684119e-06,4.476506471200984e-06,0.5772824129881728
8.428,attitude_only,7.495485257441996e-06,-7.489690021611427e-06,0.00027873618298651046,0.9999999610969305,0.0,0.0,0.0,1.0,1.4986794638715811e-05,-1.498355798694023e-05,0.0005574722609452606,-1.4990970709282253e-05,1.4979380237470813e-05,-0.0,-4.3185969512252924e-05,4.3176943534149325e-05,-0.007460627480444578,-2.1853891549824366e-09,2.0309544955934373e-09,-2.757717986050421e-07,0.034127142,0.034127142,0.008543243585118161,0.008520293821418638,0.008543308398098925,0.008520296195364273,533.6429388370143,532.9256928008707,533.6449630637374,532.9257670434121,2.9457818422558866,1.0199706000001014,3.7465862722505155e-06,3.733334596323913e-06,0.6063404434141019
8.44,attitude_only,7.451421782896821e-06,-7.445554834167933e-06,0.0002714009956305057,0.9999999631152692,0.0,0.0,0.0,1.0,1.4898801556320196e-05,-1.4895153766213564e-05,0.0005428018869948197,-1.4902843749022768e-05,1.4891109851420725e-05,-0.0,-4.4410468037115754e-05,4.439530350755759e-05,-0.007293498801059168,-9.138830354704078e-10,7.638674349821366e-10,-2.757717986050421e-07,0.034127142,0.034127142,0.008543263096548513,0.008520293855383183,0.008543288886668573,0.00852029616139973,533.6435482151144,532.9256938630746,533.6443536872528,532.9257659812084,3.0828296148102408,1.0199706000001014,2.9893081125367335e-06,2.975408996386531e-06,0.6353886090543264
8.45,attitude_only,7.214867980179829e-06,-7.208749478020024e-06,0.0002347420827462486,0.9999999723960667,0.0,0.0,0.0,1.0,1.4426351170309725e-05,-1.4420885824833015e-05,0.0004694840658082642,-1.442973609313215e-05,1.4417499088699945e-05,-0.0,-4.94667762958229e-05,4.941784664914811e-05,-0.007383414110680884,9.88267289931064e-09,-9.998942045197397e-09,-2.757717986050421e-07,0.034127142,0.034127142,0.008543428800159474,0.008520294114755815,0.008543123183057612,0.008520295902027096,533.6487234176766,532.9257019746692,533.6391784423133,532.9257578696147,2.853411188735545,1.0199706000001014,2.2176411893434515e-06,2.2030762878439004e-06,0.6644246713208755
8.46,attitude_only,6.9581547158818145e-06,-6.9519627685332675e-06,0.0001973427483589862,0.9999999804795469,0.0,0.0,0.0,1.0,1.3913565323026825e-05,-1.3906671548854135e-05,0.0003946854025531556,-1.3916309522314519e-05,1.3903925627536845e-05,-0.0,-5.2641551623424964e-05,5.255598404768505e-05,-0.0075677568943391515,1.8988306706247332e-08,-1.906275573512191e-08,-2.757717986050421e-07,0.034127142,0.034127142,0.008543568449124156,0.008520294436181993,0.00854298353409293,0.00852029558060092,533.6530848508282,532.9257120269201,533.6348168955036,532.9257478173647,2.8604035193062938,1.0199706000001014,1.4339989203990578e-06,1.4187532374950939e-06,0.6933083997367677
8.47,attitude_only,6.691020673315172e-06,-6.6849241350212175e-06,0.0001589016277324506,0.9999999873304074,0.0,0.0,0.0,1.0,1.3379916688028133e-05,-1.3371974529202772e-05,0.00031780316735857125,-1.3382041403145349e-05,1.3369848326505946e-05,-0.0,-5.38502772025788e-05,5.373011954270077e-05,-0.007789625725921742,2.6050293462973256e-08,-2.608096230428801e-08,-2.757717986050421e-07,0.034127142,0.034127142,0.008543676668398344,0.00852029477267312,0.008542875314818744,0.008520295244109792,533.6564646661228,532.9257225503106,533.6314369431004,532.9257372939746,2.8585865462089943,1.0199706000001014,6.418174236452097e-07,6.25880772352991e-07,0.7218215862749651
8.48,attitude_only,6.422874966437341e-06,-6.417019301024794e-06,0.00011932221033255043,0.9999999928398894,0.0,0.0,0.0,1.0,1.2844218456455416e-05,-1.2835571293784269e-05,0.00023864433880979076,-1.2845749963533678e-05,1.2834038632680631e-05,-0.0,-5.3275877554513656e-05,5.31260304520024e-05,-0.008018876191665927,3.10446949398269e-08,-3.103362816260568e-08,-2.757717986050421e-07,0.034127142,0.034127142,0.00854375312078663,0.008520295093449847,0.008542798862430458,0.008520294923333064,533.6588523512823,532.9257325822504,533.6290491352727,532.9257272620349,2.846703551315348,1.0199706000001014,-1.5658910077237728e-07,-1.7322368618804691e-07,0.7498133019923771
8.49,attitude_only,6.161767658600564e-06,-6.156268714463986e-06,7.86131516343522e-05,0.9999999968720528,0.0,0.0,0.0,1.0,1.23225673525279e-05,-1.2313506182676734e-05,0.00015722622756960775,-1.2323535330050251e-05,1.2312537441765626e-05,-0.0,-5.1247061824124785e-05,5.1073584750201186e-05,-0.008240626623482345,3.415680875039763e-08,-3.4108189714749735e-08,-2.757717986050421e-07,0.034127142,0.034127142,0.00854380067109378,0.008520295382073594,0.008542751312123308,0.008520294634709318,533.6603373899227,532.9257416086408,533.6275640095599,532.9257182356442,2.824714405115153,1.0199706000001014,-9.59688105341064e-07,-9.770254913003566e-07,0.7771808801955202
8.5,attitude_only,5.914080458655526e-06,-5.909023108747844e-06,3.683203019186073e-05,0.9999999992867543,0.0,0.0,0.0,1.0,1.1827725627341378e-05,-1.1818481864521665e-05,7.366399051007078e-05,-1.182816092012318e-05,1.181804622030541e-05,-0.0,-4.807353429647468e-05,4.7883035782828315e-05,-0.00844850018569705,3.559098788729476e-08,-3.551045134722267e-08,-2.757717986050421e-07,0.034127142,0.034127142,0.008543822471757608,0.00852029562738906,0.008542729511459478,0.008520294389393853,533.6610182427796,532.9257492806123,533.6268831140187,532.9257105636724,2.7932216655885953,1.0199706000001014,-1.7664470919484494e-06,-1.7844907590528295e-06,0.8038533872703433
8.51,attitude_only,5.6847217603695394e-06,-5.680159958207045e-06,-5.945478133824353e-06,0.9999999999500355,0.0,0.0,0.0,1.0,1.1369511063683263e-05,-1.1360252319312984e-05,-1.1891020848359938e-05,-1.1369443520928436e-05,1.1360319916603296e-05,0.0,-4.405232653348711e-05,4.3851314874547406e-05,-0.00864069245709868,3.557372627528867e-08,-3.54675830587961e-08,-2.757717986050421e-07,0.034127142,0.034127142,0.008543822009603855,0.008520295824199988,0.00854272997361323,0.008520294192582925,533.6610038093427,532.9257554356576,533.6268975483786,532.9257044086265,2.753130646324692,1.0199706000001014,-2.5761583261588e-06,-2.594910833411296e-06,0.8297810529630335
8.52,attitude_only,5.4771742919263574e-06,-5.473133636377892e-06,-4.96417367724013e-05,0.9999999987378717,0.0,0.0,0.0,1.0,1.0954891962620879e-05,-1.0945723466269842e-05,-9.928353354316529e-05,-1.0954348588461313e-05,1.0946267277360981e-05,0.0,-3.9451045142471296e-05,3.9245542801342734e-05,-0.008817715914613545,3.433240338825379e-08,-3.420711694213563e-08,-2.757717986050421e-07,0.034127142,0.034127142,0.008543802781047551,0.008520295971333367,0.008542749202169535,0.008520294045449546,533.6604032855711,532.9257600370921,533.6274981098561,532.9256998071917,2.7054521706553536,1.0199706000001014,-3.3883268848226044e-06,-3.4077901628914025e-06,0.854928435642813
8.53,attitude_only,5.293695690091036e-06,-5.290176657206995e-06,-9.418494193759241e-05,0.9999999955365938,0.0,0.0,0.0,1.0,1.0588387843679233e-05,-1.0579356094544507e-05,-0.0001883699401681215,-1.0587391395934015e-05,1.0580353330155461e-05,0.0,-3.4496807211137095e-05,3.429220206010667e-05,-0.008981132856634272,3.207703311349829e-08,-3.193896210670413e-08,-2.757717986050421e-07,0.034127142,0.034127142,0.008543768013584288,0.008520296069594509,0.008542783969632798,0.008520293947188404,533.6593174671236,532.9257631101011,533.628583993049,532.9256967341821,2.6511919578161383,1.0199706000001014,-4.202599247330326e-06,-4.222774782246989e-06,0.8792699467074052
8.54,attitude_only,5.1355079016233264e-06,-5.132489281604915e-06,-0.00013951229682734003,0.9999999902418015,0.0,0.0,0.0,1.0,1.0272447794477994e-05,-1.0263545530216866e-05,-0.00027902464728304336,-1.0271015836655525e-05,1.0264978596599065e-05,0.0,-2.9381407002588938e-05,2.918238339781013e-05,-0.009132865506242318,2.9001772060942714e-08,-2.885700248894323e-08,-2.757717986050421e-07,0.034127142,0.034127142,0.008543720689663619,0.008520296121079162,0.008542831293553467,0.00852029389570375,533.6578394959208,532.925764720227,533.6300620452796,532.9256951240561,2.591292210153906,1.0199706000001014,-5.018717523308047e-06,-5.039606472682544e-06,0.9027868789024545
8.55,attitude_only,5.002956682761578e-06,-5.0003990214820026e-06,-0.00018557072757720934,0.9999999827567357,0.0,0.0,0.0,1.0,1.0007769049025072e-05,-9.998941066060901e-06,-0.00037114150732738514,-1.0005913423034692e-05,1.000079810044614e-05,0.0,-2.4267498854148955e-05,2.407800827160976e-05,-0.009274838801133457,2.5288394892502636e-08,-2.5142618564009282e-08,-2.757717986050421e-07,0.034127142,0.034127142,0.008543663600467771,0.008520296128817014,0.008542888382749315,0.008520293887965899,533.6560565404079,532.9257649622198,533.6318450876446,532.9256948820632,2.526604263676858,1.0199706000001014,-5.8364895831248035e-06,-5.85809284971479e-06,0.9254654036801406
8.56,attitude_only,4.895642541907815e-06,-4.893491502467e-06,-0.00023231637573032767,0.9999999729905937,0.0,0.0,0.0,1.0,9.79355849640525e-06,-9.784708064885117e-06,-0.0004646328035647832,-9.791285171967896e-06,9.786983093047535e-06,0.0,-1.9293751359814393e-05,1.911700218727657e-05,-0.009408811423436303,2.1109245908504083e-08,-2.096766306416071e-08,-2.757717986050421e-07,0.034127142,0.034127142,0.008543599391468449,0.00852029609658622,0.008542952591748637,0.008520293920196693,533.6540512188412,532.9257639542371,533.6338504926588,532.925695890046,2.45787934933084,1.0199706000001014,-6.655769289850174e-06,-6.678087568277794e-06,0.9472952005996117
8.57,attitude_only,4.812530281615134e-06,-4.8107198919417895e-06,-0.0002797135569729086,0.9999999608570105,0.0,0.0,0.0,1.0,9.627751434215893e-06,-9.618747147493764e-06,-0.0005594271675571216,-9.625060688814819e-06,9.621439909420887e-06,0.0,-1.4578393830343942e-05,1.441685181777522e-05,-0.00953631045412356,1.6628788540398465e-08,-1.649602535151456e-08,-2.757717986050421e-07,0.034127142,0.034127142,0.008543530586359765,0.008520296028799033,0.008543021396857323,0.00852029398798388,533.6519023470813,532.9257618342675,533.6359994371107,532.9256980100159,2.385769558934749,1.0199706000001014,-7.4764432284731185e-06,-7.4994770351466915e-06,0.9682685045731151
8.58,attitude_only,4.7520450335526625e-06,-4.7505008018167705e-06,-0.00032773355840507015,0.9999999462727813,0.0,0.0,0.0,1.0,9.507203354113012e-06,-9.497886284056855e-06,-0.0006554671737079817,-9.504090237314771e-06,9.501001773787676e-06,0.0,-1.0221271260360622e-05,1.0076668440926989e-05,-0.009658620663574384,1.2003690563291184e-08,-1.188372943392574e-08,-2.757717986050421e-07,0.034127142,0.034127142,0.008543459588466517,0.008520295930403396,0.00854309239475057,0.008520294086379518,533.6496849827771,532.9257587570522,533.638216858281,532.9257010872316,2.310834223915487,1.0199706000001014,-8.29842167431664e-06,-8.322171366992824e-06,0.988379433411499
8.59,attitude_only,4.712161253866245e-06,-4.710803133452694e-06,-0.0003763534642491288,0.9999999291568344,0.0,0.0,0.0,1.0,9.427867694798782e-06,-9.41805872316422e-06,-0.0007527069906802169,-9.42432273028211e-06,9.421606489390866e-06,0.0,-6.3047853076051275e-06,6.1781380191590475e-06,-0.00977680054251013,7.3817330844244e-09,-7.277857071818459e-09,-2.757717986050421e-07,0.034127142,0.034127142,0.008543388664081844,0.008520295806774434,0.008543163319135242,0.008520294210008477,533.6474699050502,532.9257548906926,533.6404319744161,532.9257049535915,2.2335488369206664,1.0199706000001014,-9.121632368601063e-06,-9.146098159723104e-06,1.0076235063009125
8.6,attitude_only,4.690489073480908e-06,-4.689234254198218e-06,-0.0004255550972248634,0.9999999094294307,0.0,0.0,0.0,1.0,9.384968352949342e-06,-9.374475536053117e-06,-0.0008511102641469642,-9.380978430175335e-06,9.37846879153419e-06,0.0,-2.8941448899230843e-06,2.7857823338319027e-06,-0.009891709568920755,2.8999397903689543e-09,-2.8146935678909106e-09,-2.757717986050421e-07,0.034127142,0.034127142,0.008543319913837447,0.008520295663587312,0.008543232069379639,0.0085202943531956,533.6453227202954,532.9257504126728,533.6425791788495,532.9257094316118,2.154314831087294,1.0199706000001014,-9.946016179364556e-06,-9.97119814583276e-06,1.02599729437845
8.61,attitude_only,4.68436038980086e-06,-4.683125887286337e-06,-0.00047532410672987543,0.999999887011553,0.0,0.0,0.0,1.0,9.37317172685066e-06,-9.361797537595414e-06,-0.0009506482931526121,-9.36872113245414e-06,9.366252127332102e-06,0.0,-3.730179717232609e-08,-5.3093680000468134e-08,-0.010004038409287033,-1.3176834435512915e-09,1.382513827816086e-09,-2.757717986050421e-07,0.034127142,0.034127142,0.008543255238101677,0.008520295506672763,0.00854329674511541,0.00852029451011015,533.6433027813515,532.9257455053429,533.6445991205323,532.925714338942,2.0734692596830073,1.0199706000001014,-1.077152404451636e-05,-1.0797422135577962e-05,1.0434981641191083
8.62,attitude_only,4.690910488369699e-06,-4.6896155030491575e-06,-0.0005256486651104029,0.9999998618247323,0.0,0.0,0.0,1.0,9.386749861212179e-06,-9.37429816858513e-06,-0.0010512974226544194,-9.381821408851295e-06,9.379231438090924e-06,0.0,2.235134122428678e-06,-2.3084745670009984e-06,-0.010114337877253002,-5.162343345947741e-09,5.205730510801671e-09,-2.757717986050421e-07,0.034127142,0.034127142,0.008543196303396774,0.008520295341861842,0.008543355679820312,0.008520294674921072,533.6414621384154,532.9257403510625,533.6464397526485,532.9257194932227,1.9912938633251382,1.0199706000001014,-1.1598114795496501e-05,-1.1624728839795134e-05,1.0601240868980446
8.63,attitude_only,4.707174704954456e-06,-4.705742718012024e-06,-0.0005765198703501706,0.999999833790255,0.0,0.0,0.0,1.0,9.419773754071685e-06,-9.40605631238092e-06,-0.0011530398489009808,-9.414349931494485e-06,9.411485957450948e-06,0.0,3.909791449299316e-06,-3.967519071781029e-06,-0.010223044784895052,-8.54280731755338e-09,8.564461935321045e-09,-2.757717986050421e-07,0.034127142,0.034127142,0.008543144506463488,0.008520295174827169,0.0085434074767536,0.008520294841955742,533.6398444164219,532.9257351272367,533.6480574546487,532.9257247170486,1.9080232804313655,1.0199706000001014,-1.2425753442758604e-05,-1.2453083156730702e-05,1.075873496386607
8.64,attitude_only,4.730170861983811e-06,-4.72853144537704e-06,-0.0006279310517008193,0.999999802828911,0.0,0.0,0.0,1.0,9.466278242672896e-06,-9.451120583907212e-06,-0.0012558622306937395,-9.460342345736296e-06,9.457063512307256e-06,0.0,4.990111410602306e-06,-5.034123829307274e-06,-0.01033050407614689,-1.138703559069832e-08,1.1387365892152032e-08,-2.757717986050421e-07,0.034127142,0.034127142,0.008543100949324572,0.008520295010930127,0.008543451033892514,0.008520295005852784,533.6384840359177,532.9257300015369,533.6494178107482,532.9257298427485,1.8238523157126958,1.0199706000001014,-1.3254410176351393e-05,-1.3282455171547066e-05,1.0907451809549868
8.65,attitude_only,4.75697570972629e-06,-4.75506603392233e-06,-0.0006798767445260034,0.9999997688611597,0.0,0.0,0.0,1.0,9.520414938612941e-06,-9.503661555508188e-06,-0.0013597536390758704,-9.513952152467214e-06,9.510132800565026e-06,0.0,5.495524229002379e-06,-5.528091113121783e-06,-0.010436987277601374,-1.3643199111086166e-08,1.3623252283010374e-08,-2.757717986050421e-07,0.034127142,0.034127142,0.008543066423777248,0.008520294855081682,0.008543485559439838,0.008520295161701231,533.6374057284355,532.9257251275479,533.6504960939585,532.9257347167375,1.7389422729819768,1.0199706000001014,-1.4084059623463533e-05,-1.4112819412648013e-05,1.10473820197558
8.66,attitude_only,4.784804553356097e-06,-4.782570579504059e-06,-0.0007323526758575045,0.9999997318068594,0.0,0.0,0.0,1.0,9.57661159751526e-06,-9.558130265012196e-06,-0.0014647055284459282,-9.56960996221346e-06,9.56514201410996e-06,0.0,5.460212213078405e-06,-5.483885756918546e-06,-0.010542707603872783,-1.5280281527284444e-08,1.5241669477085844e-08,-2.757717986050421e-07,0.034127142,0.034127142,0.00854304140225966,0.008520294711622233,0.008543510580957425,0.00852029530516068,533.6366242509866,532.9257206410113,533.6512775510935,532.925739203274,1.653426408302961,1.0199706000001014,-1.4914680090819327e-05,-1.4944154095325223e-05,1.1178518314714487
8.67,attitude_only,4.8110806221710394e-06,-4.808477977064653e-06,-0.0007853555075106459,0.9999996915851819,0.0,0.0,0.0,1.0,9.629711006642467e-06,-9.609396170938073e-06,-0.0015707112227902407,-9.622162233547905e-06,9.616956942800003e-06,0.0,4.9314825289472965e-06,-4.949004500766302e-06,-0.010647832167961354,-1.628796421098472e-08,1.623277685327131e-08,-2.757717986050421e-07,0.034127142,0.034127142,0.008543026039714238,0.008520294584225704,0.008543525943502848,0.00852029543255721,533.6361444440784,532.9257166568246,533.6517573443956,532.9257431874604,1.5674145838041533,1.0199706000001014,-1.574625305396406e-05,-1.5776440611046146e-05,1.1300855043295377
8.68,attitude_only,4.8334953259099695e-06,-4.830489865693806e-06,-0.0008388826333813106,0.9999996481145537,0.0,0.0,0.0,1.0,9.675091678866425e-06,-9.652866861404481e-06,-0.0016777655102786769,-9.666991785711204e-06,9.660980864573825e-06,0.0,3.96779697419815e-06,-3.982005214474118e-06,-0.010752491761382104,-1.6675873319558412e-08,1.660658290960866e-08,-2.757717986050421e-07,0.034127142,0.034127142,0.008543020185230541,0.008520294475830739,0.008543531797986547,0.008520295540952174,533.6359615952477,532.9257132668911,533.651940187814,532.9257465773937,1.4809972115109715,1.0199706000001014,-1.657876274025244e-05,-1.66096631102656e-05,1.14143878155292
8.69,attitude_only,4.8500578707639875e-06,-4.846625947026801e-06,-0.0008929320199782923,0.999999601312618,0.0,0.0,0.0,1.0,9.708767289815964e-06,-9.684586485684664e-06,-0.0017858643243311267,-9.700117030632764e-06,9.693253182246214e-06,0.0,2.636528270360043e-06,-2.650265479947464e-06,-0.010856788635114476,-1.6472230799778254e-08,1.6391591013269437e-08,-2.757717986050421e-07,0.034127142,0.034127142,0.008543023402822203,0.00852029438860031,0.008543528580394883,0.008520295628182604,533.6360620879553,532.9257105388552,533.6518396980964,532.9257493054295,1.3942485766674615,1.0199706000001014,-1.7412195774409212e-05,-1.7443808147609866e-05,1.1519113219258539
8.7,attitude_only,4.8591330938565e-06,-4.85526154240601e-06,-0.0009475020812573992,0.9999995510962099,0.0,0.0,0.0,1.0,9.727462566590592e-06,-9.701310648434508e-06,-0.0018950044932874058,-9.718267641902102e-06,9.710524537842488e-06,0.0,1.0115252171117432e-06,-1.0275526988123381e-06,-0.010960802659012142,-1.5721976487473648e-08,1.5632919923834923e-08,-2.757717986050421e-07,0.034127142,0.034127142,0.008543035000305847,0.008520294323909614,0.00854351698291124,0.0085202956928733,533.6364243035966,532.9257085157246,533.6514774929183,532.9257513285598,1.3072296251950983,1.0199706000001014,-1.824654086539623e-05,-1.8278864368170162e-05,1.1615028601189101
8.71,attitude_only,4.859466806778321e-06,-4.855152684742188e-06,-0.0010025915805520183,0.9999994973813415,0.0,0.0,0.0,1.0,9.728664199658504e-06,-9.700556368042959e-06,-0.0020051835442698616,-9.71893524186276e-06,9.71030699634492e-06,0.0,-8.294245479918607e-07,8.085058167556475e-07,-0.011064596179191108,-1.4484447247583726e-08,1.4389984848649596e-08,-2.757717986050421e-07,0.034127142,0.034127142,0.008543054064962247,0.008520294282360782,0.008543497918254839,0.00852029573442213,533.6370197353955,532.9257072163306,533.6508820772509,532.9257526279538,1.2199902926136934,1.0199706000001014,-1.908178852052535e-05,-1.9114822220863565e-05,1.1702131897417907
8.72,attitude_only,4.850198387412913e-06,-4.845448488230281e-06,-0.001058199553838399,0.999999440083194,0.0,0.0,0.0,1.0,9.710646246875058e-06,-9.680626594976506e-06,-0.0021163995497150917,-9.700398585297958e-06,9.690898785159662e-06,0.0,-2.807144341506249e-06,2.778963298454172e-06,-0.011168217837641076,-1.2830712031703548e-08,1.27338375819197e-08,-2.757717986050421e-07,0.034127142,0.034127142,0.008543079504462375,0.008520294263821946,0.008543472478754711,0.008520295752960967,533.637814266767,532.9257066365489,533.6500875653356,532.9257532077355,1.1325714434205985,1.0199706000001014,-1.991793077802808e-05,-1.9951673690103916e-05,1.178042150208274
8.73,attitude_only,4.83086080084062e-06,-4.825690979162615e-06,-0.0011143252497572388,0.9999993791161139,0.0,0.0,0.0,1.0,9.672470382085506e-06,-9.64060966575015e-06,-0.002228651007417879,-9.661723601284155e-06,9.651383955788238e-06,0.0,-4.843544216823719e-06,4.806018392260874e-06,-0.011271705569224341,-1.0840669291117112e-08,1.074427172855073e-08,-2.757717986050421e-07,0.034127142,0.034127142,0.008543110091425467,0.008520294267487264,0.008543441891791619,0.008520295749295649,533.6387695631278,532.9257067511776,533.6491322892355,532.9257530931068,1.0450064814728657,1.0199706000001014,-2.0754960953136686e-05,-2.0789412040876618e-05,1.1849896165450933
8.74,attitude_only,4.801368645037503e-06,-4.795802984615526e-06,-0.0011709680827706756,0.9999993143936131,0.0,0.0,0.0,1.0,9.613962171418773e-06,-9.580354894437381e-06,-0.002341936746845498,-9.602739484641614e-06,9.591608161253757e-06,0.0,-6.863943000949954e-06,6.815325166841457e-06,-0.011375088949272751,-8.600015868909756e-09,8.50680162909721e-09,-2.757717986050421e-07,0.034127142,0.034127142,0.008543144509935641,0.008520294291954037,0.008543407473281446,0.008520295724828876,533.6398445248644,532.9257075163491,533.6480573462079,532.9257523279354,0.957322683844633,1.0199706000001014,-2.159287339549744e-05,-2.1628031575082366e-05,1.1910554914784102
8.75,attitude_only,4.761995189846371e-06,-4.756065047309551e-06,-0.0012281275966011262,0.9999992458283705,0.0,0.0,0.0,1.0,9.535665307015908e-06,-9.5004262455683e-06,-0.002456255856015295,-9.523992773934579e-06,9.512132485879373e-06,0.0,-8.799166436201811e-06,8.73807857944024e-06,-0.01147839103012958,-6.197194831154535e-09,6.1096218922796024e-09,-2.757717986050421e-07,0.034127142,0.034127142,0.008543181402369423,0.008520294335312638,0.008543370580847663,0.008520295681470275,533.6409967499818,532.9257088723417,533.6469051363352,532.9257509719428,0.8695423032057148,1.0199706000001014,-2.243166325767761e-05,-2.2467527398957036e-05,1.1962396992849105
8.76,attitude_only,4.713339696502274e-06,-4.707082652700097e-06,-0.001285803435709246,0.9999991733322346,0.0,0.0,0.0,1.0,9.438776366923913e-06,-9.402036666400863e-06,-0.0025716076244501258,-9.426681990582737e-06,9.41416789953005e-06,0.0,-1.0587362918862431e-05,1.0512817346502924e-05,-0.011581629776454145,-3.7204242216093217e-09,3.6406489521004555e-09,-2.757717986050421e-07,0.034127142,0.034127142,0.008543219414970875,0.00852029439524492,0.008543332568246211,0.008520295621537992,533.6421839575927,532.9257107466581,533.6457179392277,532.9257490976266,0.7816834770986292,1.0199706000001014,-2.3271326275825376e-05,-2.3307895202671824e-05,1.2005421810116133
8.77,attitude_only,4.656286561457494e-06,-4.649745309996595e-06,-0.0013439953230519922,0.9999990968162273,0.0,0.0,0.0,1.0,9.325063184387379e-06,-9.286966166254888e-06,-0.0026879914986936916,-9.312575926570975e-06,9.299493419710542e-06,0.0,-1.217549135019512e-05,1.2086899161487138e-05,-0.011684819186069994,-1.2549000150240896e-09,1.1847373666414464e-09,-2.757717986050421e-07,0.034127142,0.034127142,0.008543257240744787,0.00852029446912678,0.0085432947424723,0.008520295547656131,533.6433653275936,532.9257130572322,533.6445365744348,532.9257467870526,0.6937609766118579,1.0199706000001014,-2.4111858564334644e-05,-2.4149131054006916e-05,1.203962890758261
8.78,attitude_only,4.591958017184798e-06,-4.585179217171298e-06,-0.0014027030427432765,0.9999990161905481,0.0,0.0,0.0,1.0,9.196770289340356e-06,-9.157467105619572e-06,-0.0028054070476308626,-9.183919046111914e-06,9.17036144163888e-06,0.0,-1.3520449417284369e-05,1.3417616957238494e-05,-0.01178797016473388,1.1197448205533975e-09,-1.1788477505286185e-09,-2.757717986050421e-07,0.034127142,0.034127142,0.008543293658412821,0.00852029455413092,0.008543258324804265,0.008520295462651994,533.644502717331,532.9257157156433,533.6433991847698,532.9257441286417,0.6057868218282688,1.0199706000001014,-2.4953256426760193e-05,-2.499123120838085e-05,1.2065017927852
8.79,attitude_only,4.521662241766954e-06,-4.514695358823231e-06,-0.0014619264265397956,0.9999989313645767,0.0,0.0,0.0,1.0,9.056515124914612e-06,-9.016160393595593e-06,-0.002923853935458235,-9.043327704874246e-06,9.029393934023427e-06,0.0,-1.4589824629817302e-05,1.4472938866809781e-05,-0.011891091208497883,3.331656646255701e-09,-3.378634128665366e-09,-2.757717986050421e-07,0.034127142,0.034127142,0.008543327566383154,0.00852029464732617,0.008543224416833934,0.008520295369456744,533.6455617224838,532.9257186302225,533.6423401753256,532.9257412140628,0.5177707870168518,1.0199706000001014,-2.5795516185308133e-05,-2.5834191937590344e-05,1.2081588592629118
8.8,attitude_only,4.446838778818095e-06,-4.4397349353804e-06,-0.0015216653433101175,0.9999988422468785,0.0,0.0,0.0,1.0,8.907178842990393e-06,-8.865926389728962e-06,-0.003043331900621232,-8.893680989865431e-06,8.879473297507041e-06,0.0,-1.5362264152438854e-05,1.523186819028359e-05,-0.011994188935803538,5.318599196045058e-09,-5.352768307182574e-09,-2.757717986050421e-07,0.034127142,0.034127142,0.008543358010911762,0.008520294745770318,0.008543193972305324,0.008520295271012595,533.6465125565101,532.925721708955,533.6413893338648,532.9257381353302,0.42972081476534624,1.0199706000001014,-2.6638634031061954e-05,-2.6678009379443465e-05,1.208934068520505
8.81,attitude_only,4.36900315237129e-06,-4.361814005304145e-06,-0.0015819196908295795,0.9999987487452063,0.0,0.0,0.0,1.0,8.751795450639439e-06,-8.709794271004979e-06,-0.0031638407394029146,-8.738009949235161e-06,8.723631649103901e-06,0.0,-1.58274724459982e-05,1.5684432580894276e-05,-0.012097268502248723,7.029375365416022e-09,-7.050426517651636e-09,-2.757717986050421e-07,0.034127142,0.034127142,0.00854338420787413,0.008520294846593933,0.008543167775342956,0.00852029517018898,533.6473307305157,532.9257248621029,533.6405711507499,532.9257349821825,0.3416433550491169,1.0199706000001014,-2.7482605896755117e-05,-2.752267941011174e-05,1.208827403682347
8.82,attitude_only,4.289692482626788e-06,-4.282469143466733e-06,-0.0016426893893879964,0.9999986507665043,0.0,0.0,0.0,1.0,8.593442923324645e-06,-8.550833466286143e-06,-0.003285380293138607,-8.579388823786846e-06,8.56494213896942e-06,0.0,-1.598585757666439e-05,1.5831323445139343e-05,-0.012200333923830523,8.424810720983192e-09,-8.432788696913965e-09,-2.757717986050421e-07,0.034127142,0.034127142,0.008543405557810605,0.008520294947073351,0.00854314642540648,0.00852029506970956,533.6479975230428,532.9257280044864,533.6399043489433,532.925731839799,0.2535436425262872,1.0199706000001014,-2.8327427353418852e-05,-2.8368197540536222e-05,1.2078388516066967
8.83,attitude_only,4.210413774449937e-06,-4.20320578521612e-06,-0.001703974376809911,0.9999985482169105,0.0,0.0,0.0,1.0,8.43513963399883e-06,-8.392050491869722e-06,-0.0034079504382558364,-8.42083162397392e-06,8.406415638529991e-06,0.0,-1.5847857454217078e-05,1.5683216893347357e-05,-0.012303388328799271,9.478292383946338e-09,-9.473569445117224e-09,-2.757717986050421e-07,0.034127142,0.034127142,0.008543421654149118,0.008520295044691598,0.008543130329067969,0.008520294972091315,533.6485002367856,532.9257310573897,533.6394016271028,532.9257287868957,0.16542592307453421,1.0199706000001014,-2.9173093531663497e-05,-2.9214558837644256e-05,1.205968402059372
8.84,attitude_only,4.132596369152606e-06,-4.1254507447061965e-06,-0.0017657746045753818,0.9999984410017588,0.0,0.0,0.0,1.0,8.279749085574562e-06,-8.236294158925385e-06,-0.003531551078515607,-8.265197033448203e-06,8.250905777128703e-06,0.0,-1.5432985978318604e-05,1.525981623293306e-05,-0.012406434153865902,1.0175871855615144e-08,-1.0159114574051985e-08,-2.757717986050421e-07,0.034127142,0.034127142,0.008543432284737557,0.008520295137186624,0.00854311969847953,0.00852029487959629,533.6488322463739,532.92573395007,533.6390696116471,532.9257258942154,0.0772936386793452,1.0199706000001014,-3.001959906773388e-05,-3.0061757870508584e-05,1.203216047070358
8.85,attitude_only,4.057549830347078e-06,-4.050510176773233e-06,-0.0018280900347980996,0.9999983290255811,0.0,0.0,0.0,1.0,8.12989549550558e-06,-8.0861716842157e-06,-0.003656182138968608,-8.115104180738492e-06,8.101024865748741e-06,0.0,-1.4768645926327387e-05,1.4588662799027114e-05,-0.01250947329704412,1.0515954066931662e-08,-1.0488085531339809e-08,-2.757717986050421e-07,0.034127142,0.034127142,0.008543437427028336,0.00852029522258686,0.008543114556188752,0.008520294794196052,533.6489928479311,532.9257366208685,533.6389090071036,532.9257232234168,-0.010850421807147001,1.0199706000001014,-3.0866938073848654e-05,-3.090978868094314e-05,1.1995817804328268
8.86,attitude_only,3.986428286153587e-06,-3.979534003546747e-06,-0.0018909206378712716,0.9999982121921084,0.0,0.0,0.0,1.0,7.987892284661102e-06,-7.94397773885709e-06,-0.0037818435612471967,-7.972861323622539e-06,7.95907275019175e-06,0.0,-1.3888760305897142e-05,1.3703766762168214e-05,-0.012612507236692263,1.0508607078503525e-08,-1.0470766066395524e-08,-2.757717986050421e-07,0.034127142,0.034127142,0.008543437237443887,0.00852029529923454,0.0085431147457732,0.00852029471754837,533.6489869269215,532.9257390179405,533.6389149282251,532.9257208263447,-0.09900399984158095,1.0199706000001014,-3.171510413172107e-05,-3.175864477741206e-05,1.1950655973130337
8.870000000000001,attitude_only,3.920201982709087e-06,-3.913487560020179e-06,-0.0019542663906336587,0.9999980904042723,0.0,0.0,0.0,1.0,7.855684988154162e-06,-7.811637935802948e-06,-0.003908535299897911,-7.840408956089292e-06,7.826980102163581e-06,0.0,-1.2832276789233215e-05,1.2644112407364073e-05,-0.01271553712424284,1.0174537141189048e-08,-1.0128035730825775e-08,-2.757717986050421e-07,0.034127142,0.034127142,0.008543432035609465,0.008520295365797691,0.008543119947607621,0.008520294650985222,533.6488244657238,532.9257410996298,533.6390773924395,532.9257187446552,-0.18716526720316573,1.0199706000001014,-3.2564090307590326e-05,-3.260831915055559e-05,1.1896674939465388
8.88,attitude_only,3.805006278583217e-06,-3.7987541292221284e-06,-0.0020181272749422224,0.9999979635646233,0.0,0.0,0.0,1.0,7.625329798798693e-06,-7.582134812778043e-06,-0.004036257318690895,-7.610017722936904e-06,7.597513415726654e-06,0.0,-3.943606262554633e-05,3.900687969401161e-05,-0.012818563856437365,4.449713379655525e-08,-4.414727416741338e-08,-2.757717986050421e-07,0.034127142,0.034127142,0.008543957305655058,0.008520297697385439,0.008542594677562028,0.008520292319397473,533.6652291982012,532.9258140174684,533.6226718559982,532.9256458268037,-0.27533274466044,1.0199706000001014,-3.34138496237154e-05,-3.345876471959015e-05,1.1833874674016436
8.89,attitude_only,3.4923182441427103e-06,-3.48752283634091e-06,-0.00208250327634246,0.9999978315755215,-6.652922453952887e-07,6.64380396741713e-07,0.0,0.999999999999558,6.999146898321379e-06,-6.960485019507333e-06,-0.004165009587580799,-8.317991254833746e-06,8.3010386383566e-06,0.0,-8.247960467555211e-05,8.165479081902104e-05,-0.012921588036900734,8.764669879507222e-08,-8.686890889021988e-08,-2.757717986050421e-07,0.034127142,0.034127142,0.008544617305038043,0.008520300986424359,0.008541934678179043,0.008520289030358555,533.6858409538345,532.9259168785208,533.6020576602956,532.925542965699,-0.3635052358575345,1.0199706000001014,-3.426340723011585e-05,-3.430900597642196e-05,1.1762255153951846
8.9,attitude_only,2.9532689898711664e-06,-2.9511149141389156e-06,-0.002147399112752733,0.9999976943271518,-1.0566449028084256e-06,1.055196666730819e-06,0.0,0.999999999998885,5.919198804431816e-06,-5.889532525283681e-06,-0.004294801543764007,-8.024360936773826e-06,8.008086373899044e-06,0.0,-0.00012943278202482051,0.00012815923616315493,-0.013026563006215686,1.4800596715748415e-07,-1.4667045420091286e-07,-2.757717986050421e-07,0.034127142,0.034127142,0.008545540851735195,0.00852030527304049,0.00854101113148189,0.008520284743742421,533.7146819458001,532.9260509376666,533.5732105807003,532.9254089064254,-0.45168177357405975,1.0199706000001014,-3.5112187121425693e-05,-3.515846664495425e-05,1.1681816361507817
8.91,attitude_only,2.1744113169032068e-06,-2.176227179206091e-06,-0.002212825912662277,0.9999975516930111,-1.4479975393045236e-06,1.4460129158315549e-06,0.0,0.9999999999979062,4.35844321039644e-06,-4.3428205148677495e-06,-0.004425655446590787,-7.251216089577343e-06,7.238070683573787e-06,0.0,-0.00017799781050591848,0.000176236191700944,-0.01313371432879736,2.1661659599726094e-07,-2.1464154397881484e-07,-2.757717986050421e-07,0.034127142,0.034127142,0.008546590608234548,0.008520310188488133,0.00853996137498254,0.008520279828294779,533.7474623900504,532.9262046627762,533.5404194305102,532.9252551810863,-0.539861573611096,1.0199706000001014,-3.5959975692124864e-05,-3.6006933056610606e-05,1.1592558284131895
8.92,attitude_only,1.1544873508437608e-06,-1.1617187012783316e-06,-0.0022787929898525788,0.9999974035465428,-1.839350168234936e-06,1.8368291573769745e-06,0.0,0.9999999999966215,2.3142633394157662e-06,-2.3181696944977103e-06,-0.004557589926915716,-5.996042182887806e-06,5.988708365431734e-06,0.0,-0.00022571663563370896,0.0002234440566772,-0.013242416306508045,2.9059883516893223e-07,-2.879188994982555e-07,-2.757717986050421e-07,0.034127142,0.034127142,0.008547722434061484,0.008520315606169232,0.008538829549155602,0.008520274410613682,533.7828033342614,532.9263740946221,533.5050624300768,532.9250857488847,-0.6280439968096561,1.0199706000001014,-3.680659268726305e-05,-3.685422475648622e-05,1.1494480915171508
8.93,attitude_only,-9.532011439790263e-08,8.114698035781047e-08,-0.0023453064069077897,0.9999972497651392,-2.2307027935816155e-06,2.227645395343573e-06,0.0,0.9999999999950309,-1.9102033355627458e-07,1.6184640461910402e-07,-0.004690617113931419,-4.281206035272512e-06,4.282525139759457e-06,0.0,-0.00027010118598303265,0.0002673146884167468,-0.013352075855020327,3.6671122061580715e-07,-3.632827506639704e-07,-2.757717986050421e-07,0.034127142,0.034127142,0.008548886668671289,0.008520321359345677,0.008537665314545797,0.008520268657437236,533.8191537924708,532.9265540186465,533.4686905697403,532.9249058243646,-0.7162285227571177,1.0199706000001014,-3.7651897217712434e-05,-3.770020048402529e-05,1.1387584252516814
8.94,attitude_only,-1.5518688331409317e-06,1.5291926970121236e-06,-0.0024123695240763515,0.9999970902300329,-2.622055416949223e-06,2.6184616313338126e-06,0.0,0.9999999999931343,-3.1111065908561383e-06,3.050889132674146e-06,-0.004824743732538532,-2.15299339079851e-06,2.16587399799701e-06,0.0,-0.0003087958513273895,0.00030551458887541404,-0.013462188144310034,4.415560299369174e-07,-4.3736100340447483e-07,-2.757717986050421e-07,0.034127142,0.034127142,0.008550031279779458,0.00852032725104012,0.008536520703437628,0.008520262765742791,533.8548891405934,532.9267382746,533.4329293496864,532.9247215677774,-0.8044147293139676,1.0199706000001014,-3.8495787666402645e-05,-3.8544758093752746e-05,1.127186829696268
8.95,attitude_only,-3.180626038272867e-06,3.1479067234396333e-06,-0.0024799833418818916,0.9999969248265709,-3.0134080391088275e-06,3.009277866117704e-06,0.0,0.9999999999909318,-6.376846027233194e-06,6.280018287018974e-06,-0.004959971788079086,3.195289413515683e-07,-2.92222925712483e-07,0.0,-0.0003396038360018797,0.00033587115574532545,-0.013572304822762888,5.116238707862604e-07,-5.066739805829069e-07,-2.757717986050421e-07,0.034127142,0.034127142,0.008551102549939847,0.008520333052863767,0.008535449433277241,0.008520256963919146,533.8883325796337,532.9269197198859,533.399457357468,532.9245401217433,-0.8926022755245949,1.0199706000001014,-3.9338200714802616e-05,-3.9387833601912915e-05,1.1147333050925972
8.96,attitude_only,-4.9367602410888885e-06,4.892543323725964e-06,-0.0025481467326210743,0.9999967534446902,-3.4047606604769825e-06,3.400094100111232e-06,0.0,0.9999999999884235,-9.898422264449626e-06,9.759895700825734e-06,-0.00509629902876803,3.0466966883217847e-06,-3.0022754328045672e-06,0.0,-0.0003605643211764682,0.00035644922513094134,-0.013682016866333146,5.734127788400067e-07,-5.677530137253414e-07,-2.757717986050421e-07,0.034127142,0.034127142,0.008552046903409242,0.008520338508907295,0.008534505079807844,0.008520251507875618,533.9178121337042,532.9270903512443,533.3699491537384,532.9243694895683,-0.9807908873782587,1.0199706000001014,-4.0179111354497484e-05,-4.022940122528624e-05,1.1013978517446683
8.97,attitude_only,-6.7665061260883175e-06,6.709495955772273e-06,-0.0026168566164340027,0.9999965759794611,-3.79610962049401e-06,3.790906677771874e-06,0.0,0.9999999999856093,-1.356808149426578e-05,1.3383532012387778e-05,-0.0052337192972762275,5.920985246251872e-06,-5.857078950095892e-06,0.0,-0.00037004295556293196,0.0003656406835954574,-0.01379094833351997,6.235711308791786e-07,-6.172825208212207e-07,-2.757717986050421e-07,0.034127142,0.034127142,0.008552813096565198,0.008520343342160772,0.008533738886651888,0.008520246674622142,533.9417289232099,532.927241505529,533.3460067239618,532.924218334469,-1.0689803459980902,1.0199706000001014,-4.1018532714661004e-05,-4.106947324530888e-05,1.087180469939892
8.98,attitude_only,-8.609462661519063e-06,8.538600022275894e-06,-0.002686106964338851,0.9999963923346652,-4.1874625830542224e-06,4.181723252489821e-06,0.0,0.9999999999824892,-1.7264734392250726e-05,1.7030886561323833e-05,-0.005372220536350505,8.821575866926653e-06,-8.73629016231859e-06,0.0,-0.0003670150800103862,0.00036244488101417835,-0.013898530070831116,6.592970760510176e-07,-6.524961700967317e-07,-2.757717986050421e-07,0.034127142,0.034127142,0.008553358332787777,0.008520347279627308,0.008533193650429309,0.008520242737155605,533.9587478694017,532.9273646451053,533.3289682247193,532.9240951941657,-1.1571704778976635,1.0199706000001014,-4.1856513320957444e-05,-4.190809731595288e-05,1.0720811598849327
8.99,attitude_only,-1.0400954262446538e-05,1.0315496333461727e-05,-0.002755892893089112,0.9999962024126755,-4.578815486837626e-06,4.572539768511521e-06,0.0,0.9999999999790632,-2.0858686339824088e-05,2.0573586488512138e-05,-0.005511792978314687,1.1619124175913365e-05,-1.1511199880140366e-05,0.0,-0.00035061717866767387,0.000346023176638658,-0.014005049138477426,6.778582583518713e-07,-6.707003932143693e-07,-2.757717986050421e-07,0.034127142,0.034127142,0.008553640908843196,0.008520350023187915,0.00853291107437389,0.008520239993594999,533.9675679553081,532.9274504466787,533.3201375776058,532.9240093920521,-1.2453611473599882,1.0199706000001014,-4.269312819422589e-05,-4.274534763090459e-05,1.0560999216328402
9.0,attitude_only,-1.2073570063746365e-05,1.1973174499671412e-05,-0.002826206711824575,0.9999960061252715,-4.97016554968128e-06,4.963353447487256e-06,0.0,0.9999999999753313,-2.4214721028375165e-05,2.387800855339407e-05,-0.005652421238315964,1.4178812678009783e-05,-1.4047793881543054e-05,0.0,-0.0003207450271533878,0.0003162916035126155,-0.014109858924412124,6.773532700992198e-07,-6.700293289032307e-07,-2.757717986050421e-07,0.034127142,0.034127142,0.008553631869794376,0.008520351299635623,0.00853292011342271,0.00852023871714729,533.9672858204698,532.9274903660479,533.3204200547957,532.9239694724221,-1.3335522483764977,1.0199706000001014,-4.352848410068304e-05,-4.358133021800184e-05,1.0392367551084152
9.01,attitude_only,-1.3561671899501002e-05,1.344647086864831e-05,-0.0028970394090755114,0.9999958033901621,-5.361518577601835e-06,5.354170087475961e-06,0.0,0.9999999999712935,-2.720113989808273e-05,2.6814251485434404e-05,-0.005794087288720875,1.63693520578984e-05,-1.6215734244604654e-05,0.0,-0.000278080247455958,0.00027394532857021736,-0.014212799051975023,6.568597447013167e-07,-6.495901100392547e-07,-2.757717986050421e-07,0.034127142,0.034127142,0.008553317263895724,0.008520350882239814,0.008533234719321362,0.0085202391345431,533.9574659682088,532.9274773124955,533.330251636556,532.9239825260604,-1.421743699786977,1.0199706000001014,-4.436270680795865e-05,-4.441617028471104e-05,1.0214916600541266
9.02,attitude_only,-1.4805163085530492e-05,1.4675823493023158e-05,-0.002968381379063746,0.9999955941290021,-5.752869134215565e-06,5.744984259545014e-06,0.0,0.9999999999669499,-2.969732261122286e-05,2.9263622929818636e-05,-0.005936771912398758,1.8070558523887565e-05,-1.7895908790082688e-05,0.0,-0.00022407265965440303,0.00022043986206263952,-0.014313786713064672,6.165128993802535e-07,-6.095396342755323e-07,-2.757717986050421e-07,0.034127142,0.034127142,0.00855269933631952,0.008520348604366375,0.008533852646897567,0.008520241412416538,533.9381779544494,532.9274060747354,533.3495616353177,532.9240537642781,-1.509935440838599,1.0199706000001014,-4.5195926194135286e-05,-4.5249997406686675e-05,1.0028646360036761
9.03,attitude_only,-1.575289776928991e-05,1.5610659973352062e-05,-0.003040226653023176,0.9999953782543456,-6.1442222152886944e-06,6.135800952613445e-06,0.0,0.9999999999623003,-3.160056983641725e-05,3.112539089540891e-05,-0.0060804631662868145,1.9180128997269978e-05,-1.89871636631142e-05,0.0,-0.00016071293693755966,0.00015776178327714323,-0.014414356676873422,5.573212200697329e-07,-5.508973324083977e-07,-2.757717986050421e-07,0.034127142,0.034127142,0.008551793673476516,0.008520344381893941,0.008534758309740572,0.00852024563488897,533.9099073026122,532.9272740219483,533.3778619871836,532.9241858178632,-1.5981274270176091,1.0199706000001014,-4.602826225658292e-05,-4.6082931607972816e-05,0.9833556822863401
9.04,attitude_only,-1.636533088069455e-05,1.621200947285788e-05,-0.003112578643015237,0.999995155650035,-6.5355731146544204e-06,6.5266154669647175e-06,0.0,0.9999999999573448,-3.2831425534547945e-05,3.232198511927831e-05,-0.006225167870019674,1.9618981323365196e-05,-1.9411567559800113e-05,0.0,-9.077338927417617e-05,8.866605218361295e-05,-0.01451660754840375,4.815296228118936e-07,-4.759031191342084e-07,-2.757717986050421e-07,0.034127142,0.034127142,0.008550634745428033,0.008520338253262469,0.008535917237789055,0.008520251763520444,533.8737286858518,532.9270823562534,533.4140742359247,532.9243774845997,-1.6863196244650134,1.0199706000001014,-4.685981814365739e-05,-4.69150763529586e-05,0.9629647981437942
9.05,attitude_only,-1.661960804634269e-05,1.6457560845463304e-05,-0.003185451267748452,0.9999949261637072,-6.926926214500676e-06,6.917432178780543e-06,0.0,0.9999999999520834,-3.334389698258787e-05,3.280907278783232e-05,-0.006370913858643876,1.9341396378600427e-05,-1.912449064311006e-05,0.0,-1.802057381153176e-05,1.6888952631514422e-05,-0.014622429574674715,3.9300957029551876e-07,-3.88407015262036e-07,-2.757717986050421e-07,0.034127142,0.034127142,0.008549281898897546,0.008520330383272582,0.00853727008431954,0.008520259633510332,533.8314933540216,532.9268362315345,533.4563426160739,532.9246236104543,-1.7745120026284773,1.0199706000001014,-4.769066044628533e-05,-4.77464988401196e-05,0.9416919829909713
9.06,attitude_only,-1.651342383026646e-05,1.6345491342749876e-05,-0.0032588591713907317,0.9999946896344164,-7.318277363969559e-06,7.3082469428921815e-06,0.0,0.9999999999465162,-3.313320760829467e-05,3.258317924479515e-05,-0.006517730420927222,1.8342770028938052e-05,-1.8122296965062574e-05,0.0,5.332646511767857e-05,-5.339301232334181e-05,-0.014730685322893724,2.9671061973623493e-07,-2.933206327529115e-07,-2.757717986050421e-07,0.034127142,0.034127142,0.008547810926066756,0.008520321063568566,0.00853874105715033,0.008520268953214347,533.7855663737001,532.9265447685565,533.5022979378917,532.924915074483,-1.8627045283494514,1.0199706000001014,-4.8520791696213974e-05,-4.857720263692888e-05,0.9195372366786344
9.07,attitude_only,-1.6066983837235182e-05,1.589635992158267e-05,-0.003332816361994892,0.9999944458967035,-7.709628662600733e-06,7.69906185596167e-06,0.0,0.999999999940643,-3.223974851774903e-05,3.1685446655175816e-05,-0.006665645576455212,1.666350771811267e-05,-1.6446101651996927e-05,0.0,0.0001182710541385201,-0.00011725132982585825,-0.014841365780081071,1.9910960541174654e-07,-1.970484048600452e-07,-2.757717986050421e-07,0.034127142,0.034127142,0.00854632083135915,0.00852031085061908,0.008540231151857938,0.008520279166163833,533.7390383373743,532.9262253701752,533.5488466191244,532.9252344736497,-1.9508971664668149,1.0199706000001014,-4.935013829699657e-05,-4.940711555703231e-05,0.8965005594892722
9.08,attitude_only,-1.5324386759081156e-05,1.5154412895091955e-05,-0.0034073271507160164,0.9999941948117473,-8.100980088776505e-06,8.08987689640094e-06,0.0,0.9999999999344641,-3.075186770015782e-05,3.0204219448192424e-05,-0.006814667953719556,1.4391805527827773e-05,-1.418439874757568e-05,0.0,0.00017261885337956963,-0.00017056388650962126,-0.01495239901408557,1.0634481205805545e-07,-1.0564570299613598e-07,-2.757717986050421e-07,0.034127142,0.034127142,0.008544905334270441,0.008520300381689501,0.008541646648946645,0.008520289635093412,533.6948358463053,532.9258979661088,533.593061203843,532.9255618781236,-2.039089881805747,1.0199706000001014,-5.017852473036319e-05,-5.023606357573253e-05,0.872581952057658
9.09,attitude_only,-1.4349359322268318e-05,1.4183304913700897e-05,-0.003482394120390168,0.9999939362436755,-8.492331624863984e-06,8.480692046601277e-06,0.0,0.9999999999279792,-2.8797328353262957e-05,2.8266497573885713e-05,-0.006964802726352259,1.1655115716636913e-05,-1.1464499045296084e-05,0.0,0.0002124119897435641,-0.0002094490363014502,-0.015063681051496438,2.4794162361199845e-08,-2.5396686360101246e-08,-2.757717986050421e-07,0.034127142,0.034127142,0.008543661754580238,0.008520290377438717,0.008542890228636848,0.008520299639344194,533.6559988913032,532.9255850941641,533.6319027393586,532.9258747500818,-2.1272826445510153,1.0199706000001014,-5.100569248144951e-05,-5.1063789517879156e-05,0.8477814151023376
9.1,attitude_only,-1.322432936382964e-05,1.306515353157743e-05,-0.003558018110295722,0.9999936700607388,-8.8836832563374e-06,8.871507292056815e-06,0.0,0.9999999999211883,-2.6541463427126374e-05,2.6036036856093765e-05,-0.007116051581658799,8.618292896016488e-06,-8.450639231260625e-06,0.0,0.00023413327391372566,-0.00023046737289891852,-0.015174748080658279,-3.919275593997468e-08,3.7451245131149365e-08,-2.757717986050421e-07,0.034127142,0.034127142,0.008542686911758949,0.008520281623274409,0.00854386507145814,0.008520308393508504,533.625552604038,532.9253113171491,533.6623486643385,532.9261485268074,-2.215475430900291,1.0199706000001014,-5.1831300277865506e-05,-5.1889953272286016e-05,0.8220989493393642
9.11,attitude_only,-1.2045395476703415e-05,1.1895513513663792e-05,-0.003634193142568495,0.9999933961549985,-9.275036469426444e-06,9.26232411696022e-06,0.0,0.9999999999140916,-2.4177093057982085e-05,2.3703319330010358e-05,-0.007268402572177776,5.473530413249926e-06,-5.333927414377467e-06,0.0,0.00023590713978067167,-0.0002318048506745005,-0.015284214242460322,-8.087026312999034e-08,7.824141602975282e-08,-2.757717986050421e-07,0.034127142,0.034127142,0.008542053071579339,0.008520274803276473,0.008544498911637747,0.008520315213506439,533.605755578009,532.9250980289967,533.6821435910376,532.9263618145394,-2.3036682228911385,1.0199706000001014,-5.2654926454098396e-05,-5.271413408877348e-05,0.7955345554308195
9.12,attitude_only,-1.091301423423312e-05,1.0774106002268304e-05,-0.0037109097770347517,0.9999931144330202,-9.666388196744486e-06,9.653139458129017e-06,0.0,0.999999999906689,-2.1905841661290035e-05,2.1467069212090882e-05,-0.007421836824303892,2.4217468891544867e-06,-2.3138135204324744e-06,0.0,0.00021760286948708306,-0.0002133724899338914,-0.01539157449969614,-9.746039507278462e-08,9.426629341565742e-08,-2.757717986050421e-07,0.034127142,0.034127142,0.008541802395146462,0.008520270458773776,0.008544749588070624,0.008520319558009137,533.5979258813531,532.9249621592699,533.6899720521465,532.9264976839095,-2.3918610106205644,1.0199706000001014,-5.347610845245592e-05,-5.3535870000556204e-05,0.7680882338154374
9.13,attitude_only,-9.923417766002644e-06,9.796280434334214e-06,-0.003788156459405706,0.9999928248123572,-9.783793451869304e-06,9.770383797769625e-06,0.0,0.9999999999044086,-1.9920912818358917e-05,1.951723737138756e-05,-0.007576331234244007,2.0536603366197817e-07,-1.2605886214958219e-07,0.0,0.00018087490173643355,-0.00017684294769759192,-0.015496479740671193,-8.177161645191369e-08,7.843972222225401e-08,-2.757717986050421e-07,0.034127142,0.034127142,0.008542044619681574,0.008520269399710748,0.008544507363535512,0.008520320617072166,533.605491590981,532.9249290381886,533.6824075401497,532.9265308048932,-2.480053792318288,1.0199706000001014,-5.429438384722822e-05,-5.435469873551524e-05,0.7397599846243462
9.14,attitude_only,-9.159450082776533e-06,9.043910862957733e-06,-0.0038659197011590564,0.999992527221667,-9.783793451869304e-06,9.770383797769625e-06,0.0,0.9999999999044086,-1.8388689342854982e-05,1.801686716355434e-05,-0.007731858827896647,-1.3240868522883892e-06,1.3771565581719414e-06,0.0,0.00012929984107358717,-0.00012578194550482373,-0.015598478268377867,-3.966038538386717e-08,3.6600639745655874e-08,-2.757717986050421e-07,0.034127142,0.034127142,0.00854268985528234,0.00852027149142372,0.008543862127934745,0.008520318525359193,533.625644538764,532.9249944543078,533.6622567359354,532.9264653889626,-2.568246573276305,1.0199706000001014,-5.510933280861199e-05,-5.51702000660167e-05,0.7105498076532631
9.15,attitude_only,-8.680930403652937e-06,8.575842484339497e-06,-0.003944186964223233,0.999992221589892,-9.783793451869304e-06,9.770383797769625e-06,0.0,0.9999999999044086,-1.7429375215325876e-05,1.7083073131599327e-05,-0.007888394530777786,-2.282652252613739e-06,2.311758405090332e-06,0.0,6.820577079674447e-05,-6.547305202602066e-05,-0.01569831094236559,2.1239391211211105e-08,-2.3668903905117918e-08,-2.757717986050421e-07,0.034127142,0.034127142,0.008543621153282817,0.008520276335345264,0.00854293082993427,0.008520313681437647,533.6547308664038,532.9251459428195,533.6331708185024,532.9263139008259,-2.6564393647874622,1.0199706000001014,-5.592062737240466e-05,-5.5982044970530514e-05,0.6804577023449375
9.16,attitude_only,-8.517630326887678e-06,8.42096227470889e-06,-0.0040229524707235875,0.9999919078222362,-9.783793451869304e-06,9.770383797769625e-06,0.0,0.9999999999044086,-1.7102877066635386e-05,1.677325621842042e-05,-0.008045926788302012,-2.6107865287374484e-06,2.6199725153230027e-06,0.0,4.138030040173449e-06,-2.386536779551154e-06,-0.015798273432536966,9.388060985233636e-08,-9.538829025876146e-08,-2.757717986050421e-07,0.034127142,0.034127142,0.008544730697699721,0.00852028342047675,0.008541821285517365,0.00852030659630616,533.6893821222142,532.925367522719,533.5985159123966,532.92609232132,-2.7446321817622734,1.0199706000001014,-5.672807572327176e-05,-5.6790039928108695e-05,0.649483667848323
9.17,attitude_only,-8.665759426959605e-06,8.574771365013406e-06,-0.004102225390453683,0.9999915857637123,-9.783793451869304e-06,9.770383797769625e-06,0.0,0.9999999999044086,-1.7401724315462167e-05,1.707830063385458e-05,-0.008204473941383041,-2.3160705340912824e-06,2.31079627583229e-06,0.0,-5.6031088789068145e-05,5.6700027334499196e-05,-0.015901584709932647,1.699488482176618e-07,-1.7033820271527217e-07,-2.757717986050421e-07,0.034127142,0.034127142,0.008545891411497659,0.008520292015842977,0.008540660571719429,0.008520298000939936,533.7256289985727,532.9256363334688,533.5622604007718,532.9258235108002,-2.832825037623772,1.0199706000001014,-5.75316530015677e-05,-5.759415782291245e-05,0.6176277032376261
9.18,attitude_only,-9.084482111870553e-06,8.995946437388389e-06,-0.004182025688668406,0.9999912552106066,-9.783793451869304e-06,9.770383797769625e-06,0.0,0.9999999999044086,-1.824404790210557e-05,1.7915752465301033e-05,-0.008364075921928324,-1.4801758739399534e-06,1.4668759672917131e-06,0.0,-0.00010441050052298094,0.00010401403262154842,-0.01600840797831062,2.3893096563800887e-07,-2.3813550549170447e-07,-2.757717986050421e-07,0.034127142,0.034127142,0.008546942687516018,0.008520301122236465,0.008539609295701068,0.008520288894546448,533.7584562176671,532.9259211258936,533.5294211100598,532.9255387183232,-2.92101793633831,1.0199706000001014,-5.83315131191048e-05,-5.839454978626565e-05,0.5848898079256621
9.19,attitude_only,-9.695895587905434e-06,9.606437609115161e-06,-0.004262364135542738,0.9999909159915814,-9.783793451869304e-06,9.770383797769625e-06,0.0,0.9999999999044086,-1.947350729568145e-05,1.9130045814245187e-05,-0.008524754270874312,-2.5890862860595454e-07,2.443114297791176e-07,0.0,-0.00013435025016260738,0.00013304169732213572,-0.016116498080695103,2.908314837883341e-07,-2.889454634128038e-07,-2.757717986050421e-07,0.034127142,0.034127142,0.008547732112271385,0.00852030950419783,0.0085388198709457,0.008520280512585084,533.7831055235633,532.9261832623673,533.5047600832849,532.9252765815324,-3.009210869187742,1.0199706000001014,-5.9128021890746025e-05,-5.9191578296895935e-05,0.5512699819198081
9.2,attitude_only,-1.039510753897934e-05,1.0301602819703673e-05,-0.004343242664052817,0.9999905679700084,-9.783793451869304e-06,9.770383797769625e-06,0.0,0.9999999999044086,-2.0879503711685692e-05,2.0512714361670935e-05,-0.008686512853373197,1.1379460164653637e-06,-1.1476127373448502e-06,0.0,-0.00014145862742991126,0.0001395145561353907,-0.01622430100897694,3.176521731259001e-07,-3.1492589082928575e-07,-2.757717986050421e-07,0.034127142,0.034127142,0.008548137937560792,0.008520315962385804,0.008538414045656294,0.008520274054397108,533.795776727417,532.9263852348904,533.4920819673677,532.9250746085892,-3.0974038227779257,1.0199706000001014,-5.992172399253925e-05,-5.998578492051719e-05,0.5167682255484223
9.21,attitude_only,-1.1063124953254358e-05,1.0963083874642347e-05,-0.00442465565493516,0.9999902110419648,-9.783793451869304e-06,9.770383797769625e-06,0.0,0.9999999999044086,-2.2223049062823273e-05,2.1828052079910763e-05,-0.008849340428420902,2.472401446416603e-06,-2.4721793360436847e-06,0.0,-0.0001242951971995868,0.00012208386455748524,-0.016330446049308493,3.145597141255634e-07,-3.1137191669936464e-07,-2.757717986050421e-07,0.034127142,0.034127142,0.008548086853591088,0.008520319509555306,0.008538465129625998,0.008520270507227607,533.7941817339679,532.9264961685714,533.4936778640086,532.9249636746124,-3.185596785749794,1.0199706000001014,-6.071328148289177e-05,-6.07778293259269e-05,0.4813845391720504
9.22,attitude_only,-1.1582402565763819e-05,1.147430053390345e-05,-0.004506593641444626,0.999989845122409,-9.783793451869304e-06,9.770383797769625e-06,0.0,0.9999999999044086,-2.3267989923590046e-05,2.284397366604797e-05,-0.00901321805884965,3.509366511948035e-06,-3.4962269013378325e-06,0.0,-8.451841036824009e-05,8.246215549609065e-05,-0.016434348129858483,2.804672714692017e-07,-2.7728868085431557e-07,-2.757717986050421e-07,0.034127142,0.034127142,0.008547562860612166,0.008520319438792468,0.00853898912260492,0.008520270577990444,533.777820839725,532.9264939555444,533.5100474719266,532.9249658876455,-3.2737897526613366,1.0199706000001014,-6.150339298902953e-05,-6.156840888107713e-05,0.4451189229689761
9.23,attitude_only,-1.185261367267873e-05,1.1736132199235981e-05,-0.004589043902863225,0.9999894701434793,-9.783793451869304e-06,9.770383797769625e-06,0.0,0.9999999999044086,-2.3812692993288366e-05,2.336323291200586e-05,-0.009178120299533313,4.048187251615207e-06,-4.02151319269026e-06,0.0,-2.707503598151357e-05,2.5592510564776558e-05,-0.016535488945388952,2.1867664016611265e-07,-2.1600661885788458e-07,-2.757717986050421e-07,0.034127142,0.034127142,0.008546616933433981,0.00852031552996821,0.008539935049783107,0.008520274486814703,533.7482844136044,532.9263717115217,533.5395970866988,532.9250881319907,-3.361982724779314,1.0199706000001014,-6.229270997331067e-05,-6.235817539486432e-05,0.40797137683645807
9.24,attitude_only,-1.1806550108236905e-05,1.1682654211112176e-05,-0.004671997517534893,0.9999890860221011,-9.783793451869304e-06,9.770383797769625e-06,0.0,0.9999999999044086,-2.372200517520408e-05,2.3254733070267922e-05,-0.009344029305287015,3.954446839074123e-06,-3.9161880562943115e-06,0.0,4.010483268946324e-05,-4.066280778698397e-05,-0.016636308805797344,1.3693030916746027e-07,-1.3522132592678015e-07,-2.757717986050421e-07,0.034127142,0.034127142,0.008545367727974441,0.008520308143504136,0.008541184255242645,0.008520281873278775,533.7092756665199,532.9261407082016,533.5786182386074,532.925319135767,-3.450175709945337,1.0199706000001014,-6.308174505535463e-05,-6.314764357929669e-05,0.3699419003303646
9.25,attitude_only,-1.142133814035336e-05,1.1292172868682364e-05,-0.004755465731491247,0.9999886925799294,-9.783793451869304e-06,9.770383797769625e-06,0.0,0.9999999999044086,-2.2949817079003764e-05,2.2475462804304243e-05,-0.009510967569898773,3.1823971778172585e-06,-3.1368639074589813e-06,0.0,0.00010734659489348428,-0.00010674983067007913,-0.016741408196289637,4.6220372356399554e-08,-4.581119676508714e-08,-2.757717986050421e-07,0.034127142,0.034127142,0.00854398333911309,0.008520298153283326,0.008542568644103998,0.008520291863499587,533.666042237187,532.9258282751715,533.6218587509323,532.9256315690958,-3.5383687184096226,1.0199706000001014,-6.387079102656337e-05,-6.393710998905524e-05,0.3310304928076978
9.26,attitude_only,-1.072735537334283e-05,1.0596014493313586e-05,-0.004839469248861538,0.999988289586452,-9.783793451869304e-06,9.770383797769625e-06,0.0,0.9999999999044086,-2.1557017682214858e-05,2.1087951407864987e-05,-0.00967897650738774,1.7927930396071454e-06,-1.7461937707834747e-06,0.0,0.00016350205323942642,-0.0001616884601012474,-0.016849838140157145,-3.92971685456859e-08,3.824546541635497e-08,-2.757717986050421e-07,0.034127142,0.034127142,0.008542680004936224,0.008520286925082748,0.008543871978280862,0.008520303091700165,533.6253368839797,532.9254771254842,533.6625643694357,532.9259827186813,-3.6265617513842052,1.0199706000001014,-6.465986424943979e-05,-6.47265963104536e-05,0.2912371539748733
9.27,attitude_only,-9.807555802429596e-06,9.677648665449022e-06,-0.0049240194698480216,0.9999878768477224,-9.783793451869304e-06,9.770383797769625e-06,0.0,0.9999999999044086,-1.9710179673707654e-05,1.925847749342602e-05,-0.009848078926731493,-4.845739583234664e-08,8.88825510746507e-08,0.0,0.00019880291606832603,-0.00019591104950526122,-0.016959714488987504,-1.0574608406590574e-07,1.0330148731362909e-07,-2.757717986050421e-07,0.034127142,0.034127142,0.008541669268183547,0.008520276219410362,0.008544882715033541,0.008520313797372552,533.5937677104668,532.9251423170789,533.6941294734761,532.9263175265586,-3.714754798041727,1.0199706000001014,-6.544866500839095e-05,-6.551580948169151e-05,0.25056188412815605
9.28,zero_thrust,-9.620346314276294e-06,9.48468897581919e-06,-0.005009118623867909,0.9999874541953523,-9.783793451869304e-06,9.770383797769625e-06,0.0,0.9999999999044086,-1.9335471107610585e-05,1.8872761054866864e-05,-0.010018279326628219,-4.845739583234664e-08,8.88825510746507e-08,0.0,-6.103440730383502e-06,4.5745177156302315e-06,-0.017069249354755674,0.0,0.0,0.0,0.0,0.0,0.0,0.0,0.0,0.0,0.0,0.0,0.0,0.0,-4.146894258259075,1.0199706000001014,-6.623147805423346e-05,-6.629901610997834e-05,0.2094337194342587
9.29,zero_thrust,-9.675308808952271e-06,9.529518941922459e-06,-0.005094437085102945,0.9999870231789824,-9.783793451869304e-06,9.770383797769625e-06,0.0,0.9999999999044086,-1.9447461582526404e-05,1.896021005524523e-05,-0.010188918428490493,-4.845739583234664e-08,8.88825510746507e-08,0.0,-1.4519659128845114e-05,1.2561101446176679e-05,-0.017016208609816466,0.0,0.0,0.0,0.0,0.0,0.0,0.0,0.0,0.0,0.0,0.0,0.0,0.0,-3.732316909842192,1.0199706000001014,-6.673588619800791e-05,-6.68027320872391e-05,0.18247162172398831
9.3,zero_thrust,-9.763694540933776e-06,9.6073688688352e-06,-0.005179202128010456,0.9999865877488988,-9.783793451869304e-06,9.770383797769625e-06,0.0,0.9999999999044086,-1.962664419104699e-05,1.9113343730859475e-05,-0.010358450754322249,-4.845739583234664e-08,8.88825510746507e-08,0.0,-1.9388642312771104e-05,1.751616383063775e-05,-0.016903676157430998,0.0,0.0,0.0,0.0,0.0,0.0,0.0,0.0,0.0,0.0,0.0,0.0,0.0,-2.9447206653496187,1.0199706000001014,-6.66729915641875e-05,-6.673658317309108e-05,0.18452826485019505
9.31,zero_thrust,-9.861332722777302e-06,9.696100360480096e-06,-0.005263443418341642,0.9999861478901204,-9.783793451869304e-06,9.770383797769625e-06,0.0,0.9999999999044086,-1.9824462001263826e-05,1.9288122965629404e-05,-0.010526935635343118,-4.845739583234664e-08,8.88825510746507e-08,0.0,-1.7095493521773244e-05,1.5720369323278596e-05,-0.01680564394227783,0.0,0.0,0.0,0.0,0.0,0.0,0.0,0.0,0.0,0.0,0.0,0.0,0.0,-1.792257768954586,1.0199706000001014,-6.609419892187735e-05,-6.615176962208352e-05,0.2127042030164549
9.32,zero_thrust,-9.917508114809082e-06,9.74643154872239e-06,-0.005347236927095993,0.9999857033297505,-9.783793451869304e-06,9.770383797769625e-06,0.0,0.9999999999044086,-1.9938965617369285e-05,1.9386521884390657e-05,-0.010694525013568365,-4.845739583234664e-08,8.88825510746507e-08,0.0,-5.589314230042509e-06,5.006845349085167e-06,-0.016722993398785267,0.0,0.0,0.0,0.0,0.0,0.0,0.0,0.0,0.0,0.0,0.0,0.0,0.0,-0.6817588689491072,1.0199706000001014,-6.53162609395882e-05,-6.536664076052474e-05,0.2503065703271822
9.326,hover,-9.93142251810318e-06,9.756740044539124e-06,-0.005430657509820472,0.9999852537738664,0.0,0.0,0.0,1.0,-1.9968523166477075e-05,1.9405324031543826e-05,-0.010861368602207893,1.986294267078378e-05,-1.951357600637403e-05,0.010861368407758315,-2.185388651306611e-06,1.77302799784809e-06,-0.01665480214166788,3.7558157128920184e-07,-3.7033036110785577e-07,0.0001507980225818117,0.34127141999999994,0.34127141999999994,0.07904033708036885,0.0916011463013031,0.07902887103781348,0.0916010655805145,1623.1690924481534,1747.3899231072526,1623.051355090297,1747.3891531893566,0.49741335853355717,1.0199706000001014,-6.454109893755718e-05,-6.458432077704972e-05,0.28680528620643
9.34,hover,-9.936863986917037e-06,9.761034288029418e-06,-0.005388226032115552,0.9999854833077367,0.0,0.0,0.0,1.0,-1.9978628796237563e-05,1.9414701042992846e-05,-0.010776504405316509,1.987382414132353e-05,-1.9522163041894656e-05,0.010776504210680004,9.185633546517559e-07,-1.3074306955154789e-06,0.03700627043169014,3.747568820213488e-07,-3.69451653898195e-07,8.637698793229386e-05,0.34127141999999994,0.34127141999999994,0.08172453376525884,0.08891693693941757,0.08171309390704998,0.08891685538827356,1650.5002652252524,1721.5974843094382,1650.3847420833924,1721.596694818249,0.944567933125904,1.0199706000001014,-6.376580210209917e-05,-6.38018679540115e-05,0.3223367072158685
9.35,hover,-9.892075128958264e-06,9.720082921623852e-06,-0.005092992844547736,0.9999870305316726,0.0,0.0,0.0,1.0,-1.9882902298571038e-05,1.933915318013898e-05,-0.010186029917842466,1.9784235788330293e-05,-1.944024988655543e-05,0.01018602972493018,1.6790464243801557e-05,-1.6997560469915846e-05,0.0707340422483615,3.564460596548452e-07,-3.514145896888001e-07,3.912923047329973e-05,0.34127141999999994,0.34127141999999994,0.0836929109590123,0.08694827827454218,0.08368202983487937,0.0869482009315661,1670.2585723874442,1702.4323606195753,1670.1499916163157,1702.4316034383105,1.4480162485235337,1.0199706000001014,-6.298933902303567e-05,-6.301823782876697e-05,0.35695480231700827
9.36,hover,-9.729109690115785e-06,9.562871024763139e-06,-0.00471020658592112,0.9999889068223777,0.0,0.0,0.0,1.0,-1.954808972769608e-05,1.9033877652346793e-05,-0.009420448192724713,1.9458291331712104e-05,-1.9125812771591326e-05,0.009420448006102339,4.620375714971947e-05,-4.6065748514790704e-05,0.07880057206275973,3.187225662499994e-07,-3.142114424473923e-07,2.0416453150070408e-05,0.34127141999999994,0.34127141999999994,0.08447203413379632,0.08616857522006736,0.08446230477036444,0.08616850587577181,1678.0150390048786,1694.7819448734142,1677.9184005821464,1694.7812629340676,1.8365987090740172,1.0199706000001014,-6.220814243855879e-05,-6.22298306346212e-05,0.39086408782976706
9.37,hover,-9.39240766725742e-06,9.232628187429113e-06,-0.004310910983278468,0.9999907078933461,0.0,0.0,0.0,1.0,-1.8864242864829367e-05,1.8384105128017743e-05,-0.008621848845518906,1.8784873518233625e-05,-1.8465313568781353e-05,0.008621848671619282,8.473542142153257e-05,-8.41599762712038e-05,0.08009470605895849,2.6543468849968996e-07,-2.61577310300143e-07,9.341538147407554e-06,0.34127141999999994,0.34127141999999994,0.0849326748172186,0.08570711540365172,0.08492457367049741,0.0857070561086322,1682.5840723642766,1690.2378077620886,1682.5038253596674,1690.2372230807546,2.1377317316941804,1.0199706000001014,-6.14184229766922e-05,-6.14328213037442e-05,0.4242867260515147
9.38,hover,-8.85082811993457e-06,8.698041369454366e-06,-0.003910422743236866,0.9999923541907589,0.0,0.0,0.0,1.0,-1.7769546937570224e-05,1.7326728773492183e-05,-0.007820865573111105,1.7701701354502733e-05,-1.739612707475438e-05,0.00782086541876559,0.00012728263385562466,-0.00012624846232559494,0.0795169049630723,2.0187731141090282e-07,-1.9871801719076948e-07,4.1001792047249985e-07,0.34127141999999994,0.34127141999999994,0.08530384986461553,0.08533496336211009,0.08529769197534506,0.08533491479792925,1686.256701144239,1686.5641934824193,1686.1958365439552,1686.563713569984,2.3723201001101004,1.0199706000001014,-6.061750757810594e-05,-6.0624507808931536e-05,0.4573934617892518
9.39,hover,-8.098068690098366e-06,7.952656869642507e-06,-0.0035206983910899717,0.9999938022578018,0.0,0.0,0.0,1.0,-1.6252034815960735e-05,1.5848193448097965e-05,-0.007041411458221726,1.619617084010771e-05,-1.5905346598377854e-05,0.007041411329136664,0.00016887840303413714,-0.00016741913312093895,0.07635237308890622,1.3382685527761703e-07,-1.3134018984846677e-07,-5.205375504050697e-06,0.34127141999999994,0.34127141999999994,0.08553678369935105,0.08510098346631556,0.08553270759265313,0.08510094524168019,1688.5574089475615,1684.2504115710306,1688.5171758345955,1684.250033315325,2.5560091472751405,1.0199706000001014,-5.980400175738821e-05,-5.98034735928489e-05,0.4903011151486041
9.4,attitude_only,-6.034567330701294e-06,5.904718089445081e-06,-0.0028016544236294247,0.9999960753229029,0.0,0.0,0.0,1.0,-1.2102173254191845e-05,1.1775576286425106e-05,-0.005603316249051161,1.2069150450579504e-05,-1.1809451628322317e-05,0.0,0.00023683758565356763,-0.00023471597583989143,0.06820051491392705,1.5901306484842668e-09,-2.670243494906837e-10,1.920536252996796e-06,0.034127142,0.034127142,0.008451777430074452,0.008611818013167292,0.008451748882175815,0.00861179767458244,530.7785925749221,535.780365857979,530.7776961583766,535.7797331796727,2.9815018640686297,1.0199706000001014,-5.897760551166431e-05,-5.896940198024546e-05,0.523085424267309
9.401,attitude_only,-6.034567330701294e-06,5.904718089445081e-06,-0.0028016544236294247,0.9999960753229029,0.0,0.0,0.0,1.0,-1.2102173254191845e-05,1.1775576286425106e-05,-0.005603316249051161,1.2069150450579504e-05,-1.1809451628322317e-05,0.0,0.00023683758565356763,-0.00023471597583989143,0.06820051491392705,1.4739845673364993e-09,-1.5040288993398858e-10,1.920536252996796e-06,0.034127142,0.034127142,0.008451775641041182,0.008611818016821014,0.008451750671209084,0.008611797670928718,530.7785363985367,535.7803659716362,530.7777523348507,535.7797330660153,3.039375539414828,1.0199706000001014,-5.813888775026381e-05,-5.8122849295262186e-05,0.5557941266753045
9.42,attitude_only,-4.778833454515736e-06,4.657380104779818e-06,-0.002460267387237839,0.9999969735153477,0.0,0.0,0.0,1.0,-9.58055478422287e-06,9.29121760252013e-06,-0.004920539783036557,9.557676551087214e-06,-9.314769606563949e-06,0.0,0.00026202018268285676,-0.0002596471897392056,0.06907395284248827,-6.204524358798569e-08,6.286672843014117e-08,1.920536252996796e-06,0.034127142,0.034127142,0.008450803092393325,0.00861181415774367,0.008452723219856942,0.008611801530006064,530.7479970881764,535.7802459262464,530.8082899332848,535.7798531115202,2.933983610150909,1.0199706000001014,-5.728914374295229e-05,-5.726510178976074e-05,0.5884555332855422
9.43,attitude_only,-3.422645531917836e-06,3.3102612127826684e-06,-0.002110030579679393,0.9999977738716624,0.0,0.0,0.0,1.0,-6.859245330314108e-06,6.606063914009304e-06,-0.004220064313515686,6.845296143339e-06,-6.620527338280571e-06,0.0,0.00027775946858167225,-0.00027520129529704326,0.07081808074700136,-1.155740166310256e-07,1.1595252253808927e-07,1.920536252996796e-06,0.034127142,0.034127142,0.008449983661096625,0.00861181075304192,0.008453542651153641,0.008611804934707812,530.7222645005146,535.7801400152218,530.8340183507975,535.7799590226014,2.9977553100445617,1.0199706000001014,-5.643118010677311e-05,-5.639898123016962e-05,0.6209839543817333
9.44,attitude_only,-2.0171436433923357e-06,1.914352123262308e-06,-0.0017515433766502556,0.9999984660428566,0.0,0.0,0.0,1.0,-4.040987239965529e-06,3.821632144289017e-06,-0.0035030885522272072,4.034289349593871e-06,-3.828706204215226e-06,0.0,0.0002828416315233123,-0.00028018864134807844,0.07239258788694286,-1.578296810662089e-07,1.5785820720117487e-07,1.920536252996796e-06,0.034127142,0.034127142,0.008449336803492956,0.008611808063124528,0.008454189508757311,0.008611807624625205,530.7019503604937,535.7800563391826,530.8543274369882,535.7800426986558,3.0417961683540904,1.0199706000001014,-5.5568603161458734e-05,-5.552813775434432e-05,0.6531635503976546
9.45,attitude_only,-6.147489562746318e-07,5.218056915308456e-07,-0.0013856166834004273,0.9999990400324176,0.0,0.0,0.0,1.0,-1.2309427776154607e-06,1.0419067684089491e-06,-0.0027712342542077916,1.229498305975461e-06,-1.043611717006185e-06,0.0,0.0002776985367381428,-0.00027504162569367755,0.07381237607765827,-1.8796949538421023e-07,1.8774897734763833e-07,1.920536252996796e-06,0.034127142,0.034127142,0.008448875413075268,0.008611806148990335,0.008454650899174998,0.008611809538759398,530.6874602210253,535.7799967956479,530.8688130217922,535.7801022421854,3.066892490381865,1.0199706000001014,-5.4703638104586316e-05,-5.4654829895461754e-05,0.6848363281825836
9.46,attitude_only,7.377251209715273e-07,-8.208722373631777e-07,-0.001012968837812765,0.9999994869463262,0.0,0.0,0.0,1.0,1.4771125209529609e-06,-1.6402490473072251e-06,-0.002025938023309429,-1.4754504942714958e-06,1.6417447554940912e-06,0.0,0.00026406570398867737,-0.0002614788257326611,0.07509795009165954,-2.0685768377712952e-07,2.064768577972984e-07,1.920536252996796e-06,0.034127142,0.034127142,0.008448586298886729,0.008611804916875913,0.008454940013363539,0.008611810770873819,530.6783802796419,535.7799584678992,530.8778897060836,535.7801405699238,3.0746876058077826,1.0199706000001014,-5.383753979981908e-05,-5.37803354140236e-05,0.7158950088576974
9.47,attitude_only,2.003016081666081e-06,-2.0767106636710608e-06,-0.0006342119379495549,0.9999997988834263,0.0,0.0,0.0,1.0,4.0086655070871035e-06,-4.150879818610379e-06,-0.001268423969256069,-4.006032431892004e-06,4.153421605782766e-06,0.0,0.00024374417528415465,-0.00024128121518885484,0.0762706770643599,-2.156768775791791e-07,2.1520800166066175e-07,1.920536252996796e-06,0.034127142,0.034127142,0.008448451408352207,0.00861180424013091,0.008455074903898059,0.008611811447618821,530.6741438444816,535.7799374161905,530.8821245153534,535.7801616216245,3.0671620334726697,1.0199706000001014,-5.2971012975864576e-05,-5.290537453799008e-05,0.746265606299019
9.48,attitude_only,3.1524465458651568e-06,-3.217288544495096e-06,-0.0002498548899033611,0.9999999687761221,0.0,0.0,0.0,1.0,6.306500605589542e-06,-6.433001579752826e-06,-0.0004997098052959251,-6.304893157351385e-06,6.4345771559610084e-06,0.0,0.0002184828918701287,-0.00021617767176691088,0.07735047148152376,-2.1576498442229687e-07,2.1526285058973306e-07,1.920536252996796e-06,0.034127142,0.034127142,0.008448450309605227,0.008611803984513163,0.00845507600264504,0.00861181170323657,530.6741093365816,535.7799294646128,530.8821590097323,535.7801695731988,3.04634350393529,1.0199706000001014,-5.210444880830871e-05,-5.2030348757302404e-05,0.7758963001568813
9.49,attitude_only,4.165734717854548e-06,-4.222530806596675e-06,0.00013968729583333831,0.9999999902261381,0.0,0.0,0.0,1.0,8.330289686852051e-06,-8.4462253311887e-06,0.0002793745574003907,-8.33146946285264e-06,8.445061640706971e-06,-0.0,0.00018986593527007192,-0.00018773449586100688,0.07835482859034526,-2.0847535846722972e-07,2.0797870444228053e-07,1.920536252996796e-06,0.034127142,0.034127142,0.00844856232248762,0.008611804026630539,0.008454963989762646,0.008611811661119193,530.6776272681191,535.7799307747706,530.8786424335492,535.7801682630416,3.0141538128485346,1.0199706000001014,-5.123806697598989e-05,-5.115548448989518e-05,0.8047502506418958
9.5,attitude_only,5.029848178979788e-06,-5.079560601543979e-06,0.0005340793009929169,0.9999998573540894,0.0,0.0,0.0,1.0,1.0054269147322963e-05,-1.0164492429704951e-05,0.001068158601695246,-1.0059696836284452e-05,1.015912168614035e-05,-0.0,0.0001592389766938991,-0.00015728300813119502,0.07929857817781395,-1.9506009610757142e-07,1.945943819616328e-07,1.920536252996796e-06,0.034127142,0.034127142,0.008448768302018782,0.00861180426443205,0.008454758010231486,0.008611811423317682,530.6840963014557,535.7799381721333,530.8721757708877,535.780160865682,2.972336050149873,1.0199706000001014,-5.0371997170438747e-05,-5.028091574733712e-05,0.8328009006354474
9.51,attitude_only,5.737872063036986e-06,-5.781569380386476e-06,0.0009330522044458788,0.9999995646735224,0.0,0.0,0.0,1.0,1.1464950119286706e-05,-1.157384119564537e-05,0.0018661046133745406,-1.1475745791306018e-05,1.1563140438686733e-05,-0.0,0.0001277380357273549,-0.00012594821862575356,0.08019400028283137,-1.7667650934438126e-07,1.7625665581578575e-07,1.920536252996796e-06,0.034127142,0.034127142,0.008449050539182592,0.008611804616913198,0.008454475773067675,0.008611811070836533,530.6929601688279,535.7799491368696,530.8633148958928,535.7801499009499,2.922428059619502,1.0199706000001014,-4.9506323934333374e-05,-4.940672977598058e-05,0.860028861610427
9.52,attitude_only,6.2879774401188956e-06,-6.326789606478731e-06,0.0013363929830410722,0.9999991069867152,0.0,0.0,0.0,1.0,1.255903349661072e-05,-1.2670374331339128e-05,0.0026727866822006145,-1.2575958623737388e-05,1.2653582979563586e-05,-0.0,9.627143683097722e-05,-9.463054610871444e-05,0.08105110180632386,-1.5433945488858798e-07,1.5397242304490444e-07,1.920536252996796e-06,0.034127142,0.034127142,0.008449393494936478,0.008611805022896574,0.008454132817313787,0.00861181066485316,530.703730749291,535.7799617659155,530.8525475532664,535.7801372719086,2.8657615899907087,1.0199706000001014,-4.8641110451295175e-05,-4.853299141977935e-05,0.8864198187251818
9.53,attitude_only,6.682637827334989e-06,-6.717714775411391e-06,0.0017439328667318316,0.9999984793030293,0.0,0.0,0.0,1.0,1.3341824844567604e-05,-1.3458717263499185e-05,0.0034878674117828196,-1.3365282429518832e-05,1.3435436361232598e-05,-0.0,6.570867248987186e-05,-6.419385824247233e-05,0.0818779448251074,-1.2912963831648942e-07,1.2881612040399005e-07,1.920536252996796e-06,0.034127142,0.034127142,0.008449780605023584,0.0086118054342005,0.008453745707226684,0.008611810253549233,530.7158877410645,535.7799745604689,530.8403936911949,535.7801244773591,2.803474890912614,1.0199706000001014,-4.7776409910607286e-05,-4.765975486670673e-05,0.9119630996711836
9.54,attitude_only,6.9282626228828e-06,-6.960735236784107e-06,0.0021555388081005685,0.9999976767752984,0.0,0.0,0.0,1.0,1.3826484785858393e-05,-1.3951306409229379e-05,0.004311080858428085,-1.3856535976382814e-05,1.3921481254479594e-05,-0.0,3.670369426428265e-05,-3.528891473723569e-05,0.08268097131272235,-1.0197139754843126e-07,1.0170776418949033e-07,1.920536252996796e-06,0.034127142,0.034127142,0.008450197693880399,0.00861180581760931,0.008453328618369867,0.008611809870140421,530.7289858889186,535.7799864872804,530.8272982923249,535.7801125505507,2.736531551631689,1.0199706000001014,-4.691227479533375e-05,-4.678707324083812e-05,0.936650681616263
9.55,attitude_only,7.034177846725959e-06,-7.065124398426445e-06,0.0025711062050502234,0.9999966946512807,0.0,0.0,0.0,1.0,1.403197882413844e-05,-1.4166373328545246e-05,0.0051422179764889185,-1.4068371193746235e-05,1.4130264365340061e-05,-0.0,9.834781342229738e-06,-8.492503113603227e-06,0.083465297071472,-7.377590958312599e-08,7.355541903912728e-08,1.920536252996796e-06,0.034127142,0.034127142,0.008450630778956764,0.00861180614920164,0.008452895533293503,0.008611809538548091,530.742586035728,535.7799968022211,530.8137003159553,535.7801022356123,2.6657414393868084,1.0199706000001014,-4.6048756198304275e-05,-4.5914998095310415e-05,0.9604764915203353
9.56,attitude_only,7.0126372357997804e-06,-7.043049637616263e-06,0.002990552987368279,0.9999955282370258,0.0,0.0,0.0,1.0,1.3983086529479752e-05,-1.4127979612475028e-05,0.005981114791535815,-1.4025295377537984e-05,1.4086120271835812e-05,-0.0,-1.431225988939758e-05,1.5609673207682616e-05,0.08423496630780206,-4.554195724953403e-08,4.535559362663998e-08,1.920536252996796e-06,0.034127142,0.034127142,0.008451064524596893,0.00861180641149851,0.008452461787653373,0.008611809276251221,530.7562065768958,535.7800049615672,530.8000812500997,535.7800940762675,2.5917814396543486,1.0199706000001014,-4.5185905397752236e-05,-4.504358113925167e-05,0.983435905927584
9.57,attitude_only,6.878346207577688e-06,-6.909099197624636e-06,0.003413814862417643,0.9999941728695413,0.0,0.0,0.0,1.0,1.3709439483807655e-05,-1.3865080676273323e-05,0.0068276428918709825,-1.3756719135898117e-05,1.3818225235460081e-05,-0.0,-3.53936198215411e-05,3.6672333257705696e-05,0.08499316512718483,-1.8043146146657758e-08,1.7880760321072487e-08,1.920536252996796e-06,0.034127142,0.034127142,0.008451487047765403,0.008611806595790002,0.008452039264484863,0.008611809091959731,530.769474372362,535.780010694377,530.7868142196972,535.7800883434587,2.5152148035776203,1.0199706000001014,-4.432377651656604e-05,-4.417287704033763e-05,1.0055253885202906
9.58,attitude_only,6.647375029127458e-06,-6.679202758176897e-06,0.0038408415211584196,0.9999926238966016,0.0,0.0,0.0,1.0,1.3243344477817916e-05,-1.3409370011812497e-05,0.007681701840770287,-1.3294782746168389e-05,1.3358438360777476e-05,-0.0,-5.313452029094299e-05,5.4418288449768065e-05,0.0857423968523398,7.99103802167388e-09,-8.140167454013606e-09,1.920536252996796e-06,0.034127142,0.034127142,0.008451887139319677,0.008611806697677611,0.00845163917293059,0.00861180899007212,530.7820374792801,535.7800138638249,530.7742512258418,535.7800851740112,2.4365085583004795,1.0199706000001014,-4.34624207501807e-05,-4.3302937669952906e-05,1.0267422242922093
9.59,attitude_only,6.337208951895103e-06,-6.370681353258858e-06,0.004271593628729629,0.999990876661945,0.0,0.0,0.0,1.0,1.2619876348400576e-05,-1.2795386425873295e-05,0.008543213157841055,-1.2674456448263929e-05,1.274140145457887e-05,-0.0,-6.725840406420844e-05,6.856778630782804e-05,0.08648462447502933,3.178875252026162e-08,-3.193554547568922e-08,1.920536252996796e-06,0.034127142,0.034127142,0.008452252936138629,0.008611806715635592,0.008451273376111637,0.00861180897211414,530.7935234514023,535.7800144224491,530.762764836659,535.7800846153871,2.3560488107566595,1.0199706000001014,-4.260188620681572e-05,-4.2433811999927954e-05,1.0470843224980226
9.6,attitude_only,5.966380509146341e-06,-6.0018830250667985e-06,0.004706040447352288,0.9999889264945325,0.0,0.0,0.0,1.0,1.1876138673388618e-05,-1.2059789182657611e-05,0.009412115565047714,-1.1932805064319237e-05,1.200381035825285e-05,-0.0,-7.765740129313756e-05,7.900898515243356e-05,0.08722138488036944,5.2750659308812325e-08,-5.2905786060827145e-08,1.920536252996796e-06,0.034127142,0.034127142,0.00845257522337211,0.008611806651582678,0.008450951088878157,0.008611809036167055,530.8036430222922,535.7800124299362,530.752644486367,535.7800866078998,2.274153983457701,1.0199706000001014,-4.1742219866410046e-05,-4.1565548139548866e-05,1.0665500692406409
9.61,attitude_only,5.553542419322688e-06,-5.591264470976643e-06,0.005144157964655837,0.9999867687008317,0.0,0.0,0.0,1.0,1.1049413183084e-05,-1.1239517581740864e-05,0.010288361243598443,-1.1107133825958772e-05,1.118257826200961e-05,-0.0,-8.435904386658338e-05,8.576499211065864e-05,0.08795387988111797,7.043356231334285e-08,-7.060717166052177e-08,1.920536252996796e-06,0.034127142,0.034127142,0.00845284718427078,0.008611806509526886,0.008450679127979486,0.008611809178222848,530.8121822349465,535.7800080109648,530.744104315802,535.7800910268705,2.1910861286701215,1.0199706000001014,-4.088346419579158e-05,-4.069818993006926e-05,1.0851382163358385
9.62,attitude_only,5.11695574755847e-06,-5.156885410091827e-06,0.005585927423752657,0.9999843985593175,0.0,0.0,0.0,1.0,1.0176139856809904e-05,-1.0370775797558722e-05,0.011171912894307436,-1.0233964716703452e-05,1.0313824457079599e-05,-0.0,-8.748741325285508e-05,8.895523279738353e-05,0.0886830484066518,8.451711254879096e-08,-8.471867602601763e-08,1.920536252996796e-06,0.034127142,0.034127142,0.008453063889274323,0.008611806294673608,0.008450462422975943,0.008611809393076124,530.8189863872092,535.7800013274606,530.7372992035371,535.7800977103736,2.1070605159347116,1.0199706000001014,-4.00256550915532e-05,-3.9831774861063915e-05,1.1028477969857688
9.63,attitude_only,4.673947561391171e-06,-4.715873549185349e-06,0.006031334170956424,0.9999818113166025,0.0,0.0,0.0,1.0,9.290839078863147e-06,-9.487955826731748e-06,0.012062741433231803,-9.347951798496291e-06,9.431804282474025e-06,-0.0,-8.729244138646945e-05,8.882500760975541e-05,0.089409623465316,9.485343056162917e-08,-9.50917175439809e-08,1.920536252996796e-06,0.034127142,0.034127142,0.008453223059805965,0.008611806012419596,0.008450303252444303,0.008611809675330137,530.8239840036734,535.7799925473016,530.7323007708093,535.7801064905309,2.0222537021416174,1.0199706000001014,-3.9168821151405677e-05,-3.8966333318048204e-05,1.119678061455461
9.64,attitude_only,4.240483672112534e-06,-4.2840042538269075e-06,0.006480366754080463,0.999979002184745,0.0,0.0,0.0,1.0,8.42526542537081e-06,-8.62278837712088e-06,0.012960824188451127,-8.481026705318808e-06,8.568068477977429e-06,-0.0,-8.4035860543326e-05,8.563140122150168e-05,0.09013417703916468,1.0134089060288823e-07,-1.0162372669645285e-07,1.920536252996796e-06,0.034127142,0.034127142,0.008453323126436716,0.00861180567001858,0.008450203185813552,0.008611810017731151,530.8271258591544,535.7799818961319,530.7291583539748,535.7801171416982,1.936810288533241,1.0199706000001014,-3.8312982175722726e-05,-3.810188702707957e-05,1.135628427796458
9.65,attitude_only,3.831045681303489e-06,-3.87558221252399e-06,0.006933016217158515,0.9999759663394094,0.0,0.0,0.0,1.0,7.608168266148117e-06,-7.804099539946527e-06,0.013866143489673842,-7.662152745898158e-06,7.751226521929938e-06,-0.0,-7.807874638259931e-05,7.973117799451164e-05,0.09085715519107525,1.0403341331230015e-07,-1.0436775142438682e-07,1.920536252996796e-06,0.034127142,0.034127142,0.008453364911318793,0.00861180527417806,0.008450161400931473,0.008611810413571673,530.8284378000985,535.7799695826034,530.7278461676152,535.7801294552232,1.850848554237238,1.0199706000001014,-3.74581511864934e-05,-3.723845107803101e-05,1.1506984439669925
9.66,attitude_only,3.4581093127731326e-06,-3.502928502344507e-06,0.007389275549768924,0.9999726989186358,0.0,0.0,0.0,1.0,6.864261597653728e-06,-7.056771582462078e-06,0.014778685567048155,-6.916281566316082e-06,7.0059207612093005e-06,-0.0,-6.982954770533096e-05,7.152878955383209e-05,0.09157890574070297,1.0309149637498475e-07,-1.034832502436364e-07,1.920536252996796e-06,0.034127142,0.034127142,0.00845335087361075,0.008611804832885006,0.008450175438639516,0.008611810854864725,530.8279970514852,535.7799558551691,530.7282869993998,535.7801431826531,1.7644651366976136,1.0199706000001014,-3.660433351966019e-05,-3.637603295262352e-05,1.1648877586323834
9.67,attitude_only,3.1320293362385596e-06,-3.1762712542692448e-06,0.007849139257071664,0.9999691950220391,0.0,0.0,0.0,1.0,6.214003717669096e-06,-6.40151428748498e-06,0.015698439691385426,-6.264122994666147e-06,6.3526077393195866e-06,-0.0,-5.9730300083271036e-05,6.146250936047756e-05,0.09229969980077361,9.876919278967817e-08,-9.922283459396034e-08,1.920536252996796e-06,0.034127142,0.034127142,0.008453284907496176,0.008611804357219132,0.00845024140475409,0.0086118113305306,530.8259258770298,535.7799410584888,530.7303585548909,535.7801579793277,1.6777389088517336,1.0199706000001014,-3.575152741582967e-05,-3.5514633071755655e-05,1.1781960986070652
9.68,attitude_only,2.8608412356725623e-06,-2.9035539683997165e-06,0.008312603024357414,0.999965449710311,0.0,0.0,0.0,1.0,5.673212602687679e-06,-5.854469374587121e-06,0.016625397503407944,-5.721748367518117e-06,5.807174816810881e-06,-0.0,-4.825807158201599e-05,5.000627552365184e-05,0.09301974866483526,9.142141999301682e-08,-9.193989433342939e-08,1.920536252996796e-06,0.034127142,0.034127142,0.00845317245697002,0.008611803858921286,0.008450353855280247,0.008611811828828447,530.8223951872546,535.7799255577886,530.7338898569366,535.7801734800212,1.590734182884895,1.0199706000001014,-3.4899724771030056e-05,-3.4654245496580486e-05,1.1906232513972403
9.69,attitude_only,2.650175844411344e-06,-2.690353812419638e-06,0.008779663455508032,0.9999614580049306,0.0,0.0,0.0,1.0,5.2529066006969696e-06,-5.427035545682867e-06,0.0175595524908207,-5.300419785248736e-06,5.3807767536406035e-06,-0.0,-3.58831653876971e-05,3.762808499480662e-05,0.09373921700014917,8.145626522241881e-08,-8.204104563144246e-08,1.920536252996796e-06,0.034127142,0.034127142,0.008453019783779497,0.008611803349297984,0.00845050652847077,0.00861181233845175,530.8176015600682,535.7799097047837,530.7386842402066,535.7801893330184,1.5035033518090262,1.0199706000001014,-3.4048911546208175e-05,-3.3794858284816633e-05,1.2021690516722956
9.7,attitude_only,2.50325352994507e-06,-2.539879351417712e-06,0.009250317868946919,0.9999572148880203,0.0,0.0,0.0,1.0,4.959303473311658e-06,-5.12585314653005e-06,0.018500899580368147,-5.006578462433856e-06,5.079831150090268e-06,-0.0,-2.3104723216064e-05,2.4825102551395717e-05,0.09445823309393463,6.937861987615492e-08,-7.002908185245834e-08,1.920536252996796e-06,0.034127142,0.034127142,0.008452834632911561,0.008611802844474551,0.008450691679338705,0.008611812843275182,530.811788141885,535.7798940010892,530.7444984591207,535.7802050367042,1.41608906339127,1.0199706000001014,-3.319906909004291e-05,-3.293645479148409e-05,1.2128333707694978
9.71,attitude_only,2.4208701651487467e-06,-2.4529608236628185e-06,0.009724564138801151,0.9999527153022951,0.0,0.0,0.0,1.0,4.793803440427414e-06,-4.952773486709226e-06,0.019449434820323217,-4.841816645150199e-06,4.905998973795535e-06,-0.0,-1.0362751103407798e-05,1.2036292967440385e-05,0.09517689693947458,5.568484099489035e-08,-5.6398259499543524e-08,1.920536252996796e-06,0.034127142,0.034127142,0.008452624618145105,0.008611802360595555,0.008450901694105162,0.008611813327154178,530.805193963068,535.7798789489192,530.7510933920332,535.780220088865,1.328526006222447,1.0199706000001014,-3.235017404749343e-05,-3.207901349041719e-05,1.2226161085449692
9.72,attitude_only,2.4016396833282266e-06,-2.4282905187396815e-06,0.010202400570832803,0.9999479541510787,0.0,0.0,0.0,1.0,4.753480590830225e-06,-4.90533325276833e-06,0.020405155132521828,-4.803362698642038e-06,4.856665294194435e-06,-0.0,1.88747390155206e-06,-2.8365545337648233e-07,0.09589528640719225,4.0946807338156746e-08,-4.171782246582328e-08,1.920536252996796e-06,0.034127142,0.034127142,0.008452398510060357,0.008611801917912377,0.008451127802189911,0.008611813769837356,530.7980943843072,535.7798651782396,530.7581935994932,535.7802338595355,1.2408423749228739,1.0199706000001014,-3.1502200565325196e-05,-3.122251019614644e-05,1.2315171870422164
9.73,attitude_only,2.441955390620178e-06,-2.4623885039858416e-06,0.010683825805972443,0.9999429262983569,0.0,0.0,0.0,1.0,4.831016578765766e-06,-4.976674784777297e-06,0.0213680581196143,-4.884003697650519e-06,4.924870701861873e-06,-0.0,1.3247889272463652e-05,-1.1736445690934348e-05,0.09661346219866287,2.572573764247138e-08,-2.6546157761649067e-08,1.920536252996796e-06,0.034127142,0.034127142,0.008452164913860277,0.008611801538189441,0.008451361398389989,0.00861181414956029,530.7907595861191,535.779853366083,530.7655288477198,535.7802456716837,1.1530610704994961,1.0199706000001014,-3.06551198008282e-05,-3.0366917478313304e-05,1.239536545570276
9.74,attitude_only,2.5364095816774416e-06,-2.5500151321900687e-06,0.011168838745009627,0.9999376265688535,0.0,0.0,0.0,1.0,5.015541338688254e-06,-5.156369657234552e-06,0.02233814191463499,-5.072924635698624e-06,5.100136302487906e-06,-0.0,2.338908671597768e-05,-2.1991642647996613e-05,0.09733147159400511,1.0548066122947677e-08,-1.1406804148933215e-08,1.920536252996796e-06,0.034127142,0.034127142,0.008451931899555759,0.008611801243680982,0.008451594412694507,0.008611814444068751,530.7834429581666,535.7798442047189,530.7728457226157,535.780254833041,1.0652006825157565,1.0199706000001014,-2.98089013827696e-05,-2.951220612012529e-05,1.2466741368760839
9.75,attitude_only,2.678091763579787e-06,-2.6844643325176295e-06,0.011657438489886747,0.9999320497481197,0.0,0.0,0.0,1.0,5.293231617573329e-06,-5.431003225015249e-06,0.02331540506378637,-5.356304848463701e-06,5.369050275025675e-06,-0.0,3.2042841935388285e-05,-3.077930260605571e-05,0.09804935142376427,-4.0930615977262216e-09,3.210053524754044e-09,1.920536252996796e-06,0.034127142,0.034127142,0.008451707024948553,0.008611801057143282,0.008451819287301713,0.008611814630606451,530.7763818203341,535.7798384020338,530.77990690749,535.7802606357216,0.977276291828235,1.0199706000001014,-2.896351486439225e-05,-2.8658346582267567e-05,1.2529299241668652
9.76,attitude_only,2.858910099458906e-06,-2.857878662801881e-06,0.012149624297933946,0.9999261905826241,0.0,0.0,0.0,1.0,5.64795386598055e-06,-5.78480481613795e-06,0.02429984643510893,-5.717960879397086e-06,5.715897955328379e-06,-0.0,3.900684221160188e-05,-3.7894731477741896e-05,0.09876713037421063,-1.7751598810438857e-08,1.6861277444720124e-08,1.920536252996796e-06,0.034127142,0.034127142,0.008451497124241966,0.00861180100093388,0.008452029188008301,0.008611814686815851,530.7697907832223,535.7798366535108,530.786497818985,535.7802623842431,0.8893001259892138,1.0199706000001014,-2.8118930631163783e-05,-2.7805309910531864e-05,1.2583038787931964
9.77,attitude_only,3.0699307324985e-06,-3.0615808193225565e-06,0.012645395546178695,0.9999200437798429,0.0,0.0,0.0,1.0,6.061940744121764e-06,-6.200313030648431e-06,0.025291465147301677,-6.140025110269139e-06,6.123324838818019e-06,-0.0,4.414704871286956e-05,-4.320089115050207e-05,0.0994848307839603,-3.0040090380580286e-08,2.9162133049294802e-08,1.920536252996796e-06,0.034127142,0.034127142,0.00845130813242613,0.008611801095962891,0.008452218179824136,0.008611814591786842,530.7638562306886,535.7798396096072,530.7924321183732,535.7802594281491,0.8012820938435573,1.0199706000001014,-2.7275120712740214e-05,-2.6953068556801675e-05,1.2627959784458056
9.78,attitude_only,3.3017232757014614e-06,-3.2864101440851594e-06,0.013144751703507821,0.999913604008342,0.0,0.0,0.0,1.0,6.516477949600577e-06,-6.659053088198322e-06,0.02629026051424661,-6.6036367284128735e-06,6.573009583154327e-06,-0.0,4.7397764073043964e-05,-4.6628524681130115e-05,0.100202470044539,-4.063862954408608e-08,3.979509642321089e-08,1.920536252996796e-06,0.034127142,0.034127142,0.008451144948743826,0.008611801360544702,0.008452381363506442,0.00861181432720503,530.7587320287762,535.7798478400341,530.7975559949525,535.7802511977285,0.7132302211984739,1.0199706000001014,-2.643205947867084e-05,-2.610159709225168e-05,1.266406205751987
9.79,attitude_only,3.5447011832473547e-06,-3.523053157141144e-06,0.013647692308951834,0.9999068658978513,0.0,0.0,0.0,1.0,6.992579010652383e-06,-7.14220406371006e-06,0.02729623200177526,-7.089622463068855e-06,7.046325066693375e-06,-0.0,4.8759528674810945e-05,-4.817412405328356e-05,0.10092006169258479,-4.9301133415133235e-08,4.8515975219465745e-08,1.920536252996796e-06,0.034127142,0.034127142,0.008451011341412474,0.008611801809209852,0.008452514970837792,0.008611813878539881,530.7545365299128,535.7798617967973,530.8017511537867,535.7802372409756,0.625151005577794,1.0199706000001014,-2.5589724203693882e-05,-2.525087279767681e-05,1.2691345471829376
9.8,attitude_only,3.7894464964734497e-06,-3.7623579642274755e-06,0.01415421695474449,0.9998998240393299,0.0,0.0,0.0,1.0,7.471627308573417e-06,-7.63123542858108e-06,0.02830937919398234,-7.57914607738358e-06,7.524967203739311e-06,-0.0,4.8295033717613084e-05,-4.789592864781384e-05,0.10163761626187158,-5.585888778318715e-08,5.5157302384305564e-08,1.920536252996796e-06,0.034127142,0.034127142,0.008450909894295212,0.008611802451543889,0.008452616417955056,0.008611813236205844,530.7513508946606,535.7798817780765,530.8049364865608,535.7802172597095,0.5370497048648557,1.0199706000001014,-2.4748095493549606e-05,-2.44008761206655e-05,1.2709809922030686
9.81,attitude_only,4.027009536414205e-06,-3.9956235006192756e-06,0.01466432527310772,0.9998924729850219,0.0,0.0,0.0,1.0,7.93596680317921e-06,-8.108494481831177e-06,0.029329701766986592,-8.054307760121613e-06,7.991533438537154e-06,-0.0,4.612329353923032e-05,-4.5908196623533666e-05,0.10235514194812416,-6.022140347338866e-08,5.962905408283248e-08,1.920536252996796e-06,0.034127142,0.034127142,0.008450841994801032,0.008611803291123378,0.008452684317449236,0.008611812396626353,530.7492187088309,535.7799078951288,530.8070684485791,535.7801911426723,0.4489305719835425,1.0199706000001014,-2.3907157567265987e-05,-2.3551590994138805e-05,1.2719455326076516
9.82,attitude_only,4.2491754415880874e-06,-4.214855915103345e-06,0.015178016925943248,0.9998848072485026,0.0,0.0,0.0,1.0,8.369425626319224e-06,-8.557728902158545e-06,0.03035719946850203,-8.498677214353094e-06,8.430035525688372e-06,-0.0,4.2412362736836986e-05,-4.237403400530618e-05,0.1030726451277776,-6.237471131009812e-08,6.1916827879396e-08,1.920536252996796e-06,0.034127142,0.034127142,0.00845080786099194,0.00861180432461832,0.008452718451258327,0.008611811363131413,530.7481468327497,535.7799400443656,530.8081402056782,535.7801589934505,0.360797045575435,1.0199706000001014,-2.3066898396702205e-05,-2.270300501545163e-05,1.2720281620070817
9.83,attitude_only,4.448702476545646e-06,-4.41299777432116e-06,0.015695291596785205,0.9998768213047178,0.0,0.0,0.0,1.0,8.757782409053757e-06,-8.96455573933959e-06,0.03139187210192902,-8.897770294670114e-06,8.826357958037577e-06,-0.0,3.737643939511092e-05,-3.750296871490142e-05,0.10379013076102321,-6.238426168724915e-08,6.208508420205348e-08,1.920536252996796e-06,0.034127142,0.034127142,0.008450806494383432,0.008611805544419912,0.008452719817866834,0.008611810143329821,530.7481039182157,535.7799779890968,530.8081831153584,535.7801210487322,0.2726519048242665,1.0199706000001014,-2.222730971770078e-05,-2.1855109498738906e-05,1.2712288754252776
9.84,attitude_only,4.619504593533596e-06,-4.584102279899126e-06,0.016216148984548238,0.9998685095900146,0.0,0.0,0.0,1.0,9.08912137541845e-06,-9.316820178403734e-06,0.03243371951403606,-9.239414155402341e-06,9.168606424593678e-06,-0.0,3.125085413614008e-05,-3.1525089292056036e-05,0.10450760271404277,-6.036973566217249e-08,6.025072202869214e-08,1.920536252996796e-06,0.034127142,0.034127142,0.0084508360766397,0.008611806929145307,0.008452690235610568,0.008611808758604426,530.7490328658075,535.7800210641586,530.8072542712835,535.7800779736784,0.18449739509297175,1.0199706000001014,-2.1388387076818e-05,-2.1007899563127127e-05,1.2695476689869556
9.85,attitude_only,4.756742458642686e-06,-4.723416065218119e-06,0.016740588798614318,0.9998598665021706,0.0,0.0,0.0,1.0,9.354006227790064e-06,-9.604769651996162e-06,0.033482741585321066,-9.51392932816888e-06,9.447273427715832e-06,-0.0,2.4294862373035224e-05,-2.469474378690812e-05,0.10522506399392204,-5.651106917619235e-08,5.658998624062112e-08,1.920536252996796e-06,0.034127142,0.034127142,0.008450893870182555,0.008611808450425305,0.00845263244206771,0.008611807237324428,530.7508477048516,535.7800683870607,530.805439625095,535.7800306507771,0.09633532981722381,1.0199706000001014,-2.0550129247096337e-05,-2.0161373587795196e-05,1.266984539674098
9.86,attitude_only,4.8569386679339815e-06,-4.827490160022273e-06,0.017268610755011835,0.999850886400416,0.0,0.0,0.0,1.0,9.54570076826369e-06,-9.821285797968038e-06,0.03453893822255833,-9.714360188406526e-06,9.655460244959812e-06,-0.0,1.6782229226077376e-05,-1.7281300854778142e-05,0.10594251694696565,-5.104033803379608e-08,5.133045556203666e-08,1.920536252996796e-06,0.034127142,0.034127142,0.008450976342142934,0.008611810073695695,0.008452549970107331,0.008611805614054039,530.7534374874689,535.7801188826032,530.8028500961957,535.7799801552262,0.008167173097933536,1.0199706000001014,-1.971253796818681e-05,-1.9315532987789544e-05,1.2635394851363058
9.870000000000001,attitude_only,4.9180145948056354e-06,-4.894213699533043e-06,0.01780021457342565,0.9998415636054544,0.0,0.0,0.0,1.0,9.660234697199642e-06,-9.961959986211037e-06,0.03560230935301207,-9.836548684201308e-06,9.78894437954477e-06,-0.0,8.989037557100589e-06,-9.556940374927012e-06,0.10665996340484943,-4.4228315224552625e-08,4.4737496442938725e-08,1.920536252996796e-06,0.034127142,0.034127142,0.008451079371794673,0.008611811757402232,0.008452446940455592,0.008611803930347502,530.7566728044869,535.7801712581455,530.7996150606364,535.7799277796654,-0.0800058933856172,1.0199706000001014,-1.887561761169856e-05,-1.8470381911025907e-05,1.2592125035431077
9.88,attitude_only,4.939242102715122e-06,-4.9227670458374415e-06,0.01833539997486542,0.9998318923994833,0.0,0.0,0.0,1.0,9.696301752255876e-06,-1.00250049417828e-05,0.03667285491997179,-9.879037792080776e-06,9.846085831813064e-06,-0.0,1.1670978009086799e-06,-1.7707570986095144e-06,0.10737740480289829,-3.6351431568893116e-08,3.7082090092744625e-08,1.920536252996796e-06,0.034127142,0.034127142,0.008451198751771354,0.00861181345965963,0.008452327560478914,0.008611802228090104,530.7604215265538,535.7802242107495,530.795866615372,535.7798748270321,-0.16818291619174752,1.0199706000001014,-1.803937466949789e-05,-1.7625926749722663e-05,1.254003593468945
9.89,attitude_only,4.992645487492505e-06,-4.98719226409134e-06,0.018874166679758334,0.9998218670254948,0.0,0.0,0.0,1.0,9.79525406995172e-06,-1.0161071807780421e-05,0.037750574877732486,-9.985883920428705e-06,9.974976825980958e-06,-0.0,2.213450639939463e-05,-2.4731696486484586e-05,0.10809484225663094,-6.401440888328819e-08,6.742672393567235e-08,1.920536252996796e-06,0.034127142,0.034127142,0.008450752909769653,0.008611834070663783,0.008452773402480615,0.008611781617085949,530.7464212399256,535.7808653626898,530.8098655978622,535.7792336739063,-0.25636312626035757,1.0199706000001014,-1.720392591955668e-05,-1.678228511539211e-05,1.2479127538035972
9.9,attitude_only,5.18049784325601e-06,-5.192896158520015e-06,0.01941651376787264,0.9998114817000745,0.0,0.0,0.0,1.0,1.0157386570449279e-05,-1.0585008820722735e-05,0.038835467912155044,-1.0361646814709569e-05,1.0386445003561298e-05,-0.0,5.030582947674431e-05,-5.546206574435089e-05,0.10881201294217939,-1.0386837428371655e-07,1.1083405033387562e-07,1.920536252996796e-06,0.034127142,0.034127142,0.0084501129699366,0.0086118613815209,0.008453413342313665,0.008611754306228833,530.7263252668178,535.7817149275409,530.8299584083295,535.7783841051208,-0.34454590342731517,1.0199706000001014,-1.6370157968610653e-05,-1.5940350773925168e-05,1.2409399836826447
9.91,attitude_only,5.520353814507695e-06,-5.558188484613486e-06,0.019962435626234024,0.9998007306971228,0.0,0.0,0.0,1.0,1.0816597596163478e-05,-1.1334561232092782e-05,0.03992752333713578,-1.1041441045512183e-05,1.111711541231665e-05,-0.0,8.105981656069062e-05,-8.905031219842356e-05,0.10952730785201399,-1.5084543182424157e-07,1.6191020564704286e-07,1.920536252996796e-06,0.034127142,0.034127142,0.00844935934054522,0.008611892886868554,0.008454166971705045,0.008611722800881178,530.7026581349554,535.78269496966,530.8536198647435,535.7774040551162,-0.432730747364346,1.0199706000001014,-1.5538400819487477e-05,-1.5100457078141159e-05,1.2330852824515202
9.92,attitude_only,6.019637368222503e-06,-6.091106708588975e-06,0.020511922673246825,0.9997896083451304,0.0,0.0,0.0,1.0,1.1786861155090622e-05,-1.242659905389289e-05,0.04102672254130785,-1.2040119128485058e-05,1.2183067834430224e-05,-0.0,0.00011232291841194243,-0.00012331617343103483,0.1102410309249725,-2.026725321383861e-07,2.1827213670929258e-07,1.920536252996796e-06,0.034127142,0.034127142,0.008448527808038562,0.008611927741226074,0.008454998504211705,0.00861168794652366,530.6765432928852,535.7837791879007,530.8797259961276,535.7763198239746,-0.5209172520171139,1.0199706000001014,-1.470879851418793e-05,-1.4262749368486543e-05,1.2243486497452385
9.93,attitude_only,6.675271835466569e-06,-6.78901700962169e-06,0.021064968377504538,0.9997781088904701,0.0,0.0,0.0,1.0,1.30615604483664e-05,-1.3856249954903705e-05,0.04213305302852618,-1.335153121423385e-05,1.357903839006625e-05,-0.0,0.00014207953192101253,-0.00015611909453069228,0.1109537456882611,-2.568733618188892e-07,2.7730638348082735e-07,1.920536252996796e-06,0.034127142,0.034127142,0.0084476574920207,0.008611964890495073,0.008455868820229567,0.008611650797254658,530.6492090518525,535.7849347917836,530.9070483687821,535.7751642015103,-0.6091050855964948,1.0199706000001014,-1.3881453100053057e-05,-1.3427329211334075e-05,1.2147300855460985
9.94,attitude_only,7.47442084269572e-06,-7.639277226940979e-06,0.021621568892252963,0.9997662264971807,0.0,0.0,0.0,1.0,1.4615000726907141e-05,-1.559820014368185e-05,0.043246507687229915,-1.4950006675357642e-05,1.527974513895385e-05,-0.0,0.0001684889271112397,-0.00018546841861938706,0.11166598616433038,-3.109262315192954e-07,3.363167120740014e-07,1.920536252996796e-06,0.034127142,0.034127142,0.008446788497045036,0.008612002993139745,0.00845673781520523,0.008611612694609989,530.6219148962545,535.7861200497747,530.9343278663013,535.7739789192824,-0.6972939781755059,1.0199706000001014,-1.3056427780720133e-05,-1.25942576733013e-05,1.2042295900611832
9.95,attitude_only,8.39572170760361e-06,-8.62029061064858e-06,0.02218172400689263,0.9997539552186251,0.0,0.0,0.0,1.0,1.6404886157093073e-05,-1.7608802430683265e-05,0.04436708669457536,-1.6792820699765665e-05,1.7241995345485744e-05,-0.0,0.0001900947092617834,-0.00020973872339975644,0.1123784131873287,-3.6254716755543843e-07,3.9280966705737345e-07,1.920536252996796e-06,0.034127142,0.034127142,0.008445957542061334,0.008612040439099617,0.008457568770188932,0.008611575248650114,530.595814220873,535.7872848777339,530.9604119012055,535.7728140623944,-0.7854837113549976,1.0199706000001014,-1.2233750699842161e-05,-1.1763559887973558e-05,1.1928471636204538
9.96,attitude_only,9.4102567218141e-06,-9.702395474030639e-06,0.02274543225601998,0.9997412890987335,0.0,0.0,0.0,1.0,1.837427401832731e-05,-1.9827851431960975e-05,0.04549478773284877,-1.882213663560286e-05,1.9406464531570633e-05,-0.0,0.00020525340649249024,-0.00022708661060795787,0.11309068798378341,-4.090241431908187e-07,4.438122744994712e-07,1.920536252996796e-06,0.034127142,0.034127142,0.008445208321543936,0.008612075222754787,0.00845831799070633,0.008611540464994946,530.5722797616405,535.7883668873618,530.983929157507,535.7717320213571,-0.8736741099859897,1.0199706000001014,-1.1413422995203896e-05,-1.093523414785658e-05,1.1805828065753545
9.97,attitude_only,1.0481162278799971e-05,-1.084748506632861e-05,0.023312695145838565,0.9997282220771376,0.0,0.0,0.0,1.0,2.045085924212756e-05,-2.217776220251549e-05,0.04662961444491919,-2.0964223796412227e-05,2.169693575098328e-05,-0.0,0.00021268936109605964,-0.00023607535158982621,0.11380351686235544,-4.478756506354161e-07,4.866148654016615e-07,1.920536252996796e-06,0.034127142,0.034127142,0.008444580734475142,0.008612105590475892,0.008458945577775125,0.008611510097273841,530.5525652397741,535.7893115294447,531.003627664166,535.770787348279,-0.9618650333379936,1.0199706000001014,-1.0595407723731855e-05,-1.0109240695981862e-05,1.1674365193078924
9.98,attitude_only,1.1566288883312944e-05,-1.2011812524175064e-05,0.02388351575983761,0.9997147480140958,0.0,0.0,0.0,1.0,2.2552210534146662e-05,-2.456925954972321e-05,0.047771573645553914,-2.3134777555541264e-05,2.402590957126935e-05,-0.0,0.0002115328967032939,-0.00023570878924946575,0.11451712772915147,-4.769633451962326e-07,5.188823552862832e-07,1.920536252996796e-06,0.034127142,0.034127142,0.008444109163284705,0.008612130030136203,0.008459417148965562,0.00861148565761353,530.5377511947887,535.7900717674229,531.0184287123992,535.770027082937,-1.0500563699974974,1.0199706000001014,-9.77963730412999e-06,-9.285508537273052e-06,1.1534083021415376
9.99,attitude_only,1.2620006925297103e-05,-1.3147861441113198e-05,0.024457898254206564,0.9997008606982671,0.0,0.0,0.0,1.0,2.45893254670788e-05,-2.6905174491983502e-05,0.0489206743124777,-2.524253091181722e-05,2.62983452240678e-05,-0.0,0.0002012884377713439,-0.00022539135279811177,0.11523172507672061,-4.945001722220991e-07,5.386544074286276e-07,1.920536252996796e-06,0.034127142,0.034127142,0.008443822410132184,0.008612147209903139,0.008459703902118084,0.008611468477846593,530.5287428635758,535.7906061731934,531.0274287365982,535.7694926566397,-1.1382480331505784,1.0199706000001014,-8.966020307255992e-06,-8.463941954771338e-06,1.1384981552839089
10.0,attitude_only,1.3595277044390166e-05,-1.4206466208064584e-05,0.025035847704266118,0.9996865538472914,0.0,0.0,0.0,1.0,2.647068947969679e-05,-2.908476506703806e-05,0.050076927279485775,-2.7193395369875353e-05,2.8415901429833872e-05,-0.0,0.000181898357125674,-0.00020499563528759827,0.11594747813129773,-4.991807720522371e-07,5.444817673810636e-07,1.920536252996796e-06,0.034127142,0.034127142,0.008443741646768036,0.008612156023812524,0.008459784665482232,0.008611459663937207,530.5262056602556,535.7908803445777,531.029963545129,535.7692184743106,-1.2264399561895147,1.0199706000001014,-8.154446286309998e-06,-7.644425371323858e-06,1.1227060788004566
10.01,attitude_only,1.4446043392068764e-05,-1.5139256454438967e-05,0.025617369898216724,0.9996718211101144,0.0,0.0,0.0,1.0,2.8106949163229308e-05,-3.10087154193741e-05,0.05124034482398684,-2.8895247790080684e-05,3.0281825599995402e-05,-0.0,0.0001537892026874354,-0.0001749140750694876,0.11666451007886566,-4.902994325746971e-07,5.355523084719635e-07,1.920536252996796e-06,0.034127142,0.034127142,0.008443878539183464,0.008612155653970305,0.008459647773066802,0.008611460033779429,530.5305061660283,535.79086884002,531.0256670842067,535.7692299793332,-1.3146320890106635,1.0199706000001014,-7.344792034710411e-06,-6.8268298669190826e-06,1.1060320725975044
10.02,attitude_only,1.5129833469416526e-05,-1.5901315688106355e-05,0.02620247107758176,0.9996566560713057,0.0,0.0,0.0,1.0,2.9415969956937637e-05,-3.2584590189361357e-05,0.05241094014772385,-3.0263130572167297e-05,3.1806271622960106e-05,-0.0,0.00011789193761672321,-0.00013608369282702346,0.11738288762231798,-4.678425403082656e-07,5.11790666147149e-07,1.920536252996796e-06,0.034127142,0.034127142,0.008444233771256752,0.00861214562576252,0.008459292540993516,0.008611470061987212,530.541665698267,535.7905568958365,531.0145177234962,535.7695419359338,-1.4028243948689203,1.0199706000001014,-6.536929721195905e-06,-6.0110217377223456e-06,1.0884761364144853
10.03,attitude_only,1.5610347224475695e-05,-1.645384283370942e-05,0.0267911566659101,0.9996410522833138,0.0,0.0,0.0,1.0,3.0327852911640955e-05,-3.373231205138462e-05,0.05358872483314315,-3.122443051770683e-05,3.291162361237509e-05,-0.0,7.564379958628432e-05,-8.999874374764297e-05,0.11810221416220285,-4.325592550658468e-07,4.73944100923586e-07,1.920536252996796e-06,0.034127142,0.034127142,0.008444795841617267,0.00861212592459133,0.008458730470632999,0.008611489763158403,530.5593225272511,535.7899440574117,530.9968760307667,535.7701547976957,-1.4910168476684325,1.0199706000001014,-5.730736093310925e-06,-5.196872246937397e-06,1.0700382698258208
10.04,attitude_only,1.5859660026619593e-05,-1.6766467830151248e-05,0.027383427919865873,0.9996250033601172,0.0,0.0,0.0,1.0,3.078917871127465e-05,-3.438894464322757e-05,0.05477370214271813,-3.172328552754115e-05,3.3537127868534176e-05,-0.0,2.8805082911549763e-05,-3.852042706266381e-05,0.11882127407340458,-3.857994345560469e-07,4.234150890330002e-07,1.920536252996796e-06,0.034127142,0.034127142,0.00844554359603975,0.008612096954878624,0.008457982716210517,0.008611518732871108,530.582811508243,535.7890429039718,530.9734053669895,535.7710559829048,-1.579209429081164,1.0199706000001014,-4.9261019194766636e-06,-4.384267493406529e-06,1.0507184722785003
10.05,attitude_only,1.585989086075383e-05,-1.6818981798030882e-05,0.027979277118207066,0.9996085031238622,0.0,0.0,0.0,1.0,3.0766197644082e-05,-3.451229100816063e-05,0.055965857392297216,-3.1723921768326314e-05,3.3642354002824166e-05,-0.0,-2.0352721743858415e-05,1.593682168490723e-05,0.119537785971138,-3.2978656881837346e-07,3.625339713308287e-07,1.920536252996796e-06,0.034127142,0.034127142,0.008446442034133025,0.008612059537871489,0.008457084278117241,0.008611556149878245,530.6110324940805,535.7878789804628,530.9452036421222,535.7722199429606,-1.6674021243785615,1.0199706000001014,-4.122937378161781e-06,-3.573114073743016e-06,1.0305167432228193
10.06,attitude_only,1.5607477895970712e-05,-1.6605657161454812e-05,0.028578691070718944,0.999591545531145,0.0,0.0,0.0,1.0,3.025307003385976e-05,-3.408983159812466e-05,0.05716516497006518,-3.121920644915895e-05,3.321583683173107e-05,-0.0,-6.876478221472648e-05,7.0083408043791e-05,0.12025208625355083,-2.68069785246092e-07,2.950606112497861e-07,1.920536252996796e-06,0.034127142,0.034127142,0.008447434979560312,0.008612015293270782,0.008456091332689956,0.008611600394478952,530.6422203192503,535.7865026690756,530.9140336152975,535.7735962910376,-1.7555949166491156,1.0199706000001014,-3.3211873814322845e-06,-2.763355793946598e-06,1.0094330823655027
10.07,attitude_only,1.5114509752319724e-05,-1.613686331557349e-05,0.029181661917731333,0.9995741243744121,0.0,0.0,0.0,1.0,2.927434474293034e-05,-3.3142115070983994e-05,0.05837160994385727,-3.023331150332221e-05,3.2278308942927466e-05,-0.0,-0.00011348393844794146,0.00012068016550234595,0.12096521903700573,-2.044645501820459e-07,2.2511519687314616e-07,1.920536252996796e-06,0.034127142,0.034127142,0.008448461439496985,0.008611966563144174,0.008455064872753283,0.00861164912460556,530.674458888466,535.7849868228914,530.8818095946053,535.7751121694487,-1.8437877844714374,1.0199706000001014,-2.5208539783294446e-06,-1.9549970492782657e-06,0.9874674898078959
10.08,attitude_only,1.4408752708339537e-05,-1.5439292805639834e-05,0.029788181934584785,0.9995562334211359,0.0,0.0,0.0,1.0,2.7884900262462433e-05,-3.1723303826556586e-05,0.05958517766672414,-2.8821768922085875e-05,3.0883154050317135e-05,-0.0,-0.00015126354320338755,0.00016412291316231784,0.12167712820617377,-1.435600549608493e-07,1.5768912724326446e-07,1.920536252996796e-06,0.034127142,0.034127142,0.008449447778268244,0.008611916438828924,0.008454078533982022,0.00861169924892081,530.7054355059953,535.7834276032597,530.8508432689928,535.7766714132799,-1.9319807059490934,1.0199706000001014,-1.721995951402389e-06,-1.1481013283187629e-06,0.9646199658892992
10.09,attitude_only,1.3533915016155206e-05,-1.4556383323972845e-05,0.030398249841114024,0.9995378662219566,0.0,0.0,0.0,1.0,2.617034393432672e-05,-2.992212731954941e-05,0.06080586640229492,-2.707200045609016e-05,2.9117252141395957e-05,-0.0,-0.0001794708122364169,0.00019743290539498204,0.12238920958085005,-8.962660245251029e-08,9.746370981720301e-08,1.920536252996796e-06,0.034127142,0.034127142,0.008450325194491185,0.008611868079274417,0.00845320111775908,0.008611747608475316,530.732989819777,535.7819232758299,530.823295072823,535.7781757554557,-2.0201736599138878,1.0199706000001014,-9.247436020274195e-07,-3.428063040520341e-07,0.9408905111315691
10.1,attitude_only,1.2546051635690232e-05,-1.3544778234674865e-05,0.031011864256941798,0.9995190162945599,0.0,0.0,0.0,1.0,2.4239936742340952e-05,-2.7854679738275586e-05,0.06203367423117137,-2.5096127009801736e-05,2.7093900516877433e-05,-0.0,-0.0001956980715085867,0.00021782620617916986,0.12310128569334335,-4.6996041956339746e-08,4.924265737185136e-08,1.920536252996796e-06,0.034127142,0.034127142,0.008451023472944021,0.008611825111186758,0.008452502839306247,0.008611790576562976,530.7549174821345,535.7805866579702,530.801370235177,535.77951237933,-2.10836662947081,1.0199706000001014,-1.2928378458263004e-07,4.6069174122598717e-07,0.9162791260545846
10.11,attitude_only,1.1511467804685441e-05,-1.247235229492184e-05,0.03162902917280404,0.9994996769511797,0.0,0.0,0.0,1.0,2.2222439924000167e-05,-2.5660417284039796e-05,0.06326860999988404,-2.3026776013071154e-05,2.494886555947129e-05,-0.0,-0.00019861501038794145,0.00022366308415719798,0.12381453803267276,-1.8980030837774756e-08,1.6756240023719105e-08,1.920536252996796e-06,0.034127142,0.034127142,0.008451488489918125,0.008611790751991092,0.008452037822332142,0.00861182493575864,530.7695196573281,535.779517836429,530.7867689362067,535.7805812008818,-2.196559601709101,1.0199706000001014,6.641384644094665e-07,1.2621368836234478e-06,0.8907858111479625
10.12,attitude_only,1.050049709634503e-05,-1.141192650871733e-05,0.03224974945688773,0.9994798414272673,0.0,0.0,0.0,1.0,2.025400681104403e-05,-2.3489257797844675e-05,0.0645106843308634,-2.10046362328651e-05,2.282781118193278e-05,-0.0,-0.00018779067455050726,0.00021425425227745127,0.1245289824025143,-7.926113358004574e-09,2.7344243443717344e-09,1.920536252996796e-06,0.034127142,0.034127142,0.008451681220058923,0.008611767940955648,0.008451845092191343,0.008611847746794084,530.775571532166,535.7788082457054,530.7807171890398,535.7812907892575,-2.284752569593106,1.0199706000001014,1.4552454175856758e-06,2.061240243544214e-06,0.8644105667366718
10.13,attitude_only,9.583041872258156e-06,-1.0436818231829539e-05,0.03287403136459729,0.9994595028619607,0.0,0.0,0.0,1.0,1.846952395662127e-05,-2.149242076269837e-05,0.06575991064328443,-1.916953756237642e-05,2.0877397990499125e-05,-0.0,-0.00016383973073533933,0.0001900322080660116,0.12524492317463418,-1.4924618339226243e-08,8.583336819285343e-09,1.920536252996796e-06,0.034127142,0.034127142,0.008451582475804489,0.008611759105276779,0.008451943836445779,0.008611856582472953,530.7724708951564,535.7785333909519,530.7838177778777,535.7815656425963,-2.3729455313407644,1.0199706000001014,2.243744708242535e-06,2.8576994615744754e-06,0.8371533929533584
10.14,attitude_only,8.822294737197525e-06,-9.614416700731446e-06,0.03350188313159641,0.9994386542736713,0.0,0.0,0.0,1.0,1.6990482634279044e-05,-1.9809166353782403e-05,0.06701630634046957,-1.7647891787534117e-05,1.9232432217365226e-05,-0.0,-0.00012870548743313073,0.00015290718717960746,0.12596269771151658,-3.9303695308191003e-08,3.378794395530394e-08,1.920536252996796e-06,0.034127142,0.034127142,0.008451201379452957,0.008611765450237636,0.008452324932797309,0.008611850237512098,530.7605040396581,535.7787307660268,530.7957841077649,535.7813682685659,-2.461138489739708,1.0199706000001014,3.0293524983264393e-06,3.6512235766015457e-06,0.8090142897200042
10.15,attitude_only,8.267834790332166e-06,-8.99894736363758e-06,0.03413331324659853,0.9994172886124552,0.0,0.0,0.0,1.0,1.591170628260321e-05,-1.8551824339668973e-05,0.06827988935400298,-1.653888217047031e-05,1.8001391401712672e-05,-0.0,-8.555282686880532e-05,0.00010616590718606902,0.12668225500133226,-7.857713252897477e-08,7.584347022802999e-08,1.920536252996796e-06,0.034127142,0.034127142,0.008450576291345435,0.008611786833158377,0.008452950020904832,0.008611828854591354,530.7408749834341,535.779395932019,530.815411133501,535.7807031050221,-2.549331452011896,1.0199706000001014,3.811828167751589e-06,4.441568997699805e-06,0.7799932567089932
10.16,attitude_only,7.950085033056829e-06,-8.625619750715643e-06,0.03476832615684402,0.9993953989080829,0.0,0.0,0.0,1.0,1.5290760087350903e-05,-1.7793631682938674e-05,0.06955066954950383,-1.5903375261334075e-05,1.7254717048537155e-05,-0.0,-3.846580327013774e-05,5.417339438312626e-05,0.12740173551583497,-1.2866115743117305e-07,1.3045813111447755e-07,1.920536252996796e-06,0.034127142,0.034127142,0.008449771585364337,0.008611821655275267,0.008453754726885929,0.008611794032474467,530.7156044865064,535.7804791540178,530.8406768791659,535.7796198834762,-2.6375244286712864,1.0199706000001014,4.591006553214846e-06,5.228573149832705e-06,0.7500902933559054
10.17,attitude_only,7.877383882868348e-06,-8.507218380020916e-06,0.03540691520922057,0.9993729785325103,0.0,0.0,0.0,1.0,1.5142460471350537e-05,-1.7561596070261136e-05,0.0708286345990564,-1.5758061451037534e-05,1.701799379122705e-05,-0.0,8.115847550155332e-06,1.7812969301068065e-06,0.12811905628971415,-1.8447233731257148e-07,1.9217195538020117e-07,1.920536252996796e-06,0.034127142,0.034127142,0.008448868297294833,0.00861186702254234,0.008454658014955435,0.008611748665207393,530.6872367441684,535.7818904038701,530.869036422212,535.7782086276433,-2.725717430157135,1.0199706000001014,5.3668224526254675e-06,6.012179319097775e-06,0.7193053989949008
10.18,attitude_only,8.032243680398499e-06,-8.63015168139138e-06,0.03604906614949873,0.999350021109097,0.0,0.0,0.0,1.0,1.5431827968498882e-05,-1.7828194298417958e-05,0.07211375698186367,-1.6067968791849054e-05,1.726404394626641e-05,-0.0,4.87528540582833e-05,-4.501750634485258e-05,0.12883371856184836,-2.3904995863183096e-07,2.534597006286999e-07,1.920536252996796e-06,0.034127142,0.034127142,0.008447977765071082,0.008611918596034586,0.008455548547179184,0.008611697091715146,530.6592681143925,535.7834947076598,530.8969940010078,535.7766043080252,-2.8139104604645357,1.0199706000001014,6.1393234722926645e-06,6.7924495781222764e-06,0.6876385731779601
10.19,attitude_only,8.3692436949185e-06,-8.95173767365429e-06,0.036694769301366996,0.9993265200902764,0.0,0.0,0.0,1.0,1.607025046074198e-05,-1.8505632650628083e-05,0.07340601835729647,-1.674224608074302e-05,1.7907495640684368e-05,-0.0,7.843794878681521e-05,-8.052012960692279e-05,0.12954714272908943,-2.8522200386873925e-07,3.0638021973633725e-07,1.920536252996796e-06,0.034127142,0.034127142,0.00844721614730473,0.008611970464281509,0.008456310164945536,0.008611645223468222,530.6353470857593,535.7851081755791,530.9209032409485,535.7749908144967,-2.9021035141342204,1.0199706000001014,6.90870319358296e-06,7.569599818228978e-06,0.6550898158898312
10.2,attitude_only,8.820576262185331e-06,-9.405255223515701e-06,0.03734402209476816,0.999302468648769,0.0,0.0,0.0,1.0,1.6926387153677183e-05,-1.9456181117136715e-05,0.0747054146265218,-1.7645255421472423e-05,1.881488530795328e-05,-0.0,9.3540234384862e-05,-0.00010041967673911736,0.1302606233309057,-3.168807865611441e-07,3.4403403760038407e-07,1.920536252996796e-06,0.034127142,0.034127142,0.008446683416031046,0.008612016541657011,0.008456842896219221,0.008611599146092722,530.6186143245462,535.786541502522,530.9376264753774,535.773557456653,-2.9902965807742166,1.0199706000001014,7.675294703388637e-06,8.343989756663905e-06,0.6216591274164899
10.21,attitude_only,9.303348822104208e-06,-9.906985859221698e-06,0.037996824371203435,0.9992778598332915,0.0,0.0,0.0,1.0,1.784039300168557e-05,-2.0506658677555807e-05,0.076011946538478,-1.861117781960719e-05,1.9818742584845508e-05,-0.0,9.175734744444108e-05,-0.00010176750328248259,0.13097453918094232,-3.2911108226666166e-07,3.6069726606643896e-07,1.920536252996796e-06,0.034127142,0.034127142,0.00844646134264454,0.008612050612834498,0.008457064969605728,0.008611565074915235,530.6116389804173,535.7876013507124,530.9445975368092,535.7724975806814,-3.078489650782199,1.0199706000001014,8.439535580887149e-06,9.116084374387257e-06,0.5873465081083493
10.22,attitude_only,9.728221005147572e-06,-1.036471569121361e-05,0.03865318141454302,0.9992526864434585,0.0,0.0,0.0,1.0,1.864064348094773e-05,-2.146599338168976e-05,0.07732562575690181,-1.9461290147182914e-05,2.0734596721541867e-05,-0.0,7.298582793517503e-05,-8.399510573172712e-05,0.13168999382272029,-3.1946259408052114e-07,3.532740493753601e-07,1.920536252996796e-06,0.034127142,0.034127142,0.00844659255444456,0.008612067716098671,0.008456933757805705,0.00861154797165106,530.6157603654004,535.788133379189,530.9404787043994,535.7719655366781,-3.1666827171703504,1.0199706000001014,9.201935802294725e-06,9.886418248987649e-06,0.5521519582811205
10.23,attitude_only,1.0012028601037037e-05,-1.0690633475066408e-05,0.039313101496554155,0.9992269411080704,0.0,0.0,0.0,1.0,1.916801351474273e-05,-2.2151945766565936e-05,0.07864646994877239,-2.002921872333082e-05,2.1386778313926155e-05,-0.0,3.9476387587037456e-05,-4.915631652150519e-05,0.13240740626460237,-2.8846409432473433e-07,3.2192392242831285e-07,1.920536252996796e-06,0.034127142,0.034127142,0.008447071761155162,0.008612065013519342,0.008456454551095104,0.00861155067423039,530.6308120578489,535.7880493105255,530.9254357909751,535.7720496078655,-3.254875778095795,1.0199706000001014,9.96301764561759e-06,1.0655531417118622e-05,0.5160754780631391
10.24,attitude_only,1.0089646574171673e-05,-1.081363347181108e-05,0.03997659405780572,0.9992006163472889,0.0,0.0,0.0,1.0,1.929857768613906e-05,-2.2416677872416816e-05,0.0799744991434906,-2.0184671867268643e-05,2.163303161482035e-05,-0.0,-4.250659855029995e-06,-1.8688679557951949e-06,0.1331267012694016,-2.398330357096838e-07,2.703160156012312e-07,1.920536252996796e-06,0.034127142,0.034127142,0.008447842190071463,0.008612042133694797,0.008455684122178803,0.008611573554054935,530.6550100291608,535.7873375912872,530.9012501454108,535.7727613474123,-3.3430688375637017,1.0199706000001014,1.0723248230938338e-05,1.1423898452295869e-05,0.47911706730878667
10.25,attitude_only,9.924201034761693e-06,-1.0690176593296114e-05,0.0406436612999144,0.9991737049098962,0.0,0.0,0.0,1.0,1.8963025604755032e-05,-2.2169398438603668e-05,0.08130971890320594,-1.985387075612444e-05,2.1386243960599513e-05,-0.0,-5.21921103109125e-05,5.1443549564828854e-05,0.13384524081980642,-1.7979714780139765e-07,2.0500385162624387e-07,1.920536252996796e-06,0.034127142,0.034127142,0.008448805605479304,0.008612001580646048,0.008454720706770964,0.008611614107103685,530.6852678527799,535.7860761114163,530.8710046320407,535.7740228586329,-3.4312619044143893,1.0199706000001014,1.1482974571695588e-05,1.2191860045217014e-05,0.4412767255906161
10.26,attitude_only,9.512736902886943e-06,-1.0310939634179033e-05,0.04131429341891466,0.999146199994019,0.0,0.0,0.0,1.0,1.815725149033392e-05,-2.1390296316592184e-05,0.08265211077919404,-1.903089030554509e-05,2.0627750260349074e-05,-0.0,-9.741921109421109e-05,0.00010314359473403117,0.1345608935384084,-1.1657775837409952e-07,1.3489321209889043e-07,1.920536252996796e-06,0.034127142,0.034127142,0.008449830369744027,0.008611948615032096,0.00845369594250624,0.008611667072717637,530.7174505561325,535.7844285105748,530.8388312380774,535.7756704914734,-3.519454987151473,1.0199706000001014,1.2242376656967918e-05,1.2959576304320862e-05,0.40255445240961885
10.27,attitude_only,8.8913925816177e-06,-9.706579688092872e-06,0.0419884737321847,0.9991180950720325,0.0,0.0,0.0,1.0,1.6951973509092133e-05,-2.014271082433814e-05,0.08400164257153389,-1.7788014583311907e-05,1.9418868243748297e-05,-0.0,-0.00013215529438704077,0.00014451437637529092,0.13527399511434737,-6.043719827036649e-08,7.123843299079131e-08,1.920536252996796e-06,0.034127142,0.034127142,0.008450751107432807,0.008611890861327447,0.008452775204817459,0.008611724826422286,530.7463646423719,535.782631960868,530.809922188645,535.7774670645232,-3.6076480870248737,1.0199706000001014,1.3001434837962693e-05,1.3726994427511246e-05,0.36295024754443495
10.28,attitude_only,8.133866255908352e-06,-8.947287120065163e-06,0.042666195086739724,0.9990893832138377,0.0,0.0,0.0,1.0,1.548942544928588e-05,-1.8572361390481808e-05,0.08535830117439493,-1.6272672201228524e-05,1.7900007919276374e-05,-0.0,-0.000150080482292914,0.000168120019169869,0.13598648797135035,-2.0869326595511746e-08,2.4794138343863515e-08,1.920536252996796e-06,0.034127142,0.034127142,0.008451412190274152,0.008611838009673651,0.008452114121976113,0.00861177767807608,530.7671237706845,535.7809878944211,530.7891647341755,535.7791111417739,-3.69584119567307,1.0199706000001014,1.3759898918823844e-05,1.4493817560509126e-05,0.32246411124177726
10.29,attitude_only,7.339493060846544e-06,-8.131757764067462e-06,0.043347458260385316,0.999060057124881,0.0,0.0,0.0,1.0,1.3960206655194456e-05,-1.688452549160699e-05,0.0867220893794401,-1.4683586987699729e-05,1.6268613036581457e-05,-0.0,-0.00014765991708415522,0.00016942298810999746,0.13669980432315573,-4.696741811605143e-09,3.586468445928517e-09,1.920536252996796e-06,0.034127142,0.034127142,0.008451699492013338,0.008611799310399864,0.00845182682023693,0.00861181637734987,530.7761452820243,535.7797840655513,530.7801434441235,535.7803149721557,-3.784034302109117,1.0199706000001014,1.4517323648011029e-05,1.5259549282764734e-05,0.2810960439632451
10.3,attitude_only,6.6478478371689855e-06,-7.408846201647573e-06,0.044032267895323496,0.9990301092984684,0.0,0.0,0.0,1.0,1.2630343703071977e-05,-1.5388760495609557e-05,0.08809301773793385,-1.3299995799846554e-05,1.4822484776604708e-05,-0.0,-6.685443306024987e-05,7.012419751994241e-05,0.137414584763113,-8.572168363543572e-08,1.0617248453673475e-07,1.920536252996796e-06,0.034127142,0.034127142,0.008450288272427189,0.00861196502714493,0.008453238039823077,0.008611650660604804,530.731830350859,535.7849390425519,530.8244543419565,535.7751599506645,-3.8722273985645117,1.0199706000001014,1.5273145434626908e-05,1.6023579186371378e-05,0.23884604611938512
10.31,zero_thrust,6.236911534777701e-06,-7.02536831405865e-06,0.04472063827572607,0.9989995317436124,0.0,0.0,0.0,1.0,1.1832985496821342e-05,-1.4594516642069105e-05,0.089471116128865,-1.3299995799846554e-05,1.4822484776604708e-05,-0.0,-8.584040429195569e-05,8.938914783210472e-05,0.1381337692064159,0.0,0.0,0.0,0.0,0.0,0.0,0.0,0.0,0.0,0.0,0.0,0.0,0.0,-4.2595761694320435,1.0199706000001014,1.599395877444915e-05,1.6752910050832013e-05,0.1981832473490615
10.32,zero_thrust,5.76644609311194e-06,-6.587698423723944e-06,0.04540980612140218,0.9989684426604111,0.0,0.0,0.0,1.0,1.0922703131467417e-05,-1.3685512068750568e-05,0.09085085360756096,-1.3299995799846554e-05,1.4822484776604708e-05,-0.0,-8.751498153569703e-05,9.060653739963054e-05,0.13762326668726538,0.0,0.0,0.0,0.0,0.0,0.0,0.0,0.0,0.0,0.0,0.0,0.0,0.0,-3.7130076447305957,1.0199706000001014,1.6415804983736374e-05,1.7190083025097427e-05,0.17833571125203923
10.33,zero_thrust,5.3593893562306825e-06,-6.212649213591463e-06,0.04609510351249214,0.9989370557571947,0.0,0.0,0.0,1.0,1.0134639832181996e-05,-1.2906174242391313e-05,0.09222288520607083,-1.3299995799846554e-05,1.4822484776604708e-05,-0.0,-6.622975838810338e-05,6.797706782240102e-05,0.13687312628019008,0.0,0.0,0.0,0.0,0.0,0.0,0.0,0.0,0.0,0.0,0.0,0.0,0.0,-2.755366267719527,1.0199706000001014,1.6427335400378407e-05,1.7230706145875334e-05,0.1890877036552865
10.34,zero_thrust,5.0860679148355215e-06,-5.9651263196768294e-06,0.04677689990235585,0.9989053616705009,0.0,0.0,0.0,1.0,9.602940787263186e-06,-1.2393014307348939e-05,0.09358795055908634,-1.3299995799846554e-05,1.4822484776604708e-05,-0.0,-3.9933962324862916e-05,4.101411326104673e-05,0.13622223911727863,0.0,0.0,0.0,0.0,0.0,0.0,0.0,0.0,0.0,0.0,0.0,0.0,0.0,-1.5181957022734198,1.0199706000001014,1.6139889633066002e-05,1.69861993935846e-05,0.22339256925039586
10.35,zero_thrust,4.942737217706601e-06,-5.836473422476109e-06,0.047455709338231095,0.9988733431184909,0.0,0.0,0.0,1.0,9.320388925839394e-06,-1.2128917640836727e-05,0.0949470788940601,-1.3299995799846554e-05,1.4822484776604708e-05,-0.0,-1.6064524877412025e-05,1.7253492435345036e-05,0.13567488590264515,0.0,0.0,0.0,0.0,0.0,0.0,0.0,0.0,0.0,0.0,0.0,0.0,0.0,-0.45090946061356807,1.0199706000001014,1.5794651552629075e-05,1.6686837685408062e-05,0.26157492431065343
10.36,zero_thrust,4.914633953959823e-06,-5.810591952376724e-06,0.04813203266116366,0.9988409820256616,0.0,0.0,0.0,1.0,9.258524407282694e-06,-1.2080817387997922e-05,0.09630127311265449,-1.3299995799846554e-05,1.4822484776604708e-05,-0.0,4.425215727509095e-06,-2.5426872517808545e-06,0.1352240776095798,0.0,0.0,0.0,0.0,0.0,0.0,0.0,0.0,0.0,0.0,0.0,0.0,0.0,0.3837040487234888,1.0199706000001014,1.5448463023280994e-05,1.638638402167808e-05,0.2987965051713698
10.37,zero_thrust,4.986723869237609e-06,-5.870537073766549e-06,0.04880632085149193,0.998808261372327,0.0,0.0,0.0,1.0,9.388523364406747e-06,-1.221384914656439e-05,0.09765143639337834,-1.3299995799846554e-05,1.4822484776604708e-05,-0.0,2.2795624940332357e-05,-1.9507435915065022e-05,0.13485811005765647,0.0,0.0,0.0,0.0,0.0,0.0,0.0,0.0,0.0,0.0,0.0,0.0,0.0,1.032028076939959,1.0199706000001014,1.5101530219655541e-05,1.6085037165216193e-05,0.3350497470694274
10.38,zero_thrust,5.152322485747366e-06,-6.00641537732558e-06,0.04947896205569959,0.9987751660164901,0.0,0.0,0.0,1.0,9.697641095965312e-06,-1.25079801691729e-05,0.0989983462004752,-1.3299995799846554e-05,1.4822484776604708e-05,-0.0,4.0588431306119934e-05,-3.506010734917221e-05,0.13456407046028113,0.0,0.0,0.0,0.0,0.0,0.0,0.0,0.0,0.0,0.0,0.0,0.0,0.0,1.531228755046484,1.0199706000001014,1.4753995288637139e-05,1.578292331236037e-05,0.3703300617441525
10.39,zero_thrust,5.412137861253082e-06,-6.214409043369755e-06,0.05015028092820695,0.9987416829465524,0.0,0.0,0.0,1.0,1.0187346634148976e-05,-1.2956019161677285e-05,0.10034265294821323,-1.3299995799846554e-05,1.4822484776604708e-05,-0.0,5.912591703861851e-05,-5.0375502265757046e-05,0.13432959899153038,0.0,0.0,0.0,0.0,0.0,0.0,0.0,0.0,0.0,0.0,0.0,0.0,0.0,1.9110750946495612,1.0199706000001014,1.4405935633114717e-05,1.5480091502988862e-05,0.40463466627477046
10.4,zero_thrust,5.7731552948682374e-06,-6.495562476764272e-06,0.05082054384730217,0.9987078012349472,0.0,0.0,0.0,1.0,1.087117442733868e-05,-1.3561127621922876e-05,0.1016848904277262,-1.3299995799846554e-05,1.4822484776604708e-05,-0.0,7.954326951799848e-05,-6.63995294413439e-05,0.1341436727644158,0.0,0.0,0.0,0.0,0.0,0.0,0.0,0.0,0.0,0.0,0.0,0.0,0.0,2.1954042049142655,1.0199706000001014,1.4057381052907279e-05,1.5176530563072162e-05,0.4379618727345065
10.41,zero_thrust,6.2481864542735696e-06,-6.85520307722128e-06,0.05148996645163194,0.9986735118489807,0.0,0.0,0.0,1.0,1.1773848266504587e-05,-1.4335657285452227e-05,0.10302549088256377,-1.3299995799846554e-05,1.4822484776604708e-05,-0.0,0.00010296697459289571,-8.404424788633832e-05,0.13399685979536566,0.0,0.0,0.0,0.0,0.0,0.0,0.0,0.0,0.0,0.0,0.0,0.0,0.0,2.4032990561216576,1.0199706000001014,1.3708325405463725e-05,1.4872179976148193e-05,0.47031065734401806
10.42,zero_thrust,6.855670077363822e-06,-7.3025802658533265e-06,0.05215872161675554,0.9986388074068512,0.0,0.0,0.0,1.0,1.2930889879599516e-05,-1.5300446070089208e-05,0.10436480096802109,-1.3299995799846554e-05,1.4822484776604708e-05,-0.0,0.00013043036279257851,-0.00010408474619334759,0.13388130050409827,0.0,0.0,0.0,0.0,0.0,0.0,0.0,0.0,0.0,0.0,0.0,0.0,0.0,2.5500340810118196,1.0199706000001014,1.3358731768967241e-05,1.456693379235413e-05,0.501680399149742
10.43,zero_thrust,7.619611400145012e-06,-7.850622330598566e-06,0.05282694694522015,0.9986036819262967,0.0,0.0,0.0,1.0,1.43884951818252e-05,-1.648436234460094e-05,0.10570309673888992,-1.3299995799846554e-05,1.4822484776604708e-05,-0.0,0.00016302154063093456,-0.00012732373005527674,0.13379056212048762,0.0,0.0,0.0,0.0,0.0,0.0,0.0,0.0,0.0,0.0,0.0,0.0,0.0,2.647833712300626,1.0199706000001014,1.3008537016411882e-05,1.4260643829706497e-05,0.5320707215242999
10.44,zero_thrust,8.569602399998665e-06,-8.515787378490979e-06,0.05349475137486026,0.9985681305896885,0.0,0.0,0.0,1.0,1.620356384309198e-05,-1.792404526657642e-05,0.10704059687377401,-1.3299995799846554e-05,1.4822484776604708e-05,-0.0,0.00020183096556525813,-0.000154534266752263,0.1337194457286575,0.0,0.0,0.0,0.0,0.0,0.0,0.0,0.0,0.0,0.0,0.0,0.0,0.0,2.706480459987181,1.0199706000001014,1.2657653605397118e-05,1.3953119907204114e-05,0.5614813960316333
10.45,zero_thrust,9.74100661342342e-06,-9.318087175339633e-06,0.05416222079536282,0.9985321495359077,0.0,0.0,0.0,1.0,1.844403995933963e-05,-1.966400833670763e-05,0.10837747391538935,-1.3299995799846554e-05,1.4822484776604708e-05,-0.0,0.00024796702783576633,-0.0001864843020142421,0.13366378773242538,0.0,0.0,0.0,0.0,0.0,0.0,0.0,0.0,0.0,0.0,0.0,0.0,0.0,2.7338021297222896,1.0199706000001014,1.2305971208800826e-05,1.364413007867375e-05,0.5899122841182599
10.46,zero_thrust,1.1174952263857201e-05,-1.0280972258172207e-05,0.05482942270748588,0.9984957356819236,0.0,0.0,0.0,1.0,2.1188884822846758e-05,-2.1756446281436597e-05,0.10971386359532788,-1.3299995799846554e-05,1.4822484776604708e-05,-0.0,0.0003025463113663219,-0.0002239348282182865,0.13362027596505494,0.0,0.0,0.0,0.0,0.0,0.0,0.0,0.0,0.0,0.0,0.0,0.0,0.0,2.7360620563573113,1.0199706000001014,1.1953357600088483e-05,1.3333400364766402e-05,0.6173633017472333
10.47,zero_thrust,1.2918356628167378e-05,-1.1431295465970095e-05,0.05549641002450826,0.9984588865731193,0.0,0.0,0.0,1.0,2.4528104239725558e-05,-2.4261201921020943e-05,0.11104987244232624,-1.3299995799846554e-05,1.4822484776604708e-05,-0.0,0.0003666698273491809,-0.0002676276626391618,0.13358628872139802,0.0,0.0,0.0,0.0,0.0,0.0,0.0,0.0,0.0,0.0,0.0,0.0,0.0,2.7182715690922308,1.0199706000001014,1.1599658923583604e-05,1.3020614010263092e-05,0.6438343979475518
10.48,zero_thrust,1.5023776002301622e-05,-1.279917251909087e-05,0.05616322413761045,0.9984216002595977,0.0,0.0,0.0,1.0,2.856243938087297e-05,-2.724550801841059e-05,0.11238558391744707,-1.3299995799846554e-05,1.4822484776604708e-05,-0.0,0.0004413887365179192,-0.00031826524922849285,0.13355975862766303,0.0,0.0,0.0,0.0,0.0,0.0,0.0,0.0,0.0,0.0,0.0,0.0,0.0,2.6844401323970235,1.0199706000001014,1.1244701241625076e-05,1.2705412900330888e-05,0.6693255418037177
10.49,zero_thrust,1.754897491327835e-05,-1.4417679124528265e-05,0.05682989736674188,0.9983838751950322,0.0,0.0,0.0,1.0,3.34025167314491e-05,-3.078336960261817e-05,0.11372106331934569,-1.3299995799846554e-05,1.4822484776604708e-05,-0.0,0.000527712810124214,-0.00037652570091231577,0.1335390600917554,0.0,0.0,0.0,0.0,0.0,0.0,0.0,0.0,0.0,0.0,0.0,0.0,0.0,2.6377755611333376,1.0199706000001014,1.0888291741695182e-05,1.2387399090427359e-05,0.6938367145645031
10.5,zero_thrust,2.055635994027193e-05,-1.6322500575901196e-05,0.057496454907881786,0.9983457101545726,0.0,0.0,0.0,1.0,3.9167735722778205e-05,-3.4954832509763266e-05,0.11505636168151513,-1.3299995799846554e-05,1.4822484776604708e-05,-0.0,0.0006263657715979784,-0.0004428721761430078,0.13352291768806449,0.0,0.0,0.0,0.0,0.0,0.0,0.0,0.0,0.0,0.0,0.0,0.0,0.0,2.58084425475006,1.0199706000001014,1.0530220873540014e-05,1.2066138145704048e-05,0.7173679048566721
10.51,zero_thrust,2.411213981820221e-05,-1.855142215222974e-05,0.058162916372916894,0.9983071041685753,0.0,0.0,0.0,1.0,4.598463137666624e-05,-3.984489780818188e-05,0.11639151885405709,-1.3299995799846554e-05,1.4822484776604708e-05,-0.0,0.0007380693547023677,-0.0005177946103175222,0.13351033240472285,0.0,0.0,0.0,0.0,0.0,0.0,0.0,0.0,0.0,0.0,0.0,0.0,0.0,2.515699422305704,1.0199706000001014,1.0170265954871401e-05,1.1741165355337485e-05,0.7399191057819544
10.52,zero_thrust,2.828517670556458e-05,-2.1143652008239822e-05,0.05882929700304622,0.9982680564693144,0.0,0.0,0.0,1.0,5.398464446827239e-05,-4.5542058931991745e-05,0.11772656593190495,-1.3299995799846554e-05,1.4822484776604708e-05,-0.0,0.0008630503225633088,-0.000601424453756215,0.13350052274757748,0.0,0.0,0.0,0.0,0.0,0.0,0.0,0.0,0.0,0.0,0.0,0.0,0.0,2.4439836853308226,1.0199706000001014,9.808193519395734e-06,1.1411990461890803e-05,0.7614903131562669
10.53,zero_thrust,3.3144850806460704e-05,-2.413850618474362e-05,0.05949560862235029,0.9982285664482897,0.0,0.0,0.0,1.0,6.330000370626073e-05,-5.213543901647262e-05,0.1190615271629487,-1.3299995799846554e-05,1.4822484776604708e-05,-0.0,0.0010014027722775923,-0.000693826786201959,0.13349287798799878,0.0,0.0,0.0,0.0,0.0,0.0,0.0,0.0,0.0,0.0,0.0,0.0,0.0,2.367011173974241,1.0199706000001014,9.44376736881108e-06,1.1078112215836959e-05,0.7820815244417456
10.54,zero_thrust,3.8760008032703824e-05,-2.7574876916414314e-05,0.060161860385618514,0.9981886336220371,0.0,0.0,0.0,1.0,7.406168732404355e-05,-5.9713605842087824e-05,0.12039642144422107,-1.3299995799846554e-05,1.4822484776604708e-05,-0.0,0.0011527748291705906,-0.0007947637365704652,0.13348692121611105,0.0,0.0,0.0,0.0,0.0,0.0,0.0,0.0,0.0,0.0,0.0,0.0,0.0,2.2858332123242113,1.0199706000001014,9.076753406548392e-06,1.073902827909097e-05,0.8016927380989861
10.55,zero_thrust,4.5196373532097674e-05,-3.148969459012041e-05,0.060828059363894835,0.9981482576049059,0.0,0.0,0.0,1.0,8.639444926783622e-05,-6.836118301300986e-05,0.1217312634933927,-1.3299995799846554e-05,1.4822484776604708e-05,-0.0,0.001316388203283718,-0.0009037149816578792,0.1334822802414463,0.0,0.0,0.0,0.0,0.0,0.0,0.0,0.0,0.0,0.0,0.0,0.0,0.0,2.201290871762761,1.0199706000001014,8.706926110077394e-06,1.0394248364576818e-05,0.8203239531941553
10.56,zero_thrust,5.251454251068174e-05,-3.591679937675528e-05,0.061494211002400795,0.9981074380874028,0.0,0.0,0.0,1.0,0.00010041296097194883,-7.815633001572621e-05,0.12306606476488915,-1.3299995799846554e-05,1.4822484776604708e-05,-0.0,0.0014909946473798024,-0.0010198491938558888,0.13347866473312,0.0,0.0,0.0,0.0,0.0,0.0,0.0,0.0,0.0,0.0,0.0,0.0,0.0,2.114057016740864,1.0199706000001014,8.334076791867992e-06,1.0043310790924494e-05,0.8379751691606908
10.57,zero_thrust,6.076722330823245e-05,-4.0885343754795095e-05,0.06216031947831632,0.9980661748191284,0.0,0.0,0.0,1.0,0.0001162165289073122,-8.916717744248498e-05,0.12440083416588066,-1.3299995799846554e-05,1.4822484776604708e-05,-0.0,0.0016749907109757116,-0.0011421065240251546,0.1334758482969577,0.0,0.0,0.0,0.0,0.0,0.0,0.0,0.0,0.0,0.0,0.0,0.0,0.0,2.024669943274138,1.0199706000001014,7.958023060007824e-06,9.685801713834967e-06,0.8546463856547628
10.58,zero_thrust,6.999663276563144e-05,-4.641831566090869e-05,0.06282638798012162,0.9980244675954506,0.0,0.0,0.0,1.0,0.00013388411516952712,-0.00010144850093719782,0.125735578615652,-1.3299995799846554e-05,1.4822484776604708e-05,-0.0,0.001865923009490842,-0.0012688445607672413,0.13347365444458995,0.0,0.0,0.0,0.0,0.0,0.0,0.0,0.0,0.0,0.0,0.0,0.0,0.0,1.9335602908762444,1.0199706000001014,7.578615929414314e-06,9.321370435991907e-06,0.8703376024676092
10.59,zero_thrust,8.023247566585295e-05,-5.253142430352443e-05,0.06349241892558058,0.9979823162472259,0.0,0.0,0.0,1.0,0.00015347049102720908,-0.00011503917317095812,0.1270703034825874,-1.3299995799846554e-05,1.4822484776604708e-05,-0.0,0.0020612406513874026,-0.001398377084753156,0.1334719456221652,0.0,0.0,0.0,0.0,0.0,0.0,0.0,0.0,0.0,0.0,0.0,0.0,0.0,1.8410725727961479,1.0199706000001014,7.195749933220531e-06,8.949750414866551e-06,0.8850488194723665
10.6,zero_thrust,9.148925354965168e-05,-5.923156900541772e-05,0.06415841413178382,0.9979397206331815,0.0,0.0,0.0,1.0,0.00017500111555977143,-0.00012995868205337342,0.12840501292596146,-1.3299995799846554e-05,1.4822484776604708e-05,-0.0,0.0022578841003456657,-0.0015286750703713454,0.13347061463921014,0.0,0.0,0.0,0.0,0.0,0.0,0.0,0.0,0.0,0.0,0.0,0.0,0.0,1.74748240062614,1.0199706000001014,6.809370062129037e-06,8.57077470777218e-06,0.8987800365918273
10.61,zero_thrust,0.00010376468351544358,-6.651599219372809e-05,0.06482437494775954,0.997896680634396,0.0,0.0,0.0,1.0,0.00019846915468248533,-0.0001462051376604095,0.1297397101633759,-1.3299995799846554e-05,1.4822484776604708e-05,-0.0,0.0024524830604876905,-0.0016575053646633298,0.13346957797723075,0.0,0.0,0.0,0.0,0.0,0.0,0.0,0.0,0.0,0.0,0.0,0.0,0.0,1.6530102642422078,1.0199706000001014,6.419478242047369e-06,8.184390552912364e-06,0.9115312537788918
10.62,zero_thrust,0.0001170384233853501,-7.437160282466423e-05,0.06549030235788127,0.9978531961505888,0.0,0.0,0.0,1.0,0.00022383309705346395,-0.00016375364736470868,0.13107439768044915,-1.3299995799846554e-05,1.4822484776604708e-05,-0.0,0.0026414717798034035,-0.0017825081874034243,0.13346877056862544,0.0,0.0,0.0,0.0,0.0,0.0,0.0,0.0,0.0,0.0,0.0,0.0,0.0,1.5578325559103818,1.0199706000001014,6.026139186225672e-06,7.790672871279765e-06,0.9233024710047223
10.63,zero_thrust,0.00013127106247981844,-8.277445539775938e-05,0.06615619706250286,0.9978092670979384,0.0,0.0,0.0,1.0,0.00025101488574095376,-0.0001825550269197583,0.1324090773956415,-1.3299995799846554e-05,1.4822484776604708e-05,-0.0,0.0028212330225227573,-0.0019012938201409166,0.13346814172454272,0.0,0.0,0.0,0.0,0.0,0.0,0.0,0.0,0.0,0.0,0.0,0.0,0.0,1.4620903896652804,1.0199706000001014,5.629482161252168e-06,7.389829931254096e-06,0.9340936882515708
10.64,zero_thrust,0.0001464054702109172,-9.169062545910872e-05,0.06682205954082361,0.9977648934077558,0.0,0.0,0.0,1.0,0.0002799025732869464,-0.00020253760575520064,0.13374375078945547,-1.3299995799846554e-05,1.4822484776604708e-05,-0.0,0.002988435719044561,-0.0020116731126488515,0.1334676519598821,0.0,0.0,0.0,0.0,0.0,0.0,0.0,0.0,0.0,0.0,0.0,0.0,0.0,1.3658966568696542,1.0199706000001014,5.2297005165532504e-06,6.982204480527743e-06,0.9439049055084421
10.65,zero_thrust,0.00016236593474417497,-0.00010107575924402779,0.06748789009992712,0.9977200750264847,0.0,0.0,0.0,1.0,0.00031034873846676403,-0.00022360609877596676,0.13507841900705406,-1.3299995799846554e-05,1.4822484776604708e-05,-0.0,0.003139507385512118,-0.0021112933923732534,0.1334672705184096,0.0,0.0,0.0,0.0,0.0,0.0,0.0,0.0,0.0,0.0,0.0,0.0,0.0,1.269341670696387,1.0199706000001014,4.827047911175156e-06,6.568268302646528e-06,0.9527361227684766
10.66,zero_thrust,0.00017906111538973127,-0.000110876875347321,0.06815368891300111,0.997674811915679,0.0,0.0,0.0,1.0,0.0003421762100965958,-0.00024564548509569133,0.1364130829382036,-1.3299995799846554e-05,1.4822484776604708e-05,-0.0,0.003272060930974606,-0.0021986145753208897,0.13346697344398856,0.0,0.0,0.0,0.0,0.0,0.0,0.0,0.0,0.0,0.0,0.0,0.0,0.0,1.1724976817351713,1.0199706000001014,4.421837919796068e-06,6.148623254481913e-06,0.9605873400273796
10.67,zero_thrust,0.00019638755475922295,-0.0001210344839992054,0.0688194560491197,0.9976291040520446,0.0,0.0,0.0,1.0,0.0003751848482274151,-0.00026852562027680223,0.13774774327968026,-1.3299995799846554e-05,1.4822484776604708e-05,-0.0,0.0033836757199181707,-0.0022720787008050913,0.1334667420776458,0.0,0.0,0.0,0.0,0.0,0.0,0.0,0.0,0.0,0.0,0.0,0.0,0.0,1.0754224904899443,1.0199706000001014,4.014426346376348e-06,5.723967759758534e-06,0.9674585572824698
10.68,zero_thrust,0.0002142333989248484,-0.00013148481050649318,0.0694851914964379,0.9975829514273481,0.0,0.0,0.0,1.0,0.00040915870718589336,-0.0002921061123183579,0.13908240058365423,-1.3299995799846554e-05,1.4822484776604708e-05,-0.0,0.0034733171717264253,-0.0023310757755813094,0.13346656188659645,0.0,0.0,0.0,0.0,0.0,0.0,0.0,0.0,0.0,0.0,0.0,0.0,0.0,0.9781623373848076,1.0199706000001014,3.605201826754145e-06,5.295079368908261e-06,0.9733497745321122
10.69,zero_thrust,0.00023248302699668908,-0.0001421625532586711,0.07015089518022154,0.9975363540477431,0.0,0.0,0.0,1.0,0.0004438749182836573,-0.0003162424203067919,0.1404170552942559,-1.3299995799846554e-05,1.4822484776604708e-05,-0.0,0.003540791113859789,-0.002375574977009905,0.13346642155199195,0.0,0.0,0.0,0.0,0.0,0.0,0.0,0.0,0.0,0.0,0.0,0.0,0.0,0.8807542147729603,1.0199706000001014,3.19456695710257e-06,4.862777875968597e-06,0.9782609917753678
10.7,zero_thrust,0.00025102337671556804,-0.00015300461191940996,0.07081656697681186,0.9974893119319483,0.0,0.0,0.0,1.0,0.0004791157940949267,-0.00034079416426833765,0.14175170777364524,-1.3299995799846554e-05,1.4822484776604708e-05,-0.0,0.003587076116518846,-0.0024063542534022695,0.13346631225827651,0.0,0.0,0.0,0.0,0.0,0.0,0.0,0.0,0.0,0.0,0.0,0.0,0.0,0.7832277165464832,1.0199706000001014,2.7829207093954256e-06,4.427890615211492e-06,0.9821922090117735
10.71,zero_thrust,0.00026974984310124144,-0.0001639535753052091,0.07148220672441159,0.9974418251086405,0.0,0.0,0.0,1.0,0.0005146800820508752,-0.0003656329430146663,0.1430863583200743,-1.3299995799846554e-05,1.4822484776604708e-05,-0.0,0.0036144300181328273,-0.002425075982003852,0.13346622713962938,0.0,0.0,0.0,0.0,0.0,0.0,0.0,0.0,0.0,0.0,0.0,0.0,0.0,0.6856065178255376,1.0199706000001014,2.370635930044057e-06,3.99120738989778e-06,0.985143426241191
10.72,zero_thrust,0.000288573618153481,-0.00017496203569621085,0.0721478142313422,0.9973938936123445,0.0,0.0,0.0,1.0,0.0005503969420969248,-0.00039065205356015036,0.1444210071780712,-1.3299995799846554e-05,1.4822484776604708e-05,-0.0,0.0036264819847557236,-0.00243435482321171,0.13346616084878676,0.0,0.0,0.0,0.0,0.0,0.0,0.0,0.0,0.0,0.0,0.0,0.0,0.0,0.5879095587102916,1.0199706000001014,1.95803410443071e-06,3.5534290603241486e-06,0.9871146434636844
10.73,zero_thrust,0.00030742895518319697,-0.0001859968583657125,0.07281338928231804,0.9973455174781847,0.0,0.0,0.0,1.0,0.0005861397417082583,-0.00041577616627214896,0.145755654542518,-1.3299995799846554e-05,1.4822484776604708e-05,-0.0,0.0036282916148286156,-0.002437803915217998,0.13346610922120003,0.0,0.0,0.0,0.0,0.0,0.0,0.0,0.0,0.0,0.0,0.0,0.0,0.0,0.4901519912828722,1.0199706000001014,1.5453613828939348e-06,3.115118491148821e-06,0.9881058606794163
10.74,zero_thrust,0.0003262810401503179,-0.0001970441313562429,0.0734789316430291,0.9972966967351753,0.0,0.0,0.0,1.0,0.0006218409231180736,-0.0004409725014081889,0.14709030055660763,-1.3299995799846554e-05,1.4822484776604708e-05,-0.0,0.0036264405924464993,-0.002440211073520098,0.1334660690134577,0.0,0.0,0.0,0.0,0.0,0.0,0.0,0.0,0.0,0.0,0.0,0.0,0.0,0.3923459372087579,1.0199706000001014,1.132761014256642e-06,2.676643774179183e-06,0.9881170778885393
10.75,zero_thrust,0.000345118058711377,-0.0002081001415496289,0.07414444106555061,0.997247431406536,0.0,0.0,0.0,1.0,0.0006574773766294376,-0.00046623185129194276,0.14842494532481385,-1.3299995799846554e-05,1.4822484776604708e-05,-0.0,0.0036208297747517613,-0.00243947627445404,0.13346603769955306,0.0,0.0,0.0,0.0,0.0,0.0,0.0,0.0,0.0,0.0,0.0,0.0,0.0,0.2945010938180448,1.0199706000001014,7.202521346233545e-07,2.238132580834966e-06,0.9871482950910913
10.76,zero_thrust,0.00036388946790022784,-0.00021912758693920476,0.07480991729601719,0.9971977215385718,0.0,0.0,0.0,1.0,0.0006929538023989667,-0.0004914721626264872,0.1497595889810996,-1.3299995799846554e-05,1.4822484776604708e-05,-0.0,0.003601244979832993,-0.0024272123051394742,0.13346601331220906,0.0,0.0,0.0,0.0,0.0,0.0,0.0,0.0,0.0,0.0,0.0,0.0,0.0,0.196625218977097,1.0199706000001014,3.0794634371370474e-07,1.7997695262889294e-06,0.9851995122872244
10.77,zero_thrust,0.0003824921032093466,-0.00023005719285604164,0.07547536007487549,0.997147567211116,0.0,0.0,0.0,1.0,0.0007280750029025951,-0.0005165394217525875,0.1510942317055089,-1.3299995799846554e-05,1.4822484776604708e-05,-0.0,0.0035569710833111123,-0.0023959083173170264,0.13346599431929573,0.0,0.0,0.0,0.0,0.0,0.0,0.0,0.0,0.0,0.0,0.0,0.0,0.0,0.09872451898743892,1.0199706000001014,-1.0382596765685448e-07,1.3621121305517062e-06,0.9822707294775125
10.78,zero_thrust,0.00040076081878350514,-0.0002407824024179555,0.07614076913966679,0.9970969685489074,0.0,0.0,0.0,1.0,0.0007625282659782201,-0.000541195307446832,0.15242887374955902,-1.3299995799846554e-05,1.4822484776604708e-05,-0.0,0.003475833006555339,-0.0023368755778395292,0.13346597952758135,0.0,0.0,0.0,0.0,0.0,0.0,0.0,0.0,0.0,0.0,0.0,0.0,0.0,0.0008039589010259418,1.0199706000001014,-5.145311334097372e-07,9.261306360362004e-07,0.9783619466630663
10.79,zero_thrust,0.00041846262889563195,-0.0002511559064589514,0.07680614422741569,0.9970459257319375,0.0,0.0,0.0,1.0,0.0007958724959723472,-0.0005651089786520524,0.15376351545902098,-1.3299995799846554e-05,1.4822484776604708e-05,-0.0,0.003344256274775615,-0.002240397560599364,0.1334659680077715,0.0,0.0,0.0,0.0,0.0,0.0,0.0,0.0,0.0,0.0,0.0,0.0,0.0,-0.09713248922672649,1.0199706000001014,-9.234011163927337e-07,4.932688797609993e-07,0.973473163845689
10.8,zero_thrust,0.0004352892656886973,-0.0002609851851693424,0.07747148507679673,0.9969944390065493,0.0,0.0,0.0,1.0,0.0008275243721743102,-0.0005878466021120414,0.1550981572974878,-1.3299995799846554e-05,1.4822484776604708e-05,-0.0,0.0031475924390654405,-0.0020959659767233905,0.1334659590361277,0.0,0.0,0.0,0.0,0.0,0.0,0.0,0.0,0.0,0.0,0.0,0.0,0.0,-0.1950816477346017,1.0199706000001014,-1.3294118918086272e-06,6.549234958973032e-08,0.9676043810280281
10.81,zero_thrust,0.00045085319559602037,-0.00027003021399655945,0.07813679142981232,0.9969425086935222,0.0,0.0,0.0,1.0,0.0008567511063370576,-0.0006088656797685764,0.15643279986359807,-1.3299995799846554e-05,1.4822484776604708e-05,-0.0,0.0028703766290628365,-0.0018924652878469035,0.13346595204900033,0.0,0.0,0.0,0.0,0.0,0.0,0.0,0.0,0.0,0.0,0.0,0.0,0.0,-0.293040974474,1.0199706000001014,-1.7312650016724597e-06,-3.546698495072878e-07,0.9607555982137111
10.82,zero_thrust,0.0004646838050599263,-0.0002780012566130234,0.07880206303309083,0.9968901351934382,0.0,0.0,0.0,1.0,0.0008826635457985017,-0.0006275095467536027,0.15776744390268047,-1.3299995799846554e-05,1.4822484776604708e-05,-0.0,0.002497324391034935,-0.0016188939165578944,0.1334659466074175,0.0,0.0,0.0,0.0,0.0,0.0,0.0,0.0,0.0,0.0,0.0,0.0,0.0,-0.3910084357043675,1.0199706000001014,-2.127371747450271e-06,-7.640875787653374e-07,0.9529268154074529
10.83,zero_thrust,0.00047622673641542143,-0.0002845586174507146,0.07946729963852303,0.9968373189857259,0.0,0.0,0.0,1.0,0.0009042152666222179,-0.0006430062484541527,0.15910209030596717,-1.3299995799846554e-05,1.4822484776604708e-05,-0.0,0.0020119983388904323,-0.001263397878520691,0.13346594236950704,0.0,0.0,0.0,0.0,0.0,0.0,0.0,0.0,0.0,0.0,0.0,0.0,0.0,-0.488982404411028,1.0199706000001014,-2.5158553304089486e-06,-1.1590269866124079e-06,0.9441180326150764
10.84,zero_thrust,0.0004848493783781761,-0.0002893161577659351,0.08013250100289193,0.996784060617074,0.0,0.0,0.0,1.0,0.0009202133366833552,-0.0006544759024012917,0.16043674008921244,-1.3299995799846554e-05,1.4822484776604708e-05,-0.0,0.0014004303678904675,-0.0008159065059913884,0.1334659390690181,0.0,0.0,0.0,0.0,0.0,0.0,0.0,0.0,0.0,0.0,0.0,0.0,0.0,-0.5869615789613263,1.0199706000001014,-2.8945544906141112e-06,-1.5351507905531743e-06,0.9343292498434514
10.85,zero_thrust,0.0004898477122666541,-0.0002918456543484639,0.08079766688656323,0.9967303606798685,0.0,0.0,0.0,1.0,0.0009293316146828412,-0.0006609400013259487,0.16177139435204177,-1.3299995799846554e-05,1.4822484776604708e-05,-0.0,0.0006504175543660891,-0.0002676270324609477,0.13346593649859426,0.0,0.0,0.0,0.0,0.0,0.0,0.0,0.0,0.0,0.0,0.0,0.0,0.0,-0.6849449180327888,1.0199706000001014,-3.2610519809417214e-06,-1.8875673651287238e-06,0.9235604671002653
10.86,zero_thrust,0.000490462433863973,-0.0002916868340067024,0.08146279705059471,0.9966762197735458,0.0,0.0,0.0,1.0,0.000930141575858107,-0.0006613435937818606,0.16310605420442292,-1.3299995799846554e-05,1.4822484776604708e-05,-0.0,-0.0002467734242637756,0.00038770370169464655,0.1334659344967457,0.0,0.0,0.0,0.0,0.0,0.0,0.0,0.0,0.0,0.0,0.0,0.0,0.0,-0.7829315885594431,1.0199706000001014,-3.6127219331700846e-06,-2.210917811204426e-06,0.9118116843936049
10.870000000000001,zero_thrust,0.0004859018716558432,-0.0002883615499597728,0.0821278912522723,0.9966216384493378,0.0,0.0,0.0,1.0,0.0009211559144990433,-0.0006545869596693338,0.16444072066121537,-1.3299995799846554e-05,1.4822484776604708e-05,-0.0,-0.0012948761838513859,0.0011526898192417325,0.13346593293770426,0.0,0.0,0.0,0.0,0.0,0.0,0.0,0.0,0.0,0.0,0.0,0.0,0.0,-0.8809209240931523,1.0199706000001014,-3.9467969687005836e-06,-2.4995028765803533e-06,0.8990829017313253
10.88,zero_thrust,0.00047537149140492005,-0.00028139199521409785,0.08279294923910456,0.9965666171394572,0.0,0.0,0.0,1.0,0.0009008844779056467,-0.0006395665966384464,0.16577539450679313,-1.3299995799846554e-05,1.4822484776604708e-05,-0.0,-0.0024908883553946748,0.0020249924137135493,0.1334659317235214,0.0,0.0,0.0,0.0,0.0,0.0,0.0,0.0,0.0,0.0,0.0,0.0,0.0,-0.9789123914979173,1.0199706000001014,-4.2604725828303786e-06,-2.7474854933286727e-06,0.8853741191201558
10.89,zero_thrust,0.00045812058891248823,-0.00027032930768521057,0.08345797074093676,0.9965111560677062,0.0,0.0,0.0,1.0,0.0008679225576780624,-0.0006152400100647705,0.16711007612399922,-1.3299995799846554e-05,1.4822484776604708e-05,-0.0,-0.0038223880070315055,0.0029953566362087175,0.13346593077791485,0.0,0.0,0.0,0.0,0.0,0.0,0.0,0.0,0.0,0.0,0.0,0.0,0.0,-1.0769055643097234,1.0199706000001014,-4.551042752917191e-06,-2.949157962482736e-06,0.8706853365645867
10.9,zero_thrust,0.0004334834073961255,-0.00025477889359911755,0.08412295546210417,0.99645525516411,0.0,0.0,0.0,1.0,0.0008210283622781805,-0.0005806833782451133,0.1684447653306515,-1.3299995799846554e-05,1.4822484776604708e-05,-0.0,-0.005269182169647277,0.004048746870682198,0.13346593004147575,0.0,0.0,0.0,0.0,0.0,0.0,0.0,0.0,0.0,0.0,0.0,0.0,0.0,-1.174900101427269,1.0199706000001014,-4.816070494656415e-06,-3.099281940976033e-06,0.8550165540656097
10.91,zero_thrust,0.0004009439300231572,-0.00023443997106890126,0.08478790307298198,0.996398913976903,0.0,0.0,0.0,1.0,0.0007592450274707428,-0.0005351818808324344,0.1697794612109583,-1.3299995799846554e-05,1.4822484776604708e-05,-0.0,-0.006795447469297651,0.005158658878656218,0.13346592946793623,0.0,0.0,0.0,0.0,0.0,0.0,0.0,0.0,0.0,0.0,0.0,0.0,0.0,-1.272895730063483,1.0199706000001014,-5.053559541518698e-06,-3.1934334741457035e-06,0.8383677716195267
10.92,zero_thrust,0.00036020673902371756,-0.0002091487459653556,0.08545281320350209,0.9963421316111823,0.0,0.0,0.0,1.0,0.0006820337338188149,-0.000478328791366875,0.17111416199798798,-1.3299995799846554e-05,1.4822484776604708e-05,-0.0,-0.008355456959000826,0.0062911669157651035,0.13346592902126322,0.0,0.0,0.0,0.0,0.0,0.0,0.0,0.0,0.0,0.0,0.0,0.0,0.0,-1.370892232105377,1.0199706000001014,-5.262224721582113e-06,-3.2285534676101396e-06,0.8207389892167976
10.93,zero_thrust,0.00031126947693715826,-0.00017892245861652334,0.08611768544074314,0.9962849067171478,0.0,0.0,0.0,1.0,0.0005894094712673596,-0.00041012711528660967,0.1724488650511971,-1.3299995799846554e-05,1.4822484776604708e-05,-0.0,-0.009886613866541764,0.007399908481884724,0.13346592867339394,0.0,0.0,0.0,0.0,0.0,0.0,0.0,0.0,0.0,0.0,0.0,0.0,0.0,-1.4688894331898223,1.0199706000001014,-5.441727115838197e-06,-3.2034316564768077e-06,0.8021302068415219
10.94,zero_thrust,0.00024226430623205215,-0.00013649743096301068,0.08691548146750483,0.9962156502272633,0.0,0.0,0.0,1.0,0.0004589675456078258,-0.00031407479668297856,0.17405050687628015,-1.3299995799846554e-05,1.4822484776604708e-05,-0.0,-0.011578237234950325,0.008619207738500362,0.13346592835595272,0.0,0.0,0.0,0.0,0.0,0.0,0.0,0.0,0.0,0.0,0.0,0.0,0.0,-1.5668871939490543,1.0199706000001014,-5.5929504404247585e-06,-3.1192823380021943e-06,0.7825414244716625
10.95,zero_thrust,0.00019069346654512127,-0.00010490687953563546,0.08744731439896598,0.9961691221047543,0.0,0.0,0.0,1.0,0.00036157825506208537,-0.00024236125359780158,0.17511826385995424,-1.3299995799846554e-05,1.4822484776604708e-05,-0.0,-0.012547174107884558,0.009312388556491418,0.13346592819147965,0.0,0.0,0.0,0.0,0.0,0.0,0.0,0.0,0.0,0.0,0.0,0.0,0.0,-1.6648854029839402,1.0199706000001014,-5.718247683561887e-06,-2.9802670908410376e-06,0.7619726420804281
10.96,zero_thrust,0.00012116206335421818,-6.244765892508955e-05,0.08811207015291822,0.9961105583786428,0.0,0.0,0.0,1.0,0.00023037684064112034,-0.00014576122577104702,0.17645295182209655,-1.3299995799846554e-05,1.4822484776604708e-05,-0.0,-0.013490588972109063,0.009978139761053464,0.13346592802715776,0.0,0.0,0.0,0.0,0.0,0.0,0.0,0.0,0.0,0.0,0.0,0.0,0.0,-1.7628839712168713,1.0199706000001014,-5.821668044936854e-06,-2.7939866248147606e-06,0.7404238596389426
10.97,zero_thrust,4.774145160118488e-05,-1.777028068095109e-05,0.08877678612898415,0.9960515446750633,0.0,0.0,0.0,1.0,9.195071662793413e-05,-4.387689633379132e-05,0.17778762755138147,-1.3299995799846554e-05,1.4822484776604708e-05,-0.0,-0.014041011442551387,0.010349970762318795,0.13346592789918377,0.0,0.0,0.0,0.0,0.0,0.0,0.0,0.0,0.0,0.0,0.0,0.0,0.0,-1.8608828273481228,1.0199706000001014,-5.909123825965713e-06,-2.5718610967438624e-06,0.7178950771202078
10.98,zero_thrust,-2.71863561322307e-05,2.7652193883055476e-05,0.08944146191742974,0.9959920799817292,0.0,0.0,0.0,1.0,-4.920828559855416e-05,5.9945907112536856e-05,0.1791222890558192,-1.3299995799846554e-05,1.4822484776604708e-05,-0.0,-0.014097969274893157,0.010353317022770165,0.13346592779951755,0.0,0.0,0.0,0.0,0.0,0.0,0.0,0.0,0.0,0.0,0.0,0.0,0.0,-1.9588819142020784,1.0199706000001014,-5.9884480251495735e-06,-2.3292947156915866e-06,0.6943862945040293
10.99,zero_thrust,-0.00010073132443324726,7.204051307450069e-05,0.09010609719740352,0.9959321643120163,0.0,0.0,0.0,1.0,-0.00018766055652040412,0.0001616479419332602,0.18045693631360668,-1.3299995799846554e-05,1.4822484776604708e-05,-0.0,-0.01357216626001458,0.009922011874967116,0.13346592772189733,0.0,0.0,0.0,0.0,0.0,0.0,0.0,0.0,0.0,0.0,0.0,0.0,0.0,-2.111300702959353,1.0199706000001014,-6.0693287302579345e-06,-2.0855980563784007e-06,0.6698975117821372
11.0,zero_thrust,-0.00016958163356872675,0.00011336390883350545,0.0907706917609129,0.9958717989319404,0.0,0.0,0.0,1.0,-0.0003171829078835269,0.00025657792684110004,0.18179157170873436,-1.3299995799846554e-05,1.4822484776604708e-05,-0.0,-0.012394784910379217,0.0090051691095121,0.13346592766144677,0.0,0.0,0.0,0.0,0.0,0.0,0.0,0.0,0.0,0.0,0.0,0.0,0.0,-2.1521093409082797,1.0199706000001014,-6.1630650286213504e-06,-1.8635501420332304e-06,0.644428728962391
11.01,zero_thrust,-0.00023015119204739266,0.00014943231066047902,0.09143524551799152,0.9958109863711476,0.0,0.0,0.0,1.0,-0.0004310474493262084,0.00033970054138465945,0.18312620005087074,-1.3299995799846554e-05,1.4822484776604708e-05,-0.0,-0.010531098415900044,0.007577615305150808,0.1334659276143677,0.0,0.0,0.0,0.0,0.0,0.0,0.0,0.0,0.0,0.0,0.0,0.0,0.0,-2.2506631305606604,1.0199706000001014,-6.282129332671013e-06,-1.6885643572145714e-06,0.6179799460706897
11.02,zero_thrust,-0.00027878927268536294,0.0001780265297110167,0.09209975847487707,0.9957497301390372,0.0,0.0,0.0,1.0,-0.0005224163521038158,0.0004058925983391386,0.18446082802760727,-1.3299995799846554e-05,1.4822484776604708e-05,-0.0,-0.0079887219462599,0.0056459412295622935,0.13346592757770262,0.0,0.0,0.0,0.0,0.0,0.0,0.0,0.0,0.0,0.0,0.0,0.0,0.0,-2.349106162877014,1.0199706000001014,-6.4394910706073115e-06,-1.5873640224241577e-06,0.590551163149266
11.03,zero_thrust,-0.0003120430547990745,0.0001970603248755346,0.09276423068210617,0.9956880341263108,0.0,0.0,0.0,1.0,-0.0005848348653571344,0.0004503140980148118,0.18579546305115718,-1.3299995799846554e-05,1.4822484776604708e-05,-0.0,-0.004832774629441225,0.003260106753573035,0.13346592754914774,0.0,0.0,0.0,0.0,0.0,0.0,0.0,0.0,0.0,0.0,0.0,0.0,0.0,-2.4474605882746148,1.0199706000001014,-6.647764019238558e-06,-1.5862777971486411e-06,0.5621423802506165
11.04,zero_thrust,-0.00032698713571612285,0.0002047834108610529,0.09342866215643854,0.9956259017476523,0.0,0.0,0.0,1.0,-0.0006128485492254955,0.00046887529464754437,0.18713011160695925,-1.3299995799846554e-05,1.4822484776604708e-05,-0.0,-0.0011909291157427805,0.0005172287172409412,0.13346592752690917,0.0,0.0,0.0,0.0,0.0,0.0,0.0,0.0,0.0,0.0,0.0,0.0,0.0,-2.5457441270877545,1.0199706000001014,-6.91812030580192e-06,-1.7090419613594818e-06,0.532753597427214
11.05,zero_thrust,-0.00032156769716442453,0.00019999227457492908,0.09409305279263792,0.9955633350086112,0.0,0.0,0.0,1.0,-0.0006026463506260463,0.00045872454040304364,0.18846477745749654,-1.3299995799846554e-05,1.4822484776604708e-05,-0.0,0.0027425912612533267,-0.0024353407099364393,0.13346592750958974,0.0,0.0,0.0,0.0,0.0,0.0,0.0,0.0,0.0,0.0,0.0,0.0,0.0,-2.6439709558420432,1.0199706000001014,-7.259073645869605e-06,-1.974303940773732e-06,0.5023848147186226
11.06,zero_thrust,-0.00029495636118632935,0.00018224597025143826,0.09475740228888782,0.995500333751131,0.0,0.0,0.0,1.0,-0.0005527200791716153,0.00041875045780752785,0.18979946019240754,-1.3299995799846554e-05,1.4822484776604708e-05,-0.0,0.0067103643147488415,-0.005402511987453061,0.13346592749610137,0.0,0.0,0.0,0.0,0.0,0.0,0.0,0.0,0.0,0.0,0.0,0.0,0.0,-2.742152416263548,1.0199706000001014,-7.675232876633664e-06,-2.3930253350711354e-06,0.47103603213912204
11.07,zero_thrust,-0.0002478549389352939,0.0001520503804236131,0.09542171011547172,0.9954368953817465,0.0,0.0,0.0,1.0,-0.00046443013233472624,0.00035001460867526107,0.19113415471167555,-1.3299995799846554e-05,1.4822484776604708e-05,-0.0,0.010402448431803577,-0.008149551047687472,0.13346592748559663,0.0,0.0,0.0,0.0,0.0,0.0,0.0,0.0,0.0,0.0,0.0,0.0,0.0,-2.840297582395693,1.0199706000001014,-8.166150287855756e-06,-2.9660366644261068e-06,0.43870724966988
11.08,zero_thrust,-0.00018271577823382055,0.00011098927073219452,0.09608597555009753,0.9953730153057758,0.0,0.0,0.0,1.0,-0.000342411703458123,0.00025606430054888116,0.19246885207270908,-1.3299995799846554e-05,1.4822484776604708e-05,-0.0,0.013481341142682284,-0.01042098905292515,0.13346592747741554,0.0,0.0,0.0,0.0,0.0,0.0,0.0,0.0,0.0,0.0,0.0,0.0,0.0,-2.9384137141237803,1.0199706000001014,-8.725394718133064e-06,-3.6820082105539566e-06,0.40539846725951945
11.09,zero_thrust,-0.00010382388768120367,6.176894004685321e-05,0.09675019778706663,0.9953086881130707,0.0,0.0,0.0,1.0,-0.00019472132377508896,0.00014304828919255578,0.1938035417882608,-1.3299995799846554e-05,1.4822484776604708e-05,-0.0,0.015606376788192641,-0.01195927971922801,0.13346592747104413,0.0,0.0,0.0,0.0,0.0,0.0,0.0,0.0,0.0,0.0,0.0,0.0,0.0,-3.0365066197823953,1.0199706000001014,-9.340083801359036e-06,-4.516321035249434e-06,0.3711096848353516
11.1,zero_thrust,-1.7184681222268946e-05,8.142285605887501e-06,0.09741437610073736,0.9952439092841986,0.0,0.0,0.0,1.0,-3.261954730626599e-05,1.955519031458498e-05,0.19513821512675472,-1.3299995799846554e-05,1.4822484776604708e-05,-0.0,0.01647684090249496,-0.012537652081526306,0.13346592746608213,0.0,0.0,0.0,0.0,0.0,0.0,0.0,0.0,0.0,0.0,0.0,0.0,0.0,-3.1345809460517193,1.0199706000001014,-9.990996009494516e-06,-5.431097523160897e-06,0.3358409023240622
11.11,zero_thrust,6.98074709763659e-05,-4.530265884090143e-05,0.09807851001419526,0.995178676895753,0.0,0.0,0.0,1.0,0.00013005537971790798,-0.00010386170583946867,0.19647286840521205,-1.3299995799846554e-05,1.4822484776604708e-05,-0.0,0.01587480993411699,-0.011992884307700177,0.13346592746221775,0.0,0.0,0.0,0.0,0.0,0.0,0.0,0.0,0.0,0.0,0.0,0.0,0.0,-3.2326404097891355,1.0199706000001014,-1.0653449226420763e-05,-6.376792567513749e-06,0.299592119676675
11.12,zero_thrust,0.00014894377866563532,-9.350365284685182e-05,0.09874259940612505,0.9951129926472366,0.0,0.0,0.0,1.0,0.000277966201210548,-0.00021550759302554413,0.19780750496275987,-1.3299995799846554e-05,1.4822484776604708e-05,-0.0,0.013709420660467988,-0.010259217146835142,0.13346592745920818,0.0,0.0,0.0,0.0,0.0,0.0,0.0,0.0,0.0,0.0,0.0,0.0,0.0,-3.3306879835826373,1.0199706000001014,-1.1299011641511146e-05,-7.295507558282772e-06,0.26236333688910934
11.13,zero_thrust,0.0002041167403683043,-0.00012732133327077714,0.09940664455798723,0.9950468637925334,0.0,0.0,0.0,1.0,0.0003808982973276856,-0.00029396251147993945,0.1991421384747461,-1.3299995799846554e-05,1.4822484776604708e-05,-0.0,0.007320386981125014,-0.005737208183800049,0.13346592792772957,0.0,0.0,0.0,0.0,0.0,0.0,0.0,0.0,0.0,0.0,0.0,0.0,0.0,-3.4287260444702232,1.0199706000001014,-1.1898034282271078e-05,-8.126035317924742e-06,0.2241545540089045
11.14,zero_thrust,0.0002497618070444694,-0.00015649766751203863,0.10007064509482616,0.9949802908187806,0.0,0.0,0.0,1.0,0.00046569455297633546,-0.00036141184763700406,0.20047676939689887,-1.3299995799846554e-05,1.4822484776604708e-05,-0.0,0.00932536095218649,-0.007325539727268705,0.13346592801319862,0.0,0.0,0.0,0.0,0.0,0.0,0.0,0.0,0.0,0.0,0.0,0.0,0.0,-3.3994990749180483,1.0199706000001014,-1.3796584802431137e-05,-1.1632423182152869e-05,0.19132864204181171
11.15,zero_thrust,0.0003004388738344277,-0.0001889467282400815,0.10073460053267101,0.9949132697331664,0.0,0.0,0.0,1.0,0.0005597543808172454,-0.0004365004081391002,0.20181139046106533,-1.3299995799846554e-05,1.4822484776604708e-05,-0.0,0.009184425139671524,-0.007232029644483081,0.13346592806357813,0.0,0.0,0.0,0.0,0.0,0.0,0.0,0.0,0.0,0.0,0.0,0.0,0.0,-2.892590802190235,1.0199706000001014,-2.1474598193498308e-05,-2.684814374081512e-05,0.18267906492902056
11.16,zero_thrust,0.0003442956508101602,-0.00021713839184873003,0.10139851106953306,0.9948458052704979,0.0,0.0,0.0,1.0,0.0006410072733243576,-0.0005018605903742871,0.2031460108905876,-1.3299995799846554e-05,1.4822484776604708e-05,-0.0,0.0072452441812095375,-0.005718735814661992,0.13346592808905874,0.0,0.0,0.0,0.0,0.0,0.0,0.0,0.0,0.0,0.0,0.0,0.0,0.0,-1.9471489487940683,1.0199706000001014,-3.705521137900885e-05,-5.8017949032454345e-05,0.20102524957692616
11.17,zero_thrust,0.0003728544972844374,-0.00023564354881171993,0.10206237701539043,0.9947779031771917,0.0,0.0,0.0,1.0,0.0006937143071985275,-0.0005449348502858623,0.20448064190895038,-1.3299995799846554e-05,1.4822484776604708e-05,-0.0,0.0039021419174113284,-0.003082823454449518,0.1334659280881964,0.0,0.0,0.0,0.0,0.0,0.0,0.0,0.0,0.0,0.0,0.0,0.0,0.0,-0.8818277120497139,1.0199706000001014,-5.8035900279651645e-05,-0.00010006921975741727,0.2348198219262025
11.18,zero_thrust,0.000383991682197163,-0.0002430670573447729,0.10272619839784712,0.9947095664723045,0.0,0.0,0.0,1.0,0.000713981863537956,-0.0005624542955831088,0.2058152893980547,-1.3299995799846554e-05,1.4822484776604708e-05,-0.0,0.0006441425329671061,-0.0005034008667392928,0.13346592808752497,0.0,0.0,0.0,0.0,0.0,0.0,0.0,0.0,0.0,0.0,0.0,0.0,0.0,-0.033342085183959425,1.0199706000001014,-7.923309568475635e-05,-0.0001425580833710756,0.26842582614899235
11.19,zero_thrust,0.0003777238828422771,-0.00023938667619446578,0.10338997501834223,0.9946407960084858,0.0,0.0,0.0,1.0,0.0007018989675274002,-0.0005543132623362433,0.20714995498895816,-1.3299995799846554e-05,1.4822484776604708e-05,-0.0,-0.002604497914880704,0.002079305510834268,0.13346592808700197,0.0,0.0,0.0,0.0,0.0,0.0,0.0,0.0,0.0,0.0,0.0,0.0,0.0,0.625846418817293,1.0199706000001014,-0.00010036558821612536,-0.00018491815637879073,0.3010518304972147
11.2,zero_thrust,0.00035339944797843116,-0.00022415254860273242,0.10405370658328009,0.994571591697021,0.0,0.0,0.0,1.0,0.0006563144315695674,-0.0005194165823826853,0.20848463847224047,-1.3299995799846554e-05,1.4822484776604708e-05,-0.0,-0.006075892188524114,0.004850304022130223,0.1334659280865946,0.0,0.0,0.0,0.0,0.0,0.0,0.0,0.0,0.0,0.0,0.0,0.0,0.0,1.1335972246070962,1.0199706000001014,-0.00012143307175052342,-0.0002271486190890042,0.3326978349748771
11.21,zero_thrust,0.000309180517180143,-0.00019615400442439556,0.10471739270475298,0.9945019525351033,0.0,0.0,0.0,1.0,0.0005738798750979146,-0.00045490425175319127,0.20981933784803108,-1.3299995799846554e-05,1.4822484776604708e-05,-0.0,-0.009977026462999576,0.007976085820276852,0.13346592808627747,0.0,0.0,0.0,0.0,0.0,0.0,0.0,0.0,0.0,0.0,0.0,0.0,0.0,1.5201978716996205,1.0199706000001014,-0.00014243089192187596,-0.000269239975160021,0.3633638395755736
11.22,zero_thrust,0.00024216869424350892,-0.00015349655404579932,0.10538103281781463,0.9944318758544409,0.0,0.0,0.0,1.0,0.0004492893306189664,-0.0003563237141251597,0.21115404784641614,-1.3299995799846554e-05,1.4822484776604708e-05,-0.0,-0.01449692827459186,0.011610154905212286,0.1334659280860304,0.0,0.0,0.0,0.0,0.0,0.0,0.0,0.0,0.0,0.0,0.0,0.0,0.0,1.8098783913659207,1.0199706000001014,-0.00016335027973120013,-0.0003111744909383628,0.3930498442758842
11.23,zero_thrust,0.00014847437639685845,-9.364323224205188e-05,0.10604462604355216,0.9943613560841893,0.0,0.0,0.0,1.0,0.000275413651435637,-0.00021772024396480197,0.2124887574905536,-1.3299995799846554e-05,1.4822484776604708e-05,-0.0,-0.019814245857556707,0.015898956542159205,0.133465928085838,0.0,0.0,0.0,0.0,0.0,0.0,0.0,0.0,0.0,0.0,0.0,0.0,0.0,2.0220228080118274,1.0199706000001014,-0.00018417869901147312,-0.0003529268636457453,0.4217558490218432
11.24,zero_thrust,2.3258923438239978e-05,-1.3438786111540452e-05,0.10670817098194955,0.9942903828983305,0.0,0.0,0.0,1.0,4.338419124545208e-05,-3.168794594057534e-05,0.21382344644428683,-1.3299995799846554e-05,1.4822484776604708e-05,-0.0,-0.026102484936239685,0.020986003021154106,0.13346592808568813,0.0,0.0,0.0,0.0,0.0,0.0,0.0,0.0,0.0,0.0,0.0,0.0,0.0,2.1721383401292718,1.0199706000001014,-0.0002049000495987168,-0.000394464603577354,0.4494818537078331
11.25,zero_thrust,-0.000139234973541005,9.08735514585547e-05,0.10737166541339975,0.9942189385753888,0.0,0.0,0.0,1.0,-0.0002573456146360144,0.00021059619529386063,0.21515807980230214,-1.3299995799846554e-05,1.4822484776604708e-05,-0.0,-0.03352566668548648,0.027008312174040955,0.13346592808557142,0.0,0.0,0.0,0.0,0.0,0.0,0.0,0.0,0.0,0.0,0.0,0.0,0.0,2.2726307608626586,1.0199706000001014,-0.00022549479137052173,-0.00043574825893372273,0.4762278581457946
11.26,zero_thrust,-0.00034565269937160507,0.00022363500444829635,0.1080351058834616,0.9941469943667011,0.0,0.0,0.0,1.0,-0.0006389384512184839,0.0005193374103111449,0.21649260091750253,-1.3299995799846554e-05,1.4822484776604708e-05,-0.0,-0.04224579306828759,0.03410238172265525,0.13346592808548052,0.0,0.0,0.0,0.0,0.0,0.0,0.0,0.0,0.0,0.0,0.0,0.0,0.0,2.333424686216109,1.0199706000001014,-0.0002459400755006867,-0.0004767316554510631,0.5019938620220932
11.27,zero_thrust,-0.0006034804290164924,0.00038974331941457423,0.10869848714352269,0.9940745056605296,0.0,0.0,0.0,1.0,-0.0011150806887066666,0.0009060627384446888,0.2178269218414918,-1.3299995799846554e-05,1.4822484776604708e-05,-0.0,-0.052405140446781795,0.0423898034421326,0.13346592808540975,0.0,0.0,0.0,0.0,0.0,0.0,0.0,0.0,0.0,0.0,0.0,0.0,0.0,2.3624598053124126,1.0199706000001014,-0.00026620984686913634,-0.0005173620791373276,0.5267798648390689
11.28,zero_thrust,-0.0009209448433537106,0.0005945904679302211,0.10936180142560331,0.9940014057896085,0.0,0.0,0.0,1.0,-0.0017007924161811377,0.0013834803374833454,0.21916091107145613,-1.3299995799846554e-05,1.4822484776604708e-05,-0.0,-0.06413680190470496,0.05198567568175141,0.13346592808535457,0.0,0.0,0.0,0.0,0.0,0.0,0.0,0.0,0.0,0.0,0.0,0.0,0.0,2.366087864241675,1.0199706000001014,-0.0002862751677352449,-0.0005575809019500526,0.5505858658386557
11.29,zero_thrust,-0.001306938809784346,0.0008440167838331419,0.11002503752573857,0.99392759830084,0.0,0.0,0.0,1.0,-0.0024122861465760296,0.001965376398220243,0.22049437823920867,-1.3299995799846554e-05,1.4822484776604708e-05,-0.0,-0.07754784773099302,0.06298481270699804,0.13346592808531169,0.0,0.0,0.0,0.0,0.0,0.0,0.0,0.0,0.0,0.0,0.0,0.0,0.0,2.3493902527350934,1.0199706000001014,-0.0003061045145717139,-0.0005973241563996121,0.5734118639057428
11.3,zero_thrust,-0.0017708512884238093,0.0011442029569985865,0.11068817969697388,0.9938529477546857,0.0,0.0,0.0,1.0,-0.00326664948288821,0.0026663667339710873,0.2218270558671691,-1.3299995799846554e-05,1.4822484776604708e-05,-0.0,-0.09271479485674375,0.07545783523990693,0.1334659280852783,0.0,0.0,0.0,0.0,0.0,0.0,0.0,0.0,0.0,0.0,0.0,0.0,0.0,2.316432073074374,1.0199706000001014,-0.00032566423007016505,-0.0006365234232562184,0.5952578574500573
11.31,zero_thrust,-0.00232239679450542,0.0015015611678101384,0.11135120635395003,0.9937772691255865,0.0,0.0,0.0,1.0,-0.004281528323670216,0.0035016452388549934,0.22315857832430255,-1.3299995799846554e-05,1.4822484776604708e-05,-0.0,-0.10967491374806516,0.08944380726922191,0.13346592808525212,0.0,0.0,0.0,0.0,0.0,0.0,0.0,0.0,0.0,0.0,0.0,0.0,0.0,2.2704653948102282,1.0199706000001014,-0.00034491914849198716,-0.0006751070703321702,0.616123844267597
11.32,zero_thrust,-0.0029713672236585335,0.0019225754078937682,0.1120140886397721,0.9937003163060906,0.0,0.0,0.0,1.0,-0.005474668484787244,0.0044866126173775485,0.2244884589660272,-1.3299995799846554e-05,1.4822484776604708e-05,-0.0,-0.12842812935403633,0.10495146632331039,0.13346592808523178,0.0,0.0,0.0,0.0,0.0,0.0,0.0,0.0,0.0,0.0,0.0,0.0,0.0,2.214091858219451,1.0199706000001014,-0.0003638334422173623,-0.0007130019402521611,0.63600982138616
11.33,zero_thrust,-0.0037273475470417563,0.002413617568024691,0.11267678892654538,0.9936217703772908,0.0,0.0,0.0,1.0,-0.00686339288928868,0.005636446872037048,0.2258160667608484,-1.3299995799846554e-05,1.4822484776604708e-05,-0.0,-0.14889477320543276,0.1219242239691528,0.13346592808521596,0.0,0.0,0.0,0.0,0.0,0.0,0.0,0.0,0.0,0.0,0.0,0.0,0.0,2.1493927568516296,1.0199706000001014,-0.0003823714661268604,-0.0007501350406691676,0.654915784899963
11.34,zero_thrust,-0.004599437051206763,0.0029807661561645237,0.1133392593330372,0.9935412283875154,0.0,0.0,0.0,1.0,-0.008464091419218039,0.006965678043887007,0.22714060386614815,-1.3299995799846554e-05,1.4822484776604708e-05,-0.0,-0.17095950602220406,0.14027562494285817,0.13346592808520366,0.0,0.0,0.0,0.0,0.0,0.0,0.0,0.0,0.0,0.0,0.0,0.0,0.0,2.0780331036523854,1.0199706000001014,-0.00040049894563418906,-0.0007864359320756441,0.6728417298085168
11.35,zero_thrust,-0.005595874718860912,0.003629561898252111,0.11400144046427589,0.9934581944091194,0.0,0.0,0.0,1.0,-0.01029153698126627,0.008487613484071349,0.2284610876499862,-1.3299995799846554e-05,1.4822484776604708e-05,-0.0,-0.19443588051186175,0.15985983310000748,0.13346592808519409,0.0,0.0,0.0,0.0,0.0,0.0,0.0,0.0,0.0,0.0,0.0,0.0,0.0,2.0013448841870827,1.0199706000001014,-0.0004181841317176232,-0.0008218390589739442,0.6897876498717751
11.36,zero_thrust,-0.006723704018284349,0.0043647876593505795,0.11466326049639575,0.9933720738601921,0.0,0.0,0.0,1.0,-0.012358277210451173,0.010213817575793458,0.229776339117751,-1.3299995799846554e-05,1.4822484776604708e-05,-0.0,-0.21907220197272734,0.18047586582838293,0.13346592808518656,0.0,0.0,0.0,0.0,0.0,0.0,0.0,0.0,0.0,0.0,0.0,0.0,0.0,1.9203936599611564,1.0199706000001014,-0.0004353990628380835,-0.0008562863057311249,0.7057535375023493
11.37,zero_thrust,-0.007988425966876078,0.005190239618428711,0.1153246348333613,0.9932821729316533,0.0,0.0,0.0,1.0,-0.014674007530390873,0.012153568784350898,0.23108498139444847,-1.3299995799846554e-05,1.4822484776604708e-05,-0.0,-0.24455317835117976,0.20186840220538274,0.13346592808518076,0.0,0.0,0.0,0.0,0.0,0.0,0.0,0.0,0.0,0.0,0.0,0.0,0.0,1.8360318523345012,1.0199706000001014,-0.00045212096135970156,-0.0008897298338575222,0.7207393837206277
11.38,zero_thrust,-0.009393626898271758,0.006108480824213717,0.11598546660031614,0.9931877052064344,0.0,0.0,0.0,1.0,-0.017244900570964644,0.014313273223135182,0.23238545241232092,-1.3299995799846554e-05,1.4822484776604708e-05,-0.0,-0.2705057972615986,0.22373211788528072,0.13346592808517627,0.0,0.0,0.0,0.0,0.0,0.0,0.0,0.0,0.0,0.0,0.0,0.0,0.0,1.748941371227398,1.0199706000001014,-0.0004683334400764422,-0.000922134548204704,0.7347451781886173
11.39,zero_thrust,-0.0109408062034819,0.00712072365863311,0.11664564785663736,0.9930878042198991,0.0,0.0,0.0,1.0,-0.0200733051784458,0.016696178200788024,0.2336760293578417,-1.3299995799846554e-05,1.4822484776604708e-05,-0.0,-0.2965260129274519,0.24573337418456076,0.13346592808517269,0.0,0.0,0.0,0.0,0.0,0.0,0.0,0.0,0.0,0.0,0.0,0.0,0.0,1.6596677200999241,1.0199706000001014,-0.00048402760919513514,-0.0009534803726090424,0.7477709093445173
11.4,zero_thrust,-0.012628935728395834,0.008226536905129004,0.11730506236961859,0.9929815488796238,0.0,0.0,0.0,1.0,-0.023156954142649802,0.01930167336802873,0.23495487860982872,-1.3299995799846554e-05,1.4822484776604708e-05,-0.0,-0.32211800760704784,0.2674593310089858,0.1334659280851699,0.0,0.0,0.0,0.0,0.0,0.0,0.0,0.0,0.0,0.0,0.0,0.0,0.0,1.5686472822111792,1.0199706000001014,-0.0004992029923104165,-0.000983764149392483,0.7598165646510812
11.41,zero_thrust,-0.014454401543175776,0.00942380065072315,0.11796358910643308,0.9928679941978454,0.0,0.0,0.0,1.0,-0.026488874667014925,0.022125171355070698,0.23622011628075995,-1.3299995799846554e-05,1.4822484776604708e-05,-0.0,-0.3468435254985521,0.288541885203195,0.13346592808516777,0.0,0.0,0.0,0.0,0.0,0.0,0.0,0.0,0.0,0.0,0.0,0.0,0.0,1.4762291530493816,1.0199706000001014,-0.000513868921101297,-0.0010130025136555663,0.7708821310151028
11.42,zero_thrust,-0.01641100034828429,0.010708696636471133,0.11862110669374387,0.9927462092250305,0.0,0.0,0.0,1.0,-0.03005739771130625,0.025158071822843787,0.2374698831473145,-1.3299995799846554e-05,1.4822484776604708e-05,-0.0,-0.3701820984365133,0.3085411368566616,0.13346592808516616,0.0,0.0,0.0,0.0,0.0,0.0,0.0,0.0,0.0,0.0,0.0,0.0,0.0,1.3826926068232228,1.0199706000001014,-0.000528044047692519,-0.0010412309751648531,0.7809675952342885
11.43,zero_thrust,-0.01848997523062416,0.012075724296687879,0.11927749876146294,0.9926153212538533,0.0,0.0,0.0,1.0,-0.03384623710396978,0.02838778653997999,0.23870243217902784,-1.3299995799846554e-05,1.4822484776604708e-05,-0.0,-0.39169877157341215,0.3270853790958728,0.1334659280851648,0.0,0.0,0.0,0.0,0.0,0.0,0.0,0.0,0.0,0.0,0.0,0.0,0.0,1.2882610729499016,1.0199706000001014,-0.0005417567999777039,-0.0010685049034618122,0.7900729446088545
11.44,zero_thrust,-0.0206801576201119,0.013517786324260797,0.11993265976849196,0.9924745627241809,0.0,0.0,0.0,1.0,-0.03783475989341002,0.031797929012001944,0.23991622165160462,-1.3299995799846554e-05,1.4822484776604708e-05,-0.0,-0.4109850974686141,0.3438222217036466,0.13346592808516383,0.0,0.0,0.0,0.0,0.0,0.0,0.0,0.0,0.0,0.0,0.0,0.0,0.0,1.1931133172016328,1.0199706000001014,-0.0005550445944032872,-0.0010948980024870195,0.7981981675509399
11.45,zero_thrust,-0.022968381032593754,0.015026452542506372,0.12058650022635709,0.9923233118091545,0.0,0.0,0.0,1.0,-0.04199874996614876,0.03536892540175531,0.24110999598018013,-1.3299995799846554e-05,1.4822484776604708e-05,-0.0,-0.42770465929642154,0.35845714572137466,0.13346592808516294,0.0,0.0,0.0,0.0,0.0,0.0,0.0,0.0,0.0,0.0,0.0,0.0,0.0,1.097392387409771,1.0199706000001014,-0.0005679531223771051,-0.0011205009278786211,0.805343254233363
11.46,zero_thrust,-0.025339861133073512,0.01659220308176539,0.12123895163633575,0.9921611294748309,0.0,0.0,0.0,1.0,-0.04631110466927666,0.039078579917999866,0.24228285983042674,-1.3299995799846554e-05,1.4822484776604708e-05,-0.0,-0.4416177400849718,0.3707749465166664,0.1334659280851623,0.0,0.0,0.0,0.0,0.0,0.0,0.0,0.0,0.0,0.0,0.0,0.0,0.0,1.0012127682409562,1.0199706000001014,-0.0005805348667155899,-0.0011454183380171868,0.8115081971490198
