sim_time,mode,qx,qy,qz,qw,r_ref_x,r_ref_y,r_ref_z,r_ref_w,roll,pitch,yaw,erot_x,erot_y,erot_z,omega_x,omega_y,omega_z,tau_x,tau_y,tau_z,thrust_des,thrust_actual,f0,f1,f2,f3,speed0,speed1,speed2,speed3,vz,z_target,pos_x,pos_y,pos_z
2.093,zero_thrust,0.0,0.0,0.0,1.0,0.0,0.0,0.0,1.0,0.0,0.0,0.0,0.0,0.0,0.0,0.0,0.0,0.0,0.0,0.0,0.0,0.0,0.0,0.0,0.0,0.0,0.0,0.0,0.0,0.0,0.0,0.0,1.0199706000001014,0.0,0.0,1.0199706000001014
2.11,zero_thrust,0.0,0.0,0.0,1.0,0.0,0.0,0.0,1.0,0.0,0.0,0.0,0.0,0.0,0.0,0.0,0.0,0.0,0.0,0.0,0.0,0.0,0.0,0.0,0.0,0.0,0.0,0.0,0.0,0.0,0.0,0.0,1.0199706000001014,0.0,0.0,1.0192356000000002
2.12,zero_thrust,0.0,0.0,0.0,1.0,0.0,0.0,0.0,1.0,0.0,0.0,0.0,0.0,0.0,0.0,0.0,0.0,0.0,0.0,0.0,0.0,0.0,0.0,0.0,0.0,0.0,0.0,0.0,0.0,0.0,0.0,-0.018052631580014463,1.0199706000001014,0.0,0.0,1.0175205999998989
2.13,zero_thrust,0.0,0.0,0.0,1.0,0.0,0.0,0.0,1.0,0.0,0.0,0.0,0.0,0.0,0.0,0.0,0.0,0.0,0.0,0.0,0.0,0.0,0.0,0.0,0.0,0.0,0.0,0.0,0.0,0.0,0.0,-0.06834210525995602,1.0199706000001014,0.0,0.0,1.0148256000001017
2.14,zero_thrust,0.0,0.0,0.0,1.0,0.0,0.0,0.0,1.0,0.0,0.0,0.0,0.0,0.0,0.0,0.0,0.0,0.0,0.0,0.0,0.0,0.0,0.0,0.0,0.0,0.0,0.0,0.0,0.0,0.0,0.0,-0.12817368420999006,1.0199706000001014,0.0,0.0,1.0111506000000003
2.15,zero_thrust,0.0,0.0,0.0,1.0,0.0,0.0,0.0,1.0,0.0,0.0,0.0,0.0,0.0,0.0,0.0,0.0,0.0,0.0,0.0,0.0,0.0,0.0,0.0,0.0,0.0,0.0,0.0,0.0,0.0,0.0,-0.19563894737002507,1.0199706000001014,0.0,0.0,1.0064955999998988
2.16,zero_thrust,0.0,0.0,0.0,1.0,0.0,0.0,0.0,1.0,0.0,0.0,0.0,0.0,0.0,0.0,0.0,0.0,0.0,0.0,0.0,0.0,0.0,0.0,0.0,0.0,0.0,0.0,0.0,0.0,0.0,0.0,-0.26921115789195965,1.0199706000001014,0.0,0.0,1.0008606000001017
2.17,zero_thrust,0.0,0.0,0.0,1.0,0.0,0.0,0.0,1.0,0.0,0.0,0.0,0.0,0.0,0.0,0.0,0.0,0.0,0.0,0.0,0.0,0.0,0.0,0.0,0.0,0.0,0.0,0.0,0.0,0.0,0.0,-0.34766892631559637,1.0199706000001014,0.0,0.0,0.9942456000000004
2.18,zero_thrust,0.0,0.0,0.0,1.0,0.0,0.0,0.0,1.0,0.0,0.0,0.0,0.0,0.0,0.0,0.0,0.0,0.0,0.0,0.0,0.0,0.0,0.0,0.0,0.0,0.0,0.0,0.0,0.0,0.0,0.0,-0.43003514105450125,1.0199706000001014,0.0,0.0,0.986650599999899
2.19,zero_thrust,0.0,0.0,0.0,1.0,0.0,0.0,0.0,1.0,0.0,0.0,0.0,0.0,0.0,0.0,0.0,0.0,0.0,0.0,0.0,0.0,0.0,0.0,0.0,0.0,0.0,0.0,0.0,0.0,0.0,0.0,-0.5155281128395479,1.0199706000001014,0.0,0.0,0.9780756000001019
2.2,zero_thrust,0.0,0.0,0.0,1.0,0.0,0.0,0.0,1.0,0.0,0.0,0.0,0.0,0.0,0.0,0.0,0.0,0.0,0.0,0.0,0.0,0.0,0.0,0.0,0.0,0.0,0.0,0.0,0.0,0.0,0.0,-0.603522490273663,1.0199706000001014,0.0,0.0,0.9685206000000004
2.21,zero_thrust,0.0,0.0,0.0,1.0,0.0,0.0,0.0,1.0,0.0,0.0,0.0,0.0,0.0,0.0,0.0,0.0,0.0,0.0,0.0,0.0,0.0,0.0,0.0,0.0,0.0,0.0,0.0,0.0,0.0,0.0,-0.6935179922209613,1.0199706000001014,0.0,0.0,0.9579855999998991
2.22,zero_thrust,0.0,0.0,0.0,1.0,0.0,0.0,0.0,1.0,0.0,0.0,0.0,0.0,0.0,0.0,0.0,0.0,0.0,0.0,0.0,0.0,0.0,0.0,0.0,0.0,0.0,0.0,0.0,0.0,0.0,0.0,-0.7851143937727059,1.0199706000001014,0.0,0.0,0.946470600000102
2.23,zero_thrust,0.0,0.0,0.0,1.0,0.0,0.0,0.0,1.0,0.0,0.0,0.0,0.0,0.0,0.0,0.0,0.0,0.0,0.0,0.0,0.0,0.0,0.0,0.0,0.0,0.0,0.0,0.0,0.0,0.0,0.0,-0.877991515020198,1.0199706000001014,0.0,0.0,0.9339756000000006
2.24,zero_thrust,0.0,0.0,0.0,1.0,0.0,0.0,0.0,1.0,0.0,0.0,0.0,0.0,0.0,0.0,0.0,0.0,0.0,0.0,0.0,0.0,0.0,0.0,0.0,0.0,0.0,0.0,0.0,0.0,0.0,0.0,-0.971893212018182,1.0199706000001014,0.0,0.0,0.9205005999998991
2.25,zero_thrust,0.0,0.0,0.0,1.0,0.0,0.0,0.0,1.0,0.0,0.0,0.0,0.0,0.0,0.0,0.0,0.0,0.0,0.0,0.0,0.0,0.0,0.0,0.0,0.0,0.0,0.0,0.0,0.0,0.0,0.0,-1.066614569610495,1.0199706000001014,0.0,0.0,0.9060456000001019
2.26,zero_thrust,0.0,0.0,0.0,1.0,0.0,0.0,0.0,1.0,0.0,0.0,0.0,0.0,0.0,0.0,0.0,0.0,0.0,0.0,0.0,0.0,0.0,0.0,0.0,0.0,0.0,0.0,0.0,0.0,0.0,0.0,-1.1619916556904295,1.0199706000001014,0.0,0.0,0.8906106000000006
2.27,zero_thrust,0.0,0.0,0.0,1.0,0.0,0.0,0.0,1.0,0.0,0.0,0.0,0.0,0.0,0.0,0.0,0.0,0.0,0.0,0.0,0.0,0.0,0.0,0.0,0.0,0.0,0.0,0.0,0.0,0.0,0.0,-1.257893324554367,1.0199706000001014,0.0,0.0,0.874195599999899
2.2800000000000002,zero_thrust,0.0,0.0,0.0,1.0,0.0,0.0,0.0,1.0,0.0,0.0,0.0,0.0,0.0,0.0,0.0,0.0,0.0,0.0,0.0,0.0,0.0,0.0,0.0,0.0,0.0,0.0,0.0,0.0,0.0,0.0,-1.35421465963943,1.0199706000001014,0.0,0.0,0.8568006000001018
2.29,zero_thrust,0.0,0.0,0.0,1.0,0.0,0.0,0.0,1.0,0.0,0.0,0.0,0.0,0.0,0.0,0.0,0.0,0.0,0.0,0.0,0.0,0.0,0.0,0.0,0.0,0.0,0.0,0.0,0.0,0.0,0.0,-1.4508717277135796,1.0199706000001014,0.0,0.0,0.8384256000000004
2.3,zero_thrust,0.0,0.0,0.0,1.0,0.0,0.0,0.0,1.0,0.0,0.0,0.0,0.0,0.0,0.0,0.0,0.0,0.0,0.0,0.0,0.0,0.0,0.0,0.0,0.0,0.0,0.0,0.0,0.0,0.0,0.0,-1.5477973821729016,1.0199706000001014,0.0,0.0,0.819070599999899
2.31,zero_thrust,0.0,0.0,0.0,1.0,0.0,0.0,0.0,1.0,0.0,0.0,0.0,0.0,0.0,0.0,0.0,0.0,0.0,0.0,0.0,0.0,0.0,0.0,0.0,0.0,0.0,0.0,0.0,0.0,0.0,0.0,-1.6449379057342575,1.0199706000001014,0.0,0.0,0.7987356000001017
2.32,zero_thrust,0.0,0.0,0.0,1.0,0.0,0.0,0.0,1.0,0.0,0.0,0.0,0.0,0.0,0.0,0.0,0.0,0.0,0.0,0.0,0.0,0.0,0.0,0.0,0.0,0.0,0.0,0.0,0.0,0.0,0.0,-1.742250324589444,1.0199706000001014,0.0,0.0,0.7774206000000002
2.33,zero_thrust,0.0,0.0,0.0,1.0,0.0,0.0,0.0,1.0,0.0,0.0,0.0,0.0,0.0,0.0,0.0,0.0,0.0,0.0,0.0,0.0,0.0,0.0,0.0,0.0,0.0,0.0,0.0,0.0,0.0,0.0,-1.8397002596735736,1.0199706000001014,0.0,0.0,0.7551255999998988
2.34,zero_thrust,0.0,0.0,0.0,1.0,0.0,0.0,0.0,1.0,0.0,0.0,0.0,0.0,0.0,0.0,0.0,0.0,0.0,0.0,0.0,0.0,0.0,0.0,0.0,0.0,0.0,0.0,0.0,0.0,0.0,0.0,-1.937260207734811,1.0199706000001014,0.0,0.0,0.7318506000001017
2.35,zero_thrust,0.0,0.0,0.0,1.0,0.0,0.0,0.0,1.0,0.0,0.0,0.0,0.0,0.0,0.0,0.0,0.0,0.0,0.0,0.0,0.0,0.0,0.0,0.0,0.0,0.0,0.0,0.0,0.0,0.0,0.0,-2.0349081661898656,1.0199706000001014,0.0,0.0,0.7075956000000003
2.36,zero_thrust,0.0,0.0,0.0,1.0,0.0,0.0,0.0,1.0,0.0,0.0,0.0,0.0,0.0,0.0,0.0,0.0,0.0,0.0,0.0,0.0,0.0,0.0,0.0,0.0,0.0,0.0,0.0,0.0,0.0,0.0,-2.132626532953931,1.0199706000001014,0.0,0.0,0.682360599999899
2.37,zero_thrust,0.0,0.0,0.0,1.0,0.0,0.0,0.0,1.0,0.0,0.0,0.0,0.0,0.0,0.0,0.0,0.0,0.0,0.0,0.0,0.0,0.0,0.0,0.0,0.0,0.0,0.0,0.0,0.0,0.0,0.0,-2.2304012263590733,1.0199706000001014,0.0,0.0,0.6561456000001019
2.38,zero_thrust,0.0,0.0,0.0,1.0,0.0,0.0,0.0,1.0,0.0,0.0,0.0,0.0,0.0,0.0,0.0,0.0,0.0,0.0,0.0,0.0,0.0,0.0,0.0,0.0,0.0,0.0,0.0,0.0,0.0,0.0,-2.328220981089297,1.0199706000001014,0.0,0.0,0.6289506000000006
2.39,zero_thrust,0.0,0.0,0.0,1.0,0.0,0.0,0.0,1.0,0.0,0.0,0.0,0.0,0.0,0.0,0.0,0.0,0.0,0.0,0.0,0.0,0.0,0.0,0.0,0.0,0.0,0.0,0.0,0.0,0.0,0.0,-2.4260767848734486,1.0199706000001014,0.0,0.0,0.6007755999998994
2.4,zero_thrust,0.0,0.0,0.0,1.0,0.0,0.0,0.0,1.0,0.0,0.0,0.0,0.0,0.0,0.0,0.0,0.0,0.0,0.0,0.0,0.0,0.0,0.0,0.0,0.0,0.0,0.0,0.0,0.0,0.0,0.0,-2.523961427894711,1.0199706000001014,0.0,0.0,0.5716206000001024
2.41,zero_thrust,0.0,0.0,0.0,1.0,0.0,0.0,0.0,1.0,0.0,0.0,0.0,0.0,0.0,0.0,0.0,0.0,0.0,0.0,0.0,0.0,0.0,0.0,0.0,0.0,0.0,0.0,0.0,0.0,0.0,0.0,-2.621869142317781,1.0199706000001014,0.0,0.0,0.5414856000000011
2.42,zero_thrust,0.0,0.0,0.0,1.0,0.0,0.0,0.0,1.0,0.0,0.0,0.0,0.0,0.0,0.0,0.0,0.0,0.0,0.0,0.0,0.0,0.0,0.0,0.0,0.0,0.0,0.0,0.0,0.0,0.0,0.0,-2.719795313856263,1.0199706000001014,0.0,0.0,0.5103705999998999
2.43,zero_thrust,0.0,0.0,0.0,1.0,0.0,0.0,0.0,1.0,0.0,0.0,0.0,0.0,0.0,0.0,0.0,0.0,0.0,0.0,0.0,0.0,0.0,0.0,0.0,0.0,0.0,0.0,0.0,0.0,0.0,0.0,-2.8177362510809343,1.0199706000001014,0.0,0.0,0.47827560000010294
2.44,zero_thrust,0.0,0.0,0.0,1.0,0.0,0.0,0.0,1.0,0.0,0.0,0.0,0.0,0.0,0.0,0.0,0.0,0.0,0.0,0.0,0.0,0.0,0.0,0.0,0.0,0.0,0.0,0.0,0.0,0.0,0.0,-2.915689000866786,1.0199706000001014,0.0,0.0,0.4452006000000017
2.45,zero_thrust,0.0,0.0,0.0,1.0,0.0,0.0,0.0,1.0,0.0,0.0,0.0,0.0,0.0,0.0,0.0,0.0,0.0,0.0,0.0,0.0,0.0,0.0,0.0,0.0,0.0,0.0,0.0,0.0,0.0,0.0,-3.0136512006954375,1.0199706000001014,0.0,0.0,0.4111455999999005
2.46,zero_thrust,0.0,0.0,0.0,1.0,0.0,0.0,0.0,1.0,0.0,0.0,0.0,0.0,0.0,0.0,0.0,0.0,0.0,0.0,0.0,0.0,0.0,0.0,0.0,0.0,0.0,0.0,0.0,0.0,0.0,0.0,-3.1116209605523024,1.0199706000001014,0.0,0.0,0.37611060000010366
2.47,zero_thrust,0.0,0.0,0.0,1.0,0.0,0.0,0.0,1.0,0.0,0.0,0.0,0.0,0.0,0.0,0.0,0.0,0.0,0.0,0.0,0.0,0.0,0.0,0.0,0.0,0.0,0.0,0.0,0.0,0.0,0.0,-3.2095967684438476,1.0199706000001014,0.0,0.0,0.34009560000000255
2.48,zero_thrust,0.0,0.0,0.0,1.0,0.0,0.0,0.0,1.0,0.0,0.0,0.0,0.0,0.0,0.0,0.0,0.0,0.0,0.0,0.0,0.0,0.0,0.0,0.0,0.0,0.0,0.0,0.0,0.0,0.0,0.0,-3.307577414757117,1.0199706000001014,0.0,0.0,0.3031005999999014
2.49,zero_thrust,0.0,0.0,0.0,1.0,0.0,0.0,0.0,1.0,0.0,0.0,0.0,0.0,0.0,0.0,0.0,0.0,0.0,0.0,0.0,0.0,0.0,0.0,0.0,0.0,0.0,0.0,0.0,0.0,0.0,0.0,-3.4055619318016133,1.0199706000001014,0.0,0.0,0.26512560000010454
2.5,zero_thrust,0.0,0.0,0.0,1.0,0.0,0.0,0.0,1.0,0.0,0.0,0.0,0.0,0.0,0.0,0.0,0.0,0.0,0.0,0.0,0.0,0.0,0.0,0.0,0.0,0.0,0.0,0.0,0.0,0.0,0.0,-3.590116212110213,1.0199706000001014,0.0,0.0,0.2261706000000035
2.51,zero_thrust,0.0,0.0,0.0,1.0,0.0,0.0,0.0,1.0,0.0,0.0,0.0,0.0,0.0,0.0,0.0,0.0,0.0,0.0,0.0,0.0,0.0,0.0,0.0,0.0,0.0,0.0,0.0,0.0,0.0,0.0,-3.466195377738812,1.0199706000001014,0.0,0.0,0.19349496755721918
2.52,zero_thrust,0.0,0.0,0.0,1.0,0.0,0.0,0.0,1.0,0.0,0.0,0.0,0.0,0.0,0.0,0.0,0.0,0.0,0.0,0.0,0.0,0.0,0.0,0.0,0.0,0.0,0.0,0.0,0.0,0.0,0.0,-2.943132989311219,1.0199706000001014,0.0,0.0,0.18498613320121052
2.5300000000000002,zero_thrust,0.0,0.0,0.0,1.0,0.0,0.0,0.0,1.0,0.0,0.0,0.0,0.0,0.0,0.0,0.0,0.0,0.0,0.0,0.0,0.0,0.0,0.0,0.0,0.0,0.0,0.0,0.0,0.0,0.0,0.0,-1.9883751957279991,1.0199706000001014,0.0,0.0,0.20329269298725974
2.54,zero_thrust,0.0,0.0,0.0,1.0,0.0,0.0,0.0,1.0,0.0,0.0,0.0,0.0,0.0,0.0,0.0,0.0,0.0,0.0,0.0,0.0,0.0,0.0,0.0,0.0,0.0,0.0,0.0,0.0,0.0,0.0,-0.9185716466814186,1.0199706000001014,0.0,0.0,0.23689911848230807
2.542,attitude_only,0.0,0.0,0.0,1.0,0.0,0.0,0.0,1.0,0.0,0.0,0.0,0.0,0.0,0.0,0.0,0.0,0.0,0.0,0.0,0.0,0.034127142,0.034127142,0.0085317855,0.0085317855,0.0085317855,0.0085317855,533.2849613480583,533.2849613480583,533.2849613480583,533.2849613480583,0.10047488476043309,1.0199706000001014,0.0,0.0,0.2703124065665308
2.56,attitude_only,-3.1545136451429073e-21,6.286538927674226e-21,-1.783121172872325e-20,1.0,0.0,0.0,0.0,1.0,-6.3090272902858146e-21,1.2573077855348453e-20,-3.56624234574465e-20,0.0,0.0,0.0,-2.0902235696112802e-18,2.0604675982800495e-18,-1.1902343741760067e-17,2.54589230778654e-21,-2.5096495347051006e-21,0.0,0.034127142,0.034127142,0.0085317855,0.0085317855,0.0085317855,0.0085317855,533.2849613480583,533.2849613480583,533.2849613480583,533.2849613480583,0.6209347092120584,1.0199706000001014,0.0,0.0,0.30274569465075357
2.5700000000000003,attitude_only,-1.8008738970494908e-20,9.474317742711777e-21,-4.303261798730292e-20,1.0,0.0,0.0,0.0,1.0,-3.6017477940989816e-20,1.8948635485423555e-20,-8.606523597460584e-20,0.0,0.0,0.0,4.743431350942529e-18,8.672518795310433e-18,4.917758582732715e-18,-5.701927910387457e-21,-1.0530836159094666e-20,0.0,0.034127142,0.034127142,0.0085317855,0.0085317855,0.0085317855,0.0085317855,533.2849613480583,533.2849613480583,533.2849613480583,533.2849613480583,1.125856919862757,1.0199706000001014,-4.151040429490549e-24,1.3397159432283018e-22,0.3342011522754098
2.58,attitude_only,4.9493707318370904e-21,5.149257573456641e-20,-2.2218633516099776e-20,1.0,0.0,0.0,0.0,1.0,9.898741463674181e-21,1.0298515146913282e-19,-4.443726703219955e-20,0.0,0.0,0.0,4.47235603238035e-18,8.192571909359496e-18,-2.6422667813493342e-17,-5.4213610884366445e-21,-1.0036825615047136e-20,0.0,0.034127142,0.034127142,0.0085317855,0.0085317855,0.0085317855,0.0085317855,533.2849613480583,533.2849613480583,533.2849613480583,533.2849613480583,1.5105543090806681,1.0199706000001014,1.849284153942912e-22,6.088513796125046e-23,0.3646945909349323
2.59,attitude_only,2.6639368555734808e-20,9.126834413772762e-20,-1.4218874689550448e-19,1.0,0.0,0.0,0.0,1.0,5.3278737111469616e-20,1.8253668827545525e-19,-2.8437749379100896e-19,0.0,0.0,0.0,4.232507944407072e-18,7.768900505399099e-18,-2.1961891030123624e-17,-5.175868462312781e-21,-9.606108935348648e-21,0.0,0.034127142,0.034127142,0.0085317855,0.0085317855,0.0085317855,0.0085317855,533.2849613480583,533.2849613480583,533.2849613480583,533.2849613480583,1.7995329727468607,1.0199706000001014,4.73284272316903e-22,-9.394348776987623e-23,0.39424906720904795
2.6,attitude_only,3.694974812893363e-20,1.2906724807373001e-19,-2.47041783397934e-19,1.0,0.0,0.0,0.0,1.0,7.389949625786726e-20,2.5813449614746002e-19,-4.94083566795868e-19,0.0,0.0,0.0,6.466223145942102e-19,7.39590189695712e-18,-2.0227144503257623e-17,-8.792719296832896e-22,-9.232469624187846e-21,0.0,0.034127142,0.034127142,0.0085317855,0.0085317855,0.0085317855,0.0085317855,533.2849613480583,533.2849613480583,533.2849613480583,533.2849613480583,2.0123232328929013,1.0199706000001014,7.551723607987687e-22,-2.421453263845865e-22,0.42288390994381925
2.61,attitude_only,4.012896675985365e-20,1.6512907023071973e-19,-3.446460576273877e-19,1.0,0.0,0.0,0.0,1.0,8.02579335197073e-20,3.3025814046143947e-19,-6.892921152547754e-19,0.0,0.0,0.0,6.275242547346313e-19,7.068743187178975e-18,-1.8988039841210475e-17,-8.62629500399141e-22,-8.910566604325861e-21,0.0,0.034127142,0.034127142,0.0085317855,0.0085317855,0.0085317855,0.0085317855,533.2849613480583,533.2849613480583,533.2849613480583,533.2849613480583,2.164436562313596,1.0199706000001014,1.039907156334945e-21,-2.700706777094387e-22,0.4506128087437836
2.62,attitude_only,4.322158550473543e-20,1.9967125609165017e-19,-4.363645847121174e-19,1.0,0.0,0.0,0.0,1.0,8.644317100947086e-20,3.9934251218330034e-19,-8.727291694242349e-19,0.0,0.0,0.0,6.116189621124329e-19,6.783239251091561e-18,-1.774893517916333e-17,-8.496593388736275e-22,-8.635794273531881e-21,0.0,0.034127142,0.034127142,0.0085317855,0.0085317855,0.0085317855,0.0085317855,533.2849613480583,533.2849613480583,533.2849613480583,533.2849613480583,2.268188875962456,1.0199706000001014,1.3371233502664394e-21,-3.03684937891828e-22,0.477444790049362
2.63,attitude_only,4.6242869980411056e-20,2.3289186956007745e-19,-5.230337602990052e-19,1.0,0.0,0.0,0.0,1.0,9.248573996082211e-20,4.657837391201549e-19,-1.0460675205980103e-18,0.0,0.0,0.0,5.98658164062944e-19,6.535753215259494e-18,-1.7067427615037398e-17,-8.400929628548701e-22,-8.404168562685995e-21,0.0,0.034127142,0.034127142,0.0085317855,0.0085317855,0.0085317855,0.0085317855,533.2849613480583,533.2849613480583,533.2849613480583,533.2849613480583,2.3333671948151897,1.0199706000001014,1.6561879032952363e-21,-3.4409412285031912e-22,0.5033855947516227
2.64,attitude_only,4.920694248133613e-20,2.649721108784661e-19,-6.064657749562947e-19,1.0,0.0,0.0,0.0,1.0,9.841388496267226e-20,5.299442217569322e-19,-1.2129315499125893e-18,0.0,0.0,0.0,5.884284810186658e-19,6.323118060777002e-18,-1.6478852900565e-17,-8.337016280119232e-22,-8.212237557914776e-21,0.0,0.034127142,0.034127142,0.0085317855,0.0085317855,0.0085317855,0.0085317855,533.2849613480583,533.2849613480583,533.2849613480583,533.2849613480583,2.3677579160539723,1.0199706000001014,2.0059747013912513e-21,-3.922616037829673e-22,0.5284388027617143
2.65,attitude_only,5.2126943625168543e-20,2.9607848944393985e-19,-6.879694329832732e-19,1.0,0.0,0.0,0.0,1.0,1.0425388725033709e-19,5.921569788878797e-19,-1.3759388659665464e-18,0.0,0.0,0.0,5.807469238109865e-19,6.142574555609916e-18,-1.6215543159879978e-17,-8.302912286008176e-22,-8.05701109727037e-21,0.0,0.034127142,0.034127142,0.0085317855,0.0085317855,0.0085317855,0.0085317855,533.2849613480583,533.2849613480583,533.2849613480583,533.2849613480583,2.3775627059144324,1.0199706000001014,2.394827651121153e-21,-4.490450451978336e-22,0.5526066214152765
2.66,attitude_only,5.501517411863325e-20,3.2636472100061726e-19,-7.686599285757835e-19,1.0,0.0,0.0,0.0,1.0,1.100303482372665e-19,6.527294420012345e-19,-1.537319857151567e-18,0.0,0.0,0.0,5.754573071743207e-19,5.991721260125303e-18,-1.610712150195085e-17,-8.29698261708562e-22,-7.935904355290089e-21,0.0,0.034127142,0.034127142,0.0085317855,0.0085317855,0.0085317855,0.0085317855,533.2849613480583,533.2849613480583,533.2849613480583,533.2849613480583,2.367725791952105,1.0199706000001014,2.8306058772190628e-21,-5.152263778987723e-22,0.575890402776305
2.67,attitude_only,5.788322054542696e-20,3.559734006063145e-19,-8.490871144276086e-19,1.0,0.0,0.0,0.0,1.0,1.1576644109085392e-19,7.11946801212629e-19,-1.6981742288552173e-18,0.0,0.0,0.0,5.724273448117914e-19,5.86847351220447e-18,-1.6060655077124088e-17,-8.317865803216447e-22,-7.846691792907133e-21,0.0,0.034127142,0.034127142,0.0085317855,0.0085317855,0.0085317855,0.0085317855,533.2849613480583,533.2849613480583,533.2849613480583,533.2849613480583,2.34219201376478,1.0199706000001014,3.3207563145046864e-21,-5.915344646144843e-22,0.5982909717864593
2.68,attitude_only,6.074206811282495e-20,3.8503749009409735e-19,-9.291754825984054e-19,1.0,0.0,0.0,0.0,1.0,1.214841362256499e-19,7.700749801881947e-19,-1.858350965196811e-18,0.0,0.0,0.0,5.715462639858068e-19,5.7710292679331676e-18,-1.599095543988394e-17,-8.364447459703215e-22,-7.787468992460903e-21,0.0,0.034127142,0.034127142,0.0085317855,0.0085317855,0.0085317855,0.0085317855,533.2849613480583,533.2849613480583,533.2849613480583,533.2849613480583,2.3041107871020134,1.0199706000001014,3.872388912662197e-21,-6.786617260841158e-22,0.6198088305909693
2.69,attitude_only,6.360220263350367e-20,4.13681650094517e-19,-1.0090024771295514e-18,1.0,0.0,0.0,0.0,1.0,1.2720440526700733e-19,8.27363300189034e-19,-2.0180049542591028e-18,0.0,0.0,0.0,5.7272282913569e-19,5.697840347517183e-18,-1.595223341919497e-17,-8.43583852441538e-22,-7.756620691436892e-21,0.0,0.034127142,0.034127142,0.0085317855,0.0085317855,0.0085317855,0.0085317855,533.2849613480583,533.2849613480583,533.2849613480583,533.2849613480583,2.255997706179321,1.0199706000001014,4.492344955475732e-21,-7.772762415395159e-22,0.6404442844158543
2.7,attitude_only,6.647370356651415e-20,4.420234407240059e-19,-1.0887007209419067e-18,1.0,0.0,0.0,0.0,1.0,1.329474071330283e-19,8.840468814480118e-19,-2.1774014418838133e-18,0.0,0.0,0.0,5.758836981758103e-19,5.6475880769008515e-18,-1.593093630781603e-17,-8.531357322714406e-22,-7.752793847466304e-21,0.0,0.034127142,0.034127142,0.0085317855,0.0085317855,0.0085317855,0.0085317855,533.2849613480583,533.2849613480583,533.2849613480583,533.2849613480583,2.1998628492800627,1.0199706000001014,5.187256081616588e-21,-8.880306258033782e-22,0.660197518632685
2.71,attitude_only,6.936632962467634e-20,4.701744108314638e-19,-1.1683282970665047e-18,1.0,0.0,0.0,0.0,1.0,1.3873265924935268e-19,9.403488216629276e-19,-2.3366565941330093e-18,0.0,0.0,0.0,5.809720573661901e-19,5.61916260044098e-18,-1.592222385316101e-17,-8.650514838735582e-22,-7.774874901718867e-21,0.0,0.034127142,0.034127142,0.0085317855,0.0085317855,0.0085317855,0.0085317855,533.2849613480583,533.2849613480583,533.2849613480583,533.2849613480583,2.137312822055601,1.0199706000001014,5.9635945160502386e-21,-1.0115686767721326e-21,0.6790686457642622
2.72,attitude_only,7.228959822778751e-20,4.982410926163139e-19,-1.2479246535619223e-18,1.0,0.0,0.0,0.0,1.0,1.4457919645557502e-19,9.964821852326279e-19,-2.4958493071238445e-18,0.0,0.0,0.0,5.879464952695922e-19,5.611645326535799e-18,-1.5916415550057662e-17,-8.793002743103368e-22,-7.821970626298008e-21,0.0,0.034127142,0.034127142,0.0085317855,0.0085317855,0.0085317855,0.0085317855,533.2849613480583,533.2849613480583,533.2849613480583,533.2849613480583,2.0696320241982433,1.0199706000001014,6.82771598378877e-21,-1.1485305084286416e-21,0.6970577340919507
2.73,attitude_only,7.525285991229208e-20,5.263259161062649e-19,-1.3274931786049695e-18,1.0,0.0,0.0,0.0,1.0,1.5050571982458416e-19,1.0526518322125298e-18,-2.654986357209939e-18,0.0,0.0,0.0,5.967800861870007e-19,5.624294093954673e-18,-1.5912543347988764e-17,-8.958683842730968e-22,-7.893392088140203e-21,0.0,0.034127142,0.034127142,0.0085317855,0.0085317855,0.0085317855,0.0085317855,533.2849613480583,533.2849613480583,533.2849613480583,533.2849613480583,1.997847438371027,1.0199706000001014,7.785896896794943e-21,-1.299556667812834e-21,0.714164825042572
2.74,attitude_only,7.826536868003819e-20,5.545280561767896e-19,-1.4070510550923274e-18,1.0,0.0,0.0,0.0,1.0,1.5653073736007638e-19,1.1090561123535792e-18,-2.8141021101846547e-18,0.0,0.0,0.0,6.074596603991576e-19,5.656530734984896e-18,-1.5910607246954318e-17,-9.147584699316766e-22,-7.988641364726322e-21,0.0,0.034127142,0.034127142,0.0085317855,0.0085317855,0.0085317855,0.0085317855,533.2849613480583,533.2849613480583,533.2849613480583,533.2849613480583,1.922780324789524,1.0199706000001014,8.844367211638563e-21,-1.4652915773718978e-21,0.7303899437472074
2.75,attitude_only,8.133634916999217e-20,5.829442233610455e-19,-1.4866005216408168e-18,1.0,0.0,0.0,0.0,1.0,1.6267269833998434e-19,1.165888446722091e-18,-2.9732010432816336e-18,0.0,0.0,0.0,6.199852436368595e-19,5.7079307764232984e-18,-1.5909518190122443e-17,-9.359890222532876e-22,-8.107400722216634e-21,0.0,0.034127142,0.034127142,0.0085317855,0.0085317855,0.0085317855,0.0085317855,533.2849613480583,533.2849613480583,533.2849613480583,533.2849613480583,1.845087493892736,1.0199706000001014,1.0009340086036193e-20,-1.6463865348294463e-21,0.745733105450263
2.76,attitude_only,8.447506146006937e-20,6.116694085462149e-19,-1.5661453899493493e-18,1.0,0.0,0.0,0.0,1.0,1.6895012292013874e-19,1.2233388170924297e-18,-3.1322907798986986e-18,0.0,0.0,0.0,6.343696521260651e-19,5.778215069316376e-18,-1.5908550139605212e-17,-9.595940089615948e-22,-8.249524024381492e-21,0.0,0.034127142,0.034127142,0.0085317855,0.0085317855,0.0085317855,0.0085317855,533.2849613480583,533.2849613480583,533.2849613480583,533.2849613480583,1.7652942740797315,1.0199706000001014,1.1287039210728645e-20,-1.843502428524384e-21,0.7601943193985398
2.77,attitude_only,8.76908642469155e-20,6.407975907199547e-19,-1.645686355804234e-18,1.0,0.0,0.0,0.0,1.0,1.75381728493831e-19,1.2815951814399094e-18,-3.291372711608468e-18,0.0,0.0,0.0,6.50638232714814e-19,5.8672431783007034e-18,-1.590788460487462e-17,-9.856226879952418e-22,-8.415030186945692e-21,0.0,0.034127142,0.034127142,0.0085317855,0.0085317855,0.0085317855,0.0085317855,533.2849613480583,533.2849613480583,533.2849613480583,533.2849613480583,1.6838208553075322,1.0199706000001014,1.2683724488747802e-20,-2.0573122766449332e-21,0.7737735912007274
2.7800000000000002,attitude_only,9.099327710647526e-20,6.70422416178456e-19,-1.7252247956523007e-18,1.0,0.0,0.0,0.0,1.0,1.8198655421295053e-19,1.340844832356912e-18,-3.4504495913046014e-18,0.0,0.0,0.0,6.688287402425932e-19,5.975008394574258e-18,-1.5907551837509333e-17,-1.014139584431003e-21,-8.604098530419702e-21,0.0,0.034127142,0.034127142,0.0085317855,0.0085317855,0.0085317855,0.0085317855,533.2849613480583,533.2849613480583,533.2849613480583,533.2849613480583,1.6010033454064603,1.0199706000001014,1.4205716579422003e-20,-2.2885036661262955e-21,0.7864709242587494
2.79,attitude_only,9.439204250545711e-20,7.006378570075814e-19,-1.8047621237548513e-18,1.0,0.0,0.0,0.0,1.0,1.8878408501091422e-19,1.4012757140151627e-18,-3.6095242475097025e-18,0.0,0.0,0.0,6.889913466227911e-19,6.101634264952366e-18,-1.5907385453826682e-17,-1.045224625553468e-21,-8.817065917522955e-21,0.0,0.034127142,0.034127142,0.0085317855,0.0085317855,0.0085317855,0.0085317855,533.2849613480583,533.2849613480583,533.2849613480583,533.2849613480583,1.517110603870323,1.0199706000001014,1.585942071224137e-20,-2.53778114566499e-21,0.7982863206360069
2.8,attitude_only,9.789718821194347e-20,7.315388561807665e-19,-1.8842986275018833e-18,1.0,0.0,0.0,0.0,1.0,1.9579437642388693e-19,1.463077712361533e-18,-3.7685972550037666e-18,0.0,0.0,0.0,7.111887781846775e-19,6.247372554465799e-18,-1.5907264447512025e-17,-1.0789734312095784e-21,-9.05442559048373e-21,0.0,0.034127142,0.034127142,0.0085317855,0.0085317855,0.0085317855,0.0085317855,533.2849613480583,533.2849613480583,533.2849613480583,533.2849613480583,1.4323577020566598,1.0199706000001014,1.7651350096635335e-20,-2.805868613533176e-21,0.8092197815840267
2.81,attitude_only,1.0151909074145549e-19,7.6322196626745745e-19,-1.963834681256683e-18,1.0,0.0,0.0,0.0,1.0,2.0303818148291098e-19,1.5264439325349149e-18,-3.927669362513366e-18,0.0,0.0,0.0,7.354965797398803e-19,6.412602582474577e-18,-1.5907158566986707e-17,-1.1154977588732209e-21,-9.31682764991901e-21,0.0,0.034127142,0.034127142,0.0085317855,0.0085317855,0.0085317855,0.0085317855,533.2849613480583,533.2849613480583,533.2849613480583,533.2849613480583,1.3469166872028384,1.0199706000001014,1.9588149199338444e-20,-3.093511732099162e-21,0.8192713078619025
2.8200000000000003,attitude_only,1.052685404721392e-19,7.957859885033001e-19,-2.043370443840038e-18,1.0,0.0,0.0,0.0,1.0,2.105370809442784e-19,1.5915719770066002e-18,-4.086740887680076e-18,0.0,0.0,0.0,7.620035056569774e-19,6.597831892985391e-18,-1.5907143441197378e-17,-1.1549261050303072e-21,-9.605081141461843e-21,0.0,0.034127142,0.034127142,0.0085317855,0.0085317855,0.0085317855,0.0085317855,533.2849613480583,533.2849613480583,533.2849613480583,533.2849613480583,1.2609251911251942,1.0199706000001014,2.1676617124582342e-20,-3.401480395484091e-21,0.8284408999300489
2.83,attitude_only,1.0915680906902353e-19,8.293326188306602e-19,-2.12290601924175e-18,1.0,0.0,0.0,0.0,1.0,2.1831361813804707e-19,1.6586652376613204e-18,-4.2458120384835e-18,0.0,0.0,0.0,7.908120399922418e-19,6.803698239308341e-18,-1.590709806382939e-17,-1.1974044666325467e-21,-9.920157739442465e-21,0.0,0.034127142,0.034127142,0.0085317855,0.0085317855,0.0085317855,0.0085317855,533.2849613480583,533.2849613480583,533.2849613480583,533.2849613480583,1.1744933156536315,1.0199706000001014,2.3923731308819366e-20,-3.7305712735007875e-21,0.8367285580677225
2.84,attitude_only,1.131957198723496e-19,8.639671074701828e-19,-2.2024414471670155e-18,1.0,0.0,0.0,0.0,1.0,2.263914397446992e-19,1.7279342149403656e-18,-4.404882894334031e-18,0.0,0.0,0.0,8.220390494732948e-19,7.030972881810961e-18,-1.5907077265869052e-17,-1.2430972685045433e-21,-1.0263197039263716e-20,0.0,0.034127142,0.034127142,0.0085317855,0.0085317855,0.0085317855,0.0085317855,533.2849613480583,533.2849613480583,533.2849613480583,533.2849613480583,1.0877091400544783,1.0199706000001014,2.633667172746382e-20,-4.0816104532097574e-21,0.844134282444301
2.85,attitude_only,1.1825883745304223e-19,9.071189601766064e-19,-2.297883874365799e-18,1.0,0.0,0.0,0.0,1.0,2.3651767490608447e-19,1.814237920353213e-18,-4.595767748731598e-18,0.0,0.0,0.0,8.628908839648731e-19,7.333251900267465e-18,-1.590706875761255e-17,-1.300748378734086e-21,-1.0699264380414198e-20,0.0,0.034127142,0.034127142,0.0085317855,0.0085317855,0.0085317855,0.0085317855,533.2849613480583,533.2849613480583,533.2849613480583,533.2849613480583,1.0006431264079032,1.0199706000001014,2.89228458037447e-20,-4.4554561986267004e-21,0.8506580731625172
2.8600000000000003,attitude_only,1.2177596837725663e-19,9.369425370776592e-19,-2.3615121394699506e-18,1.0,0.0,0.0,0.0,1.0,2.4355193675451327e-19,1.8738850741553184e-18,-4.723024278939901e-18,0.0,0.0,0.0,8.922927683460274e-19,7.553528763902842e-18,-1.5907064976165216e-17,-1.3449535676749316e-21,-1.103913190441568e-20,0.0,0.034127142,0.034127142,0.0085317855,0.0085317855,0.0085317855,0.0085317855,533.2849613480583,533.2849613480583,533.2849613480583,533.2849613480583,0.9133516435696184,1.0199706000001014,3.1689914207520304e-20,-4.853001849031642e-21,0.8562999302846821
2.87,attitude_only,1.2634439994280832e-19,9.755180085808597e-19,-2.44104745607886e-18,1.0,0.0,0.0,0.0,1.0,2.5268879988561664e-19,1.9510360171617195e-18,-4.88209491215772e-18,0.0,0.0,0.0,9.316329854462302e-19,7.851068588238054e-18,-1.5907061667398805e-17,-1.4014781580496371e-21,-1.1474690379500314e-20,0.0,0.034127142,0.034127142,0.0085317855,0.0085317855,0.0085317855,0.0085317855,533.2849613480583,533.2849613480583,533.2849613480583,533.2849613480583,0.8258797861338274,1.0199706000001014,3.464581773371036e-20,-5.275178876778054e-21,0.8610598538485886
2.88,attitude_only,1.311178343446809e-19,1.0156519214300143e-18,-2.5205827556712573e-18,1.0,0.0,0.0,0.0,1.0,2.622356686893618e-19,2.0313038428600287e-18,-5.0411655113425145e-18,0.0,0.0,0.0,9.740210440737458e-19,8.174550191335286e-18,-1.5907058831313307e-17,-1.4620840388433931e-21,-1.1944613805130343e-20,0.0,0.034127142,0.034127142,0.0085317855,0.0085317855,0.0085317855,0.0085317855,533.2849613480583,533.2849613480583,533.2849613480583,533.2849613480583,0.7382636294784909,1.0199706000001014,3.779880545515737e-20,-5.7229601263690664e-21,0.86493784387716
2.89,attitude_only,1.3611206248613155e-19,1.0574781368097834e-18,-2.6001180451010143e-18,1.0,0.0,0.0,0.0,1.0,2.722241249722631e-19,2.1149562736195668e-18,-5.200236090202029e-18,0.0,0.0,0.0,1.0196606628765603e-18,8.52551000101286e-18,-1.590705729510032e-17,-1.5270481880355363e-21,-1.2451020676753562e-20,0.0,0.034127142,0.034127142,0.0085317855,0.0085317855,0.0085317855,0.0085317855,533.2849613480583,533.2849613480583,533.2849613480583,533.2849613480583,0.6505320337255751,1.0199706000001014,4.1157464352821264e-20,-6.197363257792547e-21,0.8679339003842992
2.9,attitude_only,1.4134395236811672e-19,1.101138696192226e-18,-2.679653327795068e-18,1.0,0.0,0.0,0.0,1.0,2.8268790473623344e-19,2.202277392384452e-18,-5.359306655590136e-18,0.0,0.0,0.0,1.0687770954964793e-18,8.905667550177997e-18,-1.5907056113398025e-17,-1.5966756781344036e-21,-1.2996266411253505e-20,0.0,0.034127142,0.034127142,0.0085317855,0.0085317855,0.0085317855,0.0085317855,533.2849613480583,533.2849613480583,533.2849613480583,533.2849613480583,0.5627080868632597,1.0199706000001014,4.473075063702332e-20,-6.699454418654241e-21,0.8700480233784391
2.91,attitude_only,1.4683156175462285e-19,1.1467847746056637e-18,-2.7591886064713347e-18,1.0,0.0,0.0,0.0,1.0,2.936631235092457e-19,2.2935695492113274e-18,-5.5183772129426694e-18,0.0,0.0,0.0,1.1216189788691728e-18,9.316939487632054e-18,-1.5907055581631992e-17,-1.671302127970328e-21,-1.3582962131074696e-20,0.0,0.034127142,0.034127142,0.0085317855,0.0085317855,0.0085317855,0.0085317855,533.2849613480583,533.2849613480583,533.2849613480583,533.2849613480583,0.4748102592157212,1.0199706000001014,4.85280229869118e-20,-7.230352171506567e-21,0.8712802128646948
2.92,attitude_only,1.525942607172477e-19,1.1945777093609787e-18,-2.8387238833455046e-18,1.0,0.0,0.0,0.0,1.0,3.051885214344954e-19,2.3891554187219574e-18,-5.677447766691009e-18,0.0,0.0,0.0,1.1784604168470034e-18,9.761455579673952e-18,-1.5907055227121303e-17,-1.7512964577121945e-21,-1.4213995997321712e-20,0.0,0.034127142,0.034127142,0.0085317855,0.0085317855,0.0085317855,0.0085317855,533.2849613480583,533.2849613480583,533.2849613480583,533.2849613480583,0.38685332700205005,1.0199706000001014,5.255907795145419e-20,-7.791231704943422e-21,0.8716304688461685
2.93,attitude_only,1.5865286530136825e-19,1.2446901146911303e-18,-2.918259159377712e-18,1.0,0.0,0.0,0.0,1.0,3.173057306027365e-19,2.4893802293822605e-18,-5.836518318755424e-18,0.0,0.0,0.0,1.2396033235432578e-18,1.0241576889188038e-17,-1.590705515326491e-17,-1.8370639789831325e-21,-1.4892557337630497e-20,0.0,0.034127142,0.034127142,0.0085317855,0.0085317855,0.0085317855,0.0085317855,533.2849613480583,533.2849613480583,533.2849613480583,533.2849613480583,0.29884911117309987,1.0199706000001014,5.683418777418261e-20,-8.383329359533251e-21,0.8710987913247414
2.94,attitude_only,1.650297836877525e-19,1.2973070937732396e-18,-2.997794434863382e-18,1.0,0.0,0.0,0.0,1.0,3.30059567375505e-19,2.5946141875464792e-18,-5.995588869726764e-18,0.0,0.0,0.0,1.3053800543203448e-18,1.0759916348500287e-17,-1.5907055064637238e-17,-1.92904985645884e-21,-1.5622163852290198e-20,0.0,0.034127142,0.034127142,0.0085317855,0.0085317855,0.0085317855,0.0085317855,533.2849613480583,533.2849613480583,533.2849613480583,533.2849613480583,0.21080706847475617,1.0199706000001014,6.13641409258111e-20,-9.00794750251705e-21,0.8696851803015553
2.95,attitude_only,1.7174917637376025e-19,1.3526275607730159e-18,-3.0773297100462416e-18,1.0,0.0,0.0,0.0,1.0,3.434983527475205e-19,2.7052551215460318e-18,-6.154659420092483e-18,0.0,0.0,0.0,1.376156356295239e-18,1.1319361975185276e-17,-1.5907055012937762e-17,-2.027742982391666e-21,-1.640669222406404e-20,0.0,0.034127142,0.034127142,0.0085317855,0.0085317855,0.0085317855,0.0085317855,533.2849613480583,533.2849613480583,533.2849613480583,533.2849613480583,0.1227347642947402,1.0199706000001014,6.616028565395134e-20,-9.666459788436838e-21,0.867389635777302
2.96,attitude_only,1.788371320696497e-19,1.4108656868965863e-18,-3.156864984990913e-18,1.0,0.0,0.0,0.0,1.0,3.576742641392994e-19,2.8217313737931727e-18,-6.313729969981826e-18,0.0,0.0,0.0,1.4523346746805965e-18,1.1923103016768928e-17,-1.5907054968623932e-17,-2.1336803112009005e-21,-1.725041250413211e-20,0.0,0.034127142,0.034127142,0.0085317855,0.0085317855,0.0085317855,0.0085317855,533.2849613480583,533.2849613480583,533.2849613480583,533.2849613480583,0.03463825093778228,1.0199706000001014,7.123457688777768e-20,-1.0360316846521923e-20,0.8642121577524016
2.97,attitude_only,1.8632186120064113e-19,1.4722524859759882e-18,-3.236400259825724e-18,1.0,0.0,0.0,0.0,1.0,3.7264372240128226e-19,2.9445049719519764e-18,-6.472800519651448e-18,0.0,0.0,0.0,1.5343578562965893e-18,1.2574659351536347e-17,-1.5907054963084705e-17,-2.2474517077030577e-21,-1.8158026699368378e-20,0.0,0.034127142,0.034127142,0.0085317855,0.0085317855,0.0085317855,0.0085317855,533.2849613480583,533.2849613480583,533.2849613480583,533.2849613480583,-0.05347762975562985,1.0199706000001014,7.659962686799712e-20,-1.1091052439791386e-20,0.8601527462271087
2.98,attitude_only,1.94233909127382e-19,1.537037556876166e-18,-3.3159355346014498e-18,1.0,0.0,0.0,0.0,1.0,3.88467818254764e-19,3.074075113752332e-18,-6.6318710692028996e-18,0.0,0.0,0.0,1.6227132972645608e-18,1.3277914519142784e-17,-1.590705495200625e-17,-2.369705369837269e-21,-1.9134712045687528e-20,0.0,0.034127142,0.034127142,0.0085317855,0.0085317855,0.0085317855,0.0085317855,533.2849613480583,533.2849613480583,533.2849613480583,533.2849613480583,-0.14160900431512613,1.0199706000001014,8.22687599092889e-20,-1.1860290145485678e-20,0.8552114012015777
2.99,attitude_only,2.0260639144987627e-19,1.6054910020215982e-18,-3.395470809324091e-18,1.0,0.0,0.0,0.0,1.0,4.0521278289975254e-19,3.2109820040431964e-18,-6.790941618648182e-18,0.0,0.0,0.0,1.7179375883298739e-18,1.4037152807263927e-17,-1.5907054939081387e-17,-2.5011538949989438e-21,-2.018616951950554e-20,0.0,0.034127142,0.034127142,0.0085317855,0.0085317855,0.0085317855,0.0085317855,533.2849613480583,533.2849613480583,533.2849613480583,533.2849613480583,-0.22975277396560917,1.0199706000001014,8.825607174398859e-20,-1.2669750611680194e-20,0.8493881226759021
3.0,attitude_only,2.1147525404689938e-19,1.6779055436324775e-18,-3.475006084003573e-18,1.0,0.0,0.0,0.0,1.0,4.2295050809379876e-19,3.355811087264955e-18,-6.950012168007145e-18,0.0,0.0,0.0,1.820621718573461e-18,1.4857100880052607e-17,-1.5907054933080553e-17,-2.6425810684769825e-21,-2.1318678215652483e-20,0.0,0.034127142,0.034127142,0.0085317855,0.0085317855,0.0085317855,0.0085317855,533.2849613480583,533.2849613480583,533.2849613480583,533.2849613480583,-0.31790645968775055,1.0199706000001014,9.45764939427689e-20,-1.3521259450830985e-20,0.8426829106501391
3.01,attitude_only,2.2087956082915425e-19,1.7545988618715398e-18,-3.554541358659166e-18,1.0,0.0,0.0,0.0,1.0,4.417591216583085e-19,3.5091977237430796e-18,-7.109082717318331e-18,0.0,0.0,0.0,1.931416906592747e-18,1.5742974501775332e-17,-1.590705493054174e-17,-2.7948494631660525e-21,-2.25391563067375e-20,0.0,0.034127142,0.034127142,0.0085317855,0.0085317855,0.0085317855,0.0085317855,533.2849613480583,533.2849613480583,533.2849613480583,533.2849613480583,-0.4060680782665297,1.0199706000001014,1.01245863961074e-19,-1.4416755837639585e-20,0.8350957651243228
3.02,attitude_only,2.308618125553927e-19,1.83591618207694e-18,-3.634076633306682e-18,1.0,0.0,0.0,0.0,1.0,4.617236251107854e-19,3.67183236415388e-18,-7.268153266613364e-18,0.0,0.0,0.0,2.0510411377161438e-18,1.6700530985929094e-17,-1.590705492892612e-17,-2.958908951891291e-21,-2.3855229397581308e-20,0.0,0.034127142,0.034127142,0.0085317855,0.0085317855,0.0085317855,0.0085317855,533.2849613480583,533.2849613480583,533.2849613480583,533.2849613480583,-0.4942360431301895,1.0199706000001014,1.082810014198437e-19,-1.5358301886093966e-20,0.8266266860984743
3.03,attitude_only,2.4146830048271926e-19,1.9222331416444288e-18,-3.713611907946005e-18,1.0,0.0,0.0,0.0,1.0,4.829366009654385e-19,3.8444662832888576e-18,-7.42722381589201e-18,0.0,0.0,0.0,2.1802864966383123e-18,1.7736128087821698e-17,-1.5907054927310498e-17,-3.1358062475642758e-21,-2.5275307200730648e-20,0.0,0.034127142,0.034127142,0.0085317855,0.0085317855,0.0085317855,0.0085317855,533.2849613480583,533.2849613480583,533.2849613480583,533.2849613480583,-0.5824090850215158,1.0199706000001014,1.1569979129648252e-19,-1.6348092888953843e-20,0.8172756735726063
3.04,attitude_only,2.527494991025552e-19,2.0139589709817784e-18,-3.793147182580018e-18,1.0,0.0,0.0,0.0,1.0,5.054989982051104e-19,4.027917941963557e-18,-7.586294365160036e-18,0.0,0.0,0.0,2.320027397230519e-18,1.8856790158694543e-17,-1.590705492638729e-17,-3.326695602247229e-21,-2.680866958736501e-20,0.0,0.034127142,0.034127142,0.0085317855,0.0085317855,0.0085317855,0.0085317855,533.2849613480583,533.2849613480583,533.2849613480583,533.2849613480583,-0.670586188534801,1.0199706000001014,1.2352127477807212e-19,-1.738846851242348e-20,0.8070427275467267
3.05,attitude_only,2.64760502760633e-19,2.1115400273571242e-18,-3.872682457211147e-18,1.0,0.0,0.0,0.0,1.0,5.29521005521266e-19,4.2230800547142484e-18,-7.745364914422294e-18,0.0,0.0,0.0,2.4712298254285237e-18,2.0070282493891092e-17,-1.5907054925983393e-17,-3.53285081433912e-21,-2.846556321453978e-20,0.0,0.034127142,0.034127142,0.0085317855,0.0085317855,0.0085317855,0.0085317855,533.2849613480583,533.2849613480583,533.2849613480583,533.2849613480583,-0.7587665413455872,1.0199706000001014,1.3176574861462118e-19,-1.848192504943443e-20,0.7959278480208396
3.06,attitude_only,2.775615115825522e-19,2.2154637254782413e-18,-3.952217731839881e-18,1.0,0.0,0.0,0.0,1.0,5.551230231651044e-19,4.4309274509564826e-18,-7.904435463679762e-18,0.0,0.0,0.0,2.6349617273040022e-18,2.1385194938545868e-17,-1.590705492557949e-17,-3.755678713862735e-21,-3.025731009751097e-20,0.0,0.034127142,0.034127142,0.0085317855,0.0085317855,0.0085317855,0.0085317855,533.2849613480583,533.2849613480583,533.2849613480583,533.2849613480583,-0.8469494935942922,1.0199706000001014,1.4045487390699383e-19,-1.963112884700532e-20,0.7839310349949482
3.07,attitude_only,2.912183728369955e-19,2.326262914361438e-18,-4.03175300646736e-18,1.0,0.0,0.0,0.0,1.0,5.82436745673991e-19,4.652525828722876e-18,-8.06350601293472e-18,0.0,0.0,0.0,2.8124046930028877e-18,2.2811035964359533e-17,-1.5907054925420806e-17,-3.9967343196314255e-21,-3.219642968813096e-20,0.0,0.034127142,0.034127142,0.0085317855,0.0085317855,0.0085317855,0.0085317855,533.2849613480583,533.2849613480583,533.2849613480583,533.2849613480583,-0.9351345253933181,1.0199706000001014,1.496117953735301e-19,-2.0838931036740062e-20,0.7710522884690543
3.08,attitude_only,3.058031846795358e-19,2.4445207565803212e-18,-4.1112882810941326e-18,1.0,0.0,0.0,0.0,1.0,6.116063693590716e-19,4.8890415131606425e-18,-8.222576562188265e-18,0.0,0.0,0.0,3.0048671085548333e-18,2.4358338603221323e-17,-1.5907054925305414e-17,-4.257737889379309e-21,-3.4296776240797327e-20,0.0,0.034127142,0.034127142,0.0085317855,0.0085317855,0.0085317855,0.0085317855,533.2849613480583,533.2849613480583,533.2849613480583,533.2849613480583,-1.0233212208325622,1.0199706000001014,1.59261272262977e-19,-2.2108383712880097e-20,0.7572916084431586
3.09,attitude_only,3.213949701459403e-19,2.5708761734460038e-18,-4.190823555720407e-18,1.0,0.0,0.0,0.0,1.0,6.427899402918806e-19,5.1417523468920075e-18,-8.381647111440813e-18,0.0,0.0,0.0,3.213798972051985e-18,2.6038779821209333e-17,-1.5907054925226065e-17,-4.5405941152964105e-21,-3.6573693500595024e-20,0.0,0.034127142,0.034127142,0.0085317855,0.0085317855,0.0085317855,0.0085317855,533.2849613480583,533.2849613480583,533.2849613480583,533.2849613480583,-1.1115092471839876,1.0199706000001014,1.694298222211275e-19,-2.3442757719683666e-20,0.742648994917262
3.1,attitude_only,3.38080430322198e-19,2.7060299282002005e-18,-4.270358830346386e-18,1.0,0.0,0.0,0.0,1.0,6.76160860644396e-19,5.412059856400401e-18,-8.540717660692772e-18,0.0,0.0,0.0,3.4408085988622984e-18,2.7865315143878014e-17,-1.590705492518277e-17,-4.8474137534574104e-21,-3.904418903923623e-20,0.0,0.034127142,0.034127142,0.0085317855,0.0085317855,0.0085317855,0.0085317855,533.2849613480583,533.2849613480583,533.2849613480583,533.2849613480583,-1.1996983382651276,1.0199706000001014,1.801458795767606e-19,-2.484556222954153e-20,0.7271244478913648
3.11,attitude_only,3.559547868290975e-19,2.850751429061516e-18,-4.349894104972288e-18,1.0,0.0,0.0,0.0,1.0,7.11909573658195e-19,5.701502858123032e-18,-8.699788209944576e-18,0.0,0.0,0.0,3.687681472964993e-18,2.985233060542924e-17,-1.5907054925177396e-17,-5.180538017110294e-21,-4.172713089915199e-20,0.0,0.034127142,0.034127142,0.0085317855,0.0085317855,0.0085317855,0.0085317855,533.2849613480583,533.2849613480583,533.2849613480583,533.2849613480583,-1.2878882811300603,1.0199706000001014,1.9143996969165064e-19,-2.6320566315474418e-20,0.7107179673654672
3.12,attitude_only,3.7512272514516195e-19,3.00588634513975e-18,-4.4294293795981244e-18,1.0,0.0,0.0,0.0,1.0,7.502454502903239e-19,6.0117726902795e-18,-8.858858759196249e-18,0.0,0.0,0.0,3.956401538852078e-18,3.201581439583597e-17,-1.5907054925157573e-17,-5.542566111563317e-21,-4.464346959159843e-20,0.0,0.034127142,0.034127142,0.0085317855,0.0085317855,0.0085317855,0.0085317855,533.2849613480583,533.2849613480583,533.2849613480583,533.2849613480583,-1.3760789054219955,1.0199706000001014,2.0334490122252926e-19,-2.787182274685803e-20,0.6934295533395695
3.13,attitude_only,3.956994518798995e-19,3.1723651410387718e-18,-4.50896465422389e-18,1.0,0.0,0.0,0.0,1.0,7.91398903759799e-19,6.3447302820775435e-18,-9.01792930844778e-18,0.0,0.0,0.0,4.249175271522284e-18,3.4373550927635855e-17,-1.5907054925149444e-17,-5.936386343482786e-21,-4.781648893903464e-20,0.0,0.034127142,0.034127142,0.0085317855,0.0085317855,0.0085317855,0.0085317855,533.2849613480583,533.2849613480583,533.2849613480583,533.2849613480583,-1.4642700748555635,1.0199706000001014,2.1589597837332804e-19,-2.9503694265808347e-20,0.6752592058136715
3.14,attitude_only,4.178118809307742e-19,3.3512126506569627e-18,-4.588499928849621e-18,1.0,0.0,0.0,0.0,1.0,8.356237618615484e-19,6.702425301313925e-18,-9.176999857699242e-18,0.0,0.0,0.0,4.568458911827007e-18,3.6945340445399584e-17,-1.5907054925144927e-17,-6.3652113009667244e-21,-5.127208976480512e-20,0.0,0.034127142,0.034127142,0.0085317855,0.0085317855,0.0085317855,0.0085317855,533.2849613480583,533.2849613480583,533.2849613480583,533.2849613480583,-1.552461680402399,1.0199706000001014,2.291312354777266e-19,-3.1220882634119076e-20,0.6562069247877736
3.15,attitude_only,4.415999655481977e-19,3.543558827556465e-18,-4.6680352034753306e-18,1.0,0.0,0.0,0.0,1.0,8.831999310963954e-19,7.08711765511293e-18,-9.336070406950661e-18,0.0,0.0,0.0,4.916989311893435e-18,3.975324776452888e-17,-1.5907054925140637e-17,-6.832617674165373e-21,-5.503911102540556e-20,0.0,0.034127142,0.034127142,0.0085317855,0.0085317855,0.0085317855,0.0085317855,533.2849613480583,533.2849613480583,533.2849613480583,533.2849613480583,-1.6406536348398888,1.0199706000001014,2.430916965494802e-19,-3.302846077753318e-20,0.6362727102618756
3.16,attitude_only,4.67218195735233e-19,3.750650828648172e-18,-4.7475704781010254e-18,1.0,0.0,0.0,0.0,1.0,9.34436391470466e-19,7.501301657296344e-18,-9.495140956202051e-18,0.0,0.0,0.0,5.297818901813195e-18,4.282188426226031e-17,-1.5907054925138172e-17,-7.342591371087216e-21,-5.914969366530588e-20,0.0,0.034127142,0.034127142,0.0085317855,0.0085317855,0.0085317855,0.0085317855,533.2849613480583,533.2849613480583,533.2849613480583,533.2849613480583,-1.7288458683898624,1.0199706000001014,2.5782166277641484e-19,-3.493190839609617e-20,0.6154565622359776
3.17,attitude_only,4.948372831715886e-19,3.973866610223201e-18,-4.8271057527267164e-18,1.0,0.0,0.0,0.0,1.0,9.896745663431772e-19,7.947733220446402e-18,-9.654211505453433e-18,0.0,0.0,0.0,5.714355365727398e-18,4.617872786449852e-17,-1.590705492513781e-17,-7.899578681441532e-21,-6.363969326663671e-20,0.0,0.034127142,0.034127142,0.0085317855,0.0085317855,0.0085317855,0.0085317855,533.2849613480583,533.2849613480583,533.2849613480583,533.2849613480583,-1.817038325229862,1.0199706000001014,2.733690313193577e-19,-3.6937151457126995e-20,0.5937584807100794
3.18,attitude_only,5.246460590318764e-19,4.214730241013954e-18,-4.906641027352402e-18,1.0,0.0,0.0,0.0,1.0,1.0492921180637528e-18,8.429460482027909e-18,-9.813282054704804e-18,0.0,0.0,0.0,6.170406704598463e-18,4.985448649139215e-17,-1.5907054925137167e-17,-8.508544355132798e-21,-6.8549148483823e-20,0.0,0.034127142,0.034127142,0.0085317855,0.0085317855,0.0085317855,0.0085317855,533.2849613480583,533.2849613480583,533.2849613480583,533.2849613480583,-1.9052309607018418,1.0199706000001014,2.897856492165666e-19,-3.905060604181162e-20,0.5711784656841813
3.19,attitude_only,5.568536137326136e-19,4.474929166525469e-18,-4.986176301978085e-18,1.0,0.0,0.0,0.0,1.0,1.1137072274652272e-18,8.949858333050938e-18,-9.97235260395617e-18,0.0,0.0,0.0,6.670232466373981e-18,5.3883511258843016e-17,-1.5907054925136807e-17,-9.175037593927157e-21,-7.392281331735246e-20,0.0,0.034127142,0.034127142,0.0085317855,0.0085317855,0.0085317855,0.0085317855,533.2849613480583,533.2849613480583,533.2849613480583,533.2849613480583,-1.9934237390794458,1.0199706000001014,3.0712770669546185e-19,-4.1279227078572554e-20,0.5477165171582832
3.2,attitude_only,5.9169171186873305e-19,4.756333692967558e-18,-5.0657115766037685e-18,1.0,0.0,0.0,0.0,1.0,1.1833834237374661e-18,9.512667385935116e-18,-1.0131423153207537e-17,0.0,0.0,0.0,7.218602044312719e-18,5.83042667017214e-17,-1.5907054925136536e-17,-9.905267107896772e-21,-7.981076251582376e-20,0.0,0.034127142,0.034127142,0.0085317855,0.0085317855,0.0085317855,0.0085317855,533.2849613480583,533.2849613480583,533.2849613480583,533.2849613480583,-2.0816166317815097,1.0199706000001014,3.254561747659661e-19,-4.3630562567348334e-20,0.523372635132385
3.21,attitude_only,6.294175204792588e-19,5.047006171940631e-18,-5.145246851229452e-18,1.0,0.0,0.0,0.0,1.0,1.2588350409585176e-18,1.0094012343881262e-17,-1.0290493702458904e-17,0.0,0.0,0.0,7.820861083773036e-18,5.612192224747861e-17,-1.5907054925136332e-17,-1.070618656608688e-20,-7.775316839320717e-20,0.0,0.034127142,0.034127142,0.0085317855,0.0085317855,0.0085317855,0.0085317855,533.2849613480583,533.2849613480583,533.2849613480583,533.2849613480583,-2.1698096159431817,1.0199706000001014,3.448312672403161e-19,-4.611281398006551e-20,0.4981468196064868
3.22,attitude_only,6.703166944194928e-19,5.319077115586874e-18,-5.224782125855134e-18,1.0,0.0,0.0,0.0,1.0,1.3406333888389856e-18,1.0638154231173749e-17,-1.0449564251710269e-17,0.0,0.0,0.0,8.483007200071729e-18,5.2230863666557743e-17,-1.5907054925136228e-17,-1.158559197764603e-20,-7.360620673276771e-20,0.0,0.034127142,0.034127142,0.0085317855,0.0085317855,0.0085317855,0.0085317855,533.2849613480583,533.2849613480583,533.2849613480583,533.2849613480583,-2.258002673272497,1.0199706000001014,3.6512159527168976e-19,-4.87349036154565e-20,0.47203907058058864
3.23,attitude_only,7.147068691379264e-19,5.571664617294996e-18,-5.3043174004808175e-18,1.0,0.0,0.0,0.0,1.0,1.4294137382758528e-18,1.1143329234589992e-17,-1.0608634800961635e-17,0.0,0.0,0.0,9.211776399009576e-18,4.8326438461612435e-17,-1.590705492513615e-17,-1.2552232780361542e-20,-6.940416087144947e-20,0.0,0.034127142,0.034127142,0.0085317855,0.0085317855,0.0085317855,0.0085317855,533.2849613480583,533.2849613480583,533.2849613480583,533.2849613480583,-2.346195789135973,1.0199706000001014,3.8628799733229135e-19,-5.150654979276952e-20,0.44504938805469046
3.24,attitude_only,7.629416187058487e-19,5.809071520512358e-18,-5.383852675106501e-18,1.0,0.0,0.0,0.0,1.0,1.5258832374116974e-18,1.1618143041024716e-17,-1.0767705350213002e-17,0.0,0.0,0.0,1.0014741811928976e-17,4.615913997734446e-17,-1.5907054925136123e-17,-1.3615938693984113e-20,-6.726499409010135e-20,0.0,0.034127142,0.034127142,0.0085317855,0.0085317855,0.0085317855,0.0085317855,533.2849613480583,533.2849613480583,533.2849613480583,533.2849613480583,-2.43438895182673,1.0199706000001014,4.083940000124404e-19,-5.44383508909283e-20,0.41717777202879225
3.25,attitude_only,8.154149456972694e-19,6.030435068952603e-18,-5.463387949732183e-18,1.0,0.0,0.0,0.0,1.0,1.6308298913945388e-18,1.2060870137905206e-17,-1.0926775899464367e-17,0.0,0.0,0.0,1.0900426614149105e-17,4.2256143918601534e-17,-1.590705492513611e-17,-1.4787764722789758e-20,-6.300396025879585e-20,0.0,0.034127142,0.034127142,0.0085317855,0.0085317855,0.0085317855,0.0085317855,533.2849613480583,533.2849613480583,533.2849613480583,533.2849613480583,-2.5225821519793596,1.0199706000001014,4.315000825074934e-19,-5.75418793797681e-20,0.3884242225028941
3.26,attitude_only,8.725663796670274e-19,6.23831539090957e-18,-5.542923224357866e-18,1.0,0.0,0.0,0.0,1.0,1.7451327593340548e-18,1.247663078181914e-17,-1.1085846448715732e-17,0.0,0.0,0.0,1.1878433295729861e-17,4.007701300118778e-17,-1.5907054925136197e-17,-1.6080157073643958e-20,-6.078977328791122e-20,0.0,0.034127142,0.034127142,0.0085317855,0.0085317855,0.0085317855,0.0085317855,533.2849613480583,533.2849613480583,533.2849613480583,533.2849613480583,-2.610775382101464,1.0199706000001014,4.55663396940082e-19,-6.082978715094111e-20,0.3587887394769959
3.27,attitude_only,9.348867727618032e-19,6.434445625940635e-18,-5.62245849898355e-18,1.0,0.0,0.0,0.0,1.0,1.8697735455236064e-18,1.286889125188127e-17,-1.12449169979671e-17,0.0,0.0,0.0,1.2959591804331916e-17,3.790517505174609e-17,-1.5907054925136258e-17,-1.7507143202009748e-20,-5.856261949909865e-20,0.0,0.034127142,0.034127142,0.0085317855,0.0085317855,0.0085317855,0.0085317855,533.2849613480583,533.2849613480583,533.2849613480583,533.2849613480583,-2.6989686361991208,1.0199706000001014,4.809320798164654e-19,-6.431592364126231e-20,0.32827132295109773
3.2800000000000002,attitude_only,1.0029248946998067e-18,6.618838890275044e-18,-5.701993773609232e-18,1.0,0.0,0.0,0.0,1.0,2.0058497893996134e-18,1.3237677780550088e-17,-1.1403987547218465e-17,0.0,0.0,0.0,1.4156129490445454e-17,3.57284032290398e-17,-1.5907054925136246e-17,-1.908454972025045e-20,-5.630777734414152e-20,0.0,0.034127142,0.034127142,0.0085317855,0.0085317855,0.0085317855,0.0085317855,533.2849613480583,533.2849613480583,533.2849613480583,533.2849613480583,-2.7871619094772466,1.0199706000001014,5.073581902140773e-19,-6.801546845452595e-20,0.2968719729251995
3.29,attitude_only,1.0772949452971005e-18,6.7932349777220604e-18,-5.781529048234916e-18,1.0,0.0,0.0,0.0,1.0,2.154589890594201e-18,1.3586469955444121e-17,-1.1563058096469833e-17,0.0,0.0,0.0,1.5481866266091025e-17,3.3556566029060385e-17,-1.59070549251363e-17,-2.0830252513686042e-20,-5.4037138364456816e-20,0.0,0.034127142,0.034127142,0.0085317855,0.0085317855,0.0085317855,0.0085317855,533.2849613480583,533.2849613480583,533.2849613480583,533.2849613480583,-2.875355198099775,1.0199706000001014,5.34991149334946e-19,-7.194508043368039e-20,0.2645906893993013
3.3,zero_thrust,1.1897214290169648e-18,7.252277089685775e-18,-5.8610643228605996e-18,1.0,0.0,0.0,0.0,1.0,2.3794428580339295e-18,1.450455417937155e-17,-1.1722128645721199e-17,0.0,0.0,0.0,3.8674991300148445e-17,2.357909462509864e-16,-1.5907054925136184e-17,0.0,0.0,0.0,0.0,0.0,0.0,0.0,0.0,0.0,0.0,0.0,0.0,0.0,-3.1293645841272753,1.0199706000001014,5.638605275454035e-19,-7.612306541899687e-20,0.23142747237340308
3.31,zero_thrust,1.4135089048615713e-18,8.618701278177358e-18,-5.953981927836392e-18,1.0,0.0,0.0,0.0,1.0,2.8270178097231425e-18,1.7237402556354716e-17,-1.1907963855672784e-17,0.0,0.0,0.0,4.894165380582074e-17,2.9904948940950063e-16,-2.2846041032600253e-17,0.0,0.0,0.0,0.0,0.0,0.0,0.0,0.0,0.0,0.0,0.0,0.0,0.0,-3.015346738767882,1.0199706000001014,6.346036577244632e-19,-8.754493070234859e-20,0.20071616808543935
3.32,zero_thrust,1.664594647981309e-18,1.0152459833963897e-17,-5.986201247479006e-18,1.0,0.0,0.0,0.0,1.0,3.329189295962618e-18,2.0304919667927794e-17,-1.1972402494958012e-17,0.0,0.0,0.0,4.944096742978561e-17,3.0175667159120843e-16,4.656134762468548e-18,0.0,0.0,0.0,0.0,0.0,0.0,0.0,0.0,0.0,0.0,0.0,0.0,0.0,-2.633262165168399,1.0199706000001014,1.0242221030391413e-18,-1.5125784432738642e-19,0.1896669293777349
3.33,zero_thrust,1.8908435678888437e-18,1.153063706516897e-17,-5.980020218002915e-18,1.0,0.0,0.0,0.0,1.0,3.781687135777687e-18,2.306127413033794e-17,-1.196004043600583e-17,0.0,0.0,0.0,4.116884130916463e-17,2.5020577367366873e-16,-1.7872094801765367e-18,0.0,0.0,0.0,0.0,0.0,0.0,0.0,0.0,0.0,0.0,0.0,0.0,0.0,-1.8410213383858325,1.0199706000001014,1.87583131773139e-18,-2.908088065857307e-19,0.20294634906517955
3.34,zero_thrust,2.0923123783141048e-18,1.2761191676429365e-17,-6.00952540279378e-18,1.0,0.0,0.0,0.0,1.0,4.1846247566282095e-18,2.552238335285873e-17,-1.201905080558756e-17,0.0,0.0,0.0,3.960570858930951e-17,2.4932550697981903e-16,-8.230553722821658e-18,0.0,0.0,0.0,0.0,0.0,0.0,0.0,0.0,0.0,0.0,0.0,0.0,0.0,-0.8968883066925878,1.0199706000001014,3.0739731990057958e-18,-4.875187798320366e-19,0.23174278726598285
3.341,hover,2.3246398791139115e-18,1.4289390470176765e-17,-5.890198182048747e-18,1.0,0.0,0.0,0.0,1.0,4.649279758227823e-18,2.857878094035353e-17,-1.1780396364097493e-17,0.0,0.0,0.0,3.802127847619517e-17,2.59356282336214e-16,2.0326347960581684e-17,-4.791556844428723e-20,-3.2525615421537745e-19,-2.441194390065861e-20,0.34127141999999994,0.34127141999999994,0.08531785499999998,0.08531785499999998,0.08531785499999998,0.08531785499999998,1686.3951197747222,1686.3951197747222,1686.3951197747222,1686.3951197747222,0.013580858878442181,1.0199706000001014,4.3043896056741526e-18,-6.89540654142503e-19,0.2609864474352834
3.36,hover,2.4746862357851585e-18,1.534266181555317e-17,-5.802754761352503e-18,1.0,0.0,0.0,0.0,1.0,4.949372471570317e-18,3.068532363110634e-17,-1.1605509522705006e-17,0.0,0.0,0.0,3.7133825661490635e-17,2.6644614192514313e-16,3.575468792866308e-17,-4.7556167754210095e-20,-3.3882646241867003e-19,-4.3605290933000865e-20,0.34127141999999994,0.34127141999999994,0.08531785499999998,0.08531785499999998,0.08531785499999998,0.08531785499999998,1686.3951197747222,1686.3951197747222,1686.3951197747222,1686.3951197747222,0.7177626562928265,1.0199706000001014,5.5354168289739504e-18,-8.915682635697194e-19,0.2892623662028863
3.37,hover,2.6299297600003333e-18,1.669427153659747e-17,-5.526835516204691e-18,1.0,0.0,0.0,0.0,1.0,5.259859520000667e-18,3.338854307319494e-17,-1.1053671032409381e-17,0.0,0.0,0.0,2.5264557132921998e-17,2.7121925427638424e-16,6.351063235851927e-17,-3.3565691091256955e-20,-3.4726638978292323e-19,-7.75475305724135e-20,0.34127141999999994,0.34127141999999994,0.08531785499999998,0.08531785499999998,0.08531785499999998,0.08531785499999998,1686.3951197747222,1686.3951197747222,1686.3951197747222,1686.3951197747222,0.9647437241072405,1.0199706000001014,6.767997506493486e-18,-1.0937579401909763e-18,0.3165997181379953
3.38,hover,2.7555022982973916e-18,1.8073381158826345e-17,-5.154761749282021e-18,1.0,0.0,0.0,0.0,1.0,5.511004596594783e-18,3.614676231765269e-17,-1.0309523498564043e-17,0.0,0.0,0.0,2.5004736996055094e-17,2.802676481116604e-16,7.73886045734473e-17,-3.350395429697721e-20,-3.609271388663712e-19,-9.497498327606158e-20,0.34127141999999994,0.34127141999999994,0.08531785499999998,0.08531785499999997,0.08531785499999998,0.08531785499999998,1686.3951197747222,1686.395119774722,1686.3951197747222,1686.3951197747222,1.3033827944104859,1.0199706000001014,8.007943721990472e-18,-1.2967124025778865e-18,0.3431791088942294
3.39,hover,2.654660256646051e-18,1.925573967134e-17,-6.174208465540674e-18,1.0,0.0,0.0,0.0,1.0,5.309320513292102e-18,3.851147934268e-17,-1.2348416931081348e-17,0.0,0.0,0.0,-1.1574371798202397e-16,1.3441911864581305e-16,-5.406173238318909e-16,1.365516288565379e-19,-1.8725309469381255e-19,6.5203830404866335e-19,0.34127141999999994,0.34127141999999994,0.08531785499999996,0.08531785500000001,0.08531785499999996,0.08531785500000001,1686.395119774722,1686.3951197747224,1686.395119774722,1686.3951197747224,1.563699460024095,1.0199706000001014,9.263785202741312e-18,-1.5020422248747289e-18,0.36922877011901534
3.4,hover,5.513266917592088e-19,1.840222463794282e-17,-6.12985309963623e-18,1.0,0.0,0.0,0.0,1.0,1.1026533835184174e-18,3.680444927588564e-17,-1.225970619927246e-17,0.0,0.0,0.0,-6.548825550172141e-16,-4.1060738473095155e-16,9.998296617552845e-16,7.90067058848938e-19,4.708847832056143e-19,-1.2064963752734997e-18,0.34127141999999994,0.34127141999999994,0.08531785500000004,0.08531785499999994,0.08531785500000003,0.08531785499999993,1686.3951197747226,1686.3951197747217,1686.3951197747226,1686.3951197747217,1.7650151043527722,1.0199706000001014,1.053794055336276e-17,-1.7055742252754518e-18,0.3949315469356896
3.41,hover,-3.6028950588033555e-18,1.5436670988666082e-17,-8.676319669861708e-19,1.0,0.0,0.0,0.0,1.0,-7.205790117606711e-18,3.0873341977332163e-17,-1.7352639339723416e-18,0.0,0.0,0.0,-9.765430491256642e-16,-7.439669006575045e-16,-1.0843744338443878e-16,1.185825082270335e-18,8.78355871324053e-19,1.245085253280125e-19,0.34127141999999994,0.34127141999999994,0.08531785499999998,0.08531785500000001,0.08531785499999997,0.08531785499999997,1686.3951197747222,1686.3951197747224,1686.395119774722,1686.395119774722,1.9216747470741649,1.0199706000001014,1.1823618134749747e-17,-1.8948789897454223e-18,0.42041468011528754
3.42,hover,-9.006870503748609e-18,1.1240497759048579e-17,-2.2756549662766976e-18,1.0,0.0,0.0,0.0,1.0,-1.8013741007497218e-17,2.2480995518097157e-17,-4.551309932553395e-18,0.0,0.0,0.0,-1.0308159594932484e-15,-7.846110289415266e-16,7.711271217212867e-18,1.2612607343063683e-18,9.349749355542946e-19,-1.4947044906141595e-20,0.34127141999999994,0.34127141999999994,0.08531785499999998,0.085317855,0.08531785499999998,0.08531785499999997,1686.3951197747222,1686.3951197747224,1686.3951197747222,1686.395119774722,2.044273317127545,1.0199706000001014,1.3126179294806102e-17,-2.070525584475665e-18,0.44576135608869766
3.43,hover,-1.1568611008572281e-17,8.711547410827309e-18,-2.4642636678837363e-18,1.0,0.0,0.0,0.0,1.0,-2.3137222017144563e-17,1.7423094821654618e-17,-4.928527335767473e-18,0.0,0.0,0.0,4.545464245041916e-17,-1.0477352319582177e-16,-4.9008992508927665e-17,-3.0718534450536894e-20,1.202176638914072e-19,5.3607361490316324e-20,0.34127141999999994,0.34127141999999994,0.08531785499999998,0.08531785499999998,0.08531785499999998,0.08531785499999998,1686.3951197747222,1686.3951197747222,1686.3951197747222,1686.3951197747222,2.140676357944388,1.0199706000001014,1.445097685893688e-17,-2.2343960592110982e-18,0.4710242413008158
3.44,hover,-7.571041215917108e-18,1.193324737306232e-17,-4.94301137926328e-18,1.0,0.0,0.0,0.0,1.0,-1.5142082431834217e-17,2.386649474612464e-17,-9.88602275852656e-18,0.0,0.0,0.0,1.3468311698575751e-15,1.187333660231994e-15,-6.631499056524079e-16,-1.6058386790376994e-18,-1.4421842928242912e-18,7.972079563190165e-19,0.34127141999999994,0.34127141999999994,0.08531785499999996,0.085317855,0.08531785499999996,0.08531785500000004,1686.395119774722,1686.3951197747224,1686.395119774722,1686.3951197747226,2.216778121656804,1.0199706000001014,1.5817599728061852e-17,-2.4133766671005715e-18,0.49623609306587996
3.45,hover,9.674923979280624e-19,1.9745048308468202e-17,-1.4046296786020179e-18,1.0,0.0,0.0,0.0,1.0,1.934984795856125e-18,3.9490096616936403e-17,-2.8092593572040357e-18,0.0,0.0,0.0,1.88160430669765e-15,1.778364661457463e-15,2.0869839103793194e-15,-2.2663824863127662e-18,-2.169205140909429e-18,-2.52382246202285e-18,0.34127141999999994,0.34127141999999994,0.0853178550000001,0.08531785499999985,0.0853178550000001,0.08531785499999991,1686.3951197747233,1686.3951197747208,1686.3951197747233,1686.3951197747215,2.27704221539737,1.0199706000001014,1.7245600330052602e-17,-2.6173996006011243e-18,0.5214170789694769
3.46,hover,1.1407477908092382e-17,2.979313690251263e-17,3.8914998009458955e-18,1.0,0.0,0.0,0.0,1.0,2.2814955816184763e-17,5.958627380502526e-17,7.782999601891791e-18,0.0,0.0,0.0,2.2101250576644846e-15,2.145553233964186e-15,-1.5114962890613605e-16,-2.682708638049612e-18,-2.631286960257138e-18,1.6344928140875797e-19,0.34127141999999994,0.34127141999999994,0.08531785499999997,0.08531785499999996,0.08531785499999998,0.08531785500000003,1686.395119774722,1686.395119774722,1686.3951197747222,1686.3951197747226,2.3248830202471917,1.0199706000001014,1.8725577783580032e-17,-2.8349240230980816e-18,0.5465795413659411
3.47,hover,2.2589395277269384e-17,4.080092333139296e-17,8.913616298701512e-19,1.0,0.0,0.0,0.0,1.0,4.517879055453877e-17,8.160184666278592e-17,1.7827232597403044e-18,0.0,0.0,0.0,2.0722770084247185e-15,2.1522096044099794e-15,-3.3657643734191083e-16,-2.53801374904614e-18,-2.6607967008361902e-18,3.8932721590510687e-19,0.34127141999999994,0.34127141999999994,0.08531785499999997,0.08531785499999996,0.08531785499999997,0.08531785500000004,1686.395119774722,1686.395119774722,1686.395119774722,1686.3951197747226,2.3629357243469893,1.0199706000001014,2.0263740075534217e-17,-3.0731060923278855e-18,0.5717310067734035
3.48,hover,3.052256530860002e-17,5.0087392722352765e-17,2.0774431484617122e-18,1.0,0.0,0.0,0.0,1.0,6.104513061720004e-17,1.0017478544470553e-16,4.1548862969234276e-18,0.0,0.0,0.0,1.1724654247972406e-15,1.4936091718458844e-15,8.284254290484985e-16,-1.4699645029411391e-18,-1.885412273477735e-18,-1.016959278053869e-18,0.34127141999999994,0.34127141999999994,0.08531785500000003,0.08531785499999991,0.08531785500000003,0.08531785499999997,1686.3951197747226,1686.3951197747215,1686.3951197747226,1686.395119774722,2.3932495471226436,1.0199706000001014,2.1869290834631878e-17,-3.3379545919477133e-18,0.5968760551556556
3.49,hover,3.37566439624821e-17,5.497366966764382e-17,2.0069045481229105e-18,1.0,0.0,0.0,0.0,1.0,6.75132879249642e-17,1.0994733933528764e-16,4.013809096245825e-18,0.0,0.0,0.0,2.685617625828334e-16,6.021914084350623e-16,-1.4401936783268358e-15,-3.8796572590967895e-19,-8.217328714690994e-19,1.7197855875798007e-18,0.34127141999999994,0.34127141999999994,0.08531785499999991,0.08531785500000004,0.08531785499999991,0.08531785500000007,1686.3951197747215,1686.3951197747226,1686.3951197747215,1686.395119774723,2.41742793223462,1.0199706000001014,2.3540878260925574e-17,-3.623791225027348e-18,0.6220174698824814
3.5,hover,3.2587973554677656e-17,5.5504716672870815e-17,-3.3825180124005934e-18,1.0,0.0,0.0,0.0,1.0,6.517594710935531e-17,1.1100943334574163e-16,-6.765036024801183e-18,0.0,0.0,0.0,-6.127498051271184e-16,-2.629764159865982e-16,2.578767078094e-17,6.757356533935342e-19,2.190982819967591e-19,-3.9649908057339594e-20,0.34127141999999994,0.34127141999999994,0.08531785499999998,0.08531785499999998,0.08531785499999998,0.08531785499999997,1686.3951197747222,1686.3951197747222,1686.3951197747222,1686.395119774722,2.436731771527263,1.0199706000001014,2.5283020431788628e-17,-3.940149476258591e-18,0.6471569411694592
3.51,hover,2.8648248375691006e-17,5.336875719774719e-17,-2.766492480311295e-19,1.0,0.0,0.0,0.0,1.0,5.729649675138201e-17,1.0673751439549439e-16,-5.532984960622559e-19,0.0,0.0,0.0,-8.654758912994497e-16,-4.964302595725216e-16,4.49064832052516e-16,9.87661715713326e-19,5.042071968955923e-19,-5.520731499037558e-19,0.34127141999999994,0.34127141999999994,0.08531785500000001,0.08531785499999997,0.085317855,0.08531785499999996,1686.3951197747224,1686.395119774722,1686.3951197747224,1686.395119774722,2.4521564923521426,1.0199706000001014,2.710522858906801e-17,-4.293136223658221e-18,0.6722954949259753
3.52,hover,2.4606129945333016e-17,5.127359074530669e-17,-3.4469363690913578e-18,1.0,0.0,0.0,0.0,1.0,4.921225989066603e-17,1.0254718149061339e-16,-6.893872738182713e-18,0.0,0.0,0.0,-7.2871824532632e-16,-3.341215566598202e-16,-1.847113480909958e-15,8.308397229988337e-19,3.127779689669489e-19,2.221811960460313e-18,0.34127141999999994,0.34127141999999994,0.0853178549999999,0.08531785500000008,0.08531785499999989,0.08531785500000007,1686.3951197747213,1686.395119774723,1686.3951197747213,1686.395119774723,2.464490368770702,1.0199706000001014,2.9024612012145973e-17,-4.6961752922908684e-18,0.6974337536704253
3.5300000000000002,hover,2.1487600987080514e-17,5.012286156220618e-17,-9.47833035031123e-18,1.0,0.0,0.0,0.0,1.0,4.297520197416103e-17,1.0024572312441236e-16,-1.8956660700622457e-17,0.0,0.0,0.0,-5.431622975784805e-16,-1.4684923664970882e-16,2.2363461381912907e-16,6.136042086772113e-19,8.951967732131239e-20,-2.6532209935278284e-19,0.34127141999999994,0.34127141999999994,0.085317855,0.08531785499999998,0.085317855,0.08531785499999997,1686.3951197747224,1686.3951197747222,1686.3951197747224,1686.395119774722,2.4743591232019826,1.0199706000001014,3.1051469480907264e-17,-5.155952721950279e-18,0.7225720950796969
3.54,hover,1.9142700989049782e-17,4.982257876535969e-17,-1.0414483223699e-17,1.0,0.0,0.0,0.0,1.0,3.8285401978099564e-17,9.964515753071938e-17,-2.0828966447397998e-17,0.0,0.0,0.0,-3.488085785557089e-16,5.967860480836321e-17,-1.3672582276834028e-15,3.8386783163544246e-19,-1.5891051847645765e-19,1.6574218927270891e-18,0.34127141999999994,0.34127141999999994,0.08531785499999991,0.08531785500000005,0.08531785499999991,0.08531785500000005,1686.3951197747215,1686.3951197747228,1686.3951197747215,1686.3951197747228,2.4822603622343427,1.0199706000001014,3.318407328620463e-17,-5.667529703792951e-18,0.7477107482633342
3.55,hover,1.844568479514224e-17,5.118401510020872e-17,-1.2882997107719451e-17,1.0,0.0,0.0,0.0,1.0,3.689136959028448e-17,1.0236803020041744e-16,-2.57659942154389e-17,0.0,0.0,0.0,9.9095280201776e-18,4.24253766828881e-16,9.795775570374939e-16,-4.6692991535823097e-20,-6.006432505693677e-19,-1.1685768245083615e-18,0.34127141999999994,0.34127141999999994,0.08531785500000004,0.08531785499999993,0.08531785500000003,0.08531785499999994,1686.3951197747226,1686.3951197747217,1686.3951197747226,1686.3951197747217,2.4885903684585475,1.0199706000001014,3.542216354023474e-17,-6.226381239179981e-18,0.7728498521968873
3.56,hover,1.906834883045409e-17,5.3851214408702633e-17,-1.1525774493848783e-17,1.0,0.0,0.0,0.0,1.0,3.813669766090818e-17,1.0770242881740527e-16,-2.3051548987697563e-17,0.0,0.0,0.0,2.303353833927329e-16,6.34043787210274e-16,-7.797097861585407e-16,-3.135073718168168e-19,-8.587317128991422e-19,9.503650851884653e-19,0.34127141999999994,0.34127141999999994,0.08531785499999994,0.08531785500000001,0.08531785499999994,0.08531785500000004,1686.3951197747217,1686.3951197747224,1686.3951197747217,1686.3951197747226,2.4936650743948117,1.0199706000001014,3.777091030348495e-17,-6.834035522224395e-18,0.7979894911782865
3.5700000000000003,hover,2.0848373133344394e-17,5.771655543929542e-17,-1.3615470853341214e-17,1.0,0.0,0.0,0.0,1.0,4.169674626668879e-17,1.1543311087859084e-16,-2.7230941706682426e-17,0.0,0.0,0.0,4.573037506463399e-16,8.786178410755889e-16,8.1932035052860495e-16,-5.904424500276088e-19,-1.161006755948276e-18,-9.766642823413955e-19,0.34127141999999994,0.34127141999999994,0.08531785500000003,0.08531785499999993,0.08531785500000003,0.08531785499999996,1686.3951197747226,1686.3951197747217,1686.3951197747226,1686.395119774722,2.4977365627231127,1.0199706000001014,4.022994602917086e-17,-7.486320113016282e-18,0.8231297163386503
3.58,hover,2.3759461076256496e-17,6.271723660568245e-17,-1.1298089607428232e-17,1.0,0.0,0.0,0.0,1.0,4.751892215251299e-17,1.254344732113649e-16,-2.259617921485646e-17,0.0,0.0,0.0,6.706092723597797e-16,1.0893876943622621e-15,-7.644188416003695e-16,-8.531151688073341e-19,-1.4248244568359062e-18,9.31466936629377e-19,0.34127141999999994,0.34127141999999994,0.08531785499999996,0.08531785500000001,0.08531785499999994,0.08531785500000004,1686.395119774722,1686.3951197747224,1686.3951197747217,1686.3951197747226,2.5010060972304045,1.0199706000001014,4.280594612516063e-17,-8.185304676107807e-18,0.8482705586912455
3.59,hover,2.7343298630160555e-17,6.847297901635107e-17,-1.36574228385938e-17,1.0,0.0,0.0,0.0,1.0,5.468659726032111e-17,1.3694595803270214e-16,-2.7314845677187595e-17,0.0,0.0,0.0,7.462380969854864e-16,1.2042745834497723e-15,7.696425313728555e-16,-9.513321393280367e-19,-1.5747314695754158e-18,-9.17103136252221e-19,0.34127141999999994,0.34127141999999994,0.08531785500000003,0.08531785499999993,0.08531785500000001,0.08531785499999997,1686.3951197747226,1686.3951197747217,1686.3951197747224,1686.395119774722,2.5036344448957966,1.0199706000001014,4.550617682852309e-17,-8.934624803904083e-18,0.8734120370468186
3.6,hover,3.1447693506673864e-17,7.488771776396e-17,-1.2592037479982007e-17,1.0,0.0,0.0,0.0,1.0,6.289538701334773e-17,1.4977543552792e-16,-2.5184074959964008e-17,0.0,0.0,0.0,8.843995417009925e-16,1.3463682351903225e-15,-1.062729543358758e-15,-1.1259698684036542e-18,-1.7587075340159795e-18,1.2923706488593028e-18,0.34127141999999994,0.34127141999999994,0.08531785499999993,0.08531785500000001,0.08531785499999993,0.08531785500000005,1686.3951197747217,1686.3951197747224,1686.3951197747217,1686.3951197747228,2.5057500712753624,1.0199706000001014,4.833835904521795e-17,-9.736765119007796e-18,0.8985541628147554
3.61,hover,3.616955236565343e-17,8.186312304913138e-17,-1.3995536606590036e-17,1.0,0.0,0.0,0.0,1.0,7.233910473130686e-17,1.6372624609826276e-16,-2.7991073213180065e-17,0.0,0.0,0.0,1.0042705377941368e-15,1.454180134942648e-15,5.484779937408406e-16,-1.2798577690933685e-18,-1.902623615068196e-18,-6.465631755976237e-19,0.34127141999999994,0.34127141999999994,0.08531785500000001,0.08531785499999993,0.08531785500000001,0.08531785499999998,1686.3951197747224,1686.3951197747217,1686.3951197747224,1686.3951197747222,2.507455659029814,1.0199706000001014,5.1314369907451484e-17,-1.0599885884230904e-17,0.9236969429152322
3.62,hover,4.1414980876387674e-17,8.935164425316872e-17,-1.3828065928513594e-17,1.0,0.0,0.0,0.0,1.0,8.282996175277535e-17,1.7870328850633743e-16,-2.765613185702718e-17,0.0,0.0,0.0,1.0164400954767968e-15,1.4622202234670033e-15,-1.0870911659146531e-15,-1.3046256392673287e-18,-1.9268939235320932e-18,1.3269907276481155e-18,0.34127141999999994,0.34127141999999994,0.08531785499999993,0.08531785500000001,0.08531785499999993,0.08531785500000007,1686.3951197747217,1686.3951197747224,1686.3951197747217,1686.395119774723,2.508833299830415,1.0199706000001014,5.4446637926996e-17,-1.1532682878129954e-17,0.9488403815455598
3.63,hover,4.5590521982661225e-17,9.574039836995072e-17,-1.7549141538158982e-17,1.0,0.0,0.0,0.0,1.0,9.118104396532245e-17,1.9148079673990144e-16,-3.509828307631796e-17,0.0,0.0,0.0,6.78730607146914e-16,1.1180333380425337e-15,4.023075096789051e-16,-9.061615593429384e-19,-1.5250499944031548e-18,-4.643107581609432e-19,0.34127141999999994,0.34127141999999994,0.08531785500000001,0.08531785499999994,0.085317855,0.08531785499999998,1686.3951197747224,1686.3951197747217,1686.3951197747224,1686.3951197747222,2.5099486339839685,1.0199706000001014,5.774558488584184e-17,-1.25408170592161e-17,0.9739844812515411
3.64,hover,4.776821956056394e-17,1.0015501817179434e-16,-1.4496137310290126e-17,1.0,0.0,0.0,0.0,1.0,9.553643912112788e-17,2.0031003634358867e-16,-2.899227462058024e-17,0.0,0.0,0.0,1.9811982396355338e-16,6.489763933175968e-16,-4.417472281981908e-16,-3.314098177625413e-19,-9.686714246664068e-19,5.529723995735537e-19,0.34127141999999994,0.34127141999999994,0.08531785499999997,0.085317855,0.08531785499999996,0.08531785500000001,1686.395119774722,1686.3951197747224,1686.395119774722,1686.3951197747224,2.5108541537020463,1.0199706000001014,6.121377998516096e-17,-1.3622632990764694e-17,0.9991292435772853
3.65,hover,4.734340421924062e-17,1.0198448357590158e-16,-1.451137846105263e-17,1.0,0.0,0.0,0.0,1.0,9.468680843848124e-17,2.0396896715180316e-16,-2.902275692210525e-17,0.0,0.0,0.0,-2.0445417990291584e-16,2.4122963681983594e-16,1.2384853889078832e-15,1.5372352867625084e-19,-4.81787613237292e-19,-1.4756915948428135e-18,0.34127141999999994,0.34127141999999994,0.08531785500000005,0.08531785499999991,0.08531785500000004,0.08531785499999993,1686.3951197747228,1686.3951197747215,1686.3951197747226,1686.3951197747217,2.511591840602784,1.0199706000001014,6.485729832062488e-17,-1.477929889476995e-17,1.024274669459342
3.66,hover,4.5528979710127615e-17,1.0237786950918748e-16,-1.0887059550761512e-17,1.0,0.0,0.0,0.0,1.0,9.105795942025523e-17,2.0475573901837497e-16,-2.1774119101523015e-17,0.0,0.0,0.0,-4.301695238763433e-16,8.158688060150055e-18,-4.923790806509329e-16,4.2888363668312725e-19,-2.0218406160627052e-19,6.062695594342752e-19,0.34127141999999994,0.34127141999999994,0.08531785499999997,0.08531785500000001,0.08531785499999996,0.08531785500000001,1686.395119774722,1686.3951197747224,1686.395119774722,1686.3951197747224,2.5121952726105357,1.0199706000001014,6.868333617427248e-17,-1.6014190455709973e-17,1.049420759465758
3.67,hover,4.3279764543014594e-17,1.023164686975673e-16,-9.39103712176404e-18,1.0,0.0,0.0,0.0,1.0,8.655952908602919e-17,2.046329373951346e-16,-1.878207424352807e-17,0.0,0.0,0.0,-4.504442368807782e-16,-1.4941582603413653e-17,1.6332885381392353e-15,4.577177346572568e-19,-1.7431432098395993e-19,-1.9608644684953184e-18,0.34127141999999994,0.34127141999999994,0.08531785500000007,0.0853178549999999,0.08531785500000007,0.0853178549999999,1686.395119774723,1686.3951197747213,1686.395119774723,1686.3951197747213,2.5126913075946904,1.0199706000001014,7.270276625645221e-17,-1.733377207811133e-17,1.0745675139410706
3.68,hover,4.0933778489599065e-17,1.0215045077289168e-16,-4.300473286610983e-18,1.0,0.0,0.0,0.0,1.0,8.186755697919813e-17,2.0430090154578337e-16,-8.600946573221958e-18,0.0,0.0,0.0,-4.915270220454504e-16,-5.0980118982491146e-17,-3.593433806607791e-16,5.119323470753181e-19,-1.3055827613924204e-19,4.338872678713065e-19,0.34127141999999994,0.34127141999999994,0.08531785499999997,0.08531785500000001,0.08531785499999996,0.085317855,1686.395119774722,1686.3951197747224,1686.395119774722,1686.3951197747224,2.513101429139398,1.0199706000001014,7.692149389938243e-17,-1.8739607106678664e-17,1.0997149330942535
3.692,attitude_only,3.5482683722980574e-17,1.0153005795532294e-16,8.393708167312031e-18,1.0,0.0,0.0,0.0,1.0,7.096536744596115e-17,2.0306011591064589e-16,1.6787416334624068e-17,0.0,0.0,0.0,-4.409843134502127e-16,2.0806452393728563e-18,3.802908884590646e-15,4.565729085224355e-19,-1.9425616094835129e-19,2.6752110783716133e-21,0.034127142,0.034127142,0.008531785500000005,0.008531785500000002,0.008531785499999995,0.008531785499999998,533.2849613480585,533.2849613480583,533.2849613480581,533.2849613480582,2.27519781655153,1.0199706000001014,8.133983679472199e-17,-2.0227463121848783e-17,1.1248630170520542
3.71,attitude_only,3.364259649471653e-17,1.014920863653839e-16,2.6551641652206937e-17,1.0,0.0,0.0,0.0,1.0,6.728519298943307e-17,2.029841727307678e-16,5.310328330441388e-17,0.0,0.0,0.0,-4.475739689031616e-16,9.4277917597992e-18,4.666409322534e-15,4.725368265062308e-19,-2.0324243702453929e-19,2.6752110783716133e-21,0.034127142,0.034127142,0.008531785500000005,0.008531785500000002,0.008531785499999995,0.008531785499999998,533.2849613480585,533.2849613480583,533.2849613480581,533.2849613480582,6.318240209126255,1.0199706000001014,9.077568003477975e-17,-2.3432571814858534e-17,1.1751611796587684
3.72,attitude_only,3.1283711151789705e-17,1.0144309971916205e-16,5.19797854671403e-17,1.0,0.0,0.0,0.0,1.0,6.256742230357942e-17,2.028861994383241e-16,1.0395957093428062e-16,0.0,0.0,0.0,-4.969099148184171e-16,-3.2979883927657205e-17,5.207761262693912e-15,5.367090607527217e-19,-1.5202342736031502e-19,2.6752110783716133e-21,0.034127142,0.034127142,0.008531785500000005,0.008531785500000003,0.008531785499999995,0.008531785499999996,533.2849613480585,533.2849613480585,533.2849613480581,533.2849613480582,5.412936139646255,1.0199706000001014,9.578080987788825e-17,-2.5137260999675176e-17,1.2002452577229363
3.73,attitude_only,2.881566502356447e-17,1.0128898453776632e-16,7.818165398900033e-17,1.0,0.0,0.0,0.0,1.0,5.763133004712895e-17,2.0257796907553265e-16,1.5636330797800066e-16,0.0,0.0,0.0,-4.99612044174157e-16,-3.468315215351505e-17,5.22363766290779e-15,5.449477364213512e-19,-1.4963267396775045e-19,2.6752110783716133e-21,0.034127142,0.034127142,0.008531785500000005,0.008531785500000003,0.008531785499999995,0.008531785499999996,533.2849613480585,533.2849613480585,533.2849613480581,533.2849613480582,4.826268391551167,1.0199706000001014,1.0092575623594583e-16,-2.6886460171969434e-17,1.225041231714644
3.74,attitude_only,2.6283636293788763e-17,1.0107458475745134e-16,1.0501552933066313e-16,1.0,0.0,0.0,0.0,1.0,5.2567272587577545e-17,2.0214916951490267e-16,2.1003105866132626e-16,0.0,0.0,0.0,-5.09126465922645e-16,-4.71590792373281e-17,5.206651024916718e-15,5.614563071787633e-19,-1.341899706748015e-19,2.6752110783716133e-21,0.034127142,0.034127142,0.008531785500000005,0.008531785500000003,0.008531785499999995,0.008531785499999996,533.2849613480585,533.2849613480585,533.2849613480581,533.2849613480582,4.347614640076229,1.0199706000001014,1.0617440092591822e-16,-2.8666384805016107e-17,1.2493712280564093
3.75,attitude_only,2.3801287574150847e-17,1.0089630178417094e-16,1.302123471744482e-16,1.0,0.0,0.0,0.0,1.0,4.760257514830172e-17,2.0179260356834187e-16,2.604246943488964e-16,0.0,0.0,0.0,-4.912891586755774e-16,-3.104719248588931e-17,4.875395723551141e-15,5.449644300690379e-19,-1.5321376285166916e-19,2.6752110783716133e-21,0.034127142,0.034127142,0.008531785500000005,0.008531785500000003,0.008531785499999995,0.008531785499999996,533.2849613480585,533.2849613480585,533.2849613480581,533.2849613480582,3.952967600062132,1.0199706000001014,1.115025127267128e-16,-3.0468127654641226e-17,1.2731150224564662
3.76,attitude_only,2.1296031281357392e-17,1.0073184085113412e-16,1.5433142548683155e-16,1.0,0.0,0.0,0.0,1.0,4.2592062562714815e-17,2.0146368170226823e-16,3.086628509736631e-16,0.0,0.0,0.0,-5.101984433796479e-16,-3.8284668656220845e-17,4.888631343909262e-15,5.727575561477189e-19,-1.4414594476070912e-19,2.6752110783716133e-21,0.034127142,0.034127142,0.008531785500000005,0.008531785500000003,0.008531785499999995,0.008531785499999996,533.2849613480585,533.2849613480585,533.2849613480581,533.2849613480582,3.62387534995768,1.0199706000001014,1.1689398488926985e-16,-3.228606937319243e-17,1.2961900859518645
3.77,attitude_only,1.877898154286082e-17,1.0057150264490469e-16,1.7803075263416958e-16,1.0,0.0,0.0,0.0,1.0,3.7557963085721676e-17,2.0114300528980938e-16,3.5606150526833916e-16,0.0,0.0,0.0,-4.958776388675398e-16,-2.778291579807974e-17,4.570687000465259e-15,5.605313671218647e-19,-1.5647021903249761e-19,2.6752110783716133e-21,0.034127142,0.034127142,0.008531785500000005,0.008531785500000003,0.008531785499999995,0.008531785499999996,533.2849613480585,533.2849613480585,533.2849613480581,533.2849613480582,3.346076131119751,1.0199706000001014,1.223364196587277e-16,-3.4115170544260364e-17,1.3185388785095453
3.7800000000000002,attitude_only,1.6295546299756836e-17,1.0041523648607387e-16,2.0007326005119588e-16,1.0,0.0,0.0,0.0,1.0,3.2591092599513716e-17,2.0083047297214774e-16,4.0014652010239177e-16,0.0,0.0,0.0,-4.929932469861918e-16,-3.2582231128215163e-17,4.3218946100007846e-15,5.620000293341091e-19,-1.5038521832505297e-19,2.6752110783716133e-21,0.034127142,0.034127142,0.008531785500000005,0.008531785500000003,0.008531785499999995,0.008531785499999996,533.2849613480585,533.2849613480585,533.2849613480581,533.2849613480582,3.108496775389334,1.0199706000001014,1.2782197936436373e-16,-3.5953233668874014e-17,1.3401206720342225
3.79,attitude_only,1.3849566232322629e-17,1.0026405198373256e-16,2.2105059146680985e-16,1.0,0.0,0.0,0.0,1.0,2.76991324646453e-17,2.005281039674651e-16,4.421011829336197e-16,0.0,0.0,0.0,-4.853712823085544e-16,-3.15057565287072e-17,4.1784300809452355e-15,5.577073845440296e-19,-1.5136193027917544e-19,2.6752110783716133e-21,0.034127142,0.034127142,0.008531785500000005,0.008531785500000003,0.008531785499999995,0.008531785499999996,533.2849613480585,533.2849613480585,533.2849613480581,533.2849613480582,2.9025084716661222,1.0199706000001014,1.3334438609128453e-16,-3.779798815725414e-17,1.3609062246019548
3.8,attitude_only,1.1469323301262475e-17,1.0010901919318336e-16,2.419349047823694e-16,1.0,0.0,0.0,0.0,1.0,2.2938646602525e-17,2.002180383863667e-16,4.838698095647388e-16,0.0,0.0,0.0,-4.657026437782237e-16,-2.5241396981607254e-17,4.177438797215597e-15,5.38762044745415e-19,-1.5862674776587936e-19,2.6752110783716133e-21,0.034127142,0.034127142,0.008531785500000005,0.008531785500000003,0.008531785499999995,0.008531785499999996,533.2849613480585,533.2849613480585,533.2849613480581,533.2849613480582,2.721367586214339,1.0199706000001014,1.3889940837485878e-16,-3.9647996470608636e-17,1.3808742650460264
3.81,attitude_only,9.099193737970037e-18,9.990273403427361e-17,2.6282012809639287e-16,1.0,0.0,0.0,0.0,1.0,1.8198387475940127e-17,1.9980546806854723e-16,5.256402561927857e-16,0.0,0.0,0.0,-4.747397547806789e-16,-5.264342486490565e-17,4.174429259812417e-15,5.54353975496168e-19,-1.252178800572722e-19,2.6752110783716133e-21,0.034127142,0.034127142,0.008531785500000005,0.008531785500000003,0.008531785499999995,0.008531785499999996,533.2849613480585,533.2849613480585,533.2849613480581,533.2849613480582,2.5597915411943264,1.0199706000001014,1.4448392077856202e-16,-4.15023683893854e-17,1.4000091386571696
3.8200000000000003,attitude_only,6.682722425395518e-18,9.953674573944928e-17,2.8368797569356143e-16,1.0,0.0,0.0,0.0,1.0,1.3365444850791093e-17,1.9907349147889855e-16,5.673759513871229e-16,0.0,0.0,0.0,-4.916968798593012e-16,-9.100617025757053e-17,4.1726826178807955e-15,5.796194943891079e-19,-7.827252388349864e-20,2.6752110783716133e-21,0.034127142,0.034127142,0.008531785500000005,0.008531785500000003,0.008531785499999995,0.008531785499999996,533.2849613480585,533.2849613480585,533.2849613480581,533.2849613480582,2.4136345850541154,1.0199706000001014,1.5009463837795418e-16,-4.3359347230393545e-17,1.4182992062621027
3.83,attitude_only,4.183257275489251e-18,9.899311320343356e-17,3.045367713130881e-16,1.0,0.0,0.0,0.0,1.0,8.366514550978562e-18,1.9798622640686711e-16,6.090735426261762e-16,0.0,0.0,0.0,-5.042490389424725e-16,-1.2294740347519839e-16,4.1699209014100245e-15,5.997245756783381e-19,-3.871356998759325e-20,2.6752110783716133e-21,0.034127142,0.034127142,0.008531785500000005,0.008531785500000005,0.008531785499999995,0.008531785499999996,533.2849613480585,533.2849613480585,533.2849613480581,533.2849613480582,2.2796383129844817,1.0199706000001014,1.5572941812747202e-16,-4.5217952838649775e-17,1.4357357385091618
3.84,attitude_only,1.6269710683193911e-18,9.832570589592286e-17,3.2537769812236904e-16,1.0,0.0,0.0,0.0,1.0,3.2539421366388462e-18,1.9665141179184572e-16,6.507553962447381e-16,0.0,0.0,0.0,-5.170600656025561e-16,-1.4410749883945825e-16,4.167412953574042e-15,6.202684083264638e-19,-1.1880380562086844e-20,2.6752110783716133e-21,0.034127142,0.034127142,0.008531785500000005,0.008531785500000005,0.008531785499999995,0.008531785499999995,533.2849613480585,533.2849613480585,533.2849613480581,533.2849613480581,2.1552386863877677,1.0199706000001014,1.613869212858761e-16,-4.707743587205636e-17,1.4523121403091706
3.85,attitude_only,-9.874837050466748e-19,9.758339204527733e-17,3.4620722417747536e-16,1.0,0.0,0.0,0.0,1.0,-1.9749674100932822e-18,1.9516678409055467e-16,6.924144483549507e-16,0.0,0.0,0.0,-5.319883872461418e-16,-1.602635324886826e-16,4.165090871437366e-15,6.435022781712283e-19,9.10949514186923e-21,2.6752110783716133e-21,0.034127142,0.034127142,0.008531785500000005,0.008531785500000005,0.008531785499999995,0.008531785499999995,533.2849613480585,533.2849613480585,533.2849613480581,533.2849613480581,2.0384161175563853,1.0199706000001014,1.6706636345844318e-16,-4.893726507920257e-17,1.4680233987314795
3.8600000000000003,attitude_only,-3.7549465878585925e-18,9.667919113806444e-17,3.670327214076835e-16,1.0,0.0,0.0,0.0,1.0,-7.509893175717114e-18,1.933583822761289e-16,7.34065442815367e-16,0.0,0.0,0.0,-5.660209332008553e-16,-1.956844016716298e-16,4.164713192336375e-15,6.900015426488931e-19,5.357138217812219e-20,2.6752110783716133e-21,0.034127142,0.034127142,0.008531785500000005,0.008531785500000005,0.008531785499999995,0.008531785499999995,533.2849613480585,533.2849613480585,533.2849613480581,533.2849613480581,1.9275786095190715,1.0199706000001014,1.7276696468280675e-16,-5.0796647736750433e-17,1.482865684505178
3.87,attitude_only,-6.64337101434983e-18,9.561899061957032e-17,3.87850763440782e-16,1.0,0.0,0.0,0.0,1.0,-1.3286742028699585e-17,1.9123798123914064e-16,7.75701526881564e-16,0.0,0.0,0.0,-5.895879723005704e-16,-2.315776196513822e-16,4.163122677592171e-15,7.241778692915568e-19,9.895901995033885e-20,2.6752110783716133e-21,0.034127142,0.034127142,0.008531785500000005,0.008531785500000007,0.008531785499999995,0.008531785499999993,533.2849613480585,533.2849613480586,533.2849613480581,533.2849613480581,1.8214704127445083,1.0199706000001014,1.7848734142449236e-16,-5.26544027067226e-17,1.4968360607616402
3.88,attitude_only,-9.576100670441196e-18,9.440387132678378e-17,4.0866416378781647e-16,1.0,0.0,0.0,0.0,1.0,-1.9152201340882315e-17,1.8880774265356757e-16,8.173283275756329e-16,0.0,0.0,0.0,-5.864129056934798e-16,-2.5724186645084007e-16,4.1617609015685795e-15,7.262319184199828e-19,1.3232853477419666e-19,2.6752110783716133e-21,0.034127142,0.034127142,0.008531785500000005,0.008531785500000007,0.008531785499999995,0.008531785499999993,533.2849613480585,533.2849613480586,533.2849613480581,533.2849613480581,1.7191004706411275,1.0199706000001014,1.842270088775074e-16,-5.45104902366445e-17,1.509932267783916
3.89,attitude_only,-1.259945719274064e-17,9.302403008890455e-17,4.2946278954650247e-16,1.0,0.0,0.0,0.0,1.0,-2.51989143854812e-17,1.860480601778091e-16,8.589255790930049e-16,0.0,0.0,0.0,-6.087014776901203e-16,-2.8462299482735634e-16,4.159291118156188e-15,7.590652195928528e-19,1.680321187742898e-19,2.6752110783716133e-21,0.034127142,0.034127142,0.008531785500000005,0.008531785500000007,0.008531785499999995,0.008531785499999993,533.2849613480585,533.2849613480586,533.2849613480581,533.2849613480581,1.6196862687059834,1.0199706000001014,1.8998536301337582e-16,-5.63647091718526e-17,1.5221525623935703
3.9,attitude_only,-1.5648769122090758e-17,9.154016706577625e-17,4.502546367831348e-16,1.0,0.0,0.0,0.0,1.0,-3.1297538244181436e-17,1.8308033413155252e-16,9.005092735662696e-16,0.0,0.0,0.0,-6.084450465091719e-16,-3.047680102164899e-16,4.158390412977346e-15,7.648419526408063e-19,1.952538173434149e-19,2.6752110783716133e-21,0.034127142,0.034127142,0.008531785500000003,0.008531785500000007,0.008531785499999995,0.008531785499999993,533.2849613480585,533.2849613480586,533.2849613480581,533.2849613480581,1.5226097096016484,1.0199706000001014,1.9576201458276553e-16,-5.821604708652326e-17,1.5334955971254132
3.91,attitude_only,-1.874350891757253e-17,8.991291126545855e-17,4.710476253590714e-16,1.0,0.0,0.0,0.0,1.0,-3.7487017835144974e-17,1.7982582253091713e-16,9.420952507181428e-16,0.0,0.0,0.0,-6.273738432954736e-16,-3.429484579800062e-16,4.1590587860320545e-15,7.938302472173232e-19,2.4449983923943457e-19,2.6752110783716133e-21,0.034127142,0.034127142,0.008531785500000003,0.008531785500000008,0.008531785499999996,0.008531785499999991,533.2849613480585,533.2849613480586,533.2849613480582,533.284961348058,1.4273823994277735,1.0199706000001014,2.015568147076515e-16,-6.006461135798509e-17,1.5439603287127361
3.92,attitude_only,-2.1913445690611392e-17,8.807700038105914e-17,4.918469563541759e-16,1.0,0.0,0.0,0.0,1.0,-4.38268913812227e-17,1.761540007621183e-16,9.836939127083519e-16,0.0,0.0,0.0,-6.3230672925838645e-16,-3.821225684320762e-16,4.161819263398163e-15,8.060727776654023e-19,2.953299974662392e-19,2.6752110783716133e-21,0.034127142,0.034127142,0.008531785500000003,0.008531785500000008,0.008531785499999996,0.008531785499999991,533.2849613480585,533.2849613480586,533.2849613480582,533.284961348058,1.3336183129445573,1.0199706000001014,2.0736861742666885e-16,-6.190910874082565e-17,1.5535459483828529
3.93,attitude_only,-2.5092991290391877e-17,8.612105159383356e-17,5.126541038383319e-16,1.0,0.0,0.0,0.0,1.0,-5.018598258078367e-17,1.7224210318766714e-16,1.0253082076766638e-15,0.0,0.0,0.0,-6.334146937583413e-16,-3.9759383928784045e-16,4.1615500059551e-15,8.137364820029318e-19,3.1787146088603483e-19,2.6752110783716133e-21,0.034127142,0.034127142,0.008531785500000003,0.008531785500000008,0.008531785499999996,0.008531785499999991,533.2849613480585,533.2849613480586,533.2849613480582,533.284961348058,1.2410122531351553,1.0199706000001014,2.1319708317394618e-16,-6.374938510106275e-17,1.5622518285218285
3.94,attitude_only,-2.8274937279499646e-17,8.400788839386043e-17,5.334616108177279e-16,1.0,0.0,0.0,0.0,1.0,-5.65498745589992e-17,1.6801577678772089e-16,1.0669232216354558e-15,0.0,0.0,0.0,-6.40272642756851e-16,-4.386944013766294e-16,4.161772796973334e-15,8.283687472287117e-19,3.715790794063478e-19,2.6752110783716133e-21,0.034127142,0.034127142,0.008531785500000003,0.008531785500000008,0.008531785499999996,0.008531785499999991,533.2849613480585,533.2849613480586,533.2849613480582,533.284961348058,1.1493228663417907,1.0199706000001014,2.1904209813520532e-16,-6.558492204324405e-17,1.5700774817135117
3.95,attitude_only,-3.146395431082744e-17,8.177632374815301e-17,5.542792289221439e-16,1.0,0.0,0.0,0.0,1.0,-6.29279086216548e-17,1.6355264749630604e-16,1.1085584578442878e-15,0.0,0.0,0.0,-6.447232681060874e-16,-4.589826136203614e-16,4.164279505704654e-15,8.401567303288565e-19,4.0051476023502986e-19,2.6752110783716133e-21,0.034127142,0.034127142,0.008531785500000003,0.00853178550000001,0.008531785499999996,0.008531785499999991,533.2849613480585,533.2849613480586,533.2849613480582,533.284961348058,1.0583592425794317,1.0199706000001014,2.249029897232092e-16,-6.74152398057795e-17,1.5770225291888118
3.96,attitude_only,-3.471977475096018e-17,7.936790640293748e-17,5.751052456624704e-16,1.0,0.0,0.0,0.0,1.0,-6.943954950192027e-17,1.58735812805875e-16,1.1502104913249407e-15,0.0,0.0,0.0,-6.458059569894914e-16,-4.998010673318122e-16,4.1652519860210456e-15,8.47914016558836e-19,4.544949153620889e-19,2.6752110783716133e-21,0.034127142,0.034127142,0.008531785500000003,0.00853178550000001,0.008531785499999996,0.00853178549999999,533.2849613480585,533.2849613480586,533.2849613480582,533.284961348058,0.9679703396090547,1.0199706000001014,2.307795347617809e-16,-6.923947801995566e-17,1.5830866764660871
3.97,attitude_only,-3.7906766653270637e-17,7.677584223464654e-17,5.959363437231949e-16,1.0,0.0,0.0,0.0,1.0,-7.581353330654119e-17,1.5355168446929313e-16,1.1918726874463899e-15,0.0,0.0,0.0,-6.241863441681706e-16,-5.285194875430008e-16,4.166985772241797e-15,8.282123446149329e-19,4.942422144909453e-19,2.6752110783716133e-21,0.034127142,0.034127142,0.008531785500000002,0.00853178550000001,0.008531785499999996,0.00853178549999999,533.2849613480583,533.2849613480586,533.2849613480582,533.284961348058,0.8780366325356623,1.0199706000001014,2.3667070367871126e-16,-7.105707080622335e-17,1.5882696945085082
3.98,attitude_only,-4.100627864213402e-17,7.411108719951043e-17,6.16768451189555e-16,1.0,0.0,0.0,0.0,1.0,-8.201255728426795e-17,1.482221743990209e-16,1.23353690237911e-15,0.0,0.0,0.0,-6.183561426787824e-16,-5.402811481685181e-16,4.166943178019039e-15,8.2739966425445465e-19,5.137590187232511e-19,2.6752110783716133e-21,0.034127142,0.034127142,0.008531785500000002,0.00853178550000001,0.008531785499999998,0.00853178549999999,533.2849613480583,533.2849613480586,533.2849613480582,533.284961348058,0.788463518407017,1.0199706000001014,2.4257626525570115e-16,-7.286821732768284e-17,1.5925714051274324
3.99,attitude_only,-4.410956291472306e-17,7.138642100223816e-17,6.376029569429883e-16,1.0,0.0,0.0,0.0,1.0,-8.821912582944603e-17,1.4277284200447636e-16,1.2752059138859766e-15,0.0,0.0,0.0,-6.241343913905189e-16,-5.505786444426385e-16,4.16615670280123e-15,8.405749066224439e-19,5.316218006966222e-19,2.6752110783716133e-21,0.034127142,0.034127142,0.008531785500000002,0.00853178550000001,0.008531785499999998,0.00853178549999999,533.2849613480583,533.2849613480586,533.2849613480582,533.284961348058,0.6991761054142989,1.0199706000001014,2.484964199962921e-16,-7.46720106394172e-17,1.5959916696618668
4.0,attitude_only,-4.719704443793773e-17,6.860598742217218e-17,6.584306119810324e-16,1.0,0.0,0.0,0.0,1.0,-9.439408887587537e-17,1.3721197484434444e-16,1.3168612239620648e-15,0.0,0.0,0.0,-6.144697799856507e-16,-5.673292651159253e-16,4.165114522847598e-15,8.351220707364584e-19,5.573958381557255e-19,2.6752110783716133e-21,0.034127142,0.034127142,0.008531785500000002,0.00853178550000001,0.008531785499999998,0.00853178549999999,533.2849613480583,533.2849613480586,533.2849613480582,533.284961348058,0.6101150949087981,1.0199706000001014,2.5443054812758266e-16,-7.64674035307888e-17,1.5985303801907347
4.01,attitude_only,-5.020296967945433e-17,6.568923155824956e-17,6.792597184791725e-16,1.0,0.0,0.0,0.0,1.0,-1.0040593935890857e-16,1.313784631164992e-16,1.358519436958345e-15,0.0,0.0,0.0,-5.962649258383188e-16,-5.971103693317808e-16,4.166378525768949e-15,8.192388950180432e-19,5.991042669080697e-19,2.6752110783716133e-21,0.034127142,0.034127142,0.008531785500000002,0.00853178550000001,0.008531785499999998,0.00853178549999999,533.2849613480583,533.2849613480586,533.2849613480582,533.284961348058,0.5212335262401181,1.0199706000001014,2.603778913638438e-16,-7.825418796931717e-17,1.6001874527063886
4.02,attitude_only,-5.307895972353353e-17,6.265822762151478e-17,7.000917191153497e-16,1.0,0.0,0.0,0.0,1.0,-1.0615791944706697e-16,1.2531645524302964e-16,1.4001834382306994e-15,0.0,0.0,0.0,-5.611599664085545e-16,-6.160132049901836e-16,4.166112172477438e-15,7.827245433664115e-19,6.279478017480547e-19,2.6752110783716133e-21,0.034127142,0.034127142,0.008531785500000002,0.00853178550000001,0.008531785499999998,0.00853178549999999,533.2849613480583,533.2849613480586,533.2849613480582,533.284961348058,0.4324942030383485,1.0199706000001014,2.663375840903985e-16,-8.003212524280108e-17,1.6009628218087013
4.03,attitude_only,-5.583202344147003e-17,5.961046543074995e-17,7.20924029736791e-16,1.0,0.0,0.0,0.0,1.0,-1.1166404688294e-16,1.1922093086149998e-16,1.441848059473582e-15,0.0,0.0,0.0,-5.383429177055573e-16,-6.090237384022577e-16,4.1676231676799576e-15,7.607275140998707e-19,6.256506792265667e-19,2.6752110783716133e-21,0.034127142,0.034127142,0.008531785500000002,0.00853178550000001,0.008531785499999998,0.00853178549999999,533.2849613480583,533.2849613480586,533.2849613480582,533.284961348058,0.3438676578410917,1.0199706000001014,2.723092886659284e-16,-8.180095192096883e-17,1.600856436579222
4.04,attitude_only,-5.850745109482838e-17,5.653232062024682e-17,7.417588277059536e-16,1.0,0.0,0.0,0.0,1.0,-1.1701490218965668e-16,1.1306464124049374e-16,1.4835176554119072e-15,0.0,0.0,0.0,-5.351337890481662e-16,-6.238396134001174e-16,4.166601800812445e-15,7.622278976014831e-19,6.496681253579993e-19,2.6752110783716133e-21,0.034127142,0.034127142,0.0085317855,0.00853178550000001,0.008531785499999998,0.00853178549999999,533.2849613480583,533.2849613480586,533.2849613480582,533.284961348058,0.2553305421254943,1.0199706000001014,2.782931596348003e-16,-8.355996832496788e-17,1.599868257371853
4.05,attitude_only,-6.107391143451799e-17,5.339878687521513e-17,7.625906874907804e-16,1.0,0.0,0.0,0.0,1.0,-1.221478228690359e-16,1.0679757375043036e-16,1.5251813749815608e-15,0.0,0.0,0.0,-4.9905297636382755e-16,-6.294720479460964e-16,4.166599380686152e-15,7.239214521439147e-19,6.62721767292635e-19,2.6752110783716133e-21,0.034127142,0.034127142,0.0085317855,0.00853178550000001,0.0085317855,0.00853178549999999,533.2849613480583,533.2849613480586,533.2849613480583,533.284961348058,0.16686435257896873,1.0199706000001014,2.8428803865264765e-16,-8.530817472129546e-17,1.5979982533157817
4.06,attitude_only,-6.352727870055394e-17,5.016551649042727e-17,7.834273570210493e-16,1.0,0.0,0.0,0.0,1.0,-1.270545574011078e-16,1.0033103298085463e-16,1.5668547140420986e-15,0.0,0.0,0.0,-4.806081627612187e-16,-6.614304251464965e-16,4.167356814388445e-15,7.065937574483963e-19,7.076861241845799e-19,2.6752110783716133e-21,0.034127142,0.034127142,0.0085317855,0.00853178550000001,0.0085317855,0.00853178549999999,533.2849613480583,533.2849613480586,533.2849613480583,533.284961348058,0.07845442319136638,1.0199706000001014,2.9029339435352687e-16,-8.704562744681122e-17,1.5952464003721913
4.07,attitude_only,-6.588289753436837e-17,4.682023305582305e-17,8.04262865473464e-16,1.0,0.0,0.0,0.0,1.0,-1.3176579506873667e-16,9.364046611164622e-17,1.608525730946928e-15,0.0,0.0,0.0,-4.582124029491975e-16,-6.709557409173736e-16,4.16659308835779e-15,6.843009697034631e-19,7.258260605188067e-19,2.6752110783716133e-21,0.034127142,0.034127142,0.0085317855,0.00853178550000001,0.0085317855,0.00853178549999999,533.2849613480583,533.2849613480586,533.2849613480583,533.284961348058,-0.00991087245688728,1.0199706000001014,2.963080517089774e-16,-8.877158632229323e-17,1.591612679821692
4.08,attitude_only,-6.805808186708636e-17,4.349028422945848e-17,8.250940487265064e-16,1.0,0.0,0.0,0.0,1.0,-1.3611616373417265e-16,8.698056845891707e-17,1.6501880974530127e-15,0.0,0.0,0.0,-4.196483844420189e-16,-6.634556619891531e-16,4.16633665758408e-15,6.422206313392689e-19,7.234605224248335e-19,2.6752110783716133e-21,0.034127142,0.034127142,0.0085317855,0.00853178550000001,0.0085317855,0.00853178549999999,533.2849613480583,533.2849613480586,533.2849613480583,533.284961348058,-0.09824075266220243,1.0199706000001014,3.0233197564848923e-16,-9.048581848273964e-17,1.5870970770868575
4.09,attitude_only,-7.011420022076694e-17,4.01646089275592e-17,8.459269967433861e-16,1.0,0.0,0.0,0.0,1.0,-1.402284004415338e-16,8.032921785511853e-17,1.6918539934867722e-15,0.0,0.0,0.0,-4.0193938173714586e-16,-6.704583076793133e-16,4.166588490117834e-15,6.249892219107927e-19,7.385682803298187e-19,2.6752110783716133e-21,0.034127142,0.034127142,0.008531785499999998,0.00853178550000001,0.0085317855,0.00853178549999999,533.2849613480582,533.2849613480586,533.2849613480583,533.284961348058,-0.1865425275562025,1.0199706000001014,3.083649228616834e-16,-9.218807972852418e-17,1.5816995808155356
4.1,attitude_only,-7.208948301171293e-17,3.6763028716701567e-17,8.667629752211129e-16,1.0,0.0,0.0,0.0,1.0,-1.4417896602342578e-16,7.352605743340326e-17,1.7335259504422259e-15,0.0,0.0,0.0,-3.924105239085821e-16,-6.842323456849365e-16,4.168108681800267e-15,6.174786977556019e-19,7.619394493934158e-19,2.6752110783716133e-21,0.034127142,0.034127142,0.008531785499999998,0.00853178550000001,0.008531785500000002,0.00853178549999999,533.2849613480582,533.2849613480586,533.2849613480583,533.284961348058,-0.27482199501328874,1.0199706000001014,3.144059994125986e-16,-9.387758171915142e-17,1.5754201821671194
4.11,attitude_only,-7.397688826280793e-17,3.3329700959338205e-17,8.876031345284823e-16,1.0,0.0,0.0,0.0,1.0,-1.479537765256158e-16,6.665940191867655e-17,1.7752062690569645e-15,0.0,0.0,0.0,-3.669046186428014e-16,-6.96242691084436e-16,4.168361482384537e-15,5.905406576230934e-19,7.833142907836599e-19,2.6752110783716133e-21,0.034127142,0.034127142,0.008531785499999998,0.00853178550000001,0.008531785500000002,0.00853178549999999,533.2849613480582,533.2849613480586,533.2849613480583,533.284961348058,-0.3630837542166637,1.0199706000001014,3.2045418164570855e-16,-9.555361973070614e-17,1.5682588742568173
4.12,attitude_only,-7.572224913473097e-17,2.988118695422505e-17,9.084441768833049e-16,1.0,0.0,0.0,0.0,1.0,-1.5144449826946188e-16,5.976237390845023e-17,1.8168883537666098e-15,0.0,0.0,0.0,-3.348606223566304e-16,-6.908557618119137e-16,4.1683601513150774e-15,5.554364683032544e-19,7.837585332747523e-19,2.6752110783716133e-21,0.034127142,0.034127142,0.008531785499999998,0.00853178550000001,0.008531785500000002,0.00853178549999999,533.2849613480582,533.2849613480586,533.2849613480583,533.284961348058,-0.4513314540513521,1.0199706000001014,3.2650906386217205e-16,-9.721611354558879e-17,1.5602156517229164
4.13,attitude_only,-7.727798570075683e-17,2.6444569117389522e-17,9.292810269733884e-16,1.0,0.0,0.0,0.0,1.0,-1.545559714015136e-16,5.2889138234779186e-17,1.858562053946777e-15,0.0,0.0,0.0,-2.9311554178439625e-16,-6.818294420845775e-16,4.166836994977937e-15,5.082735270344173e-19,7.797452440227944e-19,2.6752110783716133e-21,0.034127142,0.034127142,0.008531785499999998,0.00853178550000001,0.008531785500000002,0.00853178549999999,533.2849613480582,533.2849613480586,533.2849613480583,533.284961348058,-0.5395679899031425,1.0199706000001014,3.3257035680948696e-16,-9.886518841460405e-17,1.5512905103898136
4.14,attitude_only,-7.865985507724757e-17,2.3029821287797638e-17,9.501148293894762e-16,1.0,0.0,0.0,0.0,1.0,-1.573197101544951e-16,4.6059642575595425e-17,1.9002296587789524e-15,0.0,0.0,0.0,-2.598948940907909e-16,-6.739455207620417e-16,4.166075205048316e-15,4.710076987429987e-19,7.7702399364337165e-19,2.6752110783716133e-21,0.034127142,0.034127142,0.008531785499999998,0.00853178550000001,0.008531785500000002,0.008531785499999991,533.2849613480582,533.2849613480586,533.2849613480583,533.284961348058,-0.6277956596066339,1.0199706000001014,3.3863725442842577e-16,-1.0050049690731703e-16,1.5414834470056078
4.15,attitude_only,-7.98767423634479e-17,1.9695696747220048e-17,9.709540859858657e-16,1.0,0.0,0.0,0.0,1.0,-1.5975348472689576e-16,3.939139349444025e-17,1.9419081719717314e-15,0.0,0.0,0.0,-2.2955038233575495e-16,-6.590205947191879e-16,4.168612437622509e-15,4.368897884603133e-19,7.657042883391395e-19,2.6752110783716133e-21,0.034127142,0.034127142,0.008531785499999996,0.008531785500000008,0.008531785500000002,0.008531785499999991,533.2849613480582,533.2849613480586,533.2849613480583,533.284961348058,-0.7160162870423683,1.0199706000001014,3.4470938129152504e-16,-1.0212182035644135e-16,1.530794459037754
4.16,attitude_only,-8.093037456113756e-17,1.6428613394679397e-17,9.917927063758255e-16,1.0,0.0,0.0,0.0,1.0,-1.618607491222751e-16,3.2857226789358955e-17,1.983585412751651e-15,0.0,0.0,0.0,-2.0102930669442161e-16,-6.551693906081113e-16,4.16683578491479e-15,4.0467479075765745e-19,7.676345373119286e-19,2.6752110783716133e-21,0.034127142,0.034127142,0.008531785499999996,0.008531785500000008,0.008531785500000003,0.008531785499999991,533.2849613480582,533.2849613480586,533.2849613480585,533.284961348058,-0.804231320110439,1.0199706000001014,3.5078635289569297e-16,-1.0372865676320913e-16,1.519223544513927
4.17,attitude_only,-8.179136874504013e-17,1.3226509922463957e-17,1.0126292955881532e-15,1.0,0.0,0.0,0.0,1.0,-1.6358273749008023e-16,2.645301984492808e-17,2.0252585911763063e-15,0.0,0.0,0.0,-1.520254162177257e-16,-6.329010621264727e-16,4.168611983848829e-15,3.4739037634779953e-19,7.472415537552268e-19,2.6752110783716133e-21,0.034127142,0.034127142,0.008531785499999996,0.008531785500000008,0.008531785500000003,0.008531785499999991,533.2849613480582,533.2849613480586,533.2849613480585,533.284961348058,-0.8924419084050612,1.0199706000001014,3.5686730212468657e-16,-1.0532095156378482e-16,1.5067707018980918
4.18,attitude_only,-8.242075642162303e-17,1.0120702099007075e-17,1.033474512865998e-15,1.0,0.0,0.0,0.0,1.0,-1.6484151284324603e-16,2.024140419801432e-17,2.066949025731996e-15,0.0,0.0,0.0,-1.0978033416167391e-16,-6.165312231078701e-16,4.1693733048789804e-15,2.977940812221542e-19,7.337630591639823e-19,2.6752110783716133e-21,0.034127142,0.034127142,0.008531785499999996,0.008531785500000008,0.008531785500000003,0.008531785499999991,533.2849613480582,533.2849613480586,533.2849613480585,533.284961348058,-1.0102817912595818,1.0199706000001014,3.629518199401395e-16,-1.0689881871563913e-16,1.4934359299939923
4.19,attitude_only,-8.285128256462494e-17,7.06739298498691e-18,1.0543176993897326e-15,1.0,0.0,0.0,0.0,1.0,-1.6570256512924985e-16,1.4134785969973994e-17,2.1086353987794653e-15,0.0,0.0,0.0,-6.652465842147356e-17,-6.002265527294838e-16,4.168611862842514e-15,2.4655251691812854e-19,7.201997202372139e-19,2.6752110783716133e-21,0.034127142,0.034127142,0.008531785499999996,0.008531785500000007,0.008531785500000003,0.008531785499999993,533.2849613480582,533.2849613480586,533.2849613480585,533.2849613480581,-1.0667109261713767,1.0199706000001014,3.6903926110816765e-16,-1.0846209662349398e-16,1.479219227869988
4.2,attitude_only,-8.315406698438472e-17,4.0824631070682195e-18,1.0751594896490103e-15,1.0,0.0,0.0,0.0,1.0,-1.6630813396876945e-16,8.164926214136618e-18,2.1503189792980207e-15,0.0,0.0,0.0,-5.340783286015246e-17,-5.903894481706368e-16,4.1688655407225645e-15,2.313464045731447e-19,7.142990892483037e-19,2.6752110783716133e-21,0.034127142,0.034127142,0.008531785499999996,0.008531785500000007,0.008531785500000003,0.008531785499999993,533.2849613480582,533.2849613480586,533.2849613480585,533.2849613480581,-1.1553414023264859,1.0199706000001014,3.7512884851246935e-16,-1.1001050778396034e-16,1.4641205948005191
4.21,attitude_only,-8.329571402271099e-17,1.2263899554947507e-18,1.0960053396959492e-15,1.0,0.0,0.0,0.0,1.0,-1.6659142804542198e-16,2.452779910989684e-18,2.1920106793918985e-15,0.0,0.0,0.0,-1.0585690914878656e-17,-5.581638477668256e-16,4.169626755872191e-15,1.8006569114796494e-19,6.812100072413985e-19,2.6752110783716133e-21,0.034127142,0.034127142,0.008531785499999996,0.008531785500000007,0.008531785500000003,0.008531785499999993,533.2849613480582,533.2849613480586,533.2849613480585,533.2849613480581,-1.243884413461137,1.0199706000001014,3.812200999659379e-16,-1.1154330573066795e-16,1.448140030220522
4.22,attitude_only,-8.325449700433275e-17,-1.5048296489112161e-18,1.1168555034504417e-15,1.0,0.0,0.0,0.0,1.0,-1.665089940086655e-16,-3.009659297822246e-18,2.2337110069008834e-15,0.0,0.0,0.0,3.71848128833976e-17,-5.295751337856113e-16,4.1701342175128184e-15,1.2236923846119948e-19,6.521993018017972e-19,2.6752110783716133e-21,0.034127142,0.034127142,0.008531785499999996,0.008531785500000005,0.008531785500000003,0.008531785499999995,533.2849613480582,533.2849613480585,533.2849613480585,533.2849613480581,-1.332357461380857,1.0199706000001014,3.873129777744258e-16,-1.1306111723580933e-16,1.431277533689925
4.23,attitude_only,-8.305883664012238e-17,-4.140257425332511e-18,1.137714421939226e-15,1.0,0.0,0.0,0.0,1.0,-1.6611767328024477e-16,-8.280514850664833e-18,2.275428843878452e-15,0.0,0.0,0.0,5.239170850117167e-17,-5.141751255345748e-16,4.172418089848536e-15,1.0359704663485885e-19,6.388610431558997e-19,2.6752110783716133e-21,0.034127142,0.034127142,0.008531785499999996,0.008531785500000005,0.008531785500000003,0.008531785499999995,533.2849613480582,533.2849613480585,533.2849613480585,533.2849613480581,-1.4207745455831489,1.0199706000001014,3.934065995389254e-16,-1.1456386629452425e-16,1.4135331048660007
4.24,attitude_only,-8.273369233613842e-17,-6.688544822439536e-18,1.158575243484792e-15,1.0,0.0,0.0,0.0,1.0,-1.6546738467227687e-16,-1.337708964487888e-17,2.317150486969584e-15,0.0,0.0,0.0,7.924685148369442e-17,-5.038192991511094e-16,4.172671832013193e-15,7.057840654099464e-20,6.314722444872522e-19,2.6752110783716133e-21,0.034127142,0.034127142,0.008531785499999995,0.008531785500000005,0.008531785500000003,0.008531785499999995,533.2849613480581,533.2849613480585,533.2849613480585,533.2849613480581,-1.5091468641498595,1.0199706000001014,3.9950045746874617e-16,-1.1605127318318628e-16,1.394906743481834
4.25,attitude_only,-8.22286483853591e-17,-9.165836106409771e-18,1.1794407595251047e-15,1.0,0.0,0.0,0.0,1.0,-1.6445729677071822e-16,-1.833167221281935e-17,2.3588815190502094e-15,0.0,0.0,0.0,1.1859054942963892e-16,-4.87165189520515e-16,4.173686864956419e-15,2.218006351156485e-20,6.163589648257439e-19,2.6752110783716133e-21,0.034127142,0.034127142,0.008531785499999995,0.008531785500000005,0.008531785500000005,0.008531785499999995,533.2849613480581,533.2849613480585,533.2849613480585,533.2849613480581,-1.5974833743655572,1.0199706000001014,4.05593745543504e-16,-1.1752336342699907e-16,1.375398449329551
4.26,attitude_only,-8.155901701422858e-17,-1.1553541304700576e-17,1.2003130003444303e-15,1.0,0.0,0.0,0.0,1.0,-1.6311803402845719e-16,-2.3107082609400955e-17,2.4006260006888606e-15,0.0,0.0,0.0,1.4861738483337945e-16,-4.64611634427118e-16,4.175716997018204e-15,-1.533831282125754e-20,5.939408150579387e-19,2.6752110783716133e-21,0.034127142,0.034127142,0.008531785499999995,0.008531785500000005,0.008531785500000005,0.008531785499999996,533.2849613480581,533.2849613480585,533.2849613480585,533.2849613480582,-1.6857912411383076,1.0199706000001014,4.1168606251426247e-16,-1.189805835854314e-16,1.3550082222472584
4.27,attitude_only,-8.075336695404136e-17,-1.3818928642508256e-17,1.2211896820382904e-15,1.0,0.0,0.0,0.0,1.0,-1.6150673390808275e-16,-2.7637857285016315e-17,2.442379364076581e-15,0.0,0.0,0.0,1.6904294806117323e-16,-4.3600493431401256e-16,4.175970744855031e-15,-4.1539418175221766e-20,5.639728242653521e-19,2.6752110783716133e-21,0.034127142,0.034127142,0.008531785499999995,0.008531785500000003,0.008531785500000005,0.008531785499999996,533.2849613480581,533.2849613480585,533.2849613480585,533.2849613480582,-1.7740761956782722,1.0199706000001014,4.177771308106094e-16,-1.2042278421950926e-16,1.3337360621088756
4.28,attitude_only,-7.987308030057728e-17,-1.594063972602487e-17,1.2420716927609832e-15,1.0,0.0,0.0,0.0,1.0,-1.5974616060115462e-16,-3.188127945204954e-17,2.4841433855219663e-15,0.0,0.0,0.0,1.7606050508043177e-16,-4.1363500230078424e-16,4.177493343428686e-15,-5.172109164913643e-20,5.412652558724862e-19,2.6752110783716133e-21,0.034127142,0.034127142,0.008531785499999995,0.008531785500000003,0.008531785500000005,0.008531785499999996,533.2849613480581,533.2849613480585,533.2849613480585,533.2849613480582,-1.8623428223959482,1.0199706000001014,4.2386675555037624e-16,-1.2184982245744234e-16,1.3115819688162096
4.29,attitude_only,-7.896034630690705e-17,-1.7911284108707122e-17,1.2629594132032746e-15,1.0,0.0,0.0,0.0,1.0,-1.5792069261381415e-16,-3.5822568217414046e-17,2.5259188264065493e-15,0.0,0.0,0.0,1.9072950512196047e-16,-3.7843975554065774e-16,4.177239560613473e-15,-7.123118675019042e-20,5.028153573157409e-19,2.6752110783716133e-21,0.034127142,0.034127142,0.008531785499999995,0.008531785500000003,0.008531785500000003,0.008531785499999996,533.2849613480581,533.2849613480585,533.2849613480585,533.2849613480582,-1.950594788385203,1.0199706000001014,4.299544145940365e-16,-1.2326141980780493e-16,1.2885459422927878
4.3,attitude_only,-7.79957960730423e-17,-1.9732528718217564e-17,1.2838456109973611e-15,1.0,0.0,0.0,0.0,1.0,-1.5599159214608466e-16,-3.946505743643493e-17,2.5676912219947223e-15,0.0,0.0,0.0,1.96019775597596e-16,-3.5946572328463274e-16,4.177747094101601e-15,-7.953970907692904e-20,4.836411758413572e-19,2.6752110783716133e-21,0.034127142,0.034127142,0.008531785499999995,0.008531785500000003,0.008531785500000003,0.008531785499999996,533.2849613480581,533.2849613480585,533.2849613480585,533.2849613480582,-2.0388350269828486,1.0199706000001014,4.3603987748928964e-16,-1.2465774363187944e-16,1.264627982479054
4.31,attitude_only,-7.700278642105544e-17,-2.1513117386733678e-17,1.3047357422033961e-15,1.0,0.0,0.0,0.0,1.0,-1.5400557284211092e-16,-4.302623477346715e-17,2.6094714844067923e-15,0.0,0.0,0.0,2.031646793713336e-16,-3.5192253099826664e-16,4.177239558722751e-15,-9.01452403991274e-20,4.7810857040770045e-19,2.6752110783716133e-21,0.034127142,0.034127142,0.008531785499999995,0.008531785500000003,0.008531785500000003,0.008531785499999996,533.2849613480581,533.2849613480585,533.2849613480585,533.2849613480582,-2.127065884594869,1.0199706000001014,4.421224754281849e-16,-1.2603891181740696e-16,1.239828089328625
4.32,attitude_only,-7.594890737587263e-17,-2.318567710392251e-17,1.3256228281796685e-15,1.0,0.0,0.0,0.0,1.0,-1.5189781475174531e-16,-4.6371354207844816e-17,2.651245656359337e-15,0.0,0.0,0.0,2.1624364607620142e-16,-3.2249053188118737e-16,4.176732016726367e-15,-1.0800243690573098e-19,4.460150767860175e-19,2.6752110783716133e-21,0.034127142,0.034127142,0.008531785499999995,0.008531785500000003,0.008531785500000003,0.008531785499999998,533.2849613480581,533.2849613480585,533.2849613480585,533.2849613480582,-2.215289238140792,1.0199706000001014,4.482013858567915e-16,-1.2740515087004043e-16,1.2141462628053785
4.33,attitude_only,-7.482137527599454e-17,-2.4731770874832602e-17,1.3465072495649507e-15,1.0,0.0,0.0,0.0,1.0,-1.4964275055198915e-16,-4.9463541749665e-17,2.6930144991299013e-15,0.0,0.0,0.0,2.277591264709334e-16,-3.0207511748315966e-16,4.176985783470431e-15,-1.2409860464411863e-19,4.245373306832157e-19,2.6752110783716133e-21,0.034127142,0.034127142,0.008531785499999996,0.008531785500000002,0.008531785500000003,0.008531785499999998,533.2849613480582,533.2849613480583,533.2849613480585,533.2849613480582,-2.303506588996594,1.0199706000001014,4.54276920765991e-16,-1.2875689190426774e-16,1.187582502881181
4.34,attitude_only,-7.361052904086291e-17,-2.6152395189594273e-17,1.3673970000686384e-15,1.0,0.0,0.0,0.0,1.0,-1.4722105808172589e-16,-5.230479037918834e-17,2.734794000137277e-15,0.0,0.0,0.0,2.54776412363604e-16,-2.6244480994131417e-16,4.1787621577690916e-15,-1.5906711183895933e-19,3.7960540973241423e-19,2.6752110783716133e-21,0.034127142,0.034127142,0.008531785499999996,0.008531785500000002,0.008531785500000003,0.008531785499999998,533.2849613480582,533.2849613480583,533.2849613480585,533.2849613480582,-2.3917191381384413,1.0199706000001014,4.603484766670647e-16,-1.300942559026971e-16,1.1601368095341233
4.35,attitude_only,-7.233567924964973e-17,-2.7375558580147744e-17,1.3882875118584961e-15,1.0,0.0,0.0,0.0,1.0,-1.4467135849929953e-16,-5.4751117160295286e-17,2.7765750237169922e-15,0.0,0.0,0.0,2.50809677006461e-16,-2.3624607275756536e-16,4.1774933119954104e-15,-1.5681512618045226e-19,3.5052938583949127e-19,2.6752110783716133e-21,0.034127142,0.034127142,0.008531785499999996,0.008531785500000002,0.008531785500000003,0.008531785499999998,533.2849613480582,533.2849613480583,533.2849613480585,533.2849613480582,-2.4799278462503804,1.0199706000001014,4.664162966073466e-16,-1.3141776799912127e-16,1.1318091827471426
4.36,attitude_only,-7.104523215276958e-17,-2.849726876693022e-17,1.4091710450009707e-15,1.0,0.0,0.0,0.0,1.0,-1.4209046430553924e-16,-5.699453753386024e-17,2.8183420900019414e-15,0.0,0.0,0.0,2.5553537102077e-16,-2.192093988102641e-16,4.175970698532304e-15,-1.6504131270783095e-19,3.322774710908325e-19,2.6752110783716133e-21,0.034127142,0.034127142,0.008531785499999996,0.008531785500000002,0.008531785500000003,0.008531785499999998,533.2849613480582,533.2849613480583,533.2849613480585,533.2849613480582,-2.568133481804128,1.0199706000001014,4.724800251642941e-16,-1.3272712001724562e-16,1.1025996225069494
4.37,attitude_only,-6.975403863050395e-17,-2.953788105597585e-17,1.4300582577789007e-15,1.0,0.0,0.0,0.0,1.0,-1.3950807726100798e-16,-5.907576211195151e-17,2.8601165155578014e-15,0.0,0.0,0.0,2.610156546674733e-16,-2.0289521433990526e-16,4.177239540170028e-15,-1.7422780963054952e-19,3.147294018698009e-19,2.6752110783716133e-21,0.034127142,0.034127142,0.008531785499999996,0.008531785500000002,0.008531785500000003,0.008531785499999998,533.2849613480582,533.2849613480583,533.2849613480585,533.2849613480582,-2.6563366595184172,1.0199706000001014,4.785388168048856e-16,-1.3402241774792283e-16,1.0725081288031943
4.38,attitude_only,-6.83970648734408e-17,-3.0473125489991236e-17,1.4509439479364546e-15,1.0,0.0,0.0,0.0,1.0,-1.367941297468817e-16,-6.094625097998227e-17,2.901887895872909e-15,0.0,0.0,0.0,2.77854174170575e-16,-1.791482320634249e-16,4.177493306795922e-15,-1.9721257477597728e-19,2.880245054586587e-19,2.6752110783716133e-21,0.034127142,0.034127142,0.008531785499999996,0.0085317855,0.008531785500000003,0.0085317855,533.2849613480582,533.2849613480583,533.2849613480585,533.2849613480583,-2.7445378711222825,1.0199706000001014,4.845926478051332e-16,-1.353040705305496e-16,1.0415347016278176
4.39,attitude_only,-6.697036936819147e-17,-3.1298663372705805e-17,1.4718249433678245e-15,1.0,0.0,0.0,0.0,1.0,-1.3394073873638303e-16,-6.259732674541141e-17,2.943649886735649e-15,0.0,0.0,0.0,2.946809178698741e-16,-1.5156175716860944e-16,4.176224463149303e-15,-2.2035147639383496e-19,2.5643635315656624e-19,2.6752110783716133e-21,0.034127142,0.034127142,0.008531785499999996,0.0085317855,0.008531785500000003,0.0085317855,533.2849613480582,533.2849613480583,533.2849613480585,533.2849613480583,-2.832737509963362,1.0199706000001014,4.906412731198563e-16,-1.365726245452003e-16,1.0096793409745415
4.4,attitude_only,-6.545697460863095e-17,-3.2033776241137096e-17,1.492708984019178e-15,1.0,0.0,0.0,0.0,1.0,-1.30913949217262e-16,-6.4067552482274e-17,2.985417968038356e-15,0.0,0.0,0.0,3.0777553558527805e-16,-1.3946978477288908e-16,4.1767319991190025e-15,-2.391427730081726e-19,2.4332068412943077e-19,2.6752110783716133e-21,0.034127142,0.034127142,0.008531785499999996,0.0085317855,0.008531785500000003,0.0085317855,533.2849613480582,533.2849613480583,533.2849613480585,533.2849613480583,-2.9209358906919247,1.0199706000001014,4.966846746986236e-16,-1.378284650895124e-16,0.9769420468384775
4.41,attitude_only,-6.38937897473801e-17,-3.267408655163198e-17,1.5135964505419907e-15,1.0,0.0,0.0,0.0,1.0,-1.277875794947603e-16,-6.534817310326376e-17,3.0271929010839813e-15,0.0,0.0,0.0,3.1797483875828307e-16,-1.169830666539674e-16,4.177239535738639e-15,-2.5456168520336143e-19,2.175064530532644e-19,2.6752110783716133e-21,0.034127142,0.034127142,0.008531785499999996,0.0085317855,0.008531785500000003,0.0085317855,533.2849613480582,533.2849613480583,533.2849613480585,533.2849613480583,-3.009133265006732,1.0199706000001014,5.027224322520067e-16,-1.3907176972469024e-16,0.9433228192158186
4.42,attitude_only,-6.232833720322294e-17,-3.324458223438299e-17,1.5344835364104922e-15,1.0,0.0,0.0,0.0,1.0,-1.24656674406446e-16,-6.648916446876578e-17,3.0689670728209843e-15,0.0,0.0,0.0,3.239800302128608e-16,-9.590816231887141e-17,4.1769857668675115e-15,-2.6500771525098316e-19,1.931756494743379e-19,2.6752110783716133e-21,0.034127142,0.034127142,0.008531785499999996,0.0085317855,0.008531785500000003,0.0085317855,533.2849613480582,533.2849613480583,533.2849613480585,533.2849613480583,-3.097329834249783,1.0199706000001014,5.087544521571607e-16,-1.4030255897465878e-16,0.9088216581035995
4.43,attitude_only,-6.068749235654768e-17,-3.3644149199325423e-17,1.5553675770532932e-15,1.0,0.0,0.0,0.0,1.0,-1.2137498471309546e-16,-6.728829839865066e-17,3.1107351541065865e-15,0.0,0.0,0.0,3.3197920436950067e-16,-7.475864946190627e-17,4.178000840963523e-15,-2.77926516282646e-19,1.685438205405988e-19,2.6752110783716133e-21,0.034127142,0.034127142,0.008531785499999996,0.0085317855,0.008531785500000003,0.008531785500000002,533.2849613480582,533.2849613480583,533.2849613480585,533.2849613480583,-3.185525759481618,1.0199706000001014,5.147808107498e-16,-1.4152112416966042e-16,0.8734385634995107
4.44,attitude_only,-5.899887119228115e-17,-3.393780894626237e-17,1.576253520959142e-15,1.0,0.0,0.0,0.0,1.0,-1.179977423845624e-16,-6.787561789252456e-17,3.152507041918284e-15,0.0,0.0,0.0,3.347739385744478e-16,-5.322701728418343e-17,4.178508377996757e-15,-2.8462793671432723e-19,1.4323813210017326e-19,2.6752110783716133e-21,0.034127142,0.034127142,0.008531785499999996,0.008531785499999998,0.008531785500000003,0.008531785500000002,533.2849613480582,533.2849613480582,533.2849613480585,533.2849613480583,-3.2737211695403814,1.0199706000001014,5.208016353887179e-16,-1.427281222711475e-16,0.8371735354017539
4.45,attitude_only,-5.735418428597444e-17,-3.4168340162803424e-17,1.5971392110948343e-15,1.0,0.0,0.0,0.0,1.0,-1.1470836857194898e-16,-6.833668032560666e-17,3.1942784221896686e-15,0.0,0.0,0.0,3.22121425829436e-16,-3.8045773625420645e-17,4.1762244599882466e-15,-2.7266613567860735e-19,1.254010974459121e-19,2.6752110783716133e-21,0.034127142,0.034127142,0.008531785499999996,0.008531785499999998,0.008531785500000003,0.008531785500000002,533.2849613480582,533.2849613480582,533.2849613480585,533.2849613480583,-3.3619161674888267,1.0199706000001014,5.268164844333491e-16,-1.439234867535226e-16,0.8000265738089286
4.46,attitude_only,-5.57431150865415e-17,-3.432235759592568e-17,1.6180193183199112e-15,1.0,0.0,0.0,0.0,1.0,-1.1148623017308313e-16,-6.864471519185118e-17,3.2360386366398224e-15,0.0,0.0,0.0,3.1909744744195016e-16,-3.172165312253349e-17,4.175716922600501e-15,-2.7222833608804383e-19,1.1812936937367286e-19,2.6752110783716133e-21,0.034127142,0.034127142,0.008531785499999996,0.008531785499999998,0.008531785500000003,0.008531785500000002,533.2849613480582,533.2849613480582,533.2849613480585,533.2849613480583,-3.450110835770778,1.0199706000001014,5.328251084073925e-16,-1.4510696049055422e-16,0.7619976787199436
4.47,attitude_only,-5.414788399464365e-17,-3.4477106955735425e-17,1.6389025976525095e-15,1.0,0.0,0.0,0.0,1.0,-1.0829576798928742e-16,-6.895421391147068e-17,3.277805195305019e-15,0.0,0.0,0.0,3.1839244749554534e-16,-2.825568687082238e-17,4.17723953435014e-15,-2.7456626062731343e-19,1.1425276674032776e-19,2.6752110783716133e-21,0.034127142,0.034127142,0.008531785499999996,0.008531785499999998,0.008531785500000003,0.008531785500000002,533.2849613480582,533.2849613480582,533.2849613480585,533.2849613480583,-3.5383052403365136,1.0199706000001014,5.388273974031963e-16,-1.4627922541671617e-16,0.7230868501339499
4.48,attitude_only,-5.255502184839405e-17,-3.4567567386405257e-17,1.6597900641673972e-15,1.0,0.0,0.0,0.0,1.0,-1.0511004369678821e-16,-6.913513477281034e-17,3.3195801283347945e-15,0.0,0.0,0.0,3.110326766780175e-16,-1.6842289804291936e-17,4.177239534335367e-15,-2.6884486241306036e-19,1.0072511315853415e-19,2.6752110783716133e-21,0.034127142,0.034127142,0.008531785499999996,0.008531785499999998,0.008531785500000003,0.008531785500000002,533.2849613480582,533.2849613480582,533.2849613480585,533.2849613480583,-3.6264994339424463,1.0199706000001014,5.448229631870897e-16,-1.4744058742254017e-16,0.6832940880502855
4.49,attitude_only,-5.1030993765527075e-17,-3.4637667373048425e-17,1.6806714402348436e-15,1.0,0.0,0.0,0.0,1.0,-1.0206198753105426e-16,-6.927533474609668e-17,3.361342880469687e-15,0.0,0.0,0.0,3.038893535615358e-16,-7.906018319670644e-18,4.1747018479357966e-15,-2.6331176820889766e-19,9.00806475601853e-20,2.6752110783716133e-21,0.034127142,0.034127142,0.008531785499999996,0.008531785499999998,0.008531785500000003,0.008531785500000002,533.2849613480582,533.2849613480582,533.2849613480585,533.2849613480583,-3.714693458790979,1.0199706000001014,5.50812134503396e-16,-1.4859118852973344e-16,0.6426193924684352
4.5,attitude_only,-4.956595443714252e-17,-3.466643475017953e-17,1.7015432999781452e-15,1.0,0.0,0.0,0.0,1.0,-9.913190887428517e-17,-6.933286950035888e-17,3.4030865999562905e-15,0.0,0.0,0.0,2.867380276924047e-16,-7.294363127279522e-18,4.174701847832398e-15,-2.455975574428643e-19,8.941960496058874e-20,2.6752110783716133e-21,0.034127142,0.034127142,0.008531785499999996,0.008531785499999998,0.008531785500000002,0.008531785500000002,533.2849613480582,533.2849613480582,533.2849613480583,533.2849613480583,-3.8028873486415478,1.0199706000001014,5.567948072471918e-16,-1.4973122300438277e-16,0.6010627633879979
4.51,attitude_only,-4.81632238845069e-17,-3.467018245347625e-17,1.7224160479111204e-15,1.0,0.0,0.0,0.0,1.0,-9.632644776901392e-17,-6.934036490695234e-17,3.4448320958222408e-15,0.0,0.0,0.0,2.79032423849923e-16,5.566588980837963e-18,4.175209385013346e-15,-2.391411570703855e-19,7.393079654103939e-20,2.6752110783716133e-21,0.034127142,0.034127142,0.008531785499999998,0.008531785499999998,0.008531785500000002,0.008531785500000002,533.2849613480582,533.2849613480582,533.2849613480583,533.2849613480583,-3.8910811304999964,1.0199706000001014,5.627708659675765e-16,-1.5086096978722064e-16,0.5586242008086609
4.52,attitude_only,-4.678511951168299e-17,-3.465289044371889e-17,1.7432960282500058e-15,1.0,0.0,0.0,0.0,1.0,-9.35702390233661e-17,-6.930578088743762e-17,3.4865920565000117e-15,0.0,0.0,0.0,2.6970807598888453e-16,-2.0163482533676916e-18,4.177239534073179e-15,-2.3064902039702803e-19,8.305048470461983e-20,2.6752110783716133e-21,0.034127142,0.034127142,0.008531785499999998,0.008531785499999998,0.008531785500000002,0.008531785500000002,533.2849613480582,533.2849613480582,533.2849613480583,533.2849613480583,-3.979274825969541,1.0199706000001014,5.687403646906169e-16,-1.519806936872539e-16,0.5153037047301808
4.53,attitude_only,-4.543579870189416e-17,-3.461837691850808e-17,1.764179815118271e-15,1.0,0.0,0.0,0.0,1.0,-9.087159740378845e-17,-6.9236753837016e-17,3.528359630236542e-15,0.0,0.0,0.0,2.620623113685302e-16,8.068730500318442e-18,4.176224459511875e-15,-2.2409472596628834e-19,7.086770289519329e-20,2.6752110783716133e-21,0.034127142,0.034127142,0.008531785499999998,0.008531785499999998,0.008531785500000002,0.008531785500000002,533.2849613480582,533.2849613480582,533.2849613480583,533.2849613480583,-4.067468452331909,1.0199706000001014,5.747030051718932e-16,-1.5309092769622005e-16,0.471101275152368
4.54,attitude_only,-4.417588269368487e-17,-3.456025863897447e-17,1.7850552276214853e-15,1.0,0.0,0.0,0.0,1.0,-8.835176538736986e-17,-6.912051727794878e-17,3.5701104552429706e-15,0.0,0.0,0.0,2.4622958705483074e-16,1.2911270252969532e-17,4.1744480790499e-15,-2.0755775266039727e-19,6.492754248948229e-20,2.6752110783716133e-21,0.034127142,0.034127142,0.008531785499999998,0.008531785499999998,0.008531785500000002,0.008531785500000002,533.2849613480582,533.2849613480582,533.2849613480583,533.2849613480583,-4.155662023411403,1.0199706000001014,5.806591380785963e-16,-1.5419173870994993e-16,0.42601691207507514
4.55,attitude_only,-4.298229936251688e-17,-3.443142334846707e-17,1.8059234077185115e-15,1.0,0.0,0.0,0.0,1.0,-8.596459872503389e-17,-6.886284669693398e-17,3.611846815437023e-15,0.0,0.0,0.0,2.383428794452934e-16,3.522530761893201e-17,4.1734330044849006e-15,-2.0047713232340532e-19,3.7798444574138005e-20,2.6752110783716133e-21,0.034127142,0.034127142,0.008531785499999998,0.008531785499999998,0.008531785500000002,0.008531785500000002,533.2849613480582,533.2849613480582,533.2849613480583,533.2849613480583,-4.243855550266903,1.0199706000001014,5.866086783808249e-16,-1.5528317952563955e-16,0.3800506154981871
4.5600000000000005,attitude_only,-4.17943769618713e-17,-3.424640392333326e-17,1.8267920953526483e-15,1.0,0.0,0.0,0.0,1.0,-8.358875392374273e-17,-6.849280784666637e-17,3.653584190705297e-15,0.0,0.0,0.0,2.317343847402693e-16,3.338402438854777e-17,4.174448079000046e-15,-1.9486428252477927e-19,3.967414420671358e-20,2.6752110783716133e-21,0.034127142,0.034127142,0.008531785499999998,0.008531785499999998,0.008531785500000002,0.008531785500000002,533.2849613480582,533.2849613480582,533.2849613480583,533.2849613480583,-4.332049041745,1.0199706000001014,5.925520775273376e-16,-1.5636573381114e-16,0.33320238542161423
4.57,attitude_only,-4.0643236446911474e-17,-3.402130182852748e-17,1.8476653508221465e-15,1.0,0.0,0.0,0.0,1.0,-8.128647289382307e-17,-6.804260365705481e-17,3.695330701644293e-15,0.0,0.0,0.0,2.417948508307775e-16,5.821595050157818e-17,4.1747018476228294e-15,-2.0935479034169687e-19,9.293673366061322e-21,2.6752110783716133e-21,0.034127142,0.034127142,0.008531785499999998,0.008531785499999998,0.008531785500000002,0.008531785500000002,533.2849613480582,533.2849613480582,533.2849613480583,533.2849613480583,-4.4202425049224825,1.0199706000001014,5.984888853473445e-16,-1.5743979476895234e-16,0.2854722218452869
4.58,attitude_only,-4.181567750829452e-17,-3.201773461800648e-17,1.8685438085486197e-15,1.0,0.0,0.0,0.0,1.0,-8.363135501658916e-17,-6.40354692360128e-17,3.737087617097239e-15,0.0,0.0,0.0,-1.384141150374215e-15,1.237880978401338e-15,4.175463153520729e-15,1.7556098226080357e-18,-1.4186831698976634e-18,2.6752110783716133e-21,0.034127142,0.034127142,0.008531785500000024,0.008531785500000003,0.008531785499999976,0.008531785499999998,533.284961348059,533.2849613480585,533.2849613480575,533.2849613480582,-4.508435945460727,1.0199706000001014,6.044195789553545e-16,-1.585057199246633e-16,0.2368601247691509
4.583,zero_thrust,-5.252679680530951e-17,-2.255491613482616e-17,1.8956333852910725e-15,1.0,0.0,0.0,0.0,1.0,-1.0505359361061911e-16,-4.510983226965212e-17,3.791266770582145e-15,0.0,0.0,0.0,-2.054225842605997e-15,1.8283634194232375e-15,4.9291052468565504e-15,0.0,0.0,0.0,0.0,0.0,0.0,0.0,0.0,0.0,0.0,0.0,0.0,0.0,-4.622746635057747,1.0199706000001014,6.100636539820258e-16,-1.5930508032073715e-16,0.1911402202281367
4.6,zero_thrust,-6.097547970349451e-17,-1.4995385610326783e-17,1.915683144386631e-15,1.0,0.0,0.0,0.0,1.0,-1.2195095940698906e-16,-2.999077122065333e-17,3.831366288773262e-15,0.0,0.0,0.0,-2.064578085689855e-15,1.866043352024796e-15,4.987060927843405e-15,0.0,0.0,0.0,0.0,0.0,0.0,0.0,0.0,0.0,0.0,0.0,0.0,0.0,-4.078139482219885,1.0199706000001014,6.142465892812387e-16,-1.578352540617725e-16,0.1702434006485837
4.61,zero_thrust,-7.007006402730784e-17,-6.94163423597016e-18,1.940083147881574e-15,1.0,0.0,0.0,0.0,1.0,-1.401401280546157e-16,-1.388326847194005e-17,3.880166295763148e-15,0.0,0.0,0.0,-1.5673638168114418e-15,1.3726637441512024e-15,4.812079523887754e-15,0.0,0.0,0.0,0.0,0.0,0.0,0.0,0.0,0.0,0.0,0.0,0.0,0.0,-2.9845389971151133,1.0199706000001014,6.170404421941699e-16,-1.5255076130634024e-16,0.18414203008162314
4.62,zero_thrust,-7.711723626728081e-17,-1.2517111035398707e-18,1.963780874435687e-15,1.0,0.0,0.0,0.0,1.0,-1.5423447253456163e-16,-2.5034222070794386e-18,3.927561748871374e-15,0.0,0.0,0.0,-1.3835075302794385e-15,1.0604114196115128e-15,4.73170227395381e-15,0.0,0.0,0.0,0.0,0.0,0.0,0.0,0.0,0.0,0.0,0.0,0.0,0.0,-1.5859733986337106,1.0199706000001014,6.192024464036902e-16,-1.4382046002510412e-16,0.22422492003454128
4.63,zero_thrust,-8.390837715520622e-17,3.941263957923903e-18,1.9873611100770293e-15,1.0,0.0,0.0,0.0,1.0,-1.678167543104124e-16,7.88252791584814e-18,3.974722220154059e-15,0.0,0.0,0.0,-1.3332458653817352e-15,1.0088667437296182e-15,4.694802728401777e-15,0.0,0.0,0.0,0.0,0.0,0.0,0.0,0.0,0.0,0.0,0.0,0.0,0.0,-0.38465447073323145,1.0199706000001014,6.212880088502016e-16,-1.3436807811330001e-16,0.2684311324432272
4.64,hover,-9.028821571874778e-17,8.883722658074435e-18,2.0107497206605943e-15,1.0,0.0,0.0,0.0,1.0,-1.8057643143749554e-16,1.7767445316149235e-17,4.021499441321189e-15,0.0,0.0,0.0,-1.233670411751599e-15,9.756859859241486e-16,4.649330561155836e-15,1.5873816403784126e-18,-1.1138060387842774e-18,-5.623014767920189e-18,0.34127141999999994,0.34127141999999994,0.08531785500000023,0.08531785499999975,0.08531785500000019,0.08531785499999975,1686.3951197747247,1686.39511977472,1686.3951197747242,1686.39511977472,0.7734629149477015,1.0199706000001014,6.233718526837361e-16,-1.249140783157875e-16,0.3116785921045987
4.65,hover,-9.64165882888554e-17,1.3712493642393995e-17,2.029426910352319e-15,1.0,0.0,0.0,0.0,1.0,-1.9283317657771076e-16,2.742498728478838e-17,4.058853820704638e-15,0.0,0.0,0.0,-1.197819343264641e-15,9.408758685496265e-16,2.678571273667847e-15,1.55633855162671e-18,-1.0814426566203478e-18,-3.284889335671282e-18,0.34127141999999994,0.34127141999999994,0.08531785500000014,0.08531785499999985,0.0853178550000001,0.08531785499999985,1686.3951197747238,1686.3951197747208,1686.3951197747233,1686.3951197747208,1.3234445102234627,1.0199706000001014,6.25454573033692e-16,-1.1546084486778248e-16,0.3539590428005184
4.66,hover,-1.0216257789067656e-16,1.8084385430614663e-17,2.0373523690657858e-15,1.0,0.0,0.0,0.0,1.0,-2.0432515578135304e-16,3.6168770861229745e-17,4.0747047381315716e-15,0.0,0.0,0.0,-1.1007420443046073e-15,8.082073450703831e-16,1.1959914670820028e-15,1.4508532133177154e-18,-9.303225018959596e-19,-1.5177534824390891e-18,0.34127141999999994,0.34127141999999994,0.08531785500000007,0.08531785499999993,0.08531785500000003,0.08531785499999991,1686.395119774723,1686.3951197747217,1686.3951197747226,1686.3951197747215,1.885839959125223,1.0199706000001014,6.275373458954513e-16,-1.0599886683230135e-16,0.39531326034784015
4.67,hover,-1.0736063746090925e-16,2.170947924197809e-17,2.0375647363119095e-15,1.0,0.0,0.0,0.0,1.0,-2.147212749218184e-16,4.341895848395662e-17,4.075129472623819e-15,0.0,0.0,0.0,-9.939788835750662e-16,6.537214013503281e-16,-8.699707098003923e-16,1.3326772092780165e-18,-7.514765834453966e-19,9.701008369177886e-19,0.34127141999999994,0.34127141999999994,0.08531785499999996,0.08531785500000003,0.08531785499999993,0.08531785500000003,1686.395119774722,1686.3951197747226,1686.3951197747217,1686.3951197747226,2.3211106246362267,1.0199706000001014,6.296236859252811e-16,-9.649109896763802e-17,0.4359351932146417
4.68,hover,-1.119040875186643e-16,2.4595147963361384e-17,2.0381103414268583e-15,1.0,0.0,0.0,0.0,1.0,-2.238081750373285e-16,4.9190295926723223e-17,4.076220682853717e-15,0.0,0.0,0.0,-8.312841532226112e-16,5.297274825465607e-16,1.4777143030450425e-15,1.1457563743872966e-18,-6.079811557063412e-19,-1.861898321527183e-18,0.34127141999999994,0.34127141999999994,0.08531785500000008,0.08531785499999991,0.08531785500000005,0.0853178549999999,1686.395119774723,1686.3951197747215,1686.3951197747228,1686.3951197747213,2.6591903760954674,1.0199706000001014,6.317233464429704e-16,-8.688799653343613e-17,0.4760502870339651
4.69,hover,-1.1594445342095217e-16,2.6892666202900386e-17,2.0438890681651513e-15,1.0,0.0,0.0,0.0,1.0,-2.3188890684190423e-16,5.378533240580125e-17,4.0877781363303026e-15,0.0,0.0,0.0,-7.813719818535181e-16,3.931558306325992e-16,9.29385143601748e-17,1.0936754885629205e-18,-4.480267317159138e-19,-2.0109676024894374e-19,0.34127141999999994,0.34127141999999994,0.085317855,0.08531785499999998,0.08531785499999998,0.08531785499999997,1686.3951197747224,1686.3951197747222,1686.3951197747222,1686.395119774722,2.923047999452647,1.0199706000001014,6.338487031170999e-16,-7.714760862484014e-17,0.5158350719627814
4.7,hover,-1.1951515593380574e-16,2.85562840269805e-17,2.0399970271112775e-15,1.0,0.0,0.0,0.0,1.0,-2.390303118676114e-16,5.71125680539615e-17,4.079994054222555e-15,0.0,0.0,0.0,-6.640193343749949e-16,3.381384980098436e-16,-9.649991332583821e-16,9.594925049324425e-19,-3.8538731754870533e-19,1.078078408225908e-18,0.34127141999999994,0.34127141999999994,0.08531785499999996,0.08531785500000004,0.08531785499999993,0.08531785500000003,1686.395119774722,1686.3951197747226,1686.3951197747217,1686.3951197747226,3.1299621012854746,1.0199706000001014,6.360085215599624e-16,-6.723461085490346e-17,0.5554112570489484
4.71,hover,-1.2142315908331903e-16,3.023585425298932e-17,2.039963958453646e-15,1.0,0.0,0.0,0.0,1.0,-2.428463181666379e-16,6.047170850597913e-17,4.079927916907292e-15,0.0,0.0,0.0,-1.3688766492963454e-16,3.8612915587180246e-16,1.2060609272076639e-15,3.2830337824730644e-19,-4.468373985417739e-19,-1.5392542736054234e-18,0.34127141999999994,0.34127141999999994,0.08531785500000005,0.08531785499999991,0.08531785500000004,0.08531785499999991,1686.3951197747228,1686.3951197747215,1686.3951197747226,1686.3951197747215,3.2929054923668684,1.0199706000001014,6.382126955220726e-16,-5.71268052765977e-17,0.594858047615872
4.72,hover,-1.2098887225557835e-16,3.2726557408573666e-17,2.043247053560655e-15,1.0,0.0,0.0,0.0,1.0,-2.4197774451115656e-16,6.545311481714783e-17,4.08649410712131e-15,0.0,0.0,0.0,2.1439224740397022e-16,6.152595344664373e-16,-3.7079491848537455e-16,-9.537643902705891e-20,-7.279464481999999e-19,3.566806904110763e-19,0.34127141999999994,0.34127141999999994,0.08531785499999997,0.085317855,0.08531785499999997,0.08531785500000001,1686.395119774722,1686.3951197747224,1686.395119774722,1686.3951197747224,3.4216727450037205,1.0199706000001014,6.404716143723135e-16,-4.681841513257213e-17,0.6342254651713825
4.73,hover,-1.1890884003154973e-16,3.614683257604832e-17,2.04291990026331e-15,1.0,0.0,0.0,0.0,1.0,-2.378176800630993e-16,7.229366515209712e-17,4.08583980052662e-15,0.0,0.0,0.0,5.275716297671145e-16,7.889032990345877e-16,1.0744402561538275e-15,-4.764674141605035e-19,-9.44207998672127e-19,-1.3883459217175048e-18,0.34127141999999994,0.34127141999999994,0.08531785500000004,0.08531785499999991,0.08531785500000004,0.08531785499999994,1686.3951197747226,1686.3951197747215,1686.3951197747226,1686.3951197747217,3.5237204542047715,1.0199706000001014,6.427955433515137e-16,-3.6297527026997313e-17,0.6735445780814748
4.74,hover,-1.161495674608756e-16,3.977152201924187e-17,2.0448280461772456e-15,1.0,0.0,0.0,0.0,1.0,-2.3229913492175107e-16,7.954304403848422e-17,4.089656092354491e-15,0.0,0.0,0.0,5.627139964555767e-16,7.58409164767259e-16,-9.52872263751859e-16,-5.242653941512138e-19,-9.151991291990047e-19,1.053957824806837e-18,0.34127141999999994,0.34127141999999994,0.08531785499999994,0.08531785500000001,0.08531785499999994,0.08531785500000004,1686.3951197747217,1686.3951197747224,1686.3951197747217,1686.3951197747226,3.604774769109127,1.0199706000001014,6.451895705749461e-16,-2.555765650767995e-17,0.7128344983687395
4.75,attitude_only,-1.1057264727941523e-16,4.758821584439105e-17,2.052792621266452e-15,1.0,0.0,0.0,0.0,1.0,-2.2114529455883027e-16,9.517643168878256e-17,4.105585242532904e-15,0.0,0.0,0.0,5.723899113007437e-16,7.663358516798636e-16,3.558735318885295e-15,-5.416003910784215e-19,-9.323745120109289e-19,-8.94888916953937e-20,0.034127142,0.034127142,0.008531785500000007,0.008531785499999984,0.0085317855,0.008531785500000007,533.2849613480586,533.2849613480578,533.2849613480583,533.2849613480586,3.8656302733577403,1.0199706000001014,6.47655898611784e-16,-1.4593572921177544e-17,0.752106916691557
4.752,attitude_only,-1.1057264727941523e-16,4.758821584439105e-17,2.052792621266452e-15,1.0,0.0,0.0,0.0,1.0,-2.2114529455883027e-16,9.517643168878256e-17,4.105585242532904e-15,0.0,0.0,0.0,5.723899113007437e-16,7.663358516798636e-16,3.558735318885295e-15,-5.427451709010229e-19,-9.339071837142884e-19,-8.94888916953937e-20,0.034127142,0.034127142,0.008531785500000007,0.008531785499999984,0.0085317855,0.008531785500000007,533.2849613480586,533.2849613480578,533.2849613480583,533.2849613480586,3.877745086392639,1.0199706000001014,6.502040792193983e-16,-3.4058613503371392e-18,0.7913689600768785
4.77,attitude_only,-1.0780190405579048e-16,5.163159527627144e-17,2.0722836402787743e-15,1.0,0.0,0.0,0.0,1.0,-2.1560380811158073e-16,1.0326319055254333e-16,4.144567280557549e-15,0.0,0.0,0.0,5.349264644669631e-16,8.244352026714935e-16,4.1615316092954045e-15,-5.074177110608913e-19,-1.0184662385523309e-18,-8.94888916953937e-20,0.034127142,0.034127142,0.008531785500000007,0.008531785499999984,0.0085317855,0.008531785500000008,533.2849613480586,533.2849613480578,533.2849613480583,533.2849613480586,3.7564573340876595,1.0199706000001014,6.528405456645694e-16,8.000451962128777e-18,0.8306246359752929
4.78,attitude_only,-1.0514663048533742e-16,5.586384296884441e-17,2.0946017768211243e-15,1.0,0.0,0.0,0.0,1.0,-2.1029326097067462e-16,1.1172768593768927e-16,4.1892035536422486e-15,0.0,0.0,0.0,5.164452661581863e-16,8.76655185081252e-16,4.591130186910878e-15,-4.904047257519414e-19,-1.0898967692948543e-18,-8.94888916953937e-20,0.034127142,0.034127142,0.008531785500000008,0.008531785499999984,0.008531785499999998,0.008531785500000008,533.2849613480586,533.2849613480578,533.2849613480582,533.2849613480586,3.7885233347729543,1.0199706000001014,6.555659347365906e-16,1.9602653895194672e-17,0.8697925093504334
4.79,attitude_only,-1.0255305963133269e-16,6.021500110086278e-17,2.116820594664034e-15,1.0,0.0,0.0,0.0,1.0,-2.0510611926266512e-16,1.2043000220172601e-16,4.233641189328068e-15,0.0,0.0,0.0,5.165705659032842e-16,8.928141641016324e-16,4.20400613454292e-15,-4.957207911050917e-19,-1.1182156857603268e-18,-8.94888916953937e-20,0.034127142,0.034127142,0.008531785500000008,0.008531785499999984,0.008531785499999998,0.008531785500000008,533.2849613480586,533.2849613480578,533.2849613480582,533.2849613480586,3.807936268526049,1.0199706000001014,6.583633063820198e-16,3.134822513842387e-17,0.9086483893858168
4.8,attitude_only,-1.000435255649924e-16,6.480718620778348e-17,2.1375705322415014e-15,1.0,0.0,0.0,0.0,1.0,-2.0008705112998453e-16,1.2961437241556738e-16,4.275141064483003e-15,0.0,0.0,0.0,4.778884978289439e-16,9.211493304905008e-16,3.837001176751688e-15,-4.540811943941726e-19,-1.1614293787318738e-18,-8.94888916953937e-20,0.034127142,0.034127142,0.008531785500000008,0.008531785499999984,0.008531785499999998,0.008531785500000008,533.2849613480586,533.2849613480578,533.2849613480582,533.2849613480586,3.8138261488690826,1.0199706000001014,6.612188567320351e-16,4.319794075423653e-17,0.9470222460882282
4.8100000000000005,attitude_only,-9.82426964107674e-17,6.890053966905755e-17,2.1551071680974597e-15,1.0,0.0,0.0,0.0,1.0,-1.964853928215345e-16,1.3780107933811552e-16,4.3102143361949195e-15,0.0,0.0,0.0,2.262346417966193e-16,6.786854007797645e-16,3.216877866299844e-15,-1.5435891357334949e-19,-8.772595170867883e-19,-8.94888916953937e-20,0.034127142,0.034127142,0.008531785500000008,0.008531785499999988,0.008531785499999998,0.008531785500000003,533.2849613480586,533.2849613480579,533.2849613480582,533.2849613480585,3.806595132341718,1.0199706000001014,6.641226821160879e-16,5.5126971793890164e-17,0.98479895675055
4.82,attitude_only,-9.823828958472797e-17,7.114762801245265e-17,2.1704615364391046e-15,1.0,0.0,0.0,0.0,1.0,-1.9647657916945562e-16,1.4229525602490572e-16,4.340923072878209e-15,0.0,0.0,0.0,-1.9264378023523336e-16,2.576565041057461e-16,3.057019486923547e-15,3.5022163066722596e-19,-3.746014061190237e-19,-8.94888916953937e-20,0.034127142,0.034127142,0.008531785500000008,0.008531785499999996,0.008531785499999998,0.008531785499999996,533.2849613480586,533.2849613480582,533.2849613480582,533.2849613480582,3.787284065834151,1.0199706000001014,6.670590531676107e-16,6.712444557475509e-17,1.0218993547485913
4.83,attitude_only,-1.0022855712262203e-16,7.131246847701054e-17,2.1857570542482893e-15,1.0,0.0,0.0,0.0,1.0,-2.0045711424524373e-16,1.4262493695402152e-16,4.3715141084965786e-15,0.0,0.0,0.0,-5.600738886850248e-16,-1.4387735510422072e-16,3.036436471561349e-15,7.967384996938258e-19,1.0867799848397858e-19,-8.94888916953937e-20,0.034127142,0.034127142,0.008531785500000008,0.008531785500000003,0.008531785499999998,0.00853178549999999,533.2849613480586,533.2849613480585,533.2849613480582,533.284961348058,3.75720312139441,1.0199706000001014,6.70015793533963e-16,7.918487111991767e-17,1.058268148184945
4.84,attitude_only,-1.0383964521775001e-16,6.965546074357162e-17,2.2015111795621526e-15,1.0,0.0,0.0,0.0,1.0,-2.0767929043549972e-16,1.3931092148714371e-16,4.403022359124305e-15,0.0,0.0,0.0,-8.495887757917674e-16,-4.675460820210764e-16,3.2561961441521953e-15,1.1526522519798343e-18,5.017559316044161e-19,-8.94888916953937e-20,0.034127142,0.034127142,0.008531785500000008,0.008531785500000008,0.008531785499999998,0.008531785499999984,533.2849613480586,533.2849613480586,533.2849613480582,533.2849613480578,3.7177222358358835,1.0199706000001014,6.729883746502086e-16,9.129946531371557e-17,1.093866135120962
4.85,attitude_only,-1.086678639177148e-16,6.676577138015504e-17,2.2164448847577216e-15,1.0,0.0,0.0,0.0,1.0,-2.173357278354293e-16,1.3353154276031058e-16,4.432889769515443e-15,0.0,0.0,0.0,-1.0085981616200393e-15,-6.186214667500502e-16,2.6753851638503224e-15,1.3535494965899606e-18,6.892326079466849e-19,-8.94888916953937e-20,0.034127142,0.034127142,0.008531785500000008,0.008531785500000012,0.008531785499999998,0.00853178549999998,533.2849613480586,533.2849613480587,533.2849613480582,533.2849613480577,3.6701576046771627,1.0199706000001014,6.759751403043553e-16,1.0346120418444354e-16,1.1286651259213871
4.86,attitude_only,-1.1350780827053209e-16,6.382209122865591e-17,2.228112638179048e-15,1.0,0.0,0.0,0.0,1.0,-2.270156165410639e-16,1.2764418245731235e-16,4.456225276358096e-15,0.0,0.0,0.0,-9.04163034527477e-16,-5.2866814500645e-16,2.1464103923386654e-15,1.2372689744241614e-18,5.865753033044296e-19,-8.94888916953937e-20,0.034127142,0.034127142,0.008531785500000008,0.00853178550000001,0.008531785499999998,0.008531785499999982,533.2849613480586,533.2849613480586,533.2849613480582,533.2849613480578,3.6157152909692227,1.0199706000001014,6.789782991828416e-16,1.1566253909198848e-16,1.162644586282761
4.87,attitude_only,-1.1738270230227532e-16,6.185653891124773e-17,2.2372421491423304e-15,1.0,0.0,0.0,0.0,1.0,-2.3476540460455034e-16,1.2371307782249598e-16,4.474484298284661e-15,0.0,0.0,0.0,-6.393102480144736e-16,-2.617598852463773e-16,1.626180725889872e-15,9.25838733088702e-19,2.689029904448061e-19,-8.94888916953937e-20,0.034127142,0.034127142,0.008531785500000008,0.008531785500000005,0.008531785499999998,0.008531785499999988,533.2849613480586,533.2849613480585,533.2849613480582,533.2849613480579,3.5554682117136687,1.0199706000001014,6.820032779802597e-16,1.2789295442963271e-16,1.1957893852296748
4.88,attitude_only,-1.1958567752173556e-16,6.152455859080367e-17,2.2451969517128514e-15,1.0,0.0,0.0,0.0,1.0,-2.391713550434708e-16,1.2304911718160788e-16,4.490393903425703e-15,0.0,0.0,0.0,-2.9407213717728723e-16,8.659191183226053e-17,1.6653453547641276e-15,5.144937214558511e-19,-1.4998508516788185e-19,-8.94888916953937e-20,0.034127142,0.034127142,0.008531785500000008,0.008531785499999998,0.008531785499999998,0.008531785499999993,533.2849613480586,533.2849613480582,533.2849613480582,533.2849613480581,3.4903520860628934,1.0199706000001014,6.850543261212467e-16,1.4014521475037093e-16,1.228088261064272
4.89,attitude_only,-1.2024423740156072e-16,6.269650224463034e-17,2.2535301684212504e-15,1.0,0.0,0.0,0.0,1.0,-2.4048847480312114e-16,1.2539300448926123e-16,4.507060336842501e-15,0.0,0.0,0.0,-2.065987853056716e-18,3.5818526148955164e-16,1.6712028503225562e-15,1.6410700214530515e-19,-4.794789573715266e-19,-8.94888916953937e-20,0.034127142,0.034127142,0.008531785500000008,0.008531785499999993,0.008531785499999998,0.008531785499999998,533.2849613480586,533.2849613480581,533.2849613480582,533.2849613480582,3.4211716469469975,1.0199706000001014,6.881323774299277e-16,1.5241533723083854e-16,1.2595327599691055
4.9,attitude_only,-1.197271892142255e-16,6.509591165878067e-17,2.262730880816623e-15,1.0,0.0,0.0,0.0,1.0,-2.394543784284507e-16,1.3019182331756188e-16,4.525461761633246e-15,0.0,0.0,0.0,1.821365057056893e-16,5.73854800728221e-16,1.856070326913883e-15,-5.875735518224709e-20,-7.440209524652125e-19,-8.94888916953937e-20,0.034127142,0.034127142,0.008531785500000008,0.00853178549999999,0.008531785499999998,0.008531785500000002,533.2849613480586,533.284961348058,533.2849613480582,533.2849613480583,3.348611923264468,1.0199706000001014,6.912349068630815e-16,1.647041148440993e-16,1.290116490254451
4.91,attitude_only,-1.1829135835222012e-16,6.858664117672569e-17,2.2718734710252543e-15,1.0,0.0,0.0,0.0,1.0,-2.3658271670443993e-16,1.3717328235345192e-16,4.5437469420505085e-15,0.0,0.0,0.0,3.742978176861154e-16,7.906745314271523e-16,1.9113269602132125e-15,-2.930939077356194e-19,-1.0121113746182012e-18,-8.94888916953937e-20,0.034127142,0.034127142,0.008531785500000008,0.008531785499999986,0.008531785499999998,0.008531785500000007,533.2849613480586,533.2849613480579,533.2849613480582,533.2849613480586,3.2732515457658553,1.0199706000001014,6.94359751852508e-16,1.7701340056153325e-16,1.3198345906121645
4.92,attitude_only,-1.1604555216418699e-16,7.306983822504204e-17,2.2812446676181216e-15,1.0,0.0,0.0,0.0,1.0,-2.3209110432837363e-16,1.461396764500846e-16,4.562489335236243e-15,0.0,0.0,0.0,5.089790648309083e-16,9.793443382455856e-16,1.8442140778655488e-15,-4.598011949576799e-19,-1.2483085861827768e-18,-8.94888916953937e-20,0.034127142,0.034127142,0.00853178550000001,0.008531785499999982,0.008531785499999998,0.008531785500000008,533.2849613480586,533.2849613480578,533.2849613480582,533.2849613480586,3.1955763391626495,1.0199706000001014,6.975068895645538e-16,1.8934272746251586e-16,1.348683345739662
4.93,attitude_only,-1.1317729509875192e-16,7.839861540134238e-17,2.2895131855917855e-15,1.0,0.0,0.0,0.0,1.0,-2.263545901975035e-16,1.5679723080268528e-16,4.579026371183571e-15,0.0,0.0,0.0,5.924262606914794e-16,1.1151248152252616e-15,1.3333175955522284e-15,-5.658620925972799e-19,-1.4223964067106404e-18,-8.94888916953937e-20,0.034127142,0.034127142,0.00853178550000001,0.00853178549999998,0.008531785499999996,0.008531785500000012,533.2849613480586,533.2849613480577,533.2849613480582,533.2849613480587,3.115992257153386,1.0199706000001014,7.006756787557923e-16,2.0169225325880357e-16,1.3766599050308248
4.94,attitude_only,-1.1033355304091121e-16,8.38486282815404e-17,2.294065083601829e-15,1.0,0.0,0.0,0.0,1.0,-2.2066710608182203e-16,1.676972565630813e-16,4.588130167203658e-15,0.0,0.0,0.0,5.149989113093916e-16,1.04000071323164e-15,6.780931760548446e-16,-4.780992624518689e-19,-1.3426474914506117e-18,-8.94888916953937e-20,0.034127142,0.034127142,0.00853178550000001,0.008531785499999982,0.008531785499999996,0.00853178550000001,533.2849613480586,533.2849613480578,533.2849613480582,533.2849613480586,3.034837193826962,1.0199706000001014,7.038649638786196e-16,2.1406306441782532e-16,1.4037620744360393
4.95,attitude_only,-1.0837565449769387e-16,8.846300269719917e-17,2.295934389284491e-15,1.0,0.0,0.0,0.0,1.0,-2.1675130899538735e-16,1.7692600539439883e-16,4.591868778568982e-15,0.0,0.0,0.0,2.6316907170257583e-16,8.13839087084276e-16,1.2759837823555069e-16,-1.7853514564071555e-19,-1.0793919309446175e-18,-8.94888916953937e-20,0.034127142,0.034127142,0.00853178550000001,0.008531785499999986,0.008531785499999996,0.008531785500000005,533.2849613480586,533.2849613480579,533.2849613480582,533.2849613480585,2.952391486348301,1.0199706000001014,7.070688102241343e-16,2.2645961617355795e-16,1.4299881610003753
4.96,attitude_only,-1.0797442119935698e-16,9.163106296306488e-17,2.296370711811592e-15,1.0,0.0,0.0,0.0,1.0,-2.1594884239871354e-16,1.8326212592613025e-16,4.592741423623184e-15,0.0,0.0,0.0,-5.428623827587139e-17,4.936977644818983e-16,1.3463451014851917e-16,2.0295408871617976e-19,-7.001593214665831e-19,-8.94888916953937e-20,0.034127142,0.034127142,0.00853178550000001,0.008531785499999993,0.008531785499999996,0.0085317855,533.2849613480586,533.2849613480581,533.2849613480582,533.2849613480583,2.8688870853869055,1.0199706000001014,7.102826257236068e-16,2.388871747565912e-16,1.455336855815788
4.97,attitude_only,-1.0893744445252122e-16,9.338604819861846e-17,2.297632840039535e-15,1.0,0.0,0.0,0.0,1.0,-2.1787488890504202e-16,1.867720963972374e-16,4.59526568007907e-15,0.0,0.0,0.0,-2.9497759631305987e-16,2.285500061696649e-16,2.508796270928782e-16,4.947334943239364e-19,-3.8426751155359964e-19,-8.94888916953937e-20,0.034127142,0.034127142,0.00853178550000001,0.008531785499999996,0.008531785499999996,0.008531785499999995,533.2849613480586,533.2849613480582,533.2849613480582,533.2849613480581,2.7845154581156093,1.0199706000001014,7.13504037819204e-16,2.513476883478937e-16,1.4798071453060917
4.98,attitude_only,-1.109682769043238e-16,9.383905883186057e-17,2.2992748570018583e-15,1.0,0.0,0.0,0.0,1.0,-2.2193655380864717e-16,1.8767811766372166e-16,4.5985497140037166e-15,0.0,0.0,0.0,-4.964361552642533e-16,-1.1784232385858655e-17,3.9676920788251947e-16,7.414481266180114e-19,-9.57485829631128e-20,-8.94888916953937e-20,0.034127142,0.034127142,0.00853178550000001,0.008531785500000002,0.008531785499999996,0.008531785499999991,533.2849613480586,533.2849613480583,533.2849613480582,533.284961348058,2.699434332704798,1.0199706000001014,7.16734708693806e-16,2.6383849358983657e-16,1.5033982436167088
4.99,attitude_only,-1.1386182011290752e-16,9.327877138539073e-17,2.3013652254305514e-15,1.0,0.0,0.0,0.0,1.0,-2.277236402258146e-16,1.8655754277078197e-16,4.602730450861103e-15,0.0,0.0,0.0,-6.460628112436962e-16,-1.749370049320128e-16,4.260657930939304e-16,9.274607419057798e-19,1.0178411414159225e-19,-8.94888916953937e-20,0.034127142,0.034127142,0.00853178550000001,0.008531785500000003,0.008531785499999996,0.008531785499999988,533.2849613480586,533.2849613480585,533.2849613480582,533.2849613480579,2.613773410991095,1.0199706000001014,7.199756436105174e-16,2.763580856780707e-16,1.5261095408580712
5.0,attitude_only,-1.1739178894977325e-16,9.224349054754087e-17,2.3041329028721117e-15,1.0,0.0,0.0,0.0,1.0,-2.3478357789954606e-16,1.8448698109508228e-16,4.6082658057442234e-15,0.0,0.0,0.0,-7.302833841077285e-16,-2.294942819311304e-16,6.950519341910204e-16,1.0358282631836955e-18,1.695477893598446e-19,-8.94888916953937e-20,0.034127142,0.034127142,0.00853178550000001,0.008531785500000005,0.008531785499999996,0.008531785499999988,533.2849613480586,533.2849613480585,533.2849613480582,533.2849613480579,2.527639178479488,1.0199706000001014,7.23229493795044e-16,2.889055074998783e-16,1.5479405633424013
5.01,attitude_only,-1.211500521141779e-16,9.096062586311749e-17,2.3077257113530035e-15,1.0,0.0,0.0,0.0,1.0,-2.4230010422835534e-16,1.8192125172623555e-16,4.615451422706007e-15,0.0,0.0,0.0,-7.641024394947072e-16,-2.7574205060792564e-16,7.079044853428722e-16,1.084052154043017e-18,2.2780253227807813e-19,-8.94888916953937e-20,0.034127142,0.034127142,0.00853178550000001,0.008531785500000007,0.008531785499999996,0.008531785499999986,533.2849613480586,533.2849613480586,533.2849613480582,533.2849613480579,2.441118934866784,1.0199706000001014,7.264996755002169e-16,3.014791354427736e-16,1.5688909429465605
5.02,attitude_only,-1.2505754311379579e-16,8.948235129457657e-17,2.311109634884572e-15,1.0,0.0,0.0,0.0,1.0,-2.501150862275912e-16,1.789647025891537e-16,4.622219269769144e-15,0.0,0.0,0.0,-7.963928733445109e-16,-3.037066080868589e-16,6.500374922072388e-16,1.1307646033962263e-18,2.6439706733366653e-19,-8.94888916953937e-20,0.034127142,0.034127142,0.00853178550000001,0.008531785500000007,0.008531785499999996,0.008531785499999986,533.2849613480586,533.2849613480586,533.2849613480582,533.2849613480579,2.3542841580072618,1.0199706000001014,7.297863667313429e-16,3.1407737701736326e-16,1.5889603934522518
5.03,attitude_only,-1.2917494449728035e-16,8.789754646047521e-17,2.3145637953136744e-15,1.0,0.0,0.0,0.0,1.0,-2.583498889945603e-16,1.75795092920951e-16,4.629127590627349e-15,0.0,0.0,0.0,-8.498457711028009e-16,-3.2832313986629977e-16,7.410230888843684e-16,1.203406538417203e-18,2.972201368676588e-19,-8.94888916953937e-20,0.034127142,0.034127142,0.00853178550000001,0.008531785500000007,0.008531785499999996,0.008531785499999984,533.2849613480586,533.2849613480586,533.2849613480582,533.2849613480578,2.2671933021872928,1.0199706000001014,7.330899208825299e-16,3.267010775083368e-16,1.6081486922413273
5.04,attitude_only,-1.335104916369171e-16,8.633316315902265e-17,2.316835076012366e-15,1.0,0.0,0.0,0.0,1.0,-2.670209832738338e-16,1.726663263180459e-16,4.633670152024732e-15,0.0,0.0,0.0,-8.555714350190089e-16,-2.881427077574867e-16,1.0376621360614968e-16,1.2188330494668424e-18,2.5188504541465793e-19,-8.94888916953937e-20,0.034127142,0.034127142,0.00853178550000001,0.008531785500000007,0.008531785499999996,0.008531785499999984,533.2849613480586,533.2849613480586,533.2849613480582,533.2849613480578,2.1798941191996404,1.0199706000001014,7.364102725335611e-16,3.3935149947755937e-16,1.6264556661138172
5.05,attitude_only,-1.3732563213985741e-16,8.523482647064909e-17,2.316323196666738e-15,1.0,0.0,0.0,0.0,1.0,-2.7465126427971443e-16,1.7046965294129882e-16,4.632646393333476e-15,0.0,0.0,0.0,-6.60166149416219e-16,-1.4447572156591618e-16,-3.029276847082749e-16,9.909483682376566e-19,8.092941920043242e-20,-8.94888916953937e-20,0.034127142,0.034127142,0.00853178550000001,0.008531785500000005,0.008531785499999996,0.008531785499999988,533.2849613480586,533.2849613480585,533.2849613480582,533.2849613480579,2.092425578837856,1.0199706000001014,7.397491518802118e-16,3.520278887492858e-16,1.643881180287724
5.06,attitude_only,-1.3982161776296856e-16,8.512738803062486e-17,2.3152583333556344e-15,1.0,0.0,0.0,0.0,1.0,-2.796432355259367e-16,1.7025477606125037e-16,4.630516666711269e-15,0.0,0.0,0.0,-3.7541430239148576e-16,7.040022833195463e-17,-7.241176274402356e-17,6.530002948318914e-19,-1.7762572296033206e-19,-8.94888916953937e-20,0.034127142,0.034127142,0.00853178550000001,0.0085317855,0.008531785499999996,0.008531785499999993,533.2849613480586,533.2849613480583,533.2849613480582,533.2849613480581,2.004819454499445,1.0199706000001014,7.431096928344199e-16,3.647244854771403e-16,1.6604251298591817
5.07,attitude_only,-1.4129842331270764e-16,8.594264523285934e-17,2.314998574380028e-15,1.0,0.0,0.0,0.0,1.0,-2.825968466254149e-16,1.7188529046571935e-16,4.629997148760056e-15,0.0,0.0,0.0,-2.265112589321477e-16,2.253197144867124e-16,-9.25094440433093e-17,4.765817552700075e-19,-3.6578230349090867e-19,-8.94888916953937e-20,0.034127142,0.034127142,0.00853178550000001,0.008531785499999996,0.008531785499999996,0.008531785499999995,533.2849613480586,533.2849613480582,533.2849613480582,533.2849613480581,1.9171016297773942,1.0199706000001014,7.464942438637688e-16,3.774390080516189e-16,1.6760874331680746
5.08,attitude_only,-1.4205037168397133e-16,8.74541623629226e-17,2.314584383772973e-15,1.0,0.0,0.0,0.0,1.0,-2.8410074336794227e-16,1.7490832472584586e-16,4.629168767545946e-15,0.0,0.0,0.0,-9.143605988616024e-17,3.6069790842314954e-16,-3.344545257092642e-17,3.154058770136841e-19,-5.318431152988646e-19,-8.94888916953937e-20,0.034127142,0.034127142,0.00853178550000001,0.008531785499999995,0.008531785499999996,0.008531785499999998,533.2849613480586,533.2849613480581,533.2849613480582,533.2849613480582,1.8292931732834825,1.0199706000001014,7.499012241492183e-16,3.9017539936007747e-16,1.6908680266411527
5.09,attitude_only,-1.4221073183068585e-16,8.955388146437245e-17,2.3144388883342626e-15,1.0,0.0,0.0,0.0,1.0,-2.844214636613713e-16,1.7910776292874556e-16,4.628877776668525e-15,0.0,0.0,0.0,1.6612576291321476e-17,4.641444927709395e-16,4.160886704460646e-17,1.8558138783779284e-19,-6.606204614439218e-19,-8.94888916953937e-20,0.034127142,0.034127142,0.00853178550000001,0.008531785499999993,0.008531785499999996,0.0085317855,533.2849613480586,533.2849613480581,533.2849613480582,533.2849613480583,1.741411221441801,1.0199706000001014,7.533297272418127e-16,4.0293494350964086e-16,1.704766860781903
5.1,attitude_only,-1.4187961228365502e-16,9.204837861726181e-17,2.3144884091427115e-15,1.0,0.0,0.0,0.0,1.0,-2.837592245673096e-16,1.8409675723452429e-16,4.628976818285423e-15,0.0,0.0,0.0,1.0644190025718555e-16,5.293307068462947e-16,-1.626199829309485e-17,7.672178007618412e-20,-7.441372254028109e-19,-8.94888916953937e-20,0.034127142,0.034127142,0.00853178550000001,0.008531785499999991,0.008531785499999998,0.008531785500000002,533.2849613480586,533.284961348058,533.2849613480582,533.2849613480583,1.65346970253788,1.0199706000001014,7.567792880871012e-16,4.157186792705424e-16,1.7177838970511248
5.11,attitude_only,-1.4115723337354341e-16,9.490452836188547e-17,2.3142596486838664e-15,1.0,0.0,0.0,0.0,1.0,-2.823144667470864e-16,1.898090567237716e-16,4.628519297367733e-15,0.0,0.0,0.0,1.8036036187386354e-16,6.084451515902903e-16,-7.209593819887795e-17,-1.3783977482568216e-20,-8.451590106115089e-19,-8.94888916953937e-20,0.034127142,0.034127142,0.00853178550000001,0.00853178549999999,0.008531785499999996,0.008531785500000003,533.2849613480586,533.284961348058,533.2849613480582,533.2849613480585,1.565479929802797,1.0199706000001014,7.602489778640442e-16,4.2852702207308246e-16,1.7299191054397502
5.12,attitude_only,-1.4012763158725133e-16,9.81467998921421e-17,2.314436091747609e-15,1.0,0.0,0.0,0.0,1.0,-2.802552631745022e-16,1.9629359978428485e-16,4.628872183495218e-15,0.0,0.0,0.0,2.1357356209878385e-16,6.670811994495381e-16,9.580274738071269e-17,-5.577555337346037e-20,-9.221930800371015e-19,-8.94888916953937e-20,0.034127142,0.034127142,0.00853178550000001,0.00853178549999999,0.008531785499999996,0.008531785500000003,533.2849613480586,533.284961348058,533.2849613480582,533.2849613480585,1.4774510866453108,1.0199706000001014,7.637396814921957e-16,4.413606458478596e-16,1.7411724625799037
5.13,attitude_only,-1.3905008957713054e-16,1.014941397656922e-16,2.3153735622008033e-15,1.0,0.0,0.0,0.0,1.0,-2.781001791542606e-16,2.0298827953138505e-16,4.630747124401607e-15,0.0,0.0,0.0,2.0554099452564408e-16,6.573228364970089e-16,2.1425029348171474e-16,-4.819188223094905e-20,-9.170562728590365e-19,-8.94888916953937e-20,0.034127142,0.034127142,0.00853178550000001,0.00853178549999999,0.008531785499999996,0.008531785500000003,533.2849613480586,533.284961348058,533.2849613480582,533.2849613480585,1.389390623210388,1.0199706000001014,7.672514029139036e-16,4.542204689008761e-16,1.7515439502746104
5.14,attitude_only,-1.3810193359806368e-16,1.0473445816856966e-16,2.3164001409499967e-15,1.0,0.0,0.0,0.0,1.0,-2.7620386719612686e-16,2.0946891633713997e-16,4.632800281899993e-15,0.0,0.0,0.0,1.743737756518555e-16,6.402762758565873e-16,1.9775146001847302e-16,-1.2534957338921295e-20,-9.030031628490963e-19,-8.94888916953937e-20,0.034127142,0.034127142,0.00853178550000001,0.00853178549999999,0.008531785499999996,0.008531785500000003,533.2849613480586,533.284961348058,533.2849613480582,533.2849613480585,1.3013045801407785,1.0199706000001014,7.707824851121382e-16,4.671079349075763e-16,1.7610335543532336
5.15,attitude_only,-1.3730478465799592e-16,1.0784280560530458e-16,2.3173453670067053e-15,1.0,0.0,0.0,0.0,1.0,-2.7460956931599135e-16,2.156856112106098e-16,4.6346907340134106e-15,0.0,0.0,0.0,1.55293744583779e-16,6.061619822477219e-16,1.807465413614331e-16,8.8081424969326e-21,-8.681276303409354e-19,-8.94888916953937e-20,0.034127142,0.034127142,0.00853178550000001,0.00853178549999999,0.008531785499999996,0.008531785500000003,533.2849613480586,533.284961348058,533.2849613480582,533.2849613480585,1.213197852655659,1.0199706000001014,7.743329123657861e-16,4.800236456923343e-16,1.769641263780386
5.16,attitude_only,-1.3667306665973305e-16,1.108591085081788e-16,2.318203290784241e-15,1.0,0.0,0.0,0.0,1.0,-2.733461333194656e-16,2.2171821701635824e-16,4.636406581568482e-15,0.0,0.0,0.0,1.111999866264267e-16,5.934511989307514e-16,1.6475778630037702e-16,6.060865217949111e-20,-8.588092023498782e-19,-8.94888916953937e-20,0.034127142,0.034127142,0.00853178550000001,0.00853178549999999,0.008531785499999996,0.008531785500000002,533.2849613480586,533.284961348058,533.2849613480582,533.2849613480583,1.1250744057594952,1.0199706000001014,7.779033274975311e-16,4.929674716841737e-16,1.7773670699621342
5.17,attitude_only,-1.3616876432608387e-16,1.1374367961550875e-16,2.3189844434389343e-15,1.0,0.0,0.0,0.0,1.0,-2.723375286521672e-16,2.2748735923101815e-16,4.6379688868778685e-15,0.0,0.0,0.0,9.073363636351977e-17,5.593275405366716e-16,1.4953045814999432e-16,8.426093613134427e-20,-8.234540876823491e-19,-8.94888916953937e-20,0.034127142,0.034127142,0.00853178550000001,0.008531785499999991,0.008531785499999996,0.008531785500000002,533.2849613480586,533.284961348058,533.2849613480582,533.2849613480583,1.0369374494804948,1.0199706000001014,7.814944644034799e-16,5.059393836024763e-16,1.784210966205779
5.18,attitude_only,-1.357625976430216e-16,1.164578569260586e-16,2.319675757489428e-15,1.0,0.0,0.0,0.0,1.0,-2.7152519528604266e-16,2.3291571385211783e-16,4.639351514978856e-15,0.0,0.0,0.0,6.432768581742961e-17,5.303413876543483e-16,1.2998954723348946e-16,1.1530479992847817e-19,-7.939741181001044e-19,-8.94888916953937e-20,0.034127142,0.034127142,0.00853178550000001,0.008531785499999991,0.008531785499999996,0.008531785500000002,533.2849613480586,533.284961348058,533.2849613480582,533.2849613480583,0.9487895814528373,1.0199706000001014,7.851064409120124e-16,5.189386660722685e-16,1.790172947299201
5.19,attitude_only,-1.3551102337120967e-16,1.1898837956534566e-16,2.321033923662389e-15,1.0,0.0,0.0,0.0,1.0,-2.710220467424188e-16,2.3797675913069196e-16,4.642067847324778e-15,0.0,0.0,0.0,4.158296006714606e-17,4.843587632891695e-16,2.7305476851936606e-16,1.4218264122814693e-19,-7.436385564947819e-19,-8.94888916953937e-20,0.034127142,0.034127142,0.00853178550000001,0.008531785499999991,0.008531785499999996,0.008531785500000002,533.2849613480586,533.284961348058,533.2849613480582,533.2849613480583,0.8606329028441351,1.0199706000001014,7.887398215435528e-16,5.319655340612298e-16,1.7952530091832946
5.2,attitude_only,-1.3535107414272225e-16,1.21332485867563e-16,2.3223938657922715e-15,1.0,0.0,0.0,0.0,1.0,-2.7070214828544395e-16,2.4266497173512665e-16,4.644787731584543e-15,0.0,0.0,0.0,2.0343037775608707e-17,4.756607673725739e-16,2.7254656571506044e-16,1.6746711760023565e-19,-7.379575690685929e-19,-8.94888916953937e-20,0.034127142,0.034127142,0.00853178550000001,0.008531785499999991,0.008531785499999996,0.0085317855,533.2849613480586,533.284961348058,533.2849613480582,533.2849613480583,0.7724691125470908,1.0199706000001014,7.923947547751975e-16,5.450199285764463e-16,1.7994511486968836
5.21,attitude_only,-1.353213984324291e-16,1.2379450776172937e-16,2.323756471963416e-15,1.0,0.0,0.0,0.0,1.0,-2.706427968648576e-16,2.475890155234594e-16,4.647512943926832e-15,0.0,0.0,0.0,-8.337092057032691e-19,4.992633405208715e-16,2.720390284454866e-16,1.9288755106986706e-19,-7.712732902517585e-19,-8.94888916953937e-20,0.034127142,0.034127142,0.00853178550000001,0.008531785499999991,0.008531785499999996,0.0085317855,533.2849613480586,533.284961348058,533.2849613480582,533.2849613480583,0.6842995836615547,1.0199706000001014,7.96072760461646e-16,5.581016482952425e-16,1.8027673633780776
5.22,attitude_only,-1.354421189284503e-16,1.2632921499161637e-16,2.325122630063529e-15,1.0,0.0,0.0,0.0,1.0,-2.708842378569e-16,2.526584299832334e-16,4.650245260127058e-15,0.0,0.0,0.0,-4.798106338834114e-17,5.162782766652601e-16,2.738151668763718e-16,2.499441867229159e-19,-7.968539963916774e-19,-8.94888916953937e-20,0.034127142,0.034127142,0.008531785500000012,0.008531785499999991,0.008531785499999996,0.0085317855,533.2849613480587,533.284961348058,533.2849613480582,533.2849613480583,0.5961254255592053,1.0199706000001014,7.997755960295086e-16,5.7121070044945275e-16,1.8052016513095757
5.23,attitude_only,-1.357971560201376e-16,1.2904696572893861e-16,2.3264955110963635e-15,1.0,0.0,0.0,0.0,1.0,-2.715943120402746e-16,2.5809393145787787e-16,4.652991022192727e-15,0.0,0.0,0.0,-8.435136448330214e-17,5.640440539111331e-16,2.7482972713868536e-16,2.9443206168170217e-19,-8.598133696258366e-19,-8.94888916953937e-20,0.034127142,0.034127142,0.008531785500000012,0.008531785499999991,0.008531785499999995,0.0085317855,533.2849613480587,533.284961348058,533.2849613480581,533.2849613480583,0.5079475342197621,1.0199706000001014,8.035036207607438e-16,5.843478327594208e-16,1.8067540109981957
5.24,attitude_only,-1.362996265257071e-16,1.3190310060559522e-16,2.327869913402374e-15,1.0,0.0,0.0,0.0,1.0,-2.725992530514136e-16,2.638062012111911e-16,4.655739826804748e-15,0.0,0.0,0.0,-1.0178550274262908e-16,5.716470027772515e-16,2.7406840610853365e-16,3.1637088262032077e-19,-8.74653378292951e-19,-8.94888916953937e-20,0.034127142,0.034127142,0.008531785500000012,0.008531785499999991,0.008531785499999995,0.0085317855,533.2849613480587,533.284961348058,533.2849613480581,533.2849613480583,0.4197666330329825,1.0199706000001014,8.072580469715147e-16,5.975129281830592e-16,1.8074244412810543
5.25,attitude_only,-1.3687093335029004e-16,1.3484296665945477e-16,2.329241650729323e-15,1.0,0.0,0.0,0.0,1.0,-2.7374186670057945e-16,2.696859333189102e-16,4.658483301458646e-15,0.0,0.0,0.0,-1.2560794767684263e-16,6.040003102179435e-16,2.74068300228007e-16,3.4621389601814543e-19,-9.195173503239608e-19,-8.94888916953937e-20,0.034127142,0.034127142,0.008531785500000014,0.008531785499999991,0.008531785499999995,0.0085317855,533.2849613480587,533.284961348058,533.2849613480581,533.2849613480583,0.3315833058553265,1.0199706000001014,8.110385425775875e-16,6.107053878528696e-16,1.8072129412525013
5.26,attitude_only,-1.375778416812535e-16,1.3792236585229143e-16,2.330612626538607e-15,1.0,0.0,0.0,0.0,1.0,-2.7515568336250635e-16,2.758447317045835e-16,4.661225253077214e-15,0.0,0.0,0.0,-1.4980612580682533e-16,6.243995324853533e-16,2.750832688866317e-16,3.7674977103219284e-19,-9.502404123697059e-19,-8.94888916953937e-20,0.034127142,0.034127142,0.008531785500000014,0.008531785499999991,0.008531785499999993,0.0085317855,533.2849613480587,533.284961348058,533.2849613480581,533.2849613480583,0.24339802377862232,1.0199706000001014,8.14846010841855e-16,6.23925316351896e-16,1.8061195102072194
5.27,attitude_only,-1.3837908396426674e-16,1.4110884412248422e-16,2.331987027528674e-15,1.0,0.0,0.0,0.0,1.0,-2.7675816792853283e-16,2.822176882449691e-16,4.663974055057348e-15,0.0,0.0,0.0,-1.7110662002694653e-16,6.467336982465734e-16,2.735605890118564e-16,4.040214302966077e-19,-9.835087482656357e-19,-8.94888916953937e-20,0.034127142,0.034127142,0.008531785500000014,0.008531785499999991,0.008531785499999993,0.0085317855,533.2849613480587,533.284961348058,533.2849613480581,533.2849613480583,0.1552111667966798,1.0199706000001014,8.186810307845209e-16,6.371729836676353e-16,1.8041441475959084
5.28,attitude_only,-1.3931409333835783e-16,1.4445023054791692e-16,2.3333558450869357e-15,1.0,0.0,0.0,0.0,1.0,-2.7862818667671496e-16,2.889004610958345e-16,4.6667116901738714e-15,0.0,0.0,0.0,-1.9836923438979503e-16,6.802407081513393e-16,2.7457554254469304e-16,4.38720259875924e-19,-1.0305195672328687e-18,-8.94888916953937e-20,0.034127142,0.034127142,0.008531785500000015,0.008531785499999991,0.008531785499999993,0.0085317855,533.2849613480588,533.284961348058,533.2849613480581,533.2849613480583,0.06702304133462803,1.0199706000001014,8.225441833932061e-16,6.504484374966392e-16,1.8012868529907726
5.29,attitude_only,-1.4035586259178755e-16,1.4792086872527995e-16,2.3347274535991385e-15,1.0,0.0,0.0,0.0,1.0,-2.807117251835744e-16,2.9584173745056053e-16,4.669454907198277e-15,0.0,0.0,0.0,-2.2409073098514476e-16,7.089602350417563e-16,2.748292090804063e-16,4.718269631001951e-19,-1.0720726018517865e-18,-8.94888916953937e-20,0.034127142,0.034127142,0.008531785500000015,0.008531785499999991,0.008531785499999991,0.008531785500000002,533.2849613480588,533.284961348058,533.284961348058,533.2849613480583,-0.02116610557479974,1.0199706000001014,8.264363332795368e-16,6.637519546708948e-16,1.7975476260586476
5.3,attitude_only,-1.4148826960920834e-16,1.5148225369277668e-16,2.3361073092554235e-15,1.0,0.0,0.0,0.0,1.0,-2.82976539218416e-16,3.02964507385554e-16,4.672214618510847e-15,0.0,0.0,0.0,-2.301118726418342e-16,7.173275504907154e-16,2.7635175660452545e-16,4.813534518146407e-19,-1.0892866558954445e-18,-8.94888916953937e-20,0.034127142,0.034127142,0.008531785500000015,0.008531785499999991,0.008531785499999991,0.008531785500000002,533.2849613480588,533.284961348058,533.284961348058,533.2849613480583,-0.1093560748315372,1.0199706000001014,8.303579626608777e-16,6.770837246126244e-16,1.7929264665400628
5.31,attitude_only,-1.427385617462982e-16,1.5513456150977452e-16,2.337485388323285e-15,1.0,0.0,0.0,0.0,1.0,-2.8547712349259565e-16,3.1026912301954973e-16,4.67497077664657e-15,0.0,0.0,0.0,-2.689253556475928e-16,7.416179893704325e-16,2.7457536103522686e-16,5.306188849780269e-19,-1.1258513624448091e-18,-8.94888916953937e-20,0.034127142,0.034127142,0.008531785500000015,0.008531785499999991,0.008531785499999991,0.0085317855,533.2849613480588,533.284961348058,533.284961348058,533.2849613480583,-0.19754670600761404,1.0199706000001014,8.343093537846156e-16,6.904435506912949e-16,1.7874233742329437
5.32,attitude_only,-1.4414655405893767e-16,1.5891969400401485e-16,2.3388519208624874e-15,1.0,0.0,0.0,0.0,1.0,-2.882931081178746e-16,3.178393880080304e-16,4.677703841724975e-15,0.0,0.0,0.0,-3.005977908588725e-16,7.765346331475442e-16,2.7330649895405523e-16,5.716317851401515e-19,-1.175516681308819e-18,-8.94888916953937e-20,0.034127142,0.034127142,0.008531785500000017,0.008531785499999991,0.00853178549999999,0.008531785500000002,533.2849613480588,533.284961348058,533.284961348058,533.2849613480583,-0.28573786986665994,1.0199706000001014,8.382914622146416e-16,7.038323254036672e-16,1.7810383489799149
5.33,attitude_only,-1.4569080280319024e-16,1.6280793132538116e-16,2.3402184533591487e-15,1.0,0.0,0.0,0.0,1.0,-2.9138160560637975e-16,3.25615862650763e-16,4.680436906718297e-15,0.0,0.0,0.0,-3.1689357825256133e-16,7.807302702222523e-16,2.730527359914407e-16,5.943556657951036e-19,-1.1883587485006912e-18,-8.94888916953937e-20,0.034127142,0.034127142,0.008531785500000017,0.008531785499999991,0.00853178549999999,0.0085317855,533.2849613480588,533.284961348058,533.284961348058,533.2849613480583,-0.3739294623234051,1.0199706000001014,8.423053731046233e-16,7.17250276189137e-16,1.7737713906584112
5.34,attitude_only,-1.4731666286351044e-16,1.6666587180456479e-16,2.3415849858359574e-15,1.0,0.0,0.0,0.0,1.0,-2.946333257270201e-16,3.3333174360913026e-16,4.683169971671915e-15,0.0,0.0,0.0,-3.4171970732240346e-16,7.720444530833052e-16,2.740677916233511e-16,6.275642177521381e-19,-1.1856562124647874e-18,-8.94888916953937e-20,0.034127142,0.034127142,0.008531785500000017,0.008531785499999991,0.00853178549999999,0.0085317855,533.2849613480588,533.284961348058,533.284961348058,533.2849613480583,-0.46212139956735354,1.0199706000001014,8.463510260041304e-16,7.306973074158891e-16,1.7656224991729799
5.35,attitude_only,-1.49070508210285e-16,1.7053360259869397e-16,2.3429623033965527e-15,1.0,0.0,0.0,0.0,1.0,-2.981410164205692e-16,3.4106720519738863e-16,4.6859246067931055e-15,0.0,0.0,0.0,-3.58885600732232e-16,7.816031042958128e-16,2.7660546662688313e-16,6.517521458512546e-19,-1.2049426249627545e-18,-8.94888916953937e-20,0.034127142,0.034127142,0.008531785500000017,0.008531785499999991,0.00853178549999999,0.0085317855,533.2849613480588,533.284961348058,533.284961348058,533.2849613480583,-0.5503136141278397,1.0199706000001014,8.504286485499552e-16,7.441738087823636e-16,1.7565916744492822
5.36,attitude_only,-1.5094421231599972e-16,1.7448914845210192e-16,2.344342158592918e-15,1.0,0.0,0.0,0.0,1.0,-3.018884246319986e-16,3.4897829690420453e-16,4.688684317185836e-15,0.0,0.0,0.0,-3.791847970840551e-16,7.94130050327696e-16,2.753366149446894e-16,6.799030294442831e-19,-1.2279162607042919e-18,-8.94888916953937e-20,0.034127142,0.034127142,0.008531785500000019,0.008531785499999991,0.00853178549999999,0.0085317855,533.2849613480589,533.284961348058,533.284961348058,533.2849613480583,-0.6385060516994567,1.0199706000001014,8.545396695562097e-16,7.576802259427968e-16,1.7466789164294223
5.37,attitude_only,-1.528331323505018e-16,1.7843497264788518e-16,2.3457235363646966e-15,1.0,0.0,0.0,0.0,1.0,-3.0566626470100276e-16,3.568699452957711e-16,4.691447072729393e-15,0.0,0.0,0.0,-3.828944401341747e-16,7.824538146682324e-16,2.773667564600925e-16,6.881835455057683e-19,-1.2217293160596176e-18,-8.94888916953937e-20,0.034127142,0.034127142,0.008531785500000019,0.008531785499999991,0.00853178549999999,0.0085317855,533.2849613480589,533.284961348058,533.284961348058,533.2849613480583,-0.7266986685817856,1.0199706000001014,8.58684853574323e-16,7.712165723206521e-16,1.7358842250683115
5.38,attitude_only,-1.5477636948870245e-16,1.823406912057961e-16,2.347114430453898e-15,1.0,0.0,0.0,0.0,1.0,-3.0955273897740407e-16,3.6468138241159294e-16,4.694228860907796e-15,0.0,0.0,0.0,-3.9083874180161344e-16,7.744827838220898e-16,2.7965067559121875e-16,7.01625094924711e-19,-1.2199089068824672e-18,-8.94888916953937e-20,0.034127142,0.034127142,0.008531785500000019,0.008531785499999993,0.00853178549999999,0.0085317855,533.2849613480589,533.2849613480581,533.284961348058,533.2849613480583,-0.8148914296149666,1.0199706000001014,8.62864276064234e-16,7.847827895503584e-16,1.7242076003308349
5.39,attitude_only,-1.5679639855649948e-16,1.862192676532931e-16,2.348510653670013e-15,1.0,0.0,0.0,0.0,1.0,-3.135927971129981e-16,3.7243853530658696e-16,4.697021307340026e-15,0.0,0.0,0.0,-4.152474107077792e-16,7.753838400526412e-16,2.781280614190898e-16,7.350679717191875e-19,-1.2287440127596552e-18,-8.94888916953937e-20,0.034127142,0.034127142,0.008531785500000019,0.008531785499999993,0.008531785499999988,0.0085317855,533.2849613480589,533.2849613480581,533.2849613480579,533.2849613480583,-0.9030843065157876,1.0199706000001014,8.670787895971475e-16,7.983795785242822e-16,1.7116490421896444
5.4,attitude_only,-1.5890665334758907e-16,1.9006199795021678e-16,2.3499005326638773e-15,1.0,0.0,0.0,0.0,1.0,-3.1781330669517726e-16,3.801239959004343e-16,4.6998010653277545e-15,0.0,0.0,0.0,-4.2241405060642233e-16,7.6331804318021445e-16,2.781280590556846e-16,7.478920801036239e-19,-1.2218982369445459e-18,-8.94888916953937e-20,0.034127142,0.034127142,0.008531785500000019,0.008531785499999993,0.008531785499999988,0.0085317855,533.2849613480589,533.2849613480581,533.2849613480579,533.2849613480583,-0.9912772765366626,1.0199706000001014,8.713292312087012e-16,8.120075678662854e-16,1.698208550623442
5.41,attitude_only,-1.6104114555317783e-16,1.9385112526995526e-16,2.351289396567131e-15,1.0,0.0,0.0,0.0,1.0,-3.2208229110635477e-16,3.8770225053991125e-16,4.702578793134262e-15,0.0,0.0,0.0,-4.281348044235239e-16,7.536995388492883e-16,2.7660544204747404e-16,7.590383327283808e-19,-1.2178930271359271e-18,-8.94888916953937e-20,0.034127142,0.034127142,0.008531785500000019,0.008531785499999993,0.008531785499999988,0.0085317855,533.2849613480589,533.2849613480581,533.2849613480579,533.2849613480583,-1.0794703213853765,1.0199706000001014,8.7561613468727e-16,8.256668595858859e-16,1.6838861256156399
5.42,attitude_only,-1.6321076253368925e-16,1.9759892999375722e-16,2.3526774991374207e-15,1.0,0.0,0.0,0.0,1.0,-3.2642152506737756e-16,3.951978599875152e-16,4.705354998274841e-15,0.0,0.0,0.0,-4.3715574043519017e-16,7.465469557339782e-16,2.776205135141999e-16,7.742350133467322e-19,-1.2167753969548946e-18,-8.94888916953937e-20,0.034127142,0.034127142,0.008531785500000019,0.008531785499999993,0.008531785499999988,0.0085317855,533.2849613480589,533.2849613480581,533.2849613480579,533.2849613480583,-1.1676634263546997,1.0199706000001014,8.799402745452593e-16,8.393576844376276e-16,1.6686817671533203
5.43,attitude_only,-1.6542029381422672e-16,2.013152328470497e-16,2.3540686469323316e-15,1.0,0.0,0.0,0.0,1.0,-3.308405876284525e-16,4.026304656941002e-16,4.708137293864663e-15,0.0,0.0,0.0,-4.422811528064321e-16,7.384254676840154e-16,2.7711297730815646e-16,7.848083197202867e-19,-1.2144138659717791e-18,-8.94888916953937e-20,0.034127142,0.034127142,0.008531785500000019,0.008531785499999993,0.008531785499999988,0.0085317855,533.2849613480589,533.2849613480581,533.2849613480579,533.2849613480583,-1.2558565796217185,1.0199706000001014,8.843024763384169e-16,8.530805192166345e-16,1.6525954752264227
5.44,attitude_only,-1.6765786341552407e-16,2.0495205901028634e-16,2.35544736006012e-15,1.0,0.0,0.0,0.0,1.0,-3.3531572683104716e-16,4.0990411802057347e-16,4.71089472012024e-15,0.0,0.0,0.0,-4.474574897281898e-16,7.186090548939868e-16,2.7559036325420002e-16,7.954944989236782e-19,-1.1978202611726852e-18,-8.94888916953937e-20,0.034127142,0.034127142,0.008531785500000019,0.008531785499999993,0.008531785499999988,0.0085317855,533.2849613480589,533.2849613480581,533.2849613480579,533.2849613480583,-1.3440497716835826,1.0199706000001014,8.88703432377383e-16,8.668357658510495e-16,1.6356272498271112
5.45,attitude_only,-1.6992891349987307e-16,2.0849514225637978e-16,2.356820236499086e-15,1.0,0.0,0.0,0.0,1.0,-3.3985782699974515e-16,4.1699028451276035e-16,4.713640472998172e-15,0.0,0.0,0.0,-4.563840616098047e-16,7.007291344010012e-16,2.745752870606652e-16,8.1077022579771395e-19,-1.1833716479251124e-18,-8.94888916953937e-20,0.034127142,0.034127142,0.008531785500000019,0.008531785499999993,0.008531785499999988,0.0085317855,533.2849613480589,533.2849613480581,533.2849613480579,533.2849613480583,-1.4322429949034101,1.0199706000001014,8.931435025154675e-16,8.806238596161673e-16,1.6177770909492843
5.46,attitude_only,-1.7223540353391204e-16,2.1195408509025806e-16,2.3581837234951687e-15,1.0,0.0,0.0,0.0,1.0,-3.444708070678231e-16,4.239081701805169e-16,4.716367446990337e-15,0.0,0.0,0.0,-4.57378491338401e-16,6.847585064227189e-16,2.7153006267511266e-16,8.165373263854134e-19,-1.1710544794154007e-18,-8.94888916953937e-20,0.034127142,0.034127142,0.008531785500000019,0.008531785499999993,0.008531785499999988,0.008531785499999998,533.2849613480589,533.2849613480581,533.2849613480579,533.2849613480582,-1.520436243144631,1.0199706000001014,8.976234240674605e-16,8.944452882278364e-16,1.5990449985881896
5.47,attitude_only,-1.7452960005051473e-16,2.1533838863346386e-16,2.3595426426511568e-15,1.0,0.0,0.0,0.0,1.0,-3.490592001010284e-16,4.3067677726692855e-16,4.7190852853023136e-15,0.0,0.0,0.0,-4.576730640641175e-16,6.706825992046764e-16,2.7203759935383365e-16,8.214675442969142e-19,-1.1608702167457962e-18,-8.94888916953937e-20,0.034127142,0.034127142,0.008531785500000019,0.008531785499999993,0.008531785499999988,0.008531785499999998,533.2849613480589,533.2849613480581,533.2849613480579,533.2849613480582,-1.6086295114769875,1.0199706000001014,9.021439517176576e-16,9.08300244578237e-16,1.579430972740126
5.48,attitude_only,-1.7681527045232283e-16,2.1865491367451184e-16,2.36090156180558e-15,1.0,0.0,0.0,0.0,1.0,-3.536305409046446e-16,4.3730982734902453e-16,4.72180312361116e-15,0.0,0.0,0.0,-4.581702770492907e-16,6.550267881877457e-16,2.7102252493285216e-16,8.266459026496153e-19,-1.1486335114073574e-18,-8.94888916953937e-20,0.034127142,0.034127142,0.008531785500000019,0.008531785499999993,0.008531785499999988,0.008531785499999998,533.2849613480589,533.2849613480581,533.2849613480579,533.2849613480582,-1.6968227959398676,1.0199706000001014,9.06705823865417e-16,9.221891791115297e-16,1.5589350134022106
5.49,attitude_only,-1.7909262218539097e-16,2.2185230641965008e-16,2.3622495689074353e-15,1.0,0.0,0.0,0.0,1.0,-3.581852443707809e-16,4.43704612839301e-16,4.7244991378148706e-15,0.0,0.0,0.0,-4.476265042722584e-16,6.269255798045567e-16,2.70007450009653e-16,8.1846964035989905e-19,-1.1211813171455759e-18,-8.94888916953937e-20,0.034127142,0.034127142,0.008531785500000019,0.008531785499999995,0.00853178549999999,0.008531785499999998,533.2849613480589,533.2849613480581,533.284961348058,533.2849613480582,-1.7850160933521413,1.0199706000001014,9.113096373942265e-16,9.361124751268862e-16,1.5375571205721987
5.5,attitude_only,-1.813362454628746e-16,2.2491218203063076e-16,2.3635985910823395e-15,1.0,0.0,0.0,0.0,1.0,-3.626724909257481e-16,4.498243640612624e-16,4.727197182164679e-15,0.0,0.0,0.0,-4.5447377399684915e-16,5.998962359949513e-16,2.710225243420046e-16,8.312311017693763e-19,-1.0947450669339989e-18,-8.94888916953937e-20,0.034127142,0.034127142,0.008531785500000019,0.008531785499999995,0.00853178549999999,0.008531785499999998,533.2849613480589,533.2849613480581,533.284961348058,533.2849613480582,-1.8732094011588523,1.0199706000001014,9.159556449756076e-16,9.500703701122328e-16,1.5152972942483423
5.51,attitude_only,-1.8362148746321773e-16,2.2783962751639035e-16,2.3649509122490516e-15,1.0,0.0,0.0,0.0,1.0,-3.6724297492643437e-16,4.556792550327816e-16,4.729901824498103e-15,0.0,0.0,0.0,-4.548657692442794e-16,5.738401625767345e-16,2.7000744986194484e-16,8.362501537587354e-19,-1.0692161804579059e-18,-8.94888916953937e-20,0.034127142,0.034127142,0.008531785500000019,0.008531785499999995,0.00853178549999999,0.008531785499999998,533.2849613480589,533.2849613480581,533.284961348058,533.2849613480582,-1.9614027173083488,1.0199706000001014,9.206444644261322e-16,9.640636625258619e-16,1.4921555344292794
5.52,attitude_only,-1.858443422478446e-16,2.306392440739378e-16,2.3662953665872953e-15,1.0,0.0,0.0,0.0,1.0,-3.716886844956881e-16,4.612784881478765e-16,4.7325907331745906e-15,0.0,0.0,0.0,-4.386962720227e-16,5.486612582297282e-16,2.689923748648851e-16,8.21233719813067e-19,-1.0444881078237956e-18,-8.94888916953937e-20,0.034127142,0.034127142,0.008531785500000017,0.008531785499999995,0.00853178549999999,0.008531785499999998,533.2849613480588,533.2849613480581,533.284961348058,533.2849613480582,-2.0495960401532276,1.0199706000001014,9.253767194766492e-16,9.78092723907241e-16,1.4681318411139503
5.53,attitude_only,-1.8799133676996318e-16,2.3331515751941263e-16,2.3676522555877504e-15,1.0,0.0,0.0,0.0,1.0,-3.7598267353992527e-16,4.6663031503882615e-16,4.735304511175501e-15,0.0,0.0,0.0,-4.2527055635989464e-16,5.242651734328189e-16,2.710225239284108e-16,8.093755665812998e-19,-1.0204554578018328e-18,-8.94888916953937e-20,0.034127142,0.034127142,0.008531785500000017,0.008531785499999995,0.00853178549999999,0.008531785499999998,533.2849613480588,533.2849613480581,533.284961348058,533.2849613480582,-2.1377893683710223,1.0199706000001014,9.301530049024433e-16,9.9215742714143e-16,1.4432262143015289
5.54,attitude_only,-1.9007947348320914e-16,2.358710249733764e-16,2.368999501379895e-15,1.0,0.0,0.0,0.0,1.0,-3.8015894696641714e-16,4.717420499467536e-16,4.73799900275979e-15,0.0,0.0,0.0,-4.103514603239149e-16,5.005585532209489e-16,2.669622257201194e-16,7.955761659413632e-19,-9.970130990797984e-19,-8.94888916953937e-20,0.034127142,0.034127142,0.008531785500000017,0.008531785499999995,0.00853178549999999,0.008531785499999998,533.2849613480588,533.2849613480581,533.284961348058,533.2849613480582,-2.2259827008999724,1.0199706000001014,9.349738874504924e-16,1.0062583109926616e-15,1.4174386539913717
5.55,attitude_only,-1.9208842235630627e-16,2.3831003769177693e-16,2.3703277145245307e-15,1.0,0.0,0.0,0.0,1.0,-3.841768447126114e-16,4.766200753835548e-16,4.740655429049061e-15,0.0,0.0,0.0,-3.960911647477816e-16,4.774482535885779e-16,2.659471512769845e-16,7.82424722897481e-19,-9.740552220568388e-19,-8.94888916953937e-20,0.034127142,0.034127142,0.008531785500000017,0.008531785499999995,0.00853178549999999,0.008531785499999998,533.2849613480588,533.2849613480581,533.284961348058,533.2849613480582,-2.314176036887865,1.0199706000001014,9.398399066477377e-16,1.0203957224459086e-15,1.390769160182978
5.5600000000000005,attitude_only,-1.9405137954909817e-16,2.406349198808547e-16,2.3716531362137406e-15,1.0,0.0,0.0,0.0,1.0,-3.881027590981952e-16,4.812698397617103e-16,4.743306272427481e-15,0.0,0.0,0.0,-3.8484644316927633e-16,4.548405204978646e-16,2.649320766122828e-16,7.727795214349676e-19,-9.514743475529617e-19,-8.94888916953937e-20,0.034127142,0.034127142,0.008531785500000017,0.008531785499999995,0.008531785499999991,0.008531785499999998,533.2849613480588,533.2849613480581,533.284961348058,533.2849613480582,-2.4023693756507054,1.0199706000001014,9.44751575490473e-16,1.0345701265424895e-15,1.3632177328759578
5.57,attitude_only,-1.959560893474328e-16,2.4284792327615667e-16,2.3729709448435e-15,1.0,0.0,0.0,0.0,1.0,-3.919121786948645e-16,4.856958465523142e-16,4.745941889687e-15,0.0,0.0,0.0,-3.7797522930601367e-16,4.3264011936275485e-16,2.629019274822862e-16,7.683138170921125e-19,-9.291602673844575e-19,-8.94888916953937e-20,0.034127142,0.034127142,0.008531785500000017,0.008531785499999995,0.008531785499999991,0.008531785499999998,533.2849613480588,533.2849613480581,533.284961348058,533.2849613480582,-2.4905627166395425,1.0199706000001014,9.49709381013817e-16,1.0487820044667913e-15,1.334784372070007
5.58,attitude_only,-1.9783524552464567e-16,2.449508172016174e-16,2.374287992167025e-15,1.0,0.0,0.0,0.0,1.0,-3.9567049104929016e-16,4.899016344032358e-16,4.74857598433405e-15,0.0,0.0,0.0,-3.7389533225186516e-16,4.107494015441089e-16,2.623943901351602e-16,7.67156893949653e-19,-9.069989000175234e-19,-8.94888916953937e-20,0.034127142,0.034127142,0.008531785500000017,0.008531785499999995,0.008531785499999991,0.008531785499999996,533.2849613480588,533.2849613480581,533.284961348058,533.2849613480582,-2.578756059413994,1.0199706000001014,9.547137847389967e-16,1.0630317699070001e-15,1.3054690777648896
5.59,attitude_only,-1.9970510728422632e-16,2.469448737530063e-16,2.3755926048271944e-15,1.0,0.0,0.0,0.0,1.0,-3.9941021456845145e-16,4.938897475060136e-16,4.751185209654389e-15,0.0,0.0,0.0,-3.73302373404646e-16,3.89067292769375e-16,2.603642410347065e-16,7.701783670670363e-19,-8.848710424155364e-19,-8.94888916953937e-20,0.034127142,0.034127142,0.008531785500000015,0.008531785499999995,0.008531785499999991,0.008531785499999996,533.2849613480588,533.2849613480581,533.284961348058,533.2849613480582,-2.666949403620581,1.0199706000001014,9.597652229948646e-16,1.0773199629350964e-15,1.275271849960421
5.6,attitude_only,-2.0155648967960753e-16,2.4883084766939e-16,2.3768868129731793e-15,1.0,0.0,0.0,0.0,1.0,-4.0311297935921387e-16,4.97661695338781e-16,4.753773625946359e-15,0.0,0.0,0.0,-3.698466826607892e-16,3.674881864389647e-16,2.5934916644385573e-16,7.697300050010159e-19,-8.626509966834335e-19,-8.94888916953937e-20,0.034127142,0.034127142,0.008531785500000015,0.008531785499999995,0.008531785499999991,0.008531785499999996,533.2849613480588,533.2849613480581,533.284961348058,533.2849613480582,-2.7551427489756954,1.0199706000001014,9.648641071086277e-16,1.0916470638331667e-15,1.2441926886564574
5.61,attitude_only,-2.0338491409973686e-16,2.506089503648214e-16,2.378186857797588e-15,1.0,0.0,0.0,0.0,1.0,-4.0676982819947254e-16,5.012179007296438e-16,4.756373715595176e-15,0.0,0.0,0.0,-3.6208428325209686e-16,3.459007224475505e-16,2.598567036968188e-16,7.640359685431064e-19,-8.402050471182122e-19,-8.94888916953937e-20,0.034127142,0.034127142,0.008531785500000015,0.008531785499999996,0.008531785499999991,0.008531785499999996,533.2849613480588,533.2849613480582,533.284961348058,533.2849613480582,-2.8433360952519795,1.0199706000001014,9.700108234591882e-16,1.106013331868616e-15,1.212231593852887
5.62,attitude_only,-2.0513519348683045e-16,2.522788174881586e-16,2.3794841111669894e-15,1.0,0.0,0.0,0.0,1.0,-4.102703869736597e-16,5.045576349763182e-16,4.758968222333979e-15,0.0,0.0,0.0,-3.423894893999403e-16,3.2418642936856635e-16,2.603642409571558e-16,7.438261108145178e-19,-8.173897597171168e-19,-8.94888916953937e-20,0.034127142,0.034127142,0.008531785500000015,0.008531785499999996,0.008531785499999991,0.008531785499999996,533.2849613480588,533.2849613480582,533.284961348058,533.2849613480582,-2.931529442266872,1.0199706000001014,9.752057333847484e-16,1.1204190030204886e-15,1.1793885655496232
5.63,attitude_only,-2.0681309806211614e-16,2.538394692593162e-16,2.380784409759962e-15,1.0,0.0,0.0,0.0,1.0,-4.1362619612423104e-16,5.076789385186334e-16,4.761568819519924e-15,0.0,0.0,0.0,-3.3005045206970564e-16,3.022182045484966e-16,2.593491664170828e-16,7.323197705389332e-19,-7.94050071978518e-19,-8.94888916953937e-20,0.034127142,0.034127142,0.008531785500000015,0.008531785499999996,0.008531785499999991,0.008531785499999996,533.2849613480588,533.2849613480582,533.284961348058,533.2849613480582,-3.0197227898740095,1.0199706000001014,9.80449172934368e-16,1.134864093439298e-15,1.1456636037465984
5.64,attitude_only,-2.0840081738758027e-16,2.552892626924896e-16,2.382091560106056e-15,1.0,0.0,0.0,0.0,1.0,-4.168016347751593e-16,5.105785253849802e-16,4.764183120212112e-15,0.0,0.0,0.0,-3.0907788641538303e-16,2.798586027436234e-16,2.629019272994864e-16,7.102434706178998e-19,-7.700171358401064e-19,-8.94888916953937e-20,0.034127142,0.034127142,0.008531785500000015,0.008531785499999996,0.008531785499999993,0.008531785499999996,533.2849613480588,533.2849613480582,533.2849613480581,533.2849613480582,-3.1079161379560047,1.0199706000001014,9.857414524509562e-16,1.1493490857346078e-15,1.1110567084437593
5.65,attitude_only,-2.099026096277473e-16,2.566258346576375e-16,2.3834027707502816e-15,1.0,0.0,0.0,0.0,1.0,-4.198052192554934e-16,5.13251669315276e-16,4.766805541500563e-15,0.0,0.0,0.0,-2.9700096480392307e-16,2.569578992976585e-16,2.603642409442284e-16,6.987211743321873e-19,-7.451058706979253e-19,-8.94888916953937e-20,0.034127142,0.034127142,0.008531785500000015,0.008531785499999996,0.008531785499999993,0.008531785499999996,533.2849613480588,533.2849613480582,533.2849613480581,533.2849613480582,-3.196109486418636,1.0199706000001014,9.910828559706801e-16,1.1638740705693907e-15,1.0755678796410653
5.66,attitude_only,-2.1132810404631471e-16,2.5784603454679987e-16,2.3847101748649447e-15,1.0,0.0,0.0,0.0,1.0,-4.226562080926282e-16,5.156920690936007e-16,4.769420349729889e-15,0.0,0.0,0.0,-2.812906424151669e-16,2.333518883751703e-16,2.6188685274464236e-16,6.826816938898315e-19,-7.191121764746911e-19,-8.94888916953937e-20,0.034127142,0.034127142,0.008531785500000014,0.008531785499999996,0.008531785499999993,0.008531785499999996,533.2849613480587,533.2849613480582,533.2849613480581,533.2849613480582,-3.2843028351865637,1.0199706000001014,9.964736404209282e-16,1.1784395090679943e-15,1.0391971173384833
5.67,attitude_only,-2.1267948970696172e-16,2.5894584509701126e-16,2.3860142799873348e-15,1.0,0.0,0.0,0.0,1.0,-4.253589794139222e-16,5.178916901940235e-16,4.7720285599746695e-15,0.0,0.0,0.0,-2.615482131471384e-16,2.0885937027880836e-16,2.6087177820364244e-16,6.616062608996686e-19,-6.918097484618448e-19,-8.94888916953937e-20,0.034127142,0.034127142,0.008531785500000014,0.008531785499999996,0.008531785499999993,0.008531785499999996,533.2849613480587,533.2849613480582,533.2849613480581,533.2849613480582,-3.3724961841991363,1.0199706000001014,1.0019140345957013e-15,1.1930457123716913e-15,1.0019444215359898
5.68,attitude_only,-2.1396409108569695e-16,2.5992028967114044e-16,2.3873168624979124e-15,1.0,0.0,0.0,0.0,1.0,-4.2792818217139266e-16,5.198405793422819e-16,4.774633724995825e-15,0.0,0.0,0.0,-2.527998444722506e-16,1.8327927420397907e-16,2.6137931547321847e-16,6.536362169345257e-19,-6.6294642591408945e-19,-8.94888916953937e-20,0.034127142,0.034127142,0.008531785500000014,0.008531785499999996,0.008531785499999993,0.008531785499999996,533.2849613480587,533.2849613480582,533.2849613480581,533.2849613480582,-3.460689533407831,1.0199706000001014,1.0074042378835804e-15,1.2076929070427922e-15,0.9638097922335646
5.69,attitude_only,-2.1517962510014313e-16,2.6076332400540887e-16,2.3886255354557087e-15,1.0,0.0,0.0,0.0,1.0,-4.30359250200285e-16,5.215266480108187e-16,4.7772510709114174e-15,0.0,0.0,0.0,-2.382251797185226e-16,1.563873537027512e-16,2.6340946454805466e-16,6.385288710272374e-19,-6.322399948496436e-19,-8.94888916953937e-20,0.034127142,0.034127142,0.008531785500000014,0.008531785499999996,0.008531785499999995,0.008531785499999996,533.2849613480587,533.2849613480582,533.2849613480581,533.2849613480582,-3.5488828827736523,1.0199706000001014,1.0129444187190982e-15,1.2223814935839005e-15,0.9247932294311926
5.7,attitude_only,-2.1634538781782178e-16,2.61470316313108e-16,2.389941313935274e-15,1.0,0.0,0.0,0.0,1.0,-4.326907756356423e-16,5.22940632626217e-16,4.779882627870548e-15,0.0,0.0,0.0,-2.2735829455311357e-16,1.3141190748070414e-16,2.6290192727871657e-16,6.277621917742777e-19,-6.035835784579942e-19,-8.94888916953937e-20,0.034127142,0.034127142,0.008531785500000014,0.008531785499999996,0.008531785499999995,0.008531785499999996,533.2849613480587,533.2849613480582,533.2849613480581,533.2849613480582,-3.6370762322655548,1.0199706000001014,1.0185347127233742e-15,1.2371117652654e-15,0.8848947331288618
5.71,attitude_only,-2.1745164755485057e-16,2.6209448362294736e-16,2.3912517632735058e-15,1.0,0.0,0.0,0.0,1.0,-4.349032951096999e-16,5.241889672458958e-16,4.7825035265470115e-15,0.0,0.0,0.0,-2.1619855704574976e-16,1.193753889428216e-16,2.613793154680264e-16,6.165324923358986e-19,-5.903335101019633e-19,-8.94888916953937e-20,0.034127142,0.034127142,0.008531785500000012,0.008531785499999996,0.008531785499999995,0.008531785499999996,533.2849613480587,533.2849613480582,533.2849613480581,533.2849613480582,-3.7252695818584303,1.0199706000001014,1.0241753488368957e-15,1.2518838756311481e-15,0.8441143033265633
5.72,attitude_only,-2.1851173010382443e-16,2.626569769957896e-16,2.392562466380363e-15,1.0,0.0,0.0,0.0,1.0,-4.3702346020764763e-16,5.253139539915803e-16,4.785124932760726e-15,0.0,0.0,0.0,-2.0851502126991688e-16,1.067800947100505e-16,2.6137931546652356e-16,6.093973996175983e-19,-5.762869579697385e-19,-8.94888916953937e-20,0.034127142,0.034127142,0.008531785500000012,0.008531785499999996,0.008531785499999995,0.008531785499999996,533.2849613480587,533.2849613480582,533.2849613480581,533.2849613480582,-3.813462931532227,1.0199706000001014,1.0298668638405828e-15,1.2666981528456209e-15,0.8024519400242901
5.73,attitude_only,-2.1952965895870585e-16,2.631546878086438e-16,2.3938696167263334e-15,1.0,0.0,0.0,0.0,1.0,-4.390593179174104e-16,5.263093756172887e-16,4.787739233452667e-15,0.0,0.0,0.0,-1.9608422606214757e-16,9.350951409451346e-17,2.6137931546709647e-16,5.964412876288967e-19,-5.6129735637203915e-19,-8.94888916953937e-20,0.034127142,0.034127142,0.008531785500000012,0.008531785499999996,0.008531785499999995,0.008531785499999996,533.2849613480587,533.2849613480582,533.2849613480581,533.2849613480582,-3.901656281270796,1.0199706000001014,1.035609391775666e-15,1.2815548736467535e-15,0.7599076432220365
5.74,attitude_only,-2.2049559853992685e-16,2.6358388501472525e-16,2.3951762595350342e-15,1.0,0.0,0.0,0.0,1.0,-4.409911970798524e-16,5.271677700294516e-16,4.7903525190700684e-15,0.0,0.0,0.0,-1.884778198269701e-16,7.943229522591942e-17,2.613793154666946e-16,5.891983783449534e-19,-5.451990166819855e-19,-8.94888916953937e-20,0.034127142,0.034127142,0.008531785500000012,0.008531785499999996,0.008531785499999995,0.008531785499999996,533.2849613480587,533.2849613480582,533.2849613480581,533.2849613480582,-3.9898496310614227,1.0199706000001014,1.0414030146220827e-15,1.2964541858769378e-15,0.7164814129197982
5.75,attitude_only,-2.2162350596087055e-16,2.6400218523139223e-16,2.396735653525612e-15,1.0,0.0,0.0,0.0,1.0,-4.432470119217398e-16,5.280043704627855e-16,4.793471307051224e-15,0.0,0.0,0.0,-1.8247631861110975e-16,6.126417260276074e-17,2.5884162911761035e-16,5.838213400720321e-19,-5.240099112602227e-19,-8.94888916953937e-20,0.034127142,0.034127142,0.008531785500000012,0.008531785499999996,0.008531785499999995,0.008531785499999996,533.2849613480587,533.2849613480582,533.2849613480581,533.2849613480582,-4.078042980893684,1.0199706000001014,1.04724779682309e-15,1.3113963310720397e-15,0.6721732491175718
5.76,attitude_only,-2.223410186849515e-16,2.642182038679136e-16,2.3977778717952195e-15,1.0,0.0,0.0,0.0,1.0,-4.446820373699017e-16,5.284364077358283e-16,4.795555743590439e-15,0.0,0.0,0.0,-1.7742136695707615e-16,4.8243127209880545e-17,2.6137931546479334e-16,5.795296117567625e-19,-5.088670880608652e-19,-8.94888916953937e-20,0.034127142,0.034127142,0.008531785500000012,0.008531785499999996,0.008531785499999995,0.008531785499999996,533.2849613480587,533.2849613480582,533.2849613480581,533.2849613480582,-4.166236330759309,1.0199706000001014,1.0531437839011938e-15,1.3263816801874187e-15,0.6269831518153547
5.77,attitude_only,-2.232042199337048e-16,2.644119545120881e-16,2.3990883211334294e-15,1.0,0.0,0.0,0.0,1.0,-4.464084398674083e-16,5.288239090241773e-16,4.798176642266859e-15,0.0,0.0,0.0,-1.663946772247175e-16,3.076998723604962e-17,2.61886852733737e-16,5.679615308501792e-19,-4.882070199646285e-19,-8.94888916953937e-20,0.034127142,0.034127142,0.008531785500000012,0.008531785499999996,0.008531785499999995,0.008531785499999995,533.2849613480587,533.2849613480582,533.2849613480581,533.2849613480581,-4.254429680651586,1.0199706000001014,1.0590910008297746e-15,1.3414102112196107e-15,0.5809111210131447
5.78,attitude_only,-2.2398291715485537e-16,2.645142116159229e-16,2.400394963942114e-15,1.0,0.0,0.0,0.0,1.0,-4.479658343097095e-16,5.290284232318469e-16,4.800789927884228e-15,0.0,0.0,0.0,-1.506498966553853e-16,1.1760585655430493e-17,2.618868527334254e-16,5.505742931335345e-19,-4.655133439244399e-19,-8.94888916953937e-20,0.034127142,0.034127142,0.008531785500000012,0.008531785499999996,0.008531785499999996,0.008531785499999995,533.2849613480587,533.2849613480582,533.2849613480582,533.2849613480581,-4.342623030565376,1.0199706000001014,1.0650894501243687e-15,1.3564820165218935e-15,0.5339571567109404
5.79,attitude_only,-2.247353893514726e-16,2.645218473045919e-16,2.4017056670489547e-15,1.0,0.0,0.0,0.0,1.0,-4.494707787029439e-16,5.290436946091848e-16,4.8034113340979094e-15,0.0,0.0,0.0,-1.516566809519814e-16,-3.7888714835203305e-18,2.618868527329682e-16,5.532990010989696e-19,-4.468161066428636e-19,-8.94888916953937e-20,0.034127142,0.034127142,0.008531785500000012,0.008531785499999996,0.008531785499999996,0.008531785499999995,533.2849613480587,533.2849613480582,533.2849613480582,533.2849613480581,-4.430816380496324,1.0199706000001014,1.071139109611397e-15,1.3715971705187937e-15,0.4861212589087402
5.8,attitude_only,-2.2545070427229876e-16,2.64491392665698e-16,2.4030153550812537e-15,1.0,0.0,0.0,0.0,1.0,-4.509014085445962e-16,5.289827853313971e-16,4.806030710162507e-15,0.0,0.0,0.0,-1.3599009100784011e-16,-8.037828708565799e-18,2.623943900021963e-16,5.358589940760785e-19,-4.416369796857234e-19,-8.94888916953937e-20,0.034127142,0.034127142,0.00853178550000001,0.008531785499999996,0.008531785499999996,0.008531785499999995,533.2849613480586,533.2849613480582,533.2849613480582,533.2849613480581,-4.519009730441012,1.0199706000001014,1.0772401019892184e-15,1.3867562305459465e-15,0.4374034276065436
5.8100000000000005,attitude_only,-2.26137909878076e-16,2.644384681423118e-16,2.404324789344916e-15,1.0,0.0,0.0,0.0,1.0,-4.522758197561508e-16,5.288769362846247e-16,4.808649578689832e-15,0.0,0.0,0.0,-1.3609112803632883e-16,-1.2742329255446387e-17,2.6036424092374964e-16,5.373411497906283e-19,-4.358641557369122e-19,-8.94888916953937e-20,0.034127142,0.034127142,0.00853178550000001,0.008531785499999996,0.008531785499999996,0.008531785499999995,533.2849613480586,533.2849613480582,533.2849613480582,533.2849613480581,-4.607203080396711,1.0199706000001014,1.083392808651585e-15,1.4019590527567563e-15,0.38780366280434964
5.82,attitude_only,-2.2679725573790287e-16,2.643606020476315e-16,2.4056375226008297e-15,1.0,0.0,0.0,0.0,1.0,-4.5359451147580445e-16,5.287212040952641e-16,4.811275045201659e-15,0.0,0.0,0.0,-1.3080992692789474e-16,-1.7974460102699312e-17,2.6340946454107896e-16,5.323118077297863e-19,-4.2940585411918173e-19,-8.94888916953937e-20,0.034127142,0.034127142,0.00853178550000001,0.008531785499999996,0.008531785499999996,0.008531785499999995,533.2849613480586,533.2849613480582,533.2849613480582,533.2849613480581,-4.69539643036114,1.0199706000001014,1.0895972239979878e-15,1.4172060403349016e-15,0.3373219645021577
5.83,attitude_only,-2.2745111124710584e-16,2.642549321600836e-16,2.4069571076098837e-15,1.0,0.0,0.0,0.0,1.0,-4.549022224942104e-16,5.285098643201683e-16,4.813914215219767e-15,0.0,0.0,0.0,-1.2624197834310455e-16,-2.3817517365692586e-17,2.6290192727147946e-16,5.280926892114691e-19,-4.221560102299329e-19,-8.94888916953937e-20,0.034127142,0.034127142,0.00853178550000001,0.008531785499999996,0.008531785499999996,0.008531785499999995,533.2849613480586,533.2849613480582,533.2849613480582,533.2849613480581,-4.78358978033274,1.0199706000001014,1.095853317483668e-15,1.4324972602936077e-15,0.2859583326999674
5.834,zero_thrust,-3.09752774779098e-16,3.354203786020343e-16,2.4088009738616716e-15,1.0,0.0,0.0,0.0,1.0,-6.195055495581944e-16,6.708407572040701e-16,4.817601947723343e-15,0.0,0.0,0.0,-2.3809012698616678e-14,2.07168248205362e-14,2.629019272714598e-16,0.0,0.0,0.0,0.0,0.0,0.0,0.0,0.0,0.0,0.0,0.0,0.0,0.0,-4.776791193396892,1.0199706000001014,1.10216105057263e-15,1.4478329069222497e-15,0.23371276739777835
5.85,zero_thrust,-3.9072687430555205e-16,4.059174309323928e-16,2.409575016574557e-15,1.0,0.0,0.0,0.0,1.0,-7.814537486111021e-16,8.118348618647874e-16,4.819150033149114e-15,0.0,0.0,0.0,-2.9005583070870236e-14,2.5260166704371207e-14,2.5197401543593883e-16,0.0,0.0,0.0,0.0,0.0,0.0,0.0,0.0,0.0,0.0,0.0,0.0,0.0,-4.776791193396892,1.0199706000001014,1.1109341317947405e-15,1.465190516317741e-15,0.1859771871795947
5.86,zero_thrust,-5.421433453608809e-16,5.378737855359769e-16,2.4107856991530717e-15,1.0,0.0,0.0,0.0,1.0,-1.0842866907217593e-15,1.0757475710719563e-15,4.8215713983061426e-15,0.0,0.0,0.0,-2.939461761393034e-14,2.5626621505706225e-14,2.380722524114937e-16,0.0,0.0,0.0,0.0,0.0,0.0,0.0,0.0,0.0,0.0,0.0,0.0,0.0,-4.039031652841784,1.0199706000001014,1.1392464241346714e-15,1.5006545126414741e-15,0.1663933043484096
5.87,zero_thrust,-6.673789698871533e-16,6.471392091270714e-16,2.411960592423812e-15,1.0,0.0,0.0,0.0,1.0,-1.3347579397743035e-15,1.294278418254146e-15,4.823921184847623e-15,0.0,0.0,0.0,-2.10583557190644e-14,1.8387394059171043e-14,2.284131837498977e-16,0.0,0.0,0.0,0.0,0.0,0.0,0.0,0.0,0.0,0.0,0.0,0.0,0.0,-2.883487302350133,1.0199706000001014,1.2016130348755906e-15,1.5695911593922686e-15,0.18378020534457393
5.88,zero_thrust,-7.590847703749013e-16,7.272628662745548e-16,2.4130925452659513e-15,1.0,0.0,0.0,0.0,1.0,-1.5181695407497991e-15,1.4545257325491133e-15,4.826185090531902e-15,0.0,0.0,0.0,-1.7906499040514352e-14,1.5640973146966966e-14,2.25451227965734e-16,0.0,0.0,0.0,0.0,0.0,0.0,0.0,0.0,0.0,0.0,0.0,0.0,0.0,-1.4236294559013465,1.0199706000001014,1.2954860923549699e-15,1.6705882181323942e-15,0.227938224643511
5.89,zero_thrust,-8.486094311553666e-16,8.054394040440933e-16,2.4141965835582643e-15,1.0,0.0,0.0,0.0,1.0,-1.6972188623107292e-15,1.6108788080881907e-15,4.828393167116527e-15,0.0,0.0,0.0,-1.789331258572576e-14,1.5638658763123336e-14,2.1429333830492977e-16,0.0,0.0,0.0,0.0,0.0,0.0,0.0,0.0,0.0,0.0,0.0,0.0,0.0,-0.17782859508662896,1.0199706000001014,1.395534954227911e-15,1.7779584200403748e-15,0.2759919731252324
5.9,hover,-9.380733249898786e-16,8.836296043992319e-16,2.4152494854881e-15,1.0,0.0,0.0,0.0,1.0,-1.876146649979753e-15,1.7672592087984684e-15,4.830498970976198e-15,0.0,0.0,0.0,-1.7888394490853684e-14,1.5630866997468618e-14,2.088095567125726e-16,2.2021559649132712e-17,-1.9364086098005802e-17,-3.4214845531760663e-19,0.34127141999999994,0.34127141999999994,0.08531785500000032,0.08531785499999998,0.08531785499999968,0.08531785499999996,1686.3951197747256,1686.3951197747222,1686.3951197747192,1686.395119774722,1.0349368974613669,1.0199706000001014,1.4956051567536139e-15,1.8853508693075146e-15,0.3230799640664592
5.91,hover,-1.027368164404296e-15,9.616962652266337e-16,2.4159135325841754e-15,1.0,0.0,0.0,0.0,1.0,-2.054736328808587e-15,1.9233925304532726e-15,4.8318270651683484e-15,0.0,0.0,0.0,-1.7783166682322194e-14,1.5532541168690487e-14,9.182618121056653e-17,2.2073117945718143e-17,-1.9401420515158947e-17,-2.0268666652730506e-19,0.34127141999999994,0.34127141999999994,0.08531785500000032,0.085317855,0.08531785499999968,0.08531785499999996,1686.3951197747256,1686.3951197747224,1686.3951197747192,1686.395119774722,1.5965615067440049,1.0199706000001014,1.5956898704998342e-15,1.992758311507444e-15,0.36919668339295564
5.92,hover,-1.114631468046286e-15,1.037676152397053e-15,2.415653610063558e-15,1.0,0.0,0.0,0.0,1.0,-2.229262936092567e-15,2.0753523047941117e-15,4.831307220127114e-15,0.0,0.0,0.0,-1.7065212262812978e-14,1.480683035531038e-14,-1.0890480890615499e-16,2.138222476493521e-17,-1.867863584265592e-17,3.927956970182229e-20,0.34127141999999994,0.34127141999999994,0.08531785500000029,0.08531785500000001,0.08531785499999968,0.08531785499999997,1686.3951197747251,1686.3951197747224,1686.3951197747192,1686.395119774722,2.180951501944021,1.0199706000001014,1.6958621833308604e-15,2.100259407509065e-15,0.4143817982203955
5.93,hover,-1.1954521426365953e-15,1.1089493439392784e-15,2.414066128651131e-15,1.0,0.0,0.0,0.0,1.0,-2.390904285273185e-15,2.2178986878785628e-15,4.82813225730226e-15,0.0,0.0,0.0,-1.523815465584191e-14,1.3821044701324046e-14,-4.886537103256104e-16,1.934213718312834e-17,-1.7633903504885555e-17,4.998647885084247e-19,0.34127141999999994,0.34127141999999994,0.08531785500000025,0.08531785500000001,0.08531785499999968,0.085317855,1686.395119774725,1686.3951197747224,1686.3951197747192,1686.3951197747224,2.633645429504228,1.0199706000001014,1.7964913951996448e-15,2.2082510740467647e-15,0.45882600961784514
5.94,hover,-1.2646196135934944e-15,1.175622381028359e-15,2.4162781981230564e-15,1.0,0.0,0.0,0.0,1.0,-2.5292392271869833e-15,2.351244762056724e-15,4.8325563962461096e-15,0.0,0.0,0.0,-1.2662866826364408e-14,1.2856690359557827e-14,1.1533007291764672e-15,1.637842045601899e-17,-1.6605245198361678e-17,-1.4820135461858335e-18,0.34127141999999994,0.34127141999999994,0.0853178550000003,0.08531785499999991,0.08531785499999979,0.08531785499999993,1686.3951197747253,1686.3951197747215,1686.3951197747203,1686.3951197747217,2.985512065417392,1.0199706000001014,1.8980848740615026e-15,2.3172555937817808e-15,0.5027557957085486
5.95,hover,-1.320895386946517e-15,1.2360109027983166e-15,2.420568735807397e-15,1.0,0.0,0.0,0.0,1.0,-2.641790773893028e-15,2.4720218055966395e-15,4.8411374716147905e-15,0.0,0.0,0.0,-1.0142419799255362e-14,1.1383797429296412e-14,3.678630137004001e-16,1.3455308221480691e-17,-1.4951611656340944e-17,-5.431669177515572e-19,0.34127141999999994,0.34127141999999994,0.08531785500000022,0.08531785499999996,0.08531785499999979,0.08531785499999997,1686.3951197747244,1686.395119774722,1686.3951197747203,1686.395119774722,3.2602898158436764,1.0199706000001014,2.001110751259511e-15,2.4277526380046513e-15,0.5463498038840358
5.96,hover,-1.3647226835673339e-15,1.2880977163584224e-15,2.4187269762403452e-15,1.0,0.0,0.0,0.0,1.0,-2.7294453671346614e-15,2.5761954327168515e-15,4.837453952480687e-15,0.0,0.0,0.0,-7.642869220729798e-15,9.57006794934762e-15,-1.386578338306048e-15,1.053227621945731e-17,-1.2870836959895866e-17,1.5760284880392406e-18,0.34127141999999994,0.34127141999999994,0.0853178550000001,0.08531785500000003,0.08531785499999973,0.08531785500000007,1686.3951197747233,1686.3951197747226,1686.39511977472,1686.395119774723,3.4758672923382568,1.0199706000001014,2.1059313105504656e-15,2.5401399341285634e-15,0.5897315758672006
5.972,attitude_only,-1.4181547465998913e-15,1.3640326349635818e-15,2.4117103970102706e-15,1.0,0.0,0.0,0.0,1.0,-2.836309493199776e-15,2.7280652699271702e-15,4.823420794020537e-15,0.0,0.0,0.0,-2.2714865226523582e-15,4.365679791051182e-15,1.273463151599416e-15,4.113874820036212e-18,-6.677959327432757e-18,-8.786551792801687e-20,0.034127142,0.034127142,0.008531785500000087,0.008531785499999977,0.00853178549999992,0.008531785500000015,533.284961348061,533.2849613480575,533.2849613480558,533.2849613480588,3.861945195681322,1.0199706000001014,2.212822759835452e-15,2.6547140333710813e-15,0.6329816303396293
5.99,attitude_only,-1.4227597080987146e-15,1.3770098879199675e-15,2.4153487001348226e-15,1.0,0.0,0.0,0.0,1.0,-2.8455194161974225e-15,2.7540197758399418e-15,4.830697400269641e-15,0.0,0.0,0.0,-2.583549130796971e-16,2.347324565820079e-15,6.964101279166044e-16,1.7027672769844538e-18,-4.298184899340195e-18,-8.786551792801687e-20,0.034127142,0.034127142,0.00853178550000005,0.008531785499999976,0.008531785499999958,0.008531785500000015,533.2849613480599,533.2849613480575,533.284961348057,533.2849613480588,4.279235448346247,1.0199706000001014,2.4335602525457157e-15,2.891179372553753e-15,0.7192708876052453
6.0,attitude_only,-1.417483407426303e-15,1.3821754355756355e-15,2.417926359011373e-15,1.0,0.0,0.0,0.0,1.0,-2.834966814852599e-15,2.7643508711512777e-15,4.8358527180227424e-15,0.0,0.0,0.0,1.989200792313089e-15,9.73399448766633e-17,3.8049989868581896e-16,-1.0141915774100201e-18,-1.599176753656863e-18,-8.786551792801687e-20,0.034127142,0.034127142,0.008531785500000008,0.008531785499999976,0.0085317855,0.008531785500000015,533.2849613480586,533.2849613480575,533.2849613480583,533.2849613480588,4.085293817742577,1.0199706000001014,2.547464817384383e-15,3.013097623972761e-15,0.7622947424445076
6.01,attitude_only,-1.4029989077236037e-15,1.378106102515909e-15,2.419832260590563e-15,1.0,0.0,0.0,0.0,1.0,-2.8059978154472007e-15,2.756212205031825e-15,4.839664521181122e-15,0.0,0.0,0.0,3.571966001873403e-15,-1.4881344079928353e-15,5.422774033626944e-16,-2.94922948890113e-18,3.1827381386646314e-19,-8.786551792801687e-20,0.034127142,0.034127142,0.008531785499999979,0.008531785499999976,0.00853178550000003,0.008531785500000017,533.2849613480577,533.2849613480575,533.2849613480593,533.2849613480588,4.1225463227805825,1.0199706000001014,2.663143199650724e-15,3.1368465702894566e-15,0.8050103058738327
6.02,attitude_only,-1.38184780207626e-15,1.3673385338171643e-15,2.4237924113380854e-15,1.0,0.0,0.0,0.0,1.0,-2.7636956041525132e-15,2.7346770676343354e-15,4.847584822676167e-15,0.0,0.0,0.0,4.660916460623379e-15,-2.618073080129295e-15,8.470693942818636e-16,-4.302579204007334e-18,1.7003809512315069e-18,-8.786551792801687e-20,0.034127142,0.034127142,0.008531785499999958,0.008531785499999976,0.00853178550000005,0.008531785500000015,533.284961348057,533.2849613480575,533.2849613480599,533.2849613480588,4.142757625660514,1.0199706000001014,2.780147699850176e-15,3.2619533335638317e-15,0.8472463342456342
6.03,attitude_only,-1.3575415479838187e-15,1.3521160297278752e-15,2.4275527629021973e-15,1.0,0.0,0.0,0.0,1.0,-2.7150830959676308e-15,2.704232059455757e-15,4.8551055258043906e-15,0.0,0.0,0.0,4.892765096624539e-15,-3.3482388431718416e-15,6.911682195542757e-16,-4.629725218174975e-18,2.6100622553142832e-18,-8.786551792801687e-20,0.034127142,0.034127142,0.008531785499999948,0.00853178549999998,0.008531785500000059,0.008531785500000012,533.2849613480566,533.2849613480577,533.28496134806,533.2849613480587,4.147017715530387,1.0199706000001014,2.8981691785370954e-15,3.388095224994402e-15,0.8888869149957358
6.04,attitude_only,-1.334057144434186e-15,1.3336815708872837e-15,2.431249222264798e-15,1.0,0.0,0.0,0.0,1.0,-2.6681142888683655e-15,2.6673631417745736e-15,4.862498444529592e-15,0.0,0.0,0.0,4.453222157308582e-15,-3.94879020818555e-15,8.896826992515223e-16,-4.146805912568911e-18,3.370211795412588e-18,-8.786551792801687e-20,0.034127142,0.034127142,0.008531785499999946,0.00853178549999999,0.00853178550000006,0.008531785500000002,533.2849613480566,533.284961348058,533.2849613480602,533.2849613480583,4.136923084026793,1.0199706000001014,3.0169946510079225e-15,3.5150641520836254e-15,0.9298523605758591
6.05,attitude_only,-1.313845081515286e-15,1.312718078680448e-15,2.4366171505486672e-15,1.0,0.0,0.0,0.0,1.0,-2.6276901630305656e-15,2.6254361573609023e-15,4.873234301097331e-15,0.0,0.0,0.0,3.694397188196311e-15,-4.3353433735198454e-15,1.4088021279231161e-15,-3.2731599215161487e-18,3.87742902754894e-18,-8.786551792801687e-20,0.034127142,0.034127142,0.008531785499999948,0.008531785500000002,0.008531785500000059,0.008531785499999991,533.2849613480566,533.2849613480583,533.28496134806,533.284961348058,4.114231866466965,1.0199706000001014,3.13646995458411e-15,3.642719432315067e-15,0.9700870305381347
6.06,attitude_only,-1.2947122000035908e-15,1.286413400466249e-15,2.4463608982393406e-15,1.0,0.0,0.0,0.0,1.0,-2.5894244000071753e-15,2.5728268009325044e-15,4.892721796478678e-15,0.0,0.0,0.0,2.7637479470129505e-15,-4.368836429689692e-15,1.8663350810397873e-15,-2.184018311566245e-18,3.9613090592496525e-18,-8.786551792801687e-20,0.034127142,0.034127142,0.008531785499999956,0.00853178550000001,0.00853178550000005,0.008531785499999982,533.284961348057,533.2849613480586,533.2849613480599,533.2849613480578,4.080674605473211,1.0199706000001014,3.2564877549918355e-15,3.770956919241261e-15,1.0095514861531159
6.07,attitude_only,-1.284982854485476e-15,1.2692575061410032e-15,2.4541479458199817e-15,1.0,0.0,0.0,0.0,1.0,-2.5699657089709458e-15,2.5385150122820127e-15,4.90829589163996e-15,0.0,0.0,0.0,2.1915031943824572e-15,-4.186423033344637e-15,1.934275685301691e-15,-1.5192396403534787e-18,3.784277213969035e-18,-8.786551792801687e-20,0.034127142,0.034127142,0.008531785499999963,0.008531785500000014,0.008531785500000045,0.008531785499999979,533.2849613480572,533.2849613480587,533.2849613480597,533.2849613480577,4.03785744922399,1.0199706000001014,3.376976409809258e-15,3.899695896212133e-15,1.0482173743953895
6.08,attitude_only,-1.2755326154905143e-15,1.249806761468459e-15,2.4632098849920764e-15,1.0,0.0,0.0,0.0,1.0,-2.5510652309810222e-15,2.499613522936924e-15,4.9264197699841495e-15,0.0,0.0,0.0,1.6702231377716095e-15,-3.603019509666812e-15,1.774502556326154e-15,-9.104058037981774e-19,3.1202231806523125e-18,-8.786551792801687e-20,0.034127142,0.034127142,0.008531785499999972,0.008531785500000014,0.008531785500000034,0.008531785499999979,533.2849613480574,533.2849613480587,533.2849613480594,533.2849613480577,3.987219400751922,1.0199706000001014,3.4978842906273183e-15,4.028875608308725e-15,1.0860640464640252
6.09,attitude_only,-1.268307146719858e-15,1.234064099162087e-15,2.4720622925571023e-15,1.0,0.0,0.0,0.0,1.0,-2.53661429343971e-15,2.4681281983241802e-15,4.944124585114201e-15,0.0,0.0,0.0,1.2605119170144402e-15,-2.7349290126617932e-15,1.7968480741596438e-15,-4.313574580597183e-19,2.1058638743729074e-18,-8.786551792801687e-20,0.034127142,0.034127142,0.008531785499999984,0.008531785500000008,0.008531785500000022,0.008531785499999982,533.2849613480578,533.2849613480586,533.284961348059,533.2849613480578,3.930020390255333,1.0199706000001014,3.619178933282209e-15,4.1584469769229385e-15,1.1230762899467142
6.1,attitude_only,-1.2630110609344016e-15,1.2232653235550876e-15,2.4804167683918944e-15,1.0,0.0,0.0,0.0,1.0,-2.5260221218687973e-15,2.4465306471101814e-15,4.960833536783786e-15,0.0,0.0,0.0,9.255726705204682e-16,-1.6722150837154046e-15,1.5128591635906582e-15,-3.8686088972156494e-20,8.47329310474395e-19,-8.786551792801687e-20,0.034127142,0.034127142,0.008531785499999996,0.008531785500000002,0.00853178550000001,0.00853178549999999,533.2849613480582,533.2849613480583,533.2849613480586,533.284961348058,3.8673462015355278,1.0199706000001014,3.7408371171619025e-15,4.288374552421215e-15,1.1592427844132764
6.11,attitude_only,-1.2590631550722384e-15,1.2180196664716377e-15,2.488223239285775e-15,1.0,0.0,0.0,0.0,1.0,-2.518126310144471e-15,2.4360393329432816e-15,4.976446478571547e-15,0.0,0.0,0.0,6.750114847331064e-16,-5.767323012936424e-16,1.560425913357332e-15,2.55237219125346e-19,-4.614827054187827e-19,-8.786551792801687e-20,0.034127142,0.034127142,0.008531785500000008,0.008531785499999995,0.008531785499999998,0.008531785499999998,533.2849613480586,533.2849613480581,533.2849613480582,533.2849613480582,3.8001219359748344,1.0199706000001014,3.8628411849040154e-15,4.418632446154287e-15,1.1945550331505994
6.12,attitude_only,-1.2562843469652095e-15,1.2177402760202698e-15,2.4953387016566228e-15,1.0,0.0,0.0,0.0,1.0,-2.512568693930413e-15,2.435480552040546e-15,4.990677403313242e-15,0.0,0.0,0.0,4.709446761870654e-16,3.242811987066561e-16,1.4468644492900362e-15,4.954079426187247e-19,-1.5459417174062072e-18,-8.786551792801687e-20,0.034127142,0.034127142,0.008531785500000019,0.008531785499999988,0.008531785499999988,0.008531785500000005,533.2849613480589,533.2849613480579,533.2849613480579,533.2849613480585,3.7291291415164665,1.0199706000001014,3.985174673607174e-15,4.549200148035026e-15,1.2290066127874286
6.13,attitude_only,-1.2544045740612664e-15,1.2213704767694188e-15,2.5020377822358226e-15,1.0,0.0,0.0,0.0,1.0,-2.508809148122527e-15,2.442740953538844e-15,5.004075564471642e-15,0.0,0.0,0.0,3.0403677473291773e-16,1.0356296109007909e-15,1.2445062669311154e-15,6.926570566163729e-19,-2.4099161081481767e-18,-8.786551792801687e-20,0.034127142,0.034127142,0.008531785500000028,0.008531785499999982,0.008531785499999979,0.008531785500000008,533.2849613480591,533.2849613480578,533.2849613480577,533.2849613480586,3.655023825238168,1.0199706000001014,4.1078185020430385e-15,4.680063024806435e-15,1.2625926383886776
6.14,attitude_only,-1.2532461936859846e-15,1.2278601071124111e-15,2.508220089754939e-15,1.0,0.0,0.0,0.0,1.0,-2.506492387371963e-15,2.4557202142248285e-15,5.016440179509875e-15,0.0,0.0,0.0,1.7422695665433665e-16,1.4158582793432406e-15,1.171906629139921e-15,8.466865687441268e-19,-2.8803490930725482e-18,-8.786551792801687e-20,0.034127142,0.034127142,0.008531785500000033,0.00853178549999998,0.008531785499999976,0.008531785500000012,533.2849613480594,533.2849613480577,533.2849613480575,533.2849613480587,3.5783538301352555,1.0199706000001014,4.23075703857628e-15,4.811209688967988e-15,1.295309376885913
6.15,attitude_only,-1.2526666308335088e-15,1.2348321970508567e-15,2.5140456773806007e-15,1.0,0.0,0.0,0.0,1.0,-2.5053332616670112e-15,2.4696643941017197e-15,5.028091354761198e-15,0.0,0.0,0.0,6.746350744413449e-17,1.3328613166558132e-15,1.1608885104849823e-15,9.741280727219278e-19,-2.7940813510141943e-18,-8.786551792801687e-20,0.034127142,0.034127142,0.008531785500000033,0.008531785499999982,0.008531785499999974,0.00853178550000001,533.2849613480594,533.2849613480578,533.2849613480574,533.2849613480586,3.499574810829952,1.0199706000001014,4.3539734703107885e-15,4.942631468399444e-15,1.3271539642220025
6.16,attitude_only,-1.2526383259501296e-15,1.2405800297935404e-15,2.5202617303043517e-15,1.0,0.0,0.0,0.0,1.0,-2.505276651900253e-15,2.481160059587087e-15,5.0405234606087e-15,0.0,0.0,0.0,-3.7642923461604487e-17,9.659301452176665e-16,1.300737084315743e-15,1.1006322190434308e-18,-2.363423246740595e-18,-8.786551792801687e-20,0.034127142,0.034127142,0.00853178550000003,0.008531785499999986,0.008531785499999977,0.008531785500000005,533.2849613480593,533.2849613480579,533.2849613480575,533.2849613480585,3.4190644863281956,1.0199706000001014,4.477447782663887e-15,5.074321797869861e-15,1.3581241961052135
6.17,attitude_only,-1.2530209328052783e-15,1.2437992613867464e-15,2.5275141082882953e-15,1.0,0.0,0.0,0.0,1.0,-2.5060418656105504e-15,2.487598522773499e-15,5.055028216576587e-15,0.0,0.0,0.0,-8.592894399973774e-17,3.5657382671499465e-16,1.749292228514016e-15,1.1594347331291882e-18,-1.6357614028045387e-18,-8.786551792801687e-20,0.034127142,0.034127142,0.008531785500000024,0.008531785499999993,0.008531785499999982,0.0085317855,533.284961348059,533.2849613480581,533.2849613480578,533.2849613480583,3.3371351018721964,1.0199706000001014,4.601166919172793e-15,5.2062761238055484e-15,1.3882183717456948
6.18,attitude_only,-1.2531081961958714e-15,1.2438810975753465e-15,2.5380590671491307e-15,1.0,0.0,0.0,0.0,1.0,-2.5062163923917365e-15,2.4877621951506993e-15,5.076118134298258e-15,0.0,0.0,0.0,6.508216940905965e-17,-2.506281093584436e-16,2.3396161870378256e-15,9.775705753445408e-19,-9.046127984228284e-19,-8.786551792801687e-20,0.034127142,0.034127142,0.008531785500000017,0.008531785499999996,0.00853178549999999,0.008531785499999996,533.2849613480588,533.2849613480582,533.284961348058,533.2849613480582,3.2540441709733643,1.0199706000001014,4.725120617275494e-15,5.338489249806422e-15,1.4174351762194746
6.19,attitude_only,-1.2521717127972297e-15,1.2409103617193373e-15,2.5504305328217446e-15,1.0,0.0,0.0,0.0,1.0,-2.504343425594453e-15,2.481820723438681e-15,5.100861065643486e-15,0.0,0.0,0.0,2.813943997480369e-16,-8.7559662711076e-16,2.3932182438819228e-15,7.151819549402875e-19,-1.458946108489405e-19,-8.786551792801687e-20,0.034127142,0.034127142,0.00853178550000001,0.0085317855,0.008531785499999996,0.008531785499999991,533.2849613480586,533.2849613480583,533.2849613480582,533.284961348058,3.1700036387345403,1.0199706000001014,4.84930579568982e-15,5.470952252963612e-15,1.445773591317269
6.2,attitude_only,-1.2503442176936947e-15,1.2349108096573317e-15,2.562028906969914e-15,1.0,0.0,0.0,0.0,1.0,-2.500688435387383e-15,2.4698216193146697e-15,5.124057813939825e-15,0.0,0.0,0.0,4.3270113532971487e-16,-1.452144944100829e-15,2.274167670072221e-15,5.292868608889769e-19,5.604848189801503e-19,-8.786551792801687e-20,0.034127142,0.034127142,0.008531785500000003,0.008531785500000005,0.008531785500000003,0.008531785499999988,533.2849613480585,533.2849613480585,533.2849613480585,533.2849613480579,3.085187636799171,1.0199706000001014,4.973720041986039e-15,5.603660635022914e-15,1.4732328276078452
6.21,attitude_only,-1.2477989440175052e-15,1.226330719279214e-15,2.5733704333701662e-15,1.0,0.0,0.0,0.0,1.0,-2.495597888035004e-15,2.4526614385584344e-15,5.146740866740329e-15,0.0,0.0,0.0,5.713350090007656e-16,-1.890461490469663e-15,2.208865119635812e-15,3.5721286239370844e-19,1.1053692895274473e-18,-8.786551792801687e-20,0.034127142,0.034127142,0.008531785499999998,0.008531785500000007,0.008531785500000008,0.008531785499999984,533.2849613480582,533.2849613480586,533.2849613480586,533.2849613480578,2.9997390059885287,1.0199706000001014,5.098362318682186e-15,5.736614304558763e-15,1.4998122724353042
6.22,attitude_only,-1.2444788102274253e-15,1.2160247886614625e-15,2.58323561529338e-15,1.0,0.0,0.0,0.0,1.0,-2.4889576204548443e-15,2.4320495773229313e-15,5.166471230586757e-15,0.0,0.0,0.0,7.549837575036509e-16,-2.163274406413041e-15,1.6784099897844041e-15,1.2928452661520996e-19,1.4543775327236307e-18,-8.786551792801687e-20,0.034127142,0.034127142,0.008531785499999993,0.008531785500000008,0.008531785500000014,0.008531785499999984,533.2849613480581,533.2849613480586,533.2849613480587,533.2849613480578,2.9137747554662528,1.0199706000001014,5.223234624377967e-15,5.869812244017752e-15,1.5255114499690752
6.23,attitude_only,-1.2399021719811943e-15,1.2050301934276191e-15,2.5897476030259706e-15,1.0,0.0,0.0,0.0,1.0,-2.4798043439623823e-15,2.4100603868552445e-15,5.179495206051938e-15,0.0,0.0,0.0,1.0656460108912992e-15,-2.1968144891905663e-15,1.0036114339406745e-15,-2.5416663755888197e-19,1.5165937769485682e-18,-8.786551792801687e-20,0.034127142,0.034127142,0.00853178549999999,0.008531785500000005,0.008531785500000017,0.008531785499999986,533.284961348058,533.2849613480585,533.2849613480588,533.2849613480579,2.8273906134767013,1.0199706000001014,5.3483403249807506e-15,6.0032516362916244e-15,1.5503299904242618
6.24,attitude_only,-1.2335353832759922e-15,1.1943635925908378e-15,2.5944858498867784e-15,1.0,0.0,0.0,0.0,1.0,-2.467070766551978e-15,2.388727185181682e-15,5.188971699773554e-15,0.0,0.0,0.0,1.4448176088879624e-15,-2.0897838975351697e-15,9.282421494088555e-16,-7.2362073124375695e-19,1.4090549059374435e-18,-8.786551792801687e-20,0.034127142,0.034127142,0.008531785499999988,0.008531785500000002,0.00853178550000002,0.008531785499999991,533.2849613480579,533.2849613480583,533.2849613480589,533.284961348058,2.7406648081494853,1.0199706000001014,5.473684578306461e-15,6.1369266671475065e-15,1.5742676062926675
6.25,attitude_only,-1.2254944543217448e-15,1.184137154459348e-15,2.599181751662311e-15,1.0,0.0,0.0,0.0,1.0,-2.4509889086434833e-15,2.368274308918702e-15,5.1983635033246185e-15,0.0,0.0,0.0,1.7343961018539084e-15,-2.0029800729101237e-15,9.314514924388095e-16,-1.0884588838214308e-18,1.3249201171164894e-18,-8.786551792801687e-20,0.034127142,0.034127142,0.008531785499999984,0.008531785499999998,0.008531785500000022,0.008531785499999995,533.2849613480578,533.2849613480582,533.284961348059,533.2849613480581,2.6536611997495125,1.0199706000001014,5.599269561824059e-15,6.270833584710034e-15,1.5973240739541632
6.26,attitude_only,-1.2161207008339997e-15,1.174469080592692e-15,2.6048045144278203e-15,1.0,0.0,0.0,0.0,1.0,-2.432241401667993e-15,2.3489381611853903e-15,5.209609028855637e-15,0.0,0.0,0.0,1.962853369742568e-15,-1.858595963536097e-15,1.3877370698698228e-15,-1.3822361389852475e-18,1.1702451455030175e-18,-8.786551792801687e-20,0.034127142,0.034127142,0.008531785499999984,0.008531785499999995,0.008531785500000022,0.008531785499999998,533.2849613480578,533.2849613480581,533.284961348059,533.2849613480582,2.5664318693165367,1.0199706000001014,5.725092479928835e-15,6.404972790857729e-15,1.619499219430009
6.27,attitude_only,-1.2061570706217255e-15,1.1659680171796072e-15,2.6136860314577653e-15,1.0,0.0,0.0,0.0,1.0,-2.412314141243445e-15,2.3319360343592206e-15,5.227372062915527e-15,0.0,0.0,0.0,1.9861454449289948e-15,-1.5373484943917331e-15,2.0596938321040165e-15,-1.4300480836582495e-18,8.001216674736982e-19,-8.786551792801687e-20,0.034127142,0.034127142,0.008531785499999986,0.008531785499999991,0.00853178550000002,0.008531785500000002,533.2849613480579,533.284961348058,533.2849613480589,533.2849613480583,2.4790192535061375,1.0199706000001014,5.851153049875949e-15,6.5393449974469536e-15,1.640792907332656
6.28,attitude_only,-1.1965660748747137e-15,1.159355888741489e-15,2.624424634187648e-15,1.0,0.0,0.0,0.0,1.0,-2.3931321497494214e-15,2.3187117774829845e-15,5.248849268375293e-15,0.0,0.0,0.0,1.8604432700044134e-15,-1.1635569934281172e-15,2.129720422598062e-15,-1.297809906448797e-18,3.6320743625164115e-19,-8.786551792801687e-20,0.034127142,0.034127142,0.008531785499999991,0.00853178549999999,0.008531785500000015,0.008531785500000003,533.284961348058,533.284961348058,533.2849613480588,533.2849613480585,2.3914579018960502,1.0199706000001014,5.9774548103576964e-15,6.673954595463722e-15,1.6612050322872125
6.29,attitude_only,-1.1875597130987839e-15,1.1543340225758204e-15,2.6348426969557234e-15,1.0,0.0,0.0,0.0,1.0,-2.3751194261975618e-15,2.308668045151647e-15,5.2696853939114444e-15,0.0,0.0,0.0,1.7642066174454423e-15,-8.861304244296773e-16,2.0434876983951942e-15,-1.1999679895524856e-18,3.915685769780978e-20,-8.786551792801687e-20,0.034127142,0.034127142,0.008531785499999995,0.008531785499999988,0.008531785500000014,0.008531785500000005,533.2849613480581,533.2849613480579,533.2849613480587,533.2849613480585,2.303775921114162,1.0199706000001014,6.103998402596238e-15,6.808804684063205e-15,1.6807355122670782
6.3,attitude_only,-1.1789424747952406e-15,1.1504946235213461e-15,2.6451980238508873e-15,1.0,0.0,0.0,0.0,1.0,-2.3578849495904753e-15,2.3009892470426986e-15,5.290396047701772e-15,0.0,0.0,0.0,1.6874360003170377e-15,-6.866173919463793e-16,2.0939692637580384e-15,-1.1247176090015703e-18,-1.933926073626842e-19,-8.786551792801687e-20,0.034127142,0.034127142,0.008531785499999996,0.008531785499999986,0.00853178550000001,0.008531785500000007,533.2849613480582,533.2849613480579,533.2849613480586,533.2849613480586,2.215996159825743,1.0199706000001014,6.230779284656425e-15,6.9438927231624065e-15,1.6993842834137984
6.31,attitude_only,-1.1707554492929538e-15,1.1474376463015517e-15,2.6557649272862663e-15,1.0,0.0,0.0,0.0,1.0,-2.3415108985859016e-15,2.2948752926031096e-15,5.31152985457253e-15,0.0,0.0,0.0,1.5986811289496212e-15,-5.541574603758563e-16,2.071402836796524e-15,-1.0341985746501667e-18,-3.4680295064355317e-19,-8.786551792801687e-20,0.034127142,0.034127142,0.008531785499999998,0.008531785499999986,0.008531785500000008,0.008531785500000007,533.2849613480582,533.2849613480579,533.2849613480586,533.2849613480586,2.1281371797620547,1.0199706000001014,6.357793692821834e-15,7.079216098237713e-15,1.717151296008871
6.32,attitude_only,-1.1629514198976708e-15,1.14483136737061e-15,2.6656786015336432e-15,1.0,0.0,0.0,0.0,1.0,-2.3259028397953356e-15,2.289662734741226e-15,5.331357203067284e-15,0.0,0.0,0.0,1.5253659513786984e-15,-5.014791624729797e-16,1.959299264552546e-15,-9.61474021078847e-19,-4.0500211650227495e-19,-8.786551792801687e-20,0.034127142,0.034127142,0.0085317855,0.008531785499999986,0.008531785500000008,0.008531785500000007,533.2849613480583,533.2849613480579,533.2849613480586,533.2849613480586,2.0402140504379824,1.0199706000001014,6.4850384289408095e-15,7.214773420855509e-15,1.7340365113402891
6.33,attitude_only,-1.1555435908431984e-15,1.14242762125323e-15,2.6754441738156425e-15,1.0,0.0,0.0,0.0,1.0,-2.311087181686391e-15,2.284855242506466e-15,5.3508883476312826e-15,0.0,0.0,0.0,1.4513329969790314e-15,-4.675241492086698e-16,1.914407490058129e-15,-8.871478057690366e-19,-4.410728909273603e-19,-8.786551792801687e-20,0.034127142,0.034127142,0.0085317855,0.008531785499999986,0.008531785500000007,0.008531785500000007,533.2849613480583,533.2849613480579,533.2849613480586,533.2849613480586,1.952238998833622,1.0199706000001014,6.612510414421296e-15,7.350562600824684e-15,1.7500398992644506
6.34,attitude_only,-1.1484904999535816e-15,1.1401407333471231e-15,2.6850645188570165e-15,1.0,0.0,0.0,0.0,1.0,-2.296980999907157e-15,2.2802814666942525e-15,5.370129037714031e-15,0.0,0.0,0.0,1.3797645332045324e-15,-4.515969192189153e-16,1.931654076718495e-15,-8.150632945716829e-19,-4.556695977228763e-19,-8.786551792801687e-20,0.034127142,0.034127142,0.008531785500000002,0.008531785499999986,0.008531785500000007,0.008531785500000007,533.2849613480583,533.2849613480579,533.2849613480586,533.2849613480586,1.864221939952537,1.0199706000001014,6.740208136987334e-15,7.486582097740125e-15,1.7651614363087322
6.35,attitude_only,-1.1417806773266936e-15,1.1379322051439978e-15,2.6947735363122188e-15,1.0,0.0,0.0,0.0,1.0,-2.283561354653381e-15,2.275864410288002e-15,5.389547072624435e-15,0.0,0.0,0.0,1.30830775438156e-15,-4.3078010287222254e-16,1.948907923757753e-15,-7.423982375279314e-19,-4.763419763101856e-19,-8.786551792801687e-20,0.034127142,0.034127142,0.008531785500000002,0.008531785499999986,0.008531785500000005,0.008531785500000005,533.2849613480583,533.2849613480579,533.2849613480585,533.2849613480585,1.7761709096794016,1.0199706000001014,6.868130488571802e-15,7.622830272356092e-15,1.7794011041946005
6.36,attitude_only,-1.1352922959850892e-15,1.1358615446503161e-15,2.7045530952765703e-15,1.0,0.0,0.0,0.0,1.0,-2.270584591970172e-15,2.2717230893006385e-15,5.409106190553138e-15,0.0,0.0,0.0,1.2908871966847153e-15,-4.0006743755343584e-16,1.962103408741409e-15,-7.344024402585657e-19,-5.091965003171949e-19,-8.786551792801687e-20,0.034127142,0.034127142,0.008531785500000002,0.008531785499999986,0.008531785500000005,0.008531785500000005,533.2849613480583,533.2849613480579,533.2849613480585,533.2849613480585,1.6880924176097065,1.0199706000001014,6.996277084290538e-15,7.759305595732689e-15,1.7927588886879107
6.37,attitude_only,-1.1288497053450646e-15,1.1339315111409323e-15,2.714408905302341e-15,1.0,0.0,0.0,0.0,1.0,-2.257699410690123e-15,2.267863022281871e-15,5.428817810604679e-15,0.0,0.0,0.0,1.2894919412469842e-15,-3.749606021147016e-16,1.9773275907276186e-15,-7.45623053145758e-19,-5.355750968225291e-19,-8.786551792801687e-20,0.034127142,0.034127142,0.008531785500000002,0.008531785499999986,0.008531785500000005,0.008531785500000007,533.2849613480583,533.2849613480579,533.2849613480585,533.2849613480586,1.5999917344059904,1.0199706000001014,7.124647839038995e-15,7.89600528228573e-15,1.8052347787038217
6.38,attitude_only,-1.122397385647449e-15,1.1321130490440467e-15,2.724006130148779e-15,1.0,0.0,0.0,0.0,1.0,-2.2447947712948918e-15,2.2642260980880998e-15,5.4480122602975555e-15,0.0,0.0,0.0,1.2940873721220717e-15,-3.586604362993391e-16,1.9164533535004803e-15,-7.640784439170834e-19,-5.515486914379707e-19,-8.786551792801687e-20,0.034127142,0.034127142,0.008531785500000002,0.008531785499999986,0.008531785500000005,0.008531785500000007,533.2849613480583,533.2849613480579,533.2849613480585,533.2849613480586,1.5118731256461606,1.0199706000001014,7.253242215310873e-15,8.032927343186416e-15,1.8168287656098898
6.39,attitude_only,-1.1159136017168293e-15,1.1303233638086924e-15,2.733388768801917e-15,1.0,0.0,0.0,0.0,1.0,-2.2318272034336523e-15,2.2606467276173907e-15,5.4667775376038316e-15,0.0,0.0,0.0,1.3030402683936643e-15,-3.6288454223386536e-16,1.849994996244852e-15,-7.87852322126931e-19,-5.428509188942006e-19,-8.786551792801687e-20,0.034127142,0.034127142,0.008531785500000002,0.008531785499999986,0.008531785500000005,0.008531785500000007,533.2849613480583,533.2849613480579,533.2849613480585,533.2849613480586,1.4237400419876631,1.0199706000001014,7.382059473929834e-15,8.170070226193613e-15,1.8275408426834263
6.4,attitude_only,-1.1093573760203589e-15,1.1284662058466557e-15,2.7426382351568148e-15,1.0,0.0,0.0,0.0,1.0,-2.2187147520407114e-15,2.2569324116933173e-15,5.485276470313627e-15,0.0,0.0,0.0,1.3197130164584472e-15,-3.785820256046163e-16,1.8494872169626572e-15,-8.210567499692557e-19,-5.202281185932529e-19,-8.786551792801687e-20,0.034127142,0.034127142,0.008531785500000002,0.008531785499999986,0.008531785500000005,0.008531785500000007,533.2849613480583,533.2849613480579,533.2849613480585,533.2849613480586,1.3355952737007326,1.0199706000001014,7.511098571144541e-15,8.307432429397103e-15,1.837371004688957
6.41,attitude_only,-1.1026917014410204e-15,1.1265362624663072e-15,2.751889986518482e-15,1.0,0.0,0.0,0.0,1.0,-2.2053834028820344e-15,2.2530725249326203e-15,5.503779973036962e-15,0.0,0.0,0.0,1.3454859883206138e-15,-3.884464116082746e-16,1.8505024730112635e-15,-8.654391760870615e-19,-5.0450639127278045e-19,-8.786551792801687e-20,0.034127142,0.034127142,0.008531785500000002,0.008531785499999986,0.008531785500000007,0.008531785500000007,533.2849613480583,533.2849613480579,533.2849613480586,533.2849613480586,1.247441076165223,1.0199706000001014,7.640358705313622e-15,8.445012460394932e-15,1.8463192475491887
6.42,attitude_only,-1.0959450014310707e-15,1.124592395580146e-15,2.761140721383787e-15,1.0,0.0,0.0,0.0,1.0,-2.191890002862135e-15,2.249184791160298e-15,5.522281442767572e-15,0.0,0.0,0.0,1.3535893833376092e-15,-3.8924923621251e-16,1.8505021704954847e-15,-8.886991439408319e-19,-4.996505093855728e-19,-8.786551792801687e-20,0.034127142,0.034127142,0.0085317855,0.008531785499999986,0.008531785500000007,0.008531785500000007,533.2849613480583,533.2849613480579,533.2849613480586,533.2849613480586,1.159279271724033,1.0199706000001014,7.769839677601442e-15,8.58280880336132e-15,1.8543855680887813
6.43,attitude_only,-1.089140691620653e-15,1.122640707863667e-15,2.7703896792484906e-15,1.0,0.0,0.0,0.0,1.0,-2.1782813832413e-15,2.24528141572734e-15,5.540779358496979e-15,0.0,0.0,0.0,1.3655695423137244e-15,-3.914345903384625e-16,1.8494871867110887e-15,-9.167310301353072e-19,-4.931137385310455e-19,-8.786551792801687e-20,0.034127142,0.034127142,0.0085317855,0.008531785499999986,0.008531785500000007,0.008531785500000007,533.2849613480583,533.2849613480579,533.2849613480586,533.2849613480586,1.0711113322998655,1.0199706000001014,7.899541436455937e-15,8.720820435856155e-15,1.861569963834813
6.44,attitude_only,-1.0823023696858579e-15,1.1206743089127327e-15,2.7796470112210043e-15,1.0,0.0,0.0,0.0,1.0,-2.1646047393717094e-15,2.2413486178254713e-15,5.559294022442006e-15,0.0,0.0,0.0,1.3676150311404065e-15,-3.949958497871048e-16,1.8530395240760324e-15,-9.328617670387306e-19,-4.848902686948033e-19,-8.786551792801687e-20,0.034127142,0.034127142,0.0085317855,0.008531785499999986,0.008531785500000007,0.008531785500000007,533.2849613480583,533.2849613480579,533.2849613480586,533.2849613480586,0.9829384463714939,1.0199706000001014,8.029463553624887e-15,8.859046134166004e-15,1.8678724328613936
6.45,attitude_only,-1.0754581620614423e-15,1.1186863147485312e-15,2.788906879639551e-15,1.0,0.0,0.0,0.0,1.0,-2.1509163241228783e-15,2.2373726294970683e-15,5.577813759279099e-15,0.0,0.0,0.0,1.3704412501781007e-15,-3.999360773510129e-16,1.8499941189491122e-15,-9.499576423857444e-19,-4.749626348446035e-19,-8.786551792801687e-20,0.034127142,0.034127142,0.0085317855,0.008531785499999986,0.008531785500000007,0.008531785500000007,533.2849613480583,533.2849613480579,533.2849613480586,533.2849613480586,0.8947615732423189,1.0199706000001014,8.159605593964539e-15,8.997484828789644e-15,1.8732929736686497
6.46,attitude_only,-1.0686370116038671e-15,1.1166697996607698e-15,2.798161924843139e-15,1.0,0.0,0.0,0.0,1.0,-2.137274023207728e-15,2.2333395993215455e-15,5.596323849686276e-15,0.0,0.0,0.0,1.3596466525925984e-15,-4.0626793689780904e-16,1.8520240562663333e-15,-9.506005918090673e-19,-4.633017240194702e-19,-8.786551792801687e-20,0.034127142,0.034127142,0.0085317855,0.008531785499999986,0.008531785500000007,0.008531785500000007,533.2849613480583,533.2849613480579,533.2849613480586,533.2849613480586,0.806581486990622,1.0199706000001014,8.28996711957103e-15,9.136135229097593e-15,1.877831585088488
6.47,attitude_only,-1.0619296117986302e-15,1.114617748202975e-15,2.8074255977794776e-15,1.0,0.0,0.0,0.0,1.0,-2.123859223597254e-15,2.229235496405956e-15,5.614851195558953e-15,0.0,0.0,0.0,1.3277043213767688e-15,-4.140137081248204e-16,1.8535466226976776e-15,-9.255468375638393e-19,-4.4986666146580845e-19,-8.786551792801687e-20,0.034127142,0.034127142,0.0085317855,0.008531785499999986,0.008531785500000007,0.008531785500000007,533.2849613480583,533.2849613480579,533.2849613480586,533.2849613480586,0.7183988120467593,1.0199706000001014,8.420547687925286e-15,9.274996426277305e-15,1.881488266211201
6.48,attitude_only,-1.055341621916449e-15,1.1125411912623657e-15,2.8166831795954836e-15,1.0,0.0,0.0,0.0,1.0,-2.1106832438328917e-15,2.2250823825247373e-15,5.633366359190965e-15,0.0,0.0,0.0,1.3098886868020751e-15,-4.128170531550953e-16,1.8505011570675727e-15,-9.172669629422283e-19,-4.471744768979272e-19,-8.786551792801687e-20,0.034127142,0.034127142,0.0085317855,0.008531785499999986,0.008531785500000007,0.008531785500000007,533.2849613480583,533.2849613480579,533.2849613480586,533.2849613480586,0.6302140519795955,1.0199706000001014,8.551346850063044e-15,9.414067661358444e-15,1.8842630163283105
6.49,attitude_only,-1.0488697977334193e-15,1.1104959331522765e-15,2.825927057061947e-15,1.0,0.0,0.0,0.0,1.0,-2.0977395954668322e-15,2.220991866304559e-15,5.651854114123892e-15,0.0,0.0,0.0,1.2850884756462477e-15,-4.061948493771941e-16,1.8484709323603543e-15,-9.003575943116976e-19,-4.510591729376369e-19,-8.786551792801687e-20,0.034127142,0.034127142,0.0085317855,0.008531785499999986,0.008531785500000007,0.008531785500000007,533.2849613480583,533.2849613480579,533.2849613480586,533.2849613480586,0.5420276127785837,1.0199706000001014,8.682364480669886e-15,9.553347387646122e-15,1.8861558348880558
6.5,attitude_only,-1.0424708268382001e-15,1.1084797137321055e-15,2.835179815976855e-15,1.0,0.0,0.0,0.0,1.0,-2.084941653676394e-15,2.216959427464217e-15,5.670359631953707e-15,0.0,0.0,0.0,1.2758887989802379e-15,-4.010483392395457e-16,1.850501028498382e-15,-9.020768703022878e-19,-4.532245017104196e-19,-8.786551792801687e-20,0.034127142,0.034127142,0.0085317855,0.008531785499999986,0.008531785500000007,0.008531785500000007,533.2849613480583,533.2849613480579,533.2849613480586,533.2849613480586,0.4538398216762565,1.0199706000001014,8.813600392901783e-15,9.692834360650096e-15,1.8871667214607253
6.51,attitude_only,-1.0361838451859851e-15,1.106485239064084e-15,2.8444315599155415e-15,1.0,0.0,0.0,0.0,1.0,-2.072367690371964e-15,2.212970478128174e-15,5.6888631198310806e-15,0.0,0.0,0.0,1.2464743844392095e-15,-3.9734832674781954e-16,1.84948597664792e-15,-8.792443166974456e-19,-4.53691033433013e-19,-8.786551792801687e-20,0.034127142,0.034127142,0.0085317855,0.008531785499999986,0.008531785500000007,0.008531785500000007,533.2849613480583,533.2849613480579,533.2849613480586,533.2849613480586,0.3656509423597066,1.0199706000001014,8.945054135814192e-15,9.832527043399252e-15,1.8872956757116603
6.52,attitude_only,-1.0300344312045629e-15,1.1045053331415223e-15,2.853680004633198e-15,1.0,0.0,0.0,0.0,1.0,-2.0600688624091195e-15,2.2090106662830506e-15,5.707360009266394e-15,0.0,0.0,0.0,1.2234144175905138e-15,-3.9507578308622914e-16,1.849993460977246e-15,-8.638065006549157e-19,-4.524673279960593e-19,-8.786551792801687e-20,0.034127142,0.034127142,0.0085317855,0.008531785499999986,0.008531785500000007,0.008531785500000007,533.2849613480583,533.2849613480579,533.2849613480586,533.2849613480586,0.27746118725914054,1.0199706000001014,9.076725264784981e-15,9.972424626378063e-15,1.886542697380229
6.53,attitude_only,-1.0239633799062985e-15,1.102532887545783e-15,2.8629218514722306e-15,1.0,0.0,0.0,0.0,1.0,-2.0479267598125906e-15,2.205065775091572e-15,5.725843702944459e-15,0.0,0.0,0.0,1.1996911738730274e-15,-3.9422168315218973e-16,1.8474557859737184e-15,-8.473355199326631e-19,-4.495500310853843e-19,-8.786551792801687e-20,0.034127142,0.034127142,0.0085317855,0.008531785499999986,0.008531785500000007,0.008531785500000007,533.2849613480583,533.2849613480579,533.2849613480586,533.2849613480586,0.189270727471753,1.0199706000001014,9.208613339702271e-15,1.0112525744145422e-14,1.8849077862634511
6.54,attitude_only,-1.0179962341078723e-15,1.1005608116331568e-15,2.872169027359949e-15,1.0,0.0,0.0,0.0,1.0,-2.0359924682157384e-15,2.2011216232663195e-15,5.744338054719895e-15,0.0,0.0,0.0,1.2035626876084213e-15,-3.947869464186771e-16,1.8510085298442212e-15,-8.640169632912199e-19,-4.449238457014128e-19,-8.786551792801687e-20,0.034127142,0.034127142,0.0085317855,0.008531785499999986,0.008531785500000007,0.008531785500000007,533.2849613480583,533.2849613480579,533.2849613480586,533.2849613480586,0.10107970077328748,1.0199706000001014,9.340717923185594e-15,1.0252829179556532e-14,1.8823909422032454
6.55,attitude_only,-1.011872570182819e-15,1.0986297537382183e-15,2.8814215322519197e-15,1.0,0.0,0.0,0.0,1.0,-2.0237451403656318e-15,2.1972595074764425e-15,5.762843064503837e-15,0.0,0.0,0.0,1.2407583016344957e-15,-3.79387371940093e-16,1.8505009661045502e-15,-9.210592831388538e-19,-4.59609461356313e-19,-8.786551792801687e-20,0.034127142,0.034127142,0.0085317855,0.008531785499999986,0.008531785500000007,0.008531785500000007,533.2849613480583,533.2849613480579,533.2849613480586,533.2849613480586,0.012888218083689215,1.0199706000001014,9.473038639148328e-15,1.039333289522583e-14,1.8789921650764985
6.5600000000000005,attitude_only,-1.0056166652029749e-15,1.0967722408723617e-15,2.8906717530976085e-15,1.0,0.0,0.0,0.0,1.0,-2.0112333304059434e-15,2.1935444817447293e-15,5.7813435061952145e-15,0.0,0.0,0.0,1.259046410604572e-15,-3.6523313639953144e-16,1.8510084920297647e-15,-9.555954780089918e-19,-4.729422126409914e-19,-8.786551792801687e-20,0.034127142,0.034127142,0.0085317855,0.008531785499999986,0.008531785500000007,0.008531785500000007,533.2849613480583,533.2849613480579,533.2849613480586,533.2849613480586,-0.07530363131642799,1.0199706000001014,9.605575507554619e-15,1.0534034665441456e-14,1.8747114547873296
6.57,attitude_only,-9.992743969727172e-16,1.094982226359534e-15,2.8999214663961013e-15,1.0,0.0,0.0,0.0,1.0,-1.998548793945428e-15,2.189964452719074e-15,5.7998429327922e-15,0.0,0.0,0.0,1.2752869449832107e-15,-3.522599680683923e-16,1.8494858688767176e-15,-9.8783698871319e-19,-4.849874149576745e-19,-8.786551792801687e-20,0.034127142,0.034127142,0.0085317855,0.008531785499999984,0.008531785500000007,0.008531785500000007,533.2849613480583,533.2849613480578,533.2849613480586,533.2849613480586,-0.16349577557838765,1.0199706000001014,9.738328202193522e-15,1.0674933593799767e-14,1.869548811261067
6.58,attitude_only,-9.92913153860606e-16,1.0931767036626395e-15,2.907847055495148e-15,1.0,0.0,0.0,0.0,1.0,-1.9858263077212057e-15,2.186353407325285e-15,5.815694110990294e-15,0.0,0.0,0.0,1.2464803464730238e-15,-3.94267941412101e-16,1.2559108706797076e-15,-9.657338739656957e-19,-4.3063516753110294e-19,-8.786551792801687e-20,0.034127142,0.034127142,0.0085317855,0.008531785499999986,0.008531785500000007,0.008531785500000007,533.2849613480583,533.2849613480579,533.2849613480586,533.2849613480586,-0.25168815689294033,1.0199706000001014,9.87129632277338e-15,1.0816028717179004e-14,1.8635042344395556
6.59,attitude_only,-9.871276522133038e-16,1.09077015787676e-15,2.913635435552512e-15,1.0,0.0,0.0,0.0,1.0,-1.9742553044266014e-15,2.1815403157535257e-15,5.827270871105022e-15,0.0,0.0,0.0,1.0952139396918975e-15,-5.483996059720648e-16,1.2533427185417345e-15,-7.95166325225263e-19,-2.4019317399942583e-19,-8.786551792801687e-20,0.034127142,0.034127142,0.0085317855,0.008531785499999988,0.008531785500000008,0.008531785500000003,533.2849613480583,533.2849613480579,533.2849613480586,533.2849613480585,-0.339880728755376,1.0199706000001014,1.000447762412629e-14,1.0957320510448644e-14,1.8565777242775046
6.6,attitude_only,-9.819361914448976e-16,1.0877710989849836e-15,2.920526734673573e-15,1.0,0.0,0.0,0.0,1.0,-1.963872382889789e-15,2.1755421979699732e-15,5.841053469347143e-15,0.0,0.0,0.0,1.0047867231776507e-15,-6.283690065868474e-16,1.4265753403270856e-15,-6.9670153263994315e-19,-1.3794620319581833e-19,-8.786551792801687e-20,0.034127142,0.034127142,0.0085317855,0.00853178549999999,0.008531785500000008,0.008531785500000003,533.2849613480583,533.284961348058,533.2849613480586,533.2849613480585,-0.42807345376154865,1.0199706000001014,1.0137868104544366e-14,1.1098811465581966e-14,1.8487692807396416
6.61,attitude_only,-9.770993342723817e-16,1.0844853582174178e-15,2.927672507856572e-15,1.0,0.0,0.0,0.0,1.0,-1.954198668544757e-15,2.1689707164348414e-15,5.855345015713141e-15,0.0,0.0,0.0,9.413693753243708e-16,-6.8040193574128985e-16,1.4668940898315696e-15,-6.300144089692516e-19,-6.870266885307397e-20,-8.786551792801687e-20,0.034127142,0.034127142,0.0085317855,0.008531785499999991,0.008531785500000008,0.008531785500000002,533.2849613480583,533.284961348058,533.2849613480586,533.2849613480583,-0.5162663018321525,1.0199706000001014,1.0271469315869698e-14,1.1240498889358194e-14,1.8400789037984961
6.62,attitude_only,-9.725522550475724e-16,1.0809553840816716e-15,2.9349473426753726e-15,1.0,0.0,0.0,0.0,1.0,-1.9451045100951386e-15,2.1619107681633487e-15,5.869894685350743e-15,0.0,0.0,0.0,8.906469996277203e-16,-7.253963300056882e-16,1.4448162186050801e-15,-5.78054028129548e-19,-7.455432435739334e-21,-8.786551792801687e-20,0.034127142,0.034127142,0.0085317855,0.008531785499999991,0.008531785500000008,0.0085317855,533.2849613480583,533.284961348058,533.2849613480586,533.2849613480583,-0.6044592487821497,1.0199706000001014,1.0405281785448213e-14,1.1382380757265966e-14,1.830506593432675
6.63,attitude_only,-9.681793051982861e-16,1.0772718373981499e-15,2.9423953796564316e-15,1.0,0.0,0.0,0.0,1.0,-1.936358610396566e-15,2.1545436747963053e-15,5.884790759312861e-15,0.0,0.0,0.0,8.708153380571005e-16,-7.390074396676967e-16,1.5675793308413013e-15,-5.629641876253751e-19,1.6267973555347794e-20,-8.786551792801687e-20,0.034127142,0.034127142,0.0085317855,0.008531785499999991,0.008531785500000008,0.0085317855,533.2849613480583,533.284961348058,533.2849613480586,533.2849613480583,-0.692652275168915,1.0199706000001014,1.0539305136593298e-14,1.1524455721646544e-14,1.8200523496255154
6.64,attitude_only,-9.639219159664831e-16,1.0735819008747425e-15,2.950211325311912e-15,1.0,0.0,0.0,0.0,1.0,-1.92784383193296e-15,2.1471638017494904e-15,5.900422650623822e-15,0.0,0.0,0.0,8.413049459466716e-16,-7.362740744830537e-16,1.559712500799478e-15,-5.35964766552327e-19,2.0350676078606713e-20,-8.786551792801687e-20,0.034127142,0.034127142,0.0085317855,0.008531785499999993,0.008531785500000008,0.0085317855,533.2849613480583,533.2849613480581,533.2849613480586,533.2849613480583,-0.7808453653645983,1.0199706000001014,1.067353961046153e-14,1.166672192245418e-14,1.8087161723640424
6.65,attitude_only,-9.597621176039755e-16,1.069928137950826e-15,2.95798146572905e-15,1.0,0.0,0.0,0.0,1.0,-1.9195242352079446e-15,2.1398562759016577e-15,5.915962931458098e-15,0.0,0.0,0.0,8.29568758019788e-16,-7.256372644753959e-16,1.5493079868913503e-15,-5.301770286202649e-19,1.4842876714171515e-20,-8.786551792801687e-20,0.034127142,0.034127142,0.0085317855,0.008531785499999993,0.008531785500000008,0.0085317855,533.2849613480583,533.2849613480581,533.2849613480586,533.2849613480583,-0.869038506809517,1.0199706000001014,1.0807985206899654e-14,1.1809178565398983e-14,1.7964980616381496
6.66,attitude_only,-9.55625612372138e-16,1.0663061285260618e-15,2.9657030094462448e-15,1.0,0.0,0.0,0.0,1.0,-1.9112512247442697e-15,2.132612257052129e-15,5.931406018892487e-15,0.0,0.0,0.0,8.271215824929011e-16,-7.174559706990576e-16,1.5401723137937815e-15,-5.355116338129294e-19,1.219988388955614e-20,-8.786551792801687e-20,0.034127142,0.034127142,0.0085317855,0.008531785499999993,0.008531785500000008,0.0085317855,533.2849613480583,533.2849613480581,533.2849613480586,533.2849613480583,-0.9572316894112749,1.0199706000001014,1.0942641370704897e-14,1.1951824317098142e-14,1.7833980174399668
6.67,attitude_only,-9.515036659724364e-16,1.0627809963276806e-15,2.973374053202398e-15,1.0,0.0,0.0,0.0,1.0,-1.9030073319448666e-15,2.1255619926553668e-15,5.9467481064047934e-15,0.0,0.0,0.0,8.149354964012591e-16,-6.917818095538501e-16,1.5300215686386315e-15,-5.290376854669715e-19,-1.1691291389154656e-20,-8.786551792801687e-20,0.034127142,0.034127142,0.0085317855,0.008531785499999991,0.008531785500000007,0.0085317855,533.2849613480583,533.284961348058,533.2849613480586,533.2849613480583,-1.0454249050610642,1.0199706000001014,1.1077507423740044e-14,1.209465808987977e-14,1.769416039763365
6.68,attitude_only,-9.475107537310965e-16,1.0593658212320284e-15,2.9810034789040417e-15,1.0,0.0,0.0,0.0,1.0,-1.8950215074621866e-15,2.1187316424640624e-15,5.962006957808081e-15,0.0,0.0,0.0,7.812274698809763e-16,-6.844093706853824e-16,1.5216472042814726e-15,-4.964003283414419e-19,-1.3694124324462113e-20,-8.786551792801687e-20,0.034127142,0.034127142,0.0085317855,0.008531785499999993,0.008531785500000007,0.0085317855,533.2849613480583,533.2849613480581,533.2849613480586,533.2849613480583,-1.1336181472447582,1.0199706000001014,1.121258313081408e-14,1.2237679392783819e-14,1.75455212860357
6.69,attitude_only,-9.436413527202587e-16,1.0558334016499553e-15,2.9885887488627597e-15,1.0,0.0,0.0,0.0,1.0,-1.887282705440511e-15,2.111666803299916e-15,5.977177497725517e-15,0.0,0.0,0.0,7.594345460802611e-16,-7.306928268355904e-16,1.5132728386244476e-15,-4.778431652413866e-19,4.915295132414387e-20,-8.786551792801687e-20,0.034127142,0.034127142,0.0085317855,0.008531785499999993,0.008531785500000007,0.0085317855,533.2849613480583,533.2849613480581,533.2849613480586,533.2849613480583,-1.2218114107299014,1.0199706000001014,1.1347867368826777e-14,1.2380887941628139e-14,1.738806283956864
6.7,attitude_only,-9.39917788349509e-16,1.052124982306414e-15,2.996431091520429e-15,1.0,0.0,0.0,0.0,1.0,-1.8798355766990117e-15,2.1042499646128336e-15,5.992862183040856e-15,0.0,0.0,0.0,7.334132187594702e-16,-7.521311596458706e-16,1.5817599169302335e-15,-4.539517046440321e-19,8.240026229293881e-20,-8.786551792801687e-20,0.034127142,0.034127142,0.0085317855,0.008531785499999993,0.008531785500000007,0.0085317855,533.2849613480583,533.2849613480581,533.2849613480586,533.2849613480583,-1.3100046913141608,1.0199706000001014,1.1483357807614469e-14,1.2524282908972299e-14,1.7221785058203525
6.71,attitude_only,-9.363102428281091e-16,1.0482583243115066e-15,3.0043407792949624e-15,1.0,0.0,0.0,0.0,1.0,-1.872620485656212e-15,2.0965166486230186e-15,6.008681558589923e-15,0.0,0.0,0.0,7.223529909262102e-16,-7.933283679952929e-16,1.582267453963478e-15,-4.479029611533821e-19,1.3977019599219823e-19,-8.786551792801687e-20,0.034127142,0.034127142,0.0085317855,0.008531785499999995,0.008531785500000008,0.008531785499999998,533.2849613480583,533.2849613480581,533.2849613480586,533.2849613480582,-1.3981979856227864,1.0199706000001014,1.1619053980633353e-14,1.2667863671984302e-14,1.70466879419178
6.72,attitude_only,-9.32721005275175e-16,1.0442175962078773e-15,3.0122575725889656e-15,1.0,0.0,0.0,0.0,1.0,-1.8654420105503435e-15,2.08843519241576e-15,6.0245151451779296e-15,0.0,0.0,0.0,7.152047938466859e-16,-8.177838243792191e-16,1.5835362966647193e-15,-4.464771725964197e-19,1.772945818967016e-19,-8.786551792801687e-20,0.034127142,0.034127142,0.008531785499999998,0.008531785499999995,0.008531785500000008,0.008531785499999998,533.2849613480582,533.2849613480581,533.2849613480586,533.2849613480582,-1.4863912909460324,1.0199706000001014,1.1754954984934755e-14,1.281162892487512e-14,1.6862771490693902
6.73,attitude_only,-9.291642897994504e-16,1.0400593798711446e-15,3.020171447541571e-15,1.0,0.0,0.0,0.0,1.0,-1.8583285795988944e-15,2.0801187597422947e-15,6.0403428950831405e-15,0.0,0.0,0.0,7.062206538645879e-16,-8.421051244891659e-16,1.5820136844719024e-15,-4.427584111565483e-19,2.1490119327353007e-19,-8.786551792801687e-20,0.034127142,0.034127142,0.008531785499999998,0.008531785499999995,0.008531785500000008,0.008531785499999998,533.2849613480582,533.2849613480581,533.2849613480586,533.2849613480582,-1.5745846051082835,1.0199706000001014,1.1891060253097415e-14,1.2955577789802198e-14,1.667003570451816
6.74,attitude_only,-9.256977610156393e-16,1.0358086424915746e-15,3.028078851392859e-15,1.0,0.0,0.0,0.0,1.0,-1.8513955220312723e-15,2.0716172849831547e-15,6.056157702785716e-15,0.0,0.0,0.0,6.876409120301345e-16,-8.628965358007216e-16,1.5822674529737317e-15,-4.273391300755055e-19,2.484798522054039e-19,-8.786551792801687e-20,0.034127142,0.034127142,0.008531785499999998,0.008531785499999995,0.008531785500000008,0.008531785499999998,533.2849613480582,533.2849613480581,533.2849613480586,533.2849613480582,-1.6627779263631275,1.0199706000001014,1.2027369282978435e-14,1.3099709642349001e-14,1.6468480583379914
6.75,attitude_only,-9.22317778737594e-16,1.0314319619070043e-15,3.0359936145339276e-15,1.0,0.0,0.0,0.0,1.0,-1.8446355574751816e-15,2.062863923814014e-15,6.0719872290678535e-15,0.0,0.0,0.0,6.6493643953081e-16,-8.873083869622084e-16,1.5825212214903165e-15,-4.0674312747162395e-19,2.8664715746880986e-19,-8.786551792801687e-20,0.034127142,0.034127142,0.008531785499999998,0.008531785499999995,0.008531785500000008,0.008531785499999996,533.2849613480582,533.2849613480581,533.2849613480586,533.2849613480582,-1.750971253308585,1.0199706000001014,1.2163881184081486e-14,1.3244024035795179e-14,1.6258106127270877
6.76,attitude_only,-9.190009788072429e-16,1.0269924053134982e-15,3.0439114228977972e-15,1.0,0.0,0.0,0.0,1.0,-1.8380019576144794e-15,2.053984810627002e-15,6.087822845795593e-15,0.0,0.0,0.0,6.506956451199026e-16,-9.012069966498419e-16,1.584043833055289e-15,-3.961611306297341e-19,3.1233755906046845e-19,-8.786551792801687e-20,0.034127142,0.034127142,0.008531785499999998,0.008531785499999996,0.008531785500000008,0.008531785499999996,533.2849613480582,533.2849613480582,533.2849613480586,533.2849613480582,-1.8391645848194567,1.0199706000001014,1.2300595179558645e-14,1.3388520382810271e-14,1.6038912336184588
6.77,attitude_only,-9.157806930965387e-16,1.022489159685611e-15,3.051828343070567e-15,1.0,0.0,0.0,0.0,1.0,-1.831561386193071e-15,2.0449783193712276e-15,6.103656686141132e-15,0.0,0.0,0.0,6.369356690420372e-16,-9.048900599646235e-16,1.583282527017978e-15,-3.8601851602671586e-19,3.258061356378523e-19,-8.786551792801687e-20,0.034127142,0.034127142,0.008531785499999998,0.008531785499999996,0.008531785500000008,0.008531785499999996,533.2849613480582,533.2849613480582,533.2849613480586,533.2849613480582,-1.9273579199926818,1.0199706000001014,1.2437510678491567e-14,1.3533197855345237e-14,1.5810899210116014
6.78,attitude_only,-9.126095681534097e-16,1.0179775266394479e-15,3.0597499579624666e-15,1.0,0.0,0.0,0.0,1.0,-1.825219136306813e-15,2.0359550532789013e-15,6.119499915924932e-15,0.0,0.0,0.0,6.305491840556629e-16,-9.051572572390091e-16,1.5850589073728665e-15,-3.8466022588362374e-19,3.3517834493950584e-19,-8.786551792801687e-20,0.034127142,0.034127142,0.008531785499999998,0.008531785499999996,0.008531785500000008,0.008531785499999996,533.2849613480582,533.2849613480582,533.2849613480586,533.2849613480582,-2.015551258103718,1.0199706000001014,1.2574626962208178e-14,1.3678055918148841e-14,1.5574066749061233
6.79,attitude_only,-9.095437361083866e-16,1.0134162803738892e-15,3.0676760138050557e-15,1.0,0.0,0.0,0.0,1.0,-1.8190874722167668e-15,2.026832560747784e-15,6.13535202761011e-15,0.0,0.0,0.0,6.056861731518723e-16,-9.090103633797411e-16,1.5863277504987777e-15,-3.608814745305936e-19,3.4889217594218143e-19,-8.786551792801687e-20,0.034127142,0.034127142,0.008531785499999998,0.008531785499999996,0.008531785500000008,0.008531785499999996,533.2849613480582,533.2849613480582,533.2849613480586,533.2849613480582,-2.103744598571051,1.0199706000001014,1.2711943327603343e-14,1.382309369206777e-14,1.53284149530172
6.8,attitude_only,-9.065429924733181e-16,1.0089048535030467e-15,3.0756071450201807e-15,1.0,0.0,0.0,0.0,1.0,-1.81308598494663e-15,2.017809707006099e-15,6.15121429004036e-15,0.0,0.0,0.0,5.892632721923047e-16,-9.016543878932177e-16,1.5873428250009667e-15,-3.4706662610103545e-19,3.4908154923728526e-19,-8.786551792801687e-20,0.034127142,0.034127142,0.008531785499999998,0.008531785499999996,0.008531785500000008,0.008531785499999996,533.2849613480582,533.2849613480582,533.2849613480586,533.2849613480582,-2.1919379409281863,1.0199706000001014,1.2849458929869203e-14,1.3968310875917423e-14,1.5073943821981532
6.8100000000000005,attitude_only,-9.036262602571483e-16,1.0044377078218346e-15,3.0835439860294103e-15,1.0,0.0,0.0,0.0,1.0,-1.8072525205142902e-15,2.0088754156436747e-15,6.167087972058819e-15,0.0,0.0,0.0,5.662004051932297e-16,-9.008684777441876e-16,1.5863277504397062e-15,-3.2505318975407816e-19,3.571471418358917e-19,-8.786551792801687e-20,0.034127142,0.034127142,0.008531785499999998,0.008531785499999996,0.008531785500000008,0.008531785499999996,533.2849613480582,533.2849613480582,533.2849613480586,533.2849613480582,-2.280131284800863,1.0199706000001014,1.2987173273076462e-14,1.4113706747501902e-14,1.4810653355952381
6.82,attitude_only,-9.007348846525924e-16,9.99960038989166e-16,3.091471056946154e-15,1.0,0.0,0.0,0.0,1.0,-1.8014697693051785e-15,1.9999200779783376e-15,6.182942113892307e-15,0.0,0.0,0.0,5.839359644043148e-16,-8.90667804709395e-16,1.5845513699869868e-15,-3.5217522045142324e-19,3.5381301224123423e-19,-8.786551792801687e-20,0.034127142,0.034127142,0.008531785499999998,0.008531785499999996,0.008531785500000008,0.008531785499999996,533.2849613480582,533.2849613480582,533.2849613480586,533.2849613480582,-2.368324629888802,1.0199706000001014,1.3125085183131107e-14,1.4259280826010578e-14,1.4538543554928307
6.83,attitude_only,-8.978822066857107e-16,9.955182629229144e-16,3.099395082639249e-15,1.0,0.0,0.0,0.0,1.0,-1.795764413371415e-15,1.9910365258458344e-15,6.198790165278496e-15,0.0,0.0,0.0,5.563819557675226e-16,-8.88622119858591e-16,1.5855664445205912e-15,-3.2467422964494777e-19,3.6024441161885526e-19,-8.786551792801687e-20,0.034127142,0.034127142,0.008531785499999998,0.008531785499999996,0.008531785500000008,0.008531785499999996,533.2849613480582,533.2849613480582,533.2849613480586,533.2849613480582,-2.456517975951299,1.0199706000001014,1.3263193980333916e-14,1.4405031756235818e-14,1.4257614418908184
6.84,attitude_only,-8.951224801609343e-16,9.91144159152391e-16,3.107318347026403e-15,1.0,0.0,0.0,0.0,1.0,-1.7902449603218623e-15,1.9822883183047876e-15,6.2146366940528046e-15,0.0,0.0,0.0,5.40852938229751e-16,-8.656979083151421e-16,1.583790064073411e-15,-3.114479379819192e-19,3.4139233684986775e-19,-8.786551792801687e-20,0.034127142,0.034127142,0.008531785499999998,0.008531785499999996,0.008531785500000008,0.008531785499999996,533.2849613480582,533.2849613480582,533.2849613480586,533.2849613480582,-2.544711322795144,1.0199706000001014,1.34014987446036e-14,1.4550959734743198e-14,1.3967865947891138
6.85,attitude_only,-8.92531837836151e-16,9.868682683158598e-16,3.115236916693772e-15,1.0,0.0,0.0,0.0,1.0,-1.7850636756722957e-15,1.973736536631725e-15,6.230473833387542e-15,0.0,0.0,0.0,5.07721585135779e-16,-8.490345804100359e-16,1.5845513699638716e-15,-2.7676753012051056e-19,3.2988668916784043e-19,-8.786551792801687e-20,0.034127142,0.034127142,0.008531785499999998,0.008531785499999996,0.008531785500000008,0.008531785499999996,533.2849613480582,533.2849613480582,533.2849613480586,533.2849613480582,-2.6329046702653685,1.0199706000001014,1.3539999071125834e-14,1.469706434554444e-14,1.3669298141876491
6.86,attitude_only,-8.901131901530972e-16,9.826453481906625e-16,3.1231623381142174e-15,1.0,0.0,0.0,0.0,1.0,-1.780226380306188e-15,1.9652906963813305e-15,6.246324676228433e-15,0.0,0.0,0.0,4.612857908903986e-16,-8.425218305018167e-16,1.5853126758543758e-15,-2.256574349349583e-19,3.3049660758299623e-19,-8.786551792801687e-20,0.034127142,0.034127142,0.0085317855,0.008531785499999996,0.008531785500000008,0.008531785499999995,533.2849613480583,533.2849613480582,533.2849613480586,533.2849613480581,-2.7210980182378735,1.0199706000001014,1.3678693964888642e-14,1.484334562017425e-14,1.3361911000863709
6.87,attitude_only,-8.878543205357413e-16,9.784966614863364e-16,3.131092200485723e-15,1.0,0.0,0.0,0.0,1.0,-1.7757086410714765e-15,1.9569933229726784e-15,6.262184400971445e-15,0.0,0.0,0.0,4.438702333630424e-16,-8.196900420313671e-16,1.5860739817522484e-15,-2.091974682357612e-19,3.112953618387703e-19,-8.786551792801687e-20,0.034127142,0.034127142,0.0085317855,0.008531785499999996,0.008531785500000007,0.008531785499999995,533.2849613480583,533.2849613480582,533.2849613480586,533.2849613480581,-2.8092913666129666,1.0199706000001014,1.3817582486651031e-14,1.4989802958873127e-14,1.3045704524852382
6.88,attitude_only,-8.856621208845038e-16,9.745185784676453e-16,3.1390210477826683e-15,1.0,0.0,0.0,0.0,1.0,-1.7713242417690014e-15,1.9490371569352962e-15,6.278042095565335e-15,0.0,0.0,0.0,4.39624242222607e-16,-7.787005939394899e-16,1.5855664444808312e-15,-2.084985212894647e-19,2.6989503006791223e-19,-8.786551792801687e-20,0.034127142,0.034127142,0.0085317855,0.008531785499999996,0.008531785500000007,0.008531785499999996,533.2849613480583,533.2849613480582,533.2849613480586,533.2849613480582,-2.8974847153107692,1.0199706000001014,1.3956664164178128e-14,1.5136435550323454e-14,1.272067871384219
6.89,attitude_only,-8.83491034855953e-16,9.70757239762465e-16,3.146941393830347e-15,1.0,0.0,0.0,0.0,1.0,-1.7669820697119e-15,1.9415144795249356e-15,6.293882787660692e-15,0.0,0.0,0.0,4.3181600832031527e-16,-7.366936892867862e-16,1.5832825267686623e-15,-2.0344680068991768e-19,2.2685368137753544e-19,-8.786551792801687e-20,0.034127142,0.034127142,0.0085317855,0.008531785499999996,0.008531785500000007,0.008531785499999996,533.2849613480583,533.2849613480582,533.2849613480586,533.2849613480582,-2.9856780642672507,1.0199706000001014,1.4095938836282482e-14,1.5283242350416765e-14,1.238683356783288
6.9,attitude_only,-8.813418501475501e-16,9.671897285830115e-16,3.1548512084796767e-15,1.0,0.0,0.0,0.0,1.0,-1.7626837002950941e-15,1.9343794571660284e-15,6.309702416959352e-15,0.0,0.0,0.0,4.3152972038917e-16,-7.000658361637668e-16,1.5809986090525941e-15,-2.0741855237643542e-19,1.8990091599155043e-19,-8.786551792801687e-20,0.034127142,0.034127142,0.0085317855,0.008531785499999996,0.008531785500000007,0.008531785499999996,533.2849613480583,533.2849613480582,533.2849613480586,533.2849613480582,-3.07387141343101,1.0199706000001014,1.42354058395076e-14,1.5430222914506693e-14,1.2044169086824252
6.91,attitude_only,-8.792728091939339e-16,9.63765760287028e-16,3.1627518874581442e-15,1.0,0.0,0.0,0.0,1.0,-1.7585456183878617e-15,1.9275315205740617e-15,6.325503774916287e-15,0.0,0.0,0.0,3.995937322812814e-16,-6.802449861678352e-16,1.580237303145865e-15,-1.730913039697818e-19,1.729183458581107e-19,-8.786551792801687e-20,0.034127142,0.034127142,0.008531785500000002,0.008531785499999996,0.008531785500000007,0.008531785499999996,533.2849613480583,533.2849613480582,533.2849613480586,533.2849613480582,-3.162064762760997,1.0199706000001014,1.437506416734393e-14,1.5577376700949227e-14,1.1692685270816165
6.92,attitude_only,-8.773685443728024e-16,9.60431016675979e-16,3.1706542159327255e-15,1.0,0.0,0.0,0.0,1.0,-1.7547370887455987e-15,1.9208620333519637e-15,6.341308431865449e-15,0.0,0.0,0.0,3.647336064686854e-16,-6.600670023255342e-16,1.5802373031444504e-15,-1.349064890593534e-19,1.5530543527060464e-19,-8.786551792801687e-20,0.034127142,0.034127142,0.008531785500000002,0.008531785499999996,0.008531785500000005,0.008531785499999996,533.2849613480583,533.2849613480582,533.2849613480585,533.2849613480582,-3.250258112224172,1.0199706000001014,1.451491272277165e-14,1.572470410839915e-14,1.1332382119808486
6.93,attitude_only,-8.7558314276285915e-16,9.572392230011068e-16,3.1785561637543508e-15,1.0,0.0,0.0,0.0,1.0,-1.7511662855257122e-15,1.914478446002219e-15,6.3571123275087e-15,0.0,0.0,0.0,3.467624275606943e-16,-6.263966032437704e-16,1.5799835345084935e-15,-1.168086986453709e-19,1.2116492240492573e-19,-8.786551792801687e-20,0.034127142,0.034127142,0.008531785500000002,0.008531785499999996,0.008531785500000005,0.008531785499999996,533.2849613480583,533.2849613480582,533.2849613480585,533.2849613480582,-3.338451461794052,1.0199706000001014,1.465495075803717e-14,1.5872204915482288e-14,1.0963259633801137
6.94,attitude_only,-8.739812462874351e-16,9.541048460329948e-16,3.1864591266505087e-15,1.0,0.0,0.0,0.0,1.0,-1.7479624925748641e-15,1.908209692065995e-15,6.372918253301016e-15,0.0,0.0,0.0,3.0666064950096217e-16,-6.219027894588721e-16,1.5804910717774627e-15,-7.17531714687022e-20,1.2199137375763688e-19,-8.786551792801687e-20,0.034127142,0.034127142,0.008531785500000002,0.008531785499999996,0.008531785500000005,0.008531785499999996,533.2849613480583,533.2849613480582,533.2849613480585,533.2849613480582,-3.4266448114493806,1.0199706000001014,1.4795177812509382e-14,1.6019878581166972e-14,1.0585317812794042
6.95,attitude_only,-8.725647749447636e-16,9.510237136048596e-16,3.194364754117328e-15,1.0,0.0,0.0,0.0,1.0,-1.7451295498895211e-15,1.9020474272097247e-15,6.388729508234655e-15,0.0,0.0,0.0,2.8142977298449388e-16,-6.053931989388703e-16,1.5804910717766628e-15,-4.429041737878511e-20,1.0823379712302335e-19,-8.786551792801687e-20,0.034127142,0.034127142,0.008531785500000002,0.008531785499999996,0.008531785500000005,0.008531785499999996,533.2849613480583,533.2849613480582,533.2849613480585,533.2849613480582,-3.514838161173327,1.0199706000001014,1.4935592636416974e-14,1.6167725217866937e-14,1.0198556656787139
6.96,attitude_only,-8.712290007292085e-16,9.480519018169235e-16,3.2022707622370953e-15,1.0,0.0,0.0,0.0,1.0,-1.7424580014584108e-15,1.8961038036338525e-15,6.404541524474189e-15,0.0,0.0,0.0,2.628423975852001e-16,-5.811454938448509e-16,1.580998609045179e-15,-2.4613990875484533e-20,8.494800594864832e-20,-8.786551792801687e-20,0.034127142,0.034127142,0.008531785500000003,0.008531785499999996,0.008531785500000005,0.008531785499999996,533.2849613480585,533.2849613480582,533.2849613480585,533.2849613480582,-3.6030315109521798,1.0199706000001014,1.507619489648595e-14,1.6315744065192815e-14,0.9802976165780388
6.97,attitude_only,-8.700003736462155e-16,9.451854122972335e-16,3.2101746133234637e-15,1.0,0.0,0.0,0.0,1.0,-1.7400007472924248e-15,1.8903708245944725e-15,6.420349226646926e-15,0.0,0.0,0.0,2.3011191241730934e-16,-5.705807224078644e-16,1.5807448404097827e-15,1.2361472201811317e-20,7.797608744834303e-20,-8.786551792801687e-20,0.034127142,0.034127142,0.008531785500000003,0.008531785499999996,0.008531785500000003,0.008531785499999995,533.2849613480585,533.2849613480582,533.2849613480585,533.2849613480581,-3.6912248607750158,1.0199706000001014,1.52169842221617e-14,1.646393464757038e-14,0.9398576339773761
6.98,attitude_only,-8.688892016408054e-16,9.424322531976495e-16,3.218074023458721e-15,1.0,0.0,0.0,0.0,1.0,-1.7377784032816047e-15,1.8848645063953044e-15,6.436148046917441e-15,0.0,0.0,0.0,2.1214475561168276e-16,-5.418488148113913e-16,1.578968459966281e-15,3.180061281244629e-20,4.8916286480689644e-20,-8.786551792801687e-20,0.034127142,0.034127142,0.008531785500000003,0.008531785499999996,0.008531785500000003,0.008531785499999996,533.2849613480585,533.2849613480582,533.2849613480585,533.2849613480582,-3.779418210633027,1.0199706000001014,1.5357960015135727e-14,1.6612296754857824e-14,0.8985357178767226
6.99,attitude_only,-8.678159018209579e-16,9.3981717916559e-16,3.2259686119899167e-15,1.0,0.0,0.0,0.0,1.0,-1.7356318036419097e-15,1.8796343583311854e-15,6.451937223979832e-15,0.0,0.0,0.0,2.1638083772719956e-16,-5.067706363100915e-16,1.5784609226962984e-15,2.4553505896554106e-20,1.1890178642230726e-20,-8.786551792801687e-20,0.034127142,0.034127142,0.008531785500000003,0.008531785499999996,0.008531785500000003,0.008531785499999996,533.2849613480585,533.2849613480582,533.2849613480585,533.2849613480582,-3.8676115605193653,1.0199706000001014,1.5499121723978507e-14,1.6760830105602943e-14,0.8563318682760763
7.0,attitude_only,-8.667826691447135e-16,9.373036843213546e-16,3.2338586326856836e-15,1.0,0.0,0.0,0.0,1.0,-1.733565338289421e-15,1.8746073686427147e-15,6.4677172653713655e-15,0.0,0.0,0.0,1.908318419644106e-16,-4.974535202231902e-16,1.5779533854262996e-15,5.33039823922568e-20,5.684174540181009e-21,-8.786551792801687e-20,0.034127142,0.034127142,0.008531785500000003,0.008531785499999996,0.008531785500000003,0.008531785499999996,533.2849613480585,533.2849613480582,533.2849613480585,533.2849613480582,-3.955804910428321,1.0199706000001014,1.5640469117724188e-14,1.69095338998064e-14,0.8132460851754358
7.01,attitude_only,-8.659144433509397e-16,9.34867935171025e-16,3.241743451124436e-15,1.0,0.0,0.0,0.0,1.0,-1.7318288867018733e-15,1.8697358703420555e-15,6.48348690224887e-15,0.0,0.0,0.0,1.500629472819563e-16,-4.767444586475722e-16,1.5766845422521174e-15,1.0072602653838243e-19,-1.4399254764084962e-20,-8.786551792801687e-20,0.034127142,0.034127142,0.008531785500000005,0.008531785499999996,0.008531785500000003,0.008531785499999996,533.2849613480585,533.2849613480582,533.2849613480585,533.2849613480582,-4.043998260355403,1.0199706000001014,1.5782001176669694e-14,1.7058408358677877e-14,0.7692783685747995
7.02,attitude_only,-8.652484048736572e-16,9.325223215845764e-16,3.2496239554963957e-15,1.0,0.0,0.0,0.0,1.0,-1.7304968097473083e-15,1.8650446431691583e-15,6.49924791099279e-15,0.0,0.0,0.0,1.1707516274560556e-16,-4.692770230340837e-16,1.57566946771279e-15,1.391406163545473e-19,-1.8667407269930435e-20,-8.786551792801687e-20,0.034127142,0.034127142,0.008531785500000005,0.008531785499999996,0.008531785500000002,0.008531785499999995,533.2849613480585,533.2849613480582,533.2849613480583,533.2849613480581,-4.132191610297,1.0199706000001014,1.5923717531107117e-14,1.7207454211076605e-14,0.7244287184741666
7.03,attitude_only,-8.647358859903318e-16,9.30232200134613e-16,3.257503064140864e-15,1.0,0.0,0.0,0.0,1.0,-1.7294717719806575e-15,1.8604644002692314e-15,6.515006128281726e-15,0.0,0.0,0.0,9.072275345720071e-17,-4.4100479482812934e-16,1.5766845422518815e-15,1.69856279966061e-19,-4.818403316879409e-20,-8.786551792801687e-20,0.034127142,0.034127142,0.008531785500000005,0.008531785499999996,0.008531785500000002,0.008531785499999995,533.2849613480585,533.2849613480582,533.2849613480583,533.2849613480581,-4.220384960250138,1.0199706000001014,1.6065617394623583e-14,1.73566711034742e-14,0.6786971348735366
7.04,attitude_only,-8.643270115627138e-16,9.281179595834522e-16,3.2653819190166966e-15,1.0,0.0,0.0,0.0,1.0,-1.7286540231254214e-15,1.85623591916691e-15,6.5307638380333916e-15,0.0,0.0,0.0,6.664080988837301e-17,-4.2094361350420813e-16,1.5759232363473896e-15,1.9808820414977055e-19,-6.804801462245758e-20,-8.786551792801687e-20,0.034127142,0.034127142,0.008531785500000005,0.008531785499999996,0.008531785500000002,0.008531785499999995,533.2849613480585,533.2849613480582,533.2849613480583,533.2849613480581,-4.308578310212688,1.0199706000001014,1.620770091552017e-14,1.750605853597564e-14,0.6320836177729087
7.05,attitude_only,-8.639682168721459e-16,9.26113314561284e-16,3.273260393239577e-15,1.0,0.0,0.0,0.0,1.0,-1.7279364337442858e-15,1.8522266291225736e-15,6.5465207864791524e-15,0.0,0.0,0.0,6.45989872385896e-17,-3.928332889415764e-16,1.5754156990777846e-15,1.9989240145712476e-19,-9.785207120819998e-20,-8.786551792801687e-20,0.034127142,0.034127142,0.008531785500000005,0.008531785499999996,0.008531785500000002,0.008531785499999995,533.2849613480585,533.2849613480582,533.2849613480583,533.2849613480581,-4.396771660182697,1.0199706000001014,1.634996762302649e-14,1.765561617221245e-14,0.5845881671722823
7.06,attitude_only,-8.636142008414195e-16,9.242113010883772e-16,3.2811356953545223e-15,1.0,0.0,0.0,0.0,1.0,-1.727228401682833e-15,1.84842260217676e-15,6.562271390709043e-15,0.0,0.0,0.0,7.887530860884181e-17,-3.6835841026710744e-16,1.5751619304429592e-15,1.819720627267337e-19,-1.2353834151489173e-19,-8.786551792801687e-20,0.034127142,0.034127142,0.008531785500000005,0.008531785499999996,0.008531785500000002,0.008531785499999996,533.2849613480585,533.2849613480582,533.2849613480583,533.2849613480582,-4.484965010158678,1.0199706000001014,1.649241699526305e-14,1.7805343560276812e-14,0.5362107830716574
7.07,attitude_only,-8.632680029952442e-16,9.22396612231432e-16,3.2890120125440072e-15,1.0,0.0,0.0,0.0,1.0,-1.7265360059904823e-15,1.8447932244628697e-15,6.578024025088013e-15,0.0,0.0,0.0,6.578902892538055e-17,-3.539998201720135e-16,1.575415699077726e-15,1.9701770805763343e-19,-1.3722865142728422e-19,-8.786551792801687e-20,0.034127142,0.034127142,0.008531785500000007,0.008531785499999996,0.008531785500000002,0.008531785499999996,533.2849613480586,533.2849613480582,533.2849613480583,533.2849613480582,-4.573158360139358,1.0199706000001014,1.66350486075692e-14,1.7955240206779255e-14,0.4869514654710333
7.08,attitude_only,-8.630047498861899e-16,9.206597599986076e-16,3.296890613651205e-15,1.0,0.0,0.0,0.0,1.0,-1.7260094997723737e-15,1.8413195199972206e-15,6.593781227302408e-15,0.0,0.0,0.0,4.270918097161634e-17,-3.461459361349917e-16,1.5764307736167763e-15,2.242864337924343e-19,-1.431918529103605e-19,-8.786551792801687e-20,0.034127142,0.034127142,0.008531785500000007,0.008531785499999996,0.0085317855,0.008531785499999996,533.2849613480586,533.2849613480582,533.2849613480583,533.2849613480582,-4.661351710123974,1.0199706000001014,1.6777861867098965e-14,1.8105306548599424e-14,0.43681021437041
7.09,attitude_only,-8.627919749897979e-16,9.190043810261338e-16,3.3047747976683676e-15,1.0,0.0,0.0,0.0,1.0,-1.7255839499795896e-15,1.8380087620522732e-15,6.6095495953367335e-15,0.0,0.0,0.0,3.980049796967116e-17,-3.231314453119627e-16,1.5764307736167477e-15,2.273788484150718e-19,-1.6757792744487577e-19,-8.786551792801687e-20,0.034127142,0.034127142,0.008531785500000007,0.008531785499999996,0.0085317855,0.008531785499999996,533.2849613480586,533.2849613480582,533.2849613480583,533.2849613480582,-4.749545060111654,1.0199706000001014,1.6920856377235458e-14,1.8255542816043487e-14,0.38578702976978735
7.1,attitude_only,-8.626161811581714e-16,9.174412467691939e-16,3.3126565708834997e-15,1.0,0.0,0.0,0.0,1.0,-1.7252323623163366e-15,1.8348824935383933e-15,6.625313141766998e-15,0.0,0.0,0.0,3.489045336830706e-17,-3.018554156734661e-16,1.575923236347121e-15,2.3292199740302563e-19,-1.9009060885433706e-19,-8.786551792801687e-20,0.034127142,0.034127142,0.008531785500000007,0.008531785499999996,0.0085317855,0.008531785499999996,533.2849613480586,533.2849613480582,533.2849613480583,533.2849613480582,-4.83773841010179,1.0199706000001014,1.7064032013612466e-14,1.840594848523367e-14,0.33388191166916514
7.11,attitude_only,-8.625253378913399e-16,9.15980573622542e-16,3.3205446883145e-15,1.0,0.0,0.0,0.0,1.0,-1.7250506757826736e-15,1.83196114724509e-15,6.641089376628999e-15,0.0,0.0,0.0,6.063116867994438e-18,-2.8385922162963806e-16,1.5797297658688575e-15,2.674541700347208e-19,-2.0884744949063414e-19,-8.786551792801687e-20,0.034127142,0.034127142,0.008531785500000007,0.008531785499999996,0.0085317855,0.008531785499999996,533.2849613480586,533.2849613480582,533.2849613480583,533.2849613480582,-4.925931760093799,1.0199706000001014,1.720738840046911e-14,1.8556523715507547e-14,0.28109486006854323
7.112,zero_thrust,-1.159970830139777e-15,1.2109711185349824e-15,3.3284479049792706e-15,1.0,0.0,0.0,0.0,1.0,-2.319941660279546e-15,2.4219422370699727e-15,6.656895809958538e-15,0.0,0.0,0.0,-1.306460793121695e-13,1.298879697897598e-13,1.5817599149471091e-15,0.0,0.0,0.0,0.0,0.0,0.0,0.0,0.0,0.0,0.0,0.0,0.0,0.0,-5.1333895214222585,1.0199706000001014,1.7350925335132634e-14,1.8707268872883928e-14,0.22742587496792163
7.13,zero_thrust,-1.98048114589582e-15,2.0267511845078346e-15,3.3363387266322853e-15,1.0,0.0,0.0,0.0,1.0,-3.960962291791627e-15,4.053502369015683e-15,6.672677453264563e-15,0.0,0.0,0.0,-1.88121338375273e-13,1.8701727229129908e-13,1.573853435919612e-15,0.0,0.0,0.0,0.0,0.0,0.0,0.0,0.0,0.0,0.0,0.0,0.0,0.0,-4.965900891026063,1.0199706000001014,1.7505489506495393e-14,1.8868244375338397e-14,0.18017046490406707
7.14,zero_thrust,-3.1205735363618345e-15,3.1602739958433456e-15,3.3457507883459865e-15,1.0,0.0,0.0,0.0,1.0,-6.241147072723648e-15,6.320547991686712e-15,6.691501576691953e-15,0.0,0.0,0.0,-1.7409302732966228e-13,1.7308063718759093e-13,1.5644243450833732e-15,0.0,0.0,0.0,0.0,0.0,0.0,0.0,0.0,0.0,0.0,0.0,0.0,0.0,-4.304875779234477,1.0199706000001014,1.775666571114734e-14,1.9122817809328838e-14,0.16356271158338612
7.15,zero_thrust,-3.7128568137778556e-15,3.74921338491181e-15,3.351998025700405e-15,1.0,0.0,0.0,0.0,1.0,-7.425713627555686e-15,7.498426769823646e-15,6.703996051400783e-15,0.0,0.0,0.0,-1.2756563422542494e-13,1.268554867823493e-13,1.5596582529113187e-15,0.0,0.0,0.0,0.0,0.0,0.0,0.0,0.0,0.0,0.0,0.0,0.0,0.0,-3.0249420759542636,1.0199706000001014,1.8190375393926182e-14,1.9556602849669813e-14,0.18451063895505343
7.16,zero_thrust,-4.280129798444967e-15,4.313708709722458e-15,3.3597775658419307e-15,1.0,0.0,0.0,0.0,1.0,-8.560259596889906e-15,8.627417419444945e-15,6.719555131683824e-15,0.0,0.0,0.0,-1.1185704077513474e-13,1.113195690349426e-13,1.5537105505334763e-15,0.0,0.0,0.0,0.0,0.0,0.0,0.0,0.0,0.0,0.0,0.0,0.0,0.0,-1.4899628016781201,1.0199706000001014,1.8794710484977528e-14,2.015898338232886e-14,0.231010181909317
7.17,zero_thrust,-4.839366248077305e-15,4.870340044703865e-15,3.3676062181445583e-15,1.0,0.0,0.0,0.0,1.0,-9.678732496154577e-15,9.740680089407763e-15,6.735212436289069e-15,0.0,0.0,0.0,-1.1183918652491595e-13,1.1133253899587024e-13,1.5676202438277649e-15,0.0,0.0,0.0,0.0,0.0,0.0,0.0,0.0,0.0,0.0,0.0,0.0,0.0,-0.2103809526381708,1.0199706000001014,1.9425149387886316e-14,2.0787209322194728e-14,0.2800896463445322
7.179,hover,-5.3985529308975545e-15,5.427048816215853e-15,3.3754400152097434e-15,1.0,0.0,0.0,0.0,1.0,-1.0797105861795073e-14,1.0854097632431742e-14,6.7508800304194284e-15,0.0,0.0,0.0,-1.1183068982246426e-13,1.1134731729734394e-13,1.5664921629434392e-15,1.3547803390563562e-16,-1.3516838512793505e-16,-1.981754542926635e-18,0.34127141999999994,0.34127141999999994,0.08531785500000215,0.0853178549999999,0.08531785499999799,0.0853178549999999,1686.3951197747435,1686.3951197747213,1686.3951197747024,1686.3951197747213,1.0345040265224932,1.0199706000001014,2.0055704387543907e-14,2.1415549736187923e-14,0.32820199788985344
7.19,hover,-5.956717425291219e-15,5.982824959214894e-15,3.381750441142867e-15,1.0,0.0,0.0,0.0,1.0,-1.1913434850582397e-14,1.1965649918429828e-14,6.763500882285663e-15,0.0,0.0,0.0,-1.110955951830605e-13,1.1061319503787731e-13,9.360158852192467e-16,1.3581797188536482e-16,-1.3550418356199176e-16,-1.235479184395016e-18,0.34127141999999994,0.34127141999999994,0.08531785500000212,0.08531785499999993,0.08531785499999794,0.08531785499999993,1686.3951197747433,1686.3951197747217,1686.395119774702,1686.3951197747217,1.6132741336365577,1.0199706000001014,2.0686339704892008e-14,2.2043969172287978e-14,0.375342252634969
7.2,hover,-6.500227836797807e-15,6.5240173767866165e-15,3.386845781218714e-15,1.0,0.0,0.0,0.0,1.0,-1.300045567359557e-14,1.3048034753573277e-14,6.773691562437343e-15,0.0,0.0,0.0,-1.0593692570039421e-13,1.054766672337125e-13,1.0468810575419198e-15,1.3068693776316917e-16,-1.303951168693311e-16,-1.3789862017576429e-18,0.34127141999999994,0.34127141999999994,0.08531785500000205,0.08531785499999993,0.08531785499999804,0.08531785499999993,1686.3951197747426,1686.3951197747217,1686.395119774703,1686.3951197747217,2.2147698904327315,1.0199706000001014,2.1317501907285168e-14,2.2672912518235964e-14,0.4215497818111423
7.21,hover,-7.003419894642932e-15,7.025002425189346e-15,3.390505322149743e-15,1.0,0.0,0.0,0.0,1.0,-1.4006839789285817e-14,1.405000485037874e-14,6.781010644299387e-15,0.0,0.0,0.0,-9.560716020077986e-14,9.517719758732542e-14,4.456555801118833e-16,1.192472907656397e-16,-1.1898752526953983e-16,-6.619721846427178e-19,0.34127141999999994,0.34127141999999994,0.08531785500000184,0.08531785499999996,0.08531785499999818,0.08531785499999996,1686.3951197747406,1686.395119774722,1686.3951197747044,1686.395119774722,2.681110945168061,1.0199706000001014,2.195147812810991e-14,2.3304657501796896e-14,0.4670145334522351
7.22,hover,-7.44397057953372e-15,7.463569050313433e-15,3.3893616215596226e-15,1.0,0.0,0.0,0.0,1.0,-1.4887941159067388e-14,1.4927138100626917e-14,6.778723243119134e-15,0.0,0.0,0.0,-8.169371658455642e-14,8.129038487537767e-14,-5.265875716469562e-16,1.0336809559201715e-16,-1.0313625386395629e-16,5.099854731843588e-19,0.34127141999999994,0.34127141999999994,0.08531785500000155,0.08531785500000001,0.08531785499999837,0.085317855,1686.3951197747379,1686.3951197747224,1686.3951197747062,1686.3951197747224,3.0438620405754993,1.0199706000001014,2.2591382045089767e-14,2.3942307841222082e-14,0.5119631976742867
7.23,hover,-7.811274008380738e-15,7.828879283920275e-15,3.38705692946535e-15,1.0,0.0,0.0,0.0,1.0,-1.5622548016761422e-14,1.5657758567840605e-14,6.7741138589305776e-15,0.0,0.0,0.0,-6.65552645604464e-14,6.614706748890327e-14,2.3915899904992083e-17,8.586750580868964e-17,-8.562574367507609e-17,-1.508578516770289e-19,0.34127141999999994,0.34127141999999994,0.0853178550000013,0.08531785499999998,0.08531785499999867,0.08531785499999997,1686.3951197747353,1686.3951197747222,1686.3951197747092,1686.395119774722,3.327323330404244,1.0199706000001014,2.3240097057934972e-14,2.458874200891114e-14,0.5565748825714819
7.238,attitude_only,-8.276595348621699e-15,8.296552141971512e-15,3.388877381107422e-15,1.0,0.0,0.0,0.0,1.0,-1.655319069724334e-14,1.6593104283943082e-14,6.7777547622147066e-15,0.0,0.0,0.0,-3.876706991978549e-14,4.016580640467545e-14,-1.693864099418178e-16,5.2831808799254837e-17,-5.476955682524011e-17,-1.221587717910384e-19,0.034127142,0.034127142,0.008531785500000832,0.008531785499999979,0.008531785499999178,0.00853178550000001,533.2849613480844,533.2849613480577,533.2849613480325,533.2849613480586,3.7718248869875657,1.0199706000001014,2.3899976941488895e-14,2.524631204281829e-14,0.6009735314780488
7.25,attitude_only,-8.313132980784592e-15,8.334717283263709e-15,3.3887656517243305e-15,1.0,0.0,0.0,0.0,1.0,-1.6626265961569127e-14,1.6669434566527474e-14,6.777531303448522e-15,0.0,0.0,0.0,-3.579185330244783e-14,3.7496580516833167e-14,-1.8740993071408627e-16,4.9691051098079e-17,-5.2016444726031354e-17,-1.221587717910384e-19,0.034127142,0.034127142,0.008531785500000787,0.008531785499999977,0.008531785499999223,0.008531785500000012,533.2849613480829,533.2849613480575,533.284961348034,533.2849613480587,4.124120412965253,1.0199706000001014,2.4572812489257423e-14,2.5916789049051474e-14,0.6452399516130568
7.26,attitude_only,-8.45201819137103e-15,8.485920421363905e-15,3.3854067055927794e-15,1.0,0.0,0.0,0.0,1.0,-1.6904036382742003e-14,1.6971840842727868e-14,6.770813411185415e-15,0.0,0.0,0.0,-2.1260376491330012e-14,2.4265486840105526e-14,-1.3355068161106334e-15,3.2465882689650915e-17,-3.638178718235923e-17,-1.221587717910384e-19,0.034127142,0.034127142,0.008531785500000534,0.008531785499999965,0.008531785499999476,0.008531785500000024,533.284961348075,533.2849613480572,533.284961348042,533.284961348059,3.9304680210529432,1.0199706000001014,2.5259876309143407e-14,2.660141158734368e-14,0.6894219699607066
7.27,attitude_only,-8.52054943870725e-15,8.571630712353409e-15,3.3741066568755295e-15,1.0,0.0,0.0,0.0,1.0,-1.7041098877414442e-14,1.7143261424706874e-14,6.748213313750913e-15,0.0,0.0,0.0,-7.861687020225868e-15,1.162833134594725e-14,-3.0273505831579195e-15,1.64660721945282e-17,-2.1333483902828773e-17,-1.221587717910384e-19,0.034127142,0.034127142,0.008531785500000295,0.008531785499999958,0.008531785499999714,0.008531785500000033,533.2849613480676,533.284961348057,533.2849613480494,533.2849613480594,4.024473193930558,1.0199706000001014,2.5959953533159238e-14,2.7298960674395164e-14,0.7334269088151197
7.28,attitude_only,-8.52854974294659e-15,8.599941464649548e-15,3.357449167659831e-15,1.0,0.0,0.0,0.0,1.0,-1.7057099485893123e-14,1.7199882929299153e-14,6.714898335319515e-15,0.0,0.0,0.0,3.1812984421441367e-15,1.0907433276188285e-15,-3.5146815251875015e-15,3.182676655262752e-18,-8.699285714110858e-18,-1.221587717910384e-19,0.034127142,0.034127142,0.008531785500000097,0.008531785499999953,0.008531785499999913,0.008531785500000038,533.2849613480613,533.2849613480569,533.2849613480556,533.2849613480595,4.09201163163188,1.0199706000001014,2.6669757279865415e-14,2.8006161061719028e-14,0.7770485626394905
7.29,attitude_only,-8.487759448954145e-15,8.581040133450181e-15,3.3411362803896365e-15,1.0,0.0,0.0,0.0,1.0,-1.6975518897908234e-14,1.716208026690042e-14,6.682272560779127e-15,0.0,0.0,0.0,1.1809505362632607e-14,-7.435720500591401e-15,-3.3367817819317963e-15,-7.289266702949735e-18,1.6068280847473286e-18,-1.221587717910384e-19,0.034127142,0.034127142,0.008531785499999937,0.008531785499999951,0.008531785500000073,0.008531785500000038,533.2849613480563,533.2849613480568,533.2849613480605,533.2849613480595,4.13544075506691,1.0199706000001014,2.738691439459568e-14,2.872064427255688e-14,0.8201401351275599
7.3,attitude_only,-8.411454834935408e-15,8.525597766521953e-15,3.324504148211744e-15,1.0,0.0,0.0,0.0,1.0,-1.682290966987076e-14,1.7051195533043963e-14,6.649008296423345e-15,0.0,0.0,0.0,1.7710427603224544e-14,-1.3764831446540386e-14,-3.253577390800924e-15,-1.45474776676923e-17,9.339409534351513e-18,-1.221587717910384e-19,0.034127142,0.034127142,0.008531785499999821,0.008531785499999955,0.008531785500000189,0.008531785500000034,533.2849613480527,533.2849613480569,533.2849613480641,533.2849613480594,4.157583123950935,1.0199706000001014,2.8109787259245234e-14,2.944078355534685e-14,0.8626016611224293
7.31,attitude_only,-8.312311037234603e-15,8.444008981864371e-15,3.30829547063491e-15,1.0,0.0,0.0,0.0,1.0,-1.6624622074469148e-14,1.6888017963728795e-14,6.61659094126968e-15,0.0,0.0,0.0,2.122811620034559e-14,-1.8101358219289497e-14,-3.2809764730881165e-15,-1.8980985146241007e-17,1.4724255243843334e-17,-1.221587717910384e-19,0.034127142,0.034127142,0.008531785499999747,0.008531785499999962,0.008531785500000263,0.008531785500000028,533.2849613480504,533.2849613480571,533.2849613480665,533.2849613480591,4.161313224996318,1.0199706000001014,2.883724438512508e-14,3.016546415943671e-14,0.9043639974142069
7.32,attitude_only,-8.200850228197799e-15,8.345636533007682e-15,3.2924765400471925e-15,1.0,0.0,0.0,0.0,1.0,-1.6401700456395544e-14,1.6691273066015418e-14,6.584953080094248e-15,0.0,0.0,0.0,2.2939518342609337e-14,-2.0749254803338855e-14,-3.1781882805945073e-15,-2.126406290038361e-17,1.8109223692735965e-17,-1.221587717910384e-19,0.034127142,0.034127142,0.008531785499999701,0.00853178549999997,0.008531785500000307,0.008531785500000019,533.284961348049,533.2849613480573,533.2849613480679,533.2849613480589,4.149342190447518,1.0199706000001014,2.9568493111048247e-14,3.089390793157183e-14,0.9453785779367329
7.33,attitude_only,-8.084668381233722e-15,8.237482779026383e-15,3.2748211611870826e-15,1.0,0.0,0.0,0.0,1.0,-1.616933676246739e-14,1.647496555805282e-14,6.549642322374032e-15,0.0,0.0,0.0,2.327312184321756e-14,-2.2176305781952307e-14,-3.866527772185095e-15,-2.189711831954565e-17,2.004344792489163e-17,-1.221587717910384e-19,0.034127142,0.034127142,0.008531785499999682,0.00853178549999998,0.008531785500000328,0.008531785500000008,533.2849613480483,533.2849613480577,533.2849613480685,533.2849613480586,4.124117864247477,1.0199706000001014,3.0302969810032944e-14,3.162555805505499e-14,0.9856107835312051
7.34,attitude_only,-7.97031180027475e-15,8.125403772304807e-15,3.2552150658052153e-15,1.0,0.0,0.0,0.0,1.0,-1.5940623600549446e-14,1.6250807544609664e-14,6.510430131610301e-15,0.0,0.0,0.0,2.236647938908314e-14,-2.246175721567253e-14,-3.871371184488081e-15,-2.1032812168475173e-17,2.0610607217512613e-17,-1.221587717910384e-19,0.034127142,0.034127142,0.008531785499999684,0.008531785499999991,0.008531785500000324,0.008531785499999998,533.2849613480485,533.284961348058,533.2849613480684,533.2849613480582,4.08779054424721,1.0199706000001014,3.1040261927032654e-14,3.2360009839786684e-14,1.0250355961736657
7.35,attitude_only,-7.86336291731641e-15,8.014422591887242e-15,3.2372228794635723e-15,1.0,0.0,0.0,0.0,1.0,-1.572672583463277e-14,1.6028845183774534e-14,6.474445758927018e-15,0.0,0.0,0.0,2.0486060224238754e-14,-2.1844491732059507e-14,-3.234051083894483e-15,-1.8981169772904292e-17,2.0088333554497577e-17,-1.221587717910384e-19,0.034127142,0.034127142,0.008531785499999705,0.008531785500000003,0.008531785500000305,0.008531785499999986,533.284961348049,533.2849613480585,533.2849613480679,533.2849613480579,4.042214722756279,1.0199706000001014,3.178007059588831e-14,3.3096972323049163e-14,1.0636347105415904
7.36,attitude_only,-7.767266964839888e-15,7.908639348795097e-15,3.2226905816276037e-15,1.0,0.0,0.0,0.0,1.0,-1.5534533929679726e-14,1.5817278697590244e-14,6.445381163255084e-15,0.0,0.0,0.0,1.8146582094058126e-14,-2.051970309884869e-14,-2.8385348234714368e-15,-1.6355261837628135e-17,1.8703784225633098e-17,-1.221587717910384e-19,0.034127142,0.034127142,0.008531785499999736,0.008531785500000012,0.008531785500000274,0.008531785499999977,533.28496134805,533.2849613480587,533.2849613480669,533.2849613480575,3.988969274850156,1.0199706000001014,3.2522174505387566e-14,3.383623020319667e-14,1.1013945853738496
7.37,attitude_only,-7.683290923620943e-15,7.810743931358179e-15,3.2089366397761476e-15,1.0,0.0,0.0,0.0,1.0,-1.5366581847241836e-14,1.562148786271641e-14,6.417873279552175e-15,0.0,0.0,0.0,1.5714347196467623e-14,-1.8754704491324014e-14,-2.632054387722796e-15,-1.3593723432484201e-17,1.6773332941516725e-17,-1.221587717910384e-19,0.034127142,0.034127142,0.00853178549999977,0.008531785500000019,0.008531785500000237,0.00853178549999997,533.2849613480512,533.2849613480589,533.2849613480657,533.2849613480573,3.9293858795576293,1.0199706000001014,3.326640643253199e-14,3.4577613396897924e-14,1.138305108357724
7.38,attitude_only,-7.610915738837851e-15,7.722530893565818e-15,3.1955301210636875e-15,1.0,0.0,0.0,0.0,1.0,-1.5221831477675652e-14,1.5445061787131683e-14,6.3910602421272574e-15,0.0,0.0,0.0,1.3496747800936747e-14,-1.669947738598236e-14,-2.701874465936091e-15,-1.1067571635856516e-17,1.4474055188966556e-17,-1.221587717910384e-19,0.034127142,0.034127142,0.008531785499999809,0.00853178550000002,0.008531785500000201,0.008531785499999969,533.2849613480523,533.2849613480589,533.2849613480646,533.2849613480573,3.8645798770372983,1.0199706000001014,3.401263545330225e-14,3.5320983638348095e-14,1.174358667027283
7.39,attitude_only,-7.54899422592654e-15,7.64509063362794e-15,3.1817937313775883e-15,1.0,0.0,0.0,0.0,1.0,-1.5097988451853032e-14,1.5290181267255926e-14,6.3635874627550614e-15,0.0,0.0,0.0,1.1465476451737734e-14,-1.4476710452430637e-14,-2.7786142002241513e-15,-8.744700781335076e-18,1.1951501973228795e-17,-1.221587717910384e-19,0.034127142,0.034127142,0.008531785499999845,0.008531785500000019,0.008531785500000165,0.00853178549999997,533.2849613480535,533.2849613480589,533.2849613480635,533.2849613480573,3.7954804073325086,1.0199706000001014,3.4760758971574954e-14,3.606622657212281e-14,1.2095494923124157
7.4,attitude_only,-7.496944082434034e-15,7.579175843251178e-15,3.1666938450471675e-15,1.0,0.0,0.0,0.0,1.0,-1.499388816486802e-14,1.5158351686502403e-14,6.333387690094221e-15,0.0,0.0,0.0,9.594495026671832e-15,-1.2136420874814295e-14,-3.310859712401755e-15,-6.59546802152272e-18,9.264518688837335e-18,-1.221587717910384e-19,0.034127142,0.034127142,0.008531785499999884,0.008531785500000015,0.008531785500000126,0.008531785499999974,533.2849613480546,533.2849613480588,533.2849613480622,533.2849613480574,3.722858239881467,1.0199706000001014,3.5510695968066197e-14,3.681325302153552e-14,1.243873188013191
7.41,attitude_only,-7.453439552748633e-15,7.524631507691731e-15,3.149679226290014e-15,1.0,0.0,0.0,0.0,1.0,-1.4906879105497218e-14,1.504926301538351e-14,6.299358452579916e-15,0.0,0.0,0.0,8.024801309551233e-15,-9.94556894340981e-15,-3.3853878926890087e-15,-4.792083574073511e-18,6.7349520605860486e-18,-1.221587717910384e-19,0.034127142,0.034127142,0.008531785499999917,0.00853178550000001,0.008531785500000093,0.008531785499999979,533.2849613480557,533.2849613480586,533.2849613480612,533.2849613480577,3.647350612668887,1.0199706000001014,3.626238246338029e-14,3.756199368306236e-14,1.277326389051376
7.42,attitude_only,-7.416828771002208e-15,7.48054783986592e-15,3.1336893266431464e-15,1.0,0.0,0.0,0.0,1.0,-1.483365754200437e-14,1.4961095679731887e-14,6.2673786532861815e-15,0.0,0.0,0.0,6.7875638233020056e-15,-7.914644635606283e-15,-3.216726170330757e-15,-3.3752742288074574e-18,4.376989337577877e-18,-1.221587717910384e-19,0.034127142,0.034127142,0.008531785499999946,0.008531785500000003,0.008531785500000064,0.008531785499999988,533.2849613480566,533.2849613480585,533.2849613480603,533.2849613480579,3.569482915029503,1.0199706000001014,3.701576155315368e-14,3.831238857033405e-14,1.309906510296095
7.43,attitude_only,-7.385769186128806e-15,7.446181039543826e-15,3.11849833055776e-15,1.0,0.0,0.0,0.0,1.0,-1.4771538372257564e-14,1.48923620790877e-14,6.236996661115411e-15,0.0,0.0,0.0,5.757806885552462e-15,-6.070828895281953e-15,-2.6711414486453037e-15,-2.1971439723635283e-18,2.225118738141501e-18,-1.221587717910384e-19,0.034127142,0.034127142,0.00853178549999997,0.008531785499999995,0.00853178550000004,0.008531785499999995,533.2849613480573,533.2849613480581,533.2849613480596,533.2849613480581,3.489687326795039,1.0199706000001014,3.777078666873665e-14,3.9064388404878295e-14,1.341611560034666
7.44,attitude_only,-7.359741983235608e-15,7.42039372532925e-15,3.1072493980055796e-15,1.0,0.0,0.0,0.0,1.0,-1.471948396647117e-14,1.4840787450658543e-14,6.2144987960110504e-15,0.0,0.0,0.0,4.773532409890338e-15,-4.4442251806205615e-15,-1.893280362535762e-15,-1.0637499256678858e-18,3.176365323540396e-19,-1.221587717910384e-19,0.034127142,0.034127142,0.008531785499999995,0.00853178549999999,0.008531785500000015,0.0085317855,533.2849613480581,533.284961348058,533.2849613480588,533.2849613480583,3.4083186650275934,1.0199706000001014,3.852742034496799e-14,3.981795565801402e-14,1.3724400002142463
7.45,attitude_only,-7.338167230313058e-15,7.402196733177821e-15,3.098156638043084e-15,1.0,0.0,0.0,0.0,1.0,-1.467633446062607e-14,1.4804393466355687e-14,6.196313276086059e-15,0.0,0.0,0.0,3.9648772332487615e-15,-3.057075128637478e-15,-1.9274372738287168e-15,-1.3301248603048059e-19,-1.3163727787392867e-18,-1.221587717910384e-19,0.034127142,0.034127142,0.008531785500000014,0.008531785499999984,0.008531785499999996,0.008531785500000005,533.2849613480587,533.2849613480578,533.2849613480582,533.2849613480585,3.32566774654365,1.0199706000001014,3.928563080300015e-14,4.057306448560238e-14,1.4023906409403244
7.46,attitude_only,-7.320066718113355e-15,7.389935185285478e-15,3.0877811071224283e-15,1.0,0.0,0.0,0.0,1.0,-1.4640133436226666e-14,1.4779870370571e-14,6.175562214244749e-15,0.0,0.0,0.0,3.327698887994081e-15,-2.0129031183941674e-15,-2.211050859595668e-15,5.983245393951949e-19,-2.549250159847318e-18,-1.221587717910384e-19,0.034127142,0.034127142,0.00853178550000003,0.008531785499999979,0.00853178549999998,0.00853178550000001,533.2849613480593,533.2849613480577,533.2849613480577,533.2849613480586,3.241972585215268,1.0199706000001014,4.004539135869782e-14,4.132969047059004e-14,1.4314625603393412
7.47,attitude_only,-7.305251924054585e-15,7.381812912386643e-15,3.0759285973341244e-15,1.0,0.0,0.0,0.0,1.0,-1.4610503848109125e-14,1.476362582477333e-14,6.151857194668141e-15,0.0,0.0,0.0,2.691053245173797e-15,-1.3727974961328196e-15,-2.3954343419060244e-15,1.3353887783277994e-18,-3.303648931599607e-18,-1.221587717910384e-19,0.034127142,0.034127142,0.00853178550000004,0.008531785499999979,0.008531785499999969,0.00853178550000001,533.2849613480596,533.2849613480577,533.2849613480573,533.2849613480586,3.15742772893014,1.0199706000001014,4.080667637486725e-14,4.2087813697242647e-14,1.4596550433772368
7.48,attitude_only,-7.293081735657048e-15,7.375643524233048e-15,3.0631254786348413e-15,1.0,0.0,0.0,0.0,1.0,-1.4586163471314052e-14,1.475128704846614e-14,6.126250957269575e-15,0.0,0.0,0.0,2.2162672651372505e-15,-1.1874326216235264e-15,-2.603257471466381e-15,1.8829692817202806e-18,-3.514212454794524e-18,-1.221587717910384e-19,0.034127142,0.034127142,0.008531785500000047,0.008531785499999982,0.008531785499999963,0.008531785500000007,533.2849613480598,533.2849613480578,533.2849613480572,533.2849613480586,3.0721920147409363,1.0199706000001014,4.15694616134928e-14,4.284742169444666e-14,1.48696753495708
7.49,attitude_only,-7.283165735134436e-15,7.369186585999012e-15,3.0499547879324963e-15,1.0,0.0,0.0,0.0,1.0,-1.456633147026883e-14,1.4738373171998068e-14,6.099909575864885e-15,0.0,0.0,0.0,1.7922675961324346e-15,-1.4192577391403273e-15,-2.5351220799516398e-15,2.3738462085647364e-18,-3.2218297363829594e-18,-1.221587717910384e-19,0.034127142,0.034127142,0.008531785500000048,0.008531785499999988,0.008531785499999962,0.008531785500000002,533.2849613480598,533.2849613480579,533.2849613480571,533.2849613480583,2.986394989527403,1.0199706000001014,4.2333723748461445e-14,4.3608500406848734e-14,1.513399603843812
7.5,attitude_only,-7.275123447791965e-15,7.360871408268989e-15,3.0392928752972357e-15,1.0,0.0,0.0,0.0,1.0,-1.4550246895583886e-14,1.4721742816538022e-14,6.078585750594364e-15,0.0,0.0,0.0,1.4948278026242e-15,-1.884659511429495e-15,-1.8484699701121546e-15,2.7158256827483756e-18,-2.644501014521663e-18,-1.221587717910384e-19,0.034127142,0.034127142,0.008531785500000047,0.008531785499999995,0.008531785499999963,0.008531785499999995,533.2849613480598,533.2849613480581,533.2849613480572,533.2849613480581,2.9001422116091318,1.0199706000001014,4.309944220523375e-14,4.437104082927392e-14,1.538950914843172
7.51,attitude_only,-7.267807911547974e-15,7.349938624159324e-15,3.0322390623504248e-15,1.0,0.0,0.0,0.0,1.0,-1.4535615823095904e-14,1.4699877248318693e-14,6.064478124700743e-15,0.0,0.0,0.0,1.4620779165997818e-15,-2.4477684332019113e-15,-1.086175446095936e-15,2.7405047668116807e-18,-1.944292624062746e-18,-1.221587717910384e-19,0.034127142,0.034127142,0.008531785500000041,0.008531785500000002,0.008531785499999969,0.00853178549999999,533.2849613480596,533.2849613480583,533.2849613480573,533.284961348058,2.813519618444421,1.0199706000001014,4.3866603127056505e-14,4.513503286992529e-14,1.5636212073010272
7.52,attitude_only,-7.26016213161924e-15,7.33600744420484e-15,3.02744765231012e-15,1.0,0.0,0.0,0.0,1.0,-1.4520324263238437e-14,1.4672014888409723e-14,6.054895304620133e-15,0.0,0.0,0.0,1.5998014561656355e-15,-3.057089122481101e-15,-7.152836338231628e-16,2.5592385047709995e-18,-1.182536905702907e-18,-1.221587717910384e-19,0.034127142,0.034127142,0.008531785500000034,0.008531785500000005,0.008531785499999976,0.008531785499999984,533.2849613480594,533.2849613480585,533.2849613480575,533.2849613480578,2.726597117926376,1.0199706000001014,4.46351980784592e-14,4.590046325023292e-14,1.5874102784595707
7.53,attitude_only,-7.251355126062552e-15,7.319125755349957e-15,3.024112807484475e-15,1.0,0.0,0.0,0.0,1.0,-1.450271025212506e-14,1.4638251510699958e-14,6.048225614968843e-15,0.0,0.0,0.0,1.9515633301206984e-15,-3.6025798343350655e-15,-7.530430560554017e-16,2.117608622723716e-18,-4.919222531347969e-19,-1.221587717910384e-19,0.034127142,0.034127142,0.008531785500000024,0.008531785500000007,0.008531785499999984,0.008531785499999982,533.284961348059,533.2849613480586,533.2849613480578,533.2849613480578,2.639431536276327,1.0199706000001014,4.540522033162233e-14,4.666732215329889e-14,1.6103179705563315
7.54,attitude_only,-7.23998202716633e-15,7.300038722872795e-15,3.01989067120615e-15,1.0,0.0,0.0,0.0,1.0,-1.4479964054332617e-14,1.4600077445745635e-14,6.039781342412194e-15,0.0,0.0,0.0,2.5645377422438656e-15,-3.9997653652967055e-15,-9.71137867622264e-16,1.3563939507534777e-18,2.4698037672137044e-20,-1.221587717910384e-19,0.034127142,0.034127142,0.008531785500000015,0.008531785500000005,0.008531785499999995,0.008531785499999984,533.2849613480588,533.2849613480585,533.2849613480581,533.2849613480578,2.5520690341744876,1.0199706000001014,4.617666779787408e-14,4.743559868491637e-14,1.6323441608140024
7.55,attitude_only,-7.225058759260687e-15,7.279298870036384e-15,3.012839424205018e-15,1.0,0.0,0.0,0.0,1.0,-1.445011751852133e-14,1.4558597740072812e-14,6.025678848409931e-15,0.0,0.0,0.0,3.3412321467799188e-15,-4.226429731705372e-15,-1.831810951393879e-15,3.909483438424148e-19,3.3895957467958837e-19,-1.221587717910384e-19,0.034127142,0.034127142,0.008531785500000005,0.0085317855,0.008531785500000005,0.00853178549999999,533.2849613480585,533.2849613480583,533.2849613480585,533.284961348058,2.46454708440028,1.0199706000001014,4.6949540236100035e-14,4.8205280579640404e-14,1.6534887536670364
7.5600000000000005,attitude_only,-7.206231303168398e-15,7.257889619537594e-15,3.0034657279630908e-15,1.0,0.0,0.0,0.0,1.0,-1.4412462606336753e-14,1.451577923907523e-14,6.006931455926077e-15,0.0,0.0,0.0,4.083370560246804e-15,-4.3311166963382874e-15,-1.758015205872424e-15,-5.404514579203175e-19,5.078950992024739e-19,-1.221587717910384e-19,0.034127142,0.034127142,0.008531785499999996,0.008531785499999995,0.008531785500000014,0.008531785499999995,533.2849613480582,533.2849613480581,533.2849613480587,533.2849613480581,2.376896088606876,1.0199706000001014,4.7723838164989533e-14,4.897635863569746e-14,1.6737516747213685
7.57,attitude_only,-7.184130815903491e-15,7.236063599295788e-15,2.9947197849269936e-15,1.0,0.0,0.0,0.0,1.0,-1.4368261631806938e-14,1.447212719859162e-14,5.989439569853883e-15,0.0,0.0,0.0,4.669740262545611e-15,-4.3858305911662555e-15,-1.7420384304366015e-15,-1.2907925033043403e-18,6.174100789076972e-19,-1.221587717910384e-19,0.034127142,0.034127142,0.00853178549999999,0.00853178549999999,0.008531785500000019,0.0085317855,533.284961348058,533.284961348058,533.2849613480589,533.2849613480583,2.289140697628688,1.0199706000001014,4.8499561335581585e-14,4.9748829316736973e-14,1.6931328660585292
7.58,attitude_only,-7.159316924775367e-15,7.214045189392906e-15,2.9860542202366655e-15,1.0,0.0,0.0,0.0,1.0,-1.431863384955069e-14,1.4428090378785856e-14,5.972108440473228e-15,0.0,0.0,0.0,5.190149588887446e-15,-4.420527469614111e-15,-1.7260645591522089e-15,-1.967185190803416e-18,7.032516077412632e-19,-1.221587717910384e-19,0.034127142,0.034127142,0.008531785499999984,0.008531785499999984,0.008531785500000026,0.008531785500000005,533.2849613480578,533.2849613480578,533.2849613480591,533.2849613480585,2.201300888602569,1.0199706000001014,4.9276706560682755e-14,5.0522693051236917e-14,1.7116322825835097
7.59,attitude_only,-7.132369788459843e-15,7.191858509296084e-15,2.977468297029474e-15,1.0,0.0,0.0,0.0,1.0,-1.4264739576919643e-14,1.438371701859221e-14,5.954936594058845e-15,0.0,0.0,0.0,5.506045069156739e-15,-4.4574091309618164e-15,-1.709572502042575e-15,-2.4013202178181338e-18,7.920836926681267e-19,-1.221587717910384e-19,0.034127142,0.034127142,0.00853178549999998,0.008531785499999982,0.00853178550000003,0.008531785500000007,533.2849613480577,533.2849613480578,533.2849613480593,533.2849613480586,2.1133928428823605,1.0199706000001014,5.0055269856401595e-14,5.129794790851155e-14,1.7292498891835246
7.6,attitude_only,-7.1048012683186246e-15,7.169562878260761e-15,2.968965966870208e-15,1.0,0.0,0.0,0.0,1.0,-1.4209602536637207e-14,1.4339125756521564e-14,5.937931933740314e-15,0.0,0.0,0.0,5.470104439943349e-15,-4.474478372774577e-15,-1.694097455573091e-15,-2.4128925071614976e-18,8.573115665711851e-19,-1.221587717910384e-19,0.034127142,0.034127142,0.008531785499999979,0.008531785499999982,0.00853178550000003,0.008531785500000007,533.2849613480577,533.2849613480578,533.2849613480593,533.2849613480586,2.025429660977406,1.0199706000001014,5.083524656114498e-14,5.2074594996438935e-14,1.7459856585171016
7.61,attitude_only,-7.078648741800467e-15,7.147131178148503e-15,2.960248803517133e-15,1.0,0.0,0.0,0.0,1.0,-1.4157297483600892e-14,1.4294262356297047e-14,5.920497607034165e-15,0.0,0.0,0.0,5.011569680080569e-15,-4.488534252186003e-15,-1.7531978534894311e-15,-1.9127664921269715e-18,9.190639643867595e-19,-1.221587717910384e-19,0.034127142,0.034127142,0.008531785499999982,0.008531785499999988,0.008531785500000026,0.008531785500000002,533.2849613480578,533.2849613480579,533.2849613480591,533.2849613480583,1.9374219443068004,1.0199706000001014,5.161663252419263e-14,5.285264081445607e-14,1.761839569293345
7.62,attitude_only,-7.055039955963115e-15,7.12462387336759e-15,2.9527083824958152e-15,1.0,0.0,0.0,0.0,1.0,-1.4110079911926188e-14,1.424924774673522e-14,5.90541676499153e-15,0.0,0.0,0.0,4.4764212921821305e-15,-4.497481123277471e-15,-1.2253221736210916e-15,-1.3153526395706655e-18,9.747750209292944e-19,-1.221587717910384e-19,0.034127142,0.034127142,0.008531785499999988,0.008531785499999993,0.008531785500000022,0.008531785499999998,533.2849613480579,533.2849613480581,533.284961348059,533.2849613480582,1.849378268228648,1.0199706000001014,5.2399422921786296e-14,5.363209340194208e-14,1.7768116049325051
7.63,attitude_only,-7.034185378051875e-15,7.102589423560992e-15,2.947327493954554e-15,1.0,0.0,0.0,0.0,1.0,-1.4068370756103707e-14,1.4205178847122024e-14,5.894654987909008e-15,0.0,0.0,0.0,3.91936852246534e-15,-4.3313501117972015e-15,-1.1484312453312251e-15,-6.860830011351697e-19,8.187313082709417e-19,-1.221587717910384e-19,0.034127142,0.034127142,0.008531785499999993,0.008531785499999996,0.008531785500000017,0.008531785499999993,533.2849613480581,533.2849613480582,533.2849613480588,533.2849613480581,1.7613055663976003,1.0199706000001014,5.318361410694716e-14,5.44129516208262e-14,1.790901752523239
7.64,attitude_only,-7.015935509257813e-15,7.081298842917985e-15,2.9412830419225173e-15,1.0,0.0,0.0,0.0,1.0,-1.4031871018515585e-14,1.4162597685836011e-14,5.882566083844935e-15,0.0,0.0,0.0,3.4741440079272583e-15,-4.206622821011165e-15,-1.2364290963901388e-15,-1.8655502376874331e-19,7.1112478753780815e-19,-1.221587717910384e-19,0.034127142,0.034127142,0.008531785499999998,0.008531785499999998,0.008531785500000012,0.008531785499999991,533.2849613480582,533.2849613480582,533.2849613480587,533.284961348058,1.673209442868865,1.0199706000001014,5.396920653749005e-14,5.51952118053064e-14,1.8041100020107779
7.65,attitude_only,-6.999635336195514e-15,7.060525608407678e-15,2.9344509312986777e-15,1.0,0.0,0.0,0.0,1.0,-1.3999270672390988e-14,1.4121051216815398e-14,5.868901862597257e-15,0.0,0.0,0.0,3.0959815933322238e-15,-4.127861651738268e-15,-1.4182909861924305e-15,2.36280057811974e-19,6.578900009277186e-19,-1.221587717910384e-19,0.034127142,0.034127142,0.008531785500000002,0.008531785500000002,0.008531785500000008,0.008531785499999988,533.2849613480583,533.2849613480583,533.2849613480586,533.2849613480579,1.5850944253759232,1.0199706000001014,5.475619536850931e-14,5.5978866541142274e-14,1.8164363455648203
7.66,attitude_only,-6.984972676032262e-15,7.040168582049101e-15,2.9274298968613527e-15,1.0,0.0,0.0,0.0,1.0,-1.3969945352064483e-14,1.4080337164098244e-14,5.854859793722607e-15,0.0,0.0,0.0,2.794769459457727e-15,-4.0260897898334825e-15,-1.3924065854440994e-15,5.697869238667937e-19,5.760246645403097e-19,-1.221587717910384e-19,0.034127142,0.034127142,0.008531785500000005,0.008531785500000003,0.008531785500000005,0.008531785499999986,533.2849613480585,533.2849613480585,533.2849613480585,533.2849613480579,1.496964170751147,1.0199706000001014,5.5544574599863236e-14,5.676390910104807e-14,1.8278807770873404
7.67,attitude_only,-6.971885455936076e-15,7.020153880644603e-15,2.9202335020207937e-15,1.0,0.0,0.0,0.0,1.0,-1.3943770911872112e-14,1.4040307761289247e-14,5.8404670040414896e-15,0.0,0.0,0.0,2.486950964124407e-15,-3.999655231071432e-15,-1.4459220162877624e-15,9.142996086255339e-19,5.842997463365629e-19,-1.221587717910384e-19,0.034127142,0.034127142,0.008531785500000007,0.008531785500000007,0.008531785500000002,0.008531785499999982,533.2849613480586,533.2849613480586,533.2849613480583,533.2849613480578,1.4088216314405775,1.0199706000001014,5.633434053660478e-14,5.755033452526213e-14,1.8384432918293232
7.68,attitude_only,-6.959974995977313e-15,7.00022483801169e-15,2.9117314072369605e-15,1.0,0.0,0.0,0.0,1.0,-1.3919949991954584e-14,1.4000449676023421e-14,5.823462814473823e-15,0.0,0.0,0.0,2.3146919104371703e-15,-3.9499887690452286e-15,-2.0235102881704745e-15,1.0978635539458473e-18,5.641998795955704e-19,-1.221587717910384e-19,0.034127142,0.034127142,0.008531785500000008,0.008531785500000007,0.008531785500000002,0.008531785499999982,533.2849613480586,533.2849613480586,533.2849613480583,533.2849613480578,1.3206691904122452,1.0199706000001014,5.712548701832469e-14,5.83381393504248e-14,1.8481238860923122
7.69,attitude_only,-6.94852162501633e-15,6.98109680131202e-15,2.8997001548211527e-15,1.0,0.0,0.0,0.0,1.0,-1.389704325003262e-14,1.396219360262408e-14,5.7994003096422085e-15,0.0,0.0,0.0,2.306262188390367e-15,-3.6857418193409646e-15,-2.6774826166081476e-15,1.0849165985181063e-18,2.8396095814386617e-19,-1.221587717910384e-19,0.034127142,0.034127142,0.00853178550000001,0.008531785500000005,0.008531785499999998,0.008531785499999984,533.2849613480586,533.2849613480585,533.2849613480582,533.2849613480578,1.2325087704034647,1.0199706000001014,5.79180107149747e-14,5.91273171355793e-14,1.8569225569959962
7.7,attitude_only,-6.936365122029059e-15,6.9637804747916875e-15,2.884073391262883e-15,1.0,0.0,0.0,0.0,1.0,-1.3872730244058078e-14,1.3927560949583414e-14,5.768146782525669e-15,0.0,0.0,0.0,2.555990380955773e-15,-3.2386522377306916e-15,-3.3989568271196244e-15,7.5968286363006185e-19,-2.2016001741115634e-19,-1.221587717910384e-19,0.034127142,0.034127142,0.008531785500000012,0.008531785499999998,0.008531785499999998,0.008531785499999991,533.2849613480587,533.2849613480582,533.2849613480582,533.284961348058,1.1443419223471685,1.0199706000001014,5.871191468569835e-14,5.991785970049263e-14,1.8648393022972158
7.71,attitude_only,-6.922663256583615e-15,6.948841078219292e-15,2.866899689432444e-15,1.0,0.0,0.0,0.0,1.0,-1.3845326513167191e-14,1.3897682156438623e-14,5.733799378864792e-15,0.0,0.0,0.0,2.8919146051873837e-15,-2.799237656053826e-15,-3.3597143016402764e-15,3.276546485002559e-19,-7.19465138862857e-19,-1.221587717910384e-19,0.034127142,0.034127142,0.008531785500000014,0.008531785499999991,0.008531785499999996,0.008531785499999998,533.2849613480587,533.284961348058,533.2849613480582,533.2849613480582,1.0561698969137123,1.0199706000001014,5.950720141334429e-14,6.070975613471869e-14,1.8718741202490146
7.72,attitude_only,-6.907282441995524e-15,6.935809858452536e-15,2.850606623508323e-15,1.0,0.0,0.0,0.0,1.0,-1.3814564883991008e-14,1.3871619716905111e-14,5.7012132470165505e-15,0.0,0.0,0.0,3.2059872376623996e-15,-2.4618894476134926e-15,-3.212143258002242e-15,-8.129238284638667e-20,-1.0996640945151228e-18,-1.221587717910384e-19,0.034127142,0.034127142,0.008531785500000012,0.008531785499999986,0.008531785499999996,0.008531785500000003,533.2849613480587,533.2849613480579,533.2849613480582,533.2849613480585,0.9679937023681342,1.0199706000001014,6.0303868531385e-14,6.150300060565787e-14,1.8780270094908726
7.73,attitude_only,-6.8906172121656934e-15,6.924252846803953e-15,2.834620600864873e-15,1.0,0.0,0.0,0.0,1.0,-1.3781234424331347e-14,1.3848505693607945e-14,5.6692412017296505e-15,0.0,0.0,0.0,3.4310665116610695e-15,-2.190268287593023e-15,-3.18327473916295e-15,-3.8569817676140388e-19,-1.4037068036637544e-18,-1.221587717910384e-19,0.034127142,0.034127142,0.008531785500000012,0.00853178549999998,0.008531785499999996,0.008531785500000008,533.2849613480587,533.2849613480577,533.2849613480582,533.2849613480586,0.8798141513414939,1.0199706000001014,6.110190950615334e-14,6.229759064844488e-14,1.8832979689632223
7.74,attitude_only,-6.873030642489449e-15,6.9137922194027695e-15,2.818091512836265e-15,1.0,0.0,0.0,0.0,1.0,-1.3746061284978858e-14,1.3827584438805578e-14,5.6361830256724355e-15,0.0,0.0,0.0,3.5441911221666198e-15,-2.0334922704189686e-15,-3.5810621104748646e-15,-5.568896205897294e-19,-1.5715031015684313e-18,-1.221587717910384e-19,0.034127142,0.034127142,0.008531785500000012,0.008531785499999979,0.008531785499999996,0.00853178550000001,533.2849613480587,533.2849613480577,533.2849613480582,533.2849613480586,0.7916318986262597,1.0199706000001014,6.190131931341965e-14,6.309352624569413e-14,1.8876869978408755
7.75,attitude_only,-6.855469715323489e-15,6.903663689581716e-15,2.798580221528396e-15,1.0,0.0,0.0,0.0,1.0,-1.371093943064694e-14,1.380732737916347e-14,5.5971604430566975e-15,0.0,0.0,0.0,3.45849732591093e-15,-2.0635653387535534e-15,-4.170637970873074e-15,-4.886420383420097e-19,-1.5147797661793936e-18,-1.221587717910384e-19,0.034127142,0.034127142,0.008531785500000012,0.008531785499999979,0.008531785499999996,0.00853178550000001,533.2849613480587,533.2849613480577,533.2849613480582,533.2849613480586,0.7034474717070491,1.0199706000001014,6.270209215542794e-14,6.389080786664243e-14,1.8911940954811775
7.76,attitude_only,-6.838795979259867e-15,6.8928666426878086e-15,2.7770341923448793e-15,1.0,0.0,0.0,0.0,1.0,-1.3677591958519696e-14,1.3785733285375655e-14,5.554068384689664e-15,0.0,0.0,0.0,3.2106170966273536e-15,-2.2553077817629404e-15,-4.430974196222021e-15,-2.2329193416799154e-19,-1.2621357567505007e-18,-1.221587717910384e-19,0.034127142,0.034127142,0.008531785500000014,0.008531785499999982,0.008531785499999996,0.008531785500000007,533.2849613480587,533.2849613480578,533.2849613480582,533.2849613480586,0.6152612954146913,1.0199706000001014,6.350421966082281e-14,6.468943892103427e-14,1.89381926138363
7.77,attitude_only,-6.823684530450849e-15,6.880790697817221e-15,2.7533399911975535e-15,1.0,0.0,0.0,0.0,1.0,-1.364736906090166e-14,1.376158139563448e-14,5.506679982395013e-15,0.0,0.0,0.0,2.8576624339868473e-15,-2.5676615512490127e-15,-5.075363839721653e-15,1.7167703666074872e-19,-8.61634617854724e-19,-1.221587717910384e-19,0.034127142,0.034127142,0.008531785500000014,0.00853178549999999,0.008531785499999996,0.0085317855,533.2849613480587,533.284961348058,533.2849613480582,533.2849613480583,0.5270737118280574,1.0199706000001014,6.430769390258473e-14,6.54894215467204e-14,1.8955624951584453
7.78,attitude_only,-6.81064937478854e-15,6.866854089540216e-15,2.7280879447932953e-15,1.0,0.0,0.0,0.0,1.0,-1.3621298749577042e-14,1.373370817908047e-14,5.456175889586497e-15,0.0,0.0,0.0,2.4289382802152374e-15,-2.9420900294826844e-15,-4.8070898165815216e-15,6.61856638384526e-19,-3.8289954367948943e-19,-1.221587717910384e-19,0.034127142,0.034127142,0.008531785500000014,0.008531785499999996,0.008531785499999996,0.008531785499999993,533.2849613480587,533.2849613480582,533.2849613480582,533.2849613480581,0.43888499633467876,1.0199706000001014,6.51125083607139e-14,6.629075659670434e-14,1.896423796502057
7.79,attitude_only,-6.799157515890107e-15,6.851370927556286e-15,2.704091220706183e-15,1.0,0.0,0.0,0.0,1.0,-1.3598315031780177e-14,1.3702741855112609e-14,5.408182441412273e-15,0.0,0.0,0.0,2.1762756548279813e-15,-3.2140461099575097e-15,-4.843439662936271e-15,9.432890323009542e-19,-2.4411786010124135e-20,-1.221587717910384e-19,0.034127142,0.034127142,0.008531785500000012,0.008531785500000002,0.008531785499999998,0.008531785499999988,533.2849613480587,533.2849613480583,533.2849613480582,533.2849613480579,0.35069537058755457,1.0199706000001014,6.591865854458243e-14,6.709344312926174e-14,1.8964031651780475
7.8,attitude_only,-6.788887812893655e-15,6.8345776380264526e-15,2.6802661253855427e-15,1.0,0.0,0.0,0.0,1.0,-1.3577775625787273e-14,1.3669155276052941e-14,5.360532250770992e-15,0.0,0.0,0.0,1.9618299672351e-15,-3.469756058382115e-15,-4.7823727966340235e-15,1.1810055577400616e-18,3.171377126832223e-19,-1.221587717910384e-19,0.034127142,0.034127142,0.008531785500000012,0.008531785500000007,0.008531785499999998,0.008531785499999982,533.2849613480587,533.2849613480586,533.2849613480582,533.2849613480578,0.26250501295499734,1.0199706000001014,6.67261446484685e-14,6.789747372774553e-14,1.8955006010022952
7.8100000000000005,attitude_only,-6.779498260353819e-15,6.8166222588080315e-15,2.6549605942850474e-15,1.0,0.0,0.0,0.0,1.0,-1.3558996520707602e-14,1.36332445176161e-14,5.3099211885700025e-15,0.0,0.0,0.0,1.8247045705791373e-15,-3.661871009229694e-15,-5.232436605029785e-15,1.3273089880214234e-18,5.842943637926164e-19,-1.221587717910384e-19,0.034127142,0.034127142,0.00853178550000001,0.00853178550000001,0.0085317855,0.00853178549999998,533.2849613480586,533.2849613480586,533.2849613480583,533.2849613480577,0.17431406694621004,1.0199706000001014,6.753496435751088e-14,6.870284471661799e-14,1.8937161038314059
7.82,attitude_only,-6.770317325211701e-15,6.798332049843152e-15,2.6263437527675147e-15,1.0,0.0,0.0,0.0,1.0,-1.3540634650423365e-14,1.359666409968634e-14,5.252687505534937e-15,0.0,0.0,0.0,1.8636182466920787e-15,-3.619598114888429e-15,-6.091169415620493e-15,1.2619763942189732e-18,5.697628717319828e-19,-1.221587717910384e-19,0.034127142,0.034127142,0.00853178550000001,0.008531785500000008,0.0085317855,0.00853178549999998,533.2849613480586,533.2849613480586,533.2849613480583,533.2849613480577,0.08612264800293225,1.0199706000001014,6.834511658050055e-14,6.950955128288275e-14,1.891049673553704
7.83,attitude_only,-6.7605175846046664e-15,6.78065852647365e-15,2.5951399378523627e-15,1.0,0.0,0.0,0.0,1.0,-1.3521035169209298e-14,1.3561317052947335e-14,5.190279875704634e-15,0.0,0.0,0.0,2.0490200727193304e-15,-3.4486483348537602e-15,-6.419515580261689e-15,1.0190040022590782e-18,3.991096190389169e-19,-1.221587717910384e-19,0.034127142,0.034127142,0.00853178550000001,0.008531785500000005,0.0085317855,0.008531785499999984,533.2849613480586,533.2849613480585,533.2849613480583,533.2849613480578,-0.0020691510273960073,1.0199706000001014,6.915660519288363e-14,7.031758572417385e-14,1.8875013100822169
7.84,attitude_only,-6.7495442945064125e-15,6.7642113741999405e-15,2.5616585798681768e-15,1.0,0.0,0.0,0.0,1.0,-1.349908858901279e-14,1.3528422748399916e-14,5.123317159736262e-15,0.0,0.0,0.0,2.323227221239572e-15,-3.1481316615424596e-15,-6.9066600042241846e-15,6.6672315182239375e-19,6.997092768078046e-20,-1.221587717910384e-19,0.034127142,0.034127142,0.00853178550000001,0.0085317855,0.0085317855,0.00853178549999999,533.2849613480586,533.2849613480583,533.2849613480583,533.284961348058,-0.09026125548205402,1.0199706000001014,6.996943180503002e-14,7.11269413293655e-14,1.8830710133492101
7.85,attitude_only,-6.737012887871659e-15,6.749387482837784e-15,2.527851575816936e-15,1.0,0.0,0.0,0.0,1.0,-1.3474025775743284e-14,1.3498774965675602e-14,5.055703151633781e-15,0.0,0.0,0.0,2.6492207954989213e-15,-2.814423693767691e-15,-6.5942606694426665e-15,2.490386547561856e-19,-3.0233439671126585e-19,-1.221587717910384e-19,0.034127142,0.034127142,0.008531785500000008,0.008531785499999995,0.0085317855,0.008531785499999995,533.2849613480586,533.2849613480581,533.2849613480583,533.2849613480581,-0.17845360533119803,1.0199706000001014,7.078359689049479e-14,7.193761258446585e-14,1.877758783301932
7.86,attitude_only,-6.722939856860631e-15,6.736109284713525e-15,2.4952979299458215e-15,1.0,0.0,0.0,0.0,1.0,-1.344587971372123e-14,1.3472218569427083e-14,4.990595859891552e-15,0.0,0.0,0.0,2.9374883474478356e-15,-2.5271504353630977e-15,-6.368843072701239e-15,-1.2625729105699182e-19,-6.217908024431451e-19,-1.221587717910384e-19,0.034127142,0.034127142,0.008531785500000008,0.00853178549999999,0.008531785500000002,0.0085317855,533.2849613480586,533.284961348058,533.2849613480583,533.2849613480583,-0.26664615231762134,1.0199706000001014,7.159909892911327e-14,7.274959546629491e-14,1.871564619899299
7.87,attitude_only,-6.707583777720579e-15,6.724223393818813e-15,2.463911640085475e-15,1.0,0.0,0.0,0.0,1.0,-1.3415167555441124e-14,1.3448446787637659e-14,4.92782328017086e-15,0.0,0.0,0.0,3.1864819678746416e-15,-2.2654271233688383e-15,-6.3085374952868505e-15,-4.5691445524790515e-19,-9.13204505602568e-19,-1.221587717910384e-19,0.034127142,0.034127142,0.008531785500000008,0.008531785499999984,0.008531785500000002,0.008531785500000005,533.2849613480586,533.2849613480578,533.2849613480583,533.2849613480585,-0.3548388576537512,1.0199706000001014,7.241593408517643e-14,7.356288859138143e-14,1.8644885231093165
7.88,attitude_only,-6.691122792959401e-15,6.713468516062902e-15,2.4318345767565265e-15,1.0,0.0,0.0,0.0,1.0,-1.3382245585918768e-14,1.3426937032125837e-14,4.863669153512963e-15,0.0,0.0,0.0,3.3676933080993393e-15,-2.0765730989952842e-15,-6.5985341439927394e-15,-7.080449965985354e-19,-1.1190636038608808e-18,-1.221587717910384e-19,0.034127142,0.034127142,0.008531785500000008,0.00853178549999998,0.008531785500000002,0.008531785500000008,533.2849613480586,533.2849613480577,533.2849613480583,533.2849613480586,-0.44303169016802546,1.0199706000001014,7.323409847008644e-14,7.43774907537827e-14,1.8565304929070654
7.89,attitude_only,-6.67421447139511e-15,6.703208870217393e-15,2.397314406633784e-15,1.0,0.0,0.0,0.0,1.0,-1.3348428942790188e-14,1.3406417740434818e-14,4.794628813267479e-15,0.0,0.0,0.0,3.358399662699724e-15,-2.05777590185909e-15,-7.140685458485106e-15,-7.304766187459933e-19,-1.1210424814057231e-18,-1.221587717910384e-19,0.034127142,0.034127142,0.008531785500000008,0.00853178549999998,0.008531785500000002,0.008531785500000008,533.2849613480586,533.2849613480577,533.2849613480583,533.2849613480586,-0.531224624812927,1.0199706000001014,7.405358743263169e-14,7.519340058848785e-14,1.8476905292731403
7.9,attitude_only,-6.657777681541364e-15,6.6924876142240224e-15,2.3606517744979728e-15,1.0,0.0,0.0,0.0,1.0,-1.3315555363082697e-14,1.3384975228448076e-14,4.721303548995856e-15,0.0,0.0,0.0,3.1952572286970742e-15,-2.2656699667177884e-15,-7.63820394510044e-15,-5.666582702297865e-19,-8.489129039081055e-19,-1.221587717910384e-19,0.034127142,0.034127142,0.008531785500000007,0.008531785499999984,0.008531785500000003,0.008531785500000005,533.2849613480586,533.2849613480578,533.2849613480585,533.2849613480585,-0.6194176414645958,1.0199706000001014,7.487439332771859e-14,7.601062123427093e-14,1.837968632192427
7.91,attitude_only,-6.642699441915189e-15,6.680202965705364e-15,2.3218537249723727e-15,1.0,0.0,0.0,0.0,1.0,-1.3285398883830347e-14,1.336040593141076e-14,4.643707449944656e-15,0.0,0.0,0.0,2.8599572375003113e-15,-2.6214938933791535e-15,-7.944472234970234e-15,-1.9289785316867353e-19,-3.957092529806765e-19,-1.221587717910384e-19,0.034127142,0.034127142,0.008531785500000007,0.00853178549999999,0.008531785500000003,0.0085317855,533.2849613480586,533.284961348058,533.2849613480585,533.2849613480583,-0.7076107239571111,1.0199706000001014,7.569650643140861e-14,7.682915528415847e-14,1.8273648016531554
7.92,attitude_only,-6.629492737962809e-15,6.6660584233786656e-15,2.281893146106128e-15,1.0,0.0,0.0,0.0,1.0,-1.3258985475925588e-14,1.3332116846757361e-14,4.563786292212168e-15,0.0,0.0,0.0,2.4799329116436334e-15,-2.9878699819469984e-15,-7.896378002926512e-15,2.383320087429041e-19,7.382075312020664e-20,-1.221587717910384e-19,0.034127142,0.034127142,0.008531785500000007,0.008531785499999996,0.008531785500000003,0.008531785499999993,533.2849613480586,533.2849613480582,533.2849613480585,533.2849613480581,-0.7958038593056287,1.0199706000001014,7.651991902330152e-14,7.764900534868157e-14,1.8158790376461587
7.93,attitude_only,-6.617851470445838e-15,6.650479930969301e-15,2.2430472053655244e-15,1.0,0.0,0.0,0.0,1.0,-1.3235702940891646e-14,1.3300959861938632e-14,4.48609441073096e-15,0.0,0.0,0.0,2.2104452596804186e-15,-3.223368026205032e-15,-7.729804271346386e-15,5.39612738501958e-19,3.8865208649189644e-19,-1.221587717910384e-19,0.034127142,0.034127142,0.008531785500000007,0.008531785500000002,0.008531785500000003,0.008531785499999988,533.2849613480586,533.2849613480583,533.2849613480585,533.2849613480579,-0.8839970370817318,1.0199706000001014,7.734462835080329e-14,7.847017000550611e-14,1.8035113401642975
7.94,attitude_only,-6.607520548481732e-15,6.6338009974079605e-15,2.2044510084874684e-15,1.0,0.0,0.0,0.0,1.0,-1.3215041096963434e-14,1.326760199481595e-14,4.408902016974849e-15,0.0,0.0,0.0,1.9494061981465312e-15,-3.431567589530511e-15,-7.676604214878793e-15,8.333655503611564e-19,6.728072383777788e-19,-1.221587717910384e-19,0.034127142,0.034127142,0.008531785500000007,0.008531785500000007,0.008531785500000003,0.008531785499999982,533.2849613480586,533.2849613480586,533.2849613480585,533.2849613480578,-0.9721902489110795,1.0199706000001014,7.817063532907383e-14,7.929264362028536e-14,1.7902617092020119
7.95,attitude_only,-6.598322561775537e-15,6.616134952003355e-15,2.165240249953631e-15,1.0,0.0,0.0,0.0,1.0,-1.3196645123551046e-14,1.3232269904006739e-14,4.330480499907175e-15,0.0,0.0,0.0,1.7748258212867123e-15,-3.603192673883334e-15,-8.114994608111192e-15,1.0251137443800727e-18,9.147892663399993e-19,-1.221587717910384e-19,0.034127142,0.034127142,0.008531785500000005,0.00853178550000001,0.008531785500000003,0.008531785499999979,533.2849613480585,533.2849613480586,533.2849613480585,533.2849613480577,-1.0603834880696674,1.0199706000001014,7.899793801285611e-14,8.011642347889015e-14,1.776130144754972
7.96,attitude_only,-6.589376582726118e-15,6.598112511227634e-15,2.123166169150393e-15,1.0,0.0,0.0,0.0,1.0,-1.3178753165452208e-14,1.3196225022455296e-14,4.246332338300699e-15,0.0,0.0,0.0,1.8159835828356293e-15,-3.591458556469021e-15,-8.599063356019506e-15,9.57564594693016e-19,9.366229110075128e-19,-1.221587717910384e-19,0.034127142,0.034127142,0.008531785500000005,0.008531785500000008,0.008531785500000005,0.00853178549999998,533.2849613480585,533.2849613480586,533.2849613480585,533.2849613480577,-1.148576749159068,1.0199706000001014,7.982653461078847e-14,8.094150448977092e-14,1.7611166468198056
7.97,attitude_only,-6.579937108820573e-15,6.580526592774103e-15,2.079939024571064e-15,1.0,0.0,0.0,0.0,1.0,-1.315987421764112e-14,1.3161053185548233e-14,4.1598780491420416e-15,0.0,0.0,0.0,1.9760234177186134e-15,-3.4373382012782015e-15,-8.872341724135004e-15,7.457565586562495e-19,7.860518667913112e-19,-1.221587717910384e-19,0.034127142,0.034127142,0.008531785500000005,0.008531785500000007,0.008531785500000005,0.008531785499999982,533.2849613480585,533.2849613480586,533.2849613480585,533.2849613480578,-1.2367700278456542,1.0199706000001014,8.06564274073538e-14,8.176787823569773e-14,1.745221215393886
7.98,attitude_only,-6.5693217700034155e-15,6.564117422113246e-15,2.0337326666645252e-15,1.0,0.0,0.0,0.0,1.0,-1.3138643540006804e-14,1.3128234844226519e-14,4.0674653333289645e-15,0.0,0.0,0.0,2.2527617551729148e-15,-3.1339218430171562e-15,-9.405895355206615e-15,3.91142936159357e-19,4.532914553082306e-19,-1.221587717910384e-19,0.034127142,0.034127142,0.008531785500000005,0.008531785500000002,0.008531785500000005,0.008531785499999988,533.2849613480585,533.2849613480583,533.2849613480585,533.2849613480579,-1.3249633206508686,1.0199706000001014,8.148761797616966e-14,8.259553827720282e-14,1.7284438504751676
7.99,attitude_only,-6.5569256437993125e-15,6.549504528721326e-15,1.9871168835192884e-15,1.0,0.0,0.0,0.0,1.0,-1.31138512875986e-14,1.309900905744268e-14,3.974233767038491e-15,0.0,0.0,0.0,2.654783825950355e-15,-2.7667020106084127e-15,-9.353487056194082e-15,-1.1783138703307447e-19,4.029467652382199e-20,-1.221587717910384e-19,0.034127142,0.034127142,0.008531785500000003,0.008531785499999995,0.008531785500000007,0.008531785499999995,533.2849613480585,533.2849613480581,533.2849613480586,533.2849613480581,-1.413156624782891,1.0199706000001014,8.232010815106208e-14,8.342447823743229e-14,1.7107845520620582
8.0,attitude_only,-6.542766254523307e-15,6.536435980713454e-15,1.9413717196583518e-15,1.0,0.0,0.0,0.0,1.0,-1.3085532509046588e-14,1.3072871961426933e-14,3.882743439316618e-15,0.0,0.0,0.0,2.968331346281577e-15,-2.4890949991787124e-15,-8.97130134050915e-15,-5.237717248933559e-19,-2.67942787200032e-19,-1.221587717910384e-19,0.034127142,0.034127142,0.008531785500000003,0.00853178549999999,0.008531785500000007,0.008531785500000002,533.2849613480585,533.284961348058,533.2849613480586,533.2849613480583,-1.501349938001159,1.0199706000001014,8.315389705769264e-14,8.425469241536992e-14,1.6922433201533162
8.01,attitude_only,-6.527062253146786e-15,6.5247826516635844e-15,1.897262581889546e-15,1.0,0.0,0.0,0.0,1.0,-1.3054124506293547e-14,1.3049565303327194e-14,3.7945251637790064e-15,0.0,0.0,0.0,3.2518356563870427e-15,-2.2168771560566997e-15,-8.74788343362932e-15,-8.964952535837845e-19,-5.724354273858807e-19,-1.221587717910384e-19,0.034127142,0.034127142,0.008531785500000002,0.008531785499999984,0.008531785500000007,0.008531785500000007,533.2849613480583,533.2849613480578,533.2849613480586,533.2849613480586,-1.5895432585077156,1.0199706000001014,8.398897951769934e-14,8.50861802511644e-14,1.6728201547479755
8.02,attitude_only,-6.510337909066678e-15,6.514164781101473e-15,1.852217048007541e-15,1.0,0.0,0.0,0.0,1.0,-1.3020675818133332e-14,1.302832956220297e-14,3.704434096014997e-15,0.0,0.0,0.0,3.4079572536488134e-15,-2.0733006723668516e-15,-9.381330550412008e-15,-1.1179207428343961e-18,-7.239942010900302e-19,-1.221587717910384e-19,0.034127142,0.034127142,0.008531785500000002,0.00853178549999998,0.008531785500000008,0.008531785500000008,533.2849613480583,533.2849613480577,533.2849613480586,533.2849613480586,-1.67773658486,1.0199706000001014,8.482535242532312e-14,8.591894033728797e-14,1.6525150558452846
8.03,attitude_only,-6.4932542035261826e-15,6.503736532001237e-15,1.8048045227076775e-15,1.0,0.0,0.0,0.0,1.0,-1.2986508407052342e-14,1.3007473064002497e-14,3.609609045415271e-15,0.0,0.0,0.0,3.395515997160304e-15,-2.1113762813863713e-15,-9.695435216298671e-15,-1.1369463950197871e-18,-6.571897074527438e-19,-1.221587717910384e-19,0.034127142,0.034127142,0.008531785500000002,0.00853178549999998,0.008531785500000008,0.008531785500000008,533.2849613480583,533.2849613480577,533.2849613480586,533.2849613480586,-1.7659299159005564,1.0199706000001014,8.566300925580195e-14,8.675297391041938e-14,1.6313280234446572
8.04,attitude_only,-6.476652584738219e-15,6.4927455016846666e-15,1.754517494096425e-15,1.0,0.0,0.0,0.0,1.0,-1.2953305169476416e-14,1.2985491003369355e-14,3.509034988192766e-15,0.0,0.0,0.0,3.2319771495802103e-15,-2.2900221083335413e-15,-1.0406535535274638e-14,-9.730195494194763e-19,-4.199144940328048e-19,-1.221587717910384e-19,0.034127142,0.034127142,0.0085317855,0.008531785499999984,0.008531785500000008,0.008531785500000005,533.2849613480583,533.2849613480578,533.2849613480586,533.2849613480585,-1.8541232507008738,1.0199706000001014,8.650194182707178e-14,8.758828287587753e-14,1.6092590575456363
8.05,attitude_only,-6.4612553254142116e-15,6.480376566624334e-15,1.7011298390944338e-15,1.0,0.0,0.0,0.0,1.0,-1.2922510650828401e-14,1.296075313324869e-14,3.402259678188784e-15,0.0,0.0,0.0,2.9358602309235194e-15,-2.628937588498399e-15,-1.080844414870194e-14,-6.470378493406873e-19,1.307345805001274e-20,-1.221587717910384e-19,0.034127142,0.034127142,0.0085317855,0.00853178549999999,0.00853178550000001,0.0085317855,533.2849613480583,533.284961348058,533.2849613480586,533.2849613480583,-1.9423165885160925,1.0199706000001014,8.734214324100752e-14,8.842486956558888e-14,1.586308158147867
8.06,attitude_only,-6.447566096153634e-15,6.4660783227970805e-15,1.6472920289884526e-15,1.0,0.0,0.0,0.0,1.0,-1.2895132192307246e-14,1.2932156645594182e-14,3.294584057976822e-15,0.0,0.0,0.0,2.5789886358430497e-15,-3.0536616521026647e-15,-1.069668444106146e-14,-2.4458182160255347e-19,5.5327895089615755e-19,-1.221587717910384e-19,0.034127142,0.034127142,0.008531785499999998,0.008531785499999996,0.00853178550000001,0.008531785499999993,533.2849613480582,533.2849613480582,533.2849613480586,533.2849613480581,-2.0305099287487787,1.0199706000001014,8.818360569414309e-14,8.926273528918978e-14,1.5624753252510724
8.07,attitude_only,-6.43546421562857e-15,6.449878530091181e-15,1.5950141499129613e-15,1.0,0.0,0.0,0.0,1.0,-1.2870928431257119e-14,1.2899757060182383e-14,3.19002829982584e-15,0.0,0.0,0.0,2.2919669135178083e-15,-3.3798200848977673e-15,-1.0383747110196035e-14,7.69245760525587e-20,9.784672710992575e-19,-1.221587717910384e-19,0.034127142,0.034127142,0.008531785499999998,0.008531785500000003,0.008531785500000012,0.008531785499999986,533.2849613480582,533.2849613480585,533.2849613480587,533.2849613480579,-2.118703270919751,1.0199706000001014,8.902632378064951e-14,9.010187949063926e-14,1.5377605588550365
8.08,attitude_only,-6.42458744049911e-15,6.4322958994081145e-15,1.5438319981287901e-15,1.0,0.0,0.0,0.0,1.0,-1.28491748809982e-14,1.286459179881625e-14,3.0876639962574974e-15,0.0,0.0,0.0,2.082614310784726e-15,-3.608405475882133e-15,-1.0097425033882443e-14,3.073215562244107e-19,1.2888537950393173e-18,-1.221587717910384e-19,0.034127142,0.034127142,0.008531785499999998,0.008531785500000007,0.008531785500000012,0.008531785499999982,533.2849613480582,533.2849613480586,533.2849613480587,533.2849613480578,-2.2068966146447053,1.0199706000001014,8.987029710734909e-14,9.094229717406478e-14,1.5121638589595918
8.09,attitude_only,-6.414611820629234e-15,6.413749829250277e-15,1.4929750356261981e-15,1.0,0.0,0.0,0.0,1.0,-1.282922364125845e-14,1.2827499658500572e-14,2.985950071252314e-15,0.0,0.0,0.0,1.9548773644399096e-15,-3.768189895255981e-15,-1.035493929408395e-14,4.410571181937912e-19,1.5182769972404936e-18,-1.221587717910384e-19,0.034127142,0.034127142,0.008531785499999996,0.00853178550000001,0.008531785500000014,0.008531785499999979,533.2849613480582,533.2849613480586,533.2849613480587,533.2849613480577,-2.2950899596153667,1.0199706000001014,9.071552587173006e-14,9.178398394976554e-14,1.4856852255646076
8.1,attitude_only,-6.4047269533570654e-15,6.394905899020667e-15,1.4399501327482814e-15,1.0,0.0,0.0,0.0,1.0,-1.2809453906714112e-14,1.2789811798041352e-14,2.8799002654964807e-15,0.0,0.0,0.0,2.0065272634033664e-15,-3.74550410772651e-15,-1.0788000545425103e-14,3.590119668036096e-19,1.528509093282392e-18,-1.221587717910384e-19,0.034127142,0.034127142,0.008531785499999996,0.008531785500000008,0.008531785500000014,0.00853178549999998,533.2849613480582,533.2849613480586,533.2849613480587,533.2849613480577,-2.3832833055848153,1.0199706000001014,9.156200933224698e-14,9.262693441995566e-14,1.458324658669982
8.11,attitude_only,-6.39429631194439e-15,6.376480153732893e-15,1.3852322124211382e-15,1.0,0.0,0.0,0.0,1.0,-1.2788592623888763e-14,1.2752960307465803e-14,2.7704644248421947e-15,0.0,0.0,0.0,2.157924225857423e-15,-3.6174047472980906e-15,-1.1171099827789054e-14,1.5575636960016803e-19,1.4109639082412694e-18,-1.221587717910384e-19,0.034127142,0.034127142,0.008531785499999995,0.008531785500000007,0.008531785500000014,0.008531785499999982,533.2849613480581,533.2849613480586,533.2849613480587,533.2849613480578,-2.47147665235479,1.0199706000001014,9.240974968130156e-14,9.34711407036461e-14,1.4300821582756358
8.12,attitude_only,-6.382803301532813e-15,6.3589577836678576e-15,1.3286881882217987e-15,1.0,0.0,0.0,0.0,1.0,-1.2765606603065609e-14,1.2717915567335733e-14,2.657376376443516e-15,0.0,0.0,0.0,2.4264899758254567e-15,-3.3897315033123552e-15,-1.1503222066621699e-14,-1.9078743011972633e-19,1.1716533304915097e-18,-1.221587717910384e-19,0.034127142,0.034127142,0.008531785499999995,0.008531785500000002,0.008531785500000015,0.008531785499999988,533.2849613480581,533.2849613480583,533.2849613480588,533.2849613480579,-2.5596699997664247,1.0199706000001014,9.325874694987309e-14,9.431659719013149e-14,1.4009577243815068
8.13,attitude_only,-6.36975955629667e-15,6.342938463150968e-15,1.2709399963221911e-15,1.0,0.0,0.0,0.0,1.0,-1.2739519112593324e-14,1.2685876926301953e-14,2.5418799926443014e-15,0.0,0.0,0.0,2.752315662518768e-15,-3.0723713839643298e-15,-1.1415793695875629e-14,-6.093014107768914e-19,8.215449011135274e-19,-1.221587717910384e-19,0.034127142,0.034127142,0.008531785499999995,0.008531785499999996,0.008531785500000015,0.008531785499999993,533.2849613480581,533.2849613480582,533.2849613480588,533.2849613480581,-2.6478633476923505,1.0199706000001014,9.410900139084967e-14,9.516329806979976e-14,1.3709513569875469
8.14,attitude_only,-6.3552993650826315e-15,6.328273497553245e-15,1.2147515730407326e-15,1.0,0.0,0.0,0.0,1.0,-1.2710598730165247e-14,1.2656546995106506e-14,2.4295031460813847e-15,0.0,0.0,0.0,3.010870395276329e-15,-2.8297111122920864e-15,-1.1064791069762313e-14,-9.496757940387273e-19,5.586496862297558e-19,-1.221587717910384e-19,0.034127142,0.034127142,0.008531785499999993,0.008531785499999991,0.008531785500000017,0.008531785499999998,533.2849613480581,533.284961348058,533.2849613480588,533.2849613480582,-2.7360566960304515,1.0199706000001014,9.496051263491614e-14,9.601123877883017e-14,1.340063056093719
8.15,attitude_only,-6.339720115356606e-15,6.3145009815459e-15,1.1604884416437896e-15,1.0,0.0,0.0,0.0,1.0,-1.2679440230713197e-14,1.2629001963091814e-14,2.3209768832874992e-15,0.0,0.0,0.0,3.178218273358321e-15,-2.703006205669871e-15,-1.0653391508563603e-14,-1.1822754304707003e-18,4.3363386033979543e-19,-1.221587717910384e-19,0.034127142,0.034127142,0.008531785499999993,0.00853178549999999,0.008531785500000017,0.0085317855,533.2849613480581,533.284961348058,533.2849613480588,533.2849613480583,-2.824250044698874,1.0199706000001014,9.581327509661353e-14,9.686041840012929e-14,1.308292821699994
8.16,attitude_only,-6.32353320210695e-15,6.30124128547108e-15,1.1076182767396234e-15,1.0,0.0,0.0,0.0,1.0,-1.2647066404213886e-14,1.2602482570942174e-14,2.2152365534791672e-15,0.0,0.0,0.0,3.2881306405958333e-15,-2.62173393333105e-15,-1.0558289174646242e-14,-1.3470515775616725e-18,3.6232447286652016e-19,-1.221587717910384e-19,0.034127142,0.034127142,0.008531785499999991,0.008531785499999988,0.008531785500000019,0.008531785500000002,533.284961348058,533.2849613480579,533.2849613480589,533.2849613480583,-2.9124433936320155,1.0199706000001014,9.666728248690486e-14,9.771083731639809e-14,1.275640653806349
8.17,attitude_only,-6.306949526619417e-15,6.288290635274321e-15,1.0550899635646705e-15,1.0,0.0,0.0,0.0,1.0,-1.2613899053238821e-14,1.2576581270548655e-14,2.1101799271292617e-15,0.0,0.0,0.0,3.348156505550638e-15,-2.5634448517364063e-15,-1.0521269406032224e-14,-1.4525641805629443e-18,3.1801202347031106e-19,-1.221587717910384e-19,0.034127142,0.034127142,0.008531785499999991,0.008531785499999986,0.008531785500000019,0.008531785500000003,533.284961348058,533.2849613480579,533.2849613480589,533.2849613480585,-3.0006367427771594,1.0199706000001014,9.752253025346295e-14,9.85624946804788e-14,1.2421065524127664
8.18,attitude_only,-6.290042384541046e-15,6.275660655165827e-15,1.0025458558302247e-15,1.0,0.0,0.0,0.0,1.0,-1.2580084769082079e-14,1.2551321310331667e-14,2.0050917116603705e-15,0.0,0.0,0.0,3.41965212109232e-15,-2.5054452460228057e-15,-1.0477651652911215e-14,-1.5725554404238853e-18,2.7346694907421804e-19,-1.221587717910384e-19,0.034127142,0.034127142,0.008531785499999991,0.008531785499999984,0.008531785500000019,0.008531785500000005,533.284961348058,533.2849613480578,533.2849613480589,533.2849613480585,-3.088830092092428,1.0199706000001014,9.837901490477433e-14,9.941538876077818e-14,1.207690517519232
8.19,attitude_only,-6.2728126300483435e-15,6.263159232420339e-15,9.48991226163825e-16,1.0,0.0,0.0,0.0,1.0,-1.2545625260096674e-14,1.252631846484069e-14,1.8979824523275717e-15,0.0,0.0,0.0,3.426788476508739e-15,-2.5139621946247005e-15,-1.1021772210103746e-14,-1.6153869516886745e-18,3.088269093427379e-19,-1.221587717910384e-19,0.034127142,0.034127142,0.00853178549999999,0.008531785499999984,0.008531785500000019,0.008531785500000005,533.284961348058,533.2849613480578,533.2849613480589,533.2849613480585,-3.177023441543886,1.0199706000001014,9.923673379651012e-14,1.0026951589123014e-13,1.1723925491257357
8.2,attitude_only,-6.256133849523369e-15,6.250173058567618e-15,8.924688535132448e-16,1.0,0.0,0.0,0.0,1.0,-1.2512267699046727e-14,1.2500346117135246e-14,1.7849377070264115e-15,0.0,0.0,0.0,3.233636779279477e-15,-2.686743483287833e-15,-1.155450363079196e-14,-1.4159412828063537e-18,5.430318905713749e-19,-1.221587717910384e-19,0.034127142,0.034127142,0.00853178549999999,0.008531785499999988,0.00853178550000002,0.008531785500000002,533.284961348058,533.2849613480579,533.2849613480589,533.2849613480583,-3.2652167911044687,1.0199706000001014,1.0009568237401259e-13,1.0112487496825616e-13,1.1362126472322684
8.21,attitude_only,-6.2406574069861415e-15,6.236071805838459e-15,8.341727446855279e-16,1.0,0.0,0.0,0.0,1.0,-1.2481314813972272e-14,1.2472143611676929e-14,1.6683454893709779e-15,0.0,0.0,0.0,2.9729459866185026e-15,-2.943170473808987e-15,-1.1619752621992438e-14,-1.1328417914793744e-18,8.801759839348537e-19,-1.221587717910384e-19,0.034127142,0.034127142,0.00853178549999999,0.008531785499999993,0.00853178550000002,0.008531785499999996,533.284961348058,533.2849613480581,533.2849613480589,533.2849613480582,-3.3534101407524752,1.0199706000001014,1.0095585276611866e-13,1.0198146920612624e-13,1.0991508118388242
8.22,attitude_only,-6.226273399335751e-15,6.220763121810746e-15,7.764412761484723e-16,1.0,0.0,0.0,0.0,1.0,-1.2452546798671493e-14,1.2441526243621501e-14,1.5528825522968672e-15,0.0,0.0,0.0,2.804812956536582e-15,-3.157244500727633e-15,-1.1513007382930973e-14,-9.591302849464353e-19,1.168637261244505e-18,-1.221587717910384e-19,0.034127142,0.034127142,0.00853178549999999,0.008531785499999996,0.00853178550000002,0.008531785499999993,533.284961348058,533.2849613480582,533.2849613480589,533.2849613480581,-3.4416034904705137,1.0199706000001014,1.0181723943323491e-13,1.028392980780766e-13,1.0612070429453984
8.23,attitude_only,-6.212682867206999e-15,6.20450966061866e-15,7.189020018263192e-16,1.0,0.0,0.0,0.0,1.0,-1.2425365734413988e-14,1.2409019321237329e-14,1.4378040036525614e-15,0.0,0.0,0.0,2.6661192791671823e-15,-3.3237712352600836e-15,-1.1534100631680024e-14,-8.193590648948266e-19,1.401707055036046e-18,-1.221587717910384e-19,0.034127142,0.034127142,0.008531785499999988,0.0085317855,0.008531785500000022,0.00853178549999999,533.2849613480579,533.2849613480583,533.284961348059,533.284961348058,-3.5297968402446718,1.0199706000001014,1.0267984021699713e-13,1.0369835637432892e-13,1.0223813405519862
8.24,attitude_only,-6.1996137076949326e-15,6.187580313768954e-15,6.619851610633629e-16,1.0,0.0,0.0,0.0,1.0,-1.2399227415389857e-14,1.2375160627537917e-14,1.3239703221266491e-15,0.0,0.0,0.0,2.5846761299052818e-15,-3.4224711881147115e-15,-1.1318519100356241e-14,-7.474740470795983e-19,1.5543717103427458e-18,-1.221587717910384e-19,0.034127142,0.034127142,0.008531785499999988,0.008531785500000002,0.008531785500000022,0.008531785499999988,533.2849613480579,533.2849613480583,533.284961348059,533.2849613480579,-3.617990190063783,1.0199706000001014,1.0354365396635029e-13,1.0455863957243637e-13,0.9826737046585847
8.25,attitude_only,-6.186838488088565e-15,6.17017966925987e-15,6.057879624727559e-16,1.0,0.0,0.0,0.0,1.0,-1.2373676976177123e-14,1.2340359338519748e-14,1.2115759249454355e-15,0.0,0.0,0.0,2.53678283905551e-15,-3.521175584278195e-15,-1.1222909229164175e-14,-7.153699264504265e-19,1.7080287415817074e-18,-1.221587717910384e-19,0.034127142,0.034127142,0.008531785499999986,0.008531785500000002,0.008531785500000024,0.008531785499999988,533.2849613480579,533.2849613480583,533.284961348059,533.2849613480579,-3.7061835399187615,1.0199706000001014,1.0440867954640102e-13,1.0542014309089007e-13,0.9420841352651916
8.26,attitude_only,-6.1742189541973054e-15,6.1524630478315034e-15,5.50116775510085e-16,1.0,0.0,0.0,0.0,1.0,-1.2348437908394604e-14,1.2304926095663013e-14,1.100233551020094e-15,0.0,0.0,0.0,2.521454557808456e-15,-3.558666921609072e-15,-1.1110296859440857e-14,-7.221905345320459e-19,1.7886050155948504e-18,-1.221587717910384e-19,0.034127142,0.034127142,0.008531785499999986,0.008531785500000003,0.008531785500000024,0.008531785499999986,533.2849613480579,533.2849613480585,533.284961348059,533.2849613480579,-3.7943768898027552,1.0199706000001014,1.0527491417886129e-13,1.0628286320799525e-13,0.9006126323718052
8.27,attitude_only,-6.161689209545758e-15,6.1346154004181794e-15,4.944851003242881e-16,1.0,0.0,0.0,0.0,1.0,-1.2323378419091509e-14,1.2269230800836365e-14,9.889702006485006e-16,0.0,0.0,0.0,2.5031654005970975e-15,-3.567485659683446e-15,-1.1137703871997784e-14,-7.252751998843863e-19,1.8348623578809316e-18,-1.221587717910384e-19,0.034127142,0.034127142,0.008531785499999986,0.008531785500000003,0.008531785500000024,0.008531785499999986,533.2849613480579,533.2849613480585,533.284961348059,533.2849613480579,-3.8825702397098505,1.0199706000001014,1.0614235600725497e-13,1.0714679649284072e-13,0.8582591959784238
8.28,attitude_only,-6.149208271591427e-15,6.116630958146707e-15,4.387271752426853e-16,1.0,0.0,0.0,0.0,1.0,-1.229841654318285e-14,1.2233261916293419e-14,8.774543504852954e-16,0.0,0.0,0.0,2.483003274430863e-15,-3.603744818809946e-15,-1.1163080735476511e-14,-7.259106812292135e-19,1.914410797020831e-18,-1.221587717910384e-19,0.034127142,0.034127142,0.008531785499999984,0.008531785500000003,0.008531785500000026,0.008531785499999986,533.2849613480578,533.2849613480585,533.2849613480591,533.2849613480579,-3.9707635896354354,1.0199706000001014,1.0701100247682065e-13,1.0801194041481303e-13,0.815023826085047
8.29,attitude_only,-6.136971323312951e-15,6.098622721192274e-15,3.849168330812671e-16,1.0,0.0,0.0,0.0,1.0,-1.2273942646625898e-14,1.2197245442384553e-14,7.698336661624594e-16,0.0,0.0,0.0,2.4010691471910075e-15,-3.558053342621047e-15,-1.0435576811517983e-14,-6.516004200132962e-19,1.895161559020362e-18,-1.221587717910384e-19,0.034127142,0.034127142,0.008531785499999986,0.008531785500000005,0.008531785500000024,0.008531785499999986,533.2849613480579,533.2849613480585,533.284961348059,533.2849613480579,-4.058956939575855,1.0199706000001014,1.0788084974428296e-13,1.0887829245971436e-13,0.7709065226916726
8.3,attitude_only,-6.1254798567920115e-15,6.081303915625316e-15,3.335253729490002e-16,1.0,0.0,0.0,0.0,1.0,-1.2250959713584018e-14,1.2162607831250637e-14,6.670507458979259e-16,0.0,0.0,0.0,2.201923353736623e-15,-3.377253856842979e-15,-1.0224248442861738e-14,-4.346447014054041e-19,1.7119747146551155e-18,-1.221587717910384e-19,0.034127142,0.034127142,0.008531785499999988,0.008531785500000005,0.00853178550000002,0.008531785499999984,533.2849613480579,533.2849613480585,533.2849613480589,533.2849613480578,-4.14715028952814,1.0199706000001014,1.0875189676776448e-13,1.0974585235174051e-13,0.7259072857983008
8.31,attitude_only,-6.114935212041649e-15,6.064951694869475e-15,2.8073143000014566e-16,1.0,0.0,0.0,0.0,1.0,-1.2229870424083296e-14,1.2129903389738953e-14,5.614628600002172e-16,0.0,0.0,0.0,2.079733616375719e-15,-3.1771165545018904e-15,-1.0971008331003085e-14,-3.0881435273607647e-19,1.5035811173908276e-18,-1.221587717910384e-19,0.034127142,0.034127142,0.008531785499999991,0.008531785500000003,0.008531785500000019,0.008531785499999986,533.284961348058,533.2849613480585,533.2849613480589,533.2849613480579,-4.235343639489932,1.0199706000001014,1.0962414459146653e-13,1.1061462170131691e-13,0.6800261154049307
8.32,attitude_only,-6.104543101283322e-15,6.049856248122679e-15,2.2515139165545796e-16,1.0,0.0,0.0,0.0,1.0,-1.220908620256664e-14,1.2099712496245361e-14,4.503027833108421e-16,0.0,0.0,0.0,2.08717836127793e-15,-2.8887669976426303e-15,-1.107426171330035e-14,-3.3861983023150807e-19,1.1864493191361406e-18,-1.221587717910384e-19,0.034127142,0.034127142,0.008531785499999993,0.008531785500000002,0.008531785500000017,0.008531785499999988,533.2849613480581,533.2849613480583,533.2849613480588,533.2849613480579,-4.323536989459335,1.0199706000001014,1.1049759111903757e-13,1.1148459622936195e-13,0.6332630115115623
8.33,attitude_only,-6.094083627005493e-15,6.035987023193873e-15,1.6985691408117436e-16,1.0,0.0,0.0,0.0,1.0,-1.2188167254010984e-14,1.2071974046387748e-14,3.3971382816227516e-16,0.0,0.0,0.0,2.096247382509073e-15,-2.685594178665738e-15,-1.1025314818847675e-14,-3.704651295339699e-19,9.69497878150527e-19,-1.221587717910384e-19,0.034127142,0.034127142,0.008531785499999995,0.0085317855,0.008531785500000015,0.00853178549999999,533.2849613480581,533.2849613480583,533.2849613480588,533.284961348058,-4.411730339434835,1.0199706000001014,1.1137223542452253e-13,1.1235576907500814e-13,0.5856179741181949
8.34,attitude_only,-6.083612047485407e-15,6.02298705625735e-15,1.1468009379724732e-16,1.0,0.0,0.0,0.0,1.0,-1.2167224094970813e-14,1.2045974112514701e-14,2.293601875944214e-16,0.0,0.0,0.0,2.095353634618334e-15,-2.521716824891341e-15,-1.1043332391918001e-14,-3.9034616841126615e-19,7.980622218701638e-19,-1.221587717910384e-19,0.034127142,0.034127142,0.008531785499999996,0.008531785499999998,0.008531785500000014,0.008531785499999991,533.2849613480582,533.2849613480582,533.2849613480587,533.284961348058,-4.499923689415043,1.0199706000001014,1.1224807255261542e-13,1.1322813806606924e-13,0.5370910032248286
8.35,attitude_only,-6.073222181878487e-15,6.010776632350989e-15,5.941813413634745e-17,1.0,0.0,0.0,0.0,1.0,-1.2146444363756974e-14,1.2021553264701979e-14,1.188362682726219e-16,0.0,0.0,0.0,2.0560412170884946e-15,-2.3867297257056306e-15,-1.1059573584544432e-14,-3.637316795463439e-19,6.599450001043668e-19,-1.221587717910384e-19,0.034127142,0.034127142,0.008531785499999996,0.008531785499999996,0.008531785500000012,0.008531785499999993,533.2849613480582,533.2849613480582,533.2849613480587,533.2849613480581,-4.588117039399371,1.0199706000001014,1.1312509826048535e-13,1.141017015661697e-13,0.48768209883146285
8.36,attitude_only,-6.0630121153905085e-15,5.9990245897299754e-15,4.257225146257712e-18,1.0,0.0,0.0,0.0,1.0,-1.2126024230781017e-14,1.1998049179459951e-14,8.51445029244268e-18,0.0,0.0,0.0,2.038348849845585e-15,-2.3081308356078526e-15,-1.100123725060435e-14,-3.628843273533078e-19,5.887076403431109e-19,-1.221587717910384e-19,0.034127142,0.034127142,0.008531785499999998,0.008531785499999996,0.008531785500000012,0.008531785499999993,533.2849613480582,533.2849613480582,533.2849613480587,533.2849613480581,-4.676310389386821,1.0199706000001014,1.140033090017086e-13,1.1497645856051485e-13,0.4373912609380977
8.37,attitude_only,-6.05282354751156e-15,5.9876385096137e-15,-5.0765075415073035e-17,1.0,0.0,0.0,0.0,1.0,-1.210564709502312e-14,1.19752770192274e-14,-1.0153015083021856e-16,0.0,0.0,0.0,2.0236475771030433e-15,-2.2480036679363525e-15,-1.1006820160569744e-14,-3.654792758332874e-19,5.390350758166738e-19,-1.221587717910384e-19,0.034127142,0.034127142,0.008531785499999998,0.008531785499999996,0.008531785500000012,0.008531785499999993,533.2849613480582,533.2849613480582,533.2849613480587,533.2849613480581,-4.764503739376774,1.0199706000001014,1.1488270047799594e-13,1.1585240660143868e-13,0.386218489544733
8.38,attitude_only,-6.042749475372888e-15,5.9765438924249694e-15,-1.0582518750298683e-16,1.0,0.0,0.0,0.0,1.0,-1.2085498950745778e-14,1.1953087784849937e-14,-2.1165037500604588e-16,0.0,0.0,0.0,2.0130527492176525e-15,-2.196606536792241e-15,-1.1016209600056679e-14,-3.728960098629979e-19,4.993245838116657e-19,-1.221587717910384e-19,0.034127142,0.034127142,0.008531785499999998,0.008531785499999996,0.008531785500000012,0.008531785499999995,533.2849613480582,533.2849613480582,533.2849613480587,533.2849613480581,-4.85269708936873,1.0199706000001014,1.1576326995445156e-13,1.1672954351131635e-13,0.3341637846513686
8.39,attitude_only,-6.0327014818705416e-15,5.965724121769648e-15,-1.6092894779608373e-16,1.0,0.0,0.0,0.0,1.0,-1.2065402963741085e-14,1.1931448243539294e-14,-3.2185789559223945e-16,0.0,0.0,0.0,2.0142488602342674e-15,-2.1384948215263998e-15,-1.1024583965004888e-14,-3.9447383168527813e-19,4.509754737079199e-19,-1.221587717910384e-19,0.034127142,0.034127142,0.008531785499999998,0.008531785499999995,0.008531785500000012,0.008531785499999995,533.2849613480582,533.2849613480581,533.2849613480587,533.2849613480581,-4.94089043936229,1.0199706000001014,1.166450149282284e-13,1.176078672804171e-13,0.28122714625800443
8.394,zero_thrust,-7.897889516795847e-15,7.825843968286318e-15,-2.1607090026871614e-16,1.0,0.0,0.0,0.0,1.0,-1.5795779033591697e-14,1.5651687936572633e-14,-4.321418005375559e-16,0.0,0.0,0.0,-8.217769168300597e-13,8.196581085312387e-13,-1.1032450792682951e-14,0.0,0.0,0.0,0.0,0.0,0.0,0.0,0.0,0.0,0.0,0.0,0.0,0.0,-5.148680615786764,1.0199706000001014,1.1752793316848081e-13,1.1848737545636748e-13,0.22740857436464046
8.41,zero_thrust,-1.3064824819617293e-14,1.2979341146959688e-14,-2.712427379632298e-16,1.0,0.0,0.0,0.0,1.0,-2.6129649639234592e-14,2.595868229391937e-14,-5.424854759267987e-16,0.0,0.0,0.0,-1.1854332074258015e-12,1.1823309546977172e-12,-1.1012307907296772e-14,0.0,0.0,0.0,0.0,0.0,0.0,0.0,0.0,0.0,0.0,0.0,0.0,0.0,-4.980689709825765,1.0199706000001014,1.1848315431282709e-13,1.1944014244830643e-13,0.18001258741884435
8.42,zero_thrust,-1.913919787860713e-14,1.9037924795504264e-14,-3.262242729724609e-16,1.0,0.0,0.0,0.0,1.0,-3.8278395757214274e-14,3.8075849591008516e-14,-6.524485459456505e-16,0.0,0.0,0.0,-1.1586461752532955e-12,1.1556425916292864e-12,-1.0951680994391565e-14,0.0,0.0,0.0,0.0,0.0,0.0,0.0,0.0,0.0,0.0,0.0,0.0,0.0,-4.3183298388217395,1.0199706000001014,1.2006106135153318e-13,1.2102046018162695e-13,0.16332368387078539
8.43,zero_thrust,-2.398606245800941e-14,2.387217803554984e-14,-3.809119835539562e-16,1.0,0.0,0.0,0.0,1.0,-4.797212491601884e-14,4.774435607109966e-14,-7.618239671090576e-16,0.0,0.0,0.0,-8.038189813109913e-13,8.017068740870347e-13,-1.0918013033798222e-14,0.0,0.0,0.0,0.0,0.0,0.0,0.0,0.0,0.0,0.0,0.0,0.0,0.0,-3.03534400768878,1.0199706000001014,1.2280900559400527e-13,1.2377771047222867e-13,0.1842896770392155
8.44,zero_thrust,-2.7558930282634402e-14,2.7435300580025343e-14,-4.355067949894445e-16,1.0,0.0,0.0,0.0,1.0,-5.511786056526883e-14,5.487060116005066e-14,-8.710135899804011e-16,0.0,0.0,0.0,-7.043812579409281e-13,7.024442093962462e-13,-1.0915471382315254e-14,0.0,0.0,0.0,0.0,0.0,0.0,0.0,0.0,0.0,0.0,0.0,0.0,0.0,-1.496080186048009,1.0199706000001014,1.266485770114804e-13,1.2763214424102162e-13,0.23089942804436528
8.45,zero_thrust,-3.1080772827557554e-14,3.094760452357472e-14,-4.900057572185463e-16,1.0,0.0,0.0,0.0,1.0,-6.216154565511513e-14,6.189520904714941e-14,-9.800115144390164e-16,0.0,0.0,0.0,-7.043646173251022e-13,7.024741758327597e-13,-1.0900729010688088e-14,0.0,0.0,0.0,0.0,0.0,0.0,0.0,0.0,0.0,0.0,0.0,0.0,0.0,-0.21280286043780294,1.0199706000001014,1.3065500233250396e-13,1.3165423671961338e-13,0.28010249246439445
8.459,hover,-3.460261382017065e-14,3.4460010009319045e-14,-5.4451807303077e-16,1.0,0.0,0.0,0.0,1.0,-6.920522764034134e-14,6.892002001863805e-14,-1.0890361460639248e-15,0.0,0.0,0.0,-7.043774721982067e-13,7.024853844678843e-13,-1.090322308055191e-14,8.536149886882279e-16,-8.514200481337959e-16,1.3059837932596224e-17,0.34127141999999994,0.34127141999999994,0.08531785500001254,0.08531785500000054,0.08531785499998633,0.08531785500000051,1686.3951197748463,1686.3951197747276,1686.3951197745873,1686.3951197747274,1.0356407871089717,1.0199706000001014,1.3466212868985697e-13,1.3567703190265816e-13,0.3283378154827577
8.47,hover,-3.8118480686709724e-14,3.796625250294189e-14,-5.88080562698057e-16,1.0,0.0,0.0,0.0,1.0,-7.62369613734195e-14,7.593250500588372e-14,-1.1761611253990086e-15,0.0,0.0,0.0,-6.998140961335323e-13,6.978987902186249e-13,-6.229316330175323e-15,8.558368924680882e-16,-8.535930217270903e-16,7.519672311776254e-18,0.34127141999999994,0.34127141999999994,0.08531785500001281,0.08531785500000032,0.08531785499998654,0.08531785500000028,1686.3951197748488,1686.3951197747256,1686.3951197745894,1686.3951197747251,1.6162266879760412,1.0199706000001014,1.3866973784680797e-13,1.397003121597823e-13,0.3756006589800913
8.48,hover,-4.154381412026962e-14,4.1382261257899884e-14,-6.104839901324494e-16,1.0,0.0,0.0,0.0,1.0,-8.308762824053929e-14,8.276452251579972e-14,-1.2209679802683373e-15,0.0,0.0,0.0,-6.67961173849135e-13,6.661545785994228e-13,-3.2536887608184764e-15,8.242929974653026e-16,-8.2216151357004195e-16,3.981456116156223e-18,0.34127141999999994,0.34127141999999994,0.08531785500001247,0.08531785500000016,0.08531785499998716,0.08531785500000014,1686.3951197748456,1686.395119774724,1686.3951197745955,1686.3951197747238,2.219573071746572,1.0199706000001014,1.4268065495340076e-13,1.4372691496355118e-13,0.4219302450483773
8.49,hover,-4.4720388927489746e-14,4.455028433386595e-14,-6.238977112611212e-16,1.0,0.0,0.0,0.0,1.0,-8.944077785497954e-14,8.910056866773185e-14,-1.247795422526227e-15,0.0,0.0,0.0,-6.043769457574613e-13,6.027135651219943e-13,-2.1782648682090155e-15,7.540356932128687e-16,-7.520594330483476e-16,2.7127300937069594e-18,0.34127141999999994,0.34127141999999994,0.08531785500001145,0.08531785500000011,0.0853178549999883,0.08531785500000008,1686.3951197748356,1686.3951197747235,1686.3951197746067,1686.395119774723,2.687376641128493,1.0199706000001014,1.4670938140481397e-13,1.4777139793823984e-13,0.4675161542349381
8.5,hover,-4.7511398458277066e-14,4.7332878308184294e-14,-6.3239524003535295e-16,1.0,0.0,0.0,0.0,1.0,-9.50227969165542e-14,9.466575661636853e-14,-1.2647904800752036e-15,0.0,0.0,0.0,-5.179180391555726e-13,5.162293146548361e-13,-1.4047146272187763e-15,6.554641856821578e-16,-6.534406256343059e-16,1.7985169507908597e-18,0.34127141999999994,0.34127141999999994,0.08531785500000998,0.08531785500000008,0.08531785499998985,0.08531785500000004,1686.395119774821,1686.395119774723,1686.3951197746221,1686.3951197747226,3.0512817632824523,1.0199706000001014,1.5077569907474232e-13,1.5185362075462809e-13,0.512585176753928
8.51,hover,-4.9834905433586215e-14,4.964798955811759e-14,-6.362818561576595e-16,1.0,0.0,0.0,0.0,1.0,-9.966981086717249e-14,9.929597911623512e-14,-1.2725637123202673e-15,0.0,0.0,0.0,-4.2040426098578055e-13,4.187038824156991e-13,-5.279360637590551e-16,5.426516944882652e-16,-5.405971457714985e-16,7.516620352767851e-19,0.34127141999999994,0.34127141999999994,0.08531785500000828,0.08531785500000003,0.08531785499999163,0.085317855,1686.3951197748042,1686.3951197747226,1686.3951197746396,1686.3951197747224,3.3356547120190583,1.0199706000001014,1.5489789115778648e-13,1.5599194165483624e-13,0.5573166418235819
8.519,attitude_only,-5.278123146826564e-14,5.257861826461497e-14,-6.346854347807911e-16,1.0,0.0,0.0,0.0,1.0,-1.0556246293653134e-13,1.0515723652922988e-13,-1.2693708695671327e-15,0.0,0.0,0.0,-2.4638648327714227e-13,2.446167470303231e-13,7.539603343290339e-16,3.360478395873936e-16,-3.3389413403232033e-16,1.1813875876591901e-19,0.034127142,0.034127142,0.008531785500005143,0.00853178550000002,0.008531785499994846,0.008531785499999988,533.284961348219,533.2849613480589,533.2849613478973,533.2849613480579,3.7814748717440008,1.0199706000001014,1.5909081155120662e-13,1.6020127078375123e-13,0.6018346859087271
8.53,attitude_only,-5.301369475286423e-14,5.280932514031302e-14,-6.338891040060063e-16,1.0,0.0,0.0,0.0,1.0,-1.0602738950572853e-13,1.0561865028062598e-13,-1.2677782080176117e-15,0.0,0.0,0.0,-2.278424401313926e-13,2.2608783952883722e-13,8.553290085217493e-16,3.1630125465393915e-16,-3.1414641126535423e-16,1.1813875876591901e-19,0.034127142,0.034127142,0.00853178550000484,0.00853178550000002,0.00853178549999515,0.008531785499999988,533.2849613482095,533.2849613480589,533.2849613479067,533.2849613480579,4.011525878921134,1.0199706000001014,1.633657723412981e-13,1.644929639627613e-13,0.6462202550773958
8.54,attitude_only,-5.389947994753804e-14,5.368653100741074e-14,-6.325373724571456e-16,1.0,0.0,0.0,0.0,1.0,-1.0779895989507614e-13,1.0737306201482141e-13,-1.2650747449200785e-15,0.0,0.0,0.0,-1.3593492485768207e-13,1.3418270709463366e-13,-7.585913629042063e-17,2.073715855740633e-16,-2.0520207941525632e-16,1.1813875876591901e-19,0.034127142,0.034127142,0.008531785500003166,0.00853178550000002,0.008531785499996824,0.008531785499999988,533.2849613481573,533.2849613480589,533.284961347959,533.2849613480579,3.8907747549644167,1.0199706000001014,1.677306300802375e-13,1.6887491154671832e-13,0.6905212684461836
8.55,attitude_only,-5.4336429594908305e-14,5.4114744587321705e-14,-6.378612151728407e-16,1.0,0.0,0.0,0.0,1.0,-1.0867285918981667e-13,1.0822948917464335e-13,-1.275722430351562e-15,0.0,0.0,0.0,-4.944693988948322e-14,4.768078169712298e-14,-1.7988688637975857e-15,1.0408047301111959e-16,-1.018765767552148e-16,1.1813875876591901e-19,0.034127142,0.034127142,0.008531785500001578,0.008531785500000022,0.008531785499998413,0.008531785499999988,533.2849613481077,533.284961348059,533.2849613480087,533.2849613480579,3.9950965275229273,1.0199706000001014,1.721776118837363e-13,1.7333931515554525e-13,0.7346451046237523
8.56,attitude_only,-5.437822135854194e-14,5.414776989358684e-14,-6.503994741628464e-16,1.0,0.0,0.0,0.0,1.0,-1.0875644271708396e-13,1.082955397871736e-13,-1.3007989483315816e-15,0.0,0.0,0.0,2.2669432052034784e-14,-2.441504380147249e-14,-3.0107251186844624e-15,1.731413236077765e-17,-1.5117435718885528e-17,1.1813875876591901e-19,0.034127142,0.034127142,0.008531785500000244,0.008531785500000022,0.008531785499999745,0.008531785499999988,533.284961348066,533.284961348059,533.2849613480504,533.2849613480579,4.070886947400918,1.0199706000001014,1.7668584143566277e-13,1.7786522542871606e-13,0.7783855908928802
8.57,attitude_only,-5.4106360234006255e-14,5.386710144006815e-14,-6.641623848981212e-16,1.0,0.0,0.0,0.0,1.0,-1.0821272046801259e-13,1.0773420288013623e-13,-1.3283247698020714e-15,0.0,0.0,0.0,7.758733515813398e-14,-7.936212028304631e-14,-2.4258597879284008e-15,-4.9363224718122694e-17,5.161267726183349e-17,1.1813875876591901e-19,0.034127142,0.034127142,0.00853178549999922,0.008531785500000022,0.008531785500000772,0.008531785499999988,533.2849613480339,533.284961348059,533.2849613480824,533.2849613480579,4.120916779330083,1.0199706000001014,1.812402493296934e-13,1.8243751616429466e-13,0.8215959519633467
8.58,attitude_only,-5.3606160252954063e-14,5.335806044989805e-14,-6.743198975803308e-16,1.0,0.0,0.0,0.0,1.0,-1.072123205059082e-13,1.0671612089979602e-13,-1.3486397951663822e-15,0.0,0.0,0.0,1.1604560321559893e-13,-1.1780769448905878e-13,-1.5978127326175755e-15,-9.667360241923659e-17,9.892544325393901e-17,1.1813875876591901e-19,0.034127142,0.034127142,0.008531785499998492,0.008531785500000022,0.008531785500001499,0.008531785499999988,533.2849613480112,533.284961348059,533.2849613481051,533.2849613480579,4.148339112658991,1.0199706000001014,1.8583054650803533e-13,1.870458604112293e-13,0.8641762364230919
8.59,attitude_only,-5.29546620649296e-14,5.2697679043352937e-14,-6.803122144616741e-16,1.0,0.0,0.0,0.0,1.0,-1.0590932412985927e-13,1.053953580867058e-13,-1.3606244289289294e-15,0.0,0.0,0.0,1.3990101789425747e-13,-1.4168005818136592e-13,-8.482753486940729e-16,-1.266991102125694e-16,1.289890802665212e-16,1.1813875876591901e-19,0.034127142,0.034127142,0.00853178549999803,0.008531785500000022,0.00853178550000196,0.008531785499999988,533.2849613479967,533.284961348059,533.2849613481195,533.2849613480579,4.1562927651873744,1.0199706000001014,1.9044962670048464e-13,1.9168312369812756e-13,0.9060573101761076
8.6,attitude_only,-5.221821493707957e-14,5.1952477922488986e-14,-6.826545334523882e-16,1.0,0.0,0.0,0.0,1.0,-1.0443642987415921e-13,1.039049558449779e-13,-1.365309066910202e-15,0.0,0.0,0.0,1.5170233753897666e-13,-1.5344571667254523e-13,-2.236357495700468e-16,-1.4237771716162213e-16,1.446423276226618e-16,1.1813875876591901e-19,0.034127142,0.034127142,0.008531785499997788,0.008531785500000022,0.008531785500002201,0.008531785499999988,533.2849613479891,533.284961348059,533.284961348127,533.2849613480579,4.147700274415402,1.0199706000001014,1.9509252060824917e-13,1.9634431760251403e-13,0.9471906132893818
8.61,attitude_only,-5.1449683444738755e-14,5.117520911240129e-14,-6.837501704082253e-16,1.0,0.0,0.0,0.0,1.0,-1.0289936688947759e-13,1.023504182248025e-13,-1.3675003408217165e-15,0.0,0.0,0.0,1.541076612117006e-13,-1.558669725836492e-13,-3.140527211178467e-16,-1.4680518218100786e-16,1.49106504441823e-16,1.1813875876591901e-19,0.034127142,0.034127142,0.00853178549999772,0.008531785500000022,0.008531785500002269,0.008531785499999988,533.2849613479871,533.284961348059,533.2849613481292,533.2849613480579,4.125178569653926,1.0199706000001014,1.9975570060490527e-13,2.0102589953540117e-13,0.9875415307954611
8.62,attitude_only,-5.0689297971989654e-14,5.040599178315521e-14,-6.841594385445271e-16,1.0,0.0,0.0,0.0,1.0,-1.0137859594397937e-13,1.0081198356631036e-13,-1.3683188770941643e-15,0.0,0.0,0.0,1.4952518450586028e-13,-1.5128331423903693e-13,8.050001151997107e-17,-1.4280146197905806e-16,1.4511894757067866e-16,1.1813875876591901e-19,0.034127142,0.034127142,0.008531785499997781,0.008531785500000022,0.008531785500002208,0.008531785499999988,533.2849613479889,533.284961348059,533.2849613481272,533.2849613480579,4.0910131914079475,1.0199706000001014,2.0443661092643949e-13,2.0572530519029128e-13,1.0270850475797006
8.63,attitude_only,-4.996638996375205e-14,4.967428069091893e-14,-6.82792506650957e-16,1.0,0.0,0.0,0.0,1.0,-9.993277992750416e-14,9.93485613818378e-14,-1.3655850133068782e-15,0.0,0.0,0.0,1.3993717436266081e-13,-1.416961807381112e-13,2.739192928468561e-16,-1.326952215508455e-16,1.350313491769491e-16,1.1813875876591901e-19,0.034127142,0.034127142,0.008531785499997937,0.008531785500000022,0.008531785500002052,0.008531785499999986,533.2849613479939,533.284961348059,533.2849613481225,533.2849613480579,4.04716680893409,1.0199706000001014,2.0913336854638964e-13,2.1044064397017128e-13,1.0658028603700864
8.64,attitude_only,-4.930115890138449e-14,4.9000270559437543e-14,-6.826703069371671e-16,1.0,0.0,0.0,0.0,1.0,-9.860231780276904e-14,9.800054111887502e-14,-1.3653406138791658e-15,0.0,0.0,0.0,1.2701086895214772e-13,-1.2879181256945496e-13,-2.254953978466771e-16,-1.1845376374775125e-16,1.2083402550025614e-16,1.1813875876591901e-19,0.034127142,0.034127142,0.008531785499998156,0.008531785500000022,0.008531785500001833,0.008531785499999986,533.2849613480007,533.284961348059,533.2849613481156,533.2849613480579,3.9953048271828173,1.0199706000001014,2.1384455994416762e-13,2.1517049714598292e-13,1.1036814293718629
8.65,attitude_only,-4.8706705652214074e-14,4.8396770992248844e-14,-6.830775389766874e-16,1.0,0.0,0.0,0.0,1.0,-9.741341130442821e-14,9.679354198449762e-14,-1.3661550779580892e-15,0.0,0.0,0.0,1.1205055382003694e-13,-1.1386921188914585e-13,8.57092075193388e-17,-1.0162189112741865e-16,1.0406559680277663e-16,1.1813875876591901e-19,0.034127142,0.034127142,0.008531785499998414,0.008531785500000024,0.008531785500001575,0.008531785499999986,533.2849613480088,533.284961348059,533.2849613481076,533.2849613480579,3.9368281410116426,1.0199706000001014,2.1856910385473777e-13,2.1991378058386104e-13,1.1407106433351315
8.66,attitude_only,-4.809598313005991e-14,4.777503656588106e-14,-6.803730591827613e-16,1.0,0.0,0.0,0.0,1.0,-9.619196626011988e-14,9.555007313176206e-14,-1.360746118370118e-15,0.0,0.0,0.0,9.306899767928465e-14,-9.489233244131969e-14,6.891442563824018e-16,-7.977471373530874e-17,8.224226478979841e-17,1.1813875876591901e-19,0.034127142,0.034127142,0.008531785499998749,0.008531785500000024,0.00853178550000124,0.008531785499999986,533.2849613480191,533.284961348059,533.284961348097,533.2849613480579,3.8729074575798226,1.0199706000001014,2.233061607588126e-13,2.246696536960358e-13,1.1768828905736561
8.67,attitude_only,-4.775212811513369e-14,4.742380457192416e-14,-6.764874543491202e-16,1.0,0.0,0.0,0.0,1.0,-9.550425623026744e-14,9.484760914384826e-14,-1.3529749087027696e-15,0.0,0.0,0.0,8.051119566293952e-14,-8.235347862179279e-14,1.1165585403000409e-15,-6.551046327232395e-17,6.801917499258406e-17,1.1813875876591901e-19,0.034127142,0.034127142,0.00853178549999897,0.008531785500000024,0.008531785500001022,0.008531785499999986,533.2849613480261,533.284961348059,533.2849613480902,533.2849613480579,3.8045162064989997,1.0199706000001014,2.2805506612179463e-13,2.2943744915554313e-13,1.2121924025954187
8.68,attitude_only,-4.739108897069553e-14,4.705367564007728e-14,-6.699138524950666e-16,1.0,0.0,0.0,0.0,1.0,-9.478217794139112e-14,9.41073512801545e-14,-1.339827704994593e-15,0.0,0.0,0.0,6.556814577628043e-14,-6.737637896736219e-14,1.2463864747291712e-15,-4.8234484866095844e-17,5.0720419196940935e-17,1.1813875876591901e-19,0.034127142,0.034127142,0.008531785499999235,0.008531785500000024,0.008531785500000756,0.008531785499999986,533.2849613480344,533.284961348059,533.2849613480819,533.2849613480579,3.7324605859515967,1.0199706000001014,2.328152838793513e-13,2.342166300516689e-13,1.2466347836330378
8.69,attitude_only,-4.7101864042977244e-14,4.675544313561464e-14,-6.632834262924943e-16,1.0,0.0,0.0,0.0,1.0,-9.420372808595455e-14,9.351088627122921e-14,-1.3265668525893933e-15,0.0,0.0,0.0,5.171618815912193e-14,-5.3526935094230265e-14,1.493124925305912e-15,-3.2129297607096854e-17,3.463635590012492e-17,1.1813875876591901e-19,0.034127142,0.034127142,0.008531785499999481,0.008531785500000024,0.008531785500000508,0.008531785499999986,533.2849613480421,533.284961348059,533.2849613480741,533.2849613480579,3.657406174789198,1.0199706000001014,2.375863771109702e-13,2.3900675786755487e-13,1.2802066689344331
8.7,attitude_only,-4.687798942662934e-14,4.652255994465255e-14,-6.552431315644567e-16,1.0,0.0,0.0,0.0,1.0,-9.375597885325874e-14,9.304511988930503e-14,-1.3104862631332753e-15,0.0,0.0,0.0,3.934969684160004e-14,-4.114252799225864e-14,1.8927351875326026e-15,-1.768300499448657e-17,2.0186492657681546e-17,1.1813875876591901e-19,0.034127142,0.034127142,0.008531785499999703,0.008531785500000024,0.008531785500000286,0.008531785499999986,533.284961348049,533.284961348059,533.2849613480672,533.2849613480579,3.579901033467439,1.0199706000001014,2.423679896481234e-13,2.438074778136808e-13,1.3129054736162364
8.71,attitude_only,-4.671121141327546e-14,4.6346830133276045e-14,-6.462768960520276e-16,1.0,0.0,0.0,0.0,1.0,-9.342242282655099e-14,9.269366026655203e-14,-1.292553792108385e-15,0.0,0.0,0.0,2.873662550716432e-14,-3.052144371784806e-14,1.6531483534239062e-15,-5.234685648235388e-18,7.746405965567384e-18,1.1813875876591901e-19,0.034127142,0.034127142,0.008531785499999896,0.008531785500000024,0.008531785500000095,0.008531785499999986,533.284961348055,533.284961348059,533.2849613480613,533.2849613480579,3.50039547754087,1.0199706000001014,2.47159827025193e-13,2.486184958954581e-13,1.3447292061545817
8.72,attitude_only,-4.659239006182383e-14,4.621914969488128e-14,-6.377586570954139e-16,1.0,0.0,0.0,0.0,1.0,-9.318478012364772e-14,9.24382993897625e-14,-1.2755173141951348e-15,0.0,0.0,0.0,1.9970977563908777e-14,-2.1747732393851214e-14,1.8805634624377886e-15,5.0843821080321775e-18,-2.5645702992903225e-18,1.1813875876591901e-19,0.034127142,0.034127142,0.008531785500000054,0.008531785500000024,0.008531785499999936,0.008531785499999986,533.2849613480599,533.284961348059,533.2849613480563,533.2849613480579,3.4192588317667663,1.0199706000001014,2.519616418083174e-13,2.534395652373345e-13,1.3756763286412845
8.73,attitude_only,-4.651228196358341e-14,4.61301469951429e-14,-6.266019625955707e-16,1.0,0.0,0.0,0.0,1.0,-9.302456392716689e-14,9.226029399028574e-14,-1.2532039251954326e-15,0.0,0.0,0.0,1.3061461899617486e-14,-1.4839254387897588e-14,2.644952754840537e-15,1.3245186286185546e-17,-1.0706351362555697e-17,1.1813875876591901e-19,0.034127142,0.034127142,0.008531785500000178,0.008531785500000024,0.00853178549999981,0.008531785499999986,533.2849613480639,533.284961348059,533.2849613480523,533.2849613480579,3.336793518448628,1.0199706000001014,2.5677322748160825e-13,2.5827048012818163e-13,1.4057456512930446
8.74,attitude_only,-4.6461913741674794e-14,4.6070803562267445e-14,-6.121164855989856e-16,1.0,0.0,0.0,0.0,1.0,-9.292382748334964e-14,9.214160712453483e-14,-1.2242329712022523e-15,0.0,0.0,0.0,7.897756270589858e-15,-9.705474572839164e-15,3.1024901687337848e-15,1.93626554783128e-17,-1.6769832394897416e-17,1.1813875876591901e-19,0.034127142,0.034127142,0.008531785500000272,0.008531785500000024,0.008531785499999717,0.008531785499999984,533.2849613480668,533.284961348059,533.2849613480495,533.2849613480578,3.253246835338679,1.0199706000001014,2.6159441122916313e-13,2.631110698149812e-13,1.4349362523220328
8.75,attitude_only,-4.643241074765544e-14,4.603250076537089e-14,-5.961570789854591e-16,1.0,0.0,0.0,0.0,1.0,-9.286482149531094e-14,9.206500153074173e-14,-1.1923141579751931e-15,0.0,0.0,0.0,4.4856706288263336e-15,-6.1830681262090035e-15,3.209672845911483e-15,2.341230154214077e-17,-2.093488944959152e-17,1.1813875876591901e-19,0.034127142,0.034127142,0.008531785500000336,0.008531785500000024,0.008531785499999655,0.008531785499999986,533.2849613480688,533.284961348059,533.2849613480475,533.2849613480579,3.1688207570386324,1.0199706000001014,2.664250495877007e-13,2.6796119218236827e-13,1.4632474167604217
8.76,attitude_only,-4.6415897147412026e-14,4.600845707671499e-14,-5.794696011442419e-16,1.0,0.0,0.0,0.0,1.0,-9.28317942948241e-14,9.201691415342993e-14,-1.1589392022927548e-15,0.0,0.0,0.0,2.5441073244014245e-15,-3.894768477402951e-15,3.590638548109203e-15,2.571673643420665e-17,-2.3641901343384753e-17,1.1813875876591901e-19,0.034127142,0.034127142,0.008531785500000375,0.00853178550000002,0.008531785499999615,0.00853178549999999,533.2849613480699,533.2849613480589,533.2849613480463,533.284961348058,3.0836800616732853,1.0199706000001014,2.7126502546108495e-13,2.7282072734393593e-13,1.49067858956254
8.77,attitude_only,-4.640552069553004e-14,4.599214028874368e-14,-5.601402579915838e-16,1.0,0.0,0.0,0.0,1.0,-9.281104139106013e-14,9.198428057748731e-14,-1.1202805159874362e-15,0.0,0.0,0.0,1.8616319118760855e-15,-2.9153392195446903e-15,4.073345523271818e-15,2.6517090610118294e-17,-2.4788063060619224e-17,1.1813875876591901e-19,0.034127142,0.034127142,0.008531785500000388,0.008531785500000017,0.0085317854999996,0.008531785499999991,533.2849613480704,533.2849613480588,533.2849613480458,533.284961348058,2.9979590487489105,1.0199706000001014,2.7611424841769457e-13,2.7768957857874245e-13,1.5172293395330536
8.78,attitude_only,-4.639575921617778e-14,4.597766048821135e-14,-5.400827895398025e-16,1.0,0.0,0.0,0.0,1.0,-9.279151843235561e-14,9.195532097642265e-14,-1.0801655790838713e-15,0.0,0.0,0.0,2.1636943821196305e-15,-3.0168587713810305e-15,4.119122448310393e-15,2.6132978702004848e-17,-2.4636071010701802e-17,1.1813875876591901e-19,0.034127142,0.034127142,0.008531785500000385,0.008531785500000015,0.008531785499999604,0.008531785499999993,533.2849613480703,533.2849613480588,533.284961348046,533.2849613480581,2.9117670785084493,1.0199706000001014,2.8097263829926374e-13,2.825676681064865e-13,1.542899331508519
8.79,attitude_only,-4.6382060525368194e-14,4.596035130887129e-14,-5.184871897567133e-16,1.0,0.0,0.0,0.0,1.0,-9.276412105073644e-14,9.192070261774252e-14,-1.03697437951769e-15,0.0,0.0,0.0,3.313571294057193e-15,-3.91874552634387e-15,4.45177769012293e-15,2.4719990694739205e-17,-2.3514619449482958e-17,1.1813875876591901e-19,0.034127142,0.034127142,0.008531785500000366,0.008531785500000014,0.008531785499999623,0.008531785499999995,533.2849613480697,533.2849613480587,533.2849613480465,533.2849613480581,2.8251931298110593,1.0199706000001014,2.8584013028518863e-13,2.874549343776789e-13,1.5676883048587336
8.8,attitude_only,-4.636095042923135e-14,4.593675923727416e-14,-4.956980173585564e-16,1.0,0.0,0.0,0.0,1.0,-9.272190085846275e-14,9.187351847454827e-14,-9.91396034721372e-16,0.0,0.0,0.0,5.041863064048704e-15,-5.462332365741245e-15,4.7098487750951035e-15,2.259562194010889e-17,-2.1607691918548688e-17,1.1813875876591901e-19,0.034127142,0.034127142,0.008531785500000335,0.008531785500000012,0.008531785499999655,0.008531785499999996,533.2849613480687,533.2849613480587,533.2849613480475,533.2849613480582,2.7383095435638314,1.0199706000001014,2.907166744659853e-13,2.92351327285488e-13,1.5915960568444822
8.81,attitude_only,-4.6329882374686664e-14,4.5904039277295416e-14,-4.708436855839392e-16,1.0,0.0,0.0,0.0,1.0,-9.265976474937337e-14,9.18080785545908e-14,-9.41687371172132e-16,0.0,0.0,0.0,7.22494366126232e-15,-7.516811439359296e-15,5.194651726771138e-15,1.9903675786839928e-17,-1.9067148915813437e-17,1.1813875876591901e-19,0.034127142,0.034127142,0.008531785500000295,0.008531785500000012,0.008531785499999694,0.008531785499999998,533.2849613480676,533.2849613480587,533.2849613480488,533.2849613480582,2.65117509231636,1.0199706000001014,2.956022297257102e-13,2.97256808012882e-13,1.6146224297177465
8.82,attitude_only,-4.628696139643457e-14,4.585977305794082e-14,-4.449244304458597e-16,1.0,0.0,0.0,0.0,1.0,-9.257392279286918e-14,9.17195461158816e-14,-8.898488608959648e-16,0.0,0.0,0.0,9.719544952098577e-15,-9.966824537991776e-15,5.0364720709017785e-15,1.681295878831544e-17,-1.6027464952074542e-17,1.1813875876591901e-19,0.034127142,0.034127142,0.008531785500000248,0.00853178550000001,0.008531785499999743,0.008531785499999998,533.2849613480661,533.2849613480586,533.2849613480503,533.2849613480582,2.5638374937473656,1.0199706000001014,3.004967613954098e-13,3.0217134419687017e-13,1.63676730071246
8.83,attitude_only,-4.6231322131179577e-14,4.5802978015237907e-14,-4.1932011311090863e-16,1.0,0.0,0.0,0.0,1.0,-9.246264426235919e-14,9.160595603047578e-14,-8.386402262260524e-16,0.0,0.0,0.0,1.2292507044342542e-14,-1.249224640396243e-14,5.2671380794181884e-15,1.3602479207179252e-17,-1.2872036248870139e-17,1.1813875876591901e-19,0.034127142,0.034127142,0.008531785500000198,0.00853178550000001,0.008531785499999792,0.0085317855,533.2849613480645,533.2849613480586,533.2849613480518,533.2849613480583,2.4763354661850814,1.0199706000001014,3.0540023936535986e-13,3.0709490916525677e-13,1.6580305742718189
8.84,attitude_only,-4.616298597675058e-14,4.573366423243347e-14,-3.9154922661800816e-16,1.0,0.0,0.0,0.0,1.0,-9.23259719535012e-14,9.14673284648669e-14,-7.830984532402387e-16,0.0,0.0,0.0,1.4789801910505163e-14,-1.49807983065027e-14,5.7337113155611385e-15,1.045782734867906e-17,-9.735965982756788e-18,1.1813875876591901e-19,0.034127142,0.034127142,0.00853178550000015,0.00853178550000001,0.00853178549999984,0.0085317855,533.284961348063,533.2849613480586,533.2849613480532,533.2849613480583,2.388700407682863,1.0199706000001014,3.1031264400864836e-13,3.1202748346259873e-13,1.678412176008562
8.85,attitude_only,-4.608225093864664e-14,4.5651961834210133e-14,-3.624629999165879e-16,1.0,0.0,0.0,0.0,1.0,-9.216450187729332e-14,9.130392366842023e-14,-7.249259998373833e-16,0.0,0.0,0.0,1.7237036810223392e-14,-1.7417624726236736e-14,5.845930504014775e-15,7.348775100914958e-18,-6.6375980318135865e-18,1.1813875876591901e-19,0.034127142,0.034127142,0.008531785500000102,0.00853178550000001,0.008531785499999887,0.0085317855,533.2849613480614,533.2849613480586,533.2849613480547,533.2849613480583,2.300957766165371,1.0199706000001014,3.152339587323239e-13,3.1696905148110033e-13,1.6979120480095156
8.86,attitude_only,-4.5989786298570646e-14,4.555869897561156e-14,-3.3182041875494503e-16,1.0,0.0,0.0,0.0,1.0,-9.197957259714132e-14,9.11173979512231e-14,-6.636408375140805e-16,0.0,0.0,0.0,1.9473497079193803e-14,-1.9615405197375822e-14,6.3208887536611534e-15,4.47028780735853e-18,-3.8041074144729285e-18,1.1813875876591901e-19,0.034127142,0.034127142,0.008531785500000059,0.00853178550000001,0.008531785499999932,0.0085317855,533.28496134806,533.2849613480586,533.2849613480562,533.2849613480583,2.2131281564178424,1.0199706000001014,3.201641668299447e-13,3.2191959687304244e-13,1.7165301451837924
8.870000000000001,attitude_only,-4.588699744047048e-14,4.545525212160095e-14,-2.992447820941837e-16,1.0,0.0,0.0,0.0,1.0,-9.177399488094099e-14,9.091050424320188e-14,-5.98489564192539e-16,0.0,0.0,0.0,2.1395887056643376e-14,-2.1528928239158063e-14,6.668008323631875e-15,1.9494609638525776e-18,-1.2925904819426268e-18,1.1813875876591901e-19,0.034127142,0.034127142,0.00853178550000002,0.00853178550000001,0.00853178549999997,0.0085317855,533.2849613480589,533.2849613480586,533.2849613480573,533.2849613480583,2.1252282698947393,1.0199706000001014,3.2510325605082735e-13,3.2687910680723545e-13,1.7342664324218153
8.88,attitude_only,-4.577530294303104e-14,4.534295495853145e-14,-2.6502219479226365e-16,1.0,0.0,0.0,0.0,1.0,-9.155060588606211e-14,9.068590991706287e-14,-5.300443895886785e-16,0.0,0.0,0.0,2.308191696437013e-14,-2.3200926631466714e-14,7.0222338994021734e-15,-3.0459409506322465e-19,9.458168551424174e-19,1.1813875876591901e-19,0.034127142,0.034127142,0.008531785499999986,0.00853178550000001,0.008531785500000005,0.0085317855,533.2849613480579,533.2849613480586,533.2849613480585,533.2849613480583,2.0372716151716976,1.0199706000001014,3.3005121474563313e-13,3.318475700631129e-13,1.7511208823846103
8.89,attitude_only,-4.5655816065295034e-14,4.522285365735782e-14,-2.302309359138665e-16,1.0,0.0,0.0,0.0,1.0,-9.131163213059009e-14,9.044570731471561e-14,-4.604618718318624e-16,0.0,0.0,0.0,2.4520376709785675e-14,-2.4647883425888004e-14,6.8610230566481535e-15,-2.2759495566597266e-18,2.928643842706838e-18,1.1813875876591901e-19,0.034127142,0.034127142,0.008531785499999955,0.00853178550000001,0.008531785500000034,0.0085317855,533.2849613480569,533.2849613480586,533.2849613480594,533.2849613480583,1.9492691201097019,1.0199706000001014,3.3500802814308163e-13,3.368249725984073e-13,1.7670934737832271
8.9,attitude_only,-4.5529966869991364e-14,4.509640413976461e-14,-1.9572745946883322e-16,1.0,0.0,0.0,0.0,1.0,-9.105993373998274e-14,9.01928082795292e-14,-3.914549189417729e-16,0.0,0.0,0.0,2.5656864455340212e-14,-2.575827759079232e-14,7.089664482376981e-15,-3.896303495878569e-18,4.51869961649994e-18,1.1813875876591901e-19,0.034127142,0.034127142,0.00853178549999993,0.00853178550000001,0.008531785500000059,0.0085317855,533.2849613480561,533.2849613480586,533.28496134806,533.2849613480583,1.861229621211825,1.0199706000001014,3.399736799783931e-13,3.41811298822074e-13,1.78218419003943
8.91,attitude_only,-4.539955343420458e-14,4.496550075342012e-14,-1.5894598611677577e-16,1.0,0.0,0.0,0.0,1.0,-9.079910686840917e-14,8.993100150684023e-14,-3.178919722376344e-16,0.0,0.0,0.0,2.6390244339694523e-14,-2.6479445596897776e-14,7.485480662275196e-15,-5.040261800500682e-18,5.648895679795457e-18,1.1813875876591901e-19,0.034127142,0.034127142,0.008531785499999913,0.00853178550000001,0.008531785500000078,0.0085317855,533.2849613480556,533.2849613480586,533.2849613480607,533.2849613480583,1.7731602610419974,1.0199706000001014,3.449481565613121e-13,3.468065341123705e-13,1.7963930182430565
8.92,attitude_only,-4.5266491489822896e-14,4.483196128561726e-14,-1.20403955465575e-16,1.0,0.0,0.0,0.0,1.0,-9.05329829796458e-14,8.966392257123451e-14,-2.408079109352088e-16,0.0,0.0,0.0,2.676326139689515e-14,-2.6856834934561303e-14,7.67684881783672e-15,-5.7555148831103785e-18,6.370331234337297e-18,1.1813875876591901e-19,0.034127142,0.034127142,0.008531785499999901,0.00853178550000001,0.008531785500000088,0.0085317855,533.2849613480552,533.2849613480586,533.2849613480611,533.2849613480583,1.6850668107775228,1.0199706000001014,3.4993144537225686e-13,3.5181066613747714e-13,1.8097199483402548
8.93,attitude_only,-4.5132099268970854e-14,4.4697140228271486e-14,-8.029819612769444e-17,1.0,0.0,0.0,0.0,1.0,-9.026419853794172e-14,8.939428045654296e-14,-1.6059639225942343e-16,0.0,0.0,0.0,2.6935701679466106e-14,-2.7009222738829764e-14,8.085607198108618e-15,-6.231800238990182e-18,6.8232888268477404e-18,1.1813875876591901e-19,0.034127142,0.034127142,0.008531785499999894,0.008531785500000008,0.008531785500000095,0.0085317855,533.2849613480549,533.2849613480586,533.2849613480613,533.2849613480583,1.596953931845721,1.0199706000001014,3.5492353144168147e-13,3.56823680695596e-13,1.8221649725014397
8.94,attitude_only,-4.4997462383372794e-14,4.4562185485711264e-14,-3.788797924610051e-17,1.0,0.0,0.0,0.0,1.0,-8.999492476674559e-14,8.912437097142253e-14,-7.577595849621139e-17,0.0,0.0,0.0,2.6904721849679572e-14,-2.6965333410149757e-14,8.87309291061088e-15,-6.4636716617431325e-18,7.040274966533226e-18,1.1813875876591901e-19,0.034127142,0.034127142,0.00853178549999989,0.008531785500000008,0.008531785500000099,0.0085317855,533.2849613480548,533.2849613480586,533.2849613480613,533.2849613480583,1.5088253880306175,1.0199706000001014,3.599243961027667e-13,3.618455585537425e-13,1.8337280846291415
8.95,attitude_only,-4.48634301052135e-14,4.4427835183030256e-14,7.656240267043711e-18,1.0,0.0,0.0,0.0,1.0,-8.9726860210427e-14,8.885567036606051e-14,1.5312480530101053e-17,0.0,0.0,0.0,2.672734809173503e-14,-2.6783608597635766e-14,9.127143976072857e-15,-6.518096633127031e-18,7.090041277492792e-18,1.1813875876591901e-19,0.034127142,0.034127142,0.00853178549999989,0.008531785500000008,0.008531785500000099,0.0085317855,533.2849613480548,533.2849613480586,533.2849613480613,533.2849613480583,1.420684217337251,1.0199706000001014,3.649340197816822e-13,3.668762802509862e-13,1.844409279974779
8.96,attitude_only,-4.473054124392675e-14,4.429463227137451e-14,5.442796241341962e-17,1.0,0.0,0.0,0.0,1.0,-8.94610824878535e-14,8.858926454274902e-14,1.088559248228766e-16,0.0,0.0,0.0,2.6432233161898355e-14,-2.6500365336689348e-14,9.729977251337316e-15,-6.42828104894204e-18,7.015153017724024e-18,1.1813875876591901e-19,0.034127142,0.034127142,0.008531785499999892,0.008531785500000008,0.008531785500000099,0.0085317855,533.2849613480549,533.2849613480586,533.2849613480613,533.2849613480583,1.3325328711789042,1.0199706000001014,3.699523800030821e-13,3.719158238469076e-13,1.854208554840234
8.97,attitude_only,-4.459951128792299e-14,4.416327633891296e-14,1.045375646827596e-16,1.0,0.0,0.0,0.0,1.0,-8.919902257584597e-14,8.832655267782593e-14,2.0907512936157988e-16,0.0,0.0,0.0,2.6002713660469656e-14,-2.6076535946139928e-14,1.0297819480059176e-14,-6.1728847838322935e-18,6.767323108526111e-18,1.1813875876591901e-19,0.034127142,0.034127142,0.008531785499999896,0.008531785500000008,0.008531785500000093,0.0085317855,533.284961348055,533.2849613480586,533.2849613480612,533.2849613480583,1.2443733270476003,1.0199706000001014,3.74979454073442e-13,3.7696416691123003e-13,1.8631259063454577
8.98,attitude_only,-4.447087230949959e-14,4.4034189452723777e-14,1.5626514295841463e-16,1.0,0.0,0.0,0.0,1.0,-8.894174461899917e-14,8.806837890544757e-14,3.1253028591291275e-16,0.0,0.0,0.0,2.5499648602615445e-14,-2.55872037859299e-14,1.0365189653294033e-14,-5.824203200433388e-18,6.435996554133365e-18,1.1813875876591901e-19,0.034127142,0.034127142,0.008531785499999901,0.00853178550000001,0.008531785500000088,0.0085317855,533.2849613480552,533.2849613480586,533.2849613480611,533.2849613480583,1.156207179678837,1.0199706000001014,3.8001522052750824e-13,3.8202128817438813e-13,1.8711613322474954
8.99,attitude_only,-4.434499258359592e-14,4.390779107970681e-14,2.0894327641461777e-16,1.0,0.0,0.0,0.0,1.0,-8.868998516719183e-14,8.781558215941363e-14,4.1788655282534138e-16,0.0,0.0,0.0,2.4902290354775006e-14,-2.5034151850218464e-14,1.0629139298846346e-14,-5.35639620657261e-18,6.022675749781829e-18,1.1813875876591901e-19,0.034127142,0.034127142,0.008531785499999908,0.00853178550000001,0.008531785500000083,0.0085317855,533.2849613480554,533.2849613480586,533.2849613480608,533.2849613480583,1.0680357147841804,1.0199706000001014,3.850596563445706e-13,3.870871649053934e-13,1.8783148307995507
9.0,attitude_only,-4.422211929451536e-14,4.3784322569449886e-14,2.6264866941163503e-16,1.0,0.0,0.0,0.0,1.0,-8.84442385890307e-14,8.75686451388998e-14,5.252973388193975e-16,0.0,0.0,0.0,2.4300149234364374e-14,-2.4406159596319232e-14,1.0949395194941772e-14,-4.876828354423486e-18,5.513146641065933e-18,1.1813875876591901e-19,0.034127142,0.034127142,0.008531785499999915,0.00853178550000001,0.008531785500000074,0.0085317855,533.2849613480556,533.2849613480586,533.2849613480606,533.2849613480583,0.9798599686608755,1.0199706000001014,3.901127383947851e-13,3.921617746974208e-13,1.8845864006412283
9.01,attitude_only,-4.4102369081513905e-14,4.366410884941585e-14,3.18031948662402e-16,1.0,0.0,0.0,0.0,1.0,-8.820473816302778e-14,8.732821769883172e-14,6.3606389732095255e-16,0.0,0.0,0.0,2.3650081672503676e-14,-2.3740202900073537e-14,1.119938736894412e-14,-4.333248096915681e-18,4.9514006345718344e-18,1.1813875876591901e-19,0.034127142,0.034127142,0.008531785499999923,0.00853178550000001,0.008531785500000066,0.0085317855,533.2849613480558,533.2849613480586,533.2849613480603,533.2849613480583,0.8916807763652687,1.0199706000001014,3.951744443012791e-13,3.9724509370855276e-13,1.8899760407130566
9.02,attitude_only,-4.398594324101681e-14,4.3547278824730555e-14,3.7505772896075823e-16,1.0,0.0,0.0,0.0,1.0,-8.797188648203359e-14,8.709455764946115e-14,7.501154579176856e-16,0.0,0.0,0.0,2.2979532477945727e-14,-2.3046131381679894e-14,1.1520150741805718e-14,-3.758384388225592e-18,4.348976126316254e-18,1.1813875876591901e-19,0.034127142,0.034127142,0.008531785499999932,0.008531785500000008,0.008531785500000057,0.0085317855,533.2849613480562,533.2849613480586,533.28496134806,533.2849613480583,0.8034988106295539,1.0199706000001014,4.0024475160105597e-13,4.023370993786529e-13,1.8944837501899234
9.03,attitude_only,-4.387300550434056e-14,4.3434038551488433e-14,4.337923407775596e-16,1.0,0.0,0.0,0.0,1.0,-8.774601100868108e-14,8.68680771029769e-14,8.67584681551308e-16,0.0,0.0,0.0,2.2274256890035024e-14,-2.232693881179211e-14,1.191396907241677e-14,-3.1347962516330934e-18,3.709214430568831e-18,1.1813875876591901e-19,0.034127142,0.034127142,0.008531785499999943,0.008531785500000008,0.008531785500000047,0.0085317855,533.2849613480565,533.2849613480586,533.2849613480598,533.2849613480583,0.7153146132898199,1.0199706000001014,4.0532363796822897e-13,4.074377694241535e-13,1.8981095284292322
9.04,attitude_only,-4.376353203548934e-14,4.332437916457174e-14,4.940819499538508e-16,1.0,0.0,0.0,0.0,1.0,-8.752706407097864e-14,8.664875832914351e-14,9.881638999039096e-16,0.0,0.0,0.0,2.1575707847514355e-14,-2.1604196992259283e-14,1.2166753011482263e-14,-2.512294479083429e-18,3.0579662170520288e-18,1.1813875876591901e-19,0.034127142,0.034127142,0.008531785499999951,0.008531785500000008,0.008531785500000038,0.0085317855,533.2849613480568,533.2849613480586,533.2849613480595,533.2849613480583,0.6271286206578326,1.0199706000001014,4.104110817010407e-13,4.1254708230440045e-13,1.900853374930531
9.05,attitude_only,-4.36576548159326e-14,4.321836461276433e-14,5.557955307508434e-16,1.0,0.0,0.0,0.0,1.0,-8.731530963186515e-14,8.643672922552872e-14,1.1115910614979131e-15,0.0,0.0,0.0,2.0844124358683128e-14,-2.0868845489500085e-14,1.2487770281548188e-14,-1.842835536072823e-18,2.3842328686360233e-18,1.1813875876591901e-19,0.034127142,0.034127142,0.008531785499999962,0.008531785500000008,0.008531785500000028,0.0085317855,533.2849613480571,533.2849613480586,533.2849613480591,533.2849613480583,0.5389411839969847,1.0199706000001014,4.1550706075341877e-13,4.176650157858372e-13,1.9027152893040669
9.06,attitude_only,-4.355548271317358e-14,4.311609636776076e-14,6.191083614180898e-16,1.0,0.0,0.0,0.0,1.0,-8.711096542634711e-14,8.623219273552158e-14,1.2382167228324236e-15,0.0,0.0,0.0,2.010743165131951e-14,-2.0118933067846755e-14,1.2805742392280915e-14,-1.159878603749675e-18,1.6855272933304919e-18,1.1813875876591901e-19,0.034127142,0.034127142,0.008531785499999974,0.008531785500000008,0.008531785500000017,0.008531785500000002,533.2849613480574,533.2849613480586,533.2849613480588,533.2849613480583,0.45075258604228213,1.0199706000001014,4.2061155455755964e-13,4.227915499982875e-13,1.9036952712463016
9.07,attitude_only,-4.3457057859837124e-14,4.301758971549583e-14,6.842340236655169e-16,1.0,0.0,0.0,0.0,1.0,-8.691411571967418e-14,8.603517943099173e-14,1.368468047327295e-15,0.0,0.0,0.0,1.9351645511726094e-14,-1.9359901607967026e-14,1.3200068350915678e-14,-4.464516913548307e-19,9.682885575544796e-19,1.1813875876591901e-19,0.034127142,0.034127142,0.008531785499999984,0.008531785500000008,0.008531785500000005,0.008531785500000002,533.2849613480578,533.2849613480586,533.2849613480585,533.2849613480583,0.36256305432457564,1.0199706000001014,4.2572454298939634e-13,4.279266648402429e-13,1.903793320520839
9.08,attitude_only,-4.334399875962141e-14,4.290440749234013e-14,7.647091135119983e-16,1.0,0.0,0.0,0.0,1.0,-8.668799751924276e-14,8.580881498468033e-14,1.5294182270202773e-15,0.0,0.0,0.0,1.8435199744250598e-14,-1.8457311670033906e-14,1.3591887085212963e-14,4.689312321732654e-19,6.975374873507238e-20,1.1813875876591901e-19,0.034127142,0.034127142,0.008531785499999998,0.008531785500000008,0.008531785499999991,0.0085317855,533.2849613480582,533.2849613480586,533.284961348058,533.2849613480583,0.2743727719143669,1.0199706000001014,4.3084600649264114e-13,4.3307034084021997e-13,1.9030094369435744
9.09,attitude_only,-4.327155855144921e-14,4.2831918399504426e-14,8.184163659503998e-16,1.0,0.0,0.0,0.0,1.0,-8.654311710289834e-14,8.566383679900893e-14,1.6368327318970927e-15,0.0,0.0,0.0,1.7871763012957986e-14,-1.7885351479516536e-14,1.3330972303323403e-14,9.663376795948226e-19,-4.377449650906061e-19,1.1813875876591901e-19,0.034127142,0.034127142,0.008531785500000005,0.008531785500000008,0.008531785499999984,0.0085317855,533.2849613480585,533.2849613480586,533.2849613480578,533.2849613480583,0.18618188608254055,1.0199706000001014,4.359759263917737e-13,4.38222559502822e-13,1.9013436203711265
9.1,attitude_only,-4.318376130070092e-14,4.274401219497201e-14,8.855840583418185e-16,1.0,0.0,0.0,0.0,1.0,-8.636752260140176e-14,8.548802438994409e-14,1.7711681166799453e-15,0.0,0.0,0.0,1.7365604001776728e-14,-1.7383540090188247e-14,1.3523359375376032e-14,1.4000724529945654e-18,-8.660832313826774e-19,1.1813875876591901e-19,0.034127142,0.034127142,0.008531785500000012,0.008531785500000008,0.008531785499999977,0.0085317855,533.2849613480587,533.2849613480586,533.2849613480575,533.2849613480583,0.09799051528011032,1.0199706000001014,4.4111428253043487e-13,4.4338330039781714e-13,1.8987958706918304
9.11,attitude_only,-4.309774066115386e-14,4.26578624775393e-14,9.543929891414631e-16,1.0,0.0,0.0,0.0,1.0,-8.619548132230764e-14,8.531572495507869e-14,1.9087859782792494e-15,0.0,0.0,0.0,1.7101041841797918e-14,-1.7144475034472432e-14,1.400517463437453e-14,1.5465366265511635e-18,-9.815165478969373e-19,1.1813875876591901e-19,0.034127142,0.034127142,0.008531785500000014,0.008531785500000008,0.008531785499999976,0.0085317855,533.2849613480587,533.2849613480586,533.2849613480575,533.2849613480583,0.00979875476190531,1.0199706000001014,4.4626105027825036e-13,4.485525395357431e-13,1.8953661878187213
9.12,attitude_only,-4.301242207432974e-14,4.2572352994585317e-14,1.024735763485163e-15,1.0,0.0,0.0,0.0,1.0,-8.602484414865939e-14,8.514470598917072e-14,2.0494715269666636e-15,0.0,0.0,0.0,1.705575801061614e-14,-1.7085791529109684e-14,1.414049420953728e-14,1.4303196438631425e-18,-8.810788390411384e-19,1.1813875876591901e-19,0.034127142,0.034127142,0.008531785500000012,0.008531785500000008,0.008531785499999977,0.0085317855,533.2849613480587,533.2849613480586,533.2849613480575,533.2849613480583,-0.07839331888350265,1.0199706000001014,4.514162035612348e-13,4.537302508126053e-13,1.89105457168407
9.13,attitude_only,-4.2926809802727666e-14,4.2486620339174665e-14,1.0962909783242708e-15,1.0,0.0,0.0,0.0,1.0,-8.585361960545524e-14,8.497324067834942e-14,2.192581956644894e-15,0.0,0.0,0.0,1.7175525449657295e-14,-1.7202163676177594e-14,1.441329548531354e-14,1.1148434625171531e-18,-5.69410625797841e-19,1.1813875876591901e-19,0.034127142,0.034127142,0.008531785500000008,0.008531785500000008,0.008531785499999982,0.0085317855,533.2849613480586,533.2849613480586,533.2849613480578,533.2849613480583,-0.16658564408558912,1.0199706000001014,4.565797188521905e-13,4.589164103146518e-13,1.8858610222351309
9.14,attitude_only,-4.2840263583094313e-14,4.239997187280751e-14,1.1700308060844586e-15,1.0,0.0,0.0,0.0,1.0,-8.568052716618853e-14,8.479994374561511e-14,2.3400616121652845e-15,0.0,0.0,0.0,1.7437991691606925e-14,-1.7455998095949606e-14,1.4914143401373153e-14,6.25504055261532e-19,-9.024934111193766e-20,1.1813875876591901e-19,0.034127142,0.034127142,0.0085317855,0.008531785500000008,0.00853178549999999,0.0085317855,533.2849613480583,533.2849613480586,533.284961348058,533.2849613480583,-0.254778171354619,1.0199706000001014,4.617515736666701e-13,4.641109954869848e-13,1.8797855394308236
9.15,attitude_only,-4.275227475565159e-14,4.231185262422605e-14,1.244614673361617e-15,1.0,0.0,0.0,0.0,1.0,-8.550454951130308e-14,8.46237052484522e-14,2.4892293467196163e-15,0.0,0.0,0.0,1.7735166129119382e-14,-1.775459510666576e-14,1.469281654021897e-14,9.154306895539065e-20,4.456130228141023e-19,1.1813875876591901e-19,0.034127142,0.034127142,0.008531785499999993,0.008531785500000008,0.008531785499999998,0.0085317855,533.2849613480581,533.2849613480586,533.2849613480582,533.2849613480583,-0.3429708609170517,1.0199706000001014,4.669317463278952e-13,4.693139846441448e-13,1.872828123239156
9.16,attitude_only,-4.266308515806314e-14,4.222249470817882e-14,1.316923966641558e-15,1.0,0.0,0.0,0.0,1.0,-8.532617031612617e-14,8.444498941635775e-14,2.6338479332795133e-15,0.0,0.0,0.0,1.7924858873612066e-14,-1.796234629367676e-14,1.4324841862129825e-14,-3.1533681317194464e-19,8.745379101640635e-19,1.1813875876591901e-19,0.034127142,0.034127142,0.008531785499999986,0.008531785500000008,0.008531785500000003,0.0085317855,533.2849613480579,533.2849613480586,533.2849613480585,533.2849613480583,-0.43116368081251477,1.0199706000001014,4.721202179511571e-13,4.745253593356202e-13,1.8649887736352124
9.17,attitude_only,-4.2572954431545525e-14,4.213215856348051e-14,1.3881248746412963e-15,1.0,0.0,0.0,0.0,1.0,-8.514590886309094e-14,8.426431712696113e-14,2.7762497492790053e-15,0.0,0.0,0.0,1.8090323245125514e-14,-1.8130368742999673e-14,1.4266058894159086e-14,-6.947972914393307e-19,1.2574685367815507e-18,1.1813875876591901e-19,0.034127142,0.034127142,0.00853178549999998,0.008531785500000008,0.00853178550000001,0.0085317855,533.2849613480577,533.2849613480586,533.2849613480586,533.2849613480583,-0.5193566053624652,1.0199706000001014,4.773169738485418e-13,4.797451051508656e-13,1.8562674905995884
9.18,attitude_only,-4.248218096562206e-14,4.204119794060079e-14,1.4602911540408194e-15,1.0,0.0,0.0,0.0,1.0,-8.496436193124399e-14,8.40823958812017e-14,2.920582308078067e-15,0.0,0.0,0.0,1.8180699866725987e-14,-1.8216416082344395e-14,1.4777250430716055e-14,-9.850562360271576e-19,1.5428895048186577e-18,1.1813875876591901e-19,0.034127142,0.034127142,0.008531785499999976,0.008531785500000008,0.008531785500000014,0.0085317855,533.2849613480575,533.2849613480586,533.2849613480587,533.2849613480583,-0.6075496139383101,1.0199706000001014,4.825219978258209e-13,4.849732054084615e-13,1.8466642741171717
9.19,attitude_only,-4.239149561237659e-14,4.1950332921544006e-14,1.5356210959528954e-15,1.0,0.0,0.0,0.0,1.0,-8.478299122475305e-14,8.390066584308814e-14,3.071242191902234e-15,0.0,0.0,0.0,1.8068232404011205e-14,-1.811883581680841e-14,1.5411489303773517e-14,-1.0307776048095268e-18,1.6069815443435568e-18,1.1813875876591901e-19,0.034127142,0.034127142,0.008531785499999974,0.008531785500000008,0.008531785500000015,0.0085317855,533.2849613480574,533.2849613480586,533.2849613480588,533.2849613480583,-0.695742689970229,1.0199706000001014,4.877352753689102e-13,4.902096456996437e-13,1.836179124176193
9.2,attitude_only,-4.230186595584354e-14,4.18603658084671e-14,1.6136475478584929e-15,1.0,0.0,0.0,0.0,1.0,-8.460373191168694e-14,8.372073161693433e-14,3.227295095713444e-15,0.0,0.0,0.0,1.7805062835341493e-14,-1.7869918648292237e-14,1.5722579198059214e-14,-8.930247507592875e-19,1.4869801286070678e-18,1.1813875876591901e-19,0.034127142,0.034127142,0.008531785499999977,0.008531785500000008,0.008531785500000014,0.0085317855,533.2849613480575,533.2849613480586,533.2849613480587,533.2849613480583,-0.7839358201503184,1.0199706000001014,4.929567944145047e-13,4.954544143319564e-13,1.8248120407674864
9.21,attitude_only,-4.221370697517732e-14,4.1771830172597e-14,1.6931612311398293e-15,1.0,0.0,0.0,0.0,1.0,-8.44274139503545e-14,8.354366034519414e-14,3.386322462276132e-15,0.0,0.0,0.0,1.7480757522099504e-14,-1.7548516072218525e-14,1.5975586524932543e-14,-6.786659500899235e-19,1.2767821980408266e-18,1.1813875876591901e-19,0.034127142,0.034127142,0.008531785499999979,0.008531785500000008,0.00853178550000001,0.0085317855,533.2849613480577,533.2849613480586,533.2849613480586,533.2849613480583,-0.8721289937917365,1.0199706000001014,4.981865424043586e-13,5.007074993166029e-13,1.8125630238839125
9.22,attitude_only,-4.212738462430539e-14,4.168526251559395e-14,1.7743895732555299e-15,1.0,0.0,0.0,0.0,1.0,-8.425476924861063e-14,8.337052503118805e-14,3.5487791465075477e-15,0.0,0.0,0.0,1.7066314901369536e-14,-1.712337200584827e-14,1.6376733832484402e-14,-3.5199795422765286e-19,9.378430384549973e-19,1.1813875876591901e-19,0.034127142,0.034127142,0.008531785499999984,0.008531785500000008,0.008531785500000005,0.0085317855,533.2849613480578,533.2849613480586,533.2849613480585,533.2849613480583,-0.9603222023133953,1.0199706000001014,5.034245049342237e-13,5.059688853746485e-13,1.7994320735199125
9.23,attitude_only,-4.204346838694339e-14,4.160117624305473e-14,1.8574798412203394e-15,1.0,0.0,0.0,0.0,1.0,-8.408693677388663e-14,8.320235248610961e-14,3.714959682437181e-15,0.0,0.0,0.0,1.653590571146623e-14,-1.6556837277715912e-14,1.6793107257472142e-14,1.1913401654165203e-19,4.235697374733252e-19,1.1813875876591901e-19,0.034127142,0.034127142,0.008531785499999993,0.008531785500000008,0.008531785499999998,0.0085317855,533.2849613480581,533.2849613480586,533.2849613480582,533.2849613480583,-1.0485154388258309,1.0199706000001014,5.086706683601359e-13,5.112385581678638e-13,1.785419189671157
9.24,attitude_only,-4.196215548779627e-14,4.151982803027178e-14,1.9412966690854905e-15,1.0,0.0,0.0,0.0,1.0,-8.392431097559238e-14,8.303965606054373e-14,3.882593338167497e-15,0.0,0.0,0.0,1.6045213582671972e-14,-1.6033232226375767e-14,1.6626563976555314e-14,5.475124352680482e-19,-4.4424001871095024e-20,1.1813875876591901e-19,0.034127142,0.034127142,0.0085317855,0.008531785500000008,0.008531785499999991,0.008531785500000002,533.2849613480583,533.2849613480586,533.284961348058,533.2849613480583,-1.1367086977983405,1.0199706000001014,5.139250198779152e-13,5.16516504956879e-13,1.7705243723342736
9.25,attitude_only,-4.18831052986923e-14,4.1440844471591296e-14,2.023430818029581e-15,1.0,0.0,0.0,0.0,1.0,-8.376621059738444e-14,8.288168894318276e-14,4.046861636055691e-15,0.0,0.0,0.0,1.5634369647298233e-14,-1.5624242830154505e-14,1.6253767700077072e-14,8.841814612435527e-19,-3.789688490350713e-19,1.1813875876591901e-19,0.034127142,0.034127142,0.008531785500000005,0.008531785500000008,0.008531785499999986,0.008531785500000002,533.2849613480585,533.2849613480586,533.2849613480579,533.2849613480583,-1.2249019747913712,1.0199706000001014,5.191875426310216e-13,5.218027088665257e-13,1.7547476215066362
9.26,attitude_only,-4.180570416951717e-14,4.1363385835546725e-14,2.1039265453050254e-15,1.0,0.0,0.0,0.0,1.0,-8.361140833903416e-14,8.272677167109363e-14,4.207853090606592e-15,0.0,0.0,0.0,1.5372110168985467e-14,-1.5387698373617613e-14,1.6036694008638496e-14,1.0451717335290226e-18,-5.089452131431693e-19,1.1813875876591901e-19,0.034127142,0.034127142,0.008531785500000007,0.008531785500000008,0.008531785499999982,0.0085317855,533.2849613480586,533.2849613480586,533.2849613480578,533.2849613480583,-1.3501145647317374,1.0199706000001014,5.244582169495745e-13,5.270971509897046e-13,1.7380889371862
9.27,attitude_only,-4.172942251453723e-14,4.128699688339632e-14,2.1857013883089593e-15,1.0,0.0,0.0,0.0,1.0,-8.345884502907429e-14,8.257399376679282e-14,4.371402776614473e-15,0.0,0.0,0.0,1.518773616198571e-14,-1.5218005716003753e-14,1.6613581171563114e-14,1.1145431803088743e-18,-5.60396345119766e-19,1.1813875876591901e-19,0.034127142,0.034127142,0.008531785500000008,0.008531785500000008,0.008531785499999982,0.0085317855,533.2849613480586,533.2849613480586,533.2849613480578,533.2849613480583,-1.399011975691338,1.0199706000001014,5.297370218907304e-13,5.323998113198586e-13,1.7205483193713713
9.28,attitude_only,-4.1653418513586196e-14,4.1210854921003557e-14,2.270662971550888e-15,1.0,0.0,0.0,0.0,1.0,-8.33068370271722e-14,8.24217098420073e-14,4.541325943098343e-15,0.0,0.0,0.0,1.5234434445688396e-14,-1.5258927465949286e-14,1.7315038282040795e-14,9.061608954087733e-19,-3.58700970525638e-19,1.1813875876591901e-19,0.034127142,0.034127142,0.008531785500000005,0.008531785500000008,0.008531785499999986,0.0085317855,533.2849613480585,533.2849613480586,533.2849613480579,533.2849613480583,-1.4876606067623026,1.0199706000001014,5.350239395361491e-13,5.377106713943696e-13,1.70212576806091
9.29,attitude_only,-4.157683379660683e-14,4.1134252525223536e-14,2.357775056185526e-15,1.0,0.0,0.0,0.0,1.0,-8.315366759321347e-14,8.226850505044727e-14,4.715550112367632e-15,0.0,0.0,0.0,1.5390899780522958e-14,-1.5376334814317188e-14,1.7261107370940778e-14,5.644934958020702e-19,-6.404880434098803e-20,1.1813875876591901e-19,0.034127142,0.034127142,0.0085317855,0.008531785500000008,0.00853178549999999,0.008531785500000002,533.2849613480583,533.2849613480586,533.284961348058,533.2849613480583,-1.5762181815510512,1.0199706000001014,5.403189479471464e-13,5.430297089797195e-13,1.68282128325385
9.3,attitude_only,-4.1499571026028145e-14,4.1057119762452043e-14,2.442985109367795e-15,1.0,0.0,0.0,0.0,1.0,-8.299914205205609e-14,8.211423952490429e-14,4.885970218732182e-15,0.0,0.0,0.0,1.550488340580113e-14,-1.5466187111093635e-14,1.6997624471846276e-14,2.7266431141023093e-19,1.984358229017111e-19,1.1813875876591901e-19,0.034127142,0.034127142,0.008531785499999995,0.008531785500000008,0.008531785499999995,0.008531785500000002,533.2849613480581,533.2849613480586,533.2849613480581,533.2849613480583,-1.6647029113290637,1.0199706000001014,5.456220293231496e-13,5.483569050590789e-13,1.6626348649494394
9.31,attitude_only,-4.1421844763092534e-14,4.097958302946664e-14,2.5269253804274627e-15,1.0,0.0,0.0,0.0,1.0,-8.284368952618487e-14,8.19591660589335e-14,5.05385076085153e-15,0.0,0.0,0.0,1.5579013185630882e-14,-1.5529669824422333e-14,1.6760503058598425e-14,2.791844375822405e-20,4.2991177714036767e-19,1.1813875876591901e-19,0.034127142,0.034127142,0.008531785499999991,0.008531785500000008,0.008531785499999998,0.008531785500000002,533.284961348058,533.2849613480586,533.2849613480582,533.2849613480583,-1.7531293651102025,1.0199706000001014,5.5093316916961e-13,5.536922457277077e-13,1.6415665131470922
9.32,attitude_only,-4.1343818046358273e-14,4.090179444091715e-14,2.6096708630718132e-15,1.0,0.0,0.0,0.0,1.0,-8.268763609271633e-14,8.180358888183451e-14,5.219341726140245e-15,0.0,0.0,0.0,1.5632979509539003e-14,-1.558282118935787e-14,1.655456473532968e-14,-1.9317094002691147e-19,6.495216269565907e-19,1.1813875876591901e-19,0.034127142,0.034127142,0.008531785499999988,0.008531785500000008,0.008531785500000002,0.008531785500000002,533.2849613480579,533.2849613480586,533.2849613480583,533.2849613480583,-1.8415091981029903,1.0199706000001014,5.562523533425414e-13,5.590357171204e-13,1.6196162278463513
9.33,attitude_only,-4.1265543598558005e-14,4.082383500546011e-14,2.6926630697333174e-15,1.0,0.0,0.0,0.0,1.0,-8.25310871971158e-14,8.164767001092045e-14,5.3853261394632655e-15,0.0,0.0,0.0,1.567578236165834e-14,-1.5619288888772543e-14,1.6633486780771154e-14,-4.01292186186697e-19,8.494757551419178e-19,1.1813875876591901e-19,0.034127142,0.034127142,0.008531785499999986,0.008531785500000008,0.008531785500000005,0.008531785500000002,533.2849613480579,533.2849613480586,533.2849613480585,533.2849613480583,-1.9298517344721853,1.0199706000001014,5.615795671776525e-13,5.643873044836085e-13,1.5967840090468621
9.34,attitude_only,-4.1187019026164174e-14,4.074557954737043e-14,2.7749862610650794e-15,1.0,0.0,0.0,0.0,1.0,-8.237403805232812e-14,8.149115909474109e-14,5.549972522126802e-15,0.0,0.0,0.0,1.5719077802455847e-14,-1.5662654088517405e-14,1.6473450128396205e-14,-6.104374931682554e-19,1.0581405357209238e-18,1.1813875876591901e-19,0.034127142,0.034127142,0.008531785499999982,0.008531785500000008,0.008531785500000008,0.008531785500000002,533.2849613480578,533.2849613480586,533.2849613480586,533.2849613480583,-2.018164433547977,1.0199706000001014,5.669147956375653e-13,5.697469930071097e-13,1.573069856748347
9.35,attitude_only,-4.1108337409413216e-14,4.0667149175599283e-14,2.8588197462789063e-15,1.0,0.0,0.0,0.0,1.0,-8.22166748188262e-14,8.133429835119881e-14,5.717639492554469e-15,0.0,0.0,0.0,1.572436064070354e-14,-1.56775042575249e-14,1.7120570299200324e-14,-7.740205054725183e-19,1.2327357811051617e-18,1.1813875876591901e-19,0.034127142,0.034127142,0.008531785499999979,0.008531785500000008,0.00853178550000001,0.008531785500000002,533.2849613480577,533.2849613480586,533.2849613480586,533.2849613480583,-2.106453262793518,1.0199706000001014,5.722580232064082e-13,5.751147672829337e-13,1.5484737709505907
9.36,attitude_only,-4.1030224423836285e-14,4.058932278627236e-14,2.9466230103854406e-15,1.0,0.0,0.0,0.0,1.0,-8.206044884767233e-14,8.117864557254496e-14,5.893246020767551e-15,0.0,0.0,0.0,1.5529759995739536e-14,-1.5468965443290316e-14,1.7840775836857395e-14,-6.957973314731082e-19,1.1371788584565612e-18,1.1813875876591901e-19,0.034127142,0.034127142,0.00853178549999998,0.008531785500000008,0.008531785500000008,0.008531785500000002,533.2849613480577,533.2849613480586,533.2849613480586,533.2849613480583,-2.1947229961781316,1.0199706000001014,5.776092360619648e-13,5.804906138107738e-13,1.5229957516534254
9.37,attitude_only,-4.095345257005558e-14,4.051285098294971e-14,3.037702691492134e-15,1.0,0.0,0.0,0.0,1.0,-8.190690514011091e-14,8.102570196589968e-14,6.07540538298095e-15,0.0,0.0,0.0,1.5184807197374394e-14,-1.512507980484185e-14,1.8405005020283956e-14,-4.337020454086765e-19,8.757668903668157e-19,1.1813875876591901e-19,0.034127142,0.034127142,0.008531785499999984,0.008531785500000008,0.008531785500000005,0.008531785500000002,533.2849613480578,533.2849613480586,533.2849613480585,533.2849613480583,-2.2829774528766054,1.0199706000001014,5.829684257456734e-13,5.858745231218374e-13,1.496635798856721
9.38,attitude_only,-4.0878772627482777e-14,4.0438361422097156e-14,3.13073424928134e-15,1.0,0.0,0.0,0.0,1.0,-8.17575452549653e-14,8.087672284419456e-14,6.261468498559374e-15,0.0,0.0,0.0,1.471537728285189e-14,-1.4695515896029464e-14,1.877443124838609e-14,-1.7539920810210957e-20,5.072453587522717e-19,1.1813875876591901e-19,0.034127142,0.034127142,0.008531785499999991,0.008531785500000008,0.008531785499999998,0.008531785500000002,533.284961348058,533.2849613480586,533.2849613480582,533.2849613480583,-2.3712196882282193,1.0199706000001014,5.883355816737468e-13,5.912664853032494e-13,1.4693939125603748
9.39,attitude_only,-4.080634680083996e-14,4.036610493213926e-14,3.224271715143854e-15,1.0,0.0,0.0,0.0,1.0,-8.161269360167966e-14,8.073220986427878e-14,6.448543430284413e-15,0.0,0.0,0.0,1.4319562475641356e-14,-1.427426390624219e-14,1.8493214996839376e-14,3.142422230860173e-19,1.444856100699636e-19,1.1813875876591901e-19,0.034127142,0.034127142,0.008531785499999996,0.008531785500000008,0.008531785499999993,0.008531785500000002,533.2849613480582,533.2849613480586,533.2849613480581,533.2849613480583,-2.459452146503926,1.0199706000001014,5.937106925336499e-13,5.966664898438037e-13,1.4412700927643078
9.4,attitude_only,-4.073565573510192e-14,4.0295537404957124e-14,3.3164571879959556e-15,1.0,0.0,0.0,0.0,1.0,-8.147131147020357e-14,8.059107480991451e-14,6.632914375988628e-15,0.0,0.0,0.0,1.4003674053270447e-14,-1.3980183757712932e-14,1.8373558009452325e-14,5.532715893984071e-19,-6.860873058802335e-20,1.1813875876591901e-19,0.034127142,0.034127142,0.0085317855,0.008531785500000008,0.00853178549999999,0.008531785500000002,533.2849613480583,533.2849613480586,533.284961348058,533.2849613480583,-2.6927055495993013,1.0199706000001014,5.990937435444185e-13,6.020745205589178e-13,1.4122643394684582
9.41,attitude_only,-4.06664094974682e-14,4.0226528109884856e-14,3.407944517953333e-15,1.0,0.0,0.0,0.0,1.0,-8.133281899493613e-14,8.045305621976999e-14,6.815889035903395e-15,0.0,0.0,0.0,1.3741854010274097e-14,-1.3681354479512379e-14,1.8216089495482986e-14,7.300371008912888e-19,-2.9039031963356577e-19,1.1813875876591901e-19,0.034127142,0.034127142,0.008531785500000003,0.008531785500000008,0.008531785499999988,0.008531785500000002,533.2849613480585,533.2849613480586,533.2849613480579,533.2849613480583,-2.652292552940831,1.0199706000001014,6.044847169148339e-13,6.074905603035204e-13,1.382376652672778
9.42,attitude_only,-4.0598345414473805e-14,4.015864622883114e-14,3.4987395924487448e-15,1.0,0.0,0.0,0.0,1.0,-8.119669082894733e-14,8.031729245766256e-14,6.997479184894229e-15,0.0,0.0,0.0,1.35167684396849e-14,-1.3494931206691524e-14,1.8173517268949713e-14,8.6497210120147815e-19,-3.7914893495167966e-19,1.1813875876591901e-19,0.034127142,0.034127142,0.008531785500000005,0.008531785500000008,0.008531785499999986,0.008531785500000002,533.2849613480585,533.2849613480586,533.2849613480579,533.2849613480583,-2.7372264482635345,1.0199706000001014,6.098835982514732e-13,6.129145935213272e-13,1.3516070323772298
9.43,attitude_only,-4.0531279606701205e-14,4.009174607569038e-14,3.5892451829098394e-15,1.0,0.0,0.0,0.0,1.0,-8.106255921340212e-14,8.018349215138105e-14,7.178490365816429e-15,0.0,0.0,0.0,1.3343099035891535e-14,-1.3296137647877584e-14,1.8044694158655833e-14,9.399443953946032e-19,-4.847398290496332e-19,1.1813875876591901e-19,0.034127142,0.034127142,0.008531785500000005,0.008531785500000008,0.008531785499999984,0.008531785500000002,533.2849613480585,533.2849613480586,533.2849613480578,533.2849613480583,-2.822812234519753,1.0199706000001014,6.152903710122582e-13,6.183466052157629e-13,1.3199554785817842
9.44,attitude_only,-4.0464776621634034e-14,4.0025481579957847e-14,3.68099300129244e-15,1.0,0.0,0.0,0.0,1.0,-8.092955324326778e-14,8.0050963159916e-14,7.36198600258164e-15,0.0,0.0,0.0,1.3284266029225517e-14,-1.3237404812347539e-14,1.8713384663462152e-14,8.77701343101573e-19,-4.228451835622151e-19,1.1813875876591901e-19,0.034127142,0.034127142,0.008531785500000005,0.008531785500000008,0.008531785499999984,0.008531785500000002,533.2849613480585,533.2849613480586,533.2849613480578,533.2849613480583,-2.9089195335231315,1.0199706000001014,6.207050213927083e-13,6.237865802615797e-13,1.2874219912864184
9.45,attitude_only,-4.039815841649738e-14,3.9959143034092174e-14,3.7761657776089444e-15,1.0,0.0,0.0,0.0,1.0,-8.079631683299446e-14,7.991828606818465e-14,7.552331555214661e-15,0.0,0.0,0.0,1.3388035220389201e-14,-1.3316770132394517e-14,1.9231174186753836e-14,6.192979615012633e-19,-1.9443909818189995e-19,1.1813875876591901e-19,0.034127142,0.034127142,0.008531785500000002,0.008531785500000008,0.00853178549999999,0.008531785500000002,533.2849613480583,533.2849613480586,533.284961348058,533.2849613480583,-2.995444042724593,1.0199706000001014,6.261275322692244e-13,6.292345017728906e-13,1.2540065704911147
9.46,attitude_only,-4.033062413386205e-14,3.989196261749613e-14,3.872788090519469e-15,1.0,0.0,0.0,0.0,1.0,-8.06612482677238e-14,7.978392523499257e-14,7.74557618103572e-15,0.0,0.0,0.0,1.3605366004501259e-14,-1.3533124938188888e-14,1.9268285311550504e-14,2.224473605217595e-19,2.0051791815325777e-19,1.1813875876591901e-19,0.034127142,0.034127142,0.008531785499999995,0.008531785500000008,0.008531785499999995,0.008531785500000002,533.2849613480581,533.2849613480586,533.2849613480581,533.2849613480583,-3.082302320084788,1.0199706000001014,6.315578857705918e-13,6.346903514301456e-13,1.2197092161958598
9.47,attitude_only,-4.026207686051647e-14,3.98237552104457e-14,3.969292685233307e-15,1.0,0.0,0.0,0.0,1.0,-8.052415372103262e-14,7.964751042089171e-14,7.938585370463406e-15,0.0,0.0,0.0,1.379131471054165e-14,-1.3734802389952408e-14,1.9286363788739128e-14,-1.386042338321232e-19,5.7987888416899925e-19,1.1813875876591901e-19,0.034127142,0.034127142,0.00853178549999999,0.008531785500000008,0.0085317855,0.008531785500000002,533.284961348058,533.2849613480586,533.2849613480583,533.2849613480583,-3.169427611972187,1.0199706000001014,6.369960642024368e-13,6.401541118656603e-13,1.1845299284006428
9.48,attitude_only,-4.0192709503543e-14,3.9754668350032755e-14,4.065123356731073e-15,1.0,0.0,0.0,0.0,1.0,-8.038541900708567e-14,7.950933670006584e-14,8.130246713458949e-15,0.0,0.0,0.0,1.3945361291953685e-14,-1.3881572944344343e-14,1.912889527478189e-14,-4.629137444461002e-19,8.948192788827641e-19,1.1813875876591901e-19,0.034127142,0.034127142,0.008531785499999984,0.008531785500000008,0.008531785500000005,0.008531785500000002,533.2849613480578,533.2849613480586,533.2849613480585,533.2849613480583,-3.2567665154815177,1.0199706000001014,6.424420544939463e-13,6.456257707191194e-13,1.1484687071054551
9.49,attitude_only,-4.0122770678203357e-14,3.9685094006953e-14,4.162121262442708e-15,1.0,0.0,0.0,0.0,1.0,-8.024554135640639e-14,7.937018801390633e-14,8.324242524882233e-15,0.0,0.0,0.0,1.3996887995990519e-14,-1.3901023240042592e-14,1.962283054640465e-14,-6.647146692502018e-19,1.0571698661210815e-18,1.1813875876591901e-19,0.034127142,0.034127142,0.008531785499999982,0.008531785500000008,0.008531785500000008,0.008531785500000002,533.2849613480578,533.2849613480586,533.2849613480586,533.2849613480583,-3.3442763082885225,1.0199706000001014,6.478958448679142e-13,6.511053153518139e-13,1.1115255523102905
9.5,attitude_only,-4.005305043318617e-14,3.96158751825109e-14,4.262303467140174e-15,1.0,0.0,0.0,0.0,1.0,-8.0106100866372e-14,7.923175036502214e-14,8.524606934277175e-15,0.0,0.0,0.0,1.3875814265617404e-14,-1.3774026176953662e-14,2.031083791951905e-14,-6.581843354586351e-19,1.042513652183902e-18,1.1813875876591901e-19,0.034127142,0.034127142,0.008531785499999982,0.008531785500000008,0.008531785500000008,0.008531785500000002,533.2849613480578,533.2849613480586,533.2849613480586,533.2849613480583,-3.4319228125336307,1.0199706000001014,6.533574258669817e-13,6.565927357139876e-13,1.073700464015144
9.51,attitude_only,-3.9984372044341656e-14,3.954766195378371e-14,4.365141182966576e-15,1.0,0.0,0.0,0.0,1.0,-7.996874408868297e-14,7.909532390756777e-14,8.730282365929988e-15,0.0,0.0,0.0,1.3614606988094052e-14,-1.3519574673290395e-14,2.0678487767203658e-14,-4.808816723115509e-19,8.723675945208805e-19,1.1813875876591901e-19,0.034127142,0.034127142,0.008531785499999984,0.008531785500000008,0.008531785500000005,0.008531785500000002,533.2849613480578,533.2849613480586,533.2849613480585,533.2849613480583,-3.5196786859295783,1.0199706000001014,6.588267893287672e-13,6.620880238507071e-13,1.034993442220011
9.52,attitude_only,-3.9917285095907177e-14,3.948104983709563e-14,4.469903667909834e-15,1.0,0.0,0.0,0.0,1.0,-7.9834570191814e-14,7.896209967419161e-14,8.939807335816515e-15,0.0,0.0,0.0,1.3253423715776111e-14,-1.3140103703669104e-14,2.1136702565446345e-14,-1.7999598268778129e-19,5.484034680120169e-19,1.1813875876591901e-19,0.034127142,0.034127142,0.00853178549999999,0.008531785500000007,0.0085317855,0.008531785500000002,533.284961348058,533.2849613480586,533.2849613480583,533.2849613480583,-3.6075220546461235,1.0199706000001014,6.643039259912402e-13,6.6759117137856e-13,0.9954044869248889
9.53,attitude_only,-3.985206003295755e-14,3.941639424138302e-14,4.576281111068889e-15,1.0,0.0,0.0,0.0,1.0,-7.970412006591474e-14,7.883278848276641e-14,9.152562222134637e-15,0.0,0.0,0.0,1.2882165590944966e-14,-1.2766884245894278e-14,2.1316401210935523e-14,1.3669211120014534e-19,2.2820896114116816e-19,1.1813875876591901e-19,0.034127142,0.034127142,0.008531785499999995,0.008531785500000007,0.008531785499999996,0.008531785500000002,533.2849613480581,533.2849613480586,533.2849613480582,533.2849613480583,-3.695435419619191,1.0199706000001014,6.697888267734495e-13,6.731021679297021e-13,0.9549335981297752
9.54,attitude_only,-3.978869713432664e-14,3.935352294811974e-14,4.683205207393216e-15,1.0,0.0,0.0,0.0,1.0,-7.957739426865292e-14,7.870704589623986e-14,9.3664104147833e-15,0.0,0.0,0.0,1.2500902550697972e-14,-1.2415364136237238e-14,2.1412132890372194e-14,4.691987339895633e-19,-6.946152908490774e-20,1.1813875876591901e-19,0.034127142,0.034127142,0.0085317855,0.008531785500000008,0.008531785499999991,0.008531785500000002,533.2849613480583,533.2849613480586,533.284961348058,533.2849613480583,-3.7834047815975143,1.0199706000001014,6.752814791610652e-13,6.786210014475332e-13,0.913580775834668
9.55,attitude_only,-3.972700610901092e-14,3.9292137272978995e-14,4.7889704134121746e-15,1.0,0.0,0.0,0.0,1.0,-7.945401221802147e-14,7.858427454595837e-14,9.577940826821227e-15,0.0,0.0,0.0,1.2219453504054416e-14,-1.2173434007433167e-14,2.0963490243982567e-14,6.847430549212663e-19,-2.380433435754439e-19,1.1813875876591901e-19,0.034127142,0.034127142,0.008531785500000002,0.008531785500000008,0.008531785499999988,0.008531785500000002,533.2849613480583,533.2849613480586,533.2849613480579,533.2849613480583,-3.8714189411800684,1.0199706000001014,6.807818694652976e-13,6.84147659297474e-13,0.8713460200395661
9.56,attitude_only,-3.966654227395587e-14,3.923185963607709e-14,4.892959066418642e-15,1.0,0.0,0.0,0.0,1.0,-7.933308454791136e-14,7.846371927215457e-14,9.785918132834172e-15,0.0,0.0,0.0,1.2003169695026681e-14,-1.1964087100412983e-14,2.0667271190916946e-14,8.242519288042847e-19,-3.6961876099553584e-19,1.1813875876591901e-19,0.034127142,0.034127142,0.008531785500000003,0.008531785500000008,0.008531785499999986,0.008531785500000002,533.2849613480585,533.2849613480586,533.2849613480579,533.2849613480583,-3.9594689388460322,1.0199706000001014,6.862899822908138e-13,6.896821261647858e-13,0.8282293307444681
9.57,attitude_only,-3.960689695343314e-14,3.917242824075931e-14,4.996141186871324e-15,1.0,0.0,0.0,0.0,1.0,-7.921379390686589e-14,7.834485648151901e-14,9.992282373739544e-15,0.0,0.0,0.0,1.1862223566496525e-14,-1.181757309838211e-14,2.062139997214244e-14,8.74765047375508e-19,-4.2725983244876513e-19,1.1813875876591901e-19,0.034127142,0.034127142,0.008531785500000005,0.008531785500000008,0.008531785499999984,0.008531785500000002,533.2849613480585,533.2849613480586,533.2849613480578,533.2849613480583,-4.0475476069787435,1.0199706000001014,6.918058041553455e-13,6.95224387720171e-13,0.7842307079493732
9.58,attitude_only,-3.954781546477804e-14,3.9113638179130134e-14,5.10081491368338e-15,1.0,0.0,0.0,0.0,1.0,-7.909563092955568e-14,7.822727635826067e-14,1.0201629827363666e-14,0.0,0.0,0.0,1.1780719616983181e-14,-1.173731747978617e-14,2.130557036367412e-14,8.547625906216939e-19,-4.061933999660303e-19,1.1813875876591901e-19,0.034127142,0.034127142,0.008531785500000005,0.008531785500000008,0.008531785499999986,0.008531785500000002,533.2849613480585,533.2849613480586,533.2849613480579,533.2849613480583,-4.135649211484866,1.0199706000001014,6.973293211267279e-13,7.007744292667935e-13,0.7393501516542806
9.59,attitude_only,-3.948876316110711e-14,3.905485440482696e-14,5.207453799429422e-15,1.0,0.0,0.0,0.0,1.0,-7.897752632221382e-14,7.810970880965434e-14,1.041490759885576e-14,0.0,0.0,0.0,1.1834424185707903e-14,-1.1784806112503285e-14,2.1099916261166548e-14,6.719728662949545e-19,-2.3135897958046505e-19,1.1813875876591901e-19,0.034127142,0.034127142,0.008531785500000002,0.008531785500000008,0.008531785499999988,0.008531785500000002,533.2849613480583,533.2849613480586,533.2849613480579,533.2849613480583,-4.223769165089564,1.0199706000001014,7.028605196246118e-13,7.063322372562107e-13,0.69358766185919
9.6,attitude_only,-3.9429540683395696e-14,3.899581869348493e-14,5.312239448357178e-15,1.0,0.0,0.0,0.0,1.0,-7.885908136679097e-14,7.799163738697027e-14,1.0624478896711281e-14,0.0,0.0,0.0,1.1845608810711302e-14,-1.1805652398831766e-14,2.0699682519898278e-14,5.400952281837639e-19,-8.8286911997973e-20,1.1813875876591901e-19,0.034127142,0.034127142,0.0085317855,0.008531785500000008,0.00853178549999999,0.008531785500000002,533.2849613480583,533.2849613480586,533.284961348058,533.2849613480583,-4.311903797973454,1.0199706000001014,7.083993835401303e-13,7.118977961518872e-13,0.6469432385641009
9.61,attitude_only,-3.937025869721111e-14,3.893678395005169e-14,5.415602977851208e-15,1.0,0.0,0.0,0.0,1.0,-7.874051739442181e-14,7.787356790010381e-14,1.083120595569935e-14,0.0,0.0,0.0,1.1871274928918585e-14,-1.1813967517822843e-14,2.0608894252768197e-14,3.905831370458398e-19,3.983090596954642e-20,1.1813875876591901e-19,0.034127142,0.034127142,0.008531785499999998,0.008531785500000008,0.008531785499999993,0.008531785500000002,533.2849613480582,533.2849613480586,533.2849613480581,533.2849613480583,-4.400050174280543,1.0199706000001014,7.139459018790452e-13,7.174710947700023e-13,0.5994168817690129
9.62,attitude_only,-3.931089593379326e-14,3.887768128759949e-14,5.518165532325443e-15,1.0,0.0,0.0,0.0,1.0,-7.862179186758609e-14,7.775536257519941e-14,1.103633106464783e-14,0.0,0.0,0.0,1.1870901135392844e-14,-1.1818846728989295e-14,2.0422973199652476e-14,2.723226779228042e-19,1.6387442665917994e-19,1.1813875876591901e-19,0.034127142,0.034127142,0.008531785499999996,0.008531785500000008,0.008531785499999995,0.008531785500000002,533.2849613480582,533.2849613480586,533.2849613480581,533.2849613480583,-4.488205945326199,1.0199706000001014,7.195000637545494e-13,7.230521214890018e-13,0.5510085914739257
9.63,attitude_only,-3.925149762216364e-14,3.8818618543827167e-14,5.620325569140708e-15,1.0,0.0,0.0,0.0,1.0,-7.850299524432684e-14,7.763723708765477e-14,1.1240651138278369e-14,0.0,0.0,0.0,1.1873283566175302e-14,-1.1817097754559787e-14,2.0437945549109144e-14,1.5073092532208083e-19,2.7994663488938845e-19,1.1813875876591901e-19,0.034127142,0.034127142,0.008531785499999995,0.008531785500000008,0.008531785499999996,0.008531785500000002,533.2849613480581,533.2849613480586,533.2849613480582,533.2849613480583,-4.576369232162711,1.0199706000001014,7.250618576920803e-13,7.286408650658271e-13,0.5017183676788391
9.64,attitude_only,-3.9192108935027144e-14,3.875953501987888e-14,5.722557676248265e-15,1.0,0.0,0.0,0.0,1.0,-7.838421787005385e-14,7.751907003975821e-14,1.1445115352493492e-14,0.0,0.0,0.0,1.1869923490366805e-14,-1.1811504478936598e-14,2.045418674173604e-14,3.6063781388614914e-20,3.913497489309228e-19,1.1813875876591901e-19,0.034127142,0.034127142,0.008531785499999993,0.008531785500000008,0.008531785499999998,0.008531785500000002,533.2849613480581,533.2849613480586,533.2849613480582,533.2849613480583,-4.664538531631908,1.0199706000001014,7.306312721602931e-13,7.342373140570369e-13,0.4515462103837533
9.65,attitude_only,-3.913269137460656e-14,3.870042106129835e-14,5.824865660177627e-15,1.0,0.0,0.0,0.0,1.0,-7.826538274921267e-14,7.740084212259715e-14,1.1649731320352225e-14,0.0,0.0,0.0,1.189180111666903e-14,-1.1833774635077748e-14,2.046915909118888e-14,-1.0910738134074505e-19,5.364116826510801e-19,1.1813875876591901e-19,0.034127142,0.034127142,0.00853178549999999,0.008531785500000008,0.0085317855,0.008531785500000002,533.284961348058,533.2849613480586,533.2849613480583,533.2849613480583,-4.752712641207257,1.0199706000001014,7.362082955784088e-13,7.398414569053116e-13,0.40049211958866787
9.66,attitude_only,-3.907322481863593e-14,3.864122520758314e-14,5.92726335131938e-15,1.0,0.0,0.0,0.0,1.0,-7.81464496372714e-14,7.728245041516674e-14,1.1854526702635741e-14,0.0,0.0,0.0,1.1891353016925326e-14,-1.183944899501898e-14,2.0486922895622672e-14,-2.2748319181755376e-19,6.616154045307457e-19,1.1813875876591901e-19,0.034127142,0.034127142,0.008531785499999988,0.008531785500000008,0.008531785500000002,0.008531785500000002,533.2849613480579,533.2849613480586,533.2849613480583,533.2849613480583,-4.8408905988675315,1.0199706000001014,7.417929159747469e-13,7.454532815622797e-13,0.3485560952935827
9.67,attitude_only,-3.901371999373801e-14,3.8582018406633955e-14,6.0297425021928964e-15,1.0,0.0,0.0,0.0,1.0,-7.802743998747556e-14,7.716403681326838e-14,1.2059485004382783e-14,0.0,0.0,0.0,1.191692848831581e-14,-1.1846863822456735e-14,2.050265655097911e-14,-3.773430423692856e-19,7.889818356806145e-19,1.1813875876591901e-19,0.034127142,0.034127142,0.008531785499999986,0.008531785500000008,0.008531785500000003,0.008531785500000002,533.2849613480579,533.2849613480586,533.2849613480585,533.2849613480583,-4.929071634995557,1.0199706000001014,7.473851218024017e-13,7.510727765939296e-13,0.29573813749849787
9.68,attitude_only,-4.3467563246222295e-14,4.3002210340187303e-14,6.1322948653175504e-15,1.0,0.0,0.0,0.0,1.0,-8.693512649244406e-14,8.600442068037514e-14,1.2264589730631363e-14,0.0,0.0,0.0,-4.6123132426292254e-12,4.5775309018870654e-12,2.051737513179686e-14,5.594821994724971e-15,-5.552239646034615e-15,1.1813875876591901e-19,0.034127142,0.034127142,0.00853178550008567,0.008531785500000333,0.00853178549991432,0.008531785499999677,533.2849613507358,533.2849613480687,533.2849613453806,533.2849613480482,-5.017255133898162,1.0199706000001014,7.529849016605513e-13,7.566999300249281e-13,0.24203824620341316
9.69,zero_thrust,-7.345711891073439e-14,7.27652097671968e-14,5.68308512405287e-15,1.0,0.0,0.0,0.0,1.0,-1.4691423782146794e-13,1.4553041953439444e-13,1.1366170248095049e-14,0.0,0.0,0.0,-7.151247907473522e-12,7.097143371610586e-12,-2.0741050764628634e-13,0.0,0.0,0.0,0.0,0.0,0.0,0.0,0.0,0.0,0.0,0.0,0.0,0.0,-5.311506328667993,1.0199706000001014,7.586860240410127e-13,7.624299660376634e-13,0.19013015734144037
9.7,zero_thrust,-1.1299209089506954e-13,1.1200078516639362e-13,4.431770176042013e-15,1.0,0.0,0.0,0.0,1.0,-2.259841817901381e-13,2.2400157033278824e-13,8.863540352058717e-15,0.0,0.0,0.0,-8.016920464533004e-12,7.956107488292573e-12,-2.411442207674983e-13,0.0,0.0,0.0,0.0,0.0,0.0,0.0,0.0,0.0,0.0,0.0,0.0,0.0,-4.711638089427563,1.0199706000001014,7.671437750133802e-13,7.709445265812257e-13,0.16238417575184924
9.71,zero_thrust,-1.4819340504544632e-13,1.4693489169953615e-13,3.316611516622122e-15,1.0,0.0,0.0,0.0,1.0,-2.963868100908917e-13,2.9386978339907326e-13,6.633223033200694e-15,0.0,0.0,0.0,-6.0028186162943405e-12,5.957223341910192e-12,-2.0881552414417372e-13,0.0,0.0,0.0,0.0,0.0,0.0,0.0,0.0,0.0,0.0,0.0,0.0,0.0,-3.564523120788131,1.0199706000001014,7.824278423466702e-13,7.86348132374298e-13,0.17262354328954502
9.72,zero_thrust,-1.7290106007477118e-13,1.714544870411036e-13,2.3517206913960295e-15,1.0,0.0,0.0,0.0,1.0,-3.4580212014954154e-13,3.42908974082208e-13,4.70344138273277e-15,0.0,0.0,0.0,-4.5758181762497075e-12,4.540903329823142e-12,-1.8062275269574594e-13,0.0,0.0,0.0,0.0,0.0,0.0,0.0,0.0,0.0,0.0,0.0,0.0,0.0,-2.0229060476947724,1.0199706000001014,8.057408427258483e-13,8.098506554226981e-13,0.21405916573633077
9.73,zero_thrust,-1.9560334850045076e-13,1.939833883352918e-13,1.5160776676564966e-15,1.0,0.0,0.0,0.0,1.0,-3.912066970009009e-13,3.879667766705842e-13,3.0321553352371056e-15,0.0,0.0,0.0,-4.515992539101243e-12,4.481484869289304e-12,-1.5676225593824618e-13,0.0,0.0,0.0,0.0,0.0,0.0,0.0,0.0,0.0,0.0,0.0,0.0,0.0,-0.621900870330113,1.0199706000001014,8.318419046430791e-13,8.361650505619962e-13,0.26388036412761495
9.74,hover,-2.180761221589573e-13,2.1628437352921339e-13,7.878086953575045e-16,1.0,0.0,0.0,0.0,1.0,-4.3615224431791427e-13,4.3256874705842713e-13,1.575617390620676e-15,0.0,0.0,0.0,-4.479737856226215e-12,4.445461667461312e-12,-1.371347389630459e-13,5.48052890960362e-15,-5.438211181398323e-15,1.660511729040514e-16,0.34127141999999994,0.34127141999999994,0.08531785500007699,0.08531785500000723,0.08531785499990914,0.08531785500000658,1686.3951197754834,1686.3951197747938,1686.3951197738245,1686.3951197747874,0.7195257394933487,1.0199706000001014,8.578914901716751e-13,8.624275348347793e-13,0.31256222155791796
9.75,hover,-2.4032998734929186e-13,2.383677913039479e-13,3.104151575011015e-16,1.0,0.0,0.0,0.0,1.0,-4.806599746985836e-13,4.767355826078959e-13,6.208303148876291e-16,0.0,0.0,0.0,-4.403007620866924e-12,4.36925142239529e-12,-5.3005630787549014e-14,5.432482703381139e-15,-5.3904514015430494e-15,6.562629940133064e-17,0.34127141999999994,0.34127141999999994,0.08531785500008043,0.08531785500000304,0.08531785499991407,0.0853178550000024,1686.3951197755173,1686.3951197747524,1686.3951197738731,1686.395119774746,1.3708680660086356,1.0199706000001014,8.839450010886775e-13,8.886939795451358e-13,0.36027707002275716
9.76,hover,-2.616607048948013e-13,2.5953491766569664e-13,1.67496870280472e-16,1.0,0.0,0.0,0.0,1.0,-5.233214097896025e-13,5.190698353313934e-13,3.349937404251238e-16,0.0,0.0,0.0,-4.122057802563136e-12,4.090436189453436e-12,-1.6910690413187233e-14,5.1365634994422234e-15,-5.096777483907358e-15,2.248147785622837e-17,0.34127141999999994,0.34127141999999994,0.0853178550000777,0.08531785500000123,0.0853178549999204,0.08531785500000061,1686.3951197754905,1686.3951197747347,1686.3951197739357,1686.3951197747283,2.032466759131461,1.0199706000001014,9.100208535140392e-13,9.149829537858119e-13,0.4070656853389838
9.77,hover,-2.810450976470298e-13,2.787697122177535e-13,1.1140763090408257e-16,1.0,0.0,0.0,0.0,1.0,-5.620901952940595e-13,5.575394244355071e-13,2.2281526165147144e-16,0.0,0.0,0.0,-3.6531586585042715e-12,3.624772173580437e-12,-9.271207710471508e-15,4.610416113156628e-15,-4.574228386595562e-15,1.3406810690074219e-17,0.34127141999999994,0.34127141999999994,0.08531785500007001,0.08531785500000082,0.08531785499992883,0.08531785500000026,1686.3951197754143,1686.3951197747303,1686.3951197740191,1686.395119774725,2.5471000200188683,1.0199706000001014,9.362113930640507e-13,9.413875624466457e-13,0.4531220159746678
9.78,hover,-2.9772789432582346e-13,2.9532102671118085e-13,6.861435330900982e-17,1.0,0.0,0.0,0.0,1.0,-5.954557886516469e-13,5.906420534223617e-13,1.3722870644216903e-16,0.0,0.0,0.0,-3.0659100416681367e-12,3.0414714114931544e-12,-8.447339907365047e-15,3.9363768733699476e-15,-3.904682186205754e-15,1.2502642725420114e-17,0.34127141999999994,0.34127141999999994,0.08531785500005973,0.08531785500000075,0.0853178549999392,0.08531785500000026,1686.3951197753127,1686.3951197747297,1686.3951197741214,1686.395119774725,2.948669847778837,1.0199706000001014,9.62640405734519e-13,9.680326131754317e-13,0.49867150756285394
9.79,hover,-3.113184469521971e-13,3.088015392614359e-13,2.8923440890695977e-17,1.0,0.0,0.0,0.0,1.0,-6.226368939043942e-13,6.176030785228718e-13,5.784688158912073e-17,0.0,0.0,0.0,-2.4322946750529345e-12,2.41232095462317e-12,-6.8504373308076135e-15,3.2003613801822335e-15,-3.173824847508004e-15,1.0654864006859268e-17,0.34127141999999994,0.34127141999999994,0.08531785500004853,0.08531785500000064,0.08531785499995055,0.08531785500000022,1686.395119775202,1686.3951197747288,1686.3951197742338,1686.3951197747244,3.2633195321763826,1.0199706000001014,9.894211792885049e-13,9.950323217413696e-13,0.5438906902605186
9.796,attitude_only,-3.2657012042181987e-13,3.2392570058089314e-13,-3.9744865107407815e-18,1.0,0.0,0.0,0.0,1.0,-6.531402408436397e-13,6.478514011617863e-13,-7.948973233050472e-18,0.0,0.0,0.0,-1.4591209588077314e-12,1.4467694740607219e-12,-1.2071066395992283e-15,2.0413076464408368e-15,-2.0238436876774313e-15,2.4343392098901326e-18,0.034127142,0.034127142,0.008531785500031143,0.008531785500000236,0.008531785499968653,0.008531785499999967,533.2849613490316,533.2849613480656,533.2849613470786,533.2849613480572,3.735920197116384,1.0199706000001014,1.0166447590776621e-12,1.0224784671159718e-12,0.5889012731155248
9.81,attitude_only,-3.2920189699390013e-13,3.265351503574608e-13,-4.771905122778645e-18,1.0,0.0,0.0,0.0,1.0,-6.584037939878003e-13,6.530703007149216e-13,-9.543810460549271e-18,0.0,0.0,0.0,-1.2303305151503997e-12,1.219872335698111e-12,-1.920178218760361e-17,1.7839837412641456e-15,-1.7686453343420732e-15,2.4343392098901326e-18,0.034127142,0.034127142,0.008531785500027204,0.008531785500000218,0.008531785499972593,0.008531785499999984,533.2849613489085,533.2849613480652,533.2849613472017,533.2849613480578,4.4847757688849414,1.0199706000001014,1.0443797107914823e-12,1.0504401646637193e-12,0.6337824614512815
9.82,attitude_only,-3.3379678198282837e-13,3.3109135554041735e-13,1.0754822075868695e-18,1.0,0.0,0.0,0.0,1.0,-6.675935639656567e-13,6.621827110808347e-13,2.150964194139281e-18,0.0,0.0,0.0,-6.685252029721952e-13,6.63044603407822e-13,2.1771181702767246e-15,1.1165026186800221e-15,-1.1070825016278044e-15,2.4343392098901326e-18,0.034127142,0.034127142,0.008531785500016988,0.008531785500000173,0.008531785499982809,0.00853178550000003,533.2849613485891,533.2849613480637,533.2849613475211,533.2849613480593,4.1477035749421045,1.0199706000001014,1.0726676875945563e-12,1.078959399156331e-12,0.6785730982380136
9.83,attitude_only,-3.357008170548475e-13,3.3298148955763824e-13,1.7235003850895905e-17,1.0,0.0,0.0,0.0,1.0,-6.71401634109695e-13,6.659629791152765e-13,3.4470007478227495e-17,0.0,0.0,0.0,-1.5821034604421957e-13,1.5762355836559385e-13,4.040065439329107e-15,5.057068938268936e-16,-5.021534831607866e-16,2.4343392098901326e-18,0.034127142,0.034127142,0.008531785500007645,0.008531785500000128,0.008531785499992152,0.008531785500000074,533.2849613482972,533.2849613480623,533.284961347813,533.2849613480606,4.209517660684231,1.0199706000001014,1.1014333065939734e-12,1.1079601638780277e-12,0.72314083827454
9.84,attitude_only,-3.3530074992997174e-13,3.325910179800339e-13,4.3642083619864155e-17,1.0,0.0,0.0,0.0,1.0,-6.706014998599435e-13,6.651820359600678e-13,8.728416701669227e-17,0.0,0.0,0.0,2.585847565331752e-13,-2.5486436827459464e-13,6.5111613113795e-15,2.9669231686882398e-18,-4.6193275098146e-18,2.4343392098901326e-18,0.034127142,0.034127142,0.008531785499999956,0.008531785500000088,0.00853178549999984,0.008531785500000114,533.284961348057,533.2849613480611,533.2849613480532,533.2849613480619,4.471309108926433,1.0199706000001014,1.1305529778122598e-12,1.137317846795695e-12,0.7672886374897069
9.85,attitude_only,-3.331064278284358e-13,3.3042388569354174e-13,8.078942521433662e-17,1.0,0.0,0.0,0.0,1.0,-6.662128556568715e-13,6.608477713870836e-13,1.615788502085406e-16,0.0,0.0,0.0,5.702643781190474e-13,-5.635781248848455e-13,8.041394109416342e-15,-3.7675126651554875e-16,3.7147296167133476e-16,2.4343392098901326e-18,0.034127142,0.034127142,0.008531785499994147,0.00853178550000006,0.00853178550000565,0.008531785500000142,533.2849613478753,533.2849613480602,533.2849613482349,533.2849613480627,4.303595546962164,1.0199706000001014,1.159941182292359e-12,1.1669462223672182e-12,0.8108815330789696
9.86,attitude_only,-3.296306786340234e-13,3.269871900998716e-13,1.24653590371923e-16,1.0,0.0,0.0,0.0,1.0,-6.592613572680467e-13,6.539743801997434e-13,2.49307180528276e-16,0.0,0.0,0.0,7.830857118150534e-13,-7.745401878642342e-13,9.439199331443954e-15,-6.399677240689061e-16,6.323728391252433e-16,2.4343392098901326e-18,0.034127142,0.034127142,0.008531785499990119,0.008531785500000043,0.008531785500009678,0.00853178550000016,533.2849613477495,533.2849613480597,533.2849613483608,533.2849613480632,4.3017919769212805,1.0199706000001014,1.189539404288786e-12,1.196786307985338e-12,0.8538273100465461
9.870000000000001,attitude_only,-3.2533171333323196e-13,3.227335026886366e-13,1.7628224902336884e-16,1.0,0.0,0.0,0.0,1.0,-6.506634266664638e-13,6.454670053772733e-13,3.525644978367468e-16,0.0,0.0,0.0,9.107995719861392e-13,-9.014505147189456e-13,1.0988666998971028e-14,-8.023323519940721e-16,7.936797364980878e-16,2.4343392098901326e-18,0.034127142,0.034127142,0.008531785499987631,0.008531785500000034,0.008531785500012165,0.008531785500000168,533.2849613476717,533.2849613480594,533.2849613484385,533.2849613480636,4.286126820086399,1.0199706000001014,1.2193071448911259e-12,1.2267972804909188e-12,0.8960619719740139
9.88,attitude_only,-3.2059074609466836e-13,3.1803967766686184e-13,2.355430727210351e-16,1.0,0.0,0.0,0.0,1.0,-6.411814921893366e-13,6.360793553337238e-13,4.710861452381491e-16,0.0,0.0,0.0,9.695223210215287e-13,-9.60103235799981e-13,1.2460870047473477e-14,-8.824948740467546e-16,8.736640341533299e-16,2.4343392098901326e-18,0.034127142,0.034127142,0.008531785499986401,0.008531785500000033,0.008531785500013395,0.00853178550000017,533.2849613476333,533.2849613480594,533.2849613484769,533.2849613480636,4.258470454396379,1.0199706000001014,1.2492159700993993e-12,1.256950483614235e-12,0.937540421890376
9.89,attitude_only,-3.1571007696755947e-13,3.132051023930137e-13,3.008795755085855e-16,1.0,0.0,0.0,0.0,1.0,-6.314201539351187e-13,6.264102047860276e-13,6.01759150819407e-16,0.0,0.0,0.0,9.744890193936922e-13,-9.655050286911539e-13,1.3593439464528303e-14,-8.981998022872875e-16,8.898012359096489e-16,2.4343392098901326e-18,0.034127142,0.034127142,0.008531785499986157,0.008531785500000036,0.008531785500013642,0.008531785500000166,533.2849613476257,533.2849613480595,533.2849613484847,533.2849613480635,4.220576231935471,1.0199706000001014,1.2792455909267642e-12,1.2872254669254152e-12,0.9782304153112935
9.9,attitude_only,-3.1092017674354507e-13,3.0845831341227396e-13,3.7229888868118254e-16,1.0,0.0,0.0,0.0,1.0,-6.218403534870899e-13,6.169166268245481e-13,7.445977771705533e-16,0.0,0.0,0.0,9.394265052373598e-13,-9.311361817318592e-13,1.47696075225816e-14,-8.655190503520621e-16,8.578699813758135e-16,2.4343392098901326e-18,0.034127142,0.034127142,0.008531785499986653,0.008531785500000043,0.008531785500013144,0.00853178550000016,533.2849613476411,533.2849613480597,533.2849613484691,533.2849613480632,4.174024384112212,1.0199706000001014,1.3093812794320975e-12,1.3176073837626138e-12,1.0181085852394844
9.91,attitude_only,-3.063877759571668e-13,3.0396477006499016e-13,4.487601960437842e-16,1.0,0.0,0.0,0.0,1.0,-6.127755519143333e-13,6.079295401299806e-13,8.975203919013064e-16,0.0,0.0,0.0,8.760760473506686e-13,-8.68765766393792e-13,1.5782090846062278e-14,-7.982592613615391e-16,7.917131406340706e-16,2.4343392098901326e-18,0.034127142,0.034127142,0.008531785499987678,0.00853178550000005,0.008531785500012119,0.00853178550000015,533.2849613476732,533.2849613480599,533.284961348437,533.284961348063,4.1202036395961485,1.0199706000001014,1.3396121457870736e-12,1.348085254178597e-12,1.0571577918548025
9.92,attitude_only,-3.022273764380951e-13,2.998380847471502e-13,5.311379347476729e-16,1.0,0.0,0.0,0.0,1.0,-6.044547528761899e-13,5.996761694943007e-13,1.0622758693141073e-15,0.0,0.0,0.0,7.939467607603723e-13,-7.876745977946166e-13,1.7033882948562655e-14,-7.076435850607871e-16,7.022804842930061e-16,2.4343392098901326e-18,0.034127142,0.034127142,0.008531785499989062,0.00853178550000006,0.008531785500010734,0.008531785500000142,533.2849613477165,533.2849613480602,533.2849613483937,533.2849613480627,4.060313646849348,1.0199706000001014,1.3699299812809512e-12,1.3786508036752077e-12,1.09536532861343
9.93,attitude_only,-2.98510132771227e-13,2.961488809202774e-13,6.210139809949788e-16,1.0,0.0,0.0,0.0,1.0,-5.970202655424536e-13,5.922977618405552e-13,1.2420279618131508e-15,0.0,0.0,0.0,7.011585067331943e-13,-6.960853765838328e-13,1.8790717259490877e-14,-6.033092652955052e-16,5.993342726059038e-16,2.4343392098901326e-18,0.034127142,0.034127142,0.008531785499990655,0.008531785500000071,0.008531785500009142,0.008531785500000132,533.2849613477662,533.2849613480605,533.284961348344,533.2849613480624,3.995378125579757,1.0199706000001014,1.4003284965879671e-12,1.409297690660982e-12,1.132721689018443
9.94,attitude_only,-2.952701870795302e-13,2.9293099822661127e-13,7.178067560561671e-16,1.0,0.0,0.0,0.0,1.0,-5.9054037415906e-13,5.858619964532229e-13,1.4356135119393467e-15,0.0,0.0,0.0,6.043682379762147e-13,-6.004824704488234e-13,1.9624225296868243e-14,-4.932046251668917e-16,4.906156099483806e-16,2.4343392098901326e-18,0.034127142,0.034127142,0.008531785499992338,0.008531785500000081,0.008531785500007459,0.008531785500000121,533.2849613478188,533.2849613480608,533.2849613482914,533.2849613480621,3.926262831435847,1.0199706000001014,1.4308027738324712e-12,1.4400209591418898e-12,1.1692197055670444
9.95,attitude_only,-2.9201825892640104e-13,2.8969878097715856e-13,8.360834029562842e-16,1.0,0.0,0.0,0.0,1.0,-5.840365178528016e-13,5.793975619543176e-13,1.6721668057433737e-15,0.0,0.0,0.0,4.900705406292464e-13,-4.872454970759297e-13,1.990440420842216e-14,-3.609480937568222e-16,3.596036968716673e-16,2.4343392098901326e-18,0.034127142,0.034127142,0.00853178549999436,0.008531785500000092,0.008531785500005436,0.00853178550000011,533.284961347882,533.2849613480612,533.2849613482282,533.2849613480618,3.8536949426762437,1.0199706000001014,1.4613489029687405e-12,1.4708166669440604e-12,1.204853939443422
9.96,attitude_only,-2.902216750744892e-13,2.879123319880421e-13,9.168413370806742e-16,1.0,0.0,0.0,0.0,1.0,-5.804433501489778e-13,5.758246639760847e-13,1.8336826739942317e-15,0.0,0.0,0.0,4.1806043079691625e-13,-4.157383432899805e-13,2.0260604173565932e-14,-2.787165662659958e-16,2.779524957614288e-16,2.4343392098901326e-18,0.034127142,0.034127142,0.00853178549999562,0.008531785500000095,0.008531785500004177,0.008531785500000107,533.2849613479214,533.2849613480613,533.2849613481889,533.2849613480616,3.7782820007447313,1.0199706000001014,1.4919637359927056e-12,1.5016816337725742e-12,1.239620241773608
9.97,attitude_only,-2.883621777067517e-13,2.8606281351668207e-13,1.0197893258905341e-15,1.0,0.0,0.0,0.0,1.0,-5.767243554135028e-13,5.721256270333647e-13,2.039578651616089e-15,0.0,0.0,0.0,3.3554143132155266e-13,-3.338062740978093e-13,2.0818224071009363e-14,-1.8304918120877493e-16,1.8297207547180138e-16,2.4343392098901326e-18,0.034127142,0.034127142,0.008531785499997085,0.0085317855000001,0.008531785500002711,0.008531785500000102,533.2849613479672,533.2849613480614,533.284961348143,533.2849613480614,3.700529447258029,1.0199706000001014,1.5226447018159062e-12,1.5326132616027432e-12,1.2735154341067194
9.98,attitude_only,-2.8688930385806853e-13,2.8459710940547923e-13,1.1245448642021325e-15,1.0,0.0,0.0,0.0,1.0,-5.737786077161364e-13,5.691942188109591e-13,2.2490897282409692e-15,0.0,0.0,0.0,2.6266459359514616e-13,-2.614564652144918e-13,2.109952833742117e-14,-9.822362187303853e-17,9.876686946396524e-17,2.4343392098901326e-18,0.034127142,0.034127142,0.008531785499998385,0.008531785500000106,0.008531785500001412,0.008531785500000097,533.2849613480079,533.2849613480615,533.2849613481023,533.2849613480613,3.620856336154097,1.0199706000001014,1.5533896654064828e-12,1.563609398414172e-12,1.3065370730241024
9.99,attitude_only,-2.8555926738294013e-13,2.832729715792024e-13,1.253303842140426e-15,1.0,0.0,0.0,0.0,1.0,-5.711185347658795e-13,5.665459431584055e-13,2.5066076841190695e-15,0.0,0.0,0.0,1.8948046292958023e-13,-1.8864093522347723e-13,2.1697633253669342e-14,-1.2297469703655215e-17,1.3274642826982519e-17,2.4343392098901326e-18,0.034127142,0.034127142,0.008531785499999701,0.008531785500000109,0.008531785500000095,0.008531785500000093,533.284961348049,533.2849613480616,533.2849613480613,533.2849613480612,3.539609107940328,1.0199706000001014,1.5841968592546524e-12,1.5946682639682112e-12,1.3386832749749542
10.0,attitude_only,-2.848935772985566e-13,2.8261017026434333e-13,1.3412930463450982e-15,1.0,0.0,0.0,0.0,1.0,-5.697871545971124e-13,5.652203405286875e-13,2.6825860925291685e-15,0.0,0.0,0.0,1.496098111236996e-13,-1.4897055609805205e-13,2.2163883060260544e-14,3.405121435216458e-17,-3.2840106562547196e-17,2.4343392098901326e-18,0.034127142,0.034127142,0.008531785500000413,0.00853178550000011,0.008531785499999384,0.008531785500000092,533.2849613480712,533.2849613480618,533.284961348039,533.2849613480612,3.4570734829804994,1.0199706000001014,1.6150648121049685e-12,1.6257883726678712e-12,1.369952584806371
10.01,attitude_only,-2.8425907486849056e-13,2.8197833689425406e-13,1.454886436455674e-15,1.0,0.0,0.0,0.0,1.0,-5.685181497369803e-13,5.639566737885089e-13,2.9097728727510382e-15,0.0,0.0,0.0,1.0998120571277872e-13,-1.0952872009629883e-13,2.3349970894592206e-14,8.050572878814187e-17,-7.907502256368807e-17,2.4343392098901326e-18,0.034127142,0.034127142,0.008531785500001126,0.008531785500000113,0.008531785499998671,0.00853178550000009,533.2849613480935,533.2849613480618,533.2849613480167,533.2849613480611,3.3734846177705875,1.0199706000001014,1.6459922922534512e-12,1.6569684832336719e-12,1.4003438763756797
10.02,attitude_only,-2.8379341871143235e-13,2.815146260666107e-13,1.5738208766838692e-15,1.0,0.0,0.0,0.0,1.0,-5.675868374228638e-13,5.630292521332223e-13,3.1476417532079542e-15,0.0,0.0,0.0,8.086251996221314e-14,-8.052370131550939e-14,2.414377467301554e-14,1.1463952648919844e-16,-1.1307580808748032e-16,2.4343392098901326e-18,0.034127142,0.034127142,0.008531785500001648,0.008531785500000113,0.008531785499998149,0.00853178550000009,533.2849613481097,533.2849613480618,533.2849613480005,533.2849613480611,3.2890357060546442,1.0199706000001014,1.6769782603559917e-12,1.6882075499650964e-12,1.4298562769675878
10.03,attitude_only,-2.834466272285478e-13,2.811692222824111e-13,1.6960992864641053e-15,1.0,0.0,0.0,0.0,1.0,-5.668932544570947e-13,5.623384445648232e-13,3.392198572768818e-15,0.0,0.0,0.0,6.134697084274794e-14,-6.110496612538715e-14,2.4638079605856457e-14,1.374447157241292e-16,-1.3576724065437315e-16,2.4343392098901326e-18,0.034127142,0.034127142,0.008531785500001998,0.008531785500000114,0.008531785499997798,0.008531785500000088,533.2849613481208,533.2849613480619,533.2849613479895,533.2849613480611,3.203885216177799,1.0199706000001014,1.7080218566784393e-12,1.7195047070667142e-12,1.4584891095342913
10.04,attitude_only,-2.831732983713516e-13,2.8089685092361783e-13,1.8202591931579852e-15,1.0,0.0,0.0,0.0,1.0,-5.663465967427022e-13,5.617937018472367e-13,3.6405183861568856e-15,0.0,0.0,0.0,5.041532659900933e-14,-5.026043829999329e-14,2.5018239580244653e-14,1.500585355506255e-16,-1.4827806966184587e-16,2.4343392098901326e-18,0.034127142,0.034127142,0.00853178550000219,0.008531785500000114,0.008531785499997606,0.008531785500000088,533.2849613481268,533.2849613480619,533.2849613479834,533.2849613480611,3.1181629498903165,1.0199706000001014,1.7391223674756244e-12,1.750859237253302e-12,1.4862418483816946
10.05,attitude_only,-2.8293384090349817e-13,2.806580757837395e-13,1.9488935441455305e-15,1.0,0.0,0.0,0.0,1.0,-5.658676818069952e-13,5.613161515674801e-13,3.897787088132246e-15,0.0,0.0,0.0,4.6845357489785996e-14,-4.672080629747647e-14,2.6331838409157072e-14,1.5387404490679553e-16,-1.5205842000189118e-16,2.4343392098901326e-18,0.034127142,0.034127142,0.00853178550000225,0.008531785500000116,0.008531785499997547,0.008531785500000087,533.2849613481286,533.2849613480619,533.2849613479816,533.284961348061,3.0319750935578695,1.0199706000001014,1.770279200520241e-12,1.7822705457641223e-12,1.5131140850639748
10.06,attitude_only,-2.8269487605530037e-13,2.8041961998274656e-13,2.082934080971161e-15,1.0,0.0,0.0,0.0,1.0,-5.653897521105995e-13,5.608392399654943e-13,4.165868161783776e-15,0.0,0.0,0.0,4.9403346282509026e-14,-4.930555799382573e-14,2.7047212779191874e-14,1.503104248927028e-16,-1.4846366238633385e-16,2.4343392098901326e-18,0.034127142,0.034127142,0.008531785500002194,0.008531785500000116,0.008531785499997602,0.008531785500000087,533.2849613481269,533.2849613480619,533.2849613479833,533.284961348061,2.9454084149387656,1.0199706000001014,1.8014918695891823e-12,1.8137381431097762e-12,1.5391055020685978
10.07,attitude_only,-2.8242921265465257e-13,2.801544499427269e-13,2.2192400793556893e-15,1.0,0.0,0.0,0.0,1.0,-5.648584253093039e-13,5.60308899885455e-13,4.438480158553131e-15,0.0,0.0,0.0,5.681384759138201e-14,-5.6718605494363215e-14,2.7509624180292588e-14,1.4084968484614143e-16,-1.3900081933074524e-16,2.4343392098901326e-18,0.034127142,0.034127142,0.008531785500002049,0.008531785500000116,0.008531785499997748,0.008531785500000087,533.2849613481224,533.2849613480619,533.2849613479879,533.284961348061,2.8585337400113144,1.0199706000001014,1.8327599745302926e-12,1.8452616274688444e-12,1.5642158524716123
10.08,attitude_only,-2.8211604468546645e-13,2.7984175510253267e-13,2.3583452886661607e-15,1.0,0.0,0.0,0.0,1.0,-5.642320893709316e-13,5.596835102050667e-13,4.716690577174425e-15,0.0,0.0,0.0,6.784261199441045e-14,-6.775111687171359e-14,2.8096607698511016e-14,1.269367414425632e-16,-1.2508429450920764e-16,2.4343392098901326e-18,0.034127142,0.034127142,0.008531785500001835,0.008531785500000116,0.008531785499997961,0.008531785500000087,533.2849613481156,533.2849613480619,533.2849613479946,533.284961348061,2.77140882625294,1.0199706000001014,1.864083188017415e-12,1.8768406696919742e-12,1.5884449441838062
10.09,attitude_only,-2.81740499797228e-13,2.7946668348210707e-13,2.5001378124234584e-15,1.0,0.0,0.0,0.0,1.0,-5.634809995944546e-13,5.589333669642156e-13,5.000275624689443e-15,0.0,0.0,0.0,8.131718957246067e-14,-8.12252635868402e-14,2.858848277809129e-14,1.0995407645317837e-16,-1.0810306581518733e-16,2.4343392098901326e-18,0.034127142,0.034127142,0.008531785500001575,0.008531785500000116,0.008531785499998222,0.008531785500000087,533.2849613481076,533.2849613480619,533.2849613480026,533.284961348061,2.6840807320575317,1.0199706000001014,1.895461242576943e-12,1.9084750015306088e-12,1.6117926277365688
10.1,attitude_only,-2.812936785108295e-13,2.7902029251883145e-13,2.6451493074411314e-15,1.0,0.0,0.0,0.0,1.0,-5.625873570216574e-13,5.580405850376644e-13,5.29029861472529e-15,0.0,0.0,0.0,9.605215568902913e-14,-9.595753526692662e-14,2.928681340290426e-14,9.131159555640594e-17,-8.946476444641438e-17,2.4343392098901326e-18,0.034127142,0.034127142,0.008531785500001287,0.008531785500000116,0.00853178549999851,0.008531785500000087,533.2849613480985,533.2849613480619,533.2849613480117,533.284961348061,2.5965877669717377,1.0199706000001014,1.9268939195670425e-12,1.940164403849224e-12,1.634258786802854
10.11,attitude_only,-2.807719153709434e-13,2.784990781773043e-13,2.7935942304265668e-15,1.0,0.0,0.0,0.0,1.0,-5.615438307418853e-13,5.569981563546102e-13,5.587188460696744e-15,0.0,0.0,0.0,1.1114439647705272e-13,-1.1102751586737381e-13,3.0128254807886765e-14,7.208946264600711e-17,-7.027051256720401e-17,2.4343392098901326e-18,0.034127142,0.034127142,0.008531785500000992,0.008531785500000116,0.008531785499998805,0.008531785500000087,533.2849613480893,533.2849613480619,533.2849613480209,533.284961348061,2.508961094222692,1.0199706000001014,1.9583810431105817e-12,1.971908699990761e-12,1.6558433308351186
10.12,attitude_only,-2.8017525434651984e-13,2.779029784167713e-13,2.9480485024084205e-15,1.0,0.0,0.0,0.0,1.0,-5.603505086930381e-13,5.558059568335442e-13,5.896097004661118e-15,0.0,0.0,0.0,1.259314367934584e-13,-1.2582264081538447e-13,3.144862587039466e-14,5.308569989838574e-17,-5.1258136221437426e-17,2.4343392098901326e-18,0.034127142,0.034127142,0.0085317855000007,0.008531785500000116,0.008531785499999096,0.008531785500000087,533.2849613480802,533.2849613480619,533.28496134803,533.284961348061,2.421226045556011,1.0199706000001014,1.989922466683202e-12,2.0037077424507633e-12,1.676546189344011
10.13,attitude_only,-2.7950682653865547e-13,2.772350910347815e-13,3.1088298477154885e-15,1.0,0.0,0.0,0.0,1.0,-5.590136530773092e-13,5.544701820695647e-13,6.217659695275999e-15,0.0,0.0,0.0,1.398548572580765e-13,-1.397419434024745e-13,3.275150781473722e-14,3.4979046768263054e-17,-3.3157553682904424e-17,2.4343392098901326e-18,0.034127142,0.034127142,0.008531785500000421,0.008531785500000116,0.008531785499999375,0.008531785500000087,533.2849613480714,533.2849613480619,533.2849613480388,533.284961348061,2.333403198565509,1.0199706000001014,2.021518059716407e-12,2.035561401158335e-12,1.6963673074500456
10.14,attitude_only,-2.787724255752811e-13,2.765012312037909e-13,3.2758057887351896e-15,1.0,0.0,0.0,0.0,1.0,-5.575448511505604e-13,5.530024624075836e-13,6.5516115773162176e-15,0.0,0.0,0.0,1.5236525244693333e-13,-1.5226522607784505e-13,3.3959538581806585e-14,1.8442920017165566e-17,-1.660696221168134e-17,2.4343392098901326e-18,0.034127142,0.034127142,0.008531785500000168,0.008531785500000116,0.008531785499999629,0.008531785500000087,533.2849613480636,533.2849613480619,533.2849613480466,533.284961348061,2.2455092583266625,1.0199706000001014,2.053167705170305e-12,2.067469558462657e-12,1.715306642423758
10.15,attitude_only,-2.779801868901904e-13,2.757095206491902e-13,3.4467968003280203e-15,1.0,0.0,0.0,0.0,1.0,-5.559603737803788e-13,5.514190412983823e-13,6.893593600502757e-15,0.0,0.0,0.0,1.6314195938895768e-13,-1.6303815768089571e-13,3.438579051197883e-14,3.8794520928467996e-18,-2.04906271121164e-18,2.4343392098901326e-18,0.034127142,0.034127142,0.008531785499999944,0.008531785500000116,0.008531785499999852,0.008531785500000087,533.2849613480565,533.2849613480619,533.2849613480537,533.284961348061,2.157557778064394,1.0199706000001014,2.084871295539647e-12,2.0994321070430136e-12,1.7333641609939108
10.16,attitude_only,-2.771392682827907e-13,2.748691264261712e-13,3.61925275493705e-15,1.0,0.0,0.0,0.0,1.0,-5.542785365655793e-13,5.497382528523445e-13,7.238505509721745e-15,0.0,0.0,0.0,1.719940034187498e-13,-1.718802738700111e-13,3.4678338421838446e-14,-8.46294077709123e-18,1.0280279454426919e-17,2.4343392098901326e-18,0.034127142,0.034127142,0.008531785499999753,0.008531785500000116,0.008531785500000043,0.008531785500000087,533.2849613480506,533.2849613480619,533.2849613480597,533.284961348061,2.069559747628979,1.0199706000001014,2.1166287280757884e-12,2.1314489436034115e-12,1.7505398372527836
10.17,attitude_only,-2.762596843479719e-13,2.739901554052617e-13,3.793338701101891e-15,1.0,0.0,0.0,0.0,1.0,-5.525193686959416e-13,5.479803108105255e-13,7.586677402052396e-15,0.0,0.0,0.0,1.7882587186627613e-13,-1.7869193687275892e-13,3.506066625049211e-14,-1.844944163278552e-17,2.0241194426451866e-17,2.4343392098901326e-18,0.034127142,0.034127142,0.0085317854999996,0.008531785500000114,0.008531785500000196,0.008531785500000088,533.2849613480458,533.2849613480619,533.2849613480644,533.2849613480611,1.9815240735637585,1.0199706000001014,2.148439899062366e-12,2.1635199639784727e-12,1.766833651025815
10.18,attitude_only,-2.75351385588203e-13,2.7308254382035507e-13,3.9702737860632084e-15,1.0,0.0,0.0,0.0,1.0,-5.507027711764039e-13,5.461650876407124e-13,7.94054757197603e-15,0.0,0.0,0.0,1.8370091721925165e-13,-1.8356275260764084e-13,3.571237252466454e-14,-2.6136505228548638e-17,2.792180083438655e-17,2.4343392098901326e-18,0.034127142,0.034127142,0.008531785499999483,0.008531785500000114,0.008531785500000314,0.008531785500000088,533.2849613480422,533.2849613480619,533.2849613480681,533.2849613480611,1.8934579703845507,1.0199706000001014,2.180304702339484e-12,2.1956450614501485e-12,1.7822455866024918
10.19,attitude_only,-2.7442376182424015e-13,2.7215557238123165e-13,4.1503250947370054e-15,1.0,0.0,0.0,0.0,1.0,-5.488475236484781e-13,5.443111447624656e-13,8.300650189324638e-15,0.0,0.0,0.0,1.8675251853687107e-13,-1.866204046713035e-13,3.62068063456903e-14,-3.166595199506058e-17,3.345718735749471e-17,2.4343392098901326e-18,0.034127142,0.034127142,0.008531785499999398,0.008531785500000114,0.008531785500000399,0.008531785500000088,533.2849613480395,533.2849613480619,533.2849613480707,533.2849613480611,1.8053672792244935,1.0199706000001014,2.2122230238793154e-12,2.227824122246802e-12,1.796775631748334
10.2,attitude_only,-2.734856398602668e-13,2.7121811387077474e-13,4.3330855916488064e-15,1.0,0.0,0.0,0.0,1.0,-5.469712797205313e-13,5.424362277415518e-13,8.666171183149264e-15,0.0,0.0,0.0,1.8811455945832184e-13,-1.8797676576923651e-13,3.668271408832948e-14,-3.518154669538471e-17,3.696458833270663e-17,2.4343392098901326e-18,0.034127142,0.034127142,0.008531785499999344,0.008531785500000114,0.008531785500000453,0.008531785500000088,533.2849613480378,533.2849613480619,533.2849613480724,533.2849613480611,1.717256727125997,1.0199706000001014,2.244194742007004e-12,2.260057024952445e-12,1.810423776935654
10.21,attitude_only,-2.725447886434392e-13,2.702779324751697e-13,4.518193886115626e-15,1.0,0.0,0.0,0.0,1.0,-5.45089577286876e-13,5.405558649503418e-13,9.036387772083926e-15,0.0,0.0,0.0,1.8798620412724207e-13,-1.878591594336729e-13,3.749445778668073e-14,-3.6907382339361685e-17,3.870205232436731e-17,2.4343392098901326e-18,0.034127142,0.034127142,0.008531785499999318,0.008531785500000114,0.00853178550000048,0.008531785500000088,533.284961348037,533.2849613480619,533.2849613480734,533.2849613480611,1.6291301378797884,1.0199706000001014,2.276219729167226e-12,2.2923436414254797e-12,1.8231900147446032
10.22,attitude_only,-2.716082971995971e-13,2.693420886027723e-13,4.707667598744192e-15,1.0,0.0,0.0,0.0,1.0,-5.432165943991917e-13,5.386841772055471e-13,9.415335197342072e-15,0.0,0.0,0.0,1.8655535170520694e-13,-1.864266329254021e-13,3.818419887892528e-14,-3.7055912949971586e-17,3.884728684369637e-17,2.4343392098901326e-18,0.034127142,0.034127142,0.008531785499999315,0.008531785500000114,0.008531785500000482,0.008531785500000088,533.2849613480369,533.2849613480619,533.2849613480734,533.2849613480611,1.5409906033476763,1.0199706000001014,2.3082978497765216e-12,2.3246838363292708e-12,1.8350743393967952
10.23,attitude_only,-2.7068177640849787e-13,2.6841621888067194e-13,4.8990993560531265e-15,1.0,0.0,0.0,0.0,1.0,-5.413635528169931e-13,5.368324377613465e-13,9.798198711960942e-15,0.0,0.0,0.0,1.8412388858579178e-13,-1.8399183968296087e-13,3.8557867249811095e-14,-3.5979396092531264e-17,3.7765453349596466e-17,2.4343392098901326e-18,0.034127142,0.034127142,0.008531785499999332,0.008531785500000114,0.008531785500000465,0.008531785500000088,533.2849613480374,533.2849613480619,533.2849613480728,533.2849613480611,1.452840622584969,1.0199706000001014,2.3404289631295727e-12,2.3570774685872565e-12,1.8460767463921364
10.24,attitude_only,-2.6976993764279517e-13,2.67505039309596e-13,5.094141973585232e-15,1.0,0.0,0.0,0.0,1.0,-5.395398752855876e-13,5.350100786191947e-13,1.0188283947026133e-14,0.0,0.0,0.0,1.8080918000137482e-13,-1.8068431038042625e-13,3.936453618050351e-14,-3.380983759124459e-17,3.560326129035914e-17,2.4343392098901326e-18,0.034127142,0.034127142,0.008531785499999365,0.008531785500000114,0.008531785500000432,0.008531785500000088,533.2849613480385,533.2849613480619,533.2849613480718,533.2849613480611,1.3646822147457378,1.0199706000001014,2.3726129201754465e-12,2.3895243889582203e-12,1.8561972322260243
10.25,attitude_only,-2.6887648459127e-13,2.666122642061743e-13,5.292994342969062e-15,1.0,0.0,0.0,0.0,1.0,-5.377529691825372e-13,5.332245284123515e-13,1.0585988685794751e-14,0.0,0.0,0.0,1.7687148839924606e-13,-1.7674225499837562e-13,4.004082850315509e-14,-3.085332255268249e-17,3.264021738188209e-17,2.4343392098901326e-18,0.034127142,0.034127142,0.00853178549999941,0.008531785500000114,0.008531785500000387,0.008531785500000088,533.2849613480398,533.2849613480619,533.2849613480704,533.2849613480611,1.276517010658351,1.0199706000001014,2.40484956955496e-12,2.422024445963197e-12,1.8654357941691138
10.26,attitude_only,-2.680040412031046e-13,2.6574039398883095e-13,5.494894861184261e-15,1.0,0.0,0.0,0.0,1.0,-5.360080824062063e-13,5.314807879776648e-13,1.0989789722226084e-14,0.0,0.0,0.0,1.7254299504127364e-13,-1.7242876627910304e-13,4.070925451240468e-14,-2.7384560473528284e-17,2.9188318581545995e-17,2.4343392098901326e-18,0.034127142,0.034127142,0.008531785499999464,0.008531785500000114,0.008531785500000333,0.008531785500000087,533.2849613480415,533.2849613480619,533.2849613480687,533.284961348061,1.188346327060733,1.0199706000001014,2.4371387553882355e-12,2.4545774837602656e-12,1.8737924300958162
10.27,attitude_only,-2.67153395543637e-13,2.6489033743809236e-13,5.699890700549952e-15,1.0,0.0,0.0,0.0,1.0,-5.34306791087271e-13,5.297806748761877e-13,1.1399781400958372e-14,0.0,0.0,0.0,1.6813918552853804e-13,-1.6801680757291471e-13,4.1087237706374804e-14,-2.3781380913530917e-17,2.5574136209849134e-17,2.4343392098901326e-18,0.034127142,0.034127142,0.00853178549999952,0.008531785500000114,0.008531785500000277,0.008531785500000088,533.2849613480433,533.2849613480619,533.284961348067,533.2849613480611,1.1001712267470123,1.0199706000001014,2.4694803161957653e-12,2.487183341232492e-12,1.8812671383507373
10.28,attitude_only,-2.6632490068412226e-13,2.640625192668968e-13,5.9077599868897064e-15,1.0,0.0,0.0,0.0,1.0,-5.326498013682414e-13,5.281250385337967e-13,1.181551997363876e-14,0.0,0.0,0.0,1.6371666257061373e-13,-1.635864369495969e-13,4.216252636317713e-14,-2.0111519989727816e-17,2.1893555831363668e-17,2.4343392098901326e-18,0.034127142,0.034127142,0.008531785499999575,0.008531785500000114,0.008531785500000222,0.008531785500000088,533.2849613480449,533.2849613480619,533.2849613480653,533.2849613480611,1.0119925672761725,1.0199706000001014,2.5018740861917844e-12,2.519841851303082e-12,1.8878599176446653
10.29,attitude_only,-2.6551811236274657e-13,2.6325636362663524e-13,6.121542792456215e-15,1.0,0.0,0.0,0.0,1.0,-5.310362247254899e-13,5.265127272532737e-13,1.224308558477263e-14,0.0,0.0,0.0,1.5946830932405196e-13,-1.593482586535592e-13,4.3154386169033155e-14,-1.660817918709419e-17,1.8401224462653973e-17,2.4343392098901326e-18,0.034127142,0.034127142,0.008531785499999629,0.008531785500000114,0.008531785500000168,0.008531785500000088,533.2849613480466,533.2849613480619,533.2849613480636,533.2849613480611,0.9238110403989401,1.0199706000001014,2.5343199007017186e-12,2.5525528494664714e-12,1.8935707669735653
10.3,attitude_only,-2.647318301666653e-13,2.6247061535447987e-13,6.3389493836730156e-15,1.0,0.0,0.0,0.0,1.0,-5.294636603333273e-13,5.249412307089631e-13,1.2677898767207062e-14,0.0,0.0,0.0,1.55476260911137e-13,-1.5537586999861268e-13,4.3795436020995736e-14,-1.3372483700707834e-17,1.518811677670453e-17,2.4343392098901326e-18,0.034127142,0.034127142,0.008531785499999679,0.008531785500000116,0.008531785500000118,0.008531785500000087,533.2849613480482,533.2849613480619,533.284961348062,533.284961348061,0.8356272039578234,1.0199706000001014,2.5668175921283825e-12,2.58531616865911e-12,1.8983996855554988
10.31,attitude_only,-2.6396485062549187e-13,2.617041192622994e-13,6.560782094961641e-15,1.0,0.0,0.0,0.0,1.0,-5.279297012509803e-13,5.234082385246022e-13,1.3121564189785122e-14,0.0,0.0,0.0,1.517385215895064e-13,-1.5164654037519884e-13,4.494939295457514e-14,-1.040458173064614e-17,1.2229386632359885e-17,2.4343392098901326e-18,0.034127142,0.034127142,0.008531785499999724,0.008531785500000116,0.008531785500000073,0.008531785500000087,533.2849613480497,533.2849613480619,533.2849613480605,533.284961348061,0.7474415076861729,1.0199706000001014,2.5993669946716437e-12,2.61813164325429e-12,1.9023466727814944
10.32,attitude_only,-2.632156636897081e-13,2.6095530977814357e-13,6.7876240464986e-15,1.0,0.0,0.0,0.0,1.0,-5.264313273794127e-13,5.219106195562907e-13,1.3575248092859825e-14,0.0,0.0,0.0,1.4835312300868153e-13,-1.4828800669500532e-13,4.5639166490312526e-14,-7.825634663743102e-18,9.682026283077674e-18,2.4343392098901326e-18,0.034127142,0.034127142,0.008531785499999764,0.008531785500000116,0.008531785500000033,0.008531785500000087,533.284961348051,533.2849613480619,533.2849613480594,533.284961348061,0.6592543140647451,1.0199706000001014,2.631967947008674e-12,2.6509991115199233e-12,1.9054117281772847
10.33,attitude_only,-2.6248221285387934e-13,2.6022219298246144e-13,7.017748200493945e-15,1.0,0.0,0.0,0.0,1.0,-5.24964425707755e-13,5.204443859649265e-13,1.4035496400851283e-14,0.0,0.0,0.0,1.4537643371367922e-13,-1.4531259109735963e-13,4.63187892352792e-14,-5.707371846877087e-18,7.56465347687643e-18,2.4343392098901326e-18,0.034127142,0.034127142,0.008531785499999797,0.008531785500000116,0.0085317855,0.008531785500000087,533.2849613480519,533.2849613480619,533.2849613480583,533.284961348061,0.5710659151763201,1.0199706000001014,2.66462028753846e-12,2.6839184120396425e-12,1.9075948513735108
10.34,attitude_only,-2.61762772546944e-13,2.59503071652866e-13,7.250970239833414e-15,1.0,0.0,0.0,0.0,1.0,-5.235255450938843e-13,5.190061433057359e-13,1.450194047953097e-14,0.0,0.0,0.0,1.427179184899629e-13,-1.4265372877313053e-13,4.705421071999252e-14,-3.944332763317091e-18,5.800555975532798e-18,2.4343392098901326e-18,0.034127142,0.034127142,0.008531785499999823,0.008531785500000116,0.008531785499999974,0.008531785500000087,533.2849613480528,533.2849613480619,533.2849613480574,533.284961348061,0.4828765463211704,1.0199706000001014,2.6973238569711844e-12,2.716889384947701e-12,1.9088960420825167
10.35,attitude_only,-2.6105570406030953e-13,2.587963397247733e-13,7.488163001941285e-15,1.0,0.0,0.0,0.0,1.0,-5.221114081206152e-13,5.175926794495506e-13,1.497632600374745e-14,0.0,0.0,0.0,1.4040456510929827e-13,-1.4033526457377898e-13,4.786522476561128e-14,-2.5723543576125003e-18,4.421751582048699e-18,2.4343392098901326e-18,0.034127142,0.034127142,0.008531785499999845,0.008531785500000116,0.008531785499999953,0.008531785500000087,533.2849613480535,533.2849613480619,533.2849613480569,533.284961348061,0.3946863970121363,1.0199706000001014,2.7300785014551157e-12,2.7499118760779305e-12,1.9093153000802767
10.36,attitude_only,-2.6035913688732323e-13,2.581001244203183e-13,7.728974296561902e-15,1.0,0.0,0.0,0.0,1.0,-5.207182737746424e-13,5.162002488406406e-13,1.5457948592989407e-14,0.0,0.0,0.0,1.3849637787467035e-13,-1.3842278205697363e-13,4.8391886030998766e-14,-1.667493454805654e-18,3.511000382451969e-18,2.4343392098901326e-18,0.034127142,0.034127142,0.00853178549999986,0.008531785500000116,0.008531785499999937,0.008531785500000087,533.2849613480539,533.2849613480619,533.2849613480563,533.284961348061,0.306495619850537,1.0199706000001014,2.7628840691193492e-12,2.7829857335012966e-12,1.9088526251923181
10.37,attitude_only,-2.5967085885600585e-13,2.5741220622895276e-13,7.972305477913044e-15,1.0,0.0,0.0,0.0,1.0,-5.193417177120076e-13,5.148244124579097e-13,1.5944610955692405e-14,0.0,0.0,0.0,1.3701978995936385e-13,-1.3694803650374187e-13,4.889317037619317e-14,-1.2657858560314879e-18,3.110786083611236e-18,2.4343392098901326e-18,0.034127142,0.034127142,0.008531785499999864,0.008531785500000116,0.008531785499999932,0.008531785500000087,533.284961348054,533.2849613480619,533.2849613480562,533.284961348061,0.21830433768930826,1.0199706000001014,2.7957404078472147e-12,2.8161108050807043e-12,1.907508017282762
10.38,attitude_only,-2.5885326762160864e-13,2.565950485571226e-13,8.267590939024894e-15,1.0,0.0,0.0,0.0,1.0,-5.17706535243213e-13,5.131900971142495e-13,1.6535181877916948e-14,0.0,0.0,0.0,1.356819032091027e-13,-1.3561022296277748e-13,4.950814311893022e-14,-1.0171407878093162e-18,2.861512064081957e-18,2.4343392098901326e-18,0.034127142,0.034127142,0.008531785499999868,0.008531785500000116,0.008531785499999929,0.008531785500000087,533.2849613480541,533.2849613480619,533.2849613480561,533.284961348061,0.13011264941192227,1.0199706000001014,2.8286473667632676e-12,2.849286939712824e-12,1.905281476245786
10.39,attitude_only,-2.5831211557600136e-13,2.560542160165297e-13,8.466172179577793e-15,1.0,0.0,0.0,0.0,1.0,-5.166242311519984e-13,5.121084320330637e-13,1.6932344359023303e-14,0.0,0.0,0.0,1.350023208407091e-13,-1.34917794473577e-13,4.9751375272765055e-14,-1.5516651541441028e-18,3.3797758217771212e-18,2.4343392098901326e-18,0.034127142,0.034127142,0.008531785499999861,0.008531785500000116,0.008531785499999936,0.008531785500000087,533.2849613480539,533.2849613480619,533.2849613480563,533.284961348061,0.04192063459333339,1.0199706000001014,2.8616047997707383e-12,2.882513991429523e-12,1.9021730019989758
10.4,attitude_only,-2.576390185873467e-13,2.55381612405912e-13,8.717530737654165e-15,1.0,0.0,0.0,0.0,1.0,-5.15278037174689e-13,5.107632248118284e-13,1.743506147517674e-14,0.0,0.0,0.0,1.343422603301368e-13,-1.3423287580174823e-13,5.062780077965208e-14,-2.103015144758687e-18,3.900202173600061e-18,2.4343392098901326e-18,0.034127142,0.034127142,0.008531785499999852,0.008531785500000114,0.008531785499999944,0.008531785500000088,533.2849613480537,533.2849613480619,533.2849613480565,533.2849613480611,-0.04627164274190652,1.0199706000001014,2.8946125646141813e-12,2.915791817487999e-12,1.8981825944781472
10.41,attitude_only,-2.569688213847898e-13,2.547120034951117e-13,8.972627140212472e-15,1.0,0.0,0.0,0.0,1.0,-5.139376427695751e-13,5.094240069902281e-13,1.7945254280294038e-14,0.0,0.0,0.0,1.3381904762558569e-13,-1.3369462984895646e-13,5.1299272578784455e-14,-2.8133503755531627e-18,4.5912533287394884e-18,2.4343392098901326e-18,0.034127142,0.034127142,0.008531785499999842,0.008531785500000114,0.008531785499999955,0.008531785500000088,533.2849613480533,533.2849613480619,533.2849613480569,533.2849613480611,-0.1344641310902053,1.0199706000001014,2.927670521805536e-12,2.9491202778697783e-12,1.8933102536333133
10.42,attitude_only,-2.5630087126193393e-13,2.540446701524396e-13,9.231018378251507e-15,1.0,0.0,0.0,0.0,1.0,-5.126017425238632e-13,5.08089340304884e-13,1.846203675637279e-14,0.0,0.0,0.0,1.3339803974711807e-13,-1.332825451061687e-13,5.190073468444625e-14,-3.642121318863202e-18,5.4295770884558e-18,2.4343392098901326e-18,0.034127142,0.034127142,0.008531785499999828,0.008531785500000114,0.008531785499999969,0.008531785500000088,533.2849613480529,533.2849613480619,533.2849613480573,533.2849613480611,-0.2226567890275435,1.0199706000001014,2.9607785338904296e-12,2.9824992354170637e-12,1.8875559794255434
10.43,attitude_only,-2.5563501523097017e-13,2.5337941681352126e-13,9.493335554067565e-15,1.0,0.0,0.0,0.0,1.0,-5.112700304619355e-13,5.067588336270474e-13,1.8986671108005584e-14,0.0,0.0,0.0,1.3296686350111982e-13,-1.328493273739081e-13,5.293646598414974e-14,-4.4543784586764325e-18,6.238209083482128e-18,2.4343392098901326e-18,0.034127142,0.034127142,0.008531785499999816,0.008531785500000114,0.00853178549999998,0.008531785500000088,533.2849613480525,533.2849613480619,533.2849613480577,533.2849613480611,-0.31084958324251344,1.0199706000001014,2.9939364658847456e-12,3.0159285554504486e-12,1.8809197718245196
10.44,attitude_only,-2.549714632636122e-13,2.5271651181270456e-13,9.761786728852822e-15,1.0,0.0,0.0,0.0,1.0,-5.099429265272195e-13,5.054330236254141e-13,1.9523573457576773e-14,0.0,0.0,0.0,1.3248424314347457e-13,-1.3235419698141704e-13,5.438543413046024e-14,-5.200076460936847e-18,6.967594582307008e-18,2.4343392098901326e-18,0.034127142,0.034127142,0.008531785499999806,0.008531785500000114,0.008531785499999991,0.008531785500000088,533.2849613480522,533.2849613480619,533.284961348058,533.2849613480611,-0.3990424869518173,1.0199706000001014,3.027144187234831e-12,3.04940810721171e-12,1.8734016308066295
10.45,attitude_only,-2.5431059714705876e-13,2.5205633768358754e-13,1.0035702379767059e-14,1.0,0.0,0.0,0.0,1.0,-5.086211942941125e-13,5.041126753671802e-13,2.0071404759405915e-14,0.0,0.0,0.0,1.3188198504878526e-13,-1.317455470151105e-13,5.502676837236806e-14,-5.796186597797519e-18,7.554670092890237e-18,2.4343392098901326e-18,0.034127142,0.034127142,0.008531785499999795,0.008531785500000114,0.008531785500000002,0.008531785500000088,533.2849613480519,533.2849613480619,533.2849613480583,533.2849613480611,-0.4872354786243652,1.0199706000001014,3.060401569867331e-12,3.082937762254154e-12,1.865001556353484
10.46,attitude_only,-2.5365334236874494e-13,2.5139979999652543e-13,1.0312244799955957e-14,1.0,0.0,0.0,0.0,1.0,-5.073066847374847e-13,5.027995999930561e-13,2.0624489599784377e-14,0.0,0.0,0.0,1.3107320074311643e-13,-1.3092631742001409e-13,5.5494585772961837e-14,-6.136377438426299e-18,7.880857752974883e-18,2.4343392098901326e-18,0.034127142,0.034127142,0.00853178549999979,0.008531785500000114,0.008531785500000007,0.008531785500000088,533.2849613480518,533.2849613480619,533.2849613480586,533.2849613480611,-0.5754285409539326,1.0199706000001014,3.0937084878649067e-12,3.1165173947015643e-12,1.8557195484507623
10.47,attitude_only,-2.5300062084972234e-13,2.507478142848646e-13,1.05914192576608e-14,1.0,0.0,0.0,0.0,1.0,-5.060012416994393e-13,5.014956285697345e-13,2.118283851519472e-14,0.0,0.0,0.0,1.300696266772522e-13,-1.2992070605043694e-13,5.6081613527500053e-14,-6.2327848261617014e-18,7.973331169986628e-18,2.4343392098901326e-18,0.034127142,0.034127142,0.00853178549999979,0.008531785500000114,0.008531785500000007,0.008531785500000088,533.2849613480518,533.2849613480619,533.2849613480586,533.2849613480611,-0.6636216600321905,1.0199706000001014,3.1270648187717857e-12,3.1501468819227538e-12,1.8455556070873103
10.48,attitude_only,-2.523532505274296e-13,2.5010113783531204e-13,1.0873100518061099e-14,1.0,0.0,0.0,0.0,1.0,-5.047065010548538e-13,5.002022756706295e-13,2.174620103599597e-14,0.0,0.0,0.0,1.289774069674876e-13,-1.2883218756046836e-13,5.657198588392786e-14,-6.211895244119032e-18,7.955430857629011e-18,2.4343392098901326e-18,0.034127142,0.034127142,0.00853178549999979,0.008531785500000114,0.008531785500000007,0.008531785500000088,533.2849613480518,533.2849613480619,533.2849613480586,533.2849613480611,-0.7518148246831373,1.0199706000001014,3.1604704406093687e-12,3.1838261020461625e-12,1.8345097322544412
10.49,attitude_only,-2.51711713159209e-13,2.494602809909372e-13,1.1158247004382596e-14,1.0,0.0,0.0,0.0,1.0,-5.034234263184124e-13,4.989205619818801e-13,2.2316494008639608e-14,0.0,0.0,0.0,1.2775284868046054e-13,-1.2761869672608042e-13,5.734594976723379e-14,-6.019953786491133e-18,7.77542882362425e-18,2.4343392098901326e-18,0.034127142,0.034127142,0.008531785499999792,0.008531785500000114,0.008531785500000005,0.008531785500000088,533.2849613480518,533.2849613480619,533.2849613480585,533.2849613480611,-0.840008025927536,1.0199706000001014,3.193925229688028e-12,3.217554931412385e-12,1.8225819239453902
10.5,attitude_only,-2.5107652201040906e-13,2.488257365600927e-13,1.144755034275364e-14,1.0,0.0,0.0,0.0,1.0,-5.021530440208125e-13,4.976514731201911e-13,2.289510068538233e-14,0.0,0.0,0.0,1.2645145968693596e-13,-1.263261569134189e-13,5.820540322849361e-14,-5.722801591130953e-18,7.487642617564586e-18,2.4343392098901326e-18,0.034127142,0.034127142,0.008531785499999797,0.008531785500000114,0.0085317855,0.008531785500000088,533.2849613480519,533.2849613480619,533.2849613480583,533.2849613480611,-0.9282012565520152,1.0199706000001014,3.227429063632445e-12,3.251333247461869e-12,1.8097721821548889
10.51,attitude_only,-2.5044793268156765e-13,2.481978084855562e-13,1.1740102310444927e-14,1.0,0.0,0.0,0.0,1.0,-5.008958653631294e-13,4.963956169711183e-13,2.3480204620765532e-14,0.0,0.0,0.0,1.2510672511830062e-13,-1.2498055078097742e-13,5.877086064936755e-14,-5.3601873599515445e-18,7.122720766444568e-18,2.4343392098901326e-18,0.034127142,0.034127142,0.008531785499999802,0.008531785500000114,0.008531785499999995,0.008531785500000088,533.2849613480521,533.2849613480619,533.2849613480581,533.2849613480611,-1.0163945107627042,1.0199706000001014,3.2609818199059237e-12,3.285160927502685e-12,1.7960805068788346
10.52,attitude_only,-2.498261234395598e-13,2.475766724910329e-13,1.2035449209743991e-14,1.0,0.0,0.0,0.0,1.0,-4.996522468791137e-13,4.951533449820719e-13,2.407089841936428e-14,0.0,0.0,0.0,1.2374489649451695e-13,-1.2360933178507588e-13,5.932261456501649e-14,-4.963441976356258e-18,6.71335128921344e-18,2.4343392098901326e-18,0.034127142,0.034127142,0.008531785499999809,0.008531785500000114,0.008531785499999988,0.008531785500000088,533.2849613480523,533.2849613480619,533.2849613480579,533.2849613480611,-1.1045877839062466,1.0199706000001014,3.294583376484931e-12,3.3190378492139493e-12,1.7815068981140307
10.53,attitude_only,-2.4921130644104303e-13,2.4696255227356165e-13,1.2333794441286611e-14,1.0,0.0,0.0,0.0,1.0,-4.9842261288208e-13,4.939251045471295e-13,2.4667588882450132e-14,0.0,0.0,0.0,1.2232872395087996e-13,-1.2218402428025537e-13,5.993219727662814e-14,-4.487322163500646e-18,6.224822526231351e-18,2.4343392098901326e-18,0.034127142,0.034127142,0.008531785499999816,0.008531785500000114,0.00853178549999998,0.008531785500000088,533.2849613480525,533.2849613480619,533.2849613480577,533.2849613480611,-1.1927810722458363,1.0199706000001014,3.328233611826241e-12,3.3529638907630568e-12,1.7660513558579891
10.54,attitude_only,-2.4860354376918716e-13,2.4635551008016143e-13,1.263621187780845e-14,1.0,0.0,0.0,0.0,1.0,-4.972070875383681e-13,4.927110201603291e-13,2.527242375549441e-14,0.0,0.0,0.0,1.2092021746406295e-13,-1.2078317593475772e-13,6.098746876823577e-14,-4.006316553960864e-18,5.751636270981749e-18,2.4343392098901326e-18,0.034127142,0.034127142,0.008531785499999823,0.008531785500000114,0.008531785499999974,0.008531785500000088,533.2849613480528,533.2849613480619,533.2849613480574,533.2849613480611,-1.2809743727810197,1.0199706000001014,3.361932406098493e-12,3.3869389321981704e-12,1.749713880108772
10.55,attitude_only,-2.480026180795924e-13,2.457552585901005e-13,1.2944638042994413e-14,1.0,0.0,0.0,0.0,1.0,-4.960052361591784e-13,4.915105171802075e-13,2.588927608586693e-14,0.0,0.0,0.0,1.196061546201487e-13,-1.194753796156692e-13,6.230352306012501e-14,-3.625502687465416e-18,5.377034484232403e-18,2.4343392098901326e-18,0.034127142,0.034127142,0.00853178549999983,0.008531785500000114,0.008531785499999967,0.008531785500000088,533.284961348053,533.2849613480619,533.2849613480572,533.2849613480611,-1.3691676831028803,1.0199706000001014,3.3956796390229487e-12,3.4209628532886795e-12,1.732494470864869
10.56,attitude_only,-2.4740782954137197e-13,2.451610908180943e-13,1.3259763273813169e-14,1.0,0.0,0.0,0.0,1.0,-4.948156590827375e-13,4.903221816361951e-13,2.6519526547505027e-14,0.0,0.0,0.0,1.1844487194445311e-13,-1.1832372356112096e-13,6.368910995800556e-14,-3.416412196075233e-18,5.1782844543856915e-18,2.4343392098901326e-18,0.034127142,0.034127142,0.008531785499999832,0.008531785500000114,0.008531785499999965,0.008531785500000088,533.284961348053,533.2849613480619,533.2849613480572,533.2849613480611,-1.4573610012775886,1.0199706000001014,3.4294751886883024e-12,3.4550355324120234e-12,1.7143931281251052
10.57,attitude_only,-2.468186105874589e-13,2.4457249006429424e-13,1.3581177911556672e-14,1.0,0.0,0.0,0.0,1.0,-4.936372211749112e-13,4.891449801285951e-13,2.7162355822992613e-14,0.0,0.0,0.0,1.1737078427534905e-13,-1.172361739235287e-13,6.483652991629735e-14,-3.3012148359038194e-18,5.045586628510238e-18,2.4343392098901326e-18,0.034127142,0.034127142,0.008531785499999835,0.008531785500000114,0.008531785499999963,0.008531785500000088,533.2849613480531,533.2849613480619,533.2849613480572,533.2849613480611,-1.5455543257528936,1.0199706000001014,3.4633189329572186e-12,3.48915684716909e-12,1.6954098518885645
10.58,attitude_only,-2.4611830073430005e-13,2.4387298720033253e-13,1.3974692429858641e-14,1.0,0.0,0.0,0.0,1.0,-4.922366014685932e-13,4.877459744006719e-13,2.794938485959724e-14,0.0,0.0,0.0,1.1618687099532817e-13,-1.160488396820226e-13,6.613091236597421e-14,-3.042387609832029e-18,4.781273935523093e-18,2.4343392098901326e-18,0.034127142,0.034127142,0.008531785499999838,0.008531785500000114,0.008531785499999958,0.008531785500000088,533.2849613480532,533.2849613480619,533.284961348057,533.2849613480611,-1.6337476552829222,1.0199706000001014,3.4972107530444974e-12,3.5233266779864033e-12,1.6755446421545346
10.59,attitude_only,-2.4565518504610776e-13,2.4341042516132406e-13,1.4240553434951687e-14,1.0,0.0,0.0,0.0,1.0,-4.913103700922086e-13,4.868208503226551e-13,2.848110686978378e-14,0.0,0.0,0.0,1.154681699857932e-13,-1.1532763673252247e-13,6.67067743023968e-14,-3.3346280982479782e-18,5.069106763448155e-18,2.4343392098901326e-18,0.034127142,0.034127142,0.008531785499999833,0.008531785500000114,0.008531785499999963,0.008531785500000088,533.2849613480531,533.2849613480619,533.2849613480572,533.2849613480611,-1.7219409888677673,1.0199706000001014,3.531150530731778e-12,3.5575449068071494e-12,1.6547974989224599
10.6,attitude_only,-2.450802401177242e-13,2.428361676754724e-13,1.4576304701266297e-14,1.0,0.0,0.0,0.0,1.0,-4.901604802354413e-13,4.85672335350952e-13,2.9152609402413565e-14,0.0,0.0,0.0,1.1461174881782562e-13,-1.144754701280787e-13,6.75893816141571e-14,-3.4530401848651225e-18,5.191261539396395e-18,2.4343392098901326e-18,0.034127142,0.034127142,0.008531785499999832,0.008531785500000114,0.008531785499999965,0.008531785500000088,533.284961348053,533.2849613480619,533.2849613480572,533.2849613480611,-1.8101343257052682,1.0199706000001014,3.5651381493588854e-12,3.5918114167465944e-12,1.6331684221919076
10.61,attitude_only,-2.445094521110434e-13,2.422660969729168e-13,1.4917321316553748e-14,1.0,0.0,0.0,0.0,1.0,-4.890189042220795e-13,4.845321939458409e-13,2.983464263298902e-14,0.0,0.0,0.0,1.137868051936061e-13,-1.1364088121153534e-13,6.870536471370555e-14,-3.600975887737738e-18,5.326163651659693e-18,2.4343392098901326e-18,0.034127142,0.034127142,0.00853178549999983,0.008531785500000114,0.008531785499999967,0.008531785500000088,533.284961348053,533.2849613480619,533.2849613480572,533.2849613480611,-1.8983276651515568,1.0199706000001014,3.5991734935197394e-12,3.6261260924713646e-12,1.610657411962541
10.62,attitude_only,-2.4394280637642325e-13,2.4170019900453754e-13,1.5263475614888625e-14,1.0,0.0,0.0,0.0,1.0,-4.878856127528391e-13,4.834003980090826e-13,3.052695122965933e-14,0.0,0.0,0.0,1.1296143116048249e-13,-1.1280404717429205e-13,6.969452439999617e-14,-3.740141359594189e-18,5.450003278710626e-18,2.4343392098901326e-18,0.034127142,0.034127142,0.008531785499999828,0.008531785500000114,0.008531785499999969,0.008531785500000088,533.2849613480529,533.2849613480619,533.2849613480573,533.2849613480611,-1.9865210066901071,1.0199706000001014,3.633256450089211e-12,3.660488820427975e-12,1.5872644682340984
10.63,attitude_only,-2.433802530086848e-13,2.4113842164414675e-13,1.5614994896837753e-14,1.0,0.0,0.0,0.0,1.0,-4.86760506017362e-13,4.822768432883011e-13,3.122998979355813e-14,0.0,0.0,0.0,1.1213704527989754e-13,-1.1198587589893006e-13,7.0765874671946e-14,-3.8722487556914255e-18,5.5880565072657225e-18,2.4343392098901326e-18,0.034127142,0.034127142,0.008531785499999826,0.008531785500000114,0.00853178549999997,0.008531785500000088,533.2849613480529,533.2849613480619,533.2849613480573,533.2849613480611,-2.0747143499065706,1.0199706000001014,3.667386907674469e-12,3.694899489005585e-12,1.5629895910063747
10.64,attitude_only,-2.428217659751623e-13,2.4058071572068565e-13,1.5971598646551392e-14,1.0,0.0,0.0,0.0,1.0,-4.856435319503169e-13,4.811614314413791e-13,3.194319729298595e-14,0.0,0.0,0.0,1.1134795645185861e-13,-1.1118219004103005e-13,7.178244137081518e-14,-4.0388217265632755e-18,5.7354553781959914e-18,2.4343392098901326e-18,0.034127142,0.034127142,0.008531785499999823,0.008531785500000114,0.008531785499999974,0.008531785500000088,533.2849613480528,533.2849613480619,533.2849613480574,533.2849613480611,-2.1629076944685344,1.0199706000001014,3.701564754875261e-12,3.72935798707304e-12,1.5378327802792113
10.65,attitude_only,-2.4226719341578696e-13,2.40027003862349e-13,1.6333267988718213e-14,1.0,0.0,0.0,0.0,1.0,-4.84534386831566e-13,4.800540077247059e-13,3.266653597732012e-14,0.0,0.0,0.0,1.1055638195112841e-13,-1.1038515671285201e-13,7.287688458850781e-14,-4.194496145198255e-18,5.882866951510841e-18,2.4343392098901326e-18,0.034127142,0.034127142,0.008531785499999821,0.008531785500000114,0.008531785499999976,0.008531785500000088,533.2849613480527,533.2849613480619,533.2849613480575,533.2849613480611,-2.2511010401093903,1.0199706000001014,3.735789881703581e-12,3.763864204060308e-12,1.5117940360524837
10.66,attitude_only,-2.4171664441377325e-13,2.394772753690682e-13,1.670029401626455e-14,1.0,0.0,0.0,0.0,1.0,-4.834332888275385e-13,4.789545507381445e-13,3.3400588032413326e-14,0.0,0.0,0.0,1.0973784285790476e-13,-1.095806410608287e-13,7.383816017707951e-14,-4.309627661908877e-18,6.013254579691142e-18,2.4343392098901326e-18,0.034127142,0.034127142,0.00853178549999982,0.008531785500000114,0.008531785499999977,0.008531785500000088,533.2849613480527,533.2849613480619,533.2849613480575,533.2849613480611,-2.339294386615274,1.0199706000001014,3.7700621785132015e-12,3.798418030117757e-12,1.4848733583260962
10.67,attitude_only,-2.4117018907009445e-13,2.3893155563520484e-13,1.7072127183059605e-14,1.0,0.0,0.0,0.0,1.0,-4.823403781401807e-13,4.77863111270418e-13,3.414425436600396e-14,0.0,0.0,0.0,1.089242672934796e-13,-1.087828482134352e-13,7.480045084017949e-14,-4.422579657533452e-18,6.143731644953276e-18,2.4343392098901326e-18,0.034127142,0.034127142,0.008531785499999818,0.008531785500000114,0.008531785499999979,0.008531785500000088,533.2849613480525,533.2849613480619,533.2849613480577,533.2849613480611,-2.4274877338145906,1.0199706000001014,3.804381537258597e-12,3.83301935799037e-12,1.4570707470999733
10.68,attitude_only,-2.4062776313929634e-13,2.3838980486907053e-13,1.744877586346836e-14,1.0,0.0,0.0,0.0,1.0,-4.812555262785844e-13,4.767796097381494e-13,3.4897551726821994e-14,0.0,0.0,0.0,1.0813499455456128e-13,-1.0800501055471789e-13,7.576299527193067e-14,-4.556802316377072e-18,6.290376560039647e-18,2.4343392098901326e-18,0.034127142,0.034127142,0.008531785499999814,0.008531785500000114,0.008531785499999982,0.008531785500000088,533.2849613480524,533.2849613480619,533.2849613480578,533.2849613480611,-2.5156810815700243,1.0199706000001014,3.83874785030757e-12,3.867668079845627e-12,1.4283862023740563
10.69,attitude_only,-2.4008923756709347e-13,2.3785195019344253e-13,1.7830462774995997e-14,1.0,0.0,0.0,0.0,1.0,-4.801784751341785e-13,4.757039003868936e-13,3.566092554987778e-14,0.0,0.0,0.0,1.0735623410467305e-13,-1.0722103764032218e-13,7.680417752839256e-14,-4.695852117557906e-18,6.421819439167999e-18,2.4343392098901326e-18,0.034127142,0.034127142,0.008531785499999812,0.008531785500000114,0.008531785499999984,0.008531785500000088,533.2849613480524,533.2849613480619,533.2849613480578,533.2849613480611,-2.6038744297711585,1.0199706000001014,3.873161010544204e-12,3.902364088219909e-12,1.3988197241483
10.7,attitude_only,-2.395545354758976e-13,2.373180019285258e-13,1.8217226109822036e-14,1.0,0.0,0.0,0.0,1.0,-4.791090709517865e-13,4.746360038570603e-13,3.643445221953037e-14,0.0,0.0,0.0,1.065992801020035e-13,-1.0644220005426428e-13,7.791841469961982e-14,-4.853500115374463e-18,6.5516363364411634e-18,2.4343392098901326e-18,0.034127142,0.034127142,0.00853178549999981,0.008531785500000114,0.008531785499999986,0.008531785500000088,533.2849613480523,533.2849613480619,533.2849613480579,533.2849613480611,-2.6920677783295632,1.0199706000001014,3.9076209117392745e-12,3.937107276230343e-12,1.3683713124226689
10.71,attitude_only,-2.3902375572241263e-13,2.3678800677785665e-13,1.8608513530360756e-14,1.0,0.0,0.0,0.0,1.0,-4.780475114448165e-13,4.735760135557222e-13,3.721702706060831e-14,0.0,0.0,0.0,1.0577028425049098e-13,-1.0562162312337571e-13,7.838911491294921e-14,-4.916407936064505e-18,6.623160250608779e-18,2.4343392098901326e-18,0.034127142,0.034127142,0.008531785499999809,0.008531785500000114,0.008531785499999988,0.008531785500000088,533.2849613480523,533.2849613480619,533.2849613480579,533.2849613480611,-2.7802611271743443,1.0199706000001014,3.9421274488411e-12,3.971897538271309e-12,1.3370409671971348
10.72,attitude_only,-2.384975135678876e-13,2.3626252883096325e-13,1.9001576788271044e-14,1.0,0.0,0.0,0.0,1.0,-4.769950271357662e-13,4.725250576619356e-13,3.8003153576429394e-14,0.0,0.0,0.0,1.0480312444103209e-13,-1.046496433562395e-13,7.879256643805513e-14,-4.8038474091241325e-18,6.503280963607705e-18,2.4343392098901326e-18,0.034127142,0.034127142,0.00853178549999981,0.008531785500000114,0.008531785499999986,0.008531785500000088,533.2849613480523,533.2849613480619,533.2849613480579,533.2849613480611,-2.868454476248653,1.0199706000001014,3.976680518741476e-12,4.0067347718358465e-12,1.3048286884716767
10.73,attitude_only,-2.3797643259368233e-13,2.3574218754043493e-13,1.939671672119555e-14,1.0,0.0,0.0,0.0,1.0,-4.759528651873555e-13,4.71484375080879e-13,3.87934334422789e-14,0.0,0.0,0.0,1.0371741598839883e-13,-1.0357906230216743e-13,7.921299000963752e-14,-4.538171425848194e-18,6.254374321742846e-18,2.4343392098901326e-18,0.034127142,0.034127142,0.008531785499999816,0.008531785500000114,0.00853178549999998,0.008531785500000088,533.2849613480525,533.2849613480619,533.2849613480577,533.2849613480611,-2.956647825506921,1.0199706000001014,4.0112800227166235e-12,4.041618877919997e-12,1.2717344762462774
10.74,attitude_only,-2.3746100103140547e-13,2.352274068059393e-13,1.9795797914484863e-14,1.0,0.0,0.0,0.0,1.0,-4.749220020628016e-13,4.70454813611888e-13,3.959159582885801e-14,0.0,0.0,0.0,1.0258662319183416e-13,-1.0245200675825455e-13,8.02680686369074e-14,-4.207086301888909e-18,5.9264277366299534e-18,2.4343392098901326e-18,0.034127142,0.034127142,0.008531785499999821,0.008531785500000114,0.008531785499999976,0.008531785500000088,533.2849613480527,533.2849613480619,533.2849613480575,533.2849613480611,-3.044841174912614,1.0199706000001014,4.0459258617667496e-12,4.076549757856391e-12,1.2377583305209243
10.75,attitude_only,-2.369509320696564e-13,2.3471794913609594e-13,2.020122144068553e-14,1.0,0.0,0.0,0.0,1.0,-4.739018641393033e-13,4.694358982722015e-13,4.040244288125982e-14,0.0,0.0,0.0,1.0156863702461923e-13,-1.014441904225846e-13,8.172344190953388e-14,-4.001189271477141e-18,5.731490038051839e-18,2.4343392098901326e-18,0.034127142,0.034127142,0.008531785499999823,0.008531785500000114,0.008531785499999974,0.008531785500000088,533.2849613480528,533.2849613480619,533.2849613480574,533.2849613480611,-3.1330345244363276,1.0199706000001014,4.0806179359442256e-12,4.111527311482016e-12,1.202900251295607
10.76,attitude_only,-2.3644562243383383e-13,2.3421322524039034e-13,2.0613394537552238e-14,1.0,0.0,0.0,0.0,1.0,-4.72891244867658e-13,4.684264504807905e-13,4.122678907499372e-14,0.0,0.0,0.0,1.0067260861694866e-13,-1.0055084015684376e-13,8.294445477187675e-14,-3.932681268441948e-18,5.6649781207312206e-18,2.4343392098901326e-18,0.034127142,0.034127142,0.008531785499999825,0.008531785500000114,0.008531785499999972,0.008531785500000088,533.2849613480528,533.2849613480619,533.2849613480574,533.2849613480611,-3.221227874054869,1.0199706000001014,4.115356141340817e-12,4.146551434695331e-12,1.1671602385703175
10.77,attitude_only,-2.3594467567288394e-13,2.3371282886767343e-13,2.103094750917649e-14,1.0,0.0,0.0,0.0,1.0,-4.718893513457581e-13,4.674256577353568e-13,4.206189501824269e-14,0.0,0.0,0.0,9.979613678523344e-14,-9.968904511799255e-14,8.403965929550023e-14,-3.878876438235974e-18,5.6277145252896846e-18,2.4343392098901326e-18,0.034127142,0.034127142,0.008531785499999825,0.008531785500000114,0.008531785499999972,0.008531785500000088,533.2849613480528,533.2849613480619,533.2849613480574,533.2849613480611,-3.3094212237492697,1.0199706000001014,4.1501403744876805e-12,4.181622023602831e-12,1.1305382923450495
10.78,attitude_only,-2.354480169044549e-13,2.3321668025769037e-13,2.1453800225573867e-14,1.0,0.0,0.0,0.0,1.0,-4.708960338088998e-13,4.664333605153908e-13,4.290760045103791e-14,0.0,0.0,0.0,9.895001067946836e-14,-9.88515743620339e-14,8.500550271949453e-14,-3.853025218112547e-18,5.611265361759606e-18,2.4343392098901326e-18,0.034127142,0.034127142,0.008531785499999826,0.008531785500000114,0.00853178549999997,0.008531785500000088,533.2849613480529,533.2849613480619,533.2849613480573,533.2849613480611,-3.397614573504437,1.0199706000001014,4.184970535147061e-12,4.216738978229013e-12,1.0930344126197993
10.79,attitude_only,-2.349555607857248e-13,2.327247134652163e-13,2.1881471120155637e-14,1.0,0.0,0.0,0.0,1.0,-4.699111215714394e-13,4.654494269304429e-13,4.376294224020191e-14,0.0,0.0,0.0,9.812569345263061e-14,-9.802104427578494e-14,8.596906222579032e-14,-3.845101480433541e-18,5.594839701018684e-18,2.4343392098901326e-18,0.034127142,0.034127142,0.008531785499999826,0.008531785500000114,0.00853178549999997,0.008531785500000088,533.2849613480529,533.2849613480619,533.2849613480573,533.2849613480611,-3.4858079233083203,1.0199706000001014,4.219846524970268e-12,4.251902199962887e-12,1.0546485993945616
10.8,attitude_only,-2.3446717506501536e-13,2.3223681651186627e-13,2.231430238977581e-14,1.0,0.0,0.0,0.0,1.0,-4.689343501300203e-13,4.64473633023743e-13,4.462860477944272e-14,0.0,0.0,0.0,9.731162360611826e-14,-9.721025294027561e-14,8.701176709406898e-14,-3.841333900680061e-18,5.59399262781041e-18,2.4343392098901326e-18,0.034127142,0.034127142,0.008531785499999826,0.008531785500000114,0.00853178549999997,0.008531785500000088,533.2849613480529,533.2849613480619,533.2849613480573,533.2849613480611,-3.5740012731512207,1.0199706000001014,4.2547682463684625e-12,4.287111590841584e-12,1.0153808526693342
10.81,attitude_only,-2.339828896980101e-13,2.3175303668606335e-13,2.2752031378821402e-14,1.0,0.0,0.0,0.0,1.0,-4.679657793960097e-13,4.635060733721373e-13,4.550406275753435e-14,0.0,0.0,0.0,9.648822663243378e-14,-9.638039510685255e-14,8.798547734575436e-14,-3.818139798583025e-18,5.561967178771231e-18,2.4343392098901326e-18,0.034127142,0.034127142,0.008531785499999826,0.008531785500000114,0.00853178549999997,0.008531785500000088,533.2849613480529,533.2849613480619,533.2849613480573,533.2849613480611,-3.662194623025386,1.0199706000001014,4.289735602802216e-12,4.322367054336012e-12,0.9752311724441146
10.82,attitude_only,-2.3350263646006713e-13,2.3127334431254966e-13,2.319466176693759e-14,1.0,0.0,0.0,0.0,1.0,-4.670052729201236e-13,4.625466886251101e-13,4.6389323533767176e-14,0.0,0.0,0.0,9.569411451136599e-14,-9.557275205256746e-14,8.902843598267047e-14,-3.822146398415306e-18,5.548523034154772e-18,2.4343392098901326e-18,0.034127142,0.034127142,0.008531785499999826,0.008531785500000114,0.00853178549999997,0.008531785500000088,533.2849613480529,533.2849613480619,533.2849613480573,533.2849613480611,-3.7503879729245915,1.0199706000001014,4.324748499273577e-12,4.3576684949896554e-12,0.9341995587189014
10.83,attitude_only,-2.330262665184349e-13,2.3079762849143387e-13,2.3642884545816908e-14,1.0,0.0,0.0,0.0,1.0,-4.660525330368589e-13,4.615952569828788e-13,4.728576909152625e-14,0.0,0.0,0.0,9.493730199543699e-14,-9.480268356465996e-14,9.008966596127653e-14,-3.863344399254864e-18,5.572467684312355e-18,2.4343392098901326e-18,0.034127142,0.034127142,0.008531785499999826,0.008531785500000114,0.00853178549999997,0.008531785500000088,533.2849613480529,533.2849613480619,533.2849613480573,533.2849613480611,-3.838581322843858,1.0199706000001014,4.3598068406655955e-12,4.393015817369514e-12,0.892286011493693
10.84,attitude_only,-2.325536191386126e-13,2.3032571353315514e-13,2.4096055813074555e-14,1.0,0.0,0.0,0.0,1.0,-4.651072382772141e-13,4.606514270663215e-13,4.819211162604198e-14,0.0,0.0,0.0,9.419069881949371e-14,-9.404311786163897e-14,9.108037871148573e-14,-3.909327576317839e-18,5.601420019303548e-18,2.4343392098901326e-18,0.034127142,0.034127142,0.008531785499999825,0.008531785500000114,0.008531785499999972,0.008531785500000088,533.2849613480528,533.2849613480619,533.2849613480574,533.2849613480611,-3.926774672779044,1.0199706000001014,4.394910532110644e-12,4.4284089264427366e-12,0.8494905307684885
10.85,attitude_only,-2.320848448779283e-13,2.2985764599103124e-13,2.4554173157908474e-14,1.0,0.0,0.0,0.0,1.0,-4.641696897558453e-13,4.597152919820739e-13,4.9108346315710256e-14,0.0,0.0,0.0,9.340264908247297e-14,-9.32700440615601e-14,9.206931508123559e-14,-3.8976943827176434e-18,5.606431899824487e-18,2.4343392098901326e-18,0.034127142,0.034127142,0.008531785499999825,0.008531785500000114,0.008531785499999972,0.008531785500000088,533.2849613480528,533.2849613480619,533.2849613480574,533.2849613480611,-4.01496802272729,1.0199706000001014,4.430059479954268e-12,4.463847728508424e-12,0.8058131165432867
10.86,attitude_only,-2.316199762464025e-13,2.2939342239426576e-13,2.501722972856553e-14,1.0,0.0,0.0,0.0,1.0,-4.632399524927935e-13,4.587868447885431e-13,5.00344594570248e-14,0.0,0.0,0.0,9.261557385990271e-14,-9.248357974876738e-14,9.305571376463834e-14,-3.879359854232364e-18,5.587510521960862e-18,2.4343392098901326e-18,0.034127142,0.034127142,0.008531785499999826,0.008531785500000114,0.00853178549999997,0.008531785500000088,533.2849613480529,533.2849613480619,533.2849613480573,533.2849613480611,-4.10316137268584,1.0199706000001014,4.4652535922765155e-12,4.4993321324484266e-12,0.7612537688180873
10.870000000000001,attitude_only,-2.311590055528278e-13,2.289330881840934e-13,2.5485231107955685e-14,1.0,0.0,0.0,0.0,1.0,-4.623180111056439e-13,4.578661763681986e-13,5.097046221580553e-14,0.0,0.0,0.0,9.18489253832666e-14,-9.171771992377183e-14,9.404642651484799e-14,-3.8778709361018325e-18,5.5856559312040654e-18,2.4343392098901326e-18,0.034127142,0.034127142,0.008531785499999826,0.008531785500000114,0.00853178549999997,0.008531785500000088,533.2849613480529,533.2849613480619,533.2849613480573,533.2849613480611,-4.191354722652646,1.0199706000001014,4.500492777856289e-12,4.534862046664694e-12,0.7158124875928895
10.88,attitude_only,-2.3070192614881823e-13,2.2847662081477586e-13,2.5958172474474867e-14,1.0,0.0,0.0,0.0,1.0,-4.614038522976246e-13,4.569532416295637e-13,5.191634494884432e-14,0.0,0.0,0.0,9.106569435427765e-14,-9.094627304213819e-14,9.503333273551994e-14,-3.8486506448578475e-18,5.569382403665056e-18,2.4343392098901326e-18,0.034127142,0.034127142,0.008531785499999826,0.008531785500000114,0.00853178549999997,0.008531785500000088,533.2849613480529,533.2849613480619,533.2849613480573,533.2849613480611,-4.27954807262606,1.0199706000001014,4.535776945742222e-12,4.5704373799080905e-12,0.6694892728676933
10.89,attitude_only,-2.3024870145046717e-13,2.2802398910936687e-13,2.6436060679876245e-14,1.0,0.0,0.0,0.0,1.0,-4.604974029009223e-13,4.56047978218746e-13,5.287212135964748e-14,0.0,0.0,0.0,9.029782469016662e-14,-9.018098626503929e-14,9.602252287392061e-14,-3.830185294826258e-18,5.552848133796752e-18,2.4343392098901326e-18,0.034127142,0.034127142,0.008531785499999826,0.008531785500000114,0.00853178549999997,0.008531785500000088,533.2849613480529,533.2849613480619,533.2849613480573,533.2849613480611,-4.367741422604772,1.0199706000001014,4.5711060059833605e-12,4.6060580422357604e-12,0.6222841246424982
10.9,attitude_only,-2.29799282407581e-13,2.27575189023015e-13,2.6918895343506875e-14,1.0,0.0,0.0,0.0,1.0,-4.595985648151498e-13,4.551503780460424e-13,5.383779068690916e-14,0.0,0.0,0.0,8.95429226741238e-14,-8.94148597202783e-14,9.70134893927627e-14,-3.8197321023160925e-18,5.527644877286319e-18,2.4343392098901326e-18,0.034127142,0.034127142,0.008531785499999826,0.008531785500000114,0.00853178549999997,0.008531785500000088,533.2849613480529,533.2849613480619,533.2849613480573,533.2849613480611,-4.455934772587726,1.0199706000001014,4.606479869179501e-12,4.641723943956318e-12,0.5741970429173038
10.91,attitude_only,-2.2935370578871736e-13,2.271302410215767e-13,2.7406745840636316e-14,1.0,0.0,0.0,0.0,1.0,-4.587074115774223e-13,4.54260482043166e-13,5.4813491681168446e-14,0.0,0.0,0.0,8.876072096757228e-14,-8.863405565431667e-14,9.807294299094165e-14,-3.768697264129971e-18,5.477020554675527e-18,2.4343392098901326e-18,0.034127142,0.034127142,0.008531785499999828,0.008531785500000114,0.008531785499999969,0.008531785500000088,533.2849613480529,533.2849613480619,533.2849613480573,533.2849613480611,-4.544128122574076,1.0199706000001014,4.641898446757487e-12,4.677434996080292e-12,0.5252280276921101
10.92,attitude_only,-2.289119664744639e-13,2.266891282491646e-13,2.7899851129962387e-14,1.0,0.0,0.0,0.0,1.0,-4.578239329489152e-13,4.53378256498342e-13,5.579970225982099e-14,0.0,0.0,0.0,8.80055985013216e-14,-8.787803069192312e-14,9.906999995701627e-14,-3.742606289642355e-18,5.448570906722462e-18,2.4343392098901326e-18,0.034127142,0.034127142,0.008531785499999828,0.008531785500000114,0.008531785499999969,0.008531785500000088,533.2849613480529,533.2849613480619,533.2849613480573,533.2849613480611,-4.632321472562967,1.0199706000001014,4.6773616513319845e-12,4.713191111447999e-12,0.475377078966917
10.93,attitude_only,-2.284739683111585e-13,2.2625175826887996e-13,2.8397757036682863e-14,1.0,0.0,0.0,0.0,1.0,-4.569479366223042e-13,4.525035165377729e-13,5.679551407326234e-14,0.0,0.0,0.0,8.726194594076859e-14,-8.713677958741809e-14,9.999171809062345e-14,-3.722842676386397e-18,5.430437377190594e-18,2.4343392098901326e-18,0.034127142,0.034127142,0.008531785499999828,0.008531785500000114,0.008531785499999969,0.008531785500000088,533.2849613480529,533.2849613480619,533.2849613480573,533.2849613480611,-4.72051482255425,1.0199706000001014,4.712869395349805e-12,4.748992202236715e-12,0.42464419674172427
10.94,attitude_only,-2.28039778272545e-13,2.2581818962295592e-13,2.890044478191881e-14,1.0,0.0,0.0,0.0,1.0,-4.56079556545077e-13,4.51636379245925e-13,5.780088956373462e-14,0.0,0.0,0.0,8.649268000877722e-14,-8.636771202178763e-14,1.009814157662906e-13,-3.6646503580845076e-18,5.3712334186518956e-18,2.4343392098901326e-18,0.034127142,0.034127142,0.008531785499999828,0.008531785500000114,0.008531785499999969,0.008531785500000088,533.2849613480529,533.2849613480619,533.2849613480573,533.2849613480611,-4.808708172547271,1.0199706000001014,4.7484215923024e-12,4.7848381819479365e-12,0.3730293810165318
10.95,attitude_only,-2.276094567899829e-13,2.2538847977198026e-13,2.9408081649954626e-14,1.0,0.0,0.0,0.0,1.0,-4.552189135799526e-13,4.507769595439739e-13,5.881616329980665e-14,0.0,0.0,0.0,8.57152249782709e-14,-8.5597424182814e-14,1.0197365112829724e-13,-3.588856571259619e-18,5.302862253711669e-18,2.4343392098901326e-18,0.034127142,0.034127142,0.00853178549999983,0.008531785500000114,0.008531785499999967,0.008531785500000088,533.284961348053,533.2849613480619,533.2849613480572,533.2849613480611,-4.896901522541684,1.0199706000001014,4.784018157370246e-12,4.820728965616228e-12,0.32053263179133956
10.96,attitude_only,-2.2718304350448986e-13,2.249626156564381e-13,2.9920673858121926e-14,1.0,0.0,0.0,0.0,1.0,-4.5436608700896625e-13,4.4992523131288976e-13,5.984134771614164e-14,0.0,0.0,0.0,8.493313768974602e-14,-8.482679493932552e-14,1.0296537895304302e-13,-3.499683201927352e-18,5.226375110918872e-18,2.4343392098901326e-18,0.034127142,0.034127142,0.008531785499999832,0.008531785500000114,0.008531785499999965,0.008531785500000088,533.284961348053,533.2849613480619,533.2849613480572,533.2849613480611,-4.985094872537211,1.0199706000001014,4.819659005854208e-12,4.856664468567062e-12,0.26715394906614753
10.97,zero_thrust,-3.5340632478752586e-13,3.500686620748315e-13,3.043821595039507e-14,1.0,0.0,0.0,0.0,1.0,-7.068126495750304e-13,7.001373241496845e-13,6.08764319005427e-14,0.0,0.0,0.0,-3.6849821679983746e-11,3.652380700480763e-11,1.0395177763647049e-13,0.0,0.0,0.0,0.0,0.0,0.0,0.0,0.0,0.0,0.0,0.0,0.0,0.0,-5.3410244640547315,1.0199706000001014,4.855154427900116e-12,4.8924533520896066e-12,0.21303600642514295
10.98,zero_thrust,-5.737798976605407e-13,5.68492349127331e-13,3.0956924105579894e-14,1.0,0.0,0.0,0.0,1.0,-1.1475597953210463e-12,1.1369846982546975e-12,6.19138482105074e-14,0.0,0.0,0.0,-4.8054690953801683e-11,4.762947432154617e-11,1.0320804521007302e-13,0.0,0.0,0.0,0.0,0.0,0.0,0.0,0.0,0.0,0.0,0.0,0.0,0.0,-4.945429844328757,1.0199706000001014,4.897943793574378e-12,4.935607461641224e-12,0.1726793900400491
10.99,zero_thrust,-8.021708038283743e-13,7.948622193803815e-13,3.1469831066157084e-14,1.0,0.0,0.0,0.0,1.0,-1.6043416076566985e-12,1.5897244387608134e-12,6.293966213103894e-14,0.0,0.0,0.0,-4.1153286871201444e-11,4.0789106156318e-11,1.0209533318870575e-13,0.0,0.0,0.0,0.0,0.0,0.0,0.0,0.0,0.0,0.0,0.0,0.0,0.0,-4.059664552243454,1.0199706000001014,4.971749215215191e-12,5.010069583692107e-12,0.16751335620102675
11.0,zero_thrust,-9.686809145117085e-13,9.59898559064013e-13,3.1977633773978366e-14,1.0,0.0,0.0,0.0,1.0,-1.9373618290233556e-12,1.919797118128088e-12,6.395526754609706e-14,0.0,0.0,0.0,-2.7402246218122414e-11,2.715969251470236e-11,1.0115285630477325e-13,0.0,0.0,0.0,0.0,0.0,0.0,0.0,0.0,0.0,0.0,0.0,0.0,0.0,-2.632995804537373,1.0199706000001014,5.0928713207806166e-12,5.132286135491256e-12,0.1982501480639011
11.01,zero_thrust,-1.1045646468716657e-12,1.0945795565811008e-12,3.2481210205077924e-14,1.0,0.0,0.0,0.0,1.0,-2.2091292937432603e-12,2.1891591131622734e-12,6.496242040773778e-14,0.0,0.0,0.0,-2.7176798382372426e-11,2.693624265395269e-11,1.0039962341510954e-13,0.0,0.0,0.0,0.0,0.0,0.0,0.0,0.0,0.0,0.0,0.0,0.0,0.0,-1.1195879085467006,1.0199706000001014,5.246244132146447e-12,5.287049465372106e-12,0.24759058481805993
11.02,attitude_only,-1.2404489168173826e-12,1.2292610325599616e-12,3.298200642036976e-14,1.0,0.0,0.0,0.0,1.0,-2.480897833634684e-12,2.4585220651200052e-12,6.596401283768984e-14,2.480897833634765e-12,-2.4585220651199232e-12,-0.0,-2.7176905351487237e-11,2.6936345269623278e-11,9.992401341189878e-14,6.300133934430597e-14,-6.243766054301148e-14,2.4343392098901326e-18,0.034127142,0.034127142,0.008531785500964013,0.008531785500004434,0.008531785499035783,0.008531785499995769,533.2849613781865,533.2849613481968,533.2849613179237,533.284961347926,0.3311257655768164,1.0199706000001014,5.400914553049062e-12,5.44312228137877e-12,0.2966624285146216
11.03,attitude_only,-1.375543986773207e-12,1.363160385722644e-12,3.348571672433701e-14,1.0,0.0,0.0,0.0,1.0,-2.7510879735463228e-12,2.72632077144538e-12,6.697143344492385e-14,2.751087973546414e-12,-2.726320771445288e-12,-0.0,-2.6627350101584272e-11,2.6391704017581966e-11,1.0171487056299735e-13,6.612553702173267e-14,-6.553422463378664e-14,2.4343392098901326e-18,0.034127142,0.034127142,0.008531785501011826,0.008531785500004645,0.00853178549898797,0.008531785499995557,533.2849613796807,533.2849613482035,533.2849613164295,533.2849613479194,1.066636061829195,1.0199706000001014,5.555612871008213e-12,5.599223248842722e-12,0.34476655547668794
11.04,attitude_only,-1.5017380739926048e-12,1.488238333353764e-12,3.4000314343105926e-14,1.0,0.0,0.0,0.0,1.0,-3.0034761479851082e-12,2.9764766667076302e-12,6.800062868174196e-14,3.0034761479852096e-12,-2.976476666707528e-12,-0.0,-2.370354625664551e-11,2.3494073598706565e-11,1.0384265712352572e-13,6.618301357843666e-14,-6.559152727694084e-14,2.4343392098901326e-18,0.034127142,0.034127142,0.008531785501012707,0.008531785500004647,0.00853178549898709,0.008531785499995555,533.2849613797083,533.2849613482035,533.2849613164019,533.2849613479194,1.7960888679779012,1.0199706000001014,5.7103302356282414e-12,5.755343437701783e-12,0.3919055564024142
11.05,attitude_only,-1.6063664614215355e-12,1.5919436335885192e-12,3.4524284950017185e-14,1.0,0.0,0.0,0.0,1.0,-3.2127329228429612e-12,3.1838872671771495e-12,6.904856989491988e-14,3.212732922843071e-12,-3.1838872671770384e-12,-0.0,-1.8326763326675666e-11,1.8165403586065247e-11,1.0552722883313477e-13,6.274649628631833e-14,-6.218609322998382e-14,2.4343392098901326e-18,0.034127142,0.034127142,0.00853178550096012,0.008531785500004408,0.008531785499039676,0.008531785499995795,533.2849613780648,533.284961348196,533.2849613180454,533.2849613479269,2.360770859135523,1.0199706000001014,5.865054066903919e-12,5.911470156494353e-12,0.4381005446400733
11.06,attitude_only,-1.6788651447143645e-12,1.6638065987617811e-12,3.5055477232373524e-14,1.0,0.0,0.0,0.0,1.0,-3.3577302894286122e-12,3.3276131975236798e-12,7.011095445916044e-14,3.357730289428729e-12,-3.3276131975235622e-12,-0.0,-1.1167120213184492e-11,1.106977487983182e-11,1.0667993717044257e-13,5.634233718023153e-14,-5.583950901521266e-14,2.4343392098901326e-18,0.034127142,0.034127142,0.00853178550086212,0.008531785500003965,0.008531785499137677,0.008531785499996237,533.284961375002,533.2849613481823,533.2849613211082,533.2849613479407,2.7940468345572493,1.0199706000001014,6.019770976504654e-12,6.067589897272263e-12,0.4833720520025139
11.07,attitude_only,-1.7125850696022677e-12,1.697237402912521e-12,3.559190286633104e-14,1.0,0.0,0.0,0.0,1.0,-3.4251701392044147e-12,3.394474805825164e-12,7.118380572684876e-14,3.4251701392045354e-12,-3.394474805825042e-12,-0.0,-3.049634964087195e-12,3.0248018936052505e-12,1.0776476239794486e-13,4.778364644218577e-14,-4.7357576230877077e-14,2.4343392098901326e-18,0.034127142,0.034127142,0.008531785500731146,0.008531785500003376,0.00853178549926865,0.008531785499996827,533.2849613709087,533.2849613481638,533.2849613252016,533.2849613479591,3.122496296036572,1.0199706000001014,6.1744767428614886e-12,6.223698402039331e-12,0.5277349934220515
11.08,attitude_only,-1.70488847476782e-12,1.6896213236051899e-12,3.613409567701254e-14,1.0,0.0,0.0,0.0,1.0,-3.409776949535518e-12,3.379242647210503e-12,7.226819134826385e-14,3.40977694953564e-12,-3.3792426472103798e-12,-0.0,5.261777909893103e-12,-5.21244904807937e-12,1.0891658254503099e-13,3.7913592633237294e-14,-3.7575888971719827e-14,2.4343392098901326e-18,0.034127142,0.034127142,0.008531785500580105,0.008531785500002697,0.008531785499419691,0.008531785499997505,533.2849613661882,533.2849613481426,533.284961329922,533.2849613479804,3.3672835862422428,1.0199706000001014,6.32917816890428e-12,6.379802536819924e-12,0.5711993208926999
11.09,attitude_only,-1.6565854917884241e-12,1.6417612946923225e-12,3.66807979265957e-14,1.0,0.0,0.0,0.0,1.0,-3.313170983576728e-12,3.2835225893847666e-12,7.336159584775196e-14,3.3131709835768482e-12,-3.283522589384645e-12,-0.0,1.3144653151795751e-11,-1.3024971729769443e-11,1.0966092708913387e-13,2.749474131828834e-14,-2.7250323601423685e-14,2.4343392098901326e-18,0.034127142,0.034127142,0.008531785500420665,0.008531785500001979,0.008531785499579132,0.008531785499998223,533.2849613612053,533.2849613481201,533.2849613349049,533.2849613480028,3.5452685264739223,1.0199706000001014,6.483891438947717e-12,6.53591863272886e-12,0.6137714037667129
11.1,attitude_only,-1.5711559950714132e-12,1.5571059328705045e-12,3.7231094201481514e-14,1.0,0.0,0.0,0.0,1.0,-3.1423119901427105e-12,3.114211865741126e-12,7.446218839807012e-14,3.1423119901428264e-12,-3.114211865741009e-12,-0.0,2.0137828621508258e-11,-1.995578410041483e-11,1.1046992811450304e-13,1.7165475746224265e-14,-1.701348341849555e-14,2.4343392098901326e-18,0.034127142,0.034127142,0.008531785500262595,0.00853178550000127,0.008531785499737201,0.008531785499998933,533.2849613562652,533.284961348098,533.284961339845,533.2849613480249,3.669891302149809,1.0199706000001014,6.638639274612662e-12,6.692069614172033e-12,0.6554552278152456
11.11,attitude_only,-1.4539550890512122e-12,1.4409623662980199e-12,3.778585021428533e-14,1.0,0.0,0.0,0.0,1.0,-2.9079101781023154e-12,2.8819247325961496e-12,7.557170042438047e-14,2.9079101781024245e-12,-2.8819247325960398e-12,-0.0,2.5934241469921002e-11,-2.5700545132915533e-11,1.1135840308251198e-13,7.42840718675518e-15,-7.363511603685517e-15,2.4343392098901326e-18,0.034127142,0.034127142,0.008531785500113588,0.0085317855000006,0.008531785499886209,0.008531785499999603,533.2849613516082,533.284961348077,533.284961344502,533.2849613480458,3.7518735978026,1.0199706000001014,6.7934478678838935e-12,6.84828190877584e-12,0.6962532556193823
11.12,attitude_only,-1.3114918092093216e-12,1.2997818082986428e-12,3.8345886708965494e-14,1.0,0.0,0.0,0.0,1.0,-2.6229836184185434e-12,2.599563616597386e-12,7.669177341452168e-14,2.622983618418643e-12,-2.5995636165972856e-12,-0.0,3.036213119180253e-11,-3.0088891759185063e-11,1.1248258475229323e-13,-1.34550214578419e-15,1.3317702957550897e-15,2.4343392098901326e-18,0.034127142,0.034127142,0.008531785499979322,0.008531785499999996,0.008531785500020476,0.008531785500000206,533.284961347412,533.2849613480582,533.2849613486983,533.2849613480647,3.799773713799448,1.0199706000001014,6.948344071898258e-12,7.00458260982303e-12,0.7361669973972499
11.13,attitude_only,-1.1508151349358275e-12,1.1405503970398086e-12,3.8910916200012906e-14,1.0,0.0,0.0,0.0,1.0,-2.301630269871566e-12,2.281100794079707e-12,7.782183239740069e-14,2.301630269871655e-12,-2.2811007940796172e-12,-0.0,3.336198279558685e-11,-3.3062000580293906e-11,1.1326318599444455e-13,-8.905021053857951e-15,8.823564677692712e-15,2.4343392098901326e-18,0.034127142,0.034127142,0.008531785499863638,0.008531785499999476,0.008531785500136158,0.008531785500000727,533.2849613437966,533.284961348042,533.2849613523136,533.284961348081,3.820426527985253,1.0199706000001014,7.1033530656761794e-12,7.160997118362229e-12,0.7751973752445338
11.14,attitude_only,-9.790153872859532e-13,9.702949924026158e-13,3.947967287106109e-14,1.0,0.0,0.0,0.0,1.0,-1.9580307745718298e-12,1.940589984805309e-12,7.895934574022231e-14,1.9580307745719065e-12,-1.9405899848052317e-12,-0.0,3.4963985144250865e-11,-3.464976695501605e-11,1.1416414596418043e-13,-1.510445458983706e-14,1.4967452709721546e-14,2.4343392098901326e-18,0.034127142,0.034127142,0.008531785499768768,0.008531785499999047,0.008531785500231029,0.008531785500001153,533.2849613408316,533.2849613480284,533.2849613552786,533.2849613480943,3.8192927312049774,1.0199706000001014,7.258496578526328e-12,7.317547358110514e-12,0.8133449506853717
11.15,attitude_only,-8.028361993662688e-13,7.956987836959933e-13,4.005313117498806e-14,1.0,0.0,0.0,0.0,1.0,-1.6056723987324739e-12,1.5913975673920508e-12,8.01062623486985e-14,1.6056723987325377e-12,-1.5913975673919866e-12,-0.0,3.5266294481913503e-11,-3.4949478915727145e-11,1.1514343853722902e-13,-1.9887622010050533e-14,1.970777110395187e-14,2.4343392098901326e-18,0.034127142,0.034127142,0.008531785499695571,0.00853178549999872,0.008531785500304225,0.008531785500001483,533.284961338544,533.2849613480183,533.2849613575662,533.2849613481046,3.8007364738005047,1.0199706000001014,7.413791677815066e-12,7.474250549502e-12,0.8506100651271971
11.16,attitude_only,-6.283893709690951e-13,6.228187235879866e-13,4.06313912413944e-14,1.0,0.0,0.0,0.0,1.0,-1.2567787419381395e-12,1.2456374471760242e-12,8.126278248200606e-14,0.0,0.0,0.0,3.441545575640626e-11,-3.4106397831440295e-11,1.1612806218775514e-13,-3.847883888179635e-14,3.813390858982588e-14,2.4343392098901326e-18,0.034127142,0.034127142,0.00853178549941106,0.00853178549999745,0.008531785500588737,0.008531785500002753,533.2849613296522,533.2849613479785,533.284961366458,533.2849613481443,3.7682463954542924,1.0199706000001014,7.569250076132826e-12,7.631118510061565e-12,0.8869929259478907
11.17,attitude_only,-4.614239424630031e-13,4.573523394682773e-13,4.121398405035823e-14,1.0,0.0,0.0,0.0,1.0,-9.228478849259685e-13,9.147046789365925e-13,8.242796810029438e-14,0.0,0.0,0.0,3.22880955794949e-11,-3.199825010279071e-11,1.168288149911274e-13,-3.6248887625297654e-14,3.592411381647428e-14,2.4343392098901326e-18,0.034127142,0.034127142,0.008531785499445181,0.008531785499997606,0.008531785500554615,0.008531785500002597,533.2849613307186,533.2849613479834,533.2849613653916,533.2849613481394,3.724611778210699,1.0199706000001014,7.724877934403033e-12,7.788157455908413e-12,0.9224936590402595
11.18,attitude_only,-2.815122972683643e-13,2.7905579642400877e-13,4.1917510558958154e-14,1.0,0.0,0.0,0.0,1.0,-5.630245945367052e-13,5.581115928480412e-13,8.383502111775919e-14,0.0,0.0,0.0,2.7807603466469647e-11,-2.7557957733870445e-11,1.1774423756208195e-13,-3.1150373124332046e-14,3.087134255110866e-14,2.4343392098901326e-18,0.034127142,0.034127142,0.008531785499523204,0.008531785499997956,0.008531785500476593,0.008531785500002246,533.2849613331571,533.2849613479943,533.2849613629531,533.2849613481285,3.6720630578287046,1.0199706000001014,7.880686170659078e-12,7.945378403280928e-12,0.957112340803266
11.19,attitude_only,-1.7825079956055558e-13,1.7672148903122956e-13,4.2390779029444355e-14,1.0,0.0,0.0,0.0,1.0,-3.5650159912109617e-13,3.534429780624742e-13,8.478155805882571e-14,0.0,0.0,0.0,2.4238755144084695e-11,-2.4021097959566722e-11,1.1867827876090572e-13,-2.7110142688910945e-14,2.6867321801539856e-14,2.4343392098901326e-18,0.034127142,0.034127142,0.008531785499585031,0.008531785499998236,0.008531785500414765,0.008531785500001967,533.2849613350893,533.2849613480031,533.2849613610209,533.2849613481197,3.6123839820046344,1.0199706000001014,8.036694393886694e-12,8.102801135137391e-12,0.9908490175903488
11.2,attitude_only,-6.965624878612874e-14,6.910230490278816e-14,4.29876433692409e-14,1.0,0.0,0.0,0.0,1.0,-1.3931249757225155e-13,1.382046098055823e-13,8.597528673847218e-14,0.0,0.0,0.0,1.966804493753246e-11,-1.9491359439004902e-11,1.1982167085493623e-13,-2.1821970890423583e-14,2.1626549171255718e-14,2.4343392098901326e-18,0.034127142,0.034127142,0.008531785499665956,0.0085317854999986,0.00853178550033384,0.008531785500001603,533.2849613376185,533.2849613480146,533.2849613584917,533.2849613481084,3.547001184233829,1.0199706000001014,8.192902754736342e-12,8.260425801589513e-12,1.0237037175218542
11.21,attitude_only,1.648498009519725e-14,-1.626492538186777e-14,4.3589356397772783e-14,1.0,0.0,0.0,0.0,1.0,3.296996019039308e-14,-3.2529850763736976e-14,8.717871279554504e-14,0.0,0.0,0.0,1.528952456535046e-11,-1.515207332189256e-11,1.2075503419276325e-13,-1.672064168945871e-14,1.657092656393986e-14,2.4343392098901326e-18,0.034127142,0.034127142,0.008531785499744022,0.00853178549999895,0.008531785500255774,0.008531785500001252,533.2849613400582,533.2849613480255,533.284961356052,533.2849613480975,3.4770557500636214,1.0199706000001014,8.349294262948655e-12,8.418235258544786e-12,1.0556764576556814
11.22,attitude_only,8.187595073935399e-14,-8.106765297079549e-14,4.419526087631405e-14,1.0,0.0,0.0,0.0,1.0,1.637519014787008e-13,-1.6213530594159822e-13,8.839052175261482e-14,0.0,0.0,0.0,1.1354493024844661e-11,-1.1252298341095493e-11,1.2153797295842477e-13,-1.2112148771100196e-14,1.200371957039433e-14,2.4343392098901326e-18,0.034127142,0.034127142,0.008531785499814546,0.008531785499999268,0.008531785500185251,0.008531785500000935,533.2849613422624,533.2849613480354,533.2849613538478,533.2849613480874,3.4034604137117195,1.0199706000001014,8.505843550428835e-12,8.57620390758997e-12,1.0867672483387218
11.23,attitude_only,1.291533005151347e-13,-1.2791915095753745e-13,4.480387676617202e-14,1.0,0.0,0.0,0.0,1.0,2.5830660103025794e-13,-2.5583830191508647e-13,8.9607753532311e-14,0.0,0.0,0.0,7.999805956737654e-12,-7.927678759306271e-12,1.2199468632127411e-13,-8.166522348939162e-15,8.093452859840325e-15,2.4343392098901326e-18,0.034127142,0.034127142,0.008531785499874926,0.00853178549999954,0.008531785500124872,0.008531785500000662,533.2849613441493,533.2849613480439,533.2849613519609,533.284961348079,3.326945281134154,1.0199706000001014,8.662520717680183e-12,8.734301577444011e-12,1.1169760958469601
11.24,attitude_only,1.6134586570255677e-13,-1.59820810066108e-13,4.541620049156074e-14,1.0,0.0,0.0,0.0,1.0,3.22691731405099e-13,-3.1964162013223063e-13,9.08324009830699e-14,0.0,0.0,0.0,5.255983782030886e-12,-5.208371289429797e-12,1.227897740219389e-13,-4.92649557711135e-15,4.882367608882853e-15,2.4343392098901326e-18,0.034127142,0.034127142,0.008531785499924508,0.008531785499999762,0.008531785500075289,0.00853178550000044,533.2849613456989,533.2849613480508,533.2849613504113,533.2849613480721,3.2480943877096373,1.0199706000001014,8.819294774688448e-12,8.89249699842493e-12,1.1463030039870752
11.25,attitude_only,1.8148831188920934e-13,-1.7977991162468238e-13,4.603288153581256e-14,1.0,0.0,0.0,0.0,1.0,3.629766237784021e-13,-3.5955982324938147e-13,9.206576307155986e-14,0.0,0.0,0.0,3.1149585986230915e-12,-3.0864417549673918e-12,1.237992045456209e-13,-2.388414943008226e-15,2.3669165850776397e-15,2.4343392098901326e-18,0.034127142,0.034127142,0.008531785499963349,0.008531785499999936,0.008531785500036448,0.008531785500000267,533.2849613469128,533.2849613480563,533.2849613491974,533.2849613480666,3.167374931785542,1.0199706000001014,8.976136727161817e-12,9.050760910859334e-12,1.1747479750679712
11.26,attitude_only,1.9251916437172688e-13,-1.907086719628961e-13,4.6654978322557e-14,1.0,0.0,0.0,0.0,1.0,3.85038328743436e-13,-3.814173439258102e-13,9.330995664504057e-14,0.0,0.0,0.0,1.546884581707848e-12,-1.5323468786342284e-12,1.2497174772534434e-13,-5.221949685270125e-16,5.173262022641864e-16,2.4343392098901326e-18,0.034127142,0.034127142,0.008531785499991909,0.008531785500000064,0.008531785500007888,0.008531785500000139,533.2849613478054,533.2849613480603,533.2849613483048,533.2849613480627,3.085160653870706,1.0199706000001014,9.133020527758665e-12,9.209067030896754e-12,1.2023110104900843
11.27,attitude_only,1.971225900009355e-13,-1.9526758776043124e-13,4.7282769936757774e-14,1.0,0.0,0.0,0.0,1.0,3.942451800018525e-13,-3.905351755208811e-13,9.456553987343857e-14,0.0,0.0,0.0,4.786842824096777e-13,-4.73764388053534e-13,1.260991505047544e-13,7.548585478066951e-16,-7.482351425521116e-16,2.4343392098901326e-18,0.034127142,0.034127142,0.00853178550001145,0.008531785500000152,0.008531785499988346,0.00853178550000005,533.2849613484161,533.284961348063,533.2849613476941,533.2849613480599,3.0017505353514142,1.0199706000001014,9.289923232218086e-12,9.367392207146507e-12,1.2289921111028261
11.28,attitude_only,1.9755198709106414e-13,-1.9568990624798076e-13,4.791608990096334e-14,1.0,0.0,0.0,0.0,1.0,3.9510397418210954e-13,-3.9137981249598046e-13,9.583217980184935e-14,0.0,0.0,0.0,-1.7951890210392707e-13,1.7855584876549847e-13,1.2725193011733624e-13,1.54649755824406e-15,-1.5328049852226054e-15,2.4343392098901326e-18,0.034127142,0.034127142,0.008531785500023566,0.008531785500000206,0.00853178549997623,0.008531785499999996,533.2849613487948,533.2849613480647,533.2849613473154,533.2849613480582,2.917383754652475,1.0199706000001014,9.446825849778291e-12,9.525717279323951e-12,1.2547912774213927
11.29,attitude_only,1.9560849019006198e-13,-1.9376054152489073e-13,4.8554994201473935e-14,1.0,0.0,0.0,0.0,1.0,3.9121698038010513e-13,-3.8752108304980043e-13,9.710998840287206e-14,0.0,0.0,0.0,-5.174931372342615e-13,5.135204281234807e-13,1.2813888197683893e-13,1.957241571772804e-15,-1.939897684733419e-15,2.4343392098901326e-18,0.034127142,0.034127142,0.008531785500029851,0.008531785500000234,0.008531785499969946,0.008531785499999969,533.2849613489911,533.2849613480656,533.2849613471191,533.2849613480573,2.832251650459485,1.0199706000001014,9.603713544261687e-12,9.684027275442325e-12,1.2797085097582674
11.3,attitude_only,1.9266088155816927e-13,-1.908359495958812e-13,4.919799904279591e-14,1.0,0.0,0.0,0.0,1.0,3.8532176311631976e-13,-3.8167189919178135e-13,9.839599808551828e-14,0.0,0.0,0.0,-6.182843079172244e-13,6.134279259003019e-13,1.2893679146971218e-13,2.0843738196715322e-15,-2.0659209613246084e-15,2.4343392098901326e-18,0.034127142,0.034127142,0.008531785500031797,0.008531785500000243,0.008531785499968,0.00853178549999996,533.2849613490521,533.2849613480658,533.2849613470581,533.2849613480571,2.7465072912618798,1.0199706000001014,9.760575235972832e-12,9.842311014620965e-12,1.3037438083029815
11.31,attitude_only,1.8969023574494777e-13,-1.87888459882506e-13,4.9845351585478984e-14,1.0,0.0,0.0,0.0,1.0,3.793804714898768e-13,-3.757769197650309e-13,9.969070317088669e-14,0.0,0.0,0.0,-5.544499535006485e-13,5.5019527276251e-13,1.299406697505319e-13,2.0133170939066477e-15,-1.9955437302868833e-15,2.4343392098901326e-18,0.034127142,0.034127142,0.00853178550003071,0.008531785500000237,0.008531785499969087,0.008531785499999965,533.2849613490181,533.2849613480657,533.2849613470921,533.2849613480572,2.660273130359704,1.0199706000001014,9.917403068771428e-12,1.0000560569014178e-11,1.326897173170491
11.32,attitude_only,1.8734876948794984e-13,-1.8556417827708876e-13,5.0497838953778775e-14,1.0,0.0,0.0,0.0,1.0,3.7469753897588095e-13,-3.7112835655419644e-13,1.0099567790748802e-13,0.0,0.0,0.0,-3.862423001199833e-13,3.8354059631394404e-13,1.3081518691289818e-13,1.8153303328510492e-15,-1.7993935245117436e-15,2.4343392098901326e-18,0.034127142,0.034127142,0.00853178550002768,0.008531785500000224,0.008531785499972116,0.008531785499999979,533.2849613489234,533.2849613480653,533.2849613471868,533.2849613480577,2.5736471294883607,1.0199706000001014,1.0074191820570045e-11,1.0158770668093122e-11,1.3491686044305204
11.33,attitude_only,1.860233523413559e-13,-1.8424696766336858e-13,5.1154066633218455e-14,1.0,0.0,0.0,0.0,1.0,3.7204670468269295e-13,-3.684939353267562e-13,1.0230813326636836e-13,0.0,0.0,0.0,-1.604985204515399e-13,1.5979761884980443e-13,1.3159558637707686e-13,1.5460427824534326e-15,-1.5324999277432738e-15,2.4343392098901326e-18,0.034127142,0.034127142,0.008531785500023559,0.008531785500000204,0.008531785499976238,0.008531785499999996,533.2849613487946,533.2849613480647,533.2849613473156,533.2849613480582,2.486707657487491,1.0199706000001014,1.0230938317307638e-11,1.0316938108278415e-11,1.3705581021253601
11.34,attitude_only,1.858969167115849e-13,-1.8411805025679893e-13,5.1814706664070046e-14,1.0,0.0,0.0,0.0,1.0,3.717938334231507e-13,-3.6823610051361714e-13,1.0362941332807164e-13,0.0,0.0,0.0,8.586877034975786e-14,-8.437722072551132e-14,1.325834772220953e-13,1.2495433457883775e-15,-1.2386463480456399e-15,2.4343392098901326e-18,0.034127142,0.034127142,0.008531785500019023,0.008531785500000185,0.008531785499980774,0.008531785500000017,533.2849613486528,533.284961348064,533.2849613474574,533.2849613480588,2.3995174090959264,1.0199706000001014,1.0387640869348227e-11,1.0475061185982191e-11,1.39106566628066
11.35,attitude_only,1.8699673523926333e-13,-1.8520439986811349e-13,5.247947190203272e-14,1.0,0.0,0.0,0.0,1.0,3.739934704785072e-13,-3.704087997362466e-13,1.0495894380399618e-13,0.0,0.0,0.0,3.270841407490321e-13,-3.2343491370932435e-13,1.3321167640520288e-13,9.568140599017583e-16,-9.48542767327971e-16,2.4343392098901326e-18,0.034127142,0.034127142,0.008531785500014542,0.008531785500000165,0.008531785499985255,0.008531785500000038,533.2849613485128,533.2849613480635,533.2849613475975,533.2849613480595,2.312126539903102,1.0199706000001014,1.0544298860252999e-11,1.063313927827882e-11,1.4106912969119776
11.36,attitude_only,1.8925100876284442e-13,-1.8743512049920686e-13,5.314833833551431e-14,1.0,0.0,0.0,0.0,1.0,3.785020175256689e-13,-3.748702409984338e-13,1.0629667667095767e-13,0.0,0.0,0.0,5.479670503330894e-13,-5.424367857163018e-13,1.3432359920753604e-13,6.862748978975588e-16,-6.803161530624353e-16,2.4343392098901326e-18,0.034127142,0.034127142,0.008531785500010401,0.008531785500000147,0.008531785499989395,0.008531785500000055,533.2849613483834,533.2849613480629,533.2849613477268,533.28496134806,2.2245751742579216,1.0199706000001014,1.0700912349443425e-11,1.0791172443664925e-11,1.4294349940287492
11.37,attitude_only,1.9252770077954502e-13,-1.9067954011765183e-13,5.382258850104038e-14,1.0,0.0,0.0,0.0,1.0,3.850554015590695e-13,-3.8135908023532437e-13,1.0764517700200733e-13,0.0,0.0,0.0,7.376758317898712e-13,-7.305080142095647e-13,1.352424954350182e-13,4.512476018315221e-16,-4.473255987284245e-16,2.4343392098901326e-18,0.034127142,0.034127142,0.008531785500006805,0.008531785500000132,0.008531785499992992,0.008531785500000071,533.2849613482709,533.2849613480624,533.2849613478393,533.2849613480605,2.1368954115653294,1.0199706000001014,1.0857481704258609e-11,1.0949161055426003e-11,1.4472967576366984
11.38,attitude_only,1.9756664581582993e-13,-1.9567023765609146e-13,5.463729730523562e-14,1.0,0.0,0.0,0.0,1.0,3.9513329163163845e-13,-3.9134047531220454e-13,1.0927459461039392e-13,0.0,0.0,0.0,9.18105288972766e-13,-9.093981243271166e-13,1.3619469625708774e-13,2.2555120032231936e-16,-2.235634853440895e-16,2.4343392098901326e-18,0.034127142,0.034127142,0.00853178550000335,0.008531785500000116,0.008531785499996447,0.008531785500000087,533.2849613481629,533.2849613480619,533.2849613479473,533.284961348061,2.049112931304223,1.0199706000001014,1.1014007456572114e-11,1.11071056490701e-11,1.464276587739296
11.39,attitude_only,2.0145444976963632e-13,-1.9952131248545602e-13,5.5184357830644036e-14,1.0,0.0,0.0,0.0,1.0,4.029088995392506e-13,-3.9904262497093426e-13,1.1036871566120768e-13,0.0,0.0,0.0,1.0102779830212672e-12,-1.0007437160485008e-12,1.371421769832861e-13,1.0484118763390532e-16,-1.0394133811794376e-16,2.4343392098901326e-18,0.034127142,0.034127142,0.008531785500001504,0.008531785500000107,0.008531785499998293,0.008531785500000093,533.2849613481053,533.2849613480616,533.2849613480049,533.2849613480612,1.9970213805845285,1.0199706000001014,1.1170490126787702e-11,1.1265006748495677e-11,1.4803744843386484
11.4,attitude_only,2.0675136413372e-13,-2.0476850188628907e-13,5.5872278796751003e-14,1.0,0.0,0.0,0.0,1.0,4.1350272826741715e-13,-4.0953700377260126e-13,1.1174455759341734e-13,0.0,0.0,0.0,1.0947188360708188e-12,-1.0844656778497154e-12,1.3784343107753315e-13,-7.435024386264527e-18,7.369672822010674e-18,2.4343392098901326e-18,0.034127142,0.034127142,0.008531785499999785,0.0085317855000001,0.008531785500000012,0.008531785500000102,533.2849613480516,533.2849613480614,533.2849613480587,533.2849613480614,1.8742709789655299,1.0199706000001014,1.1326930078344812e-11,1.1422864719118573e-11,1.4955904474360322
11.41,attitude_only,2.1239001436800768e-13,-2.103546143427609e-13,5.6558115479839753e-14,1.0,0.0,0.0,0.0,1.0,4.247800287359916e-13,-4.207092286855458e-13,1.1311623095959016e-13,0.0,0.0,0.0,1.1507617240389593e-12,-1.1400713507808587e-12,1.3741228831492136e-13,-8.61941071884226e-17,8.549719384719123e-17,2.4343392098901326e-18,0.034127142,0.034127142,0.008531785499998579,0.008531785500000095,0.008531785500001218,0.008531785500000107,533.2849613480139,533.2849613480613,533.2849613480963,533.2849613480616,1.7860973750962348,1.0199706000001014,1.14833275140351e-11,1.158067976498918e-11,1.5099244770322224
11.42,attitude_only,2.18241552871453e-13,-2.1615188333983884e-13,5.724874544133718e-14,1.0,0.0,0.0,0.0,1.0,4.364831057428813e-13,-4.323037666797027e-13,1.1449749088258003e-13,0.0,0.0,0.0,1.182997344471069e-12,-1.1720245326242365e-12,1.3862867243777395e-13,-1.367068251516646e-16,1.3556125738548673e-16,2.4343392098901326e-18,0.034127142,0.034127142,0.008531785499997805,0.008531785500000092,0.008531785500001991,0.00853178550000011,533.2849613479897,533.2849613480612,533.2849613481205,533.2849613480618,1.6979198219862537,1.0199706000001014,1.1639682367885206e-11,1.1738451819935164e-11,1.5233765731276878
11.43,attitude_only,2.2419994365941187e-13,-2.2205496587559848e-13,5.794454140646362e-14,1.0,0.0,0.0,0.0,1.0,4.48399887318798e-13,-4.4410993175122296e-13,1.1588908281282769e-13,0.0,0.0,0.0,1.1962539831905616e-12,-1.185115608568729e-12,1.3952089250565637e-13,-1.645773314469609e-16,1.631217046045646e-16,2.4343392098901326e-18,0.034127142,0.034127142,0.00853178549999738,0.00853178550000009,0.008531785500002416,0.008531785500000113,533.2849613479765,533.2849613480611,533.2849613481338,533.2849613480618,1.60973910948953,1.0199706000001014,1.1795994355428606e-11,1.1896180595305922e-11,1.535946735722714
11.44,attitude_only,2.301836761545934e-13,-2.2798279581269936e-13,5.864326633364256e-14,1.0,0.0,0.0,0.0,1.0,4.603673523091601e-13,-4.559655916254257e-13,1.1728653266718015e-13,0.0,0.0,0.0,1.1953335193698559e-12,-1.1841198046120563e-12,1.40312396877574e-13,-1.7542611005581239e-16,1.7376793790267783e-16,2.4343392098901326e-18,0.034127142,0.034127142,0.008531785499997214,0.008531785500000088,0.008531785500002583,0.008531785500000114,533.2849613479711,533.2849613480611,533.2849613481391,533.2849613480619,1.521555869486833,1.0199706000001014,1.1952262995329745e-11,1.2053865602840787e-11,1.547634964817474
11.45,attitude_only,2.3613343138217995e-13,-2.3387647108648407e-13,5.934796681684962e-14,1.0,0.0,0.0,0.0,1.0,4.722668627643321e-13,-4.677529421729962e-13,1.186959336335888e-13,0.0,0.0,0.0,1.184300277499414e-12,-1.1731095953126888e-12,1.413598624458809e-13,-1.7402922258627587e-16,1.722867826965635e-16,2.4343392098901326e-18,0.034127142,0.034127142,0.008531785499997236,0.008531785500000088,0.00853178550000256,0.008531785500000114,533.284961347972,533.2849613480611,533.2849613481383,533.2849613480619,1.43337060748144,1.0199706000001014,1.2108487626379895e-11,1.2211506173535147e-11,1.5584412604120725
11.46,attitude_only,2.420083598607211e-13,-2.396958340920721e-13,6.005807371901491e-14,1.0,0.0,0.0,0.0,1.0,4.840167197214134e-13,-4.793916681841733e-13,1.201161474379138e-13,0.0,0.0,0.0,1.166606992053205e-12,-1.155570986685906e-12,1.426480630923098e-13,-1.6446334997135932e-16,1.627961622112851e-16,2.4343392098901326e-18,0.034127142,0.034127142,0.008531785499997384,0.008531785500000088,0.008531785500002413,0.008531785500000114,533.2849613479765,533.2849613480611,533.2849613481337,533.2849613480619,1.3451837278751648,1.0199706000001014,1.2264667443321266e-11,1.2369101494606619e-11,1.568365622506573
11.47,attitude_only,2.4778318204917895e-13,-2.4541618351994975e-13,6.077512710615693e-14,1.0,0.0,0.0,0.0,1.0,4.955663640983281e-13,-4.908323670399296e-13,1.2155025421219224e-13,0.0,0.0,0.0,1.1450521805215474e-12,-1.134295301491457e-12,1.4399336168160596e-13,-1.5004809793858526e-16,1.4860829299286074e-16,2.4343392098901326e-18,0.034127142,0.034127142,0.008531785499997602,0.00853178550000009,0.008531785500002194,0.008531785500000113,533.2849613479833,533.2849613480611,533.2849613481269,533.2849613480618,1.2569955541889568,1.0199706000001014,1.2420801529248072e-11,1.2526650642851143e-11,1.577408051101014
11.48,attitude_only,2.5344493838386167e-13,-2.5102494809591e-13,6.149741790742033e-14,1.0,0.0,0.0,0.0,1.0,5.068898767676924e-13,-5.020498961918512e-13,1.229948358147134e-13,0.0,0.0,0.0,1.1218965436922942e-12,-1.1113809831639887e-12,1.4485569795470636e-13,-1.3348029918040399e-16,1.322249208315382e-16,2.4343392098901326e-18,0.034127142,0.034127142,0.008531785499997856,0.008531785500000092,0.008531785500001941,0.00853178550000011,533.2849613479913,533.2849613480612,533.2849613481189,533.2849613480618,1.168806345239264,1.0199706000001014,1.2576888885588926e-11,1.2684152612964763e-11,1.5855685461954188
11.49,attitude_only,2.5899034492817246e-13,-2.5651848062143925e-13,6.222360031667625e-14,1.0,0.0,0.0,0.0,1.0,5.17980689856313e-13,-5.130369612429107e-13,1.2444720063321962e-13,0.0,0.0,0.0,1.0986983232642738e-12,-1.0884259000947607e-12,1.4556101234695517e-13,-1.1662941789942216e-16,1.1556308014941212e-16,2.4343392098901326e-18,0.034127142,0.034127142,0.008531785499998114,0.008531785500000093,0.008531785500001682,0.008531785500000109,533.2849613479993,533.2849613480612,533.2849613481109,533.2849613480616,1.0806163080790767,1.0199706000001014,1.2732928459534025e-11,1.28416063414401e-11,1.5928471077898019
11.5,attitude_only,2.6442219665446534e-13,-2.6189934487523927e-13,6.29535081459208e-14,1.0,0.0,0.0,0.0,1.0,5.288443933088977e-13,-5.237986897505119e-13,1.259070162917031e-13,0.0,0.0,0.0,1.0764981930482112e-12,-1.0663523886122287e-12,1.4617804570632e-13,-1.0075424357062894e-16,9.973839025649577e-17,2.4343392098901326e-18,0.034127142,0.034127142,0.008531785499998357,0.008531785500000093,0.00853178550000144,0.008531785500000109,533.284961348007,533.2849613480612,533.2849613481033,533.2849613480616,0.9924256083506398,1.0199706000001014,1.288891916536784e-11,1.2999010730611324e-11,1.5992437358841718
11.51,attitude_only,2.697473518410876e-13,-2.671740840691271e-13,6.368671201354781e-14,1.0,0.0,0.0,0.0,1.0,5.394947036821411e-13,-5.343481681382885e-13,1.2737342402695148e-13,0.0,0.0,0.0,1.0559542086520682e-12,-1.0459186193104971e-12,1.470487258922695e-13,-8.666100438177792e-17,8.567705328752259e-17,2.4343392098901326e-18,0.034127142,0.034127142,0.008531785499998574,0.008531785500000093,0.008531785500001223,0.008531785500000109,533.2849613480137,533.2849613480612,533.2849613480965,533.2849613480616,0.9042343785677507,1.0199706000001014,1.3044859905116157e-11,1.315636466979631e-11,1.6047584304785336
11.52,attitude_only,2.749751721504929e-13,-2.723519608975152e-13,6.442479589262584e-14,1.0,0.0,0.0,0.0,1.0,5.499503443009506e-13,-5.447039217950658e-13,1.2884959178510192e-13,0.0,0.0,0.0,1.0374003058882492e-12,-1.0274393947219685e-12,1.4807084504907274e-13,-7.477032412407722e-17,7.377637772850761e-17,2.4343392098901326e-18,0.034127142,0.034127142,0.008531785499998756,0.008531785500000093,0.00853178550000104,0.008531785500000109,533.2849613480194,533.2849613480612,533.2849613480909,533.2849613480616,0.8160427247413439,1.0199706000001014,1.3200749576436825e-11,1.331366704577485e-11,1.6093911915728907
11.53,attitude_only,2.8011608607896584e-13,-2.774431608444416e-13,6.516741330268642e-14,1.0,0.0,0.0,0.0,1.0,5.602321721578955e-13,-5.548863216889198e-13,1.303348266052174e-13,0.0,0.0,0.0,1.0209704651757177e-12,-1.011028950941298e-12,1.4895878150220909e-13,-6.526421992079662e-17,6.41941347011158e-17,2.4343392098901326e-18,0.034127142,0.034127142,0.008531785499998903,0.008531785500000093,0.008531785500000893,0.008531785500000109,533.284961348024,533.2849613480612,533.2849613480862,533.2849613480616,0.7278507316801539,1.0199706000001014,1.3356587085095993e-11,1.3470916752823414e-11,1.6131420191672445
11.54,attitude_only,2.8518042605343147e-13,-2.824579244602095e-13,6.591447407465786e-14,1.0,0.0,0.0,0.0,1.0,5.703608521068257e-13,-5.649158489204566e-13,1.318289481491546e-13,0.0,0.0,0.0,1.0065549873378066e-12,-9.96632985557034e-13,1.4984570288079798e-13,-5.803119638868102e-17,5.688530609556912e-17,2.4343392098901326e-18,0.034127142,0.034127142,0.008531785499999014,0.008531785500000092,0.008531785500000782,0.00853178550000011,533.2849613480274,533.2849613480612,533.2849613480828,533.2849613480618,0.6396584672311685,1.0199706000001014,1.351237135049113e-11,1.3628112699537582e-11,1.6160109132615967
11.55,attitude_only,2.90177645416821e-13,-2.874055773489694e-13,6.666678828370272e-14,1.0,0.0,0.0,0.0,1.0,5.803552908336037e-13,-5.748111546979774e-13,1.3333357656723864e-13,0.0,0.0,0.0,9.938696632559428e-13,-9.839595910842935e-13,1.5096600004723904e-13,-5.274750412300536e-17,5.1516828639124886e-17,2.4343392098901326e-18,0.034127142,0.034127142,0.008531785499999098,0.008531785500000092,0.008531785500000699,0.00853178550000011,533.28496134803,533.2849613480612,533.2849613480802,533.2849613480618,0.5514659856719556,1.0199706000001014,1.3668101310591848e-11,1.3785253813459145e-11,1.6179978738559477
11.56,attitude_only,2.9511544572529453e-13,-2.9229385584728195e-13,6.742443194875327e-14,1.0,0.0,0.0,0.0,1.0,5.902308914505497e-13,-5.845877116946037e-13,1.3484886389733404e-13,0.0,0.0,0.0,9.825883826392054e-13,-9.726839956514834e-13,1.519566823453952e-13,-4.903585120931219e-17,4.771295407626735e-17,2.4343392098901326e-18,0.034127142,0.034127142,0.008531785499999155,0.008531785500000092,0.008531785500000642,0.00853178550000011,533.2849613480319,533.2849613480612,533.2849613480784,533.2849613480618,0.4632733304245784,1.0199706000001014,1.382377592662965e-11,1.394233904545084e-11,1.6191029009502984
11.57,attitude_only,3.0000020971036055e-13,-2.9712913145600783e-13,6.818647008972422e-14,1.0,0.0,0.0,0.0,1.0,6.000004194206806e-13,-5.942582629120565e-13,1.3637294017927017e-13,0.0,0.0,0.0,9.72496483329014e-13,-9.62612814763611e-13,1.5266275804353916e-13,-4.665053687037262e-17,4.5253665158456347e-17,2.4343392098901326e-18,0.034127142,0.034127142,0.008531785499999191,0.00853178550000009,0.008531785500000605,0.008531785500000113,533.284961348033,533.2849613480611,533.2849613480772,533.2849613480618,0.3750805362266699,1.0199706000001014,1.3979394183344047e-11,1.4099367370685719e-11,1.6193259945446488
11.58,attitude_only,3.048371736474738e-13,-3.019165969733726e-13,6.895144424243899e-14,1.0,0.0,0.0,0.0,1.0,6.09674347294906e-13,-6.038331939467872e-13,1.379028884846939e-13,0.0,0.0,0.0,9.633570986644811e-13,-9.534268428941812e-13,1.5325923614350418e-13,-4.531684625957765e-17,4.376476734408211e-17,2.4343392098901326e-18,0.034127142,0.034127142,0.008531785499999214,0.00853178550000009,0.008531785500000583,0.008531785500000113,533.2849613480338,533.2849613480611,533.2849613480765,533.2849613480618,0.28688763086833635,1.0199706000001014,1.4134955084625338e-11,1.4256337783895086e-11,1.6186671546389988
11.59,attitude_only,3.096306276596446e-13,-3.066603053449409e-13,6.972082570669244e-14,1.0,0.0,0.0,0.0,1.0,6.192612553192465e-13,-6.133206106899251e-13,1.3944165141319496e-13,0.0,0.0,0.0,9.549762035495383e-13,-9.44995079437189e-13,1.544234048316961e-13,-4.4809534157141484e-17,4.309660199006322e-17,2.4343392098901326e-18,0.034127142,0.034127142,0.008531785499999223,0.008531785500000088,0.008531785500000574,0.008531785500000114,533.284961348034,533.2849613480611,533.2849613480763,533.2849613480619,0.19869463658167263,1.0199706000001014,1.4290457653923745e-11,1.4413249296986483e-11,1.6171263812333487
11.6,attitude_only,3.1438371347058744e-13,-3.1136343485243686e-13,7.049619141093561e-14,1.0,0.0,0.0,0.0,1.0,6.28767426941131e-13,-6.22726869704918e-13,1.4099238282167545e-13,0.0,0.0,0.0,9.47115025310212e-13,-9.37120769893736e-13,1.5562157851695472e-13,-4.4847270523051884e-17,4.3018638236856735e-17,2.4343392098901326e-18,0.034127142,0.034127142,0.008531785499999223,0.008531785500000087,0.008531785500000574,0.008531785500000116,533.284961348034,533.284961348061,533.2849613480763,533.2849613480619,0.11050157115232939,1.0199706000001014,1.4445900929498761e-11,1.4570100937928342e-11,1.6147036743276983
11.61,attitude_only,3.1909832946275054e-13,-3.1602838644742297e-13,7.127712085038821e-14,1.0,0.0,0.0,0.0,1.0,6.381966589254561e-13,-6.320567728948914e-13,1.4255424170057472e-13,0.0,0.0,0.0,9.395250464050112e-13,-9.296562425992705e-13,1.5662977085085249e-13,-4.5134546300860797e-17,4.3357767909490977e-17,2.4343392098901326e-18,0.034127142,0.034127142,0.008531785499999217,0.008531785500000088,0.00853178550000058,0.008531785500000114,533.2849613480339,533.2849613480611,533.2849613480764,533.2849613480619,0.022308448808847997,1.0199706000001014,1.460128396451312e-11,1.4726891751278412e-11,1.6113990339220476
11.62,attitude_only,3.237754431608244e-13,-3.2065685174507904e-13,7.206302593653922e-14,1.0,0.0,0.0,0.0,1.0,6.475508863216026e-13,-6.413137034902047e-13,1.4412605187287078e-13,0.0,0.0,0.0,9.320947879841901e-13,-9.224971863200597e-13,1.5778584939478314e-13,-4.553918407571721e-17,4.399187223763828e-17,2.4343392098901326e-18,0.034127142,0.034127142,0.00853178549999921,0.00853178550000009,0.008531785500000586,0.008531785500000113,533.2849613480337,533.2849613480611,533.2849613480765,533.2849613480618,-0.06588471906593057,1.0199706000001014,1.4756605824938624e-11,1.4883620797729697e-11,1.6072124600163973
11.63,attitude_only,3.2841572792855837e-13,-3.2524981260513226e-13,7.28543449024449e-14,1.0,0.0,0.0,0.0,1.0,6.568314558570694e-13,-6.504996252103124e-13,1.4570868980467616e-13,0.0,0.0,0.0,9.247574864934966e-13,-9.153935428020977e-13,1.5860203022841434e-13,-4.598199715182169e-17,4.462143544410627e-17,2.4343392098901326e-18,0.034127142,0.034127142,0.008531785499999202,0.00853178550000009,0.008531785500000595,0.00853178550000011,533.2849613480333,533.2849613480611,533.2849613480769,533.2849613480618,-0.15407792336575576,1.0199706000001014,1.491186558847047e-11,1.5040287150170057e-11,1.6021439526107468
11.64,attitude_only,3.330194979222009e-13,-3.298071658490305e-13,7.364963301788703e-14,1.0,0.0,0.0,0.0,1.0,6.660389958443532e-13,-6.596143316981101e-13,1.4729926603555438e-13,0.0,0.0,0.0,9.174793830133828e-13,-9.082624233948425e-13,1.5947553232141095e-13,-4.6423066805818884e-17,4.514671638934829e-17,2.4343392098901326e-18,0.034127142,0.034127142,0.008531785499999195,0.008531785500000092,0.008531785500000602,0.00853178550000011,533.2849613480331,533.2849613480612,533.2849613480771,533.2849613480618,-0.24227115680561828,1.0199706000001014,1.5067062346715752e-11,1.5196889890041325e-11,1.5961935117050963
11.65,attitude_only,3.375869758732675e-13,-3.3432878356921123e-13,7.444870837643235e-14,1.0,0.0,0.0,0.0,1.0,6.751739517464852e-13,-6.686575671384727e-13,1.4889741675263897e-13,0.0,0.0,0.0,9.102218912726979e-13,-9.010813891017961e-13,1.6011312094017365e-13,-4.6816295629723715e-17,4.554028912871052e-17,2.4343392098901326e-18,0.034127142,0.034127142,0.008531785499999188,0.008531785500000092,0.008531785500000609,0.00853178550000011,533.2849613480329,533.2849613480612,533.2849613480773,533.2849613480618,-0.33046441355751066,1.0199706000001014,1.5222195202883766e-11,1.535342810861903e-11,1.5893611372994456
11.66,attitude_only,3.421180490157142e-13,-3.388143245508433e-13,7.525084747355107e-14,1.0,0.0,0.0,0.0,1.0,6.842360980313774e-13,-6.776286491017381e-13,1.505016949468703e-13,0.0,0.0,0.0,9.029219913999407e-13,-8.938418374125052e-13,1.6072025732285385e-13,-4.708563569641443e-17,4.579124547568596e-17,2.4343392098901326e-18,0.034127142,0.034127142,0.008531785499999184,0.008531785500000092,0.008531785500000612,0.00853178550000011,533.2849613480328,533.2849613480612,533.2849613480774,533.2849613480618,-0.418657688959018,1.0199706000001014,1.5377263267436768e-11,1.5509900904943206e-11,1.5816468293937953
11.67,attitude_only,3.466124991072578e-13,-3.432633857885358e-13,7.605666690104792e-14,1.0,0.0,0.0,0.0,1.0,6.932249982144634e-13,-6.865267715771243e-13,1.5211333380185787e-13,0.0,0.0,0.0,8.956025613328325e-13,-8.865017054874589e-13,1.6137659436862093e-13,-4.725834522921261e-17,4.5848104220504936e-17,2.4343392098901326e-18,0.034127142,0.034127142,0.008531785499999183,0.00853178550000009,0.008531785500000614,0.008531785500000113,533.2849613480328,533.2849613480611,533.2849613480774,533.2849613480618,-0.5068509792802001,1.0199706000001014,1.5532265658674835e-11,1.566630738736363e-11,1.5730505879881447
11.68,attitude_only,3.5107039424296e-13,-3.4767564265916354e-13,7.686588594005861e-14,1.0,0.0,0.0,0.0,1.0,7.021407884858665e-13,-6.95351285318381e-13,1.5373177187987312e-13,0.0,0.0,0.0,8.882911161021497e-13,-8.791387387185578e-13,1.6222519668338085e-13,-4.7367522113414445e-17,4.5803931485009115e-17,2.4343392098901326e-18,0.034127142,0.034127142,0.008531785499999183,0.00853178550000009,0.008531785500000614,0.008531785500000113,533.2849613480328,533.2849613480611,533.2849613480774,533.2849613480618,-0.5950442815371786,1.0199706000001014,1.5687201502889817e-11,1.582264667078791e-11,1.563572413082494
11.69,attitude_only,3.5549170784302113e-13,-3.5205125302363717e-13,7.767938804825792e-14,1.0,0.0,0.0,0.0,1.0,7.109834156859875e-13,-7.041025060473296e-13,1.5535877609626552e-13,0.0,0.0,0.0,8.809591666493793e-13,-8.718239003803035e-13,1.6307700774645082e-13,-4.7378774436583725e-17,4.574436448290664e-17,2.4343392098901326e-18,0.034127142,0.034127142,0.008531785499999183,0.008531785500000088,0.008531785500000614,0.008531785500000114,533.2849613480328,533.2849613480611,533.2849613480774,533.2849613480619,-0.6832375933427549,1.0199706000001014,1.5842069931239464e-11,1.5978917876302185e-11,1.5532123046768436
11.7,attitude_only,3.59876225078904e-13,-3.563902299564536e-13,7.849845550730148e-14,1.0,0.0,0.0,0.0,1.0,7.19752450157752e-13,-7.127804599129637e-13,1.5699691101434643e-13,0.0,0.0,0.0,8.735410356798408e-13,-8.645141347996094e-13,1.6453092557885642e-13,-4.7212427629935635e-17,4.5617787134069656e-17,2.4343392098901326e-18,0.034127142,0.034127142,0.008531785499999184,0.008531785500000088,0.008531785500000612,0.008531785500000114,533.2849613480328,533.2849613480611,533.2849613480774,533.2849613480619,-0.7714309127872228,1.0199706000001014,1.599687007987276e-11,1.6135120132966006e-11,1.5419702627711929
11.71,attitude_only,3.642231831119981e-13,-3.606931193009613e-13,7.932435226407199e-14,1.0,0.0,0.0,0.0,1.0,7.28446366223939e-13,-7.213862386019803e-13,1.5864870452788125e-13,0.0,0.0,0.0,8.659976867139733e-13,-8.573474142994597e-13,1.6560736801640125e-13,-4.682038573803555e-17,4.5591196676885964e-17,2.4343392098901326e-18,0.034127142,0.034127142,0.008531785499999188,0.008531785500000092,0.008531785500000609,0.00853178550000011,533.2849613480329,533.2849613480612,533.2849613480773,533.2849613480618,-0.859624238342795,1.0199706000001014,1.615160109284756e-11,1.629125257956562e-11,1.5298462873655423
11.72,attitude_only,3.6853243247504276e-13,-3.6496007916764363e-13,8.015496523645003e-14,1.0,0.0,0.0,0.0,1.0,7.370648649500271e-13,-7.299201583353463e-13,1.6030993047263106e-13,0.0,0.0,0.0,8.584419476773341e-13,-8.50159503903432e-13,1.6654453558466406e-13,-4.6337918370841953e-17,4.546729924068669e-17,2.4343392098901326e-18,0.034127142,0.034127142,0.008531785499999193,0.008531785500000095,0.008531785500000603,0.008531785500000107,533.2849613480331,533.2849613480613,533.2849613480771,533.2849613480616,-0.9478175687872507,1.0199706000001014,1.630626211783383e-11,1.6447314363178788e-11,1.5168403784598918
11.73,attitude_only,3.728038363081752e-13,-3.691910115714788e-13,8.099026150898304e-14,1.0,0.0,0.0,0.0,1.0,7.456076726162906e-13,-7.38382023143018e-13,1.619805230176908e-13,0.0,0.0,0.0,8.508795282294163e-13,-8.429305663983204e-13,1.6748018054112675e-13,-4.577181031563451e-17,4.5221879898535754e-17,2.4343392098901326e-18,0.034127142,0.034127142,0.008531785499999198,0.008531785500000097,0.008531785500000598,0.008531785500000106,533.2849613480332,533.2849613480613,533.284961348077,533.2849613480615,-1.0360109031428175,1.0199706000001014,1.6460852314127716e-11,1.6603304634952618e-11,1.5029525360542413
11.74,attitude_only,3.7703747810068197e-13,-3.7338589673968967e-13,8.183023803644752e-14,1.0,0.0,0.0,0.0,1.0,7.540749562013028e-13,-7.46771793479441e-13,1.6366047607261347e-13,0.0,0.0,0.0,8.433401256412948e-13,-8.357409241391028e-13,1.6841658680350923e-13,-4.5157928466301466e-17,4.495171842886553e-17,2.4343392098901326e-18,0.034127142,0.034127142,0.008531785499999205,0.0085317855000001,0.008531785500000591,0.008531785500000102,533.2849613480334,533.2849613480614,533.2849613480768,533.2849613480614,-1.1242042406272734,1.0199706000001014,1.6615370848429896e-11,1.675922255309362e-11,1.4881827601485906
11.75,attitude_only,3.812333774802894e-13,-3.7754476990519726e-13,8.267490103617511e-14,1.0,0.0,0.0,0.0,1.0,7.624667549605164e-13,-7.550895398104575e-13,1.6534980207206235e-13,0.0,0.0,0.0,8.357789933175229e-13,-8.285379030957798e-13,1.6935426190909746e-13,-4.444235961095013e-17,4.459347220783567e-17,2.4343392098901326e-18,0.034127142,0.034127142,0.008531785499999214,0.008531785500000102,0.008531785500000583,0.0085317855000001,533.2849613480338,533.2849613480614,533.2849613480765,533.2849613480614,-1.212397580614776,1.0199706000001014,1.676981689307153e-11,1.6915067282011843e-11,1.4725310507429403
11.76,attitude_only,3.853915366420641e-13,-3.8166775610868343e-13,8.352424809736384e-14,1.0,0.0,0.0,0.0,1.0,7.707830732840644e-13,-7.633355122174313e-13,1.6704849619443349e-13,0.0,0.0,0.0,8.282336414421435e-13,-8.213546249453215e-13,1.7029142947741366e-13,-4.36702737749163e-17,4.418708467673877e-17,2.4343392098901326e-18,0.034127142,0.034127142,0.008531785499999223,0.008531785500000106,0.008531785500000574,0.008531785500000097,533.284961348034,533.2849613480615,533.2849613480763,533.2849613480613,-1.3005909226048404,1.0199706000001014,1.692418962822603e-11,1.7070837994622196e-11,1.4559974078372897
11.77,attitude_only,3.895120196258449e-13,-3.857547930190723e-13,8.437696040076673e-14,1.0,0.0,0.0,0.0,1.0,7.790240392516247e-13,-7.715095860382104e-13,1.6875392080123293e-13,0.0,0.0,0.0,8.207334974143693e-13,-8.142018356968565e-13,1.7063292473614173e-13,-4.287743591573073e-17,4.374575593554914e-17,2.4343392098901326e-18,0.034127142,0.034127142,0.008531785499999233,0.008531785500000107,0.008531785500000564,0.008531785500000095,533.2849613480344,533.2849613480616,533.284961348076,533.2849613480613,-1.3887842661968897,1.0199706000001014,1.7078488240404814e-11,1.7226533870604558e-11,1.4385818314316392
11.78,attitude_only,3.944077901460936e-13,-3.9061278362529697e-13,8.540361591905361e-14,1.0,0.0,0.0,0.0,1.0,7.888155802921204e-13,-7.812255672506613e-13,1.708072318377991e-13,0.0,0.0,0.0,8.119442848049081e-13,-8.058405968876088e-13,1.7159409549603587e-13,-4.044982363242613e-17,4.1770675333327814e-17,2.4343392098901326e-18,0.034127142,0.034127142,0.008531785499999266,0.00853178550000011,0.00853178550000053,0.008531785500000092,533.2849613480354,533.2849613480618,533.284961348075,533.2849613480612,-1.476977611070527,1.0199706000001014,1.7232711922720664e-11,1.738215409575072e-11,1.4202843215259888
11.79,attitude_only,3.976425222278983e-13,-3.938236840912551e-13,8.609051397747653e-14,1.0,0.0,0.0,0.0,1.0,7.952850444557288e-13,-7.876473681825786e-13,1.7218102795463986e-13,0.0,0.0,0.0,8.061525410084709e-13,-8.003173322166848e-13,1.7176364044907266e-13,-4.1561256486786264e-17,4.3145931050385714e-17,2.4343392098901326e-18,0.034127142,0.034127142,0.008531785499999247,0.008531785500000113,0.00853178550000055,0.008531785500000088,533.2849613480348,533.2849613480618,533.2849613480755,533.2849613480611,-1.5651709569694439,1.0199706000001014,1.7386859870586285e-11,1.7537697859588893e-11,1.4011048781203381
11.8,attitude_only,4.0165364848189724e-13,-3.978065878690575e-13,8.695084707078923e-14,1.0,0.0,0.0,0.0,1.0,8.033072969637253e-13,-7.956131757381849e-13,1.739016941412589e-13,0.0,0.0,0.0,7.990207677980031e-13,-7.935329657930606e-13,1.724158699517395e-13,-4.099333631220611e-17,4.294002099996862e-17,2.4343392098901326e-18,0.034127142,0.034127142,0.008531785499999254,0.008531785500000116,0.008531785500000543,0.008531785500000087,533.284961348035,533.2849613480619,533.2849613480753,533.284961348061,-1.6533643036885706,1.0199706000001014,1.7540931289457214e-11,1.7693164360620768e-11,1.3810435012146878
11.81,attitude_only,4.056292063772675e-13,-4.017554148865457e-13,8.781613387419732e-14,1.0,0.0,0.0,0.0,1.0,8.112584127544644e-13,-8.035108297731627e-13,1.7563226774806873e-13,0.0,0.0,0.0,7.919447400440165e-13,-7.866691427641553e-13,1.7372858759449044e-13,-4.042155040786208e-17,4.2570124792923615e-17,2.4343392098901326e-18,0.034127142,0.034127142,0.00853178549999926,0.008531785500000118,0.008531785500000536,0.008531785500000085,533.2849613480353,533.284961348062,533.2849613480751,533.284961348061,-1.7415576510638746,1.0199706000001014,1.769492539025606e-11,1.784855280426705e-11,1.3601001908090373
11.82,attitude_only,4.0956969770892444e-13,-4.0566962596345974e-13,8.868782430050303e-14,1.0,0.0,0.0,0.0,1.0,8.191393954177769e-13,-8.113392519269921e-13,1.7737564860067375e-13,0.0,0.0,0.0,7.849559703873516e-13,-7.797150750323794e-13,1.7473473612019532e-13,-3.988458652373782e-17,4.2022394265116116e-17,2.4343392098901326e-18,0.034127142,0.034127142,0.00853178549999927,0.008531785500000118,0.008531785500000527,0.008531785500000085,533.2849613480354,533.284961348062,533.2849613480748,533.284961348061,-1.82975099896412,1.0199706000001014,1.7848841396337834e-11,1.8003862404450137e-11,1.3382749469033868
11.83,attitude_only,4.1347533481154765e-13,-4.095491814607362e-13,8.956387579321205e-14,1.0,0.0,0.0,0.0,1.0,8.269506696230219e-13,-8.190983629215465e-13,1.7912775158608543e-13,0.0,0.0,0.0,7.779972313903731e-13,-7.727974299047018e-13,1.7560034093345696e-13,-3.931407204126703e-17,4.144919441095003e-17,2.4343392098901326e-18,0.034127142,0.034127142,0.008531785499999278,0.008531785500000118,0.008531785500000518,0.008531785500000085,533.2849613480357,533.284961348062,533.2849613480745,533.284961348061,-1.9179443472843145,1.0199706000001014,1.8002678539216366e-11,1.8159092380941072e-11,1.3155677694977364
11.84,attitude_only,4.173462981407291e-13,-4.133940735098247e-13,9.044425645194621e-14,1.0,0.0,0.0,0.0,1.0,8.346925962813833e-13,-8.267881470197249e-13,1.8088851290354736e-13,0.0,0.0,0.0,7.710533877974031e-13,-7.658513094714481e-13,1.7646619951535267e-13,-3.869199360767695e-17,4.077236298575968e-17,2.4343392098901326e-18,0.034127142,0.034127142,0.008531785499999287,0.008531785500000118,0.00853178550000051,0.008531785500000085,533.284961348036,533.284961348062,533.2849613480743,533.284961348061,-2.0061376959403843,1.0199706000001014,1.8156436052829715e-11,1.83142419623797e-11,1.291978658592086
11.85,attitude_only,4.211824666693314e-13,-4.172041827991796e-13,9.132896932192906e-14,1.0,0.0,0.0,0.0,1.0,8.423649333385866e-13,-8.344083655984362e-13,1.826579386435067e-13,0.0,0.0,0.0,7.641032480742929e-13,-7.588936764464893e-13,1.7733281940314578e-13,-3.799285842068768e-17,4.0012140120274016e-17,2.4343392098901326e-18,0.034127142,0.034127142,0.008531785499999299,0.008531785500000116,0.008531785500000498,0.008531785500000087,533.2849613480364,533.2849613480619,533.2849613480738,533.284961348061,-2.0943310448653305,1.0199706000001014,1.8310113179911208e-11,1.846931038514827e-11,1.2675076141864354
11.86,attitude_only,4.2498389215796575e-13,-4.2097963015537477e-13,9.221668264171353e-14,1.0,0.0,0.0,0.0,1.0,8.499677843158539e-13,-8.419592603108279e-13,1.8443336528306924e-13,0.0,0.0,0.0,7.572000767464934e-13,-7.520073422917365e-13,1.7759970668325145e-13,-3.7281053594792794e-17,3.926861255748784e-17,2.4343392098901326e-18,0.034127142,0.034127142,0.00853178549999931,0.008531785500000116,0.008531785500000487,0.008531785500000087,533.2849613480366,533.2849613480619,533.2849613480736,533.284961348061,-2.182524394005285,1.0199706000001014,1.8463709169529257e-11,1.862429689337175e-11,1.242154636280785
11.870000000000001,attitude_only,4.287512406043704e-13,-4.2472097826639537e-13,9.310616091924114e-14,1.0,0.0,0.0,0.0,1.0,8.575024812086617e-13,-8.494419565328706e-13,1.862123218381181e-13,0.0,0.0,0.0,7.5042720836743e-13,-7.452212361450959e-13,1.7824051659733266e-13,-3.6657883623592213e-17,3.857749754297121e-17,2.4343392098901326e-18,0.034127142,0.034127142,0.00853178549999932,0.008531785500000116,0.008531785500000477,0.008531785500000087,533.284961348037,533.2849613480619,533.2849613480732,533.284961348061,-2.2707177433172467,1.0199706000001014,1.8617223274774167e-11,1.8779200735488436e-11,1.2159197248751346
11.88,attitude_only,4.324848374980007e-13,-4.2842846788682047e-13,9.399951216125858e-14,1.0,0.0,0.0,0.0,1.0,8.649696749959209e-13,-8.568569357737222e-13,1.879990243221466e-13,0.0,0.0,0.0,7.436740336993531e-13,-7.384582957138167e-13,1.7902060138066945e-13,-3.5990814358893305e-17,3.7846551982574243e-17,2.4343392098901326e-18,0.034127142,0.034127142,0.00853178549999933,0.008531785500000116,0.008531785500000466,0.008531785500000087,533.2849613480373,533.2849613480619,533.2849613480729,533.284961348061,-2.3589110927668226,1.0199706000001014,1.8770654754355434e-11,1.8934021163902485e-11,1.1888028799694839
11.89,attitude_only,4.3618479957348213e-13,-4.321022300551266e-13,9.489645571340812e-14,1.0,0.0,0.0,0.0,1.0,8.723695991468823e-13,-8.64204460110336e-13,1.8979291142643928e-13,0.0,0.0,0.0,7.369869034945254e-13,-7.317190532060431e-13,1.7972140552123567e-13,-3.5336127148045177e-17,3.707665150530617e-17,2.4343392098901326e-18,0.034127142,0.034127142,0.008531785499999342,0.008531785500000114,0.008531785500000454,0.008531785500000088,533.2849613480378,533.2849613480619,533.2849613480724,533.2849613480611,-2.4471044423264816,1.0199706000001014,1.892400287609868e-11,1.9088757441491046e-11,1.1608041015638333
11.9,attitude_only,4.398513443780862e-13,-4.3574238543714265e-13,9.579585540369326e-14,1.0,0.0,0.0,0.0,1.0,8.797026887560889e-13,-8.714847708743696e-13,1.915917108070032e-13,0.0,0.0,0.0,7.303242674347532e-13,-7.250413446369642e-13,1.798949059437483e-13,-3.464420655066599e-17,3.631381466878097e-17,2.4343392098901326e-18,0.034127142,0.034127142,0.008531785499999353,0.008531785500000114,0.008531785500000444,0.008531785500000088,533.2849613480381,533.2849613480619,533.2849613480722,533.2849613480611,-2.5352977919742066,1.0199706000001014,1.9077266914840783e-11,1.9243408837222445e-11,1.1319233896581828
11.91,attitude_only,4.434849420086957e-13,-4.393495417548362e-13,9.669689097456262e-14,1.0,0.0,0.0,0.0,1.0,8.869698840173065e-13,-8.786990835097581e-13,1.9339378194873556e-13,0.0,0.0,0.0,7.237877708664029e-13,-7.184909048608255e-13,1.8052034079980682e-13,-3.403828837730944e-17,3.563819598602264e-17,2.4343392098901326e-18,0.034127142,0.034127142,0.008531785499999363,0.008531785500000114,0.008531785500000433,0.008531785500000088,533.2849613480383,533.2849613480619,533.2849613480719,533.2849613480611,-2.623491141692389,1.0199706000001014,1.923044615050576e-11,1.939797462625663e-11,1.1021607442525323
11.92,attitude_only,4.4708580179230497e-13,-4.4292401299381263e-13,9.760140875863872e-14,1.0,0.0,0.0,0.0,1.0,8.941716035845235e-13,-8.858480259877125e-13,1.952028175168814e-13,0.0,0.0,0.0,7.172184406032138e-13,-7.11946884268998e-13,1.8121718947096486e-13,-3.332727646751448e-17,3.49048401185194e-17,2.4343392098901326e-18,0.034127142,0.034127142,0.008531785499999374,0.008531785500000113,0.008531785500000423,0.008531785500000088,533.2849613480387,533.2849613480618,533.2849613480715,533.2849613480611,-2.7116844914668325,1.0199706000001014,1.9383539867612263e-11,1.9552454088357896e-11,1.0715161653468814
11.93,attitude_only,4.506540288972353e-13,-4.464659118584613e-13,9.850940951722724e-14,1.0,0.0,0.0,0.0,1.0,9.013080577943827e-13,-8.929318237170113e-13,1.9701881903405208e-13,0.0,0.0,0.0,7.10743449982869e-13,-7.055073727872379e-13,1.8191403814207564e-13,-3.266472222292923e-17,3.423250006827957e-17,2.4343392098901326e-18,0.034127142,0.034127142,0.008531785499999384,0.008531785500000113,0.008531785500000413,0.00853178550000009,533.284961348039,533.2849613480618,533.2849613480712,533.2849613480611,-2.7998778412864853,1.0199706000001014,1.953654736042166e-11,1.9706846513877917e-11,1.0399896529412311
11.94,attitude_only,4.541908082802865e-13,-4.4997652330078945e-13,9.942192032386762e-14,1.0,0.0,0.0,0.0,1.0,9.083816165604836e-13,-8.999530466016692e-13,1.988438406473265e-13,0.0,0.0,0.0,7.046216309363621e-13,-6.993832233815865e-13,1.831290548604866e-13,-3.236475567648454e-17,3.387735301531358e-17,2.4343392098901326e-18,0.034127142,0.034127142,0.00853178549999939,0.008531785500000113,0.008531785500000407,0.00853178550000009,533.2849613480392,533.2849613480618,533.284961348071,533.2849613480611,-2.8880711911422146,1.0199706000001014,1.968946792698919e-11,1.9861151195485218e-11,1.0075812070355805
11.95,attitude_only,4.576975604237513e-13,-4.5345712158628233e-13,1.0034168042103307e-13,1.0,0.0,0.0,0.0,1.0,9.153951208474115e-13,-9.069142431726566e-13,2.0068336084165103e-13,0.0,0.0,0.0,6.987056160508225e-13,-6.93482317758358e-13,1.8463672753220747e-13,-3.225259397434495e-17,3.3731089445022705e-17,2.4343392098901326e-18,0.034127142,0.034127142,0.008531785499999391,0.008531785500000113,0.008531785500000406,0.00853178550000009,533.2849613480392,533.2849613480618,533.284961348071,533.2849613480611,-2.976264541026798,1.0199706000001014,1.9842300864785325e-11,2.0015367425344523e-11,0.9742908276299299
11.96,attitude_only,4.611751949582646e-13,-4.569087095068554e-13,1.0126919953338508e-13,1.0,0.0,0.0,0.0,1.0,9.223503899164367e-13,-9.138174190138043e-13,2.025383990663487e-13,0.0,0.0,0.0,6.929611010720691e-13,-6.877486177424738e-13,1.862243373238915e-13,-3.2288787010562887e-17,3.372813560338748e-17,2.4343392098901326e-18,0.034127142,0.034127142,0.008531785499999391,0.008531785500000113,0.008531785500000406,0.00853178550000009,533.2849613480392,533.2849613480618,533.284961348071,533.2849613480611,-3.064457890934465,1.0199706000001014,1.9995045479879987e-11,2.0169494504284252e-11,0.9401185147242793
11.97,attitude_only,4.646246132932378e-13,-4.603320463084077e-13,1.0220385496770389e-13,1.0,0.0,0.0,0.0,1.0,9.292492265863814e-13,-9.206640926169104e-13,2.0440770993498002e-13,0.0,0.0,0.0,6.873755162933901e-13,-6.821538093941805e-13,1.8737549256874035e-13,-3.2459840439081625e-17,3.383590367937715e-17,2.4343392098901326e-18,0.034127142,0.034127142,0.00853178549999939,0.008531785500000113,0.008531785500000407,0.00853178550000009,533.2849613480392,533.2849613480618,533.284961348071,533.2849613480611,-3.1526512408605987,1.0199706000001014,2.0147701085523083e-11,2.0323531740534733e-11,0.9050642683186287
11.98,attitude_only,4.680461184714921e-13,-4.637274822020655e-13,1.0314331833293595e-13,1.0,0.0,0.0,0.0,1.0,9.360922369428884e-13,-9.274549644042276e-13,2.0628663666543782e-13,0.0,0.0,0.0,6.817874127009936e-13,-6.765872020958996e-13,1.883157053605728e-13,-3.2571990255215624e-17,3.3921846942398925e-17,2.4343392098901326e-18,0.034127142,0.034127142,0.008531785499999387,0.00853178550000011,0.00853178550000041,0.00853178550000009,533.2849613480391,533.2849613480618,533.2849613480711,533.2849613480611,-3.2408445908015056,1.0199706000001014,2.0300267002457727e-11,2.0477478448957995e-11,0.8691280884129782
11.99,attitude_only,4.71439741815606e-13,-4.670950716775321e-13,1.0408748694930997e-13,1.0,0.0,0.0,0.0,1.0,9.42879483631115e-13,-9.341901433551624e-13,2.0817497389817953e-13,0.0,0.0,0.0,6.762247423239837e-13,-6.710050864971995e-13,1.8925693322702567e-13,-3.265903322604342e-17,3.3933359088930664e-17,2.4343392098901326e-18,0.034127142,0.034127142,0.008531785499999386,0.00853178550000011,0.008531785500000411,0.008531785500000092,533.2849613480391,533.2849613480618,533.2849613480711,533.2849613480612,-3.329037940754234,1.0199706000001014,2.0452742560109504e-11,2.063133395460093e-11,0.8323099750073275
12.0,attitude_only,4.74805504731254e-13,-4.704346812199445e-13,1.0503636436958685e-13,1.0,0.0,0.0,0.0,1.0,9.496110094624092e-13,-9.408693624399889e-13,2.1007272873872696e-13,0.0,0.0,0.0,6.706399214907458e-13,-6.654144909851553e-13,1.9019892239938818e-13,-3.266364744106534e-17,3.387878938432906e-17,2.4343392098901326e-18,0.034127142,0.034127142,0.008531785499999387,0.00853178550000011,0.00853178550000041,0.008531785500000092,533.2849613480391,533.2849613480618,533.2849613480711,533.2849613480612,-3.4172312907162827,1.0199706000001014,2.0605127095341072e-11,2.0785097588181477e-11,0.7946099281016769
12.01,attitude_only,4.781433259083779e-13,-4.73746411751915e-13,1.0598994488397218e-13,1.0,0.0,0.0,0.0,1.0,9.562866518166555e-13,-9.474928235039314e-13,2.1197988976749132e-13,0.0,0.0,0.0,6.650515826684864e-13,-6.598230587924983e-13,1.9114015026579134e-13,-3.2608156681038616e-17,3.376730134106536e-17,2.4343392098901326e-18,0.034127142,0.034127142,0.008531785499999387,0.00853178550000011,0.00853178550000041,0.008531785500000092,533.2849613480391,533.2849613480618,533.2849613480711,533.2849613480612,-3.5054246406860554,1.0199706000001014,2.075741994993982e-11,2.0938768686689573e-11,0.7560279476960262
12.02,attitude_only,4.814531490299443e-13,-4.770301728541763e-13,1.0694823407537598e-13,1.0,0.0,0.0,0.0,1.0,9.629062980597865e-13,-9.540603457084556e-13,2.1389646815029263e-13,0.0,0.0,0.0,6.59443142960598e-13,-6.542445586571068e-13,1.920808705949274e-13,-3.2472460461178403e-17,3.3615546765166655e-17,2.4343392098901326e-18,0.034127142,0.034127142,0.008531785499999391,0.00853178550000011,0.008531785500000406,0.008531785500000092,533.2849613480392,533.2849613480618,533.284961348071,533.2849613480612,-3.593617990661876,1.0199706000001014,2.090962047074103e-11,2.1092346592507565e-11,0.7165640337903755
12.03,attitude_only,4.847350546582626e-13,-4.802860261495272e-13,1.079112249651607e-13,1.0,0.0,0.0,0.0,1.0,9.694701093164215e-13,-9.60572052299159e-13,2.1582244992985578e-13,0.0,0.0,0.0,6.53872504144508e-13,-6.48666781391e-13,1.9302108338682253e-13,-3.232641892331533e-17,3.340888185974835e-17,2.4343392098901326e-18,0.034127142,0.034127142,0.008531785499999393,0.008531785500000109,0.008531785500000404,0.008531785500000093,533.2849613480394,533.2849613480616,533.2849613480709,533.2849613480612,-3.681811340642531,1.0199706000001014,2.1061728010837503e-11,2.1245830653342268e-11,0.6762181863847249
12.04,attitude_only,4.879890360377612e-13,-4.835139807698454e-13,1.0887891793397933e-13,1.0,0.0,0.0,0.0,1.0,9.759780720754173e-13,-9.67027961539797e-13,2.1775783586748675e-13,0.0,0.0,0.0,6.482736992733567e-13,-6.430751681258132e-13,1.9396180371595607e-13,-3.209059007066723e-17,3.312969762278202e-17,2.4343392098901326e-18,0.034127142,0.034127142,0.008531785499999398,0.008531785500000109,0.008531785500000399,0.008531785500000093,533.2849613480395,533.2849613480616,533.2849613480707,533.2849613480612,-3.770004690627057,1.0199706000001014,2.1213741927931248e-11,2.1399220221703433e-11,0.6349904054790741
12.05,attitude_only,4.912150096911647e-13,-4.867139808701845e-13,1.098513151388653e-13,1.0,0.0,0.0,0.0,1.0,9.824300193822224e-13,-9.734279617404768e-13,2.1970263027725243e-13,0.0,0.0,0.0,6.426754181584461e-13,-6.374883976092158e-13,1.949030315823727e-13,-3.179940691436007e-17,3.2800456978958335e-17,2.4343392098901326e-18,0.034127142,0.034127142,0.008531785499999401,0.008531785500000109,0.008531785500000395,0.008531785500000093,533.2849613480396,533.2849613480616,533.2849613480706,533.2849613480612,-3.858198040614678,1.0199706000001014,2.136566158580289e-11,2.1552514656577597e-11,0.5928806910734234
12.06,attitude_only,4.944129998111466e-13,-4.898860478089446e-13,1.1082841683358726e-13,1.0,0.0,0.0,0.0,1.0,9.888259996221845e-13,-9.797720956179988e-13,2.216568336666901e-13,0.0,0.0,0.0,6.370751144286438e-13,-6.318958239967927e-13,1.9584349814288012e-13,-3.144979358288355e-17,3.240832688401833e-17,2.4343392098901326e-18,0.034127142,0.034127142,0.008531785499999408,0.008531785500000109,0.008531785500000388,0.008531785500000093,533.2849613480398,533.2849613480616,533.2849613480704,533.2849613480612,-3.9463913906047745,1.0199706000001014,2.1517486353698155e-11,2.170571332194347e-11,0.5498890431677728
12.07,attitude_only,4.975831312533808e-13,-4.930302083989372e-13,1.1180890331070808e-13,1.0,0.0,0.0,0.0,1.0,9.951662625066513e-13,-9.860604167979856e-13,2.236178066209255e-13,0.0,0.0,0.0,6.315530225549349e-13,-6.263606816568289e-13,1.9618981500567067e-13,-3.113881355998201e-17,3.202976289262997e-17,2.4343392098901326e-18,0.034127142,0.034127142,0.008531785499999413,0.008531785500000107,0.008531785500000383,0.008531785500000095,533.2849613480399,533.2849613480616,533.2849613480703,533.2849613480613,-4.034584740596854,1.0199706000001014,2.1669215606304387e-11,2.1858815587410118e-11,0.506015461762122
12.08,attitude_only,5.007261777289014e-13,-4.961472996234126e-13,1.1279155290856002e-13,1.0,0.0,0.0,0.0,1.0,1.001452355457691e-12,-9.922945992469381e-13,2.2558310581662318e-13,0.0,0.0,0.0,6.26197519824299e-13,-6.209946552963721e-13,1.9691005450244211e-13,-3.097418548146185e-17,3.1800477813045307e-17,2.4343392098901326e-18,0.034127142,0.034127142,0.008531785499999415,0.008531785500000107,0.008531785500000381,0.008531785500000095,533.28496134804,533.2849613480616,533.2849613480702,533.2849613480613,-4.122778090590517,1.0199706000001014,2.1820848721359245e-11,2.20118208252211e-11,0.46125994685647126
12.09,attitude_only,5.038424141112561e-13,-4.99237421502957e-13,1.137784657670621e-13,1.0,0.0,0.0,0.0,1.0,1.0076848282223986e-12,-9.984748430060286e-13,2.2755693153362116e-13,0.0,0.0,0.0,6.208249223153574e-13,-6.156011751620931e-13,1.9776956886847954e-13,-3.073531769388538e-17,3.1484313403531386e-17,2.4343392098901326e-18,0.034127142,0.034127142,0.00853178549999942,0.008531785500000107,0.008531785500000376,0.008531785500000095,533.2849613480402,533.2849613480616,533.28496134807,533.2849613480613,-4.210971440585285,1.0199706000001014,2.1972385079391706e-11,2.216472841074883e-11,0.41562249845082055
12.1,attitude_only,5.069316877937564e-13,-5.023006163840485e-13,1.1476967594362579e-13,1.0,0.0,0.0,0.0,1.0,1.0138633755873974e-12,-1.0046012327682134e-12,2.295393518867423e-13,0.0,0.0,0.0,6.154408543552178e-13,-6.102174289492891e-13,1.9862959077178202e-13,-3.0428844685269934e-17,3.112599223765938e-17,2.4343392098901326e-18,0.034127142,0.034127142,0.008531785499999426,0.008531785500000107,0.008531785500000371,0.008531785500000095,533.2849613480404,533.2849613480616,533.2849613480698,533.2849613480613,-4.299164790581263,1.0199706000001014,2.2123824071435803e-11,2.231753772919329e-11,0.3691031165451698
12.11,attitude_only,5.099941749252252e-13,-5.053369622836675e-13,1.1576519536537683e-13,1.0,0.0,0.0,0.0,1.0,1.0199883498503335e-12,-1.0106739245674532e-12,2.3153039073023823e-13,0.0,0.0,0.0,6.100890342528545e-13,-6.048669019163035e-13,1.9949164282415152e-13,-3.0107550904962256e-17,3.075402881723947e-17,2.4343392098901326e-18,0.034127142,0.034127142,0.00853178549999943,0.008531785500000106,0.008531785500000366,0.008531785500000097,533.2849613480405,533.2849613480615,533.2849613480697,533.2849613480613,-4.387358140578045,1.0199706000001014,2.227516509331864e-11,2.247024817231569e-11,0.3217018011395191
12.12,attitude_only,5.130298297268995e-13,-5.083465098307483e-13,1.1676501781498353e-13,1.0,0.0,0.0,0.0,1.0,1.0260596594536802e-12,-1.0166930196616164e-12,2.335300356294455e-13,0.0,0.0,0.0,6.047174539066955e-13,-5.99496123724805e-13,2.0035191849606782e-13,-2.970882902863835e-17,3.030405622468918e-17,2.4343392098901326e-18,0.034127142,0.034127142,0.008531785499999438,0.008531785500000106,0.008531785500000359,0.008531785500000097,533.2849613480407,533.2849613480615,533.2849613480695,533.2849613480613,-4.475551490575471,1.0199706000001014,2.2426407545293988e-11,2.2622859135209635e-11,0.27341855223386835
12.13,zero_thrust,3.9163725645023927e-13,-3.8803291106238067e-13,1.1776913897837928e-13,1.0,0.0,0.0,0.0,1.0,7.832745129003872e-13,-7.760658221248536e-13,2.355382779564546e-13,0.0,0.0,0.0,-5.343773911319555e-11,5.296294465562566e-11,2.0121143286211743e-13,0.0,0.0,0.0,0.0,0.0,0.0,0.0,0.0,0.0,0.0,0.0,0.0,0.0,-4.673000801474798,1.0199706000001014,2.2577550834183474e-11,2.2775370019653683e-11,0.22425336982821756
12.14,zero_thrust,6.589897711532063e-14,-6.518848743101189e-14,1.1877412173387181e-13,1.0,0.0,0.0,0.0,1.0,1.3179795423062578e-13,-1.3037697486203943e-13,2.3754824346773505e-13,0.0,0.0,0.0,-7.322357530717358e-11,7.257311733936873e-11,2.0051233992461262e-13,0.0,0.0,0.0,0.0,0.0,0.0,0.0,0.0,0.0,0.0,0.0,0.0,0.0,-4.520662681894312,1.0199706000001014,2.2720388688830892e-11,2.2919499213638775e-11,0.18122895758892452
12.15,zero_thrust,-3.045308987495579e-13,3.019510011312251e-13,1.1977457526642185e-13,1.0,0.0,0.0,0.0,1.0,-6.090617974990435e-13,6.039020022625231e-13,2.3954915053265977e-13,0.0,0.0,0.0,-7.042618418895314e-11,6.980066526089214e-11,1.9964135045810381e-13,0.0,0.0,0.0,0.0,0.0,0.0,0.0,0.0,0.0,0.0,0.0,0.0,0.0,-3.901414218353972,1.0199706000001014,2.2848043074048312e-11,2.3048301378474204e-11,0.16698475394699872
12.16,zero_thrust,-6.019199331900874e-13,5.96698960534497e-13,1.2077066725960262e-13,1.0,0.0,0.0,0.0,1.0,-1.2038398663800306e-12,1.1933979210691393e-12,2.415413345184869e-13,0.0,0.0,0.0,-4.990118527323995e-11,4.945808556199328e-11,1.988764719671806e-13,0.0,0.0,0.0,0.0,0.0,0.0,0.0,0.0,0.0,0.0,0.0,0.0,0.0,-2.71557304978736,1.0199706000001014,2.2981130864503e-11,2.3182576729366164e-11,0.1872626701917892
12.17,zero_thrust,-8.307502961000971e-13,8.234971957353101e-13,1.2176315584324558e-13,1.0,0.0,0.0,0.0,1.0,-1.6615005921999937e-12,1.6469943914708225e-12,2.435263116851229e-13,0.0,0.0,0.0,-4.5431902184274416e-11,4.502842771388182e-11,1.9821927464523827e-13,0.0,0.0,0.0,0.0,0.0,0.0,0.0,0.0,0.0,0.0,0.0,0.0,0.0,-1.316282103925385,1.0199706000001014,2.313303808439264e-11,2.3335834233307836e-11,0.23007148698702104
12.18,zero_thrust,-1.0579117084186315e-12,1.048641289083762e-12,1.2275279810236877e-13,1.0,0.0,0.0,0.0,1.0,-2.115823416837006e-12,2.097282578167784e-12,2.455055962025188e-13,0.0,0.0,0.0,-4.543252821789958e-11,4.5029081008380585e-11,1.9769230028429396e-13,0.0,0.0,0.0,0.0,0.0,0.0,0.0,0.0,0.0,0.0,0.0,0.0,0.0,-0.1673771742677077,1.0199706000001014,2.328775221339494e-11,2.349192316277002e-11,0.2743539124306501
12.19,zero_thrust,-1.2850756396667747e-12,1.273787773440619e-12,1.237400181755591e-13,1.0,0.0,0.0,0.0,1.0,-2.5701512793332343e-12,2.547575546881556e-12,2.474800363478444e-13,0.0,0.0,0.0,-4.5432958050545046e-11,4.502944491931629e-11,1.9723193424227595e-13,0.0,0.0,0.0,0.0,0.0,0.0,0.0,0.0,0.0,0.0,0.0,0.0,0.0,0.7323919414244836,1.0199706000001014,2.344248831009888e-11,2.364803425318295e-11,0.31766859647258167
12.2,zero_thrust,-1.5122412984970701e-12,1.4989357262349288e-12,1.247251576433294e-13,1.0,0.0,0.0,0.0,1.0,-3.0244825969937663e-12,2.997871452470235e-12,2.494503152821253e-13,0.0,0.0,0.0,-4.543322503836665e-11,4.502968459573558e-11,1.9688065302700052e-13,0.0,0.0,0.0,0.0,0.0,0.0,0.0,0.0,0.0,0.0,0.0,0.0,0.0,1.4327559382925477,1.0199706000001014,2.3597241078111365e-11,2.3804162164126773e-11,0.3600107157302288
12.21,zero_thrust,-1.7394078320123444e-12,1.724084771424735e-12,1.2570874792198277e-13,1.0,0.0,0.0,0.0,1.0,-3.4788156640242554e-12,3.4481695428499073e-12,2.5141749583796777e-13,0.0,0.0,0.0,-4.543336155873742e-11,4.502987328097181e-11,1.96598614962809e-13,0.0,0.0,0.0,0.0,0.0,0.0,0.0,0.0,0.0,0.0,0.0,0.0,0.0,1.9735373295128604,1.0199706000001014,2.3752005989118937e-11,2.3960302326189876e-11,0.401377344674169
12.22,zero_thrust,-1.966574924142714e-12,1.9492344795252017e-12,1.2669102208958453e-13,1.0,0.0,0.0,0.0,1.0,-3.933149848284934e-12,3.898468959050902e-12,2.5338204417150244e-13,0.0,0.0,0.0,-4.543343947543855e-11,4.5029989943227085e-11,1.963584913485589e-13,0.0,0.0,0.0,0.0,0.0,0.0,0.0,0.0,0.0,0.0,0.0,0.0,0.0,2.386617147749158,1.0199706000001014,2.3906779498198724e-11,2.4116451160836032e-11,0.44176670888111164
12.23,zero_thrust,-2.1937422860222693e-12,2.1743846051433316e-12,1.2767232834941392e-13,1.0,0.0,0.0,0.0,1.0,-4.387484572043984e-12,4.348769210287223e-12,2.5534465668928775e-13,0.0,0.0,0.0,-4.543349122717686e-11,4.503004909740929e-11,1.9619073243785533e-13,0.0,0.0,0.0,0.0,0.0,0.0,0.0,0.0,0.0,0.0,0.0,0.0,0.0,2.697514182755662,1.0199706000001014,2.4061558969118408e-11,2.427260600977122e-11,0.48117773210892756
12.24,zero_thrust,-2.4209098350567083e-12,2.3995349357229624e-12,1.2865294770265236e-13,1.0,0.0,0.0,0.0,1.0,-4.8418196701127995e-12,4.799069871446548e-12,2.5730589539368663e-13,0.0,0.0,0.0,-4.5433520065620646e-11,4.5030092212073005e-11,1.9606947068177613e-13,0.0,0.0,0.0,0.0,0.0,0.0,0.0,0.0,0.0,0.0,0.0,0.0,0.0,2.9266519357013623,1.0199706000001014,2.4216342509010427e-11,2.4428764963121326e-11,0.5196097615837684
12.25,zero_thrust,-2.648077507070078e-12,2.624685466162506e-12,1.2963300902956697e-13,1.0,0.0,0.0,0.0,1.0,-5.2961550141394755e-12,5.249370932325699e-12,2.5926601804523317e-13,0.0,0.0,0.0,-4.543355170578175e-11,4.503011908440607e-11,1.9597298804508507e-13,0.0,0.0,0.0,0.0,0.0,0.0,0.0,0.0,0.0,0.0,0.0,0.0,0.0,3.0903743444512237,1.0199706000001014,2.4371128791798114e-11,2.458492668343004e-11,0.5570624013782809
12.26,zero_thrust,-2.8752452806074206e-12,2.8498361613825437e-12,1.306126490284319e-13,1.0,0.0,0.0,0.0,1.0,-5.7504905612140964e-12,5.699672322765839e-12,2.612252980404758e-13,0.0,0.0,0.0,-4.543355989831608e-11,4.503014744310414e-11,1.95898326041493e-13,0.0,0.0,0.0,0.0,0.0,0.0,0.0,0.0,0.0,0.0,0.0,0.0,0.0,3.2017596750031103,1.0199706000001014,2.452591690532217e-11,2.474109025045618e-11,0.5935354113503867
12.27,zero_thrust,-3.102413107723645e-12,3.0749869438092812e-12,1.3159195724426076e-13,1.0,0.0,0.0,0.0,1.0,-6.204826215446481e-12,6.149973887619379e-12,2.6318391446944174e-13,0.0,0.0,0.0,-4.5433569582876454e-11,4.5030165919855644e-11,1.9583825053016247e-13,0.0,0.0,0.0,0.0,0.0,0.0,0.0,0.0,0.0,0.0,0.0,0.0,0.0,3.2712724299258156,1.0199706000001014,2.468070623054823e-11,2.4897255039522122e-11,0.6290286458465523
12.28,zero_thrust,-3.3295809224310688e-12,3.3001377619311954e-12,1.3257102478445434e-13,1.0,0.0,0.0,0.0,1.0,-6.659161844861263e-12,6.600275523863274e-12,2.651420495469325e-13,0.0,0.0,0.0,-4.543355348917834e-11,4.5030173817471523e-11,1.9579380681978703e-13,0.0,0.0,0.0,0.0,0.0,0.0,0.0,0.0,0.0,0.0,0.0,0.0,0.0,3.3072853574784977,1.0199706000001014,2.483549635192389e-11,2.5053420631659653e-11,0.6635420165234438
12.29,zero_thrust,-3.556748731593996e-12,3.5252886879694293e-12,1.3354989493168181e-13,1.0,0.0,0.0,0.0,1.0,-7.11349746318705e-12,7.0505773759398086e-12,2.670997898382865e-13,0.0,0.0,0.0,-4.543356444264513e-11,4.5030196771853515e-11,1.9575934285835775e-13,0.0,0.0,0.0,0.0,0.0,0.0,0.0,0.0,0.0,0.0,0.0,0.0,0.0,3.3164973514763556,1.0199706000001014,2.499028699350777e-11,2.5209586747890355e-11,0.697075469798121
12.3,zero_thrust,-3.7839164521808595e-12,3.75043967018842e-12,1.345286220654763e-13,1.0,0.0,0.0,0.0,1.0,-7.56783290436071e-12,7.500879340377857e-12,2.690572441025699e-13,0.0,0.0,0.0,-4.543353449895228e-11,4.50301944678889e-11,1.9573149912336099e-13,0.0,0.0,0.0,0.0,0.0,0.0,0.0,0.0,0.0,0.0,0.0,0.0,0.0,3.3042679486364332,1.0199706000001014,2.5145077973567328e-11,2.536575320505388e-11,0.7296289731708877
12.31,zero_thrust,-4.011084187710297e-12,3.975590676953668e-12,1.3550721539219958e-13,1.0,0.0,0.0,0.0,1.0,-8.022168375419517e-12,7.951181353908423e-12,2.710144307525063e-13,0.0,0.0,0.0,-4.543354807683204e-11,4.5030205876858166e-11,1.9570967830439578e-13,0.0,0.0,0.0,0.0,0.0,0.0,0.0,0.0,0.0,0.0,0.0,0.0,0.0,3.274885034085041,1.0199706000001014,2.529986917241851e-11,2.5521919881908845e-11,0.7612025069296817
12.32,zero_thrust,-4.238251938333972e-12,4.200741782978251e-12,1.3648571291805698e-13,1.0,0.0,0.0,0.0,1.0,-8.476503876666796e-12,8.401483565957658e-12,2.7297142580050637e-13,0.0,0.0,0.0,-4.5433555881934556e-11,4.5030236118015137e-11,1.9569292833539425e-13,0.0,0.0,0.0,0.0,0.0,0.0,0.0,0.0,0.0,0.0,0.0,0.0,0.0,3.2317790710450653,1.0199706000001014,2.54546605126016e-11,2.5678086701409396e-11,0.7917960591185327
12.33,zero_thrust,-4.4654198016986405e-12,4.425892898024583e-12,1.3746413703950912e-13,1.0,0.0,0.0,0.0,1.0,-8.930839603396064e-12,8.851785796050394e-12,2.749282740394913e-13,0.0,0.0,0.0,-4.5433578695224085e-11,4.50302206622634e-11,1.9567896416795905e-13,0.0,0.0,0.0,0.0,0.0,0.0,0.0,0.0,0.0,0.0,0.0,0.0,0.0,3.1776945241809758,1.0199706000001014,2.5609451943751346e-11,2.5834253612363283e-11,0.8214096224857782
12.34,zero_thrust,-4.692587696794761e-12,4.651044128246748e-12,1.3844250065362194e-13,1.0,0.0,0.0,0.0,1.0,-9.385175393588235e-12,9.302088256494794e-12,2.7688500126359304e-13,0.0,0.0,0.0,-4.543357177084214e-11,4.5030253134314566e-11,1.956678136974362e-13,0.0,0.0,0.0,0.0,0.0,0.0,0.0,0.0,0.0,0.0,0.0,0.0,0.0,3.1148270222903864,1.0199706000001014,2.576424343300142e-11,2.599042058262852e-11,0.8500431926330629
12.35,zero_thrust,-4.9197555694936755e-12,4.876195273372138e-12,1.3942081274385394e-13,1.0,0.0,0.0,0.0,1.0,-9.83951113898599e-12,9.752390546745647e-12,2.788416254397285e-13,0.0,0.0,0.0,-4.54335629487346e-11,4.503022023221503e-11,1.9565882633192144e-13,0.0,0.0,0.0,0.0,0.0,0.0,0.0,0.0,0.0,0.0,0.0,0.0,0.0,3.044933103024051,1.0199706000001014,2.5919034959895028e-11,2.6146587590108244e-11,0.8776967668926494
12.36,zero_thrust,-5.1469232933397945e-12,5.101346333134628e-12,1.4039908466778222e-13,1.0,0.0,0.0,0.0,1.0,-1.0293846586678156e-11,1.0202692666270702e-11,2.8079816928305195e-13,0.0,0.0,0.0,-4.5433554098581287e-11,4.5030212090936196e-11,1.956511398985199e-13,0.0,0.0,0.0,0.0,0.0,0.0,0.0,0.0,0.0,0.0,0.0,0.0,0.0,2.969418017495723,1.0199706000001014,2.6073826509349583e-11,2.6302754620867462e-11,0.904370343646473
12.37,zero_thrust,-5.3740909378754866e-12,5.32649744710782e-12,1.4137732645480617e-13,1.0,0.0,0.0,0.0,1.0,-1.0748181875749467e-11,1.065299489421716e-11,2.827546528523622e-13,0.0,0.0,0.0,-4.5433541186476696e-11,4.5030223192401924e-11,1.9564651540696896e-13,0.0,0.0,0.0,0.0,0.0,0.0,0.0,0.0,0.0,0.0,0.0,0.0,0.0,2.8894059793296827,1.0199706000001014,2.622861807358876e-11,2.645892166574931e-11,0.9300639219131276
12.38,zero_thrust,-5.601258530569109e-12,5.55164855645684e-12,1.4235554859858084e-13,1.0,0.0,0.0,0.0,1.0,-1.1202517061136638e-11,1.1103297112915274e-11,2.8471109713496926e-13,0.0,0.0,0.0,-4.543350358723832e-11,4.503022579297469e-11,1.9564298028783309e-13,0.0,0.0,0.0,0.0,0.0,0.0,0.0,0.0,0.0,0.0,0.0,0.0,0.0,2.8057963671484214,1.0199706000001014,2.6383409647658713e-11,2.6615088719871107e-11,0.9547775010973608
12.39,zero_thrust,-5.828426022499662e-12,5.776799638376206e-12,1.4333375520049746e-13,1.0,0.0,0.0,0.0,1.0,-1.1656852044997668e-11,1.1553599276754082e-11,2.8666751033365563e-13,0.0,0.0,0.0,-4.5433501805064624e-11,4.503021350386113e-11,1.9564003602123453e-13,0.0,0.0,0.0,0.0,0.0,0.0,0.0,0.0,0.0,0.0,0.0,0.0,0.0,2.7193086885341997,1.0199706000001014,2.65382012276234e-11,2.6771255779404462e-11,0.9785110808381334
12.4,zero_thrust,-6.055593415472483e-12,6.001950708589907e-12,1.4431194831923756e-13,1.0,0.0,0.0,0.0,1.0,-1.2111186830943235e-11,1.2003901417181561e-11,2.8862389656578436e-13,0.0,0.0,0.0,-4.543347692791701e-11,4.5030220597551975e-11,1.9563750703184993e-13,0.0,0.0,0.0,0.0,0.0,0.0,0.0,0.0,0.0,0.0,0.0,0.0,0.0,2.6810820636791446,1.0199706000001014,2.669299281120644e-11,2.6927422842340364e-11,1.0012646609164646
12.41,zero_thrust,-6.282760735163416e-12,6.227101700281799e-12,1.4529013081105457e-13,1.0,0.0,0.0,0.0,1.0,-1.2565521470325023e-11,1.2454203400565424e-11,2.9058026154386237e-13,0.0,0.0,0.0,-4.5433474417663784e-11,4.503017839239601e-11,1.956356850784915e-13,0.0,0.0,0.0,0.0,0.0,0.0,0.0,0.0,0.0,0.0,0.0,0.0,0.0,2.540748928817353,1.0199706000001014,2.6847784397122627e-11,2.70835899067032e-11,1.0230382411995351
12.42,zero_thrust,-6.509928159138189e-12,6.4522525244938155e-12,1.462683053691967e-13,1.0,0.0,0.0,0.0,1.0,-1.3019856318274491e-11,1.2904505048989536e-11,2.92536610654386e-13,0.0,0.0,0.0,-4.543347855626214e-11,4.503017684197151e-11,1.9563434485707856e-13,0.0,0.0,0.0,0.0,0.0,0.0,0.0,0.0,0.0,0.0,0.0,0.0,0.0,2.4484707511988417,1.0199706000001014,2.70025759833486e-11,2.7239756972927235e-11,1.0438318216067863
12.43,zero_thrust,-6.737095597830213e-12,6.67740337952617e-12,1.4724647408621017e-13,1.0,0.0,0.0,0.0,1.0,-1.347419119565846e-11,1.3354806759054324e-11,2.9449294808244774e-13,0.0,0.0,0.0,-4.543349707240023e-11,4.503015702474741e-11,1.9563330258758012e-13,0.0,0.0,0.0,0.0,0.0,0.0,0.0,0.0,0.0,0.0,0.0,0.0,0.0,2.355048210610497,1.0199706000001014,2.7157367570273506e-11,2.7395924040368023e-11,1.063645402089357
12.44,zero_thrust,-6.964263159065344e-12,6.902554137864921e-12,1.4822463820815642e-13,1.0,0.0,0.0,0.0,1.0,-1.392852631812864e-11,1.3805108275731906e-11,2.964492763201704e-13,0.0,0.0,0.0,-4.543351249457808e-11,4.503013286786275e-11,1.9563249300856677e-13,0.0,0.0,0.0,0.0,0.0,0.0,0.0,0.0,0.0,0.0,0.0,0.0,0.0,2.260710179053482,1.0199706000001014,2.731215915754862e-11,2.7552091108865835e-11,1.0824789826176109
12.45,zero_thrust,-7.1914306719317344e-12,7.127704747356896e-12,1.4920279889137003e-13,1.0,0.0,0.0,0.0,1.0,-1.4382861343861341e-11,1.4255409494715937e-11,2.984055976802233e-13,0.0,0.0,0.0,-4.543348487719138e-11,4.503010364898683e-11,1.9563187502759404e-13,0.0,0.0,0.0,0.0,0.0,0.0,0.0,0.0,0.0,0.0,0.0,0.0,0.0,2.1656397543620485,1.0199706000001014,2.746695074438009e-11,2.7708258178413487e-11,1.1003325631735736
12.46,zero_thrust,-7.418598069224707e-12,7.352855269544405e-12,1.5018095685748176e-13,1.0,0.0,0.0,0.0,1.0,-1.4837196138447204e-11,1.470571053909104e-11,3.0036191360586777e-13,0.0,0.0,0.0,-4.543346709855893e-11,4.5030123882602164e-11,1.9563138429788948e-13,0.0,0.0,0.0,0.0,0.0,0.0,0.0,0.0,0.0,0.0,0.0,0.0,0.0,2.0699834149450105,1.0199706000001014,2.7621742330379883e-11,2.7864425247307874e-11,1.1172061437463419
12.47,zero_thrust,-7.645765507353092e-12,7.578005903885387e-12,1.5115911253224947e-13,1.0,0.0,0.0,0.0,1.0,-1.5291531014703893e-11,1.5156011807773085e-11,3.0231822494861964e-13,0.0,0.0,0.0,-4.543348940233489e-11,4.503012664148981e-11,1.9563096372279233e-13,0.0,0.0,0.0,0.0,0.0,0.0,0.0,0.0,0.0,0.0,0.0,0.0,0.0,1.9738583436152526,1.0199706000001014,2.7776533916662186e-11,2.80205923160117e-11,1.1330997243293037
12.48,zero_thrust,-7.872932875907658e-12,7.803156552510735e-12,1.5213726658024945e-13,1.0,0.0,0.0,0.0,1.0,-1.574586575181294e-11,1.5606313105023865e-11,3.0427453303763143e-13,0.0,0.0,0.0,-4.543346678749672e-11,4.503013496221394e-11,1.9563067623718606e-13,0.0,0.0,0.0,0.0,0.0,0.0,0.0,0.0,0.0,0.0,0.0,0.0,0.0,1.8773582866751028,1.0199706000001014,2.7931325503560547e-11,2.817675938501017e-11,1.1480133049184484
12.49,zero_thrust,-8.100100134677479e-12,8.028307193254028e-12,1.5311541925976385e-13,1.0,0.0,0.0,0.0,1.0,-1.62002002693525e-11,1.6056614386510537e-11,3.0623083838946753e-13,0.0,0.0,0.0,-4.543345447272987e-11,4.5030123995917914e-11,1.956304468240869e-13,0.0,0.0,0.0,0.0,0.0,0.0,0.0,0.0,0.0,0.0,0.0,0.0,0.0,1.7805582411979763,1.0199706000001014,2.8086117090536887e-11,2.8332926453249868e-11,1.1619468855113428
12.5,zero_thrust,-8.327267427310684e-12,8.253457771837717e-12,1.5409357101539152e-13,1.0,0.0,0.0,0.0,1.0,-1.6654534854618826e-11,1.6506915543678e-11,3.0818714189332555e-13,0.0,0.0,0.0,-4.543345869758782e-11,4.5030108108162224e-11,1.9563028081243928e-13,0.0,0.0,0.0,0.0,0.0,0.0,0.0,0.0,0.0,0.0,0.0,0.0,0.0,1.6835182048617172,1.0199706000001014,2.8240908677378015e-11,2.8489093521235562e-11,1.1749004661065117
12.51,zero_thrust,-8.554434735608639e-12,8.478608352400422e-12,1.5507172208700517e-13,1.0,0.0,0.0,0.0,1.0,-1.7108869471214648e-11,1.6957216704803497e-11,3.101434440289509e-13,0.0,0.0,0.0,-4.543345577713554e-11,4.503013488893229e-11,1.9563016646697108e-13,0.0,0.0,0.0,0.0,0.0,0.0,0.0,0.0,0.0,0.0,0.0,0.0,0.0,1.5862861758203515,1.0199706000001014,2.839570026374708e-11,2.864526058941105e-11,1.1868740467030603
12.52,zero_thrust,-8.781602123827715e-12,8.703758982603043e-12,1.5604987260648818e-13,1.0,0.0,0.0,0.0,1.0,-1.7563204247652712e-11,1.7407517965208825e-11,3.1209974506011046e-13,0.0,0.0,0.0,-4.543350608088537e-11,4.503010798640876e-11,1.9563006125533696e-13,0.0,0.0,0.0,0.0,0.0,0.0,0.0,0.0,0.0,0.0,0.0,0.0,0.0,1.4889005526039922,1.0199706000001014,2.8550491850666968e-11,2.8801427657650317e-11,1.1978676273004456
12.53,zero_thrust,-9.008769512635074e-12,8.928909613978639e-12,1.5702802268479503e-13,1.0,0.0,0.0,0.0,1.0,-1.8017539025267344e-11,1.785781922796011e-11,3.140560452087131e-13,0.0,0.0,0.0,-4.543346152317621e-11,4.503015316469029e-11,1.956299825427685e-13,0.0,0.0,0.0,0.0,0.0,0.0,0.0,0.0,0.0,0.0,0.0,0.0,0.0,1.3913920540410476,1.0199706000001014,2.870528343729177e-11,2.8957594726864788e-11,1.207881207898338
12.54,zero_thrust,-9.23593676783836e-12,9.154060352266835e-12,1.5800617242586514e-13,1.0,0.0,0.0,0.0,1.0,-1.847187353567383e-11,1.8308120704536588e-11,3.1601234468263763e-13,0.0,0.0,0.0,-4.5433447017873264e-11,4.503015242540677e-11,1.9562992119382623e-13,0.0,0.0,0.0,0.0,0.0,0.0,0.0,0.0,0.0,0.0,0.0,0.0,0.0,1.2937852551968558,1.0199706000001014,2.8860075024665488e-11,2.911376179520893e-11,1.2169147884965388
12.55,zero_thrust,-9.463104043723834e-12,9.379211041376839e-12,1.589843218924676e-13,1.0,0.0,0.0,0.0,1.0,-1.8926208087444686e-11,1.8758422082756685e-11,3.179686436074223e-13,0.0,0.0,0.0,-4.543345386353108e-11,4.503013245707577e-11,1.956298750911825e-13,0.0,0.0,0.0,0.0,0.0,0.0,0.0,0.0,0.0,0.0,0.0,0.0,0.0,1.1960998161252374,1.0199706000001014,2.9014866612454064e-11,2.926992886317709e-11,1.2249683690949262
12.56,zero_thrust,-9.690271150609975e-12,9.604361655007479e-12,1.599624711527269e-13,1.0,0.0,0.0,0.0,1.0,-1.9380542301216878e-11,1.9208723310018056e-11,3.1992494211931605e-13,0.0,0.0,0.0,-4.543340791276068e-11,4.503011079920338e-11,1.956298353713317e-13,0.0,0.0,0.0,0.0,0.0,0.0,0.0,0.0,0.0,0.0,0.0,0.0,0.0,1.0983514648702029,1.0199706000001014,2.916965819954441e-11,2.9426095930867434e-11,1.2320419496934267
12.57,zero_thrust,-9.91743826437348e-12,9.82951220817215e-12,1.609406202360163e-13,1.0,0.0,0.0,0.0,1.0,-1.9834876528743798e-11,1.9659024416347492e-11,3.218812402770655e-13,0.0,0.0,0.0,-4.543342483450076e-11,4.50301217262257e-11,1.9562980227638793e-13,0.0,0.0,0.0,0.0,0.0,0.0,0.0,0.0,0.0,0.0,0.0,0.0,0.0,1.000552783867543,1.0199706000001014,2.9324449786036653e-11,2.958226299760424e-11,1.2381355302919956
12.58,zero_thrust,-1.0144605335106394e-11,1.0054662806604438e-11,1.6191876918275872e-13,1.0,0.0,0.0,0.0,1.0,-2.028921067020953e-11,2.0109325613212162e-11,3.2383753816151624e-13,0.0,0.0,0.0,-4.5433405131448854e-11,4.503012422778257e-11,1.9562978190211564e-13,0.0,0.0,0.0,0.0,0.0,0.0,0.0,0.0,0.0,0.0,0.0,0.0,0.0,0.9027138390662456,1.0199706000001014,2.9479241372517777e-11,2.9738430064589407e-11,1.243249110890606
12.59,zero_thrust,-1.0371772431920251e-11,1.0279813403496233e-11,1.6289691803681853e-13,1.0,0.0,0.0,0.0,1.0,-2.0743544863837155e-11,2.0559626806995847e-11,3.257938358603973e-13,0.0,0.0,0.0,-4.5433421692215364e-11,4.503012994726392e-11,1.9562976260170988e-13,0.0,0.0,0.0,0.0,0.0,0.0,0.0,0.0,0.0,0.0,0.0,0.0,0.0,0.8048426832257081,1.0199706000001014,2.963403295928443e-11,2.98945971312182e-11,1.2473826914892423
12.6,zero_thrust,-1.0598939736530678e-11,1.0504964126077438e-11,1.6387506681211117e-13,1.0,0.0,0.0,0.0,1.0,-2.1197879473057912e-11,2.100992825215835e-11,3.2775013340153935e-13,0.0,0.0,0.0,-4.543346310783965e-11,4.503014337061573e-11,1.9562975003224245e-13,0.0,0.0,0.0,0.0,0.0,0.0,0.0,0.0,0.0,0.0,0.0,0.0,0.0,0.7069457585535946,1.0199706000001014,2.9788824546273477e-11,3.0050764198519945e-11,1.2505362720878936
12.61,zero_thrust,-1.0826107087450936e-11,1.0730114840224625e-11,1.6485321553309865e-13,1.0,0.0,0.0,0.0,1.0,-2.1652214174898335e-11,2.146022968045282e-11,3.297064308338666e-13,0.0,0.0,0.0,-4.5433484346151033e-11,4.503015334267179e-11,1.9562973955767218e-13,0.0,0.0,0.0,0.0,0.0,0.0,0.0,0.0,0.0,0.0,0.0,0.0,0.0,0.6090282188160904,1.0199706000001014,2.994361613396748e-11,3.020693126692105e-11,1.2527098526865543
12.62,zero_thrust,-1.1053274483747534e-11,1.0955265736046181e-11,1.6583136420316528e-13,1.0,0.0,0.0,0.0,1.0,-2.2106548967491437e-11,2.191053147209603e-11,3.316627281641474e-13,0.0,0.0,0.0,-4.5433479102661764e-11,4.503019419994034e-11,1.9562973081498912e-13,0.0,0.0,0.0,0.0,0.0,0.0,0.0,0.0,0.0,0.0,0.0,0.0,0.0,0.5110941870261979,1.0199706000001014,3.009840772183575e-11,3.036309833571878e-11,1.2539034332852206
12.63,zero_thrust,-1.1280442052305427e-11,1.118041672675353e-11,1.6680951283630617e-13,1.0,0.0,0.0,0.0,1.0,-2.2560884104607125e-11,2.2360833453510825e-11,3.3361902542037223e-13,0.0,0.0,0.0,-4.543353853463909e-11,4.5030195801902575e-11,1.9562972341849079e-13,0.0,0.0,0.0,0.0,0.0,0.0,0.0,0.0,0.0,0.0,0.0,0.0,0.0,0.413146961594355,1.0199706000001014,3.025319931107432e-11,3.0519265404835754e-11,1.2541170138838904
12.64,zero_thrust,-1.1507609686951063e-11,1.1405567725269592e-11,1.6778766143956622e-13,1.0,0.0,0.0,0.0,1.0,-2.3015219373898298e-11,2.2811135450543045e-11,3.355753226166308e-13,0.0,0.0,0.0,-4.543353137436328e-11,4.5030207112984447e-11,1.956297183891745e-13,0.0,0.0,0.0,0.0,0.0,0.0,0.0,0.0,0.0,0.0,0.0,0.0,0.0,0.3151891812489206,1.0199706000001014,3.040799090054891e-11,3.067543247550747e-11,1.2533505944825623
12.65,zero_thrust,-1.173477734361271e-11,1.163071866352178e-11,1.6876581001874786e-13,1.0,0.0,0.0,0.0,1.0,-2.3469554687221493e-11,2.326143732704752e-11,3.3753161976452794e-13,0.0,0.0,0.0,-4.5433534934289234e-11,4.5030172293405255e-11,1.9562971427874688e-13,0.0,0.0,0.0,0.0,0.0,0.0,0.0,0.0,0.0,0.0,0.0,0.0,0.0,0.21722295697259966,1.0199706000001014,3.056278249012486e-11,3.08315995459365e-11,1.2516041750812354
12.66,zero_thrust,-1.1961945006105276e-11,1.1855869414316432e-11,1.6974395858158804e-13,1.0,0.0,0.0,0.0,1.0,-2.3923890012206526e-11,2.3711738828636925e-11,3.3948791687953755e-13,0.0,0.0,0.0,-4.543353172005805e-11,4.5030140771694954e-11,1.956297113878373e-13,0.0,0.0,0.0,0.0,0.0,0.0,0.0,0.0,0.0,0.0,0.0,0.0,0.0,0.1192499775515562,1.0199706000001014,3.071757407866054e-11,3.0987766616708316e-11,1.2488777556799093
12.67,zero_thrust,-1.2189112774469166e-11,1.2081020200547381e-11,1.707221071309898e-13,1.0,0.0,0.0,0.0,1.0,-2.4378225548934206e-11,2.4162040401098925e-11,3.4144421396746573e-13,0.0,0.0,0.0,-4.543357040258693e-11,4.503016697495199e-11,1.9562970884292612e-13,0.0,0.0,0.0,0.0,0.0,0.0,0.0,0.0,0.0,0.0,0.0,0.0,0.0,0.021271594014743433,1.0199706000001014,3.0872365666250047e-11,3.1143933687753715e-11,1.2451713362785837
12.68,zero_thrust,-1.2416280710983392e-11,1.2306171001785082e-11,1.71700255669712e-13,1.0,0.0,0.0,0.0,1.0,-2.4832561421962558e-11,2.461234200357443e-11,3.4340051103383026e-13,0.0,0.0,0.0,-4.543361148926119e-11,4.503016868597387e-11,1.9562970691060735e-13,0.0,0.0,0.0,0.0,0.0,0.0,0.0,0.0,0.0,0.0,0.0,0.0,0.0,-0.07671111281471554,1.0199706000001014,3.1027157254429204e-11,3.1300100759534245e-11,1.2404849168772583
12.69,zero_thrust,-1.2643448804417637e-11,1.253132187708704e-11,1.7267840419988002e-13,1.0,0.0,0.0,0.0,1.0,-2.5286897608830948e-11,2.5062643754178446e-11,3.453568080828818e-13,0.0,0.0,0.0,-4.543363701177411e-11,4.5030178062760104e-11,1.9562970537250423e-13,0.0,0.0,0.0,0.0,0.0,0.0,0.0,0.0,0.0,0.0,0.0,0.0,0.0,-0.17469727827827833,1.0199706000001014,3.1181948842698304e-11,3.1456267832640765e-11,1.234818497475933
12.7,zero_thrust,-1.287061699243684e-11,1.2756472827327759e-11,1.736565527230997e-13,1.0,0.0,0.0,0.0,1.0,-2.574123398486925e-11,2.5512945654659987e-11,3.4731310511783207e-13,0.0,0.0,0.0,-4.5433652725776477e-11,4.503019985960061e-11,1.956297040697967e-13,0.0,0.0,0.0,0.0,0.0,0.0,0.0,0.0,0.0,0.0,0.0,0.0,0.0,-0.2726862106491286,1.0199706000001014,3.133674043166994e-11,3.161243490684473e-11,1.228172078074608
12.71,zero_thrust,-1.3097785225565354e-11,1.298162381956632e-11,1.7463470124098127e-13,1.0,0.0,0.0,0.0,1.0,-2.6195570451126175e-11,2.5963247639137215e-11,3.492694021419015e-13,0.0,0.0,0.0,-4.543366234165734e-11,4.503018932329346e-11,1.9562970317359434e-13,0.0,0.0,0.0,0.0,0.0,0.0,0.0,0.0,0.0,0.0,0.0,0.0,0.0,-0.37067735654580886,1.0199706000001014,3.149153202109437e-11,3.1768601981379775e-11,1.2205456586732828
12.72,zero_thrust,-1.3324953652523144e-11,1.320677471123272e-11,1.7561284975459946e-13,1.0,0.0,0.0,0.0,1.0,-2.6649907305041648e-11,2.641354942247012e-11,3.5122569915723957e-13,0.0,0.0,0.0,-4.543369678026324e-11,4.5030175221376295e-11,1.9562970242014013e-13,0.0,0.0,0.0,0.0,0.0,0.0,0.0,0.0,0.0,0.0,0.0,0.0,0.0,-0.46867027326314864,1.0199706000001014,3.164632361015412e-11,3.192476905654819e-11,1.211939239271958
12.73,zero_thrust,-1.355212214547024e-11,1.3431925617369936e-11,1.76590998264855e-13,1.0,0.0,0.0,0.0,1.0,-2.7104244290935735e-11,2.6863851234744657e-11,3.531819961656478e-13,0.0,0.0,0.0,-4.543370916035394e-11,4.5030187355661455e-11,1.9562970174893272e-13,0.0,0.0,0.0,0.0,0.0,0.0,0.0,0.0,0.0,0.0,0.0,0.0,0.0,-0.5666646066370206,1.0199706000001014,3.180111519886737e-11,3.208093613280333e-11,1.202352819870633
12.74,zero_thrust,-1.3779290695483937e-11,1.365707658268681e-11,1.775691467722292e-13,1.0,0.0,0.0,0.0,1.0,-2.7558581390963024e-11,2.731415316537851e-11,3.5513829316808875e-13,0.0,0.0,0.0,-4.543372075338987e-11,4.5030199689531785e-11,1.9562970125734298e-13,0.0,0.0,0.0,0.0,0.0,0.0,0.0,0.0,0.0,0.0,0.0,0.0,0.0,-0.6646600733361225,1.0199706000001014,3.195590678786049e-11,3.223710320948691e-11,1.191786400469308
12.75,zero_thrust,-1.4006459221482693e-11,1.3882227664634993e-11,1.7854729527743038e-13,1.0,0.0,0.0,0.0,1.0,-2.801291844296043e-11,2.7764455329274988e-11,3.5709459016597905e-13,0.0,0.0,0.0,-4.54336978669015e-11,4.503023586323194e-11,1.9562970086998284e-13,0.0,0.0,0.0,0.0,0.0,0.0,0.0,0.0,0.0,0.0,0.0,0.0,0.0,-0.7626564466953587,1.0199706000001014,3.2110698377430276e-11,3.2393270286557806e-11,1.1802399810679831
12.76,zero_thrust,-1.4233627700692414e-11,1.4107378721152567e-11,1.7952544378076882e-13,1.0,0.0,0.0,0.0,1.0,-2.8467255401379762e-11,2.8214757442310245e-11,3.590508871599393e-13,0.0,0.0,0.0,-4.543369239862232e-11,4.503021501214631e-11,1.9562970052611007e-13,0.0,0.0,0.0,0.0,0.0,0.0,0.0,0.0,0.0,0.0,0.0,0.0,0.0,-0.8606535453827887,1.0199706000001014,3.226548996765204e-11,3.2549437363178105e-11,1.1677135616666583
12.77,zero_thrust,-1.4460796216835631e-11,1.4332529799819631e-11,1.8050359228275254e-13,1.0,0.0,0.0,0.0,1.0,-2.892159243366609e-11,2.8665059599644484e-11,3.610071841509855e-13,0.0,0.0,0.0,-4.5433713827336604e-11,4.503021348448079e-11,1.9562970031057575e-13,0.0,0.0,0.0,0.0,0.0,0.0,0.0,0.0,0.0,0.0,0.0,0.0,0.0,-0.9586512243327372,1.0199706000001014,3.242028155766596e-11,3.27056044394684e-11,1.1542071422653333
12.78,zero_thrust,-1.4733398543607402e-11,1.4602710923732356e-11,1.8167737048387132e-13,1.0,0.0,0.0,0.0,1.0,-2.94667970872095e-11,2.920542184747006e-11,3.633547405374475e-13,0.0,0.0,0.0,-4.5433736242979545e-11,4.5030176463616636e-11,1.9562970009208117e-13,0.0,0.0,0.0,0.0,0.0,0.0,0.0,0.0,0.0,0.0,0.0,0.0,0.0,-1.056649367492696,1.0199706000001014,3.257507314745212e-11,3.286177151636865e-11,1.1397207228640083
12.79,zero_thrust,-1.4915133542927517e-11,1.478283160500814e-11,1.8245988928398404e-13,1.0,0.0,0.0,0.0,1.0,-2.983026708584964e-11,2.956566321002172e-11,3.6491977812699227e-13,0.0,0.0,0.0,-4.543375205975731e-11,4.503015808974656e-11,1.9562969998501573e-13,0.0,0.0,0.0,0.0,0.0,0.0,0.0,0.0,0.0,0.0,0.0,0.0,0.0,-1.1546478820206587,1.0199706000001014,3.272986473622031e-11,3.30179385940081e-11,1.1242543034626835
12.8,zero_thrust,-1.5142302368201697e-11,1.5007982360129895e-11,1.834380377835816e-13,1.0,0.0,0.0,0.0,1.0,-3.028460473639789e-11,3.001596472026535e-11,3.6687607511265237e-13,0.0,0.0,0.0,-4.543376716112168e-11,4.503013551561318e-11,1.9562969987813086e-13,0.0,0.0,0.0,0.0,0.0,0.0,0.0,0.0,0.0,0.0,0.0,0.0,0.0,-1.2526466936430334,1.0199706000001014,3.288465632453812e-11,3.317410567259149e-11,1.1078078840613585
12.81,zero_thrust,-1.5369471285056397e-11,1.5233133065205738e-11,1.844161862827134e-13,1.0,0.0,0.0,0.0,1.0,-3.073894257010718e-11,3.046626613041714e-11,3.6883237209717636e-13,0.0,0.0,0.0,-4.5433795332570135e-11,4.503015321400247e-11,1.9562969978400004e-13,0.0,0.0,0.0,0.0,0.0,0.0,0.0,0.0,0.0,0.0,0.0,0.0,0.0,-1.3506457429409329,1.0199706000001014,3.3039447912032374e-11,3.3330272751522814e-11,1.0903814646600336
12.82,zero_thrust,-1.5596640273554053e-11,1.5458283837172303e-11,1.853943347814217e-13,1.0,0.0,0.0,0.0,1.0,-3.119328054710237e-11,3.091656767435039e-11,3.707886690806488e-13,0.0,0.0,0.0,-4.543381269638337e-11,4.50301451683087e-11,1.9562969971120418e-13,0.0,0.0,0.0,0.0,0.0,0.0,0.0,0.0,0.0,0.0,0.0,0.0,0.0,-1.4486449823792529,1.0199706000001014,3.319423949978012e-11,3.34864398312462e-11,1.0719750452587087
12.83,zero_thrust,-1.5823809361219878e-11,1.5683434630506534e-11,1.8637248327981995e-13,1.0,0.0,0.0,0.0,1.0,-3.164761872243391e-11,3.136686926101897e-11,3.7274496606329655e-13,0.0,0.0,0.0,-4.543382926567639e-11,4.503015452235925e-11,1.956296996553112e-13,0.0,0.0,0.0,0.0,0.0,0.0,0.0,0.0,0.0,0.0,0.0,0.0,0.0,-1.5466443739299087,1.0199706000001014,3.334903108759954e-11,3.364260691159394e-11,1.0525886258573838
12.84,zero_thrust,-1.605097835468955e-11,1.5908585503968258e-11,1.873506317779869e-13,1.0,0.0,0.0,0.0,1.0,-3.210195670937314e-11,3.181717100794253e-11,3.7470126304527705e-13,0.0,0.0,0.0,-4.543377336352529e-11,4.503017508740304e-11,1.956296996165486e-13,0.0,0.0,0.0,0.0,0.0,0.0,0.0,0.0,0.0,0.0,0.0,0.0,0.0,-1.644643887170361,1.0199706000001014,3.3503822675950144e-11,3.379877399216464e-11,1.0322222064560589
12.85,zero_thrust,-1.627814718007317e-11,1.61337363385108e-11,1.8832878027597965e-13,1.0,0.0,0.0,0.0,1.0,-3.255629436014027e-11,3.2267472677027734e-11,3.766575600267046e-13,0.0,0.0,0.0,-4.543375255969664e-11,4.503016097379447e-11,1.95629699585354e-13,0.0,0.0,0.0,0.0,0.0,0.0,0.0,0.0,0.0,0.0,0.0,0.0,0.0,-1.7426434977607703,1.0199706000001014,3.3658614264596497e-11,3.395494107175414e-11,1.0108757870548353
12.86,zero_thrust,-1.650531587521375e-11,1.6358887158969896e-11,1.8930692877383807e-13,1.0,0.0,0.0,0.0,1.0,-3.301063175042131e-11,3.271777431794604e-11,3.786138570076589e-13,0.0,0.0,0.0,-4.5433741236961725e-11,4.503016896478467e-11,1.9562969956075982e-13,0.0,0.0,0.0,0.0,0.0,0.0,0.0,0.0,0.0,0.0,0.0,0.0,0.0,-1.840643186237148,1.0199706000001014,3.3813405852824716e-11,3.4111108150077025e-11,0.9885493676534092
12.870000000000001,zero_thrust,-1.6732484615450186e-11,1.6584037975888917e-11,1.902850772715801e-13,1.0,0.0,0.0,0.0,1.0,-3.346496923089406e-11,3.31680759517842e-11,3.805701539881759e-13,0.0,0.0,0.0,-4.5433753131224643e-11,4.503016390148599e-11,1.9562969953869464e-13,0.0,0.0,0.0,0.0,0.0,0.0,0.0,0.0,0.0,0.0,0.0,0.0,0.0,-1.9386429370182567,1.0199706000001014,3.396819744121766e-11,3.42672752280572e-11,0.9652429482519828
12.88,zero_thrust,-1.6959653312515452e-11,1.6809188816688774e-11,1.912632257692265e-13,1.0,0.0,0.0,0.0,1.0,-3.3919306625024473e-11,3.3618377633384037e-11,3.8252645096829696e-13,0.0,0.0,0.0,-4.5433729952104484e-11,4.503016549798086e-11,1.9562969952201347e-13,0.0,0.0,0.0,0.0,0.0,0.0,0.0,0.0,0.0,0.0,0.0,0.0,0.0,-2.036642737637055,1.0199706000001014,3.412298902940682e-11,3.442344230635424e-11,0.9409565288508608
12.89,zero_thrust,-1.718682195963581e-11,1.7034339524847923e-11,1.922413742667972e-13,1.0,0.0,0.0,0.0,1.0,-3.4373643919265075e-11,3.406867904970246e-11,3.844827479480621e-13,0.0,0.0,0.0,-4.543372927504178e-11,4.503013529683966e-11,1.9562969950810668e-13,0.0,0.0,0.0,0.0,0.0,0.0,0.0,0.0,0.0,0.0,0.0,0.0,0.0,-2.1346425781381804,1.0199706000001014,3.427778061761338e-11,3.457960938402127e-11,0.9156901094494345
12.9,zero_thrust,-1.741399060279595e-11,1.725949024437651e-11,1.9321952276431136e-13,1.0,0.0,0.0,0.0,1.0,-3.482798120558523e-11,3.451898048875975e-11,3.864390449275095e-13,0.0,0.0,0.0,-4.543372544039362e-11,4.5030158799981944e-11,1.9562969949848767e-13,0.0,0.0,0.0,0.0,0.0,0.0,0.0,0.0,0.0,0.0,0.0,0.0,0.0,-2.2326424505390827,1.0199706000001014,3.443257220489587e-11,3.473577646164827e-11,0.8894436900480082
12.91,zero_thrust,-1.7641159211759245e-11,1.7484641046553393e-11,1.9419767126177847e-13,1.0,0.0,0.0,0.0,1.0,-3.52823184235117e-11,3.4969282093113636e-11,3.883953419066583e-13,0.0,0.0,0.0,-4.543372040046816e-11,4.5030161878533854e-11,1.9562969948936438e-13,0.0,0.0,0.0,0.0,0.0,0.0,0.0,0.0,0.0,0.0,0.0,0.0,0.0,-2.3306423484537184,1.0199706000001014,3.4587363792843844e-11,3.489194353914239e-11,0.8622172706468861
12.92,zero_thrust,-1.786832779890011e-11,1.7709791976386332e-11,1.9517581975920888e-13,1.0,0.0,0.0,0.0,1.0,-3.573665559779331e-11,3.5419583952779637e-11,3.90351638885529e-13,0.0,0.0,0.0,-4.543371597970511e-11,4.503017930569338e-11,1.9562969948349924e-13,0.0,0.0,0.0,0.0,0.0,0.0,0.0,0.0,0.0,0.0,0.0,0.0,0.0,-2.428642266791411,1.0199706000001014,3.474215538126393e-11,3.504811061653554e-11,0.8340108512454599
12.93,zero_thrust,-1.809549626927905e-11,1.7934942765725164e-11,1.961539682566123e-13,1.0,0.0,0.0,0.0,1.0,-3.6190992538551064e-11,3.586988553145743e-11,3.9230793586414123e-13,0.0,0.0,0.0,-4.5433683871815846e-11,4.5030133416148405e-11,1.9562969947864463e-13,0.0,0.0,0.0,0.0,0.0,0.0,0.0,0.0,0.0,0.0,0.0,0.0,0.0,-2.526642201461665,1.0199706000001014,3.489694697017479e-11,3.520427769343603e-11,0.8048244318440337
12.94,zero_thrust,-1.8322664686631312e-11,1.8160093391184792e-11,1.9713211675399602e-13,1.0,0.0,0.0,0.0,1.0,-3.6645329373255463e-11,3.632018678237681e-11,3.9426423284250943e-13,0.0,0.0,0.0,-4.5433683893764644e-11,4.503012134457309e-11,1.956296994751087e-13,0.0,0.0,0.0,0.0,0.0,0.0,0.0,0.0,0.0,0.0,0.0,0.0,0.0,-2.6246421491917844,1.0199706000001014,3.5051738557539656e-11,3.536044476949715e-11,0.7746580124429118
12.95,zero_thrust,-1.8549833091446798e-11,1.838524396291333e-11,1.9811026525136483e-13,1.0,0.0,0.0,0.0,1.0,-3.709966618288631e-11,3.677048792583401e-11,3.9622052982064327e-13,0.0,0.0,0.0,-4.543367263829402e-11,4.503010963282225e-11,1.9562969947256356e-13,0.0,0.0,0.0,0.0,0.0,0.0,0.0,0.0,0.0,0.0,0.0,0.0,0.0,-2.7226421073819638,1.0199706000001014,3.52065301443033e-11,3.551661184562215e-11,0.7435115930414856
12.96,zero_thrust,-1.877700156504018e-11,1.8610394604741185e-11,1.9908841374872088e-13,1.0,0.0,0.0,0.0,1.0,-3.755400313007295e-11,3.722078920948985e-11,3.9817682679854693e-13,0.0,0.0,0.0,-4.5433681137387666e-11,4.503015472573077e-11,1.9562969947021131e-13,0.0,0.0,0.0,0.0,0.0,0.0,0.0,0.0,0.0,0.0,0.0,0.0,0.0,-2.8206420739341076,1.0199706000001014,3.5361321730872246e-11,3.5672778921520005e-11,0.7113851736400595
12.97,zero_thrust,-1.9004169956000508e-11,1.883554530301774e-11,2.0006656224606685e-13,1.0,0.0,0.0,0.0,1.0,-3.800833991199348e-11,3.7671090606043085e-11,4.001331237762259e-13,0.0,0.0,0.0,-4.543369856252284e-11,4.503014114718515e-11,1.9562969946840011e-13,0.0,0.0,0.0,0.0,0.0,0.0,0.0,0.0,0.0,0.0,0.0,0.0,0.0,-2.9186420471697385,1.0199706000001014,3.5516113318288245e-11,3.582894599761502e-11,0.6782787542389376
12.98,zero_thrust,-1.9231338455028024e-11,1.9060696010343468e-11,2.0104471074340459e-13,1.0,0.0,0.0,0.0,1.0,-3.846267691004838e-11,3.812139202069467e-11,4.020894207536838e-13,0.0,0.0,0.0,-4.54336849167888e-11,4.503014761741551e-11,1.9562969946685794e-13,0.0,0.0,0.0,0.0,0.0,0.0,0.0,0.0,0.0,0.0,0.0,0.0,0.0,-3.0166420257643276,1.0199706000001014,3.5670904905691184e-11,3.59851130739336e-11,0.6441923348375115
12.99,zero_thrust,-1.9458506834178774e-11,1.9285846799660464e-11,2.0202285924073549e-13,1.0,0.0,0.0,0.0,1.0,-3.8917013668349754e-11,3.857169359932879e-11,4.040457177309234e-13,0.0,0.0,0.0,-4.5433689279684327e-11,4.503017626510089e-11,1.9562969946575154e-13,0.0,0.0,0.0,0.0,0.0,0.0,0.0,0.0,0.0,0.0,0.0,0.0,0.0,-3.114642008639999,1.0199706000001014,3.5825696493306624e-11,3.61412801500561e-11,0.6091259154360854
13.0,zero_thrust,-1.9685675212622928e-11,1.9510997696617103e-11,2.0300100773806192e-13,1.0,0.0,0.0,0.0,1.0,-3.937135042523793e-11,3.90219953932422e-11,4.060020147079495e-13,0.0,0.0,0.0,-4.5433665456346485e-11,4.503017467060096e-11,1.9562969946494362e-13,0.0,0.0,0.0,0.0,0.0,0.0,0.0,0.0,0.0,0.0,0.0,0.0,0.0,-3.2126419949343212,1.0199706000001014,3.598048808172219e-11,3.6297447225960217e-11,0.5730794960349637
13.01,zero_thrust,-1.9912843577460135e-11,1.9736148613854265e-11,2.039791562353847e-13,1.0,0.0,0.0,0.0,1.0,-3.982568715491222e-11,3.947229722771665e-11,4.079583116847637e-13,0.0,0.0,0.0,-4.543368518035095e-11,4.5030178122600495e-11,1.956296994642602e-13,0.0,0.0,0.0,0.0,0.0,0.0,0.0,0.0,0.0,0.0,0.0,0.0,0.0,-3.310641983975994,1.0199706000001014,3.6135279670720905e-11,3.645361430158131e-11,0.5360530766335376
13.02,zero_thrust,-2.0140012036739277e-11,1.996129960150364e-11,2.0495730473270456e-13,1.0,0.0,0.0,0.0,1.0,-4.028002407347037e-11,3.9922599203015536e-11,4.099146086613675e-13,0.0,0.0,0.0,-4.5433700324656456e-11,4.503019504596757e-11,1.9562969946374563e-13,0.0,0.0,0.0,0.0,0.0,0.0,0.0,0.0,0.0,0.0,0.0,0.0,0.0,-3.408641975209334,1.0199706000001014,3.629007125966701e-11,3.6609781377360564e-11,0.4980466572321115
13.03,zero_thrust,-2.036718057479638e-11,2.0186450463452795e-11,2.0593545323002233e-13,1.0,0.0,0.0,0.0,1.0,-4.073436114958444e-11,4.037290092691398e-11,4.118709056377625e-13,0.0,0.0,0.0,-4.543369738787556e-11,4.503015977762995e-11,1.956296994633896e-13,0.0,0.0,0.0,0.0,0.0,0.0,0.0,0.0,0.0,0.0,0.0,0.0,0.0,-3.5066419681899204,1.0199706000001014,3.644486284899592e-11,3.6765948453964216e-11,0.4590602378309897
13.04,zero_thrust,-2.059434897904292e-11,2.0411601220549658e-11,2.0691360172733851e-13,1.0,0.0,0.0,0.0,1.0,-4.1188697958077394e-11,4.082320244110784e-11,4.1382720261394977e-13,0.0,0.0,0.0,-4.543366392653331e-11,4.503015088991467e-11,1.956296994630859e-13,0.0,0.0,0.0,0.0,0.0,0.0,0.0,0.0,0.0,0.0,0.0,0.0,0.0,-3.6046419625804744,1.0199706000001014,3.6599654437133775e-11,3.692211553056259e-11,0.41909381842956367
13.05,zero_thrust,-2.0821517317488665e-11,2.063675203904247e-11,2.0789175022465333e-13,1.0,0.0,0.0,0.0,1.0,-4.164303463496875e-11,4.12735040780936e-11,4.157834995899297e-13,0.0,0.0,0.0,-4.543367443082854e-11,4.5030155284396673e-11,1.9562969946285827e-13,0.0,0.0,0.0,0.0,0.0,0.0,0.0,0.0,0.0,0.0,0.0,0.0,0.0,-3.7026419580929177,1.0199706000001014,3.675444602511247e-11,3.707828260616165e-11,0.37814739902813765
13.06,zero_thrust,-2.1048685827353026e-11,2.0861902826423447e-11,2.0886989872196712e-13,1.0,0.0,0.0,0.0,1.0,-4.2097371654697334e-11,4.172380565285569e-11,4.1773979656570294e-13,0.0,0.0,0.0,-4.543370353676301e-11,4.503015538622244e-11,1.9562969946268606e-13,0.0,0.0,0.0,0.0,0.0,0.0,0.0,0.0,0.0,0.0,0.0,0.0,0.0,-3.800641954496787,1.0199706000001014,3.690923761334491e-11,3.723444968198697e-11,0.3362209796270159
13.07,zero_thrust,-2.1275854267932797e-11,2.108705362601905e-11,2.0984804721928017e-13,1.0,0.0,0.0,0.0,1.0,-4.2551708535856747e-11,4.217410725204703e-11,4.1969609354127017e-13,0.0,0.0,0.0,-4.5433685683519825e-11,4.503016035567235e-11,1.956296994625457e-13,0.0,0.0,0.0,0.0,0.0,0.0,0.0,0.0,0.0,0.0,0.0,0.0,0.0,-3.89864195162597,1.0199706000001014,3.706402920140156e-11,3.73906167585115e-11,0.2933145602255898
13.08,zero_thrust,-2.1503022623526626e-11,2.1312204416990695e-11,2.1082619571659262e-13,1.0,0.0,0.0,0.0,1.0,-4.300604524704426e-11,4.2624408833990457e-11,4.216523905166316e-13,0.0,0.0,0.0,-4.5433653190809895e-11,4.5030154425683936e-11,1.956296994624325e-13,0.0,0.0,0.0,0.0,0.0,0.0,0.0,0.0,0.0,0.0,0.0,0.0,0.0,-3.996641949329317,1.0199706000001014,3.7218820789610223e-11,3.754678383453259e-11,0.24942814082416373
13.09,zero_thrust,-2.6996423018101536e-11,2.6756883208534873e-11,2.1180434421390398e-13,1.0,0.0,0.0,0.0,1.0,-5.399284603619174e-11,5.3513766417081184e-11,4.236086869831277e-13,0.0,0.0,0.0,-1.2762867092941934e-09,1.2649671223876827e-09,1.956296994623368e-13,0.0,0.0,0.0,0.0,0.0,0.0,0.0,0.0,0.0,0.0,0.0,0.0,0.0,-4.068326775978117,1.0199706000001014,3.7412705344947267e-11,3.774239397659549e-11,0.20587747999842373
13.1,zero_thrust,-3.405156378081397e-11,3.37494506440048e-11,2.127824927112148e-13,1.0,0.0,0.0,0.0,1.0,-6.810312756161358e-11,6.749890128802409e-11,4.2556498312398647e-13,0.0,0.0,0.0,-1.455409962639082e-09,1.4425016722306254e-09,1.9562969946225982e-13,0.0,0.0,0.0,0.0,0.0,0.0,0.0,0.0,0.0,0.0,0.0,0.0,0.0,-3.7792075309852105,1.0199706000001014,3.8450148059499316e-11,3.878911472820426e-11,0.17965017448828846
13.11,zero_thrust,-4.078287464780588e-11,4.042106007261845e-11,2.137606412085253e-13,1.0,0.0,0.0,0.0,1.0,-8.156574929559448e-11,8.084212014525434e-11,4.2752127912007653e-13,0.0,0.0,0.0,-1.2112811681184758e-09,1.2005380297396544e-09,1.9562969946221873e-13,0.0,0.0,0.0,0.0,0.0,0.0,0.0,0.0,0.0,0.0,0.0,0.0,0.0,-2.9329641667628192,1.0199706000001014,4.1333633046374334e-11,4.169840369017165e-11,0.18417026738955583
13.12,zero_thrust,-4.600370364676989e-11,4.5595584480881294e-11,2.147387897058357e-13,1.0,0.0,0.0,0.0,1.0,-9.20074072935202e-11,9.119116896178235e-11,4.294775752165399e-13,0.0,0.0,0.0,-9.805778117388208e-10,9.718809785352854e-10,1.9562969946214956e-13,0.0,0.0,0.0,0.0,0.0,0.0,0.0,0.0,0.0,0.0,0.0,0.0,0.0,-1.7220452447809687,1.0199706000001014,4.6194158245944746e-11,4.660243020801817e-11,0.2153865718210195
13.13,zero_thrust,-5.090659269684621e-11,5.0454989384958854e-11,2.1571693820314582e-13,1.0,0.0,0.0,0.0,1.0,-1.0181318539367065e-10,1.0090997876993967e-10,4.3143387126930843e-13,0.0,0.0,0.0,-9.805778232070067e-10,9.71880988137298e-10,1.9562969946211475e-13,0.0,0.0,0.0,0.0,0.0,0.0,0.0,0.0,0.0,0.0,0.0,0.0,0.0,-0.5921723001470366,1.0199706000001014,5.1784086325507114e-11,5.224238858260417e-11,0.2546597666049056
13.14,zero_thrust,-5.5809481789015375e-11,5.531439436444663e-11,2.166950867004558e-13,1.0,0.0,0.0,0.0,1.0,-1.1161896357800677e-10,1.1062878872891744e-10,4.333901672267762e-13,0.0,0.0,0.0,-9.805778114581508e-10,9.718809841674484e-10,1.9562969946208304e-13,0.0,0.0,0.0,0.0,0.0,0.0,0.0,0.0,0.0,0.0,0.0,0.0,0.0,0.287947720633711,1.0199706000001014,5.735615344173394e-11,5.786432611897556e-11,0.2927440446424718
13.15,zero_thrust,-6.071237087547178e-11,6.017379935760944e-11,2.1767323519776556e-13,1.0,0.0,0.0,0.0,1.0,-1.2142474175091737e-10,1.203475987152453e-10,4.353464630889431e-13,0.0,0.0,0.0,-9.805778171014799e-10,9.718809910157952e-10,1.956296994620444e-13,0.0,0.0,0.0,0.0,0.0,0.0,0.0,0.0,0.0,0.0,0.0,0.0,0.0,0.972443737264393,1.0199706000001014,6.292822055840659e-11,6.348626365517814e-11,0.3298483226803422
13.16,zero_thrust,-6.561525997628905e-11,6.503320436104657e-11,2.1865138369507523e-13,1.0,0.0,0.0,0.0,1.0,-1.3123051995254967e-10,1.3006640872212184e-10,4.3730275885580926e-13,0.0,0.0,0.0,-9.80577825015835e-10,9.71881005074458e-10,1.956296994620307e-13,0.0,0.0,0.0,0.0,0.0,0.0,0.0,0.0,0.0,0.0,0.0,0.0,0.0,1.5004405505628546,1.0199706000001014,6.850028767509844e-11,6.910820119155692e-11,0.36597260071790844
13.17,zero_thrust,-7.051814916310371e-11,6.989260943639889e-11,2.196295321923847e-13,1.0,0.0,0.0,0.0,1.0,-1.410362983261767e-10,1.3978521887282874e-10,4.3925905452737446e-13,0.0,0.0,0.0,-9.805778374039946e-10,9.718810095699872e-10,1.9562969946199971e-13,0.0,0.0,0.0,0.0,0.0,0.0,0.0,0.0,0.0,0.0,0.0,0.0,0.0,1.9032380012014993,1.0199706000001014,7.407235479203309e-11,7.473013872823617e-11,0.4011168787554747
13.18,zero_thrust,-7.542103840846804e-11,7.475201439816542e-11,2.2060768068969414e-13,1.0,0.0,0.0,0.0,1.0,-1.508420768169031e-10,1.495040287963641e-10,4.4121535010363916e-13,0.0,0.0,0.0,-9.805778529723342e-10,9.718809813889183e-10,1.9562969946200027e-13,0.0,0.0,0.0,0.0,0.0,0.0,0.0,0.0,0.0,0.0,0.0,0.0,0.0,2.2058759617186237,1.0199706000001014,7.964442190910124e-11,8.035207626548226e-11,0.43528115679334517
13.19,zero_thrust,-8.032392772815449e-11,7.961141939889817e-11,2.2158582918700353e-13,1.0,0.0,0.0,0.0,1.0,-1.606478554562737e-10,1.5922283879783193e-10,4.4317164558460325e-13,0.0,0.0,0.0,-9.805778709785916e-10,9.718810133281853e-10,1.956296994619789e-13,0.0,0.0,0.0,0.0,0.0,0.0,0.0,0.0,0.0,0.0,0.0,0.0,0.0,2.428386330126238,1.0199706000001014,8.521648902536158e-11,8.597401380290796e-11,0.4684654348309114
13.2,zero_thrust,-8.522681715150533e-11,8.447082448541647e-11,2.225639776843128e-13,1.0,0.0,0.0,0.0,1.0,-1.7045363430297305e-10,1.689416489708709e-10,4.451279409702666e-13,0.0,0.0,0.0,-9.805779087582374e-10,9.718810306025138e-10,1.9562969946197192e-13,0.0,0.0,0.0,0.0,0.0,0.0,0.0,0.0,0.0,0.0,0.0,0.0,0.0,2.5867946248523306,1.0199706000001014,9.078855614236e-11,9.159595134105759e-11,0.5006697128684777
13.21,zero_thrust,-9.012970672191325e-11,8.933022948464569e-11,2.2354212618162214e-13,1.0,0.0,0.0,0.0,1.0,-1.8025941344378656e-10,1.7866045896933168e-10,4.470842362606295e-13,0.0,0.0,0.0,-9.805779183226907e-10,9.71880970552531e-10,1.9562969946197853e-13,0.0,0.0,0.0,0.0,0.0,0.0,0.0,0.0,0.0,0.0,0.0,0.0,0.0,2.6939212606392884,1.0199706000001014,9.636062325985827e-11,9.721788888026668e-11,0.5318939909063483
13.22,zero_thrust,-9.503259620505578e-11,9.4189634229619e-11,2.2452027467893159e-13,1.0,0.0,0.0,0.0,1.0,-1.9006519241006927e-10,1.8837926845928068e-10,4.4904053145569224e-13,0.0,0.0,0.0,-9.805778698863063e-10,9.718809330075972e-10,1.9562969946197414e-13,0.0,0.0,0.0,0.0,0.0,0.0,0.0,0.0,0.0,0.0,0.0,0.0,0.0,2.7600225692627687,1.0199706000001014,1.0193269037563203e-10,1.0283982642007095e-10,0.5621382689439145
13.23,zero_thrust,-9.993548544680619e-11,9.904903884225552e-11,2.2549842317624088e-13,1.0,0.0,0.0,0.0,1.0,-1.998709708935677e-10,1.9809807768455613e-10,4.509968265554542e-13,0.0,0.0,0.0,-9.805778414362428e-10,9.718809021670612e-10,1.9562969946195498e-13,0.0,0.0,0.0,0.0,0.0,0.0,0.0,0.0,0.0,0.0,0.0,0.0,0.0,2.793303616161555,1.0199706000001014,1.0750475749017485e-10,1.0846176395835147e-10,0.5914025469814809
13.24,zero_thrust,-1.0483837470842648e-10,1.039084434841938e-10,2.2647657167355012e-13,1.0,0.0,0.0,0.0,1.0,-2.096767494168059e-10,2.0781688696843508e-10,4.5295312155991556e-13,0.0,0.0,0.0,-9.80577858617921e-10,9.71880950202665e-10,1.9562969946195344e-13,0.0,0.0,0.0,0.0,0.0,0.0,0.0,0.0,0.0,0.0,0.0,0.0,0.0,2.80032845368667,1.0199706000001014,1.1307682460393686e-10,1.1408370149547757e-10,0.6196868250193516
13.25,zero_thrust,-1.0974126409920807e-10,1.0876784850570364e-10,2.2745472017085936e-13,1.0,0.0,0.0,0.0,1.0,-2.1948252819836666e-10,2.175356970114572e-10,4.549094164690763e-13,0.0,0.0,0.0,-9.80577917133287e-10,9.718810590685391e-10,1.9562969946195316e-13,0.0,0.0,0.0,0.0,0.0,0.0,0.0,0.0,0.0,0.0,0.0,0.0,0.0,2.786348323700579,1.0199706000001014,1.1864889171898855e-10,1.1970563903327648e-10,0.646991103056918
13.26,zero_thrust,-1.1464415394501848e-10,1.136272541367563e-10,2.284328686681688e-13,1.0,0.0,0.0,0.0,1.0,-2.2928830788998505e-10,2.2725450827356497e-10,4.568657112829368e-13,0.0,0.0,0.0,-9.80578009112304e-10,9.718811806662897e-10,1.9562969946197326e-13,0.0,0.0,0.0,0.0,0.0,0.0,0.0,0.0,0.0,0.0,0.0,0.0,0.0,2.755564219711801,1.0199706000001014,1.242209588375039e-10,1.2532757657286682e-10,0.6733153810944843
13.27,zero_thrust,-1.195470442642101e-10,1.1848666039907415e-10,2.294110171654783e-13,1.0,0.0,0.0,0.0,1.0,-2.3909408852836584e-10,2.3697332079820315e-10,4.588220060014966e-13,0.0,0.0,0.0,-9.805781120308353e-10,9.718813106487834e-10,1.956296994619888e-13,0.0,0.0,0.0,0.0,0.0,0.0,0.0,0.0,0.0,0.0,0.0,0.0,0.0,2.7113369365268642,1.0199706000001014,1.2979302596038945e-10,1.3094951411580938e-10,0.698659659132355
13.28,zero_thrust,-1.2444993506869967e-10,1.2334606728427975e-10,2.303891656627878e-13,1.0,0.0,0.0,0.0,1.0,-2.488998701373425e-10,2.4669213456861683e-10,4.607783006247554e-13,0.0,0.0,0.0,-9.80578198463493e-10,9.7188143240111e-10,1.9562969946198676e-13,0.0,0.0,0.0,0.0,0.0,0.0,0.0,0.0,0.0,0.0,0.0,0.0,0.0,2.6563551099728313,1.0199706000001014,1.353650930876417e-10,1.365714516620787e-10,0.7230239371699214
13.29,zero_thrust,-1.2935282634800852e-10,1.2820547479258862e-10,2.313673141600973e-13,1.0,0.0,0.0,0.0,1.0,-2.587056526959577e-10,2.564109495852371e-10,4.627345951527136e-13,0.0,0.0,0.0,-9.805783003918253e-10,9.718815605599331e-10,1.9562969946198878e-13,0.0,0.0,0.0,0.0,0.0,0.0,0.0,0.0,0.0,0.0,0.0,0.0,0.0,2.592769648729605,1.0199706000001014,1.4093716021916067e-10,1.4219338921159183e-10,0.7464082152074879
13.3,zero_thrust,-1.3425571810243358e-10,1.3306488293086663e-10,2.323454626574068e-13,1.0,0.0,0.0,0.0,1.0,-2.6851143620480533e-10,2.6612976586179567e-10,4.646908895853707e-13,0.0,0.0,0.0,-9.805783974658985e-10,9.718816870760899e-10,1.9562969946199146e-13,0.0,0.0,0.0,0.0,0.0,0.0,0.0,0.0,0.0,0.0,0.0,0.0,0.0,2.5223012797411077,1.0199706000001014,1.4650922735509643e-10,1.4781532676455553e-10,0.7688124932453586
13.31,zero_thrust,-1.3915861033346796e-10,1.3792429170317182e-10,2.3332361115471627e-13,1.0,0.0,0.0,0.0,1.0,-2.7831722066687156e-10,2.7584858340640857e-10,4.66647183922727e-13,0.0,0.0,0.0,-9.805784867401948e-10,9.718818108984856e-10,1.956296994619914e-13,0.0,0.0,0.0,0.0,0.0,0.0,0.0,0.0,0.0,0.0,0.0,0.0,0.0,2.4463265845442237,1.0199706000001014,1.5208129449536902e-10,1.5343726432076375e-10,0.790236771282925
13.32,zero_thrust,-1.4406150305914017e-10,1.4278370111103582e-10,2.3430175965202576e-13,1.0,0.0,0.0,0.0,1.0,-2.8812300611821344e-10,2.8556740222213916e-10,4.686034781647823e-13,0.0,0.0,0.0,-9.80578589499476e-10,9.718819396974071e-10,1.956296994619981e-13,0.0,0.0,0.0,0.0,0.0,0.0,0.0,0.0,0.0,0.0,0.0,0.0,0.0,2.365946828386721,1.0199706000001014,1.576533616400439e-10,1.5905920188027466e-10,0.8106810493204917
13.33,zero_thrust,-1.499449749717792e-10,1.4861499324397028e-10,2.3547553784879716e-13,1.0,0.0,0.0,0.0,1.0,-2.998899499434884e-10,2.9722998648801117e-10,4.709510311294515e-13,0.0,0.0,0.0,-9.805787075449095e-10,9.718820920028321e-10,1.956296994619927e-13,0.0,0.0,0.0,0.0,0.0,0.0,0.0,0.0,0.0,0.0,0.0,0.0,0.0,2.2820430234668008,1.0199706000001014,1.6322542878924147e-10,1.646811394432837e-10,0.8301453273583624
13.34,zero_thrust,-1.5386728996067517e-10,1.525025218501029e-10,2.3625805664664475e-13,1.0,0.0,0.0,0.0,1.0,-3.0773457992127827e-10,3.0500504370027847e-10,4.7251606636299e-13,0.0,0.0,0.0,-9.805787822893947e-10,9.718821958770628e-10,1.9562969946196162e-13,0.0,0.0,0.0,0.0,0.0,0.0,0.0,0.0,0.0,0.0,0.0,0.0,0.0,2.1953199795247125,1.0199706000001014,1.6879749594282766e-10,1.70303077009646e-10,0.8486296053959289
13.35,zero_thrust,-1.5877018414088694e-10,1.5736193317686503e-10,2.3723620514395374e-13,1.0,0.0,0.0,0.0,1.0,-3.1754036828169923e-10,3.147238663538054e-10,4.744723603191413e-13,0.0,0.0,0.0,-9.805788768763463e-10,9.71882319533564e-10,1.9562969946192706e-13,0.0,0.0,0.0,0.0,0.0,0.0,0.0,0.0,0.0,0.0,0.0,0.0,0.0,2.1063415443711073,1.0199706000001014,1.7436956310087186e-10,1.7592501457930354e-10,0.8661338834334954
13.36,zero_thrust,-1.6367307879997278e-10,1.6222134513419972e-10,2.382143536412623e-13,1.0,0.0,0.0,0.0,1.0,-3.2734615759986826e-10,3.244426902684774e-10,4.764286541799907e-13,0.0,0.0,0.0,-9.805789768369175e-10,9.718824476260697e-10,1.9562969946192747e-13,0.0,0.0,0.0,0.0,0.0,0.0,0.0,0.0,0.0,0.0,0.0,0.0,0.0,2.0155587962543073,1.0199706000001014,1.7994163026342792e-10,1.8154695215242248e-10,0.8826581614713661
13.37,zero_thrust,-1.6857597395726146e-10,1.6708075770569539e-10,2.391925021385708e-13,1.0,0.0,0.0,0.0,1.0,-3.37151947914443e-10,3.341615154114714e-10,4.783849479455387e-13,0.0,0.0,0.0,-9.805790791305858e-10,9.718825687998129e-10,1.9562969946191558e-13,0.0,0.0,0.0,0.0,0.0,0.0,0.0,0.0,0.0,0.0,0.0,0.0,0.0,1.9233325977547833,1.0199706000001014,1.85513697430211e-10,1.87168889728839e-10,0.8982024395089326
13.38,zero_thrust,-1.7347886964635908e-10,1.7194017090721784e-10,2.401706506358793e-13,1.0,0.0,0.0,0.0,1.0,-3.4695773929263554e-10,3.43880341814519e-10,4.803412416157856e-13,0.0,0.0,0.0,-9.805791876211467e-10,9.718826975740221e-10,1.9562969946190472e-13,0.0,0.0,0.0,0.0,0.0,0.0,0.0,0.0,0.0,0.0,0.0,0.0,0.0,1.8299516389551638,1.0199706000001014,1.9108576460126603e-10,1.9279082730880038e-10,0.9127667175464992
13.39,zero_thrust,-1.7838176589078133e-10,1.7679958473009408e-10,2.4114879913318777e-13,1.0,0.0,0.0,0.0,1.0,-3.567635317814774e-10,3.535991694602742e-10,4.822975351907313e-13,0.0,0.0,0.0,-9.805792958488205e-10,9.71882819071084e-10,1.9562969946186456e-13,0.0,0.0,0.0,0.0,0.0,0.0,0.0,0.0,0.0,0.0,0.0,0.0,0.0,1.7356468719215523,1.0199706000001014,1.9665783177682311e-10,1.9841276489266406e-10,0.92635099558437
13.4,zero_thrust,-1.832846626841689e-10,1.8165899918586662e-10,2.421269476304962e-13,1.0,0.0,0.0,0.0,1.0,-3.665693253682498e-10,3.63317998371822e-10,4.842538286703756e-13,0.0,0.0,0.0,-9.805794044761768e-10,9.718829478469494e-10,1.9562969946181796e-13,0.0,0.0,0.0,0.0,0.0,0.0,0.0,0.0,0.0,0.0,0.0,0.0,0.0,1.6406030582885767,1.0199706000001014,2.022298989566007e-10,2.040347024802345e-10,0.9389552736219364
13.41,zero_thrust,-1.8818756002845668e-10,1.865184142539884e-10,2.4310509612780454e-13,1.0,0.0,0.0,0.0,1.0,-3.763751200568227e-10,3.7303682850806833e-10,4.862101220547185e-13,0.0,0.0,0.0,-9.80579517592017e-10,9.718830673367359e-10,1.956296994618044e-13,0.0,0.0,0.0,0.0,0.0,0.0,0.0,0.0,0.0,0.0,0.0,0.0,0.0,1.544968007382196,1.0199706000001014,2.078019661407603e-10,2.0965664007164018e-10,0.9505795516595029
13.42,zero_thrust,-1.9309045788907378e-10,1.9137782994206928e-10,2.440832446251128e-13,1.0,0.0,0.0,0.0,1.0,-3.8618091577805415e-10,3.827556598842328e-10,4.8816641534376e-13,0.0,0.0,0.0,-9.805796185892996e-10,9.718831938409117e-10,1.956296994617994e-13,0.0,0.0,0.0,0.0,0.0,0.0,0.0,0.0,0.0,0.0,0.0,0.0,0.0,1.44885996666314,1.0199706000001014,2.133740333292729e-10,2.152785776669223e-10,0.9612238296973737
13.43,zero_thrust,-1.9799335623341466e-10,1.9623724625492177e-10,2.45061393122421e-13,1.0,0.0,0.0,0.0,1.0,-3.9598671246673315e-10,3.924744925099406e-10,4.901227085375e-13,0.0,0.0,0.0,-9.805797116448541e-10,9.718833176317015e-10,1.9562969946175758e-13,0.0,0.0,0.0,0.0,0.0,0.0,0.0,0.0,0.0,0.0,0.0,0.0,0.0,1.352373534081847,1.0199706000001014,2.1894610052200466e-10,2.2090051526559896e-10,0.9708881077349403
13.44,zero_thrust,-2.0289625504947875e-10,2.0109666319736134e-10,2.460395416197286e-13,1.0,0.0,0.0,0.0,1.0,-4.0579251009885854e-10,4.021933263948225e-10,4.920790016359375e-13,0.0,0.0,0.0,-9.805798077609905e-10,9.718834428772615e-10,1.9562969946173572e-13,0.0,0.0,0.0,0.0,0.0,0.0,0.0,0.0,0.0,0.0,0.0,0.0,0.0,1.2555843880168103,1.0199706000001014,2.2451816771909804e-10,2.2652245286758958e-10,0.9795723857725067
13.45,zero_thrust,-2.0779915437122357e-10,2.0595608076914305e-10,2.4701769011703605e-13,1.0,0.0,0.0,0.0,1.0,-4.155983087423454e-10,4.119121615383888e-10,4.940352946390732e-13,0.0,0.0,0.0,-9.805799143264935e-10,9.7188356855966e-10,1.956296994617223e-13,0.0,0.0,0.0,0.0,0.0,0.0,0.0,0.0,0.0,0.0,0.0,0.0,0.0,1.158553071170867,1.0199706000001014,2.3009023492066549e-10,2.3214439047301527e-10,0.9872766638103775
13.46,zero_thrust,-2.1270205426071627e-10,2.1081549895797692e-10,2.479958386143435e-13,1.0,0.0,0.0,0.0,1.0,-4.2540410852132796e-10,4.2163099791605936e-10,4.959915875469077e-13,0.0,0.0,0.0,-9.805800283057141e-10,9.718836954233645e-10,1.9562969946171368e-13,0.0,0.0,0.0,0.0,0.0,0.0,0.0,0.0,0.0,0.0,0.0,0.0,0.0,1.0613280176880282,1.0199706000001014,2.3566230212648345e-10,2.377663280820049e-10,0.9940009418479441
13.47,zero_thrust,-2.1760495471510367e-10,2.1567491777250982e-10,2.48973987111651e-13,1.0,0.0,0.0,0.0,1.0,-4.3520990943009996e-10,4.31349835545128e-10,4.979478803594406e-13,0.0,0.0,0.0,-9.805801434061248e-10,9.71883817214534e-10,1.9562969946170972e-13,0.0,0.0,0.0,0.0,0.0,0.0,0.0,0.0,0.0,0.0,0.0,0.0,0.0,0.963947974901755,1.0199706000001014,2.412343693366214e-10,2.4338826569499756e-10,0.9997452198855106
13.48,zero_thrust,-2.2244788212953994e-10,2.204748956806752e-10,2.4995213560895847e-13,1.0,0.0,0.0,0.0,1.0,-4.4489576425896967e-10,4.409497913614616e-10,4.999041731295698e-13,0.0,0.0,0.0,-9.328702863436327e-10,9.245972383751728e-10,1.9562969946170282e-13,0.0,0.0,0.0,0.0,0.0,0.0,0.0,0.0,0.0,0.0,0.0,0.0,0.0,0.8664439406788204,1.0199706000001014,2.4680643655116056e-10,2.490102033119473e-10,1.0045094979233813
13.49,zero_thrust,-2.268043567716048e-10,2.2479273638750225e-10,2.5093028410626585e-13,1.0,0.0,0.0,0.0,1.0,-4.536087135430968e-10,4.4958547277511835e-10,5.018604662445878e-13,0.0,0.0,0.0,-8.232140192044967e-10,8.159137804476708e-10,1.956296994616891e-13,0.0,0.0,0.0,0.0,0.0,0.0,0.0,0.0,0.0,0.0,0.0,0.0,0.0,0.7688407132943842,1.0199706000001014,2.523770365643392e-10,2.546306605942662e-10,1.0082937759609476
13.5,zero_thrust,-2.306602722949869e-10,2.2861445863499223e-10,2.5190843260357297e-13,1.0,0.0,0.0,0.0,1.0,-4.6132054458985864e-10,4.572289172701007e-10,5.038167597425994e-13,0.0,0.0,0.0,-7.316551747645685e-10,7.251671902995192e-10,1.9562969946168023e-13,0.0,0.0,0.0,0.0,0.0,0.0,0.0,0.0,0.0,0.0,0.0,0.0,0.0,0.6711581313868297,1.0199706000001014,2.57943882512667e-10,2.602473302096054e-10,1.0110980539985142
13.51,zero_thrust,-2.3412069055949823e-10,2.3204419223679335e-10,2.528865811008797e-13,1.0,0.0,0.0,0.0,1.0,-4.682413811188791e-10,4.640883844737051e-10,5.057730535490663e-13,0.0,0.0,0.0,-6.635255373824862e-10,6.576419539603216e-10,1.9562969946169485e-13,0.0,0.0,0.0,0.0,0.0,0.0,0.0,0.0,0.0,0.0,0.0,0.0,0.0,0.5734120658668844,1.0199706000001014,2.635075458914986e-10,2.6586078876900047e-10,1.0129223320363852
13.52,zero_thrust,-2.373191462709343e-10,2.3521428723883476e-10,2.5386472959818615e-13,1.0,0.0,0.0,0.0,1.0,-4.746382925417492e-10,4.7042857447779e-10,5.077293475546646e-13,0.0,0.0,0.0,-6.250348631217958e-10,6.19492744762498e-10,1.956296994616689e-13,0.0,0.0,0.0,0.0,0.0,0.0,0.0,0.0,0.0,0.0,0.0,0.0,0.0,0.47561521344483537,1.0199706000001014,2.6906882630825797e-10,2.714718430369005e-10,1.0137666100739515
13.53,zero_thrust,-2.404346510877727e-10,2.383021673365842e-10,2.548428780954926e-13,1.0,0.0,0.0,0.0,1.0,-4.808693021754239e-10,4.766043346732909e-10,5.096856415987883e-13,0.0,0.0,0.0,-6.231010111342181e-10,6.175760755331423e-10,1.9562969946160988e-13,0.0,0.0,0.0,0.0,0.0,0.0,0.0,0.0,0.0,0.0,0.0,0.0,0.0,0.37777773150719607,1.0199706000001014,2.746287595586215e-10,2.770815380801156e-10,1.013630888111518
