sim_time,mode,qx,qy,qz,qw,r_ref_x,r_ref_y,r_ref_z,r_ref_w,roll,pitch,yaw,erot_x,erot_y,erot_z,omega_x,omega_y,omega_z,tau_x,tau_y,tau_z,thrust_des,thrust_actual,f0,f1,f2,f3,speed0,speed1,speed2,speed3,vz,z_target,pos_x,pos_y,pos_z
2.13,zero_thrust,0.0,0.0,0.0,1.0,0.0,0.0,0.0,1.0,0.0,0.0,0.0,0.0,0.0,0.0,0.0,0.0,0.0,0.0,0.0,0.0,0.0,0.0,0.0,0.0,0.0,0.0,0.0,0.0,0.0,0.0,0.0,1.0199706000001014,0.0,0.0,1.0192356000000002
2.136,zero_thrust,0.0,0.0,0.0,1.0,0.0,0.0,0.0,1.0,0.0,0.0,0.0,0.0,0.0,0.0,0.0,0.0,0.0,0.0,0.0,0.0,0.0,0.0,0.0,0.0,0.0,0.0,0.0,0.0,0.0,0.0,0.0,1.0199706000001014,0.0,0.0,1.0192356000000002
2.15,zero_thrust,0.0,0.0,0.0,1.0,0.0,0.0,0.0,1.0,0.0,0.0,0.0,0.0,0.0,0.0,0.0,0.0,0.0,0.0,0.0,0.0,0.0,0.0,0.0,0.0,0.0,0.0,0.0,0.0,0.0,0.0,-0.01715000000101346,1.0199706000001014,0.0,0.0,1.0175205999998989
2.16,zero_thrust,0.0,0.0,0.0,1.0,0.0,0.0,0.0,1.0,0.0,0.0,0.0,0.0,0.0,0.0,0.0,0.0,0.0,0.0,0.0,0.0,0.0,0.0,0.0,0.0,0.0,0.0,0.0,0.0,0.0,0.0,-0.06761999999675522,1.0199706000001014,0.0,0.0,1.0148256000001017
2.17,zero_thrust,0.0,0.0,0.0,1.0,0.0,0.0,0.0,1.0,0.0,0.0,0.0,0.0,0.0,0.0,0.0,0.0,0.0,0.0,0.0,0.0,0.0,0.0,0.0,0.0,0.0,0.0,0.0,0.0,0.0,0.0,-0.1275959999994327,1.0199706000001014,0.0,0.0,1.0111506000000003
2.18,zero_thrust,0.0,0.0,0.0,1.0,0.0,0.0,0.0,1.0,0.0,0.0,0.0,0.0,0.0,0.0,0.0,0.0,0.0,0.0,0.0,0.0,0.0,0.0,0.0,0.0,0.0,0.0,0.0,0.0,0.0,0.0,-0.195176800001575,1.0199706000001014,0.0,0.0,1.0064955999998988
2.19,zero_thrust,0.0,0.0,0.0,1.0,0.0,0.0,0.0,1.0,0.0,0.0,0.0,0.0,0.0,0.0,0.0,0.0,0.0,0.0,0.0,0.0,0.0,0.0,0.0,0.0,0.0,0.0,0.0,0.0,0.0,0.0,-0.26884143999720456,1.0199706000001014,0.0,0.0,1.0008606000001017
2.2,zero_thrust,0.0,0.0,0.0,1.0,0.0,0.0,0.0,1.0,0.0,0.0,0.0,0.0,0.0,0.0,0.0,0.0,0.0,0.0,0.0,0.0,0.0,0.0,0.0,0.0,0.0,0.0,0.0,0.0,0.0,0.0,-0.3473731519997864,1.0199706000001014,0.0,0.0,0.9942456000000004
2.21,zero_thrust,0.0,0.0,0.0,1.0,0.0,0.0,0.0,1.0,0.0,0.0,0.0,0.0,0.0,0.0,0.0,0.0,0.0,0.0,0.0,0.0,0.0,0.0,0.0,0.0,0.0,0.0,0.0,0.0,0.0,0.0,-0.42979852160186005,1.0199706000001014,0.0,0.0,0.986650599999899
2.22,zero_thrust,0.0,0.0,0.0,1.0,0.0,0.0,0.0,1.0,0.0,0.0,0.0,0.0,0.0,0.0,0.0,0.0,0.0,0.0,0.0,0.0,0.0,0.0,0.0,0.0,0.0,0.0,0.0,0.0,0.0,0.0,-0.5153388172774274,1.0199706000001014,0.0,0.0,0.9780756000001019
2.23,zero_thrust,0.0,0.0,0.0,1.0,0.0,0.0,0.0,1.0,0.0,0.0,0.0,0.0,0.0,0.0,0.0,0.0,0.0,0.0,0.0,0.0,0.0,0.0,0.0,0.0,0.0,0.0,0.0,0.0,0.0,0.0,-0.603371053823975,1.0199706000001014,0.0,0.0,0.9685206000000004
2.24,zero_thrust,0.0,0.0,0.0,1.0,0.0,0.0,0.0,1.0,0.0,0.0,0.0,0.0,0.0,0.0,0.0,0.0,0.0,0.0,0.0,0.0,0.0,0.0,0.0,0.0,0.0,0.0,0.0,0.0,0.0,0.0,-0.6933968430612016,1.0199706000001014,0.0,0.0,0.9579855999998991
2.25,zero_thrust,0.0,0.0,0.0,1.0,0.0,0.0,0.0,1.0,0.0,0.0,0.0,0.0,0.0,0.0,0.0,0.0,0.0,0.0,0.0,0.0,0.0,0.0,0.0,0.0,0.0,0.0,0.0,0.0,0.0,0.0,-0.7850174744449083,1.0199706000001014,0.0,0.0,0.946470600000102
2.26,zero_thrust,0.0,0.0,0.0,1.0,0.0,0.0,0.0,1.0,0.0,0.0,0.0,0.0,0.0,0.0,0.0,0.0,0.0,0.0,0.0,0.0,0.0,0.0,0.0,0.0,0.0,0.0,0.0,0.0,0.0,0.0,-0.8779139795579489,1.0199706000001014,0.0,0.0,0.9339756000000006
2.27,zero_thrust,0.0,0.0,0.0,1.0,0.0,0.0,0.0,1.0,0.0,0.0,0.0,0.0,0.0,0.0,0.0,0.0,0.0,0.0,0.0,0.0,0.0,0.0,0.0,0.0,0.0,0.0,0.0,0.0,0.0,0.0,-0.9718311836483946,1.0199706000001014,0.0,0.0,0.9205005999998991
2.2800000000000002,zero_thrust,0.0,0.0,0.0,1.0,0.0,0.0,0.0,1.0,0.0,0.0,0.0,0.0,0.0,0.0,0.0,0.0,0.0,0.0,0.0,0.0,0.0,0.0,0.0,0.0,0.0,0.0,0.0,0.0,0.0,0.0,-1.0986871691364342,1.0199706000001014,0.0,0.0,0.9060456000001019
2.29,zero_thrust,0.0,0.0,0.0,1.0,0.0,0.0,0.0,1.0,0.0,0.0,0.0,0.0,0.0,0.0,0.0,0.0,0.0,0.0,0.0,0.0,0.0,0.0,0.0,0.0,0.0,0.0,0.0,0.0,0.0,0.0,-1.1595860989473503,1.0199706000001014,0.0,0.0,0.8906106000000006
2.3,zero_thrust,0.0,0.0,0.0,1.0,0.0,0.0,0.0,1.0,0.0,0.0,0.0,0.0,0.0,0.0,0.0,0.0,0.0,0.0,0.0,0.0,0.0,0.0,0.0,0.0,0.0,0.0,0.0,0.0,0.0,0.0,-1.2559688791599037,1.0199706000001014,0.0,0.0,0.874195599999899
2.31,zero_thrust,0.0,0.0,0.0,1.0,0.0,0.0,0.0,1.0,0.0,0.0,0.0,0.0,0.0,0.0,0.0,0.0,0.0,0.0,0.0,0.0,0.0,0.0,0.0,0.0,0.0,0.0,0.0,0.0,0.0,0.0,-1.3526751033238749,1.0199706000001014,0.0,0.0,0.8568006000001018
2.32,zero_thrust,0.0,0.0,0.0,1.0,0.0,0.0,0.0,1.0,0.0,0.0,0.0,0.0,0.0,0.0,0.0,0.0,0.0,0.0,0.0,0.0,0.0,0.0,0.0,0.0,0.0,0.0,0.0,0.0,0.0,0.0,-1.4496400826611193,1.0199706000001014,0.0,0.0,0.8384256000000004
2.33,zero_thrust,0.0,0.0,0.0,1.0,0.0,0.0,0.0,1.0,0.0,0.0,0.0,0.0,0.0,0.0,0.0,0.0,0.0,0.0,0.0,0.0,0.0,0.0,0.0,0.0,0.0,0.0,0.0,0.0,0.0,0.0,-1.5468120661309335,1.0199706000001014,0.0,0.0,0.819070599999899
2.34,zero_thrust,0.0,0.0,0.0,1.0,0.0,0.0,0.0,1.0,0.0,0.0,0.0,0.0,0.0,0.0,0.0,0.0,0.0,0.0,0.0,0.0,0.0,0.0,0.0,0.0,0.0,0.0,0.0,0.0,0.0,0.0,-1.644149652900683,1.0199706000001014,0.0,0.0,0.7987356000001017
2.35,zero_thrust,0.0,0.0,0.0,1.0,0.0,0.0,0.0,1.0,0.0,0.0,0.0,0.0,0.0,0.0,0.0,0.0,0.0,0.0,0.0,0.0,0.0,0.0,0.0,0.0,0.0,0.0,0.0,0.0,0.0,0.0,-1.7889863889894728,1.0199706000001014,0.0,0.0,0.7774206000000002
2.36,zero_thrust,0.0,0.0,0.0,1.0,0.0,0.0,0.0,1.0,0.0,0.0,0.0,0.0,0.0,0.0,0.0,0.0,0.0,0.0,0.0,0.0,0.0,0.0,0.0,0.0,0.0,0.0,0.0,0.0,0.0,0.0,-1.8365527475570544,1.0199706000001014,0.0,0.0,0.7551255999998988
2.37,zero_thrust,0.0,0.0,0.0,1.0,0.0,0.0,0.0,1.0,0.0,0.0,0.0,0.0,0.0,0.0,0.0,0.0,0.0,0.0,0.0,0.0,0.0,0.0,0.0,0.0,0.0,0.0,0.0,0.0,0.0,0.0,-1.9347421980415955,1.0199706000001014,0.0,0.0,0.7318506000001017
2.38,zero_thrust,0.0,0.0,0.0,1.0,0.0,0.0,0.0,1.0,0.0,0.0,0.0,0.0,0.0,0.0,0.0,0.0,0.0,0.0,0.0,0.0,0.0,0.0,0.0,0.0,0.0,0.0,0.0,0.0,0.0,0.0,-2.0328937584353146,1.0199706000001014,0.0,0.0,0.7075956000000003
2.39,zero_thrust,0.0,0.0,0.0,1.0,0.0,0.0,0.0,1.0,0.0,0.0,0.0,0.0,0.0,0.0,0.0,0.0,0.0,0.0,0.0,0.0,0.0,0.0,0.0,0.0,0.0,0.0,0.0,0.0,0.0,0.0,-2.1310150067502676,1.0199706000001014,0.0,0.0,0.682360599999899
2.4,zero_thrust,0.0,0.0,0.0,1.0,0.0,0.0,0.0,1.0,0.0,0.0,0.0,0.0,0.0,0.0,0.0,0.0,0.0,0.0,0.0,0.0,0.0,0.0,0.0,0.0,0.0,0.0,0.0,0.0,0.0,0.0,-2.229112005396143,1.0199706000001014,0.0,0.0,0.6561456000001019
2.41,zero_thrust,0.0,0.0,0.0,1.0,0.0,0.0,0.0,1.0,0.0,0.0,0.0,0.0,0.0,0.0,0.0,0.0,0.0,0.0,0.0,0.0,0.0,0.0,0.0,0.0,0.0,0.0,0.0,0.0,0.0,0.0,-2.327189604318953,1.0199706000001014,0.0,0.0,0.6289506000000006
2.42,zero_thrust,0.0,0.0,0.0,1.0,0.0,0.0,0.0,1.0,0.0,0.0,0.0,0.0,0.0,0.0,0.0,0.0,0.0,0.0,0.0,0.0,0.0,0.0,0.0,0.0,0.0,0.0,0.0,0.0,0.0,0.0,-2.4252516834571987,1.0199706000001014,0.0,0.0,0.6007755999998994
2.43,zero_thrust,0.0,0.0,0.0,1.0,0.0,0.0,0.0,1.0,0.0,0.0,0.0,0.0,0.0,0.0,0.0,0.0,0.0,0.0,0.0,0.0,0.0,0.0,0.0,0.0,0.0,0.0,0.0,0.0,0.0,0.0,-2.523301346761685,1.0199706000001014,0.0,0.0,0.5716206000001024
2.44,zero_thrust,0.0,0.0,0.0,1.0,0.0,0.0,0.0,1.0,0.0,0.0,0.0,0.0,0.0,0.0,0.0,0.0,0.0,0.0,0.0,0.0,0.0,0.0,0.0,0.0,0.0,0.0,0.0,0.0,0.0,0.0,-2.6213410774113868,1.0199706000001014,0.0,0.0,0.5414856000000011
2.45,zero_thrust,0.0,0.0,0.0,1.0,0.0,0.0,0.0,1.0,0.0,0.0,0.0,0.0,0.0,0.0,0.0,0.0,0.0,0.0,0.0,0.0,0.0,0.0,0.0,0.0,0.0,0.0,0.0,0.0,0.0,0.0,-2.7193728619311206,1.0199706000001014,0.0,0.0,0.5103705999998999
2.46,zero_thrust,0.0,0.0,0.0,1.0,0.0,0.0,0.0,1.0,0.0,0.0,0.0,0.0,0.0,0.0,0.0,0.0,0.0,0.0,0.0,0.0,0.0,0.0,0.0,0.0,0.0,0.0,0.0,0.0,0.0,0.0,-2.817398289540849,1.0199706000001014,0.0,0.0,0.47827560000010294
2.47,zero_thrust,0.0,0.0,0.0,1.0,0.0,0.0,0.0,1.0,0.0,0.0,0.0,0.0,0.0,0.0,0.0,0.0,0.0,0.0,0.0,0.0,0.0,0.0,0.0,0.0,0.0,0.0,0.0,0.0,0.0,0.0,-2.9154186316346884,1.0199706000001014,0.0,0.0,0.4452006000000017
2.48,zero_thrust,0.0,0.0,0.0,1.0,0.0,0.0,0.0,1.0,0.0,0.0,0.0,0.0,0.0,0.0,0.0,0.0,0.0,0.0,0.0,0.0,0.0,0.0,0.0,0.0,0.0,0.0,0.0,0.0,0.0,0.0,-3.0134349053097895,1.0199706000001014,0.0,0.0,0.4111455999999005
2.49,zero_thrust,0.0,0.0,0.0,1.0,0.0,0.0,0.0,1.0,0.0,0.0,0.0,0.0,0.0,0.0,0.0,0.0,0.0,0.0,0.0,0.0,0.0,0.0,0.0,0.0,0.0,0.0,0.0,0.0,0.0,0.0,-3.111447924243753,1.0199706000001014,0.0,0.0,0.37611060000010366
2.5,zero_thrust,0.0,0.0,0.0,1.0,0.0,0.0,0.0,1.0,0.0,0.0,0.0,0.0,0.0,0.0,0.0,0.0,0.0,0.0,0.0,0.0,0.0,0.0,0.0,0.0,0.0,0.0,0.0,0.0,0.0,0.0,-3.20945833939704,1.0199706000001014,0.0,0.0,0.34009560000000255
2.51,zero_thrust,0.0,0.0,0.0,1.0,0.0,0.0,0.0,1.0,0.0,0.0,0.0,0.0,0.0,0.0,0.0,0.0,0.0,0.0,0.0,0.0,0.0,0.0,0.0,0.0,0.0,0.0,0.0,0.0,0.0,0.0,-3.307466671519638,1.0199706000001014,0.0,0.0,0.3031005999999014
2.52,zero_thrust,0.0,0.0,0.0,1.0,0.0,0.0,0.0,1.0,0.0,0.0,0.0,0.0,0.0,0.0,0.0,0.0,0.0,0.0,0.0,0.0,0.0,0.0,0.0,0.0,0.0,0.0,0.0,0.0,0.0,0.0,-3.405473337211664,1.0199706000001014,0.0,0.0,0.26512560000010454
2.5300000000000002,zero_thrust,0.0,0.0,0.0,1.0,0.0,0.0,0.0,1.0,0.0,0.0,0.0,0.0,0.0,0.0,0.0,0.0,0.0,0.0,0.0,0.0,0.0,0.0,0.0,0.0,0.0,0.0,0.0,0.0,0.0,0.0,-3.5034786697713343,1.0199706000001014,0.0,0.0,0.2261706000000035
2.54,zero_thrust,0.0,0.0,0.0,1.0,0.0,0.0,0.0,1.0,0.0,0.0,0.0,0.0,0.0,0.0,0.0,0.0,0.0,0.0,0.0,0.0,0.0,0.0,0.0,0.0,0.0,0.0,0.0,0.0,0.0,0.0,-3.456295584672768,1.0199706000001014,0.0,0.0,0.19349496755721918
2.55,zero_thrust,0.0,0.0,0.0,1.0,0.0,0.0,0.0,1.0,0.0,0.0,0.0,0.0,0.0,0.0,0.0,0.0,0.0,0.0,0.0,0.0,0.0,0.0,0.0,0.0,0.0,0.0,0.0,0.0,0.0,0.0,-2.935213154858384,1.0199706000001014,0.0,0.0,0.18498613320121052
2.56,zero_thrust,0.0,0.0,0.0,1.0,0.0,0.0,0.0,1.0,0.0,0.0,0.0,0.0,0.0,0.0,0.0,0.0,0.0,0.0,0.0,0.0,0.0,0.0,0.0,0.0,0.0,0.0,0.0,0.0,0.0,0.0,-1.9820393281657152,1.0199706000001014,0.0,0.0,0.20329269298725974
2.5700000000000003,zero_thrust,0.0,0.0,0.0,1.0,0.0,0.0,0.0,1.0,0.0,0.0,0.0,0.0,0.0,0.0,0.0,0.0,0.0,0.0,0.0,0.0,0.0,0.0,0.0,0.0,0.0,0.0,0.0,0.0,0.0,0.0,-0.9135029526316212,1.0199706000001014,0.0,0.0,0.23689911848230807
2.58,zero_thrust,0.0,0.0,0.0,1.0,0.0,0.0,0.0,1.0,0.0,0.0,0.0,0.0,0.0,0.0,0.0,0.0,0.0,0.0,0.0,0.0,0.0,0.0,0.0,0.0,0.0,0.0,0.0,0.0,0.0,0.0,-0.06253660042082765,1.0199706000001014,0.0,0.0,0.2703124065665308
2.59,attitude_only,0.0,0.0,0.0,1.0,0.0,0.0,0.0,1.0,0.0,0.0,0.0,0.0,0.0,0.0,0.0,0.0,0.0,0.0,0.0,0.0,0.034127142,0.034127142,0.0085317855,0.0085317855,0.0085317855,0.0085317855,533.2849613480583,533.2849613480583,533.2849613480583,533.2849613480583,2.1121899252781056,1.0199706000001014,0.0,0.0,0.30274569465075357
2.6,attitude_only,-4.1938146814206876e-21,7.312058803713963e-21,-2.3782383599603285e-20,1.0,0.0,0.0,0.0,1.0,-8.387629362841375e-21,1.4624117607427925e-20,-4.756476719920657e-20,0.0,0.0,0.0,-2.0781227900974664e-18,2.0491325431420557e-18,-1.1902343741760067e-17,2.514528576017935e-21,-2.4794503772018878e-21,0.0,0.034127142,0.034127142,0.0085317855,0.0085317855,0.0085317855,0.0085317855,533.2849613480583,533.2849613480583,533.2849613480583,533.2849613480583,2.0597952473357513,1.0199706000001014,4.372544041854832e-23,2.1938707856124755e-23,0.33419937575538106
2.61,attitude_only,-1.5664589022027966e-20,1.378825920659822e-20,-4.0078096831117706e-20,1.0,0.0,0.0,0.0,1.0,-3.132917804405593e-20,2.757651841319644e-20,-8.015619366223541e-20,0.0,0.0,0.0,4.712227311745302e-18,8.623223461372996e-18,5.909042312370432e-18,-5.6810138193108385e-21,-1.0454591713692743e-20,0.0,0.034127142,0.034127142,0.0085317855,0.0085317855,0.0085317855,0.0085317855,533.2849613480583,533.2849613480583,533.2849613480583,533.2849613480583,2.2575061002107675,1.0199706000001014,6.59465381452669e-23,1.2557399879661148e-22,0.3646828708724901
2.62,attitude_only,7.156540733593318e-21,5.559370166015889e-20,-3.5182146490437014e-20,1.0,0.0,0.0,0.0,1.0,1.4313081467186637e-20,1.1118740332031778e-19,-7.036429298087403e-20,0.0,0.0,0.0,4.447960186330458e-18,8.15531569115155e-18,-2.5927025948674485e-17,-5.4083728706763314e-21,-9.974655546338525e-21,0.0,0.034127142,0.034127142,0.0085317855,0.0085317855,0.0085317855,0.0085317855,533.2849613480583,533.2849613480583,533.2849613480583,533.2849613480583,2.3967134943604504,1.0199706000001014,3.593702701976024e-22,-3.2912823886750824e-23,0.39421830158208127
2.63,attitude_only,2.8741593351087496e-20,9.521335754459339e-20,-1.5292187147815686e-19,1.0,0.0,0.0,0.0,1.0,5.748318670217499e-20,1.9042671508918677e-19,-3.058437429563137e-19,0.0,0.0,0.0,4.214207725085807e-18,7.742443394012136e-18,-2.1466249165304767e-17,-5.170011994433608e-21,-9.556633223711349e-21,0.0,0.034127142,0.034127142,0.0085317855,0.0085317855,0.0085317855,0.0085317855,533.2849613480583,533.2849613480583,533.2849613480583,533.2849613480583,2.4895457316134944,1.0199706000001014,6.431305736589411e-22,-1.8335143019046745e-22,0.42282704838833735
2.64,attitude_only,3.7294856481575036e-20,1.3290717473625503e-19,-2.571553556495628e-19,1.0,0.0,0.0,0.0,1.0,7.458971296315007e-20,2.6581434947251005e-19,-5.143107112991256e-19,0.0,0.0,0.0,6.49951258409989e-19,7.379189781576227e-18,-2.0227144503257623e-17,-8.994037470067264e-22,-9.194520786604022e-21,0.0,0.034127142,0.034127142,0.0085317855,0.0085317855,0.0085317855,0.0085317855,533.2849613480583,533.2849613480583,533.2849613480583,533.2849613480583,2.5455958625150403,1.0199706000001014,9.261164937056727e-22,-2.5841924527570495e-22,0.4505250122495502
2.65,attitude_only,4.049222611144951e-20,1.689101140976932e-19,-3.5407812231489057e-19,1.0,0.0,0.0,0.0,1.0,8.098445222289902e-20,3.378202281953864e-19,-7.081562446297811e-19,0.0,0.0,0.0,6.313958403317321e-19,7.060881471074385e-18,-1.886412937500576e-17,-8.834512037161353e-22,-8.883159628712554e-21,0.0,0.034127142,0.034127142,0.0085317855,0.0085317855,0.0085317855,0.0085317855,533.2849613480583,533.2849613480583,533.2849613480583,533.2849613480583,2.5724347767164346,1.0199706000001014,1.2179291476021866e-21,-2.8980704050254024e-22,0.47732291658477094
2.66,attitude_only,4.3605623205587275e-20,2.03435534031837e-19,-4.452390523016991e-19,1.0,0.0,0.0,0.0,1.0,8.721124641117455e-20,4.06871068063674e-19,-8.904781046033982e-19,0.0,0.0,0.0,6.160031193139104e-19,6.783470661898458e-18,-1.774893517916333e-17,-8.711399696878886e-22,-8.618101364320428e-21,0.0,0.034127142,0.034127142,0.0085317855,0.0085317855,0.0085317855,0.0085317855,533.2849613480583,533.2849613480583,533.2849613480583,533.2849613480583,2.576042738047117,1.0199706000001014,1.5280904118349376e-21,-3.275823029648171e-22,0.5032276624184688
2.67,attitude_only,4.665018320952137e-20,2.3667804663622856e-19,-5.315364964899727e-19,1.0,0.0,0.0,0.0,1.0,9.330036641904274e-20,4.733560932724571e-19,-1.0630729929799453e-18,0.0,0.0,0.0,6.03532022618252e-19,6.543439691213909e-18,-1.700547238193504e-17,-8.62209973879281e-22,-8.395498596411107e-21,0.0,0.034127142,0.034127142,0.0085317855,0.0085317855,0.0085317855,0.0085317855,533.2849613480583,533.2849613480583,533.2849613480583,533.2849613480583,2.5611525712759824,1.0199706000001014,1.8656958698233998e-21,-3.727662526292593e-22,0.5282435814603827
2.68,attitude_only,4.963993190212168e-20,2.688159545217031e-19,-6.1465873498175035e-19,1.0,0.0,0.0,0.0,1.0,9.927986380424335e-20,5.376319090434062e-19,-1.2293174699635007e-18,0.0,0.0,0.0,5.937755462942346e-19,6.337725963942478e-18,-1.6385920050911463e-17,-8.564399577534025e-22,-8.212019383324816e-21,0.0,0.034127142,0.034127142,0.0085317855,0.0085317855,0.0085317855,0.0085317855,533.2849613480583,533.2849613480583,533.2849613480583,533.2849613480583,2.531517522723952,1.0199706000001014,2.239318006444916e-21,-4.262607954313093e-22,0.5523733547455416
2.69,attitude_only,5.258794339342236e-20,3.000133571589769e-19,-6.960617157549376e-19,1.0,0.0,0.0,0.0,1.0,1.0517588678684472e-19,6.000267143179538e-19,-1.3921234315098751e-18,0.0,0.0,0.0,5.865564188367882e-19,6.163662505586714e-18,-1.6184565543328802e-17,-8.536425689928346e-22,-8.064779858353764e-21,0.0,0.034127142,0.034127142,0.0085317855,0.0085317855,0.0085317855,0.0085317855,533.2849613480583,533.2849613480583,533.2849613480583,533.2849613480583,2.4901194865977327,1.0199706000001014,2.6570267147043992e-21,-4.888813774269398e-22,0.5756186281664707
2.7,attitude_only,5.550647897576381e-20,3.304219931458644e-19,-7.767134893267589e-19,1.0,0.0,0.0,0.0,1.0,1.1101295795152762e-19,6.608439862917288e-19,-1.5534269786535178e-18,0.0,0.0,0.0,5.817236466719526e-19,6.01893004631805e-18,-1.6107121501950854e-17,-8.536604788617515e-22,-7.95129020769455e-21,0.0,0.034127142,0.034127142,0.0085317855,0.0085317855,0.0085317855,0.0085317855,533.2849613480583,533.2849613480583,533.2849613480583,533.2849613480583,2.439331171502692,1.0199706000001014,3.1264546062188023e-21,-5.613824134928262e-22,0.5979804072776955
2.71,attitude_only,5.840711058465499e-20,3.6018286750256696e-19,-8.57109697562033e-19,1.0,0.0,0.0,0.0,1.0,1.1681422116930998e-19,7.203657350051339e-19,-1.714219395124066e-18,0.0,0.0,0.0,5.791497161780244e-19,5.9015176894220984e-18,-1.6045166268848495e-17,-8.563632594308177e-22,-7.869410556313628e-21,0.0,0.034127142,0.034127142,0.0085317855,0.0085317855,0.0085317855,0.0085317855,533.2849613480583,533.2849613480583,533.2849613480583,533.2849613480583,2.381042884717075,1.0199706000001014,3.65487252455626e-21,-6.444761285980122e-22,0.6194593046534411
2.72,attitude_only,6.130083170123389e-20,3.8942770104903054e-19,-9.371670881162787e-19,1.0,0.0,0.0,0.0,1.0,1.2260166340246777e-19,7.788554020980611e-19,-1.8743341762325574e-18,0.0,0.0,0.0,5.787282972474489e-19,5.809690146958541e-18,-1.5983211035746146e-17,-8.61644839686602e-22,-7.817314406826945e-21,0.0,0.034127142,0.034127142,0.0085317855,0.0085317855,0.0085317855,0.0085317855,533.2849613480583,533.2849613480583,533.2849613480583,533.2849613480583,2.3167620711583647,1.0199706000001014,4.2492608995471425e-21,-7.388462985769979e-22,0.6400556928226768
2.73,attitude_only,6.419815789721833e-20,4.182802307026619e-19,-1.016977625788632e-18,1.0,0.0,0.0,0.0,1.0,1.2839631579443666e-19,8.365604614053238e-19,-2.033955251577264e-18,0.0,0.0,0.0,5.803723428189014e-19,5.7419601660324825e-18,-1.595029731816052e-17,-8.694214178005338e-22,-7.793458031375998e-21,0.0,0.034127142,0.034127142,0.0085317855,0.0085317855,0.0085317855,0.0085317855,533.2849613480583,533.2849613480583,533.2849613480583,533.2849613480583,2.2476917624253137,1.0199706000001014,4.91637234080063e-21,-8.451582925563781e-22,0.6597697980976084
2.74,attitude_only,6.710921879089767e-20,4.468573838762705e-19,-1.0966652210452976e-18,1.0,0.0,0.0,0.0,1.0,1.3421843758179533e-19,8.93714767752541e-19,-2.193330442090595e-18,0.0,0.0,0.0,5.840125114496828e-19,5.697065187026792e-18,-1.592900020678158e-17,-8.796297452719683e-22,-7.79655470843944e-21,0.0,0.034127142,0.034127142,0.0085317855,0.0085317855,0.0085317855,0.0085317855,533.2849613480583,533.2849613480583,533.2849613480583,533.2849613480583,2.1747926055218243,1.0199706000001014,5.662785117311802e-21,-9.64066530074666e-22,0.6786017578766866
2.75,attitude_only,7.004384288021977e-20,4.752703461534116e-19,-1.1762894089930853e-18,1.0,0.0,0.0,0.0,1.0,1.4008768576043955e-19,9.505406923068231e-19,-2.3525788179861707e-18,0.0,0.0,0.0,5.895958612418418e-19,5.673947545146546e-18,-1.592222385316101e-17,-8.922257236349774e-22,-7.825553013634609e-21,0.0,0.034127142,0.034127142,0.0085317855,0.0085317855,0.0085317855,0.0085317855,533.2849613480583,533.2849613480583,533.2849613480583,533.2849613480583,2.098832037789161,1.0199706000001014,6.49494874303944e-21,-1.0962201706142579e-21,0.6965516555452713
2.76,attitude_only,7.301163650138266e-20,5.0362553849158005e-19,-1.255882619324322e-18,1.0,0.0,0.0,0.0,1.0,1.4602327300276532e-19,1.0072510769831601e-18,-2.511765238648644e-18,0.0,0.0,0.0,5.970847774184318e-19,5.671737703635753e-18,-1.591593152479905e-17,-9.071832708210695e-22,-7.879618580858012e-21,0.0,0.034127142,0.034127142,0.0085317855,0.0085317855,0.0085317855,0.0085317855,533.2849613480583,533.2849613480583,533.2849613480583,533.2849613480583,2.0204233532690994,1.0199706000001014,7.419223261784839e-21,-1.2422676121852643e-21,0.7136195416971602
2.77,attitude_only,7.602205800030373e-20,5.320255179928918e-19,-1.3354492082663348e-18,1.0,0.0,0.0,0.0,1.0,1.5204411600060745e-19,1.0640510359857836e-18,-2.6708984165326696e-18,0.0,0.0,0.0,6.064561053138395e-19,5.689740126691383e-18,-1.5912059322730152e-17,-9.244934253486974e-22,-7.958118889791684e-21,0.0,0.034127142,0.034127142,0.0085317855,0.0085317855,0.0085317855,0.0085317855,533.2849613480583,533.2849613480583,533.2849613480583,533.2849613480583,1.9400567891855431,1.0199706000001014,8.441913719321774e-21,-1.4028601965246446e-21,0.7298054470256731
2.7800000000000002,attitude_only,7.908448808239848e-20,5.605698145651125e-19,-1.4150062377094901e-18,1.0,0.0,0.0,0.0,1.0,1.5816897616479695e-19,1.121139629130225e-18,-2.8300124754189802e-18,0.0,0.0,0.0,6.17700467210995e-19,5.7274214843671484e-18,-1.5910365234325013e-17,-9.441636642973939e-22,-8.060610733846275e-21,0.0,0.034127142,0.034127142,0.0085317855,0.0085317855,0.0085317855,0.0085317855,533.2849613480583,533.2849613480583,533.2849613480583,533.2849613480583,1.8581242938287288,1.0199706000001014,9.569301056874874e-21,-1.5786553919701598e-21,0.7451093901496881
2.79,attitude_only,8.220829721235609e-20,5.89355714435344e-19,-1.4945552202327209e-18,1.0,0.0,0.0,0.0,1.0,1.6441659442471217e-19,1.178711428870688e-18,-2.9891104404654417e-18,0.0,0.0,0.0,6.30821746376758e-19,5.784400943863596e-18,-1.590939718380779e-17,-9.662174167600772e-22,-8.186830094680646e-21,0.0,0.034127142,0.034127142,0.0085317855,0.0085317855,0.0085317855,0.0085317855,533.2849613480583,533.2849613480583,533.2849613480583,533.2849613480583,1.7749392793296819,1.0199706000001014,1.0807670396518659e-20,-1.770319638363156e-21,0.7595313823630228
2.8,attitude_only,8.540291086318565e-20,6.184790003870655e-19,-1.5740996045159947e-18,1.0,0.0,0.0,0.0,1.0,1.708058217263713e-19,1.236958000774131e-18,-3.1481992090319895e-18,0.0,0.0,0.0,6.458367254517885e-19,5.860442349498103e-18,-1.590842913329056e-17,-9.906937589046315e-22,-8.336684204937035e-21,0.0,0.034127142,0.034127142,0.0085317855,0.0085317855,0.0085317855,0.0085317855,533.2849613480583,533.2849613480583,533.2849613480583,533.2849613480583,1.690752386524366,1.0199706000001014,1.2163337465339822e-20,-1.978530980070136e-21,0.7730714305160541
2.81,attitude_only,8.867787335830153e-20,6.480346577117688e-19,-1.6536402981066716e-18,1.0,0.0,0.0,0.0,1.0,1.7735574671660306e-19,1.2960693154235376e-18,-3.3072805962133433e-18,0.0,0.0,0.0,6.627748694328537e-19,5.955448132167667e-18,-1.5907884604874627e-17,-1.0176472803762384e-21,-8.510245625462191e-21,0.0,0.034127142,0.034127142,0.0085317855,0.0085317855,0.0085317855,0.0085317855,533.2849613480583,533.2849613480583,533.2849613480583,533.2849613480583,1.6057640741757537,1.0199706000001014,1.3642673731805777e-20,-2.2039815746063048e-21,0.7857295387638669
2.8200000000000003,attitude_only,9.20429110089229e-20,6.781175541610369e-19,-1.7331785564452662e-18,1.0,0.0,0.0,0.0,1.0,1.840858220178458e-19,1.3562351083220737e-18,-3.4663571128905324e-18,0.0,0.0,0.0,6.816782460873831e-19,6.069454821251e-18,-1.590752158593067e-17,-1.0471481148225477e-21,-8.707748200574703e-21,0.0,0.034127142,0.034127142,0.0085317855,0.0085317855,0.0085317855,0.0085317855,533.2849613480583,533.2849613480583,533.2849613480583,533.2849613480583,1.5201346765971047,1.0199706000001014,1.5252130700161918e-20,-2.4473801390447148e-21,0.7975057096266922
2.83,attitude_only,9.550799521963627e-20,7.088231016272608e-19,-1.81271580891887e-18,1.0,0.0,0.0,0.0,1.0,1.9101599043927254e-19,1.4176462032545216e-18,-3.62543161783774e-18,0.0,0.0,0.0,7.026015789190048e-19,6.202630059556864e-18,-1.5907370328037356e-17,-1.0792821300096836e-21,-8.929584787137306e-21,0.0,0.034127142,0.034127142,0.0085317855,0.0085317855,0.0085317855,0.0085317855,533.2849613480583,533.2849613480583,533.2849613480583,533.2849613480583,1.4339924414067269,1.0199706000001014,1.6998263717889505e-20,-2.7094543799872077e-21,0.8083999446331441
2.84,attitude_only,9.908340621630488e-20,7.402479068526075e-19,-1.8922522521627447e-18,1.0,0.0,0.0,0.0,1.0,1.9816681243260977e-19,1.480495813705215e-18,-3.7845045043254895e-18,0.0,0.0,0.0,7.256124298640684e-19,6.355271046386919e-18,-1.59072493217227e-17,-1.1141512754424007e-21,-9.176306681797239e-21,0.0,0.034127142,0.034127142,0.0085317855,0.0085317855,0.0085317855,0.0085317855,533.2849613480583,533.2849613480583,533.2849613480583,533.2849613480583,1.3474399546700875,1.0199706000001014,1.8887755588344786e-20,-2.9909534423637795e-21,0.8184122447103797
2.85,attitude_only,1.0277979804173077e-19,7.724904181529141e-19,-1.9717882605401764e-18,1.0,0.0,0.0,0.0,1.0,2.0555959608346153e-19,1.5449808363058283e-18,-3.943576521080353e-18,0.0,0.0,0.0,7.507915108172817e-19,6.527804355935761e-18,-1.5907158566986713e-17,-1.1518740876944295e-21,-9.44862469681521e-21,0.0,0.034127142,0.034127142,0.0085317855,0.0085317855,0.0085317855,0.0085317855,533.2849613480583,533.2849613480583,533.2849613480583,533.2849613480583,1.2605592779434884,1.0199706000001014,2.0927440238216533e-20,-3.2926504057187465e-21,0.8275426104207504
2.8600000000000003,attitude_only,1.066082654650258e-19,8.056515749362701e-19,-2.0513240117791892e-18,1.0,0.0,0.0,0.0,1.0,2.132165309300516e-19,1.6113031498725402e-18,-4.1026480235583785e-18,0.0,0.0,0.0,7.782331249155873e-19,6.7207870987600334e-18,-1.590713587830272e-17,-1.1925863558615522e-21,-9.747411859191938e-21,0.0,0.034127142,0.034127142,0.0085317855,0.0085317855,0.0085317855,0.0085317855,533.2849613480583,533.2849613480583,533.2849613480583,533.2849613480583,1.1734160560465936,1.0199706000001014,2.3124326661698774e-20,-3.615344852620846e-21,0.8357910421053407
2.87,attitude_only,1.1058041346022372e-19,8.398354666883728e-19,-2.1308595663829407e-18,1.0,0.0,0.0,0.0,1.0,2.2116082692044744e-19,1.6796709333767456e-18,-4.2617191327658814e-18,0.0,0.0,0.0,8.080457402982361e-19,6.934909413431883e-18,-1.5907094282382065e-17,-1.236441951723713e-21,-1.0073707730932475e-20,0.0,0.034127142,0.034127142,0.0085317855,0.0085317855,0.0085317855,0.0085317855,533.2849613480583,533.2849613480583,533.2849613480583,533.2849613480583,1.086062802151038,1.0199706000001014,2.5485623346157802e-20,-3.95986553154372e-21,0.8431575399710287
2.88,attitude_only,1.147084299281569e-19,8.751500080839268e-19,-2.2103949839092266e-18,1.0,0.0,0.0,0.0,1.0,2.294168598563138e-19,1.7503000161678536e-18,-4.420789967818453e-18,0.0,0.0,0.0,8.403527008460525e-19,7.170998294181963e-18,-1.5907073484421726e-17,-1.2836138313895528e-21,-1.042872437077439e-20,0.0,0.034127142,0.034127142,0.0085317855,0.0085317855,0.0085317855,0.0085317855,533.2849613480583,533.2849613480583,533.2849613480583,533.2849613480583,0.9985415251661166,1.0199706000001014,2.801876337469245e-20,-4.327073135450477e-21,0.8496421041432929
2.89,attitude_only,1.1900516236311115e-19,9.117076369629711e-19,-2.289930339986993e-18,1.0,0.0,0.0,0.0,1.0,2.380103247262223e-19,1.8234152739259422e-18,-4.579860679973986e-18,0.0,0.0,0.0,8.752930802189194e-19,7.430022778712102e-18,-1.5907070648336225e-17,-1.3342952174391826e-21,-1.0813853979997677e-20,0.0,0.034127142,0.034127142,0.0085317855,0.0085317855,0.0085317855,0.0085317855,533.2849613480583,533.2849613480583,533.2849613480583,533.2849613480583,0.9108858312318181,1.0199706000001014,3.073143039738102e-20,-4.717863217028037e-21,0.8552447346982393
2.9,attitude_only,1.2348419920250426e-19,9.496260420824488e-19,-2.369465671721693e-18,1.0,0.0,0.0,0.0,1.0,2.4696839840500853e-19,1.8992520841648976e-18,-4.738931343443386e-18,0.0,0.0,0.0,9.130226873905832e-19,7.71310053876473e-18,-1.5907064503484306e-17,-1.3887009729190847e-21,-1.1230678297448477e-20,0.0,0.034127142,0.034127142,0.0085317855,0.0085317855,0.0085317855,0.0085317855,533.2849613480583,533.2849613480583,533.2849613480583,533.2849613480583,0.823122604661245,1.0199706000001014,3.363158566387474e-20,-5.133169261831787e-21,0.8599654316820289
2.91,attitude_only,1.2815995664421912e-19,9.890289278176814e-19,-2.4490009866762195e-18,1.0,0.0,0.0,0.0,1.0,2.5631991328843823e-19,1.978057855635363e-18,-4.898001973352439e-18,0.0,0.0,0.0,9.537152338567097e-19,8.021505934806289e-18,-1.5907061194717896e-17,-1.447069181017004e-21,-1.1680979832046412e-20,0.0,0.034127142,0.034127142,0.0085317855,0.0085317855,0.0085317855,0.0085317855,533.2849613480583,533.2849613480583,533.2849613480583,533.2849613480583,0.7352733525416187,1.0199706000001014,3.6727496314501957e-20,-5.573965941381783e-21,0.8638041951226599
2.92,attitude_only,1.3304777177283524e-19,1.0300468233483474e-18,-2.528536284968744e-18,1.0,0.0,0.0,0.0,1.0,2.660955435456705e-19,2.060093646696695e-18,-5.057072569937488e-18,0.0,0.0,0.0,9.97563674799201e-19,8.35667961564168e-18,-1.5907058594972853e-17,-1.5096629468959854e-21,-1.2166755045205298e-20,0.0,0.034127142,0.034127142,0.0085317855,0.0085317855,0.0085317855,0.0085317855,533.2849613480583,533.2849613480583,533.2849613480583,533.2849613480583,0.6473552803223697,1.0199706000001014,4.002776513468082e-20,-6.0412725694180104e-21,0.8667610250371136
2.93,attitude_only,1.3816400290359127e-19,1.0728179443234914e-18,-2.6080715736894798e-18,1.0,0.0,0.0,0.0,1.0,2.7632800580718254e-19,2.1456358886469828e-18,-5.2161431473789595e-18,0.0,0.0,0.0,1.0447817387622666e-18,8.720239764257998e-18,-1.5907057176930098e-17,-1.576772441039287e-21,-1.269022962118746e-20,0.0,0.034127142,0.034127142,0.0085317855,0.0085317855,0.0085317855,0.0085317855,533.2849613480583,533.2849613480583,533.2849613480583,533.2849613480583,0.5593821522294269,1.0199706000001014,4.354136198792265e-20,-6.536156786030541e-21,0.8688359214356902
2.94,attitude_only,1.4352613813240467e-19,1.1174891155660137e-18,-2.6876068557631397e-18,1.0,0.0,0.0,0.0,1.0,2.8705227626480934e-19,2.2349782311320274e-18,-5.3752137115262795e-18,0.0,0.0,0.0,1.0956056628712653e-18,9.113995113042933e-18,-1.5907055936142687e-17,-1.6487172065987977e-21,-1.325387599085981e-20,0.0,0.034127142,0.034127142,0.0085317855,0.0085317855,0.0085317855,0.0085317855,533.2849613480583,533.2849613480583,533.2849613480583,533.2849613480583,0.4713649795624719,1.0199706000001014,4.7277657155926374e-20,-7.059738496212571e-21,0.8700288843246368
2.95,attitude_only,1.4915291317279784e-19,1.16421676405688e-18,-2.7671421342621512e-18,1.0,0.0,0.0,0.0,1.0,2.983058263455957e-19,2.32843352811376e-18,-5.5342842685243024e-18,0.0,0.0,0.0,1.1502961533449334e-18,9.539959875102635e-18,-1.5907055581631998e-17,-1.7258487567006493e-21,-1.386043330408248e-20,0.0,0.034127142,0.034127142,0.0085317855,0.0085317855,0.0085317855,0.0085317855,533.2849613480583,533.2849613480583,533.2849613480583,533.2849613480583,0.38331257131208896,1.0199706000001014,5.124645683022096e-20,-7.61319409153949e-21,0.8703399137077423
2.96,attitude_only,1.550644396674802e-19,1.2131679922426273e-18,-2.846677410973837e-18,1.0,0.0,0.0,0.0,1.0,3.101288793349604e-19,2.4263359844852547e-18,-5.693354821947674e-18,0.0,0.0,0.0,1.2091405940604581e-18,1.0000370764109854e-17,-1.5907055256663867e-17,-1.808553491499883e-21,-1.451293007853224e-20,0.0,0.034127142,0.034127142,0.0085317855,0.0085317855,0.0085317855,0.0085317855,533.2849613480583,533.2849613480583,533.2849613480583,533.2849613480583,0.2952319746409303,1.0199706000001014,5.545804101860218e-20,-8.197760986167246e-21,0.8697690095873053
2.97,attitude_only,1.6128234528518776e-19,1.2645217426484963e-18,-2.9262126869543445e-18,1.0,0.0,0.0,0.0,1.0,3.225646905703755e-19,2.5290434852969926e-18,-5.852425373908689e-18,0.0,0.0,0.0,1.2724555292793345e-18,1.0497706303378658e-17,-1.5907055153264916e-17,-1.8972559690553284e-21,-1.5214709788688593e-20,0.0,0.034127142,0.034127142,0.0085317855,0.0085317855,0.0085317855,0.0085317855,533.2849613480583,533.2849613480583,533.2849613480583,533.2849613480583,0.20712882726102558,1.0199706000001014,5.992320415140253e-20,-8.814742501190522e-21,0.8683161719647193
2.98,attitude_only,1.6782992705404505e-19,1.3184700658677002e-18,-3.0057479623920083e-18,1.0,0.0,0.0,0.0,1.0,3.356598541080901e-19,2.6369401317354004e-18,-6.011495924784017e-18,0.0,0.0,0.0,1.3405894503865477e-18,1.1034708656164874e-17,-1.5907055057251604e-17,-1.9924225688878497e-21,-1.5969459698593698e-20,0.0,0.034127142,0.034127142,0.0085317855,0.0085317855,0.0085317855,0.0085317855,533.2849613480583,533.2849613480583,533.2849613480583,533.2849613480583,0.11900763933103886,1.0199706000001014,6.465329869766531e-20,-9.465513134635789e-21,0.8659814008408302
2.99,attitude_only,1.747323195433339e-19,1.3752195052516762e-18,-3.0852832375527107e-18,1.0,0.0,0.0,0.0,1.0,3.494646390866678e-19,2.7504390105033523e-18,-6.170566475105421e-18,0.0,0.0,0.0,1.4139259207002177e-18,1.1614408244066002e-17,-1.5907055012937768e-17,-2.094565592471256e-21,-1.6781243286515716e-20,0.0,0.034127142,0.034127142,0.0085317855,0.0085317855,0.0085317855,0.0085317855,533.2849613480583,533.2849613480583,533.2849613480583,533.2849613480583,0.030872018971237716,1.0199706000001014,6.966028212986206e-20,-1.0151524258024633e-20,0.8627646962161506
3.0,attitude_only,1.8201667968863216e-19,1.434992613066039e-18,-3.1648185124752256e-18,1.0,0.0,0.0,0.0,1.0,3.6403335937726433e-19,2.869985226132078e-18,-6.329637024950451e-18,0.0,0.0,0.0,1.4928870771458853e-18,1.2240151459442392e-17,-1.5907054968623935e-17,-2.2042478509775152e-21,-1.7654536659561807e-20,0.0,0.034127142,0.034127142,0.0085317855,0.0085317855,0.0085317855,0.0085317855,533.2849613480583,533.2849613480583,533.2849613480583,533.2849613480583,-0.05727514732619121,1.0199706000001014,7.495676760825743e-20,-1.0874310284574548e-20,0.8586660580909916
3.01,attitude_only,1.8971239026370082e-19,1.4980296145251552e-18,-3.2443537873063436e-18,1.0,0.0,0.0,0.0,1.0,3.7942478052740165e-19,2.9960592290503103e-18,-6.488707574612687e-18,0.0,0.0,0.0,1.5779375529417508e-18,1.2915631821683134e-17,-1.59070549612383e-17,-2.3220877974619715e-21,-1.8594269412467524e-20,0.0,0.034127142,0.034127142,0.0085317855,0.0085317855,0.0085317855,0.0085317855,533.2849613480583,533.2849613480583,533.2849613480583,533.2849613480583,-0.14543155036994765,1.0199706000001014,8.055607879280967e-20,-1.1635495358761537e-20,0.8536854864655418
3.02,attitude_only,1.9785128423958576e-19,1.5645902380010785e-18,-3.323889062076531e-18,1.0,0.0,0.0,0.0,1.0,3.957025684791715e-19,3.129180476002157e-18,-6.647778124153062e-18,0.0,0.0,0.0,1.6695888715028617e-18,1.3644924976670405e-17,-1.5907054950159838e-17,-2.4487652684503337e-21,-1.9605870448218955e-20,0.0,0.034127142,0.034127142,0.0085317855,0.0085317855,0.0085317855,0.0085317855,533.2849613480583,533.2849613480583,533.2849613480583,533.2849613480583,-0.23359534280848784,1.0199706000001014,8.647230923209131e-20,-1.2436800622213445e-20,0.8478229813399154
3.03,attitude_only,2.0646789254099835e-19,1.6349557318505932e-18,-3.4034243367931712e-18,1.0,0.0,0.0,0.0,1.0,4.129357850819967e-19,3.2699114637011864e-18,-6.8068486735863424e-18,0.0,0.0,0.0,1.7684043686517976e-18,1.4432527994838883e-17,-1.5907054938158186e-17,-2.585027908715574e-21,-2.0695319349969516e-20,0.0,0.034127142,0.034127142,0.0085317855,0.0085317855,0.0085317855,0.0085317855,533.2849613480583,533.2849613480583,533.2849613480583,533.2849613480583,-0.32176504676145246,1.0199706000001014,9.272038682569437e-20,-1.3280052116806932e-20,0.8410785427141821
3.04,attitude_only,2.155997180165689e-19,1.7094310907525744e-18,-3.4829596114698835e-18,1.0,0.0,0.0,0.0,1.0,4.311994360331378e-19,3.418862181505149e-18,-6.965919222939767e-18,0.0,0.0,0.0,1.8750047080453688e-18,1.528340348679581e-17,-1.590705493261895e-17,-2.7316983630683136e-21,-2.1869203975185788e-20,0.0,0.034127142,0.034127142,0.0085317855,0.0085317855,0.0085317855,0.0085317855,533.2849613480583,533.2849613480583,533.2849613480583,533.2849613480583,-0.4099394799251247,1.0199706000001014,9.931614390960072e-20,-1.416718939248638e-20,0.8334521705883842
3.05,attitude_only,2.252875387881315e-19,1.78834751723757e-18,-3.562494886124208e-18,1.0,0.0,0.0,0.0,1.0,4.50575077576263e-19,3.57669503447514e-18,-7.124989772248415e-18,0.0,0.0,0.0,1.990074063634545e-18,1.62030291277263e-17,-1.5907054930080133e-17,-2.88968233041167e-21,-2.3134785035579637e-20,0.0,0.034127142,0.034127142,0.0085317855,0.0085317855,0.0085317855,0.0085317855,533.2849613480583,533.2849613480583,533.2849613480583,533.2849613480583,-0.49811769645684556,1.0199706000001014,1.0627639357380591e-19,-1.5100274894804134e-20,0.8249438649625467
3.06,attitude_only,2.3557574454066857e-19,1.8720651472694884e-18,-3.642030160770916e-18,1.0,0.0,0.0,0.0,1.0,4.711514890813371e-19,3.744130294538977e-18,-7.284060321541832e-18,0.0,0.0,0.0,2.1143670531336057e-18,1.7197453264097727e-17,-1.590705492846452e-17,-3.0599775883418796e-21,-2.450006853186633e-20,0.0,0.034127142,0.034127142,0.0085317855,0.0085317855,0.0085317855,0.0085317855,533.2849613480583,533.2849613480583,533.2849613480583,533.2849613480583,-0.5862989396827074,1.0199706000001014,1.1361901288894412e-19,-1.6081504215605832e-20,0.8155536258366853
3.07,attitude_only,2.4651270976568655e-19,1.960976072359844e-18,-3.721565435409662e-18,1.0,0.0,0.0,0.0,1.0,4.930254195313731e-19,3.921952144719688e-18,-7.443130870819323e-18,0.0,0.0,0.0,2.248716518075388e-18,1.8273357370042113e-17,-1.5907054927310513e-17,-3.2436841114527718e-21,-2.5973887032700012e-20,0.0,0.034127142,0.034127142,0.0085317855,0.0085317855,0.0085317855,0.0085317855,533.2849613480583,533.2849613480583,533.2849613480583,533.2849613480583,-0.6744826042636787,1.0199706000001014,1.213630337947617e-19,-1.71132172997756e-20,0.8052814532108095
3.08,attitude_only,2.5815120848441854e-19,2.055507694820886e-18,-3.8011007100432135e-18,1.0,0.0,0.0,0.0,1.0,5.163024169688371e-19,4.111015389641772e-18,-7.602201420086427e-18,0.0,0.0,0.0,2.3940422592933515e-18,1.9438126228022853e-17,-1.590705492638731e-17,-3.442015423507262e-21,-2.756599092455713e-20,0.0,0.034127142,0.034127142,0.0085317855,0.0085317855,0.0085317855,0.0085317855,533.2849613480583,533.2849613480583,533.2849613480583,533.2849613480583,-0.7626682059286382,1.0199706000001014,1.29528742489158e-19,-1.8197910711654353e-20,0.7941273470849249
3.09,attitude_only,2.7054887556235806e-19,2.156126457467406e-18,-3.880635984674083e-18,1.0,0.0,0.0,0.0,1.0,5.410977511247161e-19,4.312252914934812e-18,-7.761271969348166e-18,0.0,0.0,0.0,2.551360851853766e-18,2.069992683104822e-17,-1.590705492586799e-17,-3.656311343098296e-21,-2.928715091649805e-20,0.0,0.034127142,0.034127142,0.0085317855,0.0085317855,0.0085317855,0.0085317855,533.2849613480583,533.2849613480583,533.2849613480583,533.2849613480583,-0.8508553572607018,1.0199706000001014,1.3813778825344988e-19,-1.9338251076811436e-20,0.7820913074590351
3.1,attitude_only,2.837687203936053e-19,2.2633419944417986e-18,-3.960171259302672e-18,1.0,0.0,0.0,0.0,1.0,5.675374407872106e-19,4.526683988883597e-18,-7.920342518605344e-18,0.0,0.0,0.0,2.721796680859318e-18,2.2067797144173774e-17,-1.5907054925579478e-17,-3.888052304713553e-21,-3.114927326369046e-20,0.0,0.034127142,0.034127142,0.0085317855,0.0085317855,0.0085317855,0.0085317855,533.2849613480583,533.2849613480583,533.2849613480583,533.2849613480583,-0.9390437483264302,1.0199706000001014,1.4721330275900627e-19,-2.0537089828470587e-20,0.769173334333142
3.11,attitude_only,3.0081535548962725e-19,2.40149693753542e-18,-4.055613588855442e-18,1.0,0.0,0.0,0.0,1.0,6.016307109792545e-19,4.80299387507084e-18,-8.111227177710883e-18,0.0,0.0,0.0,2.945396120652472e-18,2.386342090541622e-17,-1.5907054925377542e-17,-4.185825593671861e-21,-3.3542655986235545e-20,0.0,0.034127142,0.034127142,0.0085317855,0.0085317855,0.0085317855,0.0085317855,533.2849613480583,533.2849613480583,533.2849613480583,533.2849613480583,-1.0272331311790384,1.0199706000001014,1.5678003102414218e-19,-2.1797479403276438e-20,0.7553734277072469
3.12,attitude_only,3.1295735541353133e-19,2.4998461667637793e-18,-4.1192418085567795e-18,1.0,0.0,0.0,0.0,1.0,6.259147108270627e-19,4.9996923335275586e-18,-8.238483617113559e-18,0.0,0.0,0.0,3.1071327136671167e-18,2.516286578071496e-17,-1.5907054925291e-17,-4.410980832426107e-21,-3.535361849440119e-20,0.0,0.034127142,0.034127142,0.0085317855,0.0085317855,0.0085317855,0.0085317855,533.2849613480583,533.2849613480583,533.2849613480583,533.2849613480583,-1.1154233074611617,1.0199706000001014,1.6686447533010954e-19,-2.3122691048480796e-20,0.7406915875813507
3.13,attitude_only,3.2908453036072485e-19,2.6304143860704186e-18,-4.1987770831830174e-18,1.0,0.0,0.0,0.0,1.0,6.581690607214497e-19,5.260828772140837e-18,-8.397554166366035e-18,0.0,0.0,0.0,3.324940543706691e-18,2.691345907644831e-17,-1.5907054925218873e-17,-4.705599633910663e-21,-3.7723465040045695e-20,0.0,0.034127142,0.034127142,0.0085317855,0.0085317855,0.0085317855,0.0085317855,533.2849613480583,533.2849613480583,533.2849613480583,533.2849613480583,-1.2036141184868763,1.0199706000001014,1.7749505356341754e-19,-2.4516234422306628e-20,0.7251278139554537
3.14,attitude_only,3.4635216408685103e-19,2.7701507459203452e-18,-4.278312357808979e-18,1.0,0.0,0.0,0.0,1.0,6.927043281737021e-19,5.5403014918406905e-18,-8.556624715617958e-18,0.0,0.0,0.0,3.561714404357387e-18,2.8817182104677624e-17,-1.5907054925182813e-17,-5.0253454107350715e-21,-4.029610449496765e-20,0.0,0.034127142,0.034127142,0.0085317855,0.0085317855,0.0085317855,0.0085317855,533.2849613480583,533.2849613480583,533.2849613480583,533.2849613480583,-1.2918054373074424,1.0199706000001014,1.887022736311305e-19,-2.5981879191531896e-20,0.7086821068295562
3.15,attitude_only,3.6486018685100014e-19,2.919861955321126e-18,-4.357847632434876e-18,1.0,0.0,0.0,0.0,1.0,7.297203737020003e-19,5.839723910642252e-18,-8.715695264869752e-18,0.0,0.0,0.0,3.819338678619533e-18,3.088920626871359e-17,-1.5907054925173812e-17,-5.372687926635842e-21,-4.309142555449794e-20,0.0,0.034127142,0.034127142,0.0085317855,0.0085317855,0.0085317855,0.0085317855,533.2849613480583,533.2849613480583,533.2849613480583,533.2849613480583,-1.3799971623639034,1.0199706000001014,2.005189257991856e-19,-2.752367885559254e-20,0.6913544662036584
3.16,attitude_only,3.8471851979496025e-19,3.0804351695403337e-18,-4.437382907060704e-18,1.0,0.0,0.0,0.0,1.0,7.694370395899205e-19,6.1608703390806675e-18,-8.874765814121409e-18,0.0,0.0,0.0,4.0999082616994854e-18,3.31464009082595e-17,-1.5907054925156695e-17,-5.7503705089487804e-21,-4.613152313103562e-20,0.0,0.034127142,0.034127142,0.0085317855,0.0085317855,0.0085317855,0.0085317855,533.2849613480583,533.2849613480583,533.2849613480583,533.2849613480583,-1.4681892124090854,1.0199706000001014,2.1298029503455408e-19,-2.914599705515636e-20,0.6731448920777606
3.17,attitude_only,4.060481967519952e-19,3.252847037654485e-18,-4.516918181686465e-18,1.0,0.0,0.0,0.0,1.0,8.120963935039904e-19,6.50569407530897e-18,-9.03383636337293e-18,0.0,0.0,0.0,4.405754217519881e-18,3.5607539994082674e-17,-1.590705492514767e-17,-6.161443198108453e-21,-4.944096543396426e-20,0.0,0.034127142,0.034127142,0.0085317855,0.0085317855,0.0085317855,0.0085317855,533.2849613480583,533.2849613480583,533.2849613480583,533.2849613480583,-1.5563815224452355,1.0199706000001014,2.261243956941539e-19,-3.0853536655654955e-20,0.6540533844518627
3.18,attitude_only,4.289826234733423e-19,3.438173857224385e-18,-4.596453456312195e-18,1.0,0.0,0.0,0.0,1.0,8.579652469466846e-19,6.87634771444877e-18,-9.19290691262439e-18,0.0,0.0,0.0,4.7394728239312466e-18,3.829353614406236e-17,-1.590705492514405e-17,-6.609300254041405e-21,-5.3047096175380516e-20,0.0,0.034127142,0.034127142,0.0085317855,0.0085317855,0.0085317855,0.0085317855,533.2849613480583,533.2849613480583,533.2849613480583,533.2849613480583,-1.6445740404741382,1.0199706000001014,2.3999223120133606e-19,-3.2651371933238475e-20,0.6340799433259647
3.19,attitude_only,4.536689925033119e-19,3.637602983077728e-18,-4.675988730937903e-18,1.0,0.0,0.0,0.0,1.0,9.073379850066237e-19,7.275205966155456e-18,-9.351977461875806e-18,0.0,0.0,0.0,5.103958484748248e-18,4.1227705813494394e-17,-1.590705492514043e-17,-7.097722631869288e-21,-5.698037683683389e-20,0.0,0.034127142,0.034127142,0.0085317855,0.0085317855,0.0085317855,0.0085317855,533.2849613480583,533.2849613480583,533.2849613480583,533.2849613480583,-1.7327667248972802,1.0199706000001014,2.546280816897176e-19,-3.454498423268752e-20,0.6132245687000667
3.2,attitude_only,4.802698745174128e-19,3.852445657999543e-18,-4.755524005563597e-18,1.0,0.0,0.0,0.0,1.0,9.605397490348257e-19,7.704891315999086e-18,-9.511048011127194e-18,0.0,0.0,0.0,5.502441058467419e-18,4.443607009078531e-17,-1.5907054925138175e-17,-7.63092613091697e-21,-6.127477467049086e-20,0.0,0.034127142,0.034127142,0.0085317855,0.0085317855,0.0085317855,0.0085317855,533.2849613480583,533.2849613480583,533.2849613480583,533.2849613480583,-1.8209595424357747,1.0199706000001014,2.7007982298015536e-19,-3.654030151472217e-20,0.5914872605741687
3.21,attitude_only,5.089650099106633e-19,4.084151457087804e-18,-4.835059280189288e-18,1.0,0.0,0.0,0.0,1.0,1.0179300198213266e-18,8.168302914175608e-18,-9.670118560378576e-18,0.0,0.0,0.0,5.9385282366103165e-18,4.7947696199421243e-17,-1.5907054925137713e-17,-8.213616027054548e-21,-6.596820296284818e-20,0.0,0.034127142,0.034127142,0.0085317855,0.0085317855,0.0085317855,0.0085317855,533.2849613480583,533.2849613480583,533.2849613480583,533.2849613480583,-1.9091524664665944,1.0199706000001014,2.863992806966883e-19,-3.8643742264756566e-20,0.5688680189482704
3.22,attitude_only,5.399533278469669e-19,4.334324565123802e-18,-4.9145945548149726e-18,1.0,0.0,0.0,0.0,1.0,1.0799066556939338e-18,8.668649130247605e-18,-9.829189109629945e-18,0.0,0.0,0.0,6.4162537009655526e-18,5.1795085583575874e-17,-1.590705492513711e-17,-8.851049121290488e-21,-7.110302107966951e-20,0.0,0.034127142,0.034127142,0.0085317855,0.0085317855,0.0085317855,0.0085317855,533.2849613480583,533.2849613480583,533.2849613480583,533.2849613480583,-1.997345475691227,1.0199706000001014,3.0364262382940154e-19,-4.086226429745609e-20,0.5453668438223723
3.23,attitude_only,5.73455223927349e-19,4.6047421381162026e-18,-4.994129829440656e-18,1.0,0.0,0.0,0.0,1.0,1.146910447854698e-18,9.209484276232405e-18,-9.988259658881312e-18,0.0,0.0,0.0,6.940131900792736e-18,5.601461535580291e-17,-1.59070549251368e-17,-9.549104280091035e-21,-7.672660295989996e-20,0.0,0.034127142,0.034127142,0.0085317855,0.0085317855,0.0085317855,0.0085317855,533.2849613480583,533.2849613480583,533.2849613480583,533.2849613480583,-2.085538553070954,1.0199706000001014,3.2187080262568225e-19,-4.3203419062621334e-20,0.5209837351964742
3.24,attitude_only,6.097151321892189e-19,4.8956377998869836e-18,-5.07366510406634e-18,1.0,0.0,0.0,0.0,1.0,1.2194302643784378e-18,9.791275599773967e-18,-1.014733020813268e-17,0.0,0.0,0.0,7.51522042090733e-18,5.890548728701276e-17,-1.590705492513652e-17,-1.0314362708437621e-20,-8.078470415022191e-20,0.0,0.034127142,0.034127142,0.0085317855,0.0085317855,0.0085317855,0.0085317855,533.2849613480583,533.2849613480583,533.2849613480583,533.2849613480583,-2.1737316849747144,1.0199706000001014,3.411440109631131e-19,-4.5675412139289663e-20,0.4957186930705761
3.25,attitude_only,6.490044324092118e-19,5.177297124204237e-18,-5.1532003786920224e-18,1.0,0.0,0.0,0.0,1.0,1.2980088648184237e-18,1.0354594248408474e-17,-1.0306400757384045e-17,0.0,0.0,0.0,8.147191062553137e-18,5.501293109241997e-17,-1.5907054925136317e-17,-1.115419938903812e-20,-7.666376602763476e-20,0.0,0.034127142,0.034127142,0.0085317855,0.0085317855,0.0085317855,0.0085317855,533.2849613480583,533.2849613480583,533.2849613480583,533.2849613480583,-2.2619248604977455,1.0199706000001014,3.6133083544307754e-19,-4.8287170698068496e-20,0.46957171744467796
3.26,attitude_only,6.916247397639322e-19,5.439493426255688e-18,-5.232735653317705e-18,1.0,0.0,0.0,0.0,1.0,1.3832494795278645e-18,1.0878986852511376e-17,-1.046547130663541e-17,0.0,0.0,0.0,8.842410934698252e-18,5.1117104567071104e-17,-1.5907054925136157e-17,-1.207688734495924e-20,-7.249994524288683e-20,0.0,0.034127142,0.034127142,0.0085317855,0.0085317855,0.0085317855,0.0085317855,533.2849613480583,533.2849613480583,533.2849613480583,533.2849613480583,-2.3501180709161473,1.0199706000001014,3.823920752496601e-19,-5.1048418818402793e-20,0.4425428083187798
3.27,attitude_only,7.379116309411499e-19,5.683904116795836e-18,-5.312270927943388e-18,1.0,0.0,0.0,0.0,1.0,1.4758232618822997e-18,1.1367808233591672e-17,-1.0624541855886776e-17,0.0,0.0,0.0,9.608035058114323e-18,4.721580103600186e-17,-1.590705492513604e-17,-1.309171664363967e-20,-6.829053901596377e-20,0.0,0.034127142,0.034127142,0.0085317855,0.0085317855,0.0085317855,0.0085317855,533.2849613480583,533.2849613480583,533.2849613480583,533.2849613480583,-2.438311309250893,1.0199706000001014,4.0439121428229675e-19,-5.396976166983468e-20,0.41463196569288163
3.2800000000000002,attitude_only,7.882388689471566e-19,5.913139628900294e-18,-5.391806202569071e-18,1.0,0.0,0.0,0.0,1.0,1.5764777378943132e-18,1.1826279257800588e-17,-1.0783612405138141e-17,0.0,0.0,0.0,1.0452112223336158e-17,4.504287445371383e-17,-1.5907054925136083e-17,-1.4209130364139236e-20,-6.613345586175527e-20,0.0,0.034127142,0.034127142,0.0085317855,0.0085317855,0.0085317855,0.0085317855,533.2849613480583,533.2849613480583,533.2849613480583,533.2849613480583,-2.5265045699186652,1.0199706000001014,4.273886888390932e-19,-5.706277970678378e-20,0.38583918956698343
3.29,attitude_only,8.430231983099922e-19,6.127175137741997e-18,-5.471341477194754e-18,1.0,0.0,0.0,0.0,1.0,1.6860463966199844e-18,1.2254350275483994e-17,-1.0942682954389508e-17,0.0,0.0,0.0,1.1383706122274361e-17,4.113539949217151e-17,-1.5907054925136077e-17,-1.544088010408782e-20,-6.18558399028262e-20,0.0,0.034127142,0.034127142,0.0085317855,0.0085317855,0.0085317855,0.0085317855,533.2849613480583,533.2849613480583,533.2849613480583,533.2849613480583,-2.614697848452909,1.0199706000001014,4.514416063232504e-19,-6.034013418781213e-20,0.35616447994108524
3.3,attitude_only,9.027297933516102e-19,6.329477583569102e-18,-5.550876751820436e-18,1.0,0.0,0.0,0.0,1.0,1.8054595867032205e-18,1.2658955167138204e-17,-1.1101753503640871e-17,0.0,0.0,0.0,1.2413034098871317e-17,3.896482428727362e-17,-1.5907054925136052e-17,-1.6800204016992875e-20,-5.964079789982146e-20,0.0,0.034127142,0.034127142,0.0085317855,0.0085317855,0.0085317855,0.0085317855,533.2849613480583,533.2849613480583,533.2849613480583,533.2849613480583,-2.7028911412802774,1.0199706000001014,4.766043850032467e-19,-6.38156855160656e-20,0.325607836815187
3.31,attitude_only,9.678784549516344e-19,6.5200565973129854e-18,-5.6304120264461166e-18,1.0,0.0,0.0,0.0,1.0,1.935756909903269e-18,1.3040113194625971e-17,-1.1260824052892233e-17,0.0,0.0,0.0,1.3551626245036382e-17,3.679570460416338e-17,-1.5907054925135972e-17,-1.830203085484132e-20,-5.740581132613082e-20,0.0,0.034127142,0.034127142,0.0085317855,0.0085317855,0.0085317855,0.0085317855,533.2849613480583,533.2849613480583,533.2849613480583,533.2849613480583,-2.7910844455421997,1.0199706000001014,5.029230171581019e-19,-6.750462611148334e-20,0.2941692601892888
3.32,attitude_only,1.0390506660536598e-18,6.699795135270969e-18,-5.7099473010717975e-18,1.0,0.0,0.0,0.0,1.0,2.0781013321073196e-18,1.3399590270541938e-17,-1.1419894602143595e-17,0.0,0.0,0.0,1.4812508013982904e-17,3.462683554879399e-17,-1.590705492513602e-17,-1.9963214057716975e-20,-5.514943681517547e-20,0.0,0.034127142,0.034127142,0.0085317855,0.0085317855,0.0085317855,0.0085317855,533.2849613480583,533.2849613480583,533.2849613480583,533.2849613480583,-2.87927775895171,1.0199706000001014,5.304412442140936e-19,-7.14236297719772e-20,0.26184875006339053
3.33,attitude_only,1.1168976334283958e-18,6.868662231455403e-18,-5.789482575697482e-18,1.0,0.0,0.0,0.0,1.0,2.2337952668567916e-18,1.3737324462910806e-17,-1.1578965151394965e-17,0.0,0.0,0.0,1.6210410045649734e-17,3.2446385018838343e-17,-1.5907054925135944e-17,-2.180280059617367e-20,-5.2857360029417096e-20,0.0,0.034127142,0.034127142,0.0085317855,0.0085317855,0.0085317855,0.0085317855,533.2849613480583,533.2849613480583,533.2849613480583,533.2849613480583,-2.9674710796793478,1.0199706000001014,5.5919435692899965e-19,-7.559101976541315e-20,0.22864630643749226
3.34,zero_thrust,1.3072643744508494e-18,8.000938157617404e-18,-5.869017850323166e-18,1.0,0.0,0.0,0.0,1.0,2.614528748901699e-18,1.600187631523481e-17,-1.1738035700646333e-17,0.0,0.0,0.0,4.490546403397129e-17,2.753212937929369e-16,-1.590705492513597e-17,0.0,0.0,0.0,0.0,0.0,0.0,0.0,0.0,0.0,0.0,0.0,0.0,0.0,-4.340863249647663,1.0199706000001014,6.467127260027422e-19,-8.975134135741788e-20,0.19914301064892836
3.35,zero_thrust,1.5500795012841293e-18,9.490432187721626e-18,-5.9619354552989536e-18,1.0,0.0,0.0,0.0,1.0,3.1001590025682586e-18,1.898086437544325e-17,-1.1923870910597907e-17,0.0,0.0,0.0,4.986153582929611e-17,3.0586622035680817e-16,-2.2846041032599933e-17,0.0,0.0,0.0,0.0,0.0,0.0,0.0,0.0,0.0,0.0,0.0,0.0,0.0,-3.5726869692144225,1.0199706000001014,1.0774097954757885e-18,-1.599172122482098e-19,0.19064331924174363
3.36,zero_thrust,1.787021495429541e-18,1.0941632834177066e-17,-5.9937741219893865e-18,1.0,0.0,0.0,0.0,1.0,3.574042990859082e-18,2.1883265668354133e-17,-1.1987548243978773e-17,0.0,0.0,0.0,4.414546703079047e-17,2.6991466966494674e-16,4.783019079862429e-18,0.0,0.0,0.0,0.0,0.0,0.0,0.0,0.0,0.0,0.0,0.0,0.0,0.0,-2.549429455706264,1.0199706000001014,1.9665381842594134e-18,-3.050743194558046e-19,0.2060793252250077
3.37,zero_thrust,1.990284917157849e-18,1.2180493545234779e-17,-5.9869586709263234e-18,1.0,0.0,0.0,0.0,1.0,3.980569834315698e-18,2.4360987090469558e-17,-1.1973917341852647e-17,0.0,0.0,0.0,3.947808169259482e-17,2.4434679079918074e-16,-1.6603251627827721e-18,0.0,0.0,0.0,0.0,0.0,0.0,0.0,0.0,0.0,0.0,0.0,0.0,0.0,-1.453347004653773,1.0199706000001014,3.1678323207649245e-18,-5.015475608751591e-19,0.23538915322056897
3.38,zero_thrust,2.1837303880405835e-18,1.3424536791846133e-17,-6.015829434130221e-18,1.0,0.0,0.0,0.0,1.0,4.367460776081167e-18,2.6849073583692265e-17,-1.2031658868260442e-17,0.0,0.0,0.0,3.807732659164533e-17,2.5252998080792446e-16,-8.103669405427917e-18,0.0,0.0,0.0,0.0,0.0,0.0,0.0,0.0,0.0,0.0,0.0,0.0,0.0,-0.5798984111067409,1.0199706000001014,4.3875006679395925e-18,-7.010023372438734e-19,0.2645281128513822
3.382,hover,2.370772709462171e-18,1.471081584597829e-17,-5.916479629472938e-18,1.0,0.0,0.0,0.0,1.0,4.741545418924342e-18,2.942163169195658e-17,-1.1832959258945876e-17,0.0,0.0,0.0,3.689217202602578e-17,2.611967753361395e-16,2.038979011927862e-17,-4.669469931667698e-20,-3.278802219608508e-19,-2.4508527723372904e-20,0.34127141999999994,0.34127141999999994,0.08531785499999998,0.08531785499999998,0.08531785499999998,0.08531785499999998,1686.3951197747222,1686.3951197747222,1686.3951197747222,1686.3951197747222,1.4143946032883152,1.0199706000001014,5.607876532936959e-18,-9.004794715426611e-19,0.2927028128339889
3.4,hover,2.5524400111753766e-18,1.6041812518236053e-17,-5.764966492394659e-18,1.0,0.0,0.0,0.0,1.0,5.104880022350753e-18,3.2083625036472105e-17,-1.1529932984789318e-17,0.0,0.0,0.0,3.5904498963197066e-17,2.703681462525473e-16,5.21108694676856e-17,-4.6155772622620066e-20,-3.4375249369308594e-19,-6.351181859187961e-20,0.34127141999999994,0.34127141999999994,0.08531785499999998,0.08531785499999998,0.08531785499999998,0.08531785499999998,1686.3951197747222,1686.3951197747222,1686.3951197747222,1686.3951197747222,1.4516551995238096,1.0199706000001014,6.829073469656762e-18,-1.1000008362355013e-18,0.31991467176990784
3.41,hover,2.704838474001797e-18,1.7410931637796475e-17,-5.417179176848111e-18,1.0,0.0,0.0,0.0,1.0,5.409676948003594e-18,3.482186327559295e-17,-1.0834358353696223e-17,0.0,0.0,0.0,3.044172478829518e-17,2.7481842884552286e-16,8.383194881609251e-17,-3.990486086062076e-20,-3.518410170931119e-19,-1.0241543329812884e-19,0.34127141999999994,0.34127141999999994,0.08531785499999998,0.08531785499999997,0.08531785499999998,0.08531785499999998,1686.3951197747222,1686.395119774722,1686.3951197747222,1686.3951197747222,1.6886597106039223,1.0199706000001014,8.054937752459488e-18,-1.3000287530248752e-18,0.346281449319151
3.42,hover,2.6510575274507437e-18,1.8601592548354782e-17,-6.0969169240948366e-18,1.0,0.0,0.0,0.0,1.0,5.302115054901487e-18,3.7203185096709564e-17,-1.2193833848189673e-17,0.0,0.0,0.0,-1.020867584532811e-16,1.5088717586775048e-16,-2.324906544462214e-16,1.2015018661380356e-19,-2.0463238527846255e-19,2.7949659716111e-19,0.34127141999999994,0.34127141999999994,0.08531785499999997,0.085317855,0.08531785499999997,0.085317855,1686.395119774722,1686.3951197747224,1686.395119774722,1686.3951197747224,1.8659283575878605,1.0199706000001014,9.292658816488195e-18,-1.501026979168245e-18,0.3720314787743866
3.43,hover,1.4113446567003498e-18,1.866275935398816e-17,-3.2241079016055854e-18,1.0,0.0,0.0,0.0,1.0,2.8226893134006996e-18,3.732551870797632e-17,-6.448215803211171e-18,0.0,0.0,0.0,-3.9554307851341416e-16,-1.2992742000276779e-16,1.7387206584224828e-15,4.762532014710974e-19,1.3364440396618705e-19,-2.10334418486556e-18,0.34127141999999994,0.34127141999999994,0.08531785500000008,0.0853178549999999,0.08531785500000007,0.08531785499999989,1686.395119774723,1686.3951197747213,1686.395119774723,1686.3951197747213,1.9994995165418898,1.0199706000001014,1.0544050744666365e-17,-1.6972681155672514e-18,0.39736932029796723
3.44,hover,-1.3241914596647517e-18,1.7227098845832912e-17,2.9601716527066697e-18,1.0,0.0,0.0,0.0,1.0,-2.6483829193295033e-18,3.4454197691665824e-17,5.9203433054133395e-18,0.0,0.0,0.0,-6.626450083410565e-16,-4.0218282975005193e-16,-6.266392588468759e-17,8.034019673476786e-19,4.643727239604284e-19,5.894395556189106e-20,0.34127141999999994,0.34127141999999994,0.08531785499999998,0.085317855,0.08531785499999998,0.08531785499999997,1686.3951197747222,1686.3951197747224,1686.3951197747222,1686.395119774722,2.1010792520203263,1.0199706000001014,1.1811615915211638e-17,-1.8850555830907933e-18,0.4224433022373074
3.45,hover,-4.8431410921843626e-18,1.5064145227715776e-17,4.408055948633531e-19,1.0,0.0,0.0,0.0,1.0,-9.686282184368725e-18,3.012829045543155e-17,8.816111897267061e-19,0.0,0.0,0.0,-6.358324833270975e-16,-3.5758903369292753e-16,-7.650637858964623e-16,7.775852621641988e-19,4.144360590288085e-19,9.094744254349854e-19,0.34127141999999994,0.34127141999999994,0.08531785499999994,0.08531785500000003,0.08531785499999994,0.08531785500000001,1686.3951197747217,1686.3951197747226,1686.3951197747217,1686.3951197747224,2.179043630681892,1.0199706000001014,1.3101242974489967e-17,-2.0645240973622343e-18,0.44735231369058953
3.46,hover,-6.416569884990181e-18,1.491430819076345e-17,7.78110084968984e-19,1.0,0.0,0.0,0.0,1.0,-1.2833139769980362e-17,2.98286163815269e-17,1.5562201699379678e-18,0.0,0.0,0.0,-5.808346855099406e-17,2.2922205308030756e-16,1.1616706085908569e-15,8.486727911838482e-20,-2.9202946562987656e-19,-1.4142235540357056e-18,0.34127141999999994,0.34127141999999994,0.08531785500000004,0.08531785499999993,0.08531785500000004,0.08531785499999993,1686.3951197747226,1686.3951197747217,1686.3951197747226,1686.3951197747217,2.2393809640544626,1.0199706000001014,1.4430002159326234e-17,-2.2478676319195824e-18,0.47215961666603645
3.47,hover,-5.99188251660943e-18,1.6861550048721617e-17,3.876196760930109e-18,1.0,0.0,0.0,0.0,1.0,-1.198376503321886e-17,3.3723100097443235e-17,7.752393521860218e-18,0.0,0.0,0.0,1.6541854600942353e-16,4.854585625559188e-16,-6.647191077964252e-16,-1.8498932381421054e-19,-6.043678626261693e-19,7.84091296706997e-19,0.34127141999999994,0.34127141999999994,0.08531785499999996,0.08531785500000001,0.08531785499999994,0.08531785500000003,1686.395119774722,1686.3951197747224,1686.3951197747217,1686.3951197747226,2.286408221185801,1.0199706000001014,1.5802016389343543e-17,-2.434941489203576e-18,0.49690478916314856
3.48,hover,-4.829867195956212e-18,1.960788162261919e-17,3.0673700812750436e-18,1.0,0.0,0.0,0.0,1.0,-9.659734391912424e-18,3.921576324523838e-17,6.134740162550087e-18,0.0,0.0,0.0,2.670886290927493e-16,5.843667799293852e-16,1.2782713485732229e-15,-3.096643098051289e-19,-7.289013912736226e-19,-1.5602799644223125e-18,0.34127141999999994,0.34127141999999994,0.08531785500000005,0.08531785499999991,0.08531785500000004,0.08531785499999993,1686.3951197747228,1686.3951197747215,1686.3951197747226,1686.3951197747217,2.3232764081333928,1.0199706000001014,1.7211588302073522e-17,-2.6162271368603057e-18,0.5216122807223856
3.49,hover,-3.403789970416355e-18,2.256909716731071e-17,9.418087412898134e-18,1.0,0.0,0.0,0.0,1.0,-6.807579940832709e-18,4.513819433462142e-17,1.8836174825796268e-17,0.0,0.0,0.0,3.0053067730979745e-16,5.987556292075696e-16,-7.301937136634836e-17,-3.528000744386847e-19,-7.521555666995199e-19,6.199909321883641e-20,0.34127141999999994,0.34127141999999994,0.08531785499999998,0.08531785499999998,0.08531785499999998,0.085317855,1686.3951197747222,1686.3951197747222,1686.3951197747222,1686.3951197747224,2.3523171956103273,1.0199706000001014,1.8659969638402974e-17,-2.7901193225761945e-18,0.5462970841775668
3.5,hover,-1.9956510089703e-18,2.5433121942015598e-17,6.214864944131512e-18,1.0,0.0,0.0,0.0,1.0,-3.9913020179406e-18,5.0866243884031196e-17,1.2429729888263024e-17,0.0,0.0,0.0,2.0588971017618045e-16,4.933366720111656e-16,-7.040990930609457e-16,-2.4128981098010605e-19,-6.305861847839466e-19,8.263357501829624e-19,0.34127141999999994,0.34127141999999994,0.08531785499999996,0.08531785500000001,0.08531785499999994,0.08531785500000003,1686.395119774722,1686.3951197747224,1686.3951197747217,1686.3951197747226,2.375279138287501,1.0199706000001014,2.0151151002093525e-17,-2.957488931336386e-18,0.5709683532675283
3.51,hover,-1.9686614320890482e-18,2.6933004858253392e-17,8.355431757749177e-18,1.0,0.0,0.0,0.0,1.0,-3.937322864178096e-18,5.3866009716506783e-17,1.6710863515498354e-17,0.0,0.0,0.0,-1.607322399121113e-16,1.3376094058375488e-16,1.7688353624870116e-15,2.0026385152496506e-19,-2.004329164768913e-19,-2.158873950099456e-18,0.34127141999999994,0.34127141999999994,0.08531785500000008,0.0853178549999999,0.08531785500000007,0.0853178549999999,1686.395119774723,1686.3951197747213,1686.395119774723,1686.3951197747213,2.3934894879682522,1.0199706000001014,2.16824799330293e-17,-3.1118996964203078e-18,0.5956316621344414
3.52,hover,-3.717562835974715e-18,2.6682765112203718e-17,1.5744774795190947e-17,1.0,0.0,0.0,0.0,1.0,-7.435125671949428e-18,5.3365530224407437e-17,3.1489549590381894e-17,0.0,0.0,0.0,-4.131350912339479e-16,-1.1822107624960355e-16,1.9237082604624722e-16,5.072786240235086e-19,1.0312771448563487e-19,-2.690402146310012e-19,0.34127141999999994,0.34127141999999994,0.085317855,0.08531785499999998,0.085317855,0.08531785499999997,1686.3951197747224,1686.3951197747222,1686.3951197747224,1686.395119774722,2.4079663437563634,1.0199706000001014,2.3253373606550817e-17,-3.2495717079557498e-18,0.620290399803529
3.5300000000000002,hover,-5.783449664396217e-18,2.612405718018259e-17,9.387417666661851e-18,1.0,0.0,0.0,0.0,1.0,-1.1566899328792434e-17,5.224811436036518e-17,1.8774835333323703e-17,0.0,0.0,0.0,-3.2893457667601646e-16,-2.9672960642162594e-17,-2.481326154832079e-15,4.0952735232075105e-19,-2.8332946368726443e-21,2.9642094239713116e-18,0.34127141999999994,0.34127141999999994,0.08531785499999986,0.08531785500000011,0.08531785499999986,0.08531785500000011,1686.395119774721,1686.3951197747235,1686.395119774721,1686.3951197747235,2.4194975752538133,1.0199706000001014,2.487316454395022e-17,-3.376954260125086e-18,0.6449466248159657
3.54,hover,-5.9088032526875236e-18,2.778495403670866e-17,3.1500959189905516e-18,1.0,0.0,0.0,0.0,1.0,-1.1817606505375047e-17,5.556990807341732e-17,6.300191837981103e-18,0.0,0.0,0.0,1.9532602059120997e-16,4.924355423631221e-16,6.3249095112333e-16,-2.215386246058327e-19,-6.342878536668452e-19,-7.786960126864123e-19,0.34127141999999994,0.34127141999999994,0.08531785500000003,0.08531785499999994,0.08531785500000001,0.08531785499999996,1686.3951197747226,1686.3951197747217,1686.3951197747224,1686.395119774722,2.4286973007102213,1.0199706000001014,2.6555342520400298e-17,-3.50465480620869e-18,0.6696015868413236
3.55,hover,-4.49815913026368e-18,3.04006021385044e-17,1.6003130447765407e-18,1.0,0.0,0.0,0.0,1.0,-8.99631826052736e-18,6.08012042770088e-17,3.200626089553081e-18,0.0,0.0,0.0,4.796572397767739e-16,7.791309841929694e-16,-1.4566353890651566e-15,-5.675326600262769e-19,-9.861136937045916e-19,1.7428219494304227e-18,0.34127141999999994,0.34127141999999994,0.08531785499999991,0.08531785500000004,0.08531785499999991,0.08531785500000007,1686.3951197747215,1686.3951197747226,1686.3951197747215,1686.395119774723,2.436046988694401,1.0199706000001014,2.8304347679899944e-17,-3.633991760168313e-18,0.6942560442476354
3.56,hover,-1.570757529274629e-18,3.479762110798957e-17,-4.363213849809917e-18,1.0,0.0,0.0,0.0,1.0,-3.1415150585492585e-18,6.959524221597914e-17,-8.726427699619834e-18,0.0,0.0,0.0,6.976158628211245e-16,9.930690908390087e-16,-5.653396669988316e-17,-8.360591663077092e-19,-1.252770112588229e-18,6.326558225909354e-20,0.34127141999999994,0.34127141999999994,0.08531785499999998,0.08531785499999997,0.08531785499999998,0.085317855,1686.3951197747222,1686.395119774722,1686.3951197747222,1686.3951197747224,2.4419258491508207,1.0199706000001014,3.012204541048072e-17,-3.764121745499244e-18,0.7189104571573999
3.5700000000000003,hover,1.8577602610553194e-18,3.968764279809764e-17,-4.265642117748451e-18,1.0,0.0,0.0,0.0,1.0,3.715520522110639e-18,7.937528559619528e-17,-8.531284235496902e-18,0.0,0.0,0.0,5.324453151840827e-16,8.210307386570721e-16,-1.640094752866857e-16,-6.431789622951e-19,-1.054534397356476e-18,1.9387628731612346e-19,0.34127141999999994,0.34127141999999994,0.08531785499999998,0.08531785499999998,0.08531785499999997,0.08531785500000001,1686.3951197747222,1686.3951197747222,1686.395119774722,1686.3951197747224,2.4466336302495892,1.0199706000001014,3.201192616014687e-17,-3.895472498378657e-18,0.7435651047038471
3.58,hover,2.6213010410839626e-18,4.146760814155081e-17,-1.682330908331471e-18,1.0,0.0,0.0,0.0,1.0,5.242602082167925e-18,8.293521628310162e-17,-3.3646618166629416e-18,0.0,0.0,0.0,-1.982618874637967e-16,-1.9382715223489645e-16,1.2322541688860835e-15,2.3565229975699324e-19,1.6523334323623502e-19,-1.49396262738006e-18,0.34127141999999994,0.34127141999999994,0.08531785500000005,0.08531785499999993,0.08531785500000004,0.08531785499999991,1686.3951197747228,1686.3951197747217,1686.3951197747226,1686.3951197747215,2.4504079343229286,1.0199706000001014,3.395966379137738e-17,-4.012932555830747e-18,0.7682201562100094
3.59,hover,-4.533019220508506e-19,3.601783643118247e-17,-7.856516175041108e-19,1.0,0.0,0.0,0.0,1.0,-9.066038441017012e-19,7.203567286236494e-17,-1.5713032350082216e-18,0.0,0.0,0.0,-9.552479994080112e-16,-1.724955486716422e-15,-1.0414889886372046e-15,1.1535881140841305e-18,2.0198368994812294e-18,1.2449440515342574e-18,0.34127141999999994,0.34127141999999994,0.08531785499999993,0.08531785500000005,0.08531785499999994,0.08531785500000001,1686.3951197747217,1686.3951197747228,1686.3951197747217,1686.3951197747224,2.453437510916489,1.0199706000001014,3.593920858134981e-17,-4.108471038487607e-18,0.7928757143829173
3.6,hover,-6.6270581112750534e-18,2.47587511283231e-17,-4.626825200913485e-18,1.0,0.0,0.0,0.0,1.0,-1.3254116222550107e-17,4.95175022566462e-17,-9.25365040182697e-18,0.0,0.0,0.0,-1.482287859635847e-15,-2.632456605133158e-15,3.95126075621918e-16,1.8008588249538923e-18,3.135162807632645e-18,-4.82945286332909e-19,0.34127141999999994,0.34127141999999994,0.085317855,0.085317855,0.08531785500000001,0.08531785499999993,1686.3951197747224,1686.3951197747224,1686.3951197747224,1686.3951197747217,2.4558725514801174,1.0199706000001014,3.794753578864962e-17,-4.181153791289636e-18,0.817531841520263
3.61,hover,-1.5395534748521156e-17,9.971276082137813e-18,-1.796973373175614e-18,1.0,0.0,0.0,0.0,1.0,-3.079106949704231e-17,1.9942552164275627e-17,-3.593946746351228e-18,0.0,0.0,0.0,-1.8236197967729683e-15,-3.0444775681150995e-15,-3.191420294602136e-17,2.228693347486167e-18,3.660032738892125e-18,2.9822189978078463e-20,0.34127141999999994,0.34127141999999994,0.08531785499999997,0.08531785500000003,0.085317855,0.08531785499999994,1686.395119774722,1686.3951197747226,1686.3951197747224,1686.3951197747217,2.457832718949055,1.0199706000001014,3.998011510588182e-17,-4.223119263386708e-18,0.8421885754085117
3.62,hover,-2.3809497793312604e-17,-3.3136752022476406e-18,-3.055443554928352e-18,1.0,0.0,0.0,0.0,1.0,-4.761899558662521e-17,-6.627350404495281e-18,-6.110887109856704e-18,0.0,0.0,0.0,-1.5831862291263329e-15,-2.041727977933077e-15,-3.830082059601619e-16,1.956004928601468e-18,2.477150510453029e-18,4.549650756546488e-19,0.34127141999999994,0.34127141999999994,0.08531785499999996,0.08531785500000004,0.08531785499999997,0.08531785499999997,1686.395119774722,1686.3951197747226,1686.395119774722,1686.395119774722,2.459413446322658,1.0199706000001014,4.2040884514368804e-17,-4.237186144758177e-18,0.8668459389666818
3.63,hover,-3.1035559688467944e-17,-7.281773142375644e-18,-2.6581635427045794e-18,1.0,0.0,0.0,0.0,1.0,-6.207111937693589e-17,-1.4563546284751288e-17,-5.316327085409158e-18,0.0,0.0,0.0,-1.2491671971744504e-15,2.4715035524230397e-16,6.42806380784786e-16,1.5676737622309535e-18,-2.719749929098508e-19,-7.824404922471363e-19,0.34127141999999994,0.34127141999999994,0.08531785500000003,0.08531785499999996,0.085317855,0.08531785499999994,1686.3951197747226,1686.395119774722,1686.3951197747224,1686.3951197747217,2.460690899644441,1.0199706000001014,4.415897535811505e-17,-4.214209746560348e-18,0.891503946095997
3.64,hover,-3.4888668267597435e-17,-5.569218065707509e-19,-4.250883830102241e-18,1.0,0.0,0.0,0.0,1.0,-6.977733653519487e-17,-1.1138436131415023e-18,-8.501767660204481e-18,0.0,0.0,0.0,-3.5077568162397587e-16,2.01953681774841e-15,-1.523463809284309e-15,4.93111700386624e-19,-2.4190341160946626e-18,1.832318373928621e-18,0.34127141999999994,0.34127141999999994,0.08531785499999993,0.08531785500000004,0.08531785499999989,0.08531785500000008,1686.3951197747217,1686.3951197747226,1686.3951197747213,1686.395119774723,2.4617259023561178,1.0199706000001014,4.634052778372409e-17,-4.153611533607732e-18,0.9161626052280258
3.65,hover,-3.476946161716563e-17,1.1986553015242155e-17,-1.0015539242178946e-17,1.0,0.0,0.0,0.0,1.0,-6.953892323433127e-17,2.397310603048431e-17,-2.0031078484357893e-17,0.0,0.0,0.0,2.5110665902984965e-16,2.817013471906434e-15,1.1807425208728645e-16,-2.3165817498826505e-19,-3.404176235803355e-18,-1.3870804223816631e-19,0.34127141999999994,0.34127141999999994,0.08531785500000001,0.08531785499999996,0.08531785499999997,0.08531785500000001,1686.3951197747224,1686.395119774722,1686.395119774722,1686.3951197747224,2.4625670468601903,1.0199706000001014,4.856380725758526e-17,-4.054287531768552e-18,0.9408219214767912
3.66,hover,-3.225234217327736e-17,2.7094289609627637e-17,-6.82575450281349e-18,1.0,0.0,0.0,0.0,1.0,-6.450468434655472e-17,5.4188579219255274e-17,-1.3651509005626982e-17,0.0,0.0,0.0,6.633397434699863e-16,2.884826643074451e-15,5.981437212195887e-16,-7.3297127375112895e-19,-3.514400307635721e-18,-7.207728424091251e-19,0.34127141999999994,0.34127141999999994,0.08531785500000004,0.08531785499999991,0.085317855,0.08531785499999998,1686.3951197747226,1686.3951197747215,1686.3951197747224,1686.3951197747222,2.4632531668345714,1.0199706000001014,5.082870656521308e-17,-3.904242362002655e-18,0.9654818979441117
3.67,hover,-2.8413162088941204e-17,3.780220937257291e-17,-8.631161409381809e-18,1.0,0.0,0.0,0.0,1.0,-5.682632417788241e-17,7.560441874514582e-17,-1.726232281876362e-17,0.0,0.0,0.0,7.576852236924656e-16,1.5234776323386033e-15,-1.1348726925118433e-15,-8.537627022550285e-19,-1.896016271076089e-18,1.3701955809937115e-18,0.34127141999999994,0.34127141999999994,0.08531785499999993,0.08531785500000003,0.08531785499999991,0.08531785500000007,1686.3951197747217,1686.3951197747226,1686.3951197747215,1686.395119774723,2.463815304812188,1.0199706000001014,5.3117596604246176e-17,-3.700844601749602e-18,0.9901425365113377
3.68,hover,-2.539516415620048e-17,4.160967930379613e-17,-1.0358356547664379e-17,1.0,0.0,0.0,0.0,1.0,-5.079032831240096e-17,8.321935860759226e-17,-2.071671309532876e-17,0.0,0.0,0.0,4.677795397645961e-16,1.6847836601225914e-16,9.095890331031783e-16,-5.105536769392313e-19,-2.7170193514459883e-19,-1.0922543800753463e-18,0.34127141999999994,0.34127141999999994,0.08531785500000003,0.08531785499999993,0.08531785500000003,0.08531785499999994,1686.3951197747226,1686.3951197747217,1686.3951197747226,1686.3951197747217,2.4642782800143257,1.0199706000001014,5.543000548417432e-17,-3.4364655291413366e-18,1.014803838319567
3.694,attitude_only,-2.2320511987248142e-17,3.250626089355823e-17,-1.8404230437285984e-17,1.0,0.0,0.0,0.0,1.0,-4.4641023974496283e-17,6.501252178711646e-17,-3.680846087457197e-17,0.0,0.0,0.0,3.035124474717137e-17,-1.4361120656577364e-15,-3.3673056660611724e-15,1.393535965521793e-20,1.6739121517786038e-18,-7.475403515324098e-22,0.034127142,0.034127142,0.008531785499999988,0.008531785500000012,0.008531785500000012,0.008531785499999988,533.2849613480579,533.2849613480587,533.2849613480587,533.2849613480579,3.6155536734343054,1.0199706000001014,5.778396025005067e-17,-3.114202345006414e-18,1.0394658040609106
3.71,attitude_only,-2.239137889745661e-17,2.779655384694157e-17,-3.016730582456493e-17,1.0,0.0,0.0,0.0,1.0,-4.478275779491322e-17,5.559310769388314e-17,-6.033461164912986e-17,0.0,0.0,0.0,-7.552795208820508e-17,-1.659842764577364e-15,-3.9928504296358556e-15,1.4219884309108093e-19,1.968946474715395e-18,-7.475403515324098e-22,0.034127142,0.034127142,0.008531785499999986,0.008531785500000015,0.008531785500000014,0.008531785499999984,533.2849613480579,533.2849613480588,533.2849613480587,533.2849613480578,2.9752282867226008,1.0199706000001014,6.265270208878702e-17,-2.312032884832612e-18,1.0887904290501036
3.72,attitude_only,-2.294131461010302e-17,1.867609506195701e-17,-5.2148978967953695e-17,1.0,0.0,0.0,0.0,1.0,-4.588262922020604e-17,3.735219012391402e-17,-1.0429795793590739e-16,0.0,0.0,0.0,-1.5080101468191434e-16,-1.953703494275425e-15,-4.390838951680642e-15,2.3403452835035123e-19,2.3411163852958224e-18,-7.475403515324098e-22,0.034127142,0.034127142,0.008531785499999984,0.008531785500000019,0.008531785500000015,0.00853178549999998,533.2849613480578,533.2849613480589,533.2849613480588,533.2849613480577,2.8713454192183585,1.0199706000001014,6.51510166170782e-17,-1.841960266445466e-18,1.113348568542118
3.73,attitude_only,-2.4315133551043337e-17,8.246604932702219e-18,-7.5546649372376e-17,1.0,0.0,0.0,0.0,1.0,-4.863026710208667e-17,1.6493209865404434e-17,-1.51093298744752e-16,0.0,0.0,0.0,-3.5858702739209997e-16,-2.1796639976260316e-15,-4.709905428306592e-15,4.8696361387649485e-19,2.63406562929281e-18,-7.475403515324098e-22,0.034127142,0.034127142,0.008531785499999984,0.008531785500000024,0.008531785500000017,0.008531785499999976,533.2849613480578,533.284961348059,533.2849613480588,533.2849613480575,2.7816472636563803,1.0199706000001014,6.766604917912652e-17,-1.3368459760074165e-18,1.1375771149562033
3.74,attitude_only,-2.6509154123068102e-17,-3.0662384707042e-18,-1.0015895955639801e-16,1.0,0.0,0.0,0.0,1.0,-5.3018308246136204e-17,-6.1324769414084055e-18,-2.0031791911279602e-16,0.0,0.0,0.0,-5.046151307906976e-16,-2.330587090496262e-15,-5.046037845621987e-15,6.672434892627191e-19,2.83847921164205e-18,-7.475403515324098e-22,0.034127142,0.034127142,0.008531785499999982,0.008531785500000028,0.008531785500000017,0.008531785499999972,533.2849613480578,533.2849613480591,533.2849613480588,533.2849613480574,2.7000114904046666,1.0199706000001014,7.018415850121189e-17,-8.023551432838884e-19,1.1613117989301809
3.75,attitude_only,-2.9378529576093373e-17,-1.4527654063490306e-17,-1.2591981072092745e-16,1.0,0.0,0.0,0.0,1.0,-5.875705915218675e-17,-2.905530812698062e-17,-2.518396214418549e-16,0.0,0.0,0.0,-6.266857591748559e-16,-2.1764139260694843e-15,-5.023428646316412e-15,8.199951009154576e-19,2.675235553590611e-18,-7.475403515324098e-22,0.034127142,0.034127142,0.008531785499999986,0.008531785500000026,0.008531785500000014,0.008531785499999972,533.2849613480579,533.2849613480591,533.2849613480587,533.2849613480574,2.622598199807088,1.0199706000001014,7.269906411762599e-17,-2.434335860350049e-19,1.1844412493043481
3.76,attitude_only,-3.264565348197609e-17,-2.3879379679307886e-17,-1.5192753515062077e-16,1.0,0.0,0.0,0.0,1.0,-6.529130696395217e-17,-4.7758759358615784e-17,-3.0385507030124155e-16,0.0,0.0,0.0,-6.225441337377288e-16,-1.5993666745375936e-15,-5.5418541763772635e-15,8.212505917282821e-19,1.998772518497718e-18,-7.475403515324098e-22,0.034127142,0.034127142,0.008531785499999991,0.00853178550000002,0.008531785500000008,0.008531785499999977,533.284961348058,533.2849613480589,533.2849613480586,533.2849613480575,2.547029082992381,1.0199706000001014,7.521948197150856e-17,3.3598346764924674e-19,1.2068887754616842
3.77,attitude_only,-3.4818577338895715e-17,-2.990002862000898e-17,-1.8098085393787608e-16,1.0,0.0,0.0,0.0,1.0,-6.963715467779142e-17,-5.980005724001798e-17,-3.6196170787575216e-16,0.0,0.0,0.0,-2.528366193761236e-16,-8.657632406967251e-16,-6.077171181191143e-15,3.801299406881172e-19,1.1271060302956431e-18,-7.475403515324098e-22,0.034127142,0.034127142,0.008531785499999995,0.008531785500000012,0.008531785500000005,0.008531785499999988,533.2849613480581,533.2849613480587,533.2849613480585,533.2849613480579,2.4718626269571344,1.0199706000001014,7.775148567161718e-17,9.247893144408819e-19,1.2286007434898452
3.7800000000000002,attitude_only,-3.48556277867878e-17,-3.2228145481575593e-17,-2.1168879973583318e-16,1.0,0.0,0.0,0.0,1.0,-6.971125557357559e-17,-6.44562909631512e-17,-4.2337759947166635e-16,0.0,0.0,0.0,1.9973600090788362e-16,-1.6434383813425716e-16,-6.032396877690867e-15,-1.649545636617703e-19,2.870461856020243e-19,-7.475403515324098e-22,0.034127142,0.034127142,0.008531785499999996,0.008531785500000002,0.008531785500000003,0.008531785499999998,533.2849613480582,533.2849613480583,533.2849613480585,533.2849613480582,2.3962568062898675,1.0199706000001014,8.029729420731959e-17,1.5132622737253265e-18,1.2495390787260536
3.79,attitude_only,-3.284439154571297e-17,-3.1618328143536076e-17,-2.414623595076663e-16,1.0,0.0,0.0,0.0,1.0,-6.568878309142593e-17,-6.323665628707216e-17,-4.829247190153326e-16,0.0,0.0,0.0,5.529691999356318e-16,3.36157954905014e-16,-5.824362109054179e-15,-5.943640944944244e-19,-3.169175455941511e-19,-7.475403515324098e-22,0.034127142,0.034127142,0.008531785499999998,0.008531785499999993,0.008531785500000002,0.008531785500000007,533.2849613480582,533.2849613480581,533.2849613480583,533.2849613480586,2.319751270692289,1.0199706000001014,8.28528245769401e-17,2.0995983339683424e-18,1.269676370009073
3.8,attitude_only,-2.922558639543591e-17,-2.8963971005533534e-17,-2.7038379295111186e-16,1.0,0.0,0.0,0.0,1.0,-5.84511727908718e-17,-5.792794201106708e-17,-5.407675859022237e-16,0.0,0.0,0.0,8.643780354763072e-16,6.836997788598873e-16,-5.8396615821374096e-15,-9.766984774979976e-19,-7.408047321285978e-19,-7.475403515324098e-22,0.034127142,0.034127142,0.008531785499999998,0.008531785499999986,0.008531785500000002,0.008531785500000014,533.2849613480582,533.2849613480579,533.2849613480583,533.2849613480587,2.2421261962236025,1.0199706000001014,8.541304544682691e-17,2.685112446570435e-18,1.288992628992562
3.81,attitude_only,-2.4203549893596946e-17,-2.468610900008593e-17,-2.987446048899772e-16,1.0,0.0,0.0,0.0,1.0,-4.840709978719388e-17,-4.9372218000171873e-17,-5.974892097799544e-16,0.0,0.0,0.0,1.090115319487689e-15,9.672155729890034e-16,-5.537224881359861e-15,-1.2584843715065328e-18,-1.0906958408134273e-18,-7.475403515324098e-22,0.034127142,0.034127142,0.008531785499999998,0.008531785499999982,0.008531785500000002,0.008531785500000017,533.2849613480582,533.2849613480578,533.2849613480583,533.2849613480588,2.163310643279355,1.0199706000001014,8.797635176993071e-17,3.269106702822326e-18,1.3074731133075852
3.8200000000000003,attitude_only,-1.845622805508417e-17,-1.9455261303667717e-17,-3.275491188957214e-16,1.0,0.0,0.0,0.0,1.0,-3.691245611016833e-17,-3.8910522607335446e-17,-6.550982377914428e-16,0.0,0.0,0.0,1.1728671633350909e-15,1.0882327605977136e-15,-5.926824169200723e-15,-1.3695152557567664e-18,-1.2467987935498569e-18,-7.475403515324098e-22,0.034127142,0.034127142,0.008531785499999998,0.008531785499999979,0.008531785500000002,0.00853178550000002,533.2849613480582,533.2849613480577,533.2849613480583,533.2849613480589,2.083323082735189,1.0199706000001014,9.054014962967037e-17,3.8541552094172354e-18,1.3251068417131708
3.83,attitude_only,-1.2871108698075415e-17,-1.409781291542181e-17,-3.5900336057980616e-16,1.0,0.0,0.0,0.0,1.0,-2.574221739615082e-17,-2.8195625830843626e-17,-7.180067211596123e-16,0.0,0.0,0.0,1.0525934182849612e-15,1.0328410225261873e-15,-6.5782135597690675e-15,-1.23571269587946e-18,-1.190657118089287e-18,-7.475403515324098e-22,0.034127142,0.034127142,0.0085317855,0.00853178549999998,0.0085317855,0.008531785500000019,533.2849613480583,533.2849613480577,533.2849613480583,533.2849613480589,2.0022329389830356,1.0199706000001014,9.310043277402542e-17,4.444401489257177e-18,1.3418855653529147
3.84,attitude_only,-8.176904886452142e-18,-9.353029940344727e-18,-3.922894881529171e-16,1.0,0.0,0.0,0.0,1.0,-1.6353809772904277e-17,-1.870605988068946e-17,-7.845789763058342e-16,0.0,0.0,0.0,8.16490795520657e-16,8.548688758046728e-16,-6.829956010612942e-15,-9.605544565175014e-19,-9.85639230781516e-19,-7.475403515324098e-22,0.034127142,0.034127142,0.0085317855,0.008531785499999984,0.0085317855,0.008531785500000015,533.2849613480583,533.2849613480578,533.2849613480583,533.2849613480588,1.9201359240803868,1.0199706000001014,9.565338897303258e-17,5.043648218876065e-18,1.357803043997613
3.85,attitude_only,-5.084292036963228e-18,-5.977121486682788e-18,-4.2803253946241665e-16,1.0,0.0,0.0,0.0,1.0,-1.0168584073926451e-17,-1.1954242973365581e-17,-8.560650789248333e-16,0.0,0.0,0.0,4.459514465385239e-16,5.155891843219575e-16,-7.394860852189044e-15,-5.203667522043272e-19,-5.836594928454775e-19,-7.475403515324098e-22,0.034127142,0.034127142,0.0085317855,0.008531785499999991,0.0085317855,0.008531785500000008,533.2849613480583,533.284961348058,533.2849613480583,533.2849613480586,1.8371384462201847,1.0199706000001014,9.819512581354197e-17,5.6555578031177445e-18,1.3728545293454064
3.8600000000000003,attitude_only,-4.0327187845381984e-18,-4.477498672508554e-18,-4.648934978635057e-16,1.0,0.0,0.0,0.0,1.0,-8.065437569076392e-18,-8.95499734501711e-18,-9.297869957270115e-16,0.0,0.0,0.0,1.6007550682035664e-17,1.282533187853586e-16,-7.321527664437903e-15,-4.5941526833616596e-21,-1.2013898738941254e-19,-7.475403515324098e-22,0.034127142,0.034127142,0.008531785500000002,0.008531785499999998,0.0085317855,0.008531785500000002,533.2849613480583,533.2849613480582,533.2849613480583,533.2849613480583,1.7533479920677086,1.0199706000001014,1.0072256890315766e-16,6.2826652869239236e-18,1.3870363910999848
3.87,attitude_only,-4.959377875550442e-18,-4.69411069514961e-18,-5.008680109500247e-16,1.0,0.0,0.0,0.0,1.0,-9.91875575110088e-18,-9.388221390299225e-18,-1.0017360219000493e-15,0.0,0.0,0.0,-3.3406048282830154e-16,-1.729321968579318e-16,-7.131966955028606e-15,4.188280923573259e-19,2.430129533511152e-19,-7.475403515324098e-22,0.034127142,0.034127142,0.008531785500000002,0.008531785500000005,0.008531785499999998,0.008531785499999995,533.2849613480583,533.2849613480585,533.2849613480582,533.2849613480581,1.6688674323885473,1.0199706000001014,1.0323676826340882e-16,6.9247138275839535e-18,1.4003458430367035
3.88,attitude_only,-7.444246871443451e-18,-6.2286022455301225e-18,-5.363314216150352e-16,1.0,0.0,0.0,0.0,1.0,-1.4888493742886897e-17,-1.2457204491060253e-17,-1.0726628432300705e-15,0.0,0.0,0.0,-6.214289435797313e-16,-4.0903327640164393e-16,-6.978863430806995e-15,7.698845346948387e-19,5.304245815675861e-19,-7.475403515324098e-22,0.034127142,0.034127142,0.008531785500000002,0.00853178550000001,0.008531785499999998,0.00853178549999999,533.2849613480583,533.2849613480586,533.2849613480582,533.284961348058,1.5837918880069688,1.0199706000001014,1.0574058198877217e-16,7.578853533923773e-18,1.4127807401415098
3.89,attitude_only,-1.112897866582704e-17,-8.784989318683484e-18,-5.714127152017964e-16,1.0,0.0,0.0,0.0,1.0,-2.225795733165407e-17,-1.756997863736698e-17,-1.1428254304035928e-15,0.0,0.0,0.0,-8.357264297105578e-16,-5.914273683988879e-16,-6.943431728637622e-15,1.0353987823489364e-18,7.552117656482678e-19,-7.475403515324098e-22,0.034127142,0.034127142,0.008531785500000002,0.008531785500000014,0.008531785499999998,0.008531785499999986,533.2849613480583,533.2849613480587,533.2849613480582,533.2849613480579,1.4982072471418153,1.0199706000001014,1.0823583527118879e-16,8.24309138930234e-18,1.424339426978322
3.9,attitude_only,-1.5822860398397936e-17,-1.2147289247396238e-17,-6.059143424931425e-16,1.0,0.0,0.0,0.0,1.0,-3.164572079679586e-17,-2.4294578494792494e-17,-1.211828684986285e-15,0.0,0.0,0.0,-1.0191122779132019e-15,-7.394387352313301e-16,-6.815601726565919e-15,1.265652922971241e-18,9.402197931995115e-19,-7.475403515324098e-22,0.034127142,0.034127142,0.008531785500000002,0.008531785500000017,0.008531785499999998,0.008531785499999982,533.2849613480583,533.2849613480588,533.2849613480582,533.2849613480578,1.4121897271945645,1.0199706000001014,1.1072361157248038e-16,8.916666492210687e-18,1.435020623452378
3.91,attitude_only,-2.12797432446151e-17,-1.6103546642850893e-17,-6.409749168249837e-16,1.0,0.0,0.0,0.0,1.0,-4.255948648923018e-17,-3.220709328570181e-17,-1.2819498336499674e-15,0.0,0.0,0.0,-1.1305024089944227e-15,-8.113018283869256e-16,-7.323956929127846e-15,1.4106261043586505e-18,1.0345685232700958e-18,-7.475403515324098e-22,0.034127142,0.034127142,0.008531785500000003,0.008531785500000019,0.008531785499999996,0.00853178549999998,533.2849613480585,533.2849613480589,533.2849613480582,533.2849613480577,1.3258060763238801,1.0199706000001014,1.132045913471704e-16,9.598919226583908e-18,1.4448233381807891
3.92,attitude_only,-2.6798901711298158e-17,-1.9920788397206293e-17,-6.791751509057017e-16,1.0,0.0,0.0,0.0,1.0,-5.359780342259629e-17,-3.9841576794412623e-17,-1.3583503018114033e-15,0.0,0.0,0.0,-1.0517007667588624e-15,-7.02455523825906e-16,-7.892848466043623e-15,1.3265811413435664e-18,9.10977513035131e-19,-7.475403515324098e-22,0.034127142,0.034127142,0.008531785500000003,0.008531785500000017,0.008531785499999996,0.008531785499999982,533.2849613480585,533.2849613480588,533.2849613480582,533.2849613480578,1.2391141463156896,1.0199706000001014,1.1568274795396143e-16,1.0286442218393971e-17,1.4537468024436182
3.93,attitude_only,-3.1479953650665006e-17,-2.2742790468604456e-17,-7.208344260993943e-16,1.0,0.0,0.0,0.0,1.0,-6.295990730132997e-17,-4.5485580937208955e-17,-1.4416688521987887e-15,0.0,0.0,0.0,-8.137854930959981e-16,-4.326920497138835e-16,-8.590311051574239e-15,1.0492206678790895e-18,5.91588264597843e-19,-7.475403515324098e-22,0.034127142,0.034127142,0.008531785500000003,0.008531785500000012,0.008531785499999996,0.008531785499999988,533.2849613480585,533.2849613480587,533.2849613480582,533.2849613480579,1.1521636602818315,1.0199706000001014,1.181633615287599e-16,1.0973939512849932e-17,1.4617904196050824
3.94,attitude_only,-3.4677214484709154e-17,-2.4014150023535902e-17,-7.642620396995204e-16,1.0,0.0,0.0,0.0,1.0,-6.935442896941827e-17,-4.802830004707186e-17,-1.5285240793990407e-15,0.0,0.0,0.0,-5.107846695766217e-16,-1.1819478397008162e-16,-8.668889369359822e-15,6.90727526351604e-19,2.1537349354498159e-19,-7.475403515324098e-22,0.034127142,0.034127142,0.008531785500000003,0.008531785500000007,0.008531785499999996,0.008531785499999993,533.2849613480585,533.2849613480586,533.2849613480582,533.2849613480581,1.0649970610130026,1.0199706000001014,1.206501376549455e-16,1.1657514476564372e-17,1.4689537262444594
3.95,attitude_only,-3.6520417811425804e-17,-2.3883110423796613e-17,-8.073654697234752e-16,1.0,0.0,0.0,0.0,1.0,-7.304083562285157e-17,-4.776622084759329e-17,-1.6147309394469505e-15,0.0,0.0,0.0,-2.642020581828547e-16,1.3299772494479616e-16,-8.57485972621468e-15,3.9747041326091228e-19,-8.738749440231974e-20,-7.475403515324098e-22,0.034127142,0.034127142,0.008531785500000003,0.008531785500000002,0.008531785499999996,0.008531785499999998,533.2849613480585,533.2849613480583,533.2849613480582,533.2849613480582,0.9776503679460053,1.0199706000001014,1.2314215088917953e-16,1.2338292708803801e-17,1.4752363622012394
3.96,attitude_only,-3.726443920450671e-17,-2.2680387781330723e-17,-8.487807461424879e-16,1.0,0.0,0.0,0.0,1.0,-7.452887840901339e-17,-4.5360775562661507e-17,-1.6975614922849759e-15,0.0,0.0,0.0,-7.246218951755633e-17,3.1711984740017043e-16,-8.21024658117498e-15,1.6810719275772977e-19,-3.115052398227705e-19,-7.475403515324098e-22,0.034127142,0.034127142,0.008531785500000003,0.008531785499999998,0.008531785499999996,0.008531785500000002,533.2849613480585,533.2849613480582,533.2849613480582,533.2849613480583,0.8901539990958522,1.0199706000001014,1.256371232388876e-16,1.3018426638436817e-17,1.4806380474381917
3.97,attitude_only,-3.719495421365817e-17,-2.0673103280338127e-17,-8.897163346803363e-16,1.0,0.0,0.0,0.0,1.0,-7.43899084273163e-17,-4.134620656067632e-17,-1.7794326693606725e-15,0.0,0.0,0.0,7.26809616423265e-17,4.577983626816692e-16,-8.106780443543158e-15,-6.791398250552925e-21,-4.848974417873858e-19,-7.475403515324098e-22,0.034127142,0.034127142,0.008531785500000003,0.008531785499999996,0.008531785499999996,0.008531785500000003,533.2849613480585,533.2849613480582,533.2849613480582,533.2849613480585,0.8025335332871465,1.0199706000001014,1.281333400688997e-16,1.3700087235609674e-17,1.485158564138715
3.98,attitude_only,-3.656558930313108e-17,-1.8164952691576357e-17,-9.297611064352996e-16,1.0,0.0,0.0,0.0,1.0,-7.313117860626212e-17,-3.632990538315278e-17,-1.8595222128705992e-15,0.0,0.0,0.0,1.5940043039011288e-16,5.333814607340626e-16,-7.826797062704702e-15,-1.1244876505179765e-19,-5.809309740575983e-19,-7.475403515324098e-22,0.034127142,0.034127142,0.008531785500000003,0.008531785499999995,0.008531785499999996,0.008531785500000005,533.2849613480585,533.2849613480581,533.2849613480582,533.2849613480585,0.714810400552299,1.0199706000001014,1.3062914999780898e-16,1.43849886602276e-17,1.4887977428348442
3.99,attitude_only,-3.5472596867830137e-17,-1.5211224154878592e-17,-9.690360640976496e-16,1.0,0.0,0.0,0.0,1.0,-7.094519373566025e-17,-3.042244830975725e-17,-1.9380721281952992e-15,0.0,0.0,0.0,2.633031699453827e-16,6.327219051448374e-16,-7.877810366600043e-15,-2.3976508421757533e-19,-7.064667264019767e-19,-7.475403515324098e-22,0.034127142,0.034127142,0.008531785500000003,0.008531785499999993,0.008531785499999996,0.008531785500000007,533.2849613480585,533.2849613480581,533.2849613480582,533.2849613480586,0.6270024966760428,1.0199706000001014,1.331243505743208e-16,1.507394005158549e-17,1.4915554516465543
4.0,attitude_only,-3.3889636090468756e-17,-1.178602324685173e-17,-1.0083409710590808e-15,1.0,0.0,0.0,0.0,1.0,-6.777927218093749e-17,-2.3572046493703528e-17,-2.0166819421181617e-15,0.0,0.0,0.0,3.42761490670071e-16,7.172830332514732e-16,-7.71067734315214e-15,-3.3854268399390186e-19,-8.151129104624542e-19,-7.475403515324098e-22,0.034127142,0.034127142,0.008531785500000003,0.008531785499999991,0.008531785499999996,0.008531785500000008,533.2849613480585,533.284961348058,533.2849613480582,533.2849613480586,0.5391247229557508,1.0199706000001014,1.356198323265678e-16,1.5766399652955626e-17,1.4934315879273001
4.01,attitude_only,-3.2010249284024856e-17,-8.035897894294827e-18,-1.0469615231410162e-15,1.0,0.0,0.0,0.0,1.0,-6.40204985680497e-17,-1.607179578858972e-17,-2.0939230462820324e-15,0.0,0.0,0.0,4.0417950995724806e-16,7.813038013442292e-16,-7.735817862905388e-15,-4.1628610223808677e-19,-8.997508701872035e-19,-7.475403515324098e-22,0.034127142,0.034127142,0.008531785500000003,0.00853178549999999,0.008531785499999996,0.00853178550000001,533.2849613480585,533.284961348058,533.2849613480582,533.2849613480586,0.45118945528474064,1.0199706000001014,1.3811526106132035e-16,1.6463430908087397e-17,1.494426071773307
4.02,attitude_only,-2.988094193103653e-17,-4.0211274501829275e-18,-1.0850398673209075e-15,1.0,0.0,0.0,0.0,1.0,-5.976188386207305e-17,-8.04225490036592e-18,-2.170079734641815e-15,0.0,0.0,0.0,4.3461570489397387e-16,8.05471173432384e-16,-7.533660895654772e-15,-4.571556932110973e-19,-9.36806428427313e-19,-7.475403515324098e-22,0.034127142,0.034127142,0.008531785500000003,0.00853178549999999,0.008531785499999996,0.00853178550000001,533.2849613480585,533.284961348058,533.2849613480582,533.2849613480586,0.36320694832483086,1.0199706000001014,1.406110176360832e-16,1.7164943987876194e-17,1.494538840978159
4.03,attitude_only,-2.769965506623282e-17,-9.224419157460716e-21,-1.1227043986674022e-15,1.0,0.0,0.0,0.0,1.0,-5.539931013246564e-17,-1.844883831498363e-20,-2.2454087973348044e-15,0.0,0.0,0.0,4.284864093975378e-16,7.9649204830497e-16,-7.532910238306098e-15,-4.540854027093498e-19,-9.339963987574664e-19,-7.475403515324098e-22,0.034127142,0.034127142,0.008531785500000003,0.00853178549999999,0.008531785499999996,0.00853178550000001,533.2849613480585,533.284961348058,533.2849613480582,533.2849613480586,0.2751856812811105,1.0199706000001014,1.4310600007989325e-16,1.787188085165355e-17,1.4937698471092213
4.04,attitude_only,-2.551074736334308e-17,3.9855551160416705e-18,-1.1603691292599904e-15,1.0,0.0,0.0,0.0,1.0,-5.102149472668617e-17,7.971110232083282e-18,-2.320738258519981e-15,0.0,0.0,0.0,4.3397468167807495e-16,7.945232551848222e-16,-7.532668570302776e-15,-4.650110762627749e-19,-9.395790795651369e-19,-7.475403515324098e-22,0.034127142,0.034127142,0.008531785500000003,0.00853178549999999,0.008531785499999996,0.00853178550000001,533.2849613480585,533.284961348058,533.2849613480582,533.2849613480586,0.18713265194993522,1.0199706000001014,1.4560075875924173e-16,1.8584287102677466e-17,1.4921190524554737
4.05,attitude_only,-2.3294348334805525e-17,7.952565572736463e-18,-1.1980355284677024e-15,1.0,0.0,0.0,0.0,1.0,-4.658869666961107e-17,1.590513114547287e-17,-2.396071056935405e-15,0.0,0.0,0.0,4.525234955638758e-16,7.910875298007616e-16,-7.532926211139636e-15,-4.917948878813746e-19,-9.433670844022717e-19,-7.475403515324098e-22,0.034127142,0.034127142,0.008531785500000003,0.00853178549999999,0.008531785499999996,0.00853178550000001,533.2849613480585,533.284961348058,533.2849613480582,533.2849613480586,0.0990536255026786,1.0199706000001014,1.4809603338615357e-16,1.9301598642371312e-17,1.4895864276526103
4.06,attitude_only,-2.095876818273931e-17,1.1918438029169267e-17,-1.2356964709237289e-15,1.0,0.0,0.0,0.0,1.0,-4.1917536365478653e-17,2.3836876058338482e-17,-2.4713929418474578e-15,0.0,0.0,0.0,4.743971636076062e-16,7.943237294122783e-16,-7.531658336016218e-15,-5.22787261169927e-19,-9.551937612302145e-19,-7.475403515324098e-22,0.034127142,0.034127142,0.008531785500000003,0.008531785499999988,0.008531785499999996,0.008531785500000012,533.2849613480585,533.2849613480579,533.2849613480582,533.2849613480587,0.01095334404514342,1.0199706000001014,1.5059275989600096e-16,2.0022707874591093e-17,1.48617194983476
4.07,attitude_only,-1.857464370235839e-17,1.5909516857768803e-17,-1.273352600004124e-15,1.0,0.0,0.0,0.0,1.0,-3.714928740471682e-17,3.181903371553756e-17,-2.546705200008248e-15,0.0,0.0,0.0,4.774365151788691e-16,7.992598121062752e-16,-7.53038997686754e-15,-5.3120884820723165e-19,-9.69109658584074e-19,-7.475403515324098e-22,0.034127142,0.034127142,0.008531785500000003,0.008531785499999988,0.008531785499999996,0.008531785500000012,533.2849613480585,533.2849613480579,533.2849613480582,533.2849613480587,-0.0771642975425409,1.0199706000001014,1.530919170982112e-16,2.0747573169161032e-17,1.4818756011958274
4.08,attitude_only,-1.6152635445821744e-17,1.98993768040838e-17,-1.3110008752045162e-15,1.0,0.0,0.0,0.0,1.0,-3.2305270891643536e-17,3.979875360816756e-17,-2.6220017504090324e-15,0.0,0.0,0.0,4.876437347651924e-16,7.930377484563905e-16,-7.528867849084078e-15,-5.4833394905847135e-19,-9.695735596887762e-19,-7.475403515324098e-22,0.034127142,0.034127142,0.008531785500000003,0.008531785499999988,0.008531785499999996,0.008531785500000012,533.2849613480585,533.2849613480579,533.2849613480582,533.2849613480587,-0.1652961045597322,1.0199706000001014,1.5559414816913398e-16,2.1475890948328478e-17,1.4766973678695425
4.09,attitude_only,-1.3761213222515341e-17,2.3782540509960288e-17,-1.3486435671319243e-15,1.0,0.0,0.0,0.0,1.0,-2.7522426445030746e-17,4.756508101992054e-17,-2.6972871342638486e-15,0.0,0.0,0.0,4.662329704261439e-16,7.65322271416134e-16,-7.528868575121966e-15,-5.273033615558745e-19,-9.439682099546294e-19,-7.475403515324098e-22,0.034127142,0.034127142,0.008531785500000003,0.008531785499999988,0.008531785499999996,0.008531785500000012,533.2849613480585,533.2849613480579,533.2849613480582,533.2849613480587,-0.253439459888053,1.0199706000001014,1.5809953691443526e-16,2.2207528563923766e-17,1.4706372390575293
4.1,attitude_only,-1.1393247649419025e-17,2.7553866167580986e-17,-1.3862847393516747e-15,1.0,0.0,0.0,0.0,1.0,-2.2786495298838127e-17,5.510773233516194e-17,-2.7725694787033494e-15,0.0,0.0,0.0,4.743865814074424e-16,7.399089397221562e-16,-7.527852774544926e-15,-5.41831560547507e-19,-9.208713013190775e-19,-7.475403515324098e-22,0.034127142,0.034127142,0.008531785500000003,0.00853178549999999,0.008531785499999996,0.00853178550000001,533.2849613480585,533.284961348058,533.2849613480582,533.2849613480586,-0.3415922220526313,1.0199706000001014,1.6060872906610063e-16,2.294217851490631e-17,1.4636952063504194
4.11,attitude_only,-9.009697790008256e-18,3.121494814559344e-17,-1.423924004313456e-15,1.0,0.0,0.0,0.0,1.0,-1.8019395580016602e-17,6.242989629118685e-17,-2.847848008626912e-15,0.0,0.0,0.0,4.657491197600536e-16,7.172144795868517e-16,-7.528361158858705e-15,-5.361240977682414e-19,-9.008100939525811e-19,-7.475403515324098e-22,0.034127142,0.034127142,0.008531785500000003,0.00853178549999999,0.008531785499999996,0.00853178550000001,533.2849613480585,533.284961348058,533.2849613480582,533.2849613480586,-0.42975264066564534,1.0199706000001014,1.6312247586685255e-16,2.367894285399307e-17,1.4558712631992425
4.12,attitude_only,-6.673013363829342e-18,3.47497457283826e-17,-1.4615667008996073e-15,1.0,0.0,0.0,0.0,1.0,-1.3346026727658786e-17,6.949949145676518e-17,-2.9231334017992146e-15,0.0,0.0,0.0,4.702798508922272e-16,7.046915203129651e-16,-7.528616016550324e-15,-5.462637736357718e-19,-8.928294580270466e-19,-7.475403515324098e-22,0.034127142,0.034127142,0.008531785500000003,0.00853178549999999,0.008531785499999996,0.00853178550000001,533.2849613480585,533.284961348058,533.2849613480582,533.2849613480586,-0.5179192864412056,1.0199706000001014,1.6564135929549297e-16,2.4417893638218614e-17,1.4471654045038083
4.13,attitude_only,-4.352651578817476e-18,3.820114236158471e-17,-1.499203439579886e-15,1.0,0.0,0.0,0.0,1.0,-8.705303157635067e-18,7.640228472316941e-17,-2.998406879159772e-15,0.0,0.0,0.0,4.63922525533689e-16,6.806872691623186e-16,-7.527094191282648e-15,-5.432742084608628e-19,-8.70831229337894e-19,-7.475403515324098e-22,0.034127142,0.034127142,0.008531785500000002,0.00853178549999999,0.008531785499999998,0.00853178550000001,533.2849613480583,533.284961348058,533.2849613480582,533.2849613480586,-0.6060909933855738,1.0199706000001014,1.681664493733499e-16,2.5158275114423785e-17,1.437577626292178
4.14,attitude_only,-2.0469927394428617e-18,4.1542308254172654e-17,-1.536838783561227e-15,1.0,0.0,0.0,0.0,1.0,-4.093985478885851e-18,8.30846165083453e-17,-3.073677567122454e-15,0.0,0.0,0.0,4.578804942399641e-16,6.579013175800235e-16,-7.52582540861187e-15,-5.406025758507925e-19,-8.500671006149399e-19,-7.475403515324098e-22,0.034127142,0.034127142,0.008531785500000002,0.00853178549999999,0.008531785499999998,0.00853178550000001,533.2849613480583,533.284961348058,533.2849613480582,533.2849613480586,-0.6942668111308468,1.0199706000001014,1.706981937247024e-16,2.5899658993552317e-17,1.427107925471058
4.15,attitude_only,2.1670722325540362e-19,4.4790488139232845e-17,-1.5744679119051041e-15,1.0,0.0,0.0,0.0,1.0,4.334144465106662e-19,8.958097627846569e-17,-3.1489358238102082e-15,0.0,0.0,0.0,4.516698803183346e-16,6.449923507595233e-16,-7.526333671919333e-15,-5.376665379480207e-19,-8.4102626393793535e-19,-7.475403515324098e-22,0.034127142,0.034127142,0.008531785500000002,0.00853178549999999,0.008531785499999998,0.00853178550000001,533.2849613480583,533.284961348058,533.2849613480582,533.2849613480586,-0.7824459656973758,1.0199706000001014,1.7323733937383346e-16,2.6641781137987144e-17,1.4157562996314232
4.16,attitude_only,2.442527851247188e-18,4.7979130593240825e-17,-1.6121026269857712e-15,1.0,0.0,0.0,0.0,1.0,4.8850557024942215e-18,9.595826118648166e-17,-3.2242052539715424e-15,0.0,0.0,0.0,4.457035031219876e-16,6.265471468731135e-16,-7.527349290986901e-15,-5.349639203436241e-19,-8.251574907429745e-19,-7.475403515324098e-22,0.034127142,0.034127142,0.008531785500000002,0.00853178549999999,0.008531785499999998,0.00853178550000001,533.2849613480583,533.284961348058,533.2849613480582,533.2849613480586,-0.8706278272434939,1.0199706000001014,1.757848117206873e-16,2.7384169518439804e-17,1.4035227468971438
4.17,attitude_only,4.694272683460268e-18,5.1063773931690945e-17,-1.649746860250715e-15,1.0,0.0,0.0,0.0,1.0,9.388545366920368e-18,1.021275478633819e-16,-3.29949372050143e-15,0.0,0.0,0.0,4.485647132113417e-16,6.046661284954383e-16,-7.52785697951437e-15,-5.428830195829623e-19,-8.0494692997471855e-19,-7.475403515324098e-22,0.034127142,0.034127142,0.008531785500000002,0.00853178549999999,0.008531785499999998,0.00853178550000001,533.2849613480583,533.284961348058,533.2849613480582,533.2849613480586,-0.9588118835956543,1.0199706000001014,1.7834092025865646e-16,2.812597228933042e-17,1.3904072658071012
4.18,attitude_only,6.890411033117832e-18,5.399226010383038e-17,-1.6873908409041472e-15,1.0,0.0,0.0,0.0,1.0,1.3780822066235482e-17,1.0798452020766079e-16,-3.3747816818082945e-15,0.0,0.0,0.0,4.3438812176630353e-16,5.690695768635987e-16,-7.53090249052182e-15,-5.302149910665794e-19,-7.679217637851469e-19,-7.475403515324098e-22,0.034127142,0.034127142,0.008531785500000002,0.00853178549999999,0.008531785499999998,0.00853178550000001,533.2849613480583,533.284961348058,533.2849613480582,533.2849613480586,-1.0469977185509063,1.0199706000001014,1.809059443111395e-16,2.886722709676182e-17,1.3764098552233823
4.19,attitude_only,9.042421046347906e-18,5.675315193263144e-17,-1.7250487785072881e-15,1.0,0.0,0.0,0.0,1.0,1.8084842092695614e-17,1.135063038652629e-16,-3.4500975570145763e-15,0.0,0.0,0.0,4.326471816958352e-16,5.392863178192546e-16,-7.532678734833224e-15,-5.324523347989761e-19,-7.37574716110127e-19,-7.475403515324098e-22,0.034127142,0.034127142,0.008531785500000002,0.00853178549999999,0.008531785499999998,0.00853178550000001,533.2849613480583,533.284961348058,533.2849613480582,533.2849613480586,-1.1351849941126584,1.0199706000001014,1.8348031411376846e-16,2.9607524012232e-17,1.3615305142597847
4.2,attitude_only,1.112220683987455e-17,5.932512312754362e-17,-1.7627115376615498e-15,1.0,0.0,0.0,0.0,1.0,2.224441367974889e-17,1.1865024625508729e-16,-3.5254230753230995e-15,0.0,0.0,0.0,3.99800607553491e-16,4.966240573179957e-16,-7.532424951072645e-15,-4.970344519036979e-19,-6.913462440817962e-19,-7.475403515324098e-22,0.034127142,0.034127142,0.008531785500000002,0.008531785499999991,0.008531785499999998,0.008531785500000008,533.2849613480583,533.284961348058,533.2849613480582,533.2849613480586,-1.2233734359631194,1.0199706000001014,1.8606449094936599e-16,3.0346484127576046e-17,1.3457692422261354
4.21,attitude_only,1.307870070675251e-17,6.172219996977873e-17,-1.800369856481078e-15,1.0,0.0,0.0,0.0,1.0,2.6157401413504798e-17,1.2344439993955751e-16,-3.600739712962156e-15,0.0,0.0,0.0,3.8805583547007496e-16,4.621038663205757e-16,-7.531156319659762e-15,-4.868212837582993e-19,-6.545430535480978e-19,-7.475403515324098e-22,0.034127142,0.034127142,0.008531785500000002,0.008531785499999991,0.008531785499999998,0.008531785500000008,533.2849613480583,533.284961348058,533.2849613480582,533.2849613480586,-1.3115628215946242,1.0199706000001014,1.8865900754500745e-16,3.108423495455477e-17,1.3291260385849293
4.22,attitude_only,1.5005857532795508e-17,6.39676924096831e-17,-1.8380270338976226e-15,1.0,0.0,0.0,0.0,1.0,3.001171506559078e-17,1.2793538481936624e-16,-3.676054067795245e-15,0.0,0.0,0.0,3.8477627210560627e-16,4.351685242249752e-16,-7.531917640689912e-15,-4.867335704419929e-19,-6.265723282756268e-19,-7.475403515324098e-22,0.034127142,0.034127142,0.008531785500000002,0.008531785499999991,0.008531785499999998,0.008531785500000008,533.2849613480583,533.284961348058,533.2849613480582,533.2849613480586,-1.3997529706231429,1.0199706000001014,1.912645014990992e-16,3.181969218622073e-17,1.3116009029175575
4.23,attitude_only,1.6870044035009262e-17,6.604806869436071e-17,-1.8756854802405327e-15,1.0,0.0,0.0,0.0,1.0,3.374008807001828e-17,1.320961373887215e-16,-3.7513709604810654e-15,0.0,0.0,0.0,3.6768252177135253e-16,4.018773424343598e-16,-7.531663909869596e-15,-4.698978952586022e-19,-5.906416835512322e-19,-7.475403515324098e-22,0.034127142,0.034127142,0.008531785500000002,0.008531785499999991,0.008531785499999998,0.008531785500000008,533.2849613480583,533.284961348058,533.2849613480582,533.2849613480586,-1.4879437368894728,1.0199706000001014,1.938813703480082e-16,3.2552634629170115e-17,1.2931938348980083
4.24,attitude_only,1.8633532781013473e-17,6.794696715067578e-17,-1.9133481139587716e-15,1.0,0.0,0.0,0.0,1.0,3.7267065562026686e-17,1.3589393430135163e-16,-3.826696227917543e-15,0.0,0.0,0.0,3.4155413592431596e-16,3.6462772223153617e-16,-7.533694089199471e-15,-4.419593736014014e-19,-5.495884165301592e-19,-7.475403515324098e-22,0.034127142,0.034127142,0.0085317855,0.008531785499999993,0.0085317855,0.008531785500000007,533.2849613480583,533.2849613480581,533.2849613480583,533.2849613480586,-1.5761350020240865,1.0199706000001014,1.9650990281689894e-16,3.328297467658955e-17,1.2739048342723833
4.25,attitude_only,2.0286868938571852e-17,6.965723054108089e-17,-1.9510236900948176e-15,1.0,0.0,0.0,0.0,1.0,4.057373787714343e-17,1.3931446108216186e-16,-3.902047380189635e-15,0.0,0.0,0.0,3.202922918026677e-16,3.3379911072524517e-16,-7.534962992876562e-15,-4.196480835734501e-19,-5.159320738298623e-19,-7.475403515324098e-22,0.034127142,0.034127142,0.0085317855,0.008531785499999993,0.0085317855,0.008531785500000007,533.2849613480583,533.2849613480581,533.2849613480583,533.2849613480586,-1.6643266702079933,1.0199706000001014,1.991503888463346e-16,3.401047824129534e-17,1.2537339008429476
4.26,attitude_only,2.1891776010997977e-17,7.12628498226322e-17,-1.98870269243831e-15,1.0,0.0,0.0,0.0,1.0,4.378355202199567e-17,1.425256996452645e-16,-3.97740538487662e-15,0.0,0.0,0.0,3.162357663008589e-16,3.081612517007381e-16,-7.535978131700316e-15,-4.1794261063428805e-19,-4.882482555174612e-19,-7.475403515324098e-22,0.034127142,0.034127142,0.0085317855,0.008531785499999993,0.0085317855,0.008531785500000007,533.2849613480583,533.2849613480581,533.2849613480583,533.2849613480586,-1.7525186639112706,1.0199706000001014,2.018037574566074e-16,3.4734431659616854e-17,1.2326810344557042
4.27,attitude_only,2.3405607030433914e-17,7.268812684944432e-17,-2.0263876584468187e-15,1.0,0.0,0.0,0.0,1.0,4.681121406086753e-17,1.4537625369888873e-16,-4.052775316893637e-15,0.0,0.0,0.0,3.0613013672491096e-16,2.758866498659587e-16,-7.536739437604675e-15,-4.0887715651039953e-19,-4.522775998143854e-19,-7.475403515324098e-22,0.034127142,0.034127142,0.0085317855,0.008531785499999993,0.0085317855,0.008531785500000007,533.2849613480583,533.2849613480581,533.2849613480583,533.2849613480586,-1.8407109204286738,1.0199706000001014,2.0446983850229065e-16,3.54547369710855e-17,1.2107462349907199
4.28,attitude_only,2.4933787401991204e-17,7.401104002001094e-17,-2.064070848104191e-15,1.0,0.0,0.0,0.0,1.0,4.98675748039821e-17,1.4802208004002198e-16,-4.128141696208382e-15,0.0,0.0,0.0,3.093182695751358e-16,2.5717228092651065e-16,-7.536993206239458e-15,-4.1579609862642093e-19,-4.3239207989631306e-19,-7.475403515324098e-22,0.034127142,0.034127142,0.0085317855,0.008531785499999993,0.0085317855,0.008531785500000007,533.2849613480583,533.2849613480581,533.2849613480583,533.2849613480586,-1.9289033890655165,1.0199706000001014,2.0714938842822725e-16,3.617042771799518e-17,1.1879295023545915
4.29,attitude_only,2.6420958993038926e-17,7.520603336810492e-17,-2.101753530226183e-15,1.0,0.0,0.0,0.0,1.0,5.284191798607754e-17,1.5041206673620997e-16,-4.203507060452366e-15,0.0,0.0,0.0,2.875226082392804e-16,2.1858150106023472e-16,-7.535978141153927e-15,-3.925165311057872e-19,-3.882689590673843e-19,-7.475403515324098e-22,0.034127142,0.034127142,0.0085317855,0.008531785499999995,0.0085317855,0.008531785500000005,533.2849613480583,533.2849613480581,533.2849613480583,533.2849613480585,-2.0170960288527215,1.0199706000001014,2.098426070214379e-16,3.6881456633370257e-17,1.1642308364745766
4.3,attitude_only,2.782887705422675e-17,7.621786365564984e-17,-2.139435831759035e-15,1.0,0.0,0.0,0.0,1.0,5.565775410845318e-17,1.524357273112998e-16,-4.27887166351807e-15,0.0,0.0,0.0,2.8053688277076387e-16,1.935926940722093e-16,-7.537246989054669e-15,-3.8693902937127494e-19,-3.6021831762247583e-19,-7.475403515324098e-22,0.034127142,0.034127142,0.0085317855,0.008531785499999995,0.0085317855,0.008531785500000005,533.2849613480583,533.2849613480581,533.2849613480583,533.2849613480585,-2.1052888066932613,1.0199706000001014,2.1254923030841606e-16,3.7587935581605766e-17,1.139650237294023
4.31,attitude_only,2.9153002566480136e-17,7.71073100700473e-17,-2.177117371999218e-15,1.0,0.0,0.0,0.0,1.0,5.830600513295994e-17,1.5421462014009472e-16,-4.354234743998436e-15,0.0,0.0,0.0,2.533865937532712e-16,1.6121626483051532e-16,-7.535724383863475e-15,-3.5689254848781635e-19,-3.2297876518074817e-19,-7.475403515324098e-22,0.034127142,0.034127142,0.0085317855,0.008531785499999995,0.0085317855,0.008531785500000005,533.2849613480583,533.2849613480581,533.2849613480583,533.2849613480585,-2.193481695858842,1.0199706000001014,2.1526995685779354e-16,3.828949704256132e-17,1.1141877047688096
4.32,attitude_only,3.042373770980701e-17,7.786563206655525e-17,-2.214801069307066e-15,1.0,0.0,0.0,0.0,1.0,6.084747541961367e-17,1.5573126413311063e-16,-4.429602138614132e-15,0.0,0.0,0.0,2.48212106579628e-16,1.4245325816679871e-16,-7.537754537195901e-15,-3.53165284945241e-19,-3.018876897659563e-19,-7.475403515324098e-22,0.034127142,0.034127142,0.0085317855,0.008531785499999995,0.0085317855,0.008531785500000005,533.2849613480583,533.2849613480581,533.2849613480583,533.2849613480585,-2.281674674771765,1.0199706000001014,2.180048292936156e-16,3.8985814039288386e-17,1.0878432388645756
4.33,attitude_only,3.160960278020922e-17,7.851482696450704e-17,-2.2524972013018886e-15,1.0,0.0,0.0,0.0,1.0,6.321920556041808e-17,1.5702965392901423e-16,-4.504994402603777e-15,0.0,0.0,0.0,2.2664793892017916e-16,1.1808032593622814e-16,-7.538769619297943e-15,-3.2955476314310413e-19,-2.7382097434863387e-19,-7.475403515324098e-22,0.034127142,0.034127142,0.0085317855,0.008531785499999995,0.0085317855,0.008531785500000005,533.2849613480583,533.2849613480581,533.2849613480583,533.2849613480585,-2.3698677260177288,1.0199706000001014,2.2075421882404302e-16,3.967672313260781e-17,1.0606168395545603
4.34,attitude_only,3.2677017855578316e-17,7.90257220664552e-17,-2.290192318255024e-15,1.0,0.0,0.0,0.0,1.0,6.535403571115627e-17,1.5805144413291055e-16,-4.580384636510048e-15,0.0,0.0,0.0,2.029122402300782e-16,8.921018963002949e-17,-7.538008318120388e-15,-3.031010471172837e-19,-2.4006891267749574e-19,-7.475403515324098e-22,0.034127142,0.034127142,0.0085317855,0.008531785499999996,0.0085317855,0.008531785500000003,533.2849613480583,533.2849613480582,533.2849613480583,533.2849613480585,-2.458060835546938,1.0199706000001014,2.235180480433352e-16,4.036227276882185e-17,1.0325085068179232
4.35,attitude_only,3.3643007580824794e-17,7.936116988683431e-17,-2.32788426311925e-15,1.0,0.0,0.0,0.0,1.0,6.728601516164922e-17,1.5872233977366877e-16,-4.6557685262385e-15,0.0,0.0,0.0,1.8498383343147392e-16,4.887322355205381e-17,-7.53775455468509e-15,-2.8343679729327326e-19,-1.9215328561944548e-19,-7.475403515324098e-22,0.034127142,0.034127142,0.0085317855,0.008531785499999996,0.0085317855,0.008531785500000003,533.2849613480583,533.2849613480582,533.2849613480583,533.2849613480585,-2.546253992027335,1.0199706000001014,2.2629618497890807e-16,4.1042160365853593e-17,1.003518240638432
4.36,attitude_only,3.456680253065862e-17,7.95883773047073e-17,-2.3655734165457466e-15,1.0,0.0,0.0,0.0,1.0,6.913360506131686e-17,1.5917675460941477e-16,-4.731146833091493e-15,0.0,0.0,0.0,1.8055435071984006e-16,3.7694078223043184e-17,-7.539277166257471e-15,-2.799269615465112e-19,-1.791152520068632e-19,-7.475403515324098e-22,0.034127142,0.034127142,0.0085317855,0.008531785499999996,0.0085317855,0.008531785500000003,533.2849613480583,533.2849613480582,533.2849613480583,533.2849613480585,-2.6344471863215833,1.0199706000001014,2.290890260932395e-16,4.1715808847914333e-17,0.9736460410034469
4.37,attitude_only,3.5399720849751896e-17,7.973341564585841e-17,-2.4032724669558525e-15,1.0,0.0,0.0,0.0,1.0,7.079944169950341e-17,1.59466831291717e-16,-4.806544933911705e-15,0.0,0.0,0.0,1.5153825302604547e-16,1.8979651338762716e-17,-7.541814854259726e-15,-2.466230268442181e-19,-1.5684773625911423e-19,-7.475403515324098e-22,0.034127142,0.034127142,0.0085317855,0.008531785499999996,0.0085317855,0.008531785500000003,533.2849613480583,533.2849613480582,533.2849613480583,533.2849613480585,-2.7226404110637588,1.0199706000001014,2.3189692630477647e-16,4.238324333793789e-17,0.9428919079031229
4.38,attitude_only,3.6059657627207476e-17,7.975424748090661e-17,-2.440978749771046e-15,1.0,0.0,0.0,0.0,1.0,7.211931525441456e-17,1.595084949618134e-16,-4.881957499542092e-15,0.0,0.0,0.0,1.2509759775292835e-16,-8.26706935627233e-18,-7.541561086097622e-15,-2.161452164940068e-19,-1.2406900073150945e-19,-7.475403515324098e-22,0.034127142,0.034127142,0.0085317855,0.008531785499999996,0.0085317855,0.008531785500000002,533.2849613480583,533.2849613480582,533.2849613480583,533.2849613480583,-2.810833660317617,1.0199706000001014,2.347196269610561e-16,4.304496474059579e-17,0.9112558413297931
4.39,attitude_only,3.6611982340694106e-17,7.961160608486552e-17,-2.4786818604834447e-15,1.0,0.0,0.0,0.0,1.0,7.322396468138782e-17,1.5922321216973122e-16,-4.957363720966889e-15,0.0,0.0,0.0,9.485648772916614e-17,-4.789751835506422e-17,-7.539277169093557e-15,-1.8080444934278383e-19,-7.603348674940858e-20,-7.475403515324098e-22,0.034127142,0.034127142,0.0085317855,0.008531785499999998,0.0085317855,0.008531785500000002,533.2849613480583,533.2849613480582,533.2849613480583,533.2849613480583,-2.899026929300187,1.0199706000001014,2.375568747325001e-16,4.370036252353326e-17,0.8787378412774862
4.4,attitude_only,3.700288951287157e-17,7.9257389753884e-17,-2.5163746935645984e-15,1.0,0.0,0.0,0.0,1.0,7.400577902574274e-17,1.585147795077682e-16,-5.032749387129197e-15,0.0,0.0,0.0,6.913919706127068e-17,-9.121502476913844e-17,-7.538262093727217e-15,-1.50635092511922e-19,-2.314032880482809e-20,-7.475403515324098e-22,0.034127142,0.034127142,0.008531785499999998,0.008531785499999998,0.008531785500000002,0.008531785500000002,533.2849613480582,533.2849613480582,533.2849613480583,533.2849613480583,-2.98722021415885,1.0199706000001014,2.4040827954817687e-16,4.434973023871312e-17,0.8453379077415519
4.41,attitude_only,3.733631756154664e-17,7.878369194299354e-17,-2.5540731095604443e-15,1.0,0.0,0.0,0.0,1.0,7.467263512309288e-17,1.5756738388598729e-16,-5.1081462191208886e-15,0.0,0.0,0.0,5.878587041685959e-17,-9.761881924327758e-17,-7.539530939028213e-15,-1.387989592427973e-19,-1.4479587243428353e-20,-7.475403515324098e-22,0.034127142,0.034127142,0.008531785499999998,0.008531785499999998,0.008531785500000002,0.008531785500000002,533.2849613480582,533.2849613480582,533.2849613480583,533.2849613480583,-3.0754135117907575,1.0199706000001014,2.432742766712537e-16,4.4992301089458847e-17,0.8110560407183688
4.42,attitude_only,3.7652226171452163e-17,7.830714691436599e-17,-2.5917708911407e-15,1.0,0.0,0.0,0.0,1.0,7.530445234290392e-17,1.5661429382873217e-16,-5.1835417822814e-15,0.0,0.0,0.0,6.701317675920727e-17,-9.720320453805747e-17,-7.540038476593217e-15,-1.4934185862120657e-19,-1.4006292844311945e-20,-7.475403515324098e-22,0.034127142,0.034127142,0.008531785499999998,0.008531785499999998,0.008531785500000002,0.008531785500000002,533.2849613480582,533.2849613480582,533.2849613480583,533.2849613480583,-3.1636068196976694,1.0199706000001014,2.4615569199675173e-16,4.56277420878828e-17,0.7758922402051164
4.43,attitude_only,3.791554507865422e-17,7.776073824396631e-17,-2.6294699415663166e-15,1.0,0.0,0.0,0.0,1.0,7.583109015730803e-17,1.5552147648793282e-16,-5.258939883132633e-15,0.0,0.0,0.0,4.3575366271739737e-17,-1.2030334714185113e-16,-7.540799783147514e-15,-1.2165223969896292e-19,1.4916911751658898e-20,-7.475403515324098e-22,0.034127142,0.034127142,0.008531785499999998,0.0085317855,0.008531785500000002,0.0085317855,533.2849613480582,533.2849613480583,533.2849613480583,533.2849613480583,-3.251800135868523,1.0199706000001014,2.490520704038405e-16,4.625606069897858e-17,0.7398465061995978
4.44,attitude_only,3.804068619764087e-17,7.70758608667583e-17,-2.6671804115839254e-15,1.0,0.0,0.0,0.0,1.0,7.608137239528134e-17,1.541517217335168e-16,-5.334360823167851e-15,0.0,0.0,0.0,1.2303796132822287e-17,-1.499238147600674e-16,-7.542829932816664e-15,-8.424939349359021e-20,5.196071104111922e-20,-7.475403515324098e-22,0.034127142,0.034127142,0.008531785499999998,0.0085317855,0.008531785500000002,0.0085317855,533.2849613480582,533.2849613480583,533.2849613480583,533.2849613480583,-3.3399934586846767,1.0199706000001014,2.519627694242183e-16,4.6877882702433765e-17,0.7029188387001024
4.45,attitude_only,3.804752993202247e-17,7.624511855242579e-17,-2.704897225818895e-15,1.0,0.0,0.0,0.0,1.0,7.609505986404453e-17,1.5249023710485178e-16,-5.40979445163779e-15,0.0,0.0,0.0,-1.5111340677518072e-18,-1.7789136298037342e-16,-7.54308370159917e-15,-6.765636591222379e-20,8.730068253529013e-20,-7.475403515324098e-22,0.034127142,0.034127142,0.008531785499999998,0.0085317855,0.008531785500000002,0.0085317855,533.2849613480582,533.2849613480583,533.2849613480583,533.2849613480583,-3.4281867868438467,1.0199706000001014,2.548875776880039e-16,4.749313028796908e-17,0.665109237705298
4.46,attitude_only,3.801356026013209e-17,7.530710121866812e-17,-2.742608837797162e-15,1.0,0.0,0.0,0.0,1.0,7.602712052026376e-17,1.5061420243733644e-16,-5.485217675594324e-15,0.0,0.0,0.0,-8.875551951834673e-18,-1.9081822998243186e-16,-7.542576164344361e-15,-5.8730308931806e-20,1.0472110523758453e-19,-7.475403515324098e-22,0.034127142,0.034127142,0.008531785499999998,0.0085317855,0.008531785500000002,0.0085317855,533.2849613480582,533.2849613480583,533.2849613480583,533.2849613480583,-3.5163801192981192,1.0199706000001014,2.578265573023081e-16,4.810122218040513e-17,0.6264177032141467
4.47,attitude_only,3.78999228216434e-17,7.429550599470138e-17,-2.7803203228914585e-15,1.0,0.0,0.0,0.0,1.0,7.579984564328638e-17,1.4859101198940298e-16,-5.560640645782917e-15,0.0,0.0,0.0,-2.850970870562944e-17,-2.0814367341396154e-16,-7.542068627148643e-15,-3.4884223740196e-20,1.2759307408955973e-19,-7.475403515324098e-22,0.034127142,0.034127142,0.008531785499999998,0.0085317855,0.008531785500000002,0.0085317855,533.2849613480582,533.2849613480583,533.2849613480583,533.2849613480583,-3.6045734552046316,1.0199706000001014,2.6077982845259757e-16,4.8702370058183225e-17,0.5868442352258407
4.48,attitude_only,3.776238677374545e-17,7.323119927008808e-17,-2.818031807986081e-15,1.0,0.0,0.0,0.0,1.0,7.552477354749049e-17,1.464623985401764e-16,-5.636063615972162e-15,0.0,0.0,0.0,-2.360245664637482e-17,-2.1185222636459654e-16,-7.541814858469542e-15,-4.0536901644837776e-20,1.3416185989396784e-19,-7.475403515324098e-22,0.034127142,0.034127142,0.008531785499999998,0.0085317855,0.008531785500000002,0.0085317855,533.2849613480582,533.2849613480583,533.2849613480583,533.2849613480583,-3.692766793885454,1.0199706000001014,2.63747276970466e-16,4.9296333521827636e-17,0.5463888337397506
4.49,attitude_only,3.7593251586307333e-17,7.212960190711862e-17,-2.8557495104120662e-15,1.0,0.0,0.0,0.0,1.0,7.518650317261426e-17,1.4425920381423746e-16,-5.7114990208241325e-15,0.0,0.0,0.0,-3.688618484127702e-17,-2.229560965563234e-16,-7.545367619356562e-15,-2.422756596254237e-20,1.4971606508960325e-19,-7.475403515324098e-22,0.034127142,0.034127142,0.008531785499999998,0.008531785500000002,0.008531785500000002,0.008531785499999998,533.2849613480582,533.2849613480583,533.2849613480583,533.2849613480582,-3.780960134795672,1.0199706000001014,2.667288754322827e-16,4.988304464227367e-17,0.505051498755386
4.5,attitude_only,3.7310363222030254e-17,7.092903087766231e-17,-2.893474318359981e-15,1.0,0.0,0.0,0.0,1.0,7.46207264440601e-17,1.4185806175532485e-16,-5.786948636719962e-15,0.0,0.0,0.0,-5.898520362955196e-17,-2.5158248270728014e-16,-7.544352544928196e-15,2.8811086196830545e-21,1.8658355329782407e-19,-7.475403515324098e-22,0.034127142,0.034127142,0.008531785499999998,0.008531785500000002,0.008531785500000002,0.008531785499999998,533.2849613480582,533.2849613480583,533.2849613480583,533.2849613480582,-3.869153477496968,1.0199706000001014,2.6972401402599826e-16,5.046314098763951e-17,0.4628322302723654
4.51,attitude_only,3.701770518684437e-17,6.965218560599561e-17,-2.931197603696622e-15,1.0,0.0,0.0,0.0,1.0,7.403541037368833e-17,1.3930437121199144e-16,-5.862395207393244e-15,0.0,0.0,0.0,-5.808836748308645e-17,-2.5378248485321586e-16,-7.545367619526429e-15,2.3857889187552933e-21,1.9176138072147903e-19,-7.475403515324098e-22,0.034127142,0.034127142,0.008531785499999998,0.008531785500000002,0.008531785500000002,0.008531785499999998,533.2849613480582,533.2849613480583,533.2849613480583,533.2849613480582,-3.95734682163707,1.0199706000001014,2.7273246484654964e-16,5.103606156685161e-17,0.41973102829039155
4.52,attitude_only,3.670648528560941e-17,6.835942068316922e-17,-2.9689183513470254e-15,1.0,0.0,0.0,0.0,1.0,7.341297057121841e-17,1.3671884136633866e-16,-5.937836702694051e-15,0.0,0.0,0.0,-7.318073520834709e-17,-2.5632688259729873e-16,-7.543591239093995e-15,2.1228437541151515e-20,1.973779268403514e-19,-7.475403515324098e-22,0.034127142,0.034127142,0.008531785499999998,0.008531785500000002,0.008531785500000002,0.008531785499999998,533.2849613480582,533.2849613480583,533.2849613480583,533.2849613480582,-4.045540166932772,1.0199706000001014,2.757544920215745e-16,5.160178965049383e-17,0.37574789280923276
4.53,attitude_only,3.635187117579581e-17,6.708648354248929e-17,-3.0066373226171304e-15,1.0,0.0,0.0,0.0,1.0,7.270374235159121e-17,1.341729670849788e-16,-6.013274645234261e-15,0.0,0.0,0.0,-6.845566624420573e-17,-2.498450577011883e-16,-7.543591239127235e-15,1.6242911446623988e-20,1.920981875420309e-19,-7.475403515324098e-22,0.034127142,0.034127142,0.008531785499999998,0.008531785500000002,0.008531785500000002,0.008531785499999998,533.2849613480582,533.2849613480583,533.2849613480583,533.2849613480582,-4.133733513156716,1.0199706000001014,2.7879005877164065e-16,5.216068357312684e-17,0.33088282382870887
4.54,attitude_only,3.60322637492277e-17,6.58424100791927e-17,-3.04434804640681e-15,1.0,0.0,0.0,0.0,1.0,7.2064527498455e-17,1.3168482015838562e-16,-6.08869609281362e-15,0.0,0.0,0.0,-6.437837509347194e-17,-2.45479635195639e-16,-7.541307321473236e-15,1.1993945816678134e-20,1.8931447688732811e-19,-7.475403515324098e-22,0.034127142,0.034127142,0.008531785499999998,0.008531785500000002,0.008531785500000002,0.008531785499999998,533.2849613480582,533.2849613480583,533.2849613480583,533.2849613480582,-4.221926860125983,1.0199706000001014,2.8183901613791883e-16,5.27121953535236e-17,0.2851358213486794
4.55,attitude_only,3.5684210501283925e-17,6.463063105272208e-17,-3.0820490001042628e-15,1.0,0.0,0.0,0.0,1.0,7.136842100256746e-17,1.292612621054444e-16,-6.1640980002085256e-15,0.0,0.0,0.0,-7.751341759764734e-17,-2.454745604204142e-16,-7.539530941048186e-15,2.853113099766507e-20,1.9176313276126243e-19,-7.475403515324098e-22,0.034127142,0.034127142,0.008531785499999998,0.008531785500000002,0.008531785500000002,0.008531785499999998,533.2849613480582,533.2849613480583,533.2849613480583,533.2849613480582,-4.3101202076936955,1.0199706000001014,2.849011516768913e-16,5.3256772748124405e-17,0.23850688536903492
4.555,zero_thrust,4.063553749804769e-17,8.055507539884462e-17,-3.1197417063211714e-15,1.0,0.0,0.0,0.0,1.0,8.127107499609487e-17,1.6111015079768948e-16,-6.239483412642343e-15,0.0,0.0,0.0,1.6399011591376927e-15,5.2567172798950354e-15,-7.537247023342486e-15,0.0,0.0,0.0,0.0,0.0,0.0,0.0,0.0,0.0,0.0,0.0,0.0,0.0,-6.445662139095337,1.0199706000001014,2.8819613086986813e-16,5.364102730072782e-17,0.19354339577492752
4.57,zero_thrust,5.039165064209017e-17,1.1173042018714667e-16,-3.157436319768001e-15,1.0,0.0,0.0,0.0,1.0,1.0078330128417963e-16,2.2346084037429363e-16,-6.314872639536002e-15,0.0,0.0,0.0,2.130665498871372e-15,6.8006139285886615e-15,-7.543424703552976e-15,0.0,0.0,0.0,0.0,0.0,0.0,0.0,0.0,0.0,0.0,0.0,0.0,0.0,-5.42559669859467,1.0199706000001014,2.9516586543958473e-16,5.2167285109897354e-17,0.17067270185286307
4.58,zero_thrust,6.080357536517958e-17,1.4489551793327861e-16,-3.195071198457285e-15,1.0,0.0,0.0,0.0,1.0,1.2160715073035823e-16,2.897910358665576e-16,-6.39014239691457e-15,0.0,0.0,0.0,1.9369507213951683e-15,6.1508882043450715e-15,-7.515692549932634e-15,0.0,0.0,0.0,0.0,0.0,0.0,0.0,0.0,0.0,0.0,0.0,0.0,0.0,-4.127249183182956,1.0199706000001014,3.0957418117653423e-16,4.7319477116524754e-17,0.18133411063750185
4.59,zero_thrust,6.899390108903259e-17,1.708166814814745e-16,-3.23265809504892e-15,1.0,0.0,0.0,0.0,1.0,1.3798780217806407e-16,3.4163336296294946e-16,-6.46531619009784e-15,0.0,0.0,0.0,1.3938198507922434e-15,4.4028247478521e-15,-7.517853548463246e-15,0.0,0.0,0.0,0.0,0.0,0.0,0.0,0.0,0.0,0.0,0.0,0.0,0.0,-2.5578103191536634,1.0199706000001014,3.316566932238116e-16,3.9226573517714334e-17,0.21853356200713614
4.6,zero_thrust,7.58554588998367e-17,1.9257680175651137e-16,-3.270228250840929e-15,1.0,0.0,0.0,0.0,1.0,1.5171091779967215e-16,3.8515360351302322e-16,-6.540456501681858e-15,0.0,0.0,0.0,1.3702972175120052e-15,4.354690650976204e-15,-7.515617212369182e-15,0.0,0.0,0.0,0.0,0.0,0.0,0.0,0.0,0.0,0.0,0.0,0.0,0.0,-1.1906668575332875,1.0199706000001014,3.558265135979581e-16,3.0275247969406413e-17,0.2613126318966212
4.61,hover,8.263052009494844e-17,2.1438963443558576e-16,-3.3078095129758445e-15,1.0,0.0,0.0,0.0,1.0,1.6526104018989544e-16,4.2877926887117206e-16,-6.615619025951689e-15,0.0,0.0,0.0,1.3472729066412211e-15,4.369777999623259e-15,-7.51712396363823e-15,-1.6946851871553902e-18,-5.3902377192873805e-18,9.094972455650731e-18,0.34127141999999994,0.34127141999999994,0.08531785499999964,0.0853178550000003,0.08531785499999958,0.08531785500000041,1686.3951197747188,1686.3951197747253,1686.3951197747183,1686.3951197747265,1.832998809071852,1.0199706000001014,3.7999182585722286e-16,2.1326480003173857e-17,0.3030956163230876
4.62,hover,8.931547850530525e-17,2.3622476282525677e-16,-3.337920552122314e-15,1.0,0.0,0.0,0.0,1.0,1.7863095701060892e-16,4.724495256505141e-16,-6.675841104244628e-15,0.0,0.0,0.0,1.3283046154173183e-15,4.3485325804961375e-15,-4.3674111108175134e-15,-1.6852062838408796e-18,-5.408228542139795e-18,5.358991143374045e-18,0.34127141999999994,0.34127141999999994,0.08531785499999979,0.08531785500000015,0.08531785499999973,0.08531785500000026,1686.3951197747203,1686.3951197747238,1686.39511977472,1686.395119774725,1.946636028196338,1.0199706000001014,4.0416489078052235e-16,1.2375482433573513e-17,0.34391575970289123
4.63,hover,9.725128023024695e-17,2.612898762599981e-16,-3.354963542836827e-15,1.0,0.0,0.0,0.0,1.0,1.9450256046049214e-16,5.225797525199969e-16,-6.709927085673654e-15,0.0,0.0,0.0,1.3378215480447355e-15,3.991780760865418e-15,-1.8320086806580423e-15,-1.7100048184742272e-18,-5.0200441661915844e-18,2.33482831398926e-18,0.34127141999999994,0.34127141999999994,0.08531785499999991,0.08531785500000003,0.08531785499999986,0.08531785500000014,1686.3951197747215,1686.3951197747226,1686.395119774721,1686.3951197747238,2.356810062420549,1.0199706000001014,4.2839800502856745e-16,3.4007812159367773e-18,0.3838908216960643
4.64,hover,1.0289115488837361e-16,2.7682580081376615e-16,-3.3582800505623618e-15,1.0,0.0,0.0,0.0,1.0,2.0578230977674538e-16,5.53651601627533e-16,-6.7165601011247236e-15,0.0,0.0,0.0,1.4557398344971516e-15,3.805752238824489e-15,-7.1346031964391e-17,-1.866064160562098e-18,-4.834867462130714e-18,2.227465958765223e-19,0.34127141999999994,0.34127141999999994,0.085317855,0.08531785499999994,0.08531785499999996,0.08531785500000004,1686.3951197747224,1686.3951197747217,1686.395119774722,1686.3951197747226,2.672614327920693,1.0199706000001014,4.528075491100164e-16,-5.645836792325067e-18,0.42324913559527966
4.65,hover,1.1050603192750205e-16,2.9434109484644464e-16,-3.3571020633565535e-15,1.0,0.0,0.0,0.0,1.0,2.2101206385500213e-16,5.886821896928901e-16,-6.714204126713107e-15,0.0,0.0,0.0,1.6147575117615212e-15,3.0659062869740144e-15,-1.797845417169196e-16,-2.0730329483969575e-18,-3.977711382779887e-18,3.5467065299672593e-19,0.34127141999999994,0.34127141999999994,0.08531785499999998,0.08531785499999996,0.08531785499999996,0.08531785500000004,1686.3951197747222,1686.395119774722,1686.395119774722,1686.3951197747226,2.9170139816885543,1.0199706000001014,4.775177593780723e-16,-1.481327350284857e-17,0.4621952615628788
4.66,hover,1.189741196506334e-16,3.0411353886015844e-16,-3.358518178438239e-15,1.0,0.0,0.0,0.0,1.0,2.379482393012648e-16,6.082270777203177e-16,-6.717036356876478e-15,0.0,0.0,0.0,1.6761049492630308e-15,8.633184033390982e-16,-3.0171244046235925e-16,-2.1634109228913988e-18,-1.3432391064513788e-18,5.04001255895877e-19,0.34127141999999994,0.34127141999999994,0.08531785499999996,0.08531785499999998,0.08531785499999997,0.08531785500000003,1686.395119774722,1686.3951197747222,1686.395119774722,1686.3951197747226,3.1072565130185668,1.0199706000001014,5.025983638903731e-16,-2.414456209272456e-17,0.5008775279462642
4.67,hover,1.2658438088164747e-16,3.0121515069373964e-16,-3.356736041467999e-15,1.0,0.0,0.0,0.0,1.0,2.531687617632929e-16,6.024303013874802e-16,-6.713472082935998e-15,0.0,0.0,0.0,1.3205969568919959e-15,-1.6894806549894992e-15,1.0491535143990616e-15,-1.750007301615077e-18,1.7370145700928324e-18,-1.1275294250818182e-18,0.34127141999999994,0.34127141999999994,0.085317855,0.08531785499999994,0.08531785500000005,0.08531785499999994,1686.3951197747224,1686.3951197747217,1686.3951197747228,1686.3951197747217,3.2561511283617586,1.0199706000001014,5.280854535303105e-16,-3.366400402922566e-17,0.5393948238436086
4.68,hover,1.296383717040855e-16,2.866345105181911e-16,-3.3563208312316074e-15,1.0,0.0,0.0,0.0,1.0,2.5927674340816906e-16,5.732690210363831e-16,-6.712641662463215e-15,0.0,0.0,0.0,3.9622624533362593e-17,-3.848847637323996e-15,-1.2951809594401956e-15,-2.1323432903005064e-19,4.3667434252674674e-18,1.6986237531196917e-18,0.34127141999999994,0.34127141999999994,0.08531785499999987,0.08531785500000008,0.08531785499999994,0.08531785500000003,1686.395119774721,1686.395119774723,1686.3951197747217,1686.3951197747226,3.373232651079828,1.0199706000001014,5.540186746372259e-16,-4.337568472685554e-17,0.5778104112631288
4.69,hover,1.2727056029265538e-16,2.6409840313947913e-16,-3.359817913551991e-15,1.0,0.0,0.0,0.0,1.0,2.54541120585309e-16,5.2819680627895915e-16,-6.719635827103982e-15,0.0,0.0,0.0,-7.525254365938684e-16,-4.871909496763635e-15,4.265113519902084e-16,7.448685986885655e-19,5.643136751562674e-18,-3.716721341166952e-19,0.34127141999999994,0.34127141999999994,0.08531785499999996,0.08531785500000001,0.08531785500000004,0.08531785499999991,1686.395119774722,1686.3951197747224,1686.3951197747226,1686.3951197747215,3.4656552596876526,1.0199706000001014,5.804208091951946e-16,-5.3285038874257085e-17,0.6161638682043209
4.697,attitude_only,1.174352081198774e-16,2.245907949886867e-16,-3.3511698128800282e-15,1.0,0.0,0.0,0.0,1.0,2.3487041623975327e-16,4.491815899773742e-16,-6.7023396257600565e-15,0.0,0.0,0.0,-1.3840314539851997e-15,-3.007285476670826e-15,9.859205165692048e-16,1.5123640397360591e-18,3.426638925787998e-18,1.4014148827155485e-19,0.034127142,0.034127142,0.008531785499999979,0.008531785500000043,0.008531785500000008,0.008531785499999967,533.2849613480577,533.2849613480597,533.2849613480586,533.2849613480572,5.326909274638124,1.0199706000001014,6.073072298090594e-16,-6.341623611924065e-17,0.6544796442076424
4.71,attitude_only,1.1598843774585094e-16,2.2200294118270065e-16,-3.3501953848113786e-15,1.0,0.0,0.0,0.0,1.0,2.319768754917004e-16,4.440058823654021e-16,-6.700390769622757e-15,0.0,0.0,0.0,-1.4722215407691039e-15,-2.4452782497298756e-15,9.22270683931034e-16,1.6373310239067425e-18,2.784018870705346e-18,1.4014148827155485e-19,0.034127142,0.034127142,0.008531785499999986,0.00853178550000004,0.008531785500000003,0.008531785499999972,533.2849613480579,533.2849613480596,533.2849613480585,533.2849613480574,4.89974555136499,1.0199706000001014,6.346978385302974e-16,-7.377090070359071e-17,0.6927727321069105
4.72,attitude_only,1.072483899008556e-16,2.1622732816968902e-16,-3.346094764560043e-15,1.0,0.0,0.0,0.0,1.0,2.1449677980170975e-16,4.324546563393788e-16,-6.692189529120086e-15,0.0,0.0,0.0,-1.9660709629478867e-15,-2.854835229545082e-16,8.89090434932607e-16,2.24961104015076e-18,1.951200338044502e-19,1.4014148827155485e-19,0.034127142,0.034127142,0.00853178550000001,0.008531785500000024,0.008531785499999979,0.008531785499999988,533.2849613480586,533.284961348059,533.2849613480577,533.2849613480579,4.429522046242151,1.0199706000001014,6.625829300504663e-16,-8.432431629609807e-17,0.7310021524931738
4.73,attitude_only,9.611400257206995e-17,2.1859412966286288e-16,-3.341131592649335e-15,1.0,0.0,0.0,0.0,1.0,1.9222800514413845e-16,4.371882593257264e-16,-6.68226318529867e-15,0.0,0.0,0.0,-2.4414073031842947e-15,1.0035902180653525e-15,1.0702019374723346e-15,2.8444287214662943e-18,-1.3618043576000366e-18,1.4014148827155485e-19,0.034127142,0.034127142,0.008531785500000026,0.008531785500000017,0.008531785499999962,0.008531785499999995,533.2849613480591,533.2849613480588,533.2849613480571,533.2849613480581,4.302698061146593,1.0199706000001014,6.908337160951031e-16,-9.50139565418117e-17,0.7689561737008166
4.74,attitude_only,8.276187332690406e-17,2.26135674517372e-16,-3.3355242647454336e-15,1.0,0.0,0.0,0.0,1.0,1.6552374665380662e-16,4.522713490347446e-16,-6.671048529490867e-15,0.0,0.0,0.0,-2.8315869385739762e-15,1.865743057711889e-15,1.0871806451935722e-15,3.340960153319651e-18,-2.415045195752999e-18,1.4014148827155485e-19,0.034127142,0.034127142,0.008531785500000038,0.008531785500000012,0.00853178549999995,0.008531785499999998,533.2849613480595,533.2849613480587,533.2849613480568,533.2849613480582,4.19208977068891,1.0199706000001014,7.193501404298172e-16,-1.057899910588159e-16,0.8064527397893976
4.75,attitude_only,6.793680896218063e-17,2.372716038681919e-16,-3.3287245612944996e-15,1.0,0.0,0.0,0.0,1.0,1.3587361792435968e-16,4.745432077363843e-16,-6.657449122588999e-15,0.0,0.0,0.0,-3.023591644157553e-15,2.4557995635601765e-15,1.5994681464005055e-15,3.601601716461518e-18,-3.147670998406545e-18,1.4014148827155485e-19,0.034127142,0.034127142,0.008531785500000047,0.008531785500000008,0.008531785499999943,0.008531785500000002,533.2849613480598,533.2849613480586,533.2849613480565,533.2849613480583,4.091995202750495,1.0199706000001014,7.480724347008884e-16,-1.1662273306266913e-16,0.8433689090993651
4.76,attitude_only,5.3166363027215685e-17,2.5006891515354037e-16,-3.318189573865974e-15,1.0,0.0,0.0,0.0,1.0,1.063327260544297e-16,5.001378303070811e-16,-6.636379147731948e-15,0.0,0.0,0.0,-2.8518689482306017e-15,2.597485129823139e-15,2.481448966873445e-15,3.424053170831482e-18,-3.343668529220331e-18,1.4014148827155485e-19,0.034127142,0.034127142,0.008531785500000047,0.008531785500000007,0.008531785499999943,0.008531785500000005,533.2849613480598,533.2849613480586,533.2849613480565,533.2849613480585,3.998625256635247,1.0199706000001014,7.769565025014609e-16,-1.2749872072472209e-16,0.8796203638211069
4.77,attitude_only,3.993800697901634e-17,2.628262178234274e-16,-3.3033694393575927e-15,1.0,0.0,0.0,0.0,1.0,7.987601395803095e-17,5.256524356468551e-16,-6.606738878715185e-15,0.0,0.0,0.0,-2.455391572383762e-15,2.483270677526604e-15,3.291740148018989e-15,2.9728342355391118e-18,-3.2314438932397545e-18,1.4014148827155485e-19,0.034127142,0.034127142,0.008531785500000041,0.008531785500000003,0.008531785499999946,0.008531785500000008,533.2849613480596,533.2849613480585,533.2849613480566,533.2849613480586,3.909460316279824,1.0199706000001014,8.059686206846908e-16,-1.384129545969354e-16,0.9151483693696906
4.78,attitude_only,2.901488719505478e-17,2.7459660716269795e-16,-3.285253460914103e-15,1.0,0.0,0.0,0.0,1.0,5.802977439010777e-17,5.491932143253961e-16,-6.570506921828206e-15,0.0,0.0,0.0,-1.9417559305618794e-15,2.234352441434637e-15,3.9841320074963424e-15,2.375889024658473e-18,-2.9550855343437424e-18,1.4014148827155485e-19,0.034127142,0.034127142,0.008531785500000034,0.008531785500000002,0.008531785499999953,0.00853178550000001,533.2849613480594,533.2849613480583,533.2849613480569,533.2849613480586,3.822828621447899,1.0199706000001014,8.350866545138559e-16,-1.4936073684610522e-16,0.9499113877908918
4.79,attitude_only,2.1015384694135577e-17,2.847241216123808e-16,-3.2638248105029104e-15,1.0,0.0,0.0,0.0,1.0,4.203076938826929e-17,5.694482432247617e-16,-6.527649621005821e-15,0.0,0.0,0.0,-1.3125577141711403e-15,1.830152707167759e-15,4.421993926282079e-15,1.6339767421312967e-18,-2.4883473802951655e-18,1.4014148827155485e-19,0.034127142,0.034127142,0.008531785500000026,0.0085317855,0.008531785499999962,0.008531785500000012,533.2849613480591,533.2849613480583,533.2849613480571,533.2849613480587,3.737627531421809,1.0199706000001014,8.642949672303648e-16,-1.603397256080321e-16,0.9838796195040656
4.8,attitude_only,1.6175064960394517e-17,2.9238465934594406e-16,-3.240431231535127e-15,1.0,0.0,0.0,0.0,1.0,3.235012992078714e-17,5.847693186918882e-16,-6.480862463070254e-15,0.0,0.0,0.0,-6.821902239835749e-16,1.2726650338631792e-15,4.914987080975347e-15,8.843576561460541e-19,-1.8320888226683014e-18,1.4014148827155485e-19,0.034127142,0.034127142,0.008531785500000015,0.008531785499999998,0.008531785499999974,0.008531785500000014,533.2849613480588,533.2849613480582,533.2849613480574,533.2849613480587,3.6531377021243068,1.0199706000001014,8.935793716382337e-16,-1.713478945755509e-16,1.0170314033534078
4.8100000000000005,attitude_only,1.4537880679733497e-17,2.971132001126821e-16,-3.2145609133170206e-15,1.0,0.0,0.0,0.0,1.0,2.9075761359465083e-17,5.942264002253643e-16,-6.429121826634041e-15,0.0,0.0,0.0,-3.92800841036434e-17,6.716037615245118e-16,5.481890350550399e-15,1.1325828913117278e-19,-1.1175313334771462e-18,1.4014148827155485e-19,0.034127142,0.034127142,0.008531785500000003,0.008531785499999998,0.008531785499999984,0.008531785500000014,533.2849613480585,533.2849613480582,533.2849613480578,533.2849613480587,3.5688982503088287,1.0199706000001014,9.22929573780701e-16,-1.8238326483109331e-16,1.0493508077838791
4.82,attitude_only,1.618533473073166e-17,2.9876491987956347e-16,-3.186310250261028e-15,1.0,0.0,0.0,0.0,1.0,3.2370669461461416e-17,5.97529839759127e-16,-6.372620500522056e-15,0.0,0.0,0.0,6.402785295610927e-16,4.839025430646373e-17,5.762524756978294e-15,-7.086148325621212e-19,-3.701590273585532e-19,1.4014148827155485e-19,0.034127142,0.034127142,0.008531785499999991,0.008531785499999998,0.008531785499999996,0.008531785500000014,533.284961348058,533.2849613480582,533.2849613480582,533.2849613480587,3.4846223309063986,1.0199706000001014,9.523389703208281e-16,-1.9344537586331812e-16,1.0808259943168452
4.83,attitude_only,2.1156717161965972e-17,2.972840227236266e-16,-3.156857001435588e-15,1.0,0.0,0.0,0.0,1.0,4.2313434323930065e-17,5.945680454472533e-16,-6.313714002871176e-15,0.0,0.0,0.0,1.2715345691734808e-15,-5.492129940566412e-16,5.949590900881953e-15,-1.4788374257887215e-18,3.52457000617739e-19,1.4014148827155485e-19,0.034127142,0.034127142,0.00853178549999998,0.008531785499999996,0.008531785500000008,0.008531785500000014,533.2849613480577,533.2849613480582,533.2849613480586,533.2849613480587,3.400139743775304,1.0199706000001014,9.818022508068695e-16,-2.0453485998912233e-16,1.1114480882693538
4.84,attitude_only,2.891681185942769e-17,2.932636211193663e-16,-3.1261020399546627e-15,1.0,0.0,0.0,0.0,1.0,5.783362371885355e-17,5.865272422387328e-16,-6.252204079909325e-15,0.0,0.0,0.0,1.7317998407106513e-15,-9.568665322680845e-16,6.396002641835816e-15,-2.0484737500404322e-18,8.512099117941516e-19,1.4014148827155485e-19,0.034127142,0.034127142,0.008531785499999972,0.008531785499999996,0.008531785500000015,0.008531785500000015,533.2849613480574,533.2849613480582,533.2849613480588,533.2849613480588,3.315357776941358,1.0199706000001014,1.0113186996965107e-15,-2.1564931139318246e-16,1.141210387365409
4.85,attitude_only,3.822917134739084e-17,2.8802475945082716e-16,-3.0926939432575757e-15,1.0,0.0,0.0,0.0,1.0,7.645834269477989e-17,5.760495189016545e-16,-6.1853878865151514e-15,0.0,0.0,0.0,1.930060735203573e-15,-1.0890355623871515e-15,6.868640776424701e-15,-2.3056874307839736e-18,1.0207031035609033e-18,1.4014148827155485e-19,0.034127142,0.034127142,0.008531785499999969,0.008531785499999996,0.008531785500000019,0.008531785500000015,533.2849613480573,533.2849613480582,533.2849613480589,533.2849613480588,3.2302344509393923,1.0199706000001014,1.0408933270266235e-15,-2.267819449092381e-16,1.1701077988347262
4.86,attitude_only,4.7881820280753075e-17,2.827280409841682e-16,-3.056507273309896e-15,1.0,0.0,0.0,0.0,1.0,9.576364056150443e-17,5.654560819683367e-16,-6.113014546619792e-15,0.0,0.0,0.0,1.9148728919581636e-15,-1.0242758980173408e-15,7.360763088361482e-15,-2.306610747809065e-18,9.532342652973044e-19,1.4014148827155485e-19,0.034127142,0.034127142,0.008531785499999969,0.008531785499999995,0.008531785500000019,0.008531785500000015,533.2849613480573,533.2849613480581,533.2849613480589,533.2849613480588,3.1447602527272087,1.0199706000001014,1.0705310624047153e-15,-2.3792597282724385e-16,1.1981364334335103
4.87,attitude_only,5.711505234743801e-17,2.7812533147440864e-16,-3.019501107863821e-15,1.0,0.0,0.0,0.0,1.0,1.1423010469487434e-16,5.562506629488176e-16,-6.039002215727642e-15,0.0,0.0,0.0,1.7585035404902603e-15,-8.10617850962309e-16,7.405765882761441e-15,-2.1365525614524836e-18,7.049507873408893e-19,1.4014148827155485e-19,0.034127142,0.034127142,0.008531785499999972,0.008531785499999995,0.008531785500000015,0.008531785500000017,533.2849613480574,533.2849613480581,533.2849613480588,533.2849613480588,3.058945711999236,1.0199706000001014,1.1002344366736064e-15,-2.4907771970463807e-16,1.2252933089243832
4.88,attitude_only,6.502341824649468e-17,2.7505743543439557e-16,-2.981498129183554e-15,1.0,0.0,0.0,0.0,1.0,1.3004683649298771e-16,5.501148708687915e-16,-5.962996258367108e-15,0.0,0.0,0.0,1.4052064539617682e-15,-4.3179197468890634e-16,7.853825385094891e-15,-1.7266481221579103e-18,2.546776555596951e-19,1.4014148827155485e-19,0.034127142,0.034127142,0.008531785499999979,0.008531785499999995,0.008531785500000008,0.008531785500000017,533.2849613480577,533.2849613480581,533.2849613480586,533.2849613480588,2.9728130124881735,1.0199706000001014,1.1300069566419394e-15,-2.602328266153063e-16,1.2515761310688218
4.89,attitude_only,7.088831218085732e-17,2.7410360917110105e-16,-2.9399387542070974e-15,1.0,0.0,0.0,0.0,1.0,1.4177662436171304e-16,5.482072183422025e-16,-5.879877508414195e-15,0.0,0.0,0.0,9.616679422579365e-16,3.217838390499175e-17,8.555126654913296e-15,-1.2040185875358917e-18,-3.0240855859203246e-19,1.4014148827155485e-19,0.034127142,0.034127142,0.008531785499999988,0.008531785499999995,0.008531785500000002,0.008531785500000017,533.2849613480579,533.2849613480581,533.2849613480583,533.2849613480588,2.8863903945191063,1.0199706000001014,1.1598512729493425e-15,-2.7138739907425796e-16,1.276983130295252
4.9,attitude_only,7.431195738923153e-17,2.757738773107035e-16,-2.8970464879758273e-15,1.0,0.0,0.0,0.0,1.0,1.4862391477846145e-16,5.515477546214074e-16,-5.794092975951655e-15,0.0,0.0,0.0,4.685850010436214e-16,5.822974490906727e-16,8.534117139726423e-15,-6.170049080891499e-19,-9.683744113057566e-19,1.4014148827155485e-19,0.034127142,0.034127142,0.008531785499999996,0.008531785499999993,0.008531785499999991,0.008531785500000017,533.2849613480582,533.2849613480581,533.284961348058,533.2849613480588,2.799708487351722,1.0199706000001014,1.1897699396379367e-15,-2.825396000021713e-16,1.3015129388820732
4.91,attitude_only,7.554250638192667e-17,2.799061456438595e-16,-2.855005521466225e-15,1.0,0.0,0.0,0.0,1.0,1.5108501276385173e-16,5.598122912877194e-16,-5.71001104293245e-15,0.0,0.0,0.0,6.883391758311135e-17,1.015283230546077e-15,8.242541686953577e-15,-1.3799194711236905e-19,-1.4981101813577022e-18,1.4014148827155485e-19,0.034127142,0.034127142,0.008531785500000005,0.008531785499999993,0.008531785499999984,0.008531785500000019,533.2849613480585,533.2849613480581,533.2849613480578,533.2849613480589,2.7127979715993678,1.0199706000001014,1.219762237677903e-15,-2.9369126189428766e-16,1.3251644979679722
4.92,attitude_only,7.481116645212428e-17,2.860556422484276e-16,-2.8132259764257124e-15,1.0,0.0,0.0,0.0,1.0,1.4962233290424697e-16,5.721112844968555e-16,-5.626451952851425e-15,0.0,0.0,0.0,-2.977733011651789e-16,1.3720491028258077e-15,8.548857404875657e-15,3.04914448397231e-19,-1.9399497191216368e-18,1.4014148827155485e-19,0.034127142,0.034127142,0.008531785500000012,0.008531785499999993,0.008531785499999977,0.008531785500000019,533.2849613480587,533.2849613480581,533.2849613480575,533.2849613480589,2.6256881528203966,1.0199706000001014,1.2498252612272083e-15,-3.048443737656853e-16,1.3479369867450168
4.93,attitude_only,7.307584506778892e-17,2.932615400003457e-16,-2.769647239148772e-15,1.0,0.0,0.0,0.0,1.0,1.461516901355762e-16,5.865230800006918e-16,-5.539294478297544e-15,0.0,0.0,0.0,-3.4376556198736404e-16,1.4661473136288752e-15,8.871983807926804e-15,3.635428170037267e-19,-2.0675290452216063e-18,1.4014148827155485e-19,0.034127142,0.034127142,0.008531785500000012,0.008531785499999993,0.008531785499999976,0.008531785500000019,533.2849613480587,533.2849613480581,533.2849613480575,533.2849613480589,2.5384061532127142,1.0199706000001014,1.2799538032762471e-15,-3.1600440499456633e-16,1.3698297682928362
4.94,attitude_only,7.158258055280796e-17,3.00384691440157e-16,-2.7239201611980528e-15,1.0,0.0,0.0,0.0,1.0,1.431651611056143e-16,6.007693828803144e-16,-5.4478403223961056e-15,0.0,0.0,0.0,-2.446925500989417e-16,1.3606054207356521e-15,9.35579104607368e-15,2.4710212823860946e-19,-1.9544848279570963e-18,1.4014148827155485e-19,0.034127142,0.034127142,0.00853178550000001,0.008531785499999993,0.008531785499999977,0.008531785500000019,533.2849613480586,533.2849613480581,533.2849613480575,533.2849613480589,2.450976516470015,1.0199706000001014,1.3101408507705344e-15,-3.27180238769013e-16,1.3908423479878298
4.95,attitude_only,7.099455765788524e-17,3.064781110984465e-16,-2.6754722771180395e-15,1.0,0.0,0.0,0.0,1.0,1.4198911531576882e-16,6.129562221968934e-16,-5.350944554236079e-15,0.0,0.0,0.0,1.3340563703845584e-17,1.077454748381771e-15,9.869258236874116e-15,-6.267101396177372e-20,-1.6254785686162563e-18,1.4014148827155485e-19,0.034127142,0.034127142,0.008531785500000007,0.008531785499999993,0.008531785499999982,0.008531785500000019,533.2849613480586,533.2849613480581,533.2849613480578,533.2849613480589,2.3634210828644155,1.0199706000001014,1.340380928313288e-15,-3.3837608486110157e-16,1.4109743414722495
4.96,attitude_only,7.200604721190046e-17,3.108405354798434e-16,-2.6250265351046663e-15,1.0,0.0,0.0,0.0,1.0,1.440120944237993e-16,6.216810709596872e-16,-5.2500530702093325e-15,0.0,0.0,0.0,3.7106207871320435e-16,6.852872767487399e-16,1.0250255505262968e-14,-4.956474527601362e-19,-1.1617304754241061e-18,1.4014148827155485e-19,0.034127142,0.034127142,0.0085317855,0.008531785499999993,0.00853178549999999,0.008531785500000019,533.2849613480583,533.2849613480581,533.284961348058,533.2849613480589,2.2757590353839157,1.0199706000001014,1.3706699660997128e-15,-3.495968049511258e-16,1.4302254499268683
4.97,attitude_only,7.507998411171568e-17,3.129997929043669e-16,-2.574466472536221e-15,1.0,0.0,0.0,0.0,1.0,1.5015996822342976e-16,6.259995858087342e-16,-5.148932945072442e-15,0.0,0.0,0.0,8.020746542573959e-16,2.3409443452602847e-16,1.0033481052646305e-14,-1.0208832899557397e-18,-6.226400091021128e-19,1.4014148827155485e-19,0.034127142,0.034127142,0.008531785499999991,0.008531785499999993,0.008531785499999996,0.008531785500000019,533.284961348058,533.2849613480581,533.2849613480582,533.2849613480589,2.1880070486849017,1.0199706000001014,1.4010052573246785e-15,-3.6084584972046743e-16,1.448595440945758
4.98,attitude_only,8.010789568032016e-17,3.1312690858919197e-16,-2.525534348662113e-15,1.0,0.0,0.0,0.0,1.0,1.6021579136063874e-16,6.262538171783843e-16,-5.051068697324226e-15,0.0,0.0,0.0,1.1465367900727025e-15,-1.1699402889258054e-16,9.606137893336685e-15,-1.4457032208348354e-18,-2.0016391271085613e-19,1.4014148827155485e-19,0.034127142,0.034127142,0.008531785499999984,0.008531785499999993,0.008531785500000003,0.008531785500000019,533.2849613480578,533.2849613480581,533.2849613480585,533.2849613480589,2.100179494470537,1.0199706000001014,1.4313877982041339e-15,-3.721235582147562e-16,1.4660841337218884
4.99,attitude_only,8.650089511584544e-17,3.1185826793283656e-16,-2.476948671651927e-15,1.0,0.0,0.0,0.0,1.0,1.7300179023168933e-16,6.237165358656735e-16,-4.953897343303854e-15,0.0,0.0,0.0,1.3526474472472597e-15,-3.1889185733742223e-16,1.0002423993997479e-14,-1.7065624839167763e-18,4.530239999632799e-20,1.4014148827155485e-19,0.034127142,0.034127142,0.00853178549999998,0.008531785499999993,0.008531785500000007,0.008531785500000019,533.2849613480577,533.2849613480581,533.2849613480586,533.2849613480589,2.0122886723063145,1.0199706000001014,1.4618218259540981e-15,-3.834269416735839e-16,1.4826913875583823
5.0,attitude_only,9.320591965699857e-17,3.1037415374174037e-16,-2.425604561976445e-15,1.0,0.0,0.0,0.0,1.0,1.8641183931399563e-16,6.207483074834812e-16,-4.85120912395289e-15,0.0,0.0,0.0,1.3088869090072908e-15,-2.6658198764755714e-16,1.0577561594204896e-14,-1.6671387071188862e-18,-1.480362375503461e-20,1.4014148827155485e-19,0.034127142,0.034127142,0.00853178549999998,0.008531785499999993,0.008531785500000007,0.008531785500000019,533.2849613480577,533.2849613480581,533.2849613480586,533.2849613480589,1.924345045689915,1.0199706000001014,1.492314904345639e-15,-3.94750268936351e-16,1.498417092950625
5.01,attitude_only,9.923627532570149e-17,3.0946874568596254e-16,-2.3709355421147115e-15,1.0,0.0,0.0,0.0,1.0,1.984725506514015e-16,6.189374913719256e-16,-4.741871084229423e-15,0.0,0.0,0.0,1.0965152745171307e-15,-8.739358059560904e-17,1.1271938886571057e-14,-1.4232578984758653e-18,-2.2895577641141625e-19,1.4014148827155485e-19,0.034127142,0.034127142,0.008531785499999984,0.008531785499999993,0.008531785500000003,0.008531785500000019,533.2849613480578,533.2849613480581,533.2849613480585,533.2849613480589,1.836357470718037,1.0199706000001014,1.5228726604715968e-15,-4.0608768907673493e-16,1.51326116465893
5.02,attitude_only,1.037459290160084e-16,3.099268965550597e-16,-2.313016608353648e-15,1.0,0.0,0.0,0.0,1.0,2.0749185803201537e-16,6.198537931101199e-16,-4.626033216707296e-15,0.0,0.0,0.0,7.246645751379511e-16,2.530391639456385e-16,1.1795370817664399e-14,-9.84283704972229e-19,-6.400054615003697e-19,1.4014148827155485e-19,0.034127142,0.034127142,0.008531785499999991,0.008531785499999993,0.008531785499999996,0.008531785500000019,533.284961348058,533.2849613480581,533.2849613480582,533.2849613480589,1.7483334098837262,1.0199706000001014,1.5535002092915907e-15,-4.1743446675611737e-16,1.5272235363243958
5.03,attitude_only,1.0609366740039914e-16,3.1233212983152317e-16,-2.2546501304648584e-15,1.0,0.0,0.0,0.0,1.0,2.1218733480079688e-16,6.246642596630468e-16,-4.509300260929717e-15,0.0,0.0,0.0,2.7078181849234526e-16,6.59085304636423e-16,1.1582402894569552e-14,-4.423322151824258e-19,-1.1338516833756755e-18,1.4014148827155485e-19,0.034127142,0.034127142,0.0085317855,0.008531785499999993,0.00853178549999999,0.008531785500000017,533.2849613480583,533.2849613480581,533.284961348058,533.2849613480588,1.6602791270656327,1.0199706000001014,1.5842019766279368e-15,-4.2878677452598576e-16,1.540304156282328
5.04,attitude_only,1.0625799839977566e-16,3.1667812145950074e-16,-2.1974539304494325e-15,1.0,0.0,0.0,0.0,1.0,2.1251599679954995e-16,6.33356242919002e-16,-4.394907860898865e-15,0.0,0.0,0.0,-1.4078301417627572e-16,1.0311865527997576e-15,1.124715780010265e-14,5.2953414161682005e-20,-1.5906850466996746e-18,1.4014148827155485e-19,0.034127142,0.034127142,0.008531785500000007,0.008531785499999995,0.00853178549999998,0.008531785500000017,533.2849613480586,533.2849613480581,533.2849613480577,533.2849613480588,1.5721998621204536,1.0199706000001014,1.6149786720272916e-15,-4.40144527833361e-16,1.5525029843057252
5.05,attitude_only,1.0478327310096878e-16,3.226738208560621e-16,-2.1399497480815913e-15,1.0,0.0,0.0,0.0,1.0,2.0956654620193619e-16,6.453476417121247e-16,-4.2798994961631826e-15,0.0,0.0,0.0,-3.8738894947997935e-16,1.3033969012903532e-15,1.1813411561991476e-14,3.5275442602092603e-19,-1.9303714339012926e-18,1.4014148827155485e-19,0.034127142,0.034127142,0.008531785500000012,0.008531785499999993,0.008531785499999977,0.008531785500000017,533.2849613480587,533.2849613480581,533.2849613480575,533.2849613480588,1.4840999850124965,1.0199706000001014,1.6458292948875424e-15,-4.515111590777459e-16,1.5638199890715316
5.06,attitude_only,1.0267030475990581e-16,3.2939541113479473e-16,-2.079306812348637e-15,1.0,0.0,0.0,0.0,1.0,2.0534060951981025e-16,6.587908222695899e-16,-4.158613624697274e-15,0.0,0.0,0.0,-4.260501972523644e-16,1.3571822351111814e-15,1.2425849279310554e-14,4.034084253203116e-19,-2.0084856568373977e-18,1.4014148827155485e-19,0.034127142,0.034127142,0.008531785500000012,0.008531785499999993,0.008531785499999976,0.008531785500000017,533.2849613480587,533.2849613480581,533.2849613480575,533.2849613480588,1.3959831303558152,1.0199706000001014,1.6767489530399827e-15,-4.628932244503495e-16,1.5742551461888232
5.07,attitude_only,1.0092141012308032e-16,3.358269117178912e-16,-2.0163824151429836e-15,1.0,0.0,0.0,0.0,1.0,2.018428202461593e-16,6.716538234357828e-16,-4.032764830285967e-15,0.0,0.0,0.0,-2.708015746892085e-16,1.2043173595394185e-15,1.2702199934417068e-14,2.1981809399141686e-19,-1.8370909797466775e-18,1.4014148827155485e-19,0.034127142,0.034127142,0.00853178550000001,0.008531785499999993,0.008531785499999979,0.008531785500000019,533.2849613480586,533.2849613480581,533.2849613480577,533.2849613480589,1.3078523137891944,1.0199706000001014,1.707731825722065e-15,-4.742973445979447e-16,1.5838084366640501
5.08,attitude_only,1.0022650116355801e-16,3.411199211399353e-16,-1.9517764226055237e-15,1.0,0.0,0.0,0.0,1.0,2.0045300232711468e-16,6.82239842279871e-16,-3.9035528452110475e-15,0.0,0.0,0.0,-1.2090024048743267e-17,9.108656950608422e-16,1.3200000023333758e-14,-9.051486653665397e-20,-1.494057639322994e-18,1.4014148827155485e-19,0.034127142,0.034127142,0.008531785500000005,0.008531785499999993,0.008531785499999982,0.008531785500000017,533.2849613480585,533.2849613480581,533.2849613480578,533.2849613480588,1.2197100318764915,1.0199706000001014,1.7387730362488468e-15,-4.857282821740373e-16,1.5924798457063067
5.09,attitude_only,1.0112351786436447e-16,3.4454844082177833e-16,-1.8838080364372293e-15,1.0,0.0,0.0,0.0,1.0,2.0224703572872764e-16,6.8909688164355705e-16,-3.767616072874459e-15,0.0,0.0,0.0,3.5230303723042125e-16,4.793847153247065e-16,1.3807144279728256e-14,-5.313095704439555e-19,-9.810743107928783e-19,1.4014148827155485e-19,0.034127142,0.034127142,0.008531785499999998,0.008531785499999995,0.008531785499999991,0.008531785500000017,533.2849613480582,533.2849613480581,533.284961348058,533.2849613480588,1.1315583473191446,1.0199706000001014,1.7698685745519968e-15,-4.971896151940412e-16,1.6002693617972041
5.1,attitude_only,1.0414743875309804e-16,3.4564270601671217e-16,-1.8157683299447516e-15,1.0,0.0,0.0,0.0,1.0,2.0829487750619481e-16,6.912854120334247e-16,-3.631536659889503e-15,0.0,0.0,0.0,7.995638953174481e-16,2.2298545508584505e-17,1.3391774454208983e-14,-1.076018239101562e-18,-4.3279389246861767e-19,1.4014148827155485e-19,0.034127142,0.034127142,0.00853178549999999,0.008531785499999995,0.008531785499999998,0.008531785500000017,533.284961348058,533.2849613480581,533.2849613480582,533.2849613480588,1.0433989612449275,1.0199706000001014,1.8010154824773276e-15,-5.086852907178032e-16,1.6071769759666852
5.11,attitude_only,1.0910400051010382e-16,3.448147909851721e-16,-1.7502256363386944e-15,1.0,0.0,0.0,0.0,1.0,2.1820800102020644e-16,6.896295819703446e-16,-3.500451272677389e-15,0.0,0.0,0.0,1.1439457680654957e-15,-3.1610465967893534e-16,1.3034711428472423e-14,-1.5007159440798748e-18,-2.3548999646804352e-20,1.4014148827155485e-19,0.034127142,0.034127142,0.008531785499999982,0.008531785499999995,0.008531785500000005,0.008531785500000017,533.2849613480578,533.2849613480581,533.2849613480585,533.2849613480588,0.955233274245241,1.0199706000001014,1.8322163854061414e-15,-5.202151489983757e-16,1.61320268122915
5.12,attitude_only,1.1547608831481043e-16,3.425770423146454e-16,-1.684502939956264e-15,1.0,0.0,0.0,0.0,1.0,2.3095217662961973e-16,6.851540846292912e-16,-3.369005879912528e-15,0.0,0.0,0.0,1.351166461912135e-15,-5.182069787617325e-16,1.336683373814639e-14,-1.762892441314963e-18,2.2415585304016944e-19,1.4014148827155485e-19,0.034127142,0.034127142,0.008531785499999979,0.008531785499999995,0.008531785500000008,0.008531785500000017,533.2849613480577,533.2849613480581,533.2849613480586,533.2849613480588,0.8670624377008236,1.0199706000001014,1.8634746589131006e-15,-5.317766438222975e-16,1.6183464721443814
5.13,attitude_only,1.223127013795326e-16,3.3993509590536595e-16,-1.616033804605272e-15,1.0,0.0,0.0,0.0,1.0,2.446254027590641e-16,6.798701918107323e-16,-3.232067609210544e-15,0.0,0.0,0.0,1.3406204244439631e-15,-5.071210958514625e-16,1.4019596786106358e-14,-1.7636434005975963e-18,2.159240045063599e-19,1.4014148827155485e-19,0.034127142,0.034127142,0.008531785499999979,0.008531785499999995,0.008531785500000008,0.008531785500000017,533.2849613480577,533.2849613480581,533.2849613480586,533.2849613480588,0.7788873967858156,1.0199706000001014,1.894796624004187e-15,-5.433646555919192e-16,1.6226083444756392
5.14,attitude_only,1.2855520506621315e-16,3.378650699560419e-16,-1.5449650084270088e-15,1.0,0.0,0.0,0.0,1.0,2.5711041013242527e-16,6.757301399120842e-16,-3.0899300168540177e-15,0.0,0.0,0.0,1.1395970916145409e-15,-3.1602691914219116e-16,1.442353531690932e-14,-1.5338113721184345e-18,-1.0228738353343806e-20,1.4014148827155485e-19,0.034127142,0.034127142,0.008531785499999982,0.008531785499999995,0.008531785500000005,0.008531785500000017,533.2849613480578,533.2849613480581,533.2849613480585,533.2849613480588,0.6907089263840981,1.0199706000001014,1.9261886783051214e-15,-5.549730510450049e-16,1.6259882949234117
5.15,attitude_only,1.3356188069901862e-16,3.371397274856695e-16,-1.4719911657843296e-15,1.0,0.0,0.0,0.0,1.0,2.6712376139803626e-16,6.742794549713394e-16,-2.943982331568659e-15,0.0,0.0,0.0,8.735374671316434e-16,1.4816345978055266e-17,1.462429569510364e-14,-1.2232751974102746e-18,-4.0738881995742003e-19,1.4014148827155485e-19,0.034127142,0.034127142,0.008531785499999988,0.008531785499999993,0.0085317855,0.008531785500000019,533.2849613480579,533.2849613480581,533.2849613480583,533.2849613480589,0.602527661000548,1.0199706000001014,1.95765592181052e-15,-5.665981625547824e-16,1.628486320918075
5.16,attitude_only,1.3707115483765932e-16,3.3829691738561207e-16,-1.3980692057014403e-15,1.0,0.0,0.0,0.0,1.0,2.741423096753177e-16,6.765938347712245e-16,-2.7961384114028807e-15,0.0,0.0,0.0,5.693604786884782e-16,4.00543131567948e-16,1.4675647846205557e-14,-8.639564160653611e-19,-8.742663939809707e-19,1.4014148827155485e-19,0.034127142,0.034127142,0.008531785499999995,0.008531785499999993,0.008531785499999995,0.008531785500000019,533.2849613480581,533.2849613480581,533.2849613480581,533.2849613480589,0.5143441196074929,1.0199706000001014,1.9892022238269264e-15,-5.78239081033618e-16,1.6301024204584278
5.17,attitude_only,1.3919209414757778e-16,3.4122261797569533e-16,-1.3262215634201335e-15,1.0,0.0,0.0,0.0,1.0,2.7838418829515467e-16,6.82445235951391e-16,-2.652443126840267e-15,0.0,0.0,0.0,3.1845234229322615e-16,7.175542838922252e-16,1.4157502540390063e-14,-5.660511758139908e-19,-1.2618553196090255e-18,1.4014148827155485e-19,0.034127142,0.034127142,0.0085317855,0.008531785499999991,0.00853178549999999,0.008531785500000019,533.2849613480583,533.284961348058,533.284961348058,533.2849613480589,0.42615872623638096,1.0199706000001014,2.020827407373193e-15,-5.898969666652138e-16,1.630836591985947
5.18,attitude_only,1.4030950303893125e-16,3.4539049135734246e-16,-1.2561875103030165e-15,1.0,0.0,0.0,0.0,1.0,2.806190060778616e-16,6.907809827146853e-16,-2.512375020606033e-15,0.0,0.0,0.0,1.5068540704385134e-16,9.171569049924907e-16,1.3790766252919257e-14,-3.6623770758517963e-19,-1.5105500339792687e-18,1.4014148827155485e-19,0.034127142,0.034127142,0.008531785500000003,0.008531785499999991,0.008531785499999986,0.00853178550000002,533.2849613480585,533.284961348058,533.2849613480579,533.2849613480589,0.33797182700741063,1.0199706000001014,2.0525285152932225e-15,-6.015748379239741e-16,1.6306888342868624
5.19,attitude_only,1.407110596113057e-16,3.504787474712069e-16,-1.1870045113579236e-15,1.0,0.0,0.0,0.0,1.0,2.8142211922261057e-16,7.009574949424141e-16,-2.3740090227158472e-15,0.0,0.0,0.0,2.1106292541146518e-17,1.1043423937158949e-15,1.3815665905004943e-14,-2.1095383310734529e-19,-1.7462160443845134e-18,1.4014148827155485e-19,0.034127142,0.034127142,0.008531785500000005,0.008531785499999991,0.008531785499999982,0.00853178550000002,533.2849613480585,533.284961348058,533.2849613480578,533.2849613480589,0.24978370418655838,1.0199706000001014,2.0843037358335358e-15,-6.132750922388634e-16,1.6296591464158938
5.2,attitude_only,1.4059857325738905e-16,3.563444990895932e-16,-1.117721375487568e-15,1.0,0.0,0.0,0.0,1.0,2.811971465147773e-16,7.126889981791867e-16,-2.235442750975136e-15,0.0,0.0,0.0,-3.1170935677283766e-17,1.1967348208502108e-15,1.4047549482931619e-14,-1.4790944988845613e-19,-1.8690543051541943e-18,1.4014148827155485e-19,0.034127142,0.034127142,0.008531785500000007,0.00853178549999999,0.00853178549999998,0.00853178550000002,533.2849613480586,533.284961348058,533.2849613480577,533.2849613480589,0.16159458776857016,1.0199706000001014,2.1161533408949722e-15,-6.249990902650967e-16,1.62774752763686
5.21,attitude_only,1.4079063969048465e-16,3.621283052419201e-16,-1.0456313762507947e-15,1.0,0.0,0.0,0.0,1.0,2.8158127938096857e-16,7.242566104838405e-16,-2.0912627525015894e-15,0.0,0.0,0.0,1.119049062141203e-16,1.1025375677279477e-15,1.4684041708174954e-14,-3.2071950922028216e-19,-1.767042977084758e-18,1.4014148827155485e-19,0.034127142,0.034127142,0.008531785500000005,0.00853178549999999,0.008531785499999982,0.008531785500000022,533.2849613480585,533.284961348058,533.2849613480578,533.284961348059,0.07340466500612305,1.0199706000001014,2.1480727993694052e-15,-6.367521104655611e-16,1.6249539773764234
5.22,attitude_only,1.4202270356672742e-16,3.670824464212708e-16,-9.7072476376573e-16,1.0,0.0,0.0,0.0,1.0,2.8404540713345414e-16,7.341648928425419e-16,-1.94144952753146e-15,0.0,0.0,0.0,3.807190089019012e-16,8.803015219071743e-16,1.5296202598924468e-14,-6.471036225346381e-19,-1.5091627373189012e-18,1.4014148827155485e-19,0.034127142,0.034127142,0.0085317855,0.00853178549999999,0.008531785499999988,0.008531785500000022,533.2849613480583,533.284961348058,533.2849613480579,533.284961348059,-0.014785911762161055,1.0199706000001014,2.1800578397161045e-15,-6.485395443475387e-16,1.6212784951880705
5.23,attitude_only,1.4486152397970325e-16,3.7072971249208103e-16,-8.947299108753976e-16,1.0,0.0,0.0,0.0,1.0,2.8972304795940586e-16,7.414594249841624e-16,-1.7894598217507953e-15,0.0,0.0,0.0,6.958796904878001e-16,6.261084638911782e-16,1.5129882540852254e-14,-1.0322552373425952e-18,-1.2103921523386182e-18,1.4014148827155485e-19,0.034127142,0.034127142,0.008531785499999995,0.008531785499999988,0.008531785499999993,0.008531785500000022,533.2849613480581,533.2849613480579,533.2849613480581,533.284961348059,-0.1029770186900011,1.0199706000001014,2.212105793316108e-15,-6.60365835799238e-16,1.6167210807240566
5.24,attitude_only,1.4905170828374003e-16,3.732641427531535e-16,-8.189246741443173e-16,1.0,0.0,0.0,0.0,1.0,2.9810341656747947e-16,7.465282855063072e-16,-1.6378493482886344e-15,0.0,0.0,0.0,9.479187593431373e-16,4.151129942256173e-16,1.5157857995788905e-14,-1.3441813075624311e-18,-9.613487186822014e-19,1.4014148827155485e-19,0.034127142,0.034127142,0.008531785499999991,0.008531785499999988,0.008531785499999996,0.008531785500000024,533.284961348058,533.2849613480579,533.2849613480582,533.284961348059,-0.19116855516197823,1.0199706000001014,2.2442184923323322e-15,-6.722301098107578e-16,1.6112817337135579
5.25,attitude_only,1.5438055072529243e-16,3.748690850701805e-16,-7.440730035011432e-16,1.0,0.0,0.0,0.0,1.0,3.087611014505843e-16,7.497381701403612e-16,-1.4881460070022862e-15,0.0,0.0,0.0,1.1499871779084559e-15,2.6137201619927553e-16,1.4858847479360538e-14,-1.5981632816198975e-18,-7.794732652125837e-19,1.4014148827155485e-19,0.034127142,0.034127142,0.008531785499999988,0.008531785499999988,0.0085317855,0.008531785500000024,533.2849613480579,533.2849613480579,533.2849613480583,533.284961348059,-0.2793604394875937,1.0199706000001014,2.2763976819234856e-15,-6.841316363267365e-16,1.6049604539456575
5.26,attitude_only,1.6063145657768497e-16,3.757299858527144e-16,-6.699673721697642e-16,1.0,0.0,0.0,0.0,1.0,3.2126291315536945e-16,7.51459971705429e-16,-1.3399347443395282e-15,0.0,0.0,0.0,1.321704243355391e-15,1.0901269986430893e-16,1.4671434238221298e-14,-1.8174408025897734e-18,-5.97732212609267e-19,1.4014148827155485e-19,0.034127142,0.034127142,0.008531785499999984,0.008531785499999988,0.008531785500000003,0.008531785500000024,533.2849613480578,533.2849613480579,533.2849613480585,533.284961348059,-0.367552605381372,1.0199706000001014,2.3086451801218875e-15,-6.960698618852403e-16,1.5977572412560928
5.27,attitude_only,1.6748699038776035e-16,3.760997921499134e-16,-5.953059063378421e-16,1.0,0.0,0.0,0.0,1.0,3.3497398077552025e-16,7.52199584299827e-16,-1.190611812675684e-15,0.0,0.0,0.0,1.3922523455923198e-15,6.161842386952405e-17,1.5192999824669396e-14,-1.916021048730011e-18,-5.414752656542202e-19,1.4014148827155485e-19,0.034127142,0.034127142,0.008531785499999984,0.008531785499999986,0.008531785500000005,0.008531785500000024,533.2849613480578,533.2849613480579,533.2849613480585,533.284961348059,-0.4557449990882151,1.0199706000001014,2.340962571214766e-15,-7.080440305284889e-16,1.5896720955169363
5.28,attitude_only,1.7420467170367686e-16,3.7675272559243613e-16,-5.177152906600973e-16,1.0,0.0,0.0,0.0,1.0,3.4840934340735333e-16,7.535054511848725e-16,-1.0354305813201945e-15,0.0,0.0,0.0,1.2786585523926305e-15,2.0581479921266742e-16,1.5911175222546968e-14,-1.792495082414311e-18,-7.165690640581192e-19,1.4014148827155485e-19,0.034127142,0.034127142,0.008531785499999986,0.008531785499999986,0.008531785500000002,0.008531785500000024,533.2849613480579,533.2849613480579,533.2849613480583,533.284961348059,-0.5439375770381447,1.0199706000001014,2.3733550275219695e-15,-7.20050593409385e-16,1.580705016628558
5.29,attitude_only,1.7993098368600634e-16,3.785498489656007e-16,-4.3740289475727834e-16,1.0,0.0,0.0,0.0,1.0,3.5986196737201233e-16,7.570996979312016e-16,-8.748057895145566e-16,0.0,0.0,0.0,1.0383776969437933e-15,4.725751290894117e-16,1.6035806065328924e-14,-1.514541832845144e-18,-1.0414072112011063e-18,1.4014148827155485e-19,0.034127142,0.034127142,0.008531785499999991,0.008531785499999986,0.008531785499999998,0.008531785500000026,533.284961348058,533.2849613480579,533.2849613480582,533.2849613480591,-0.6321303039343591,1.0199706000001014,2.405828906358302e-15,-7.320847288873553e-16,1.570856004513366
5.3,attitude_only,1.8451859752459794e-16,3.815382902023528e-16,-3.5761684040800045e-16,1.0,0.0,0.0,0.0,1.0,3.6903719504919557e-16,7.630765804047057e-16,-7.152336808160008e-16,0.0,0.0,0.0,8.262092542634302e-16,6.981411244610549e-16,1.5983621074774213e-14,-1.2682017941713424e-18,-1.3190678168916886e-18,1.4014148827155485e-19,0.034127142,0.034127142,0.008531785499999995,0.008531785499999986,0.008531785499999993,0.008531785500000026,533.2849613480581,533.2849613480579,533.2849613480581,533.2849613480591,-0.7203231511961767,1.0199706000001014,2.438385431812964e-15,-7.441460180904139e-16,1.5601250591109317
5.31,attitude_only,1.8816940263063827e-16,3.855327614947952e-16,-2.7856596399274093e-16,1.0,0.0,0.0,0.0,1.0,3.7633880526127634e-16,7.710655229895905e-16,-5.571319279854818e-16,0.0,0.0,0.0,6.65062141770168e-16,8.634204736755217e-16,1.568765577818186e-14,-1.0814758805971291e-18,-1.5260372406858039e-18,1.4014148827155485e-19,0.034127142,0.034127142,0.008531785499999998,0.008531785499999986,0.008531785499999991,0.008531785500000026,533.2849613480582,533.2849613480579,533.284961348058,533.2849613480591,-0.8085160956917035,1.0199706000001014,2.4710239440982726e-15,-7.56236708983553e-16,1.5485121803741928
5.32,attitude_only,1.9117165141676762e-16,3.9018317409360373e-16,-2.003103274774229e-16,1.0,0.0,0.0,0.0,1.0,3.823433028335351e-16,7.803663481872076e-16,-4.0062065495484567e-16,0.0,0.0,0.0,5.411429737330959e-16,9.847228316924346e-16,1.557126732728011e-14,-9.38184308689974e-19,-1.681447298623024e-18,1.4014148827155485e-19,0.034127142,0.034127142,0.0085317855,0.008531785499999986,0.008531785499999988,0.008531785500000026,533.2849613480583,533.2849613480579,533.2849613480579,533.2849613480591,-0.8967091187072612,1.0199706000001014,2.5037427123015213e-15,-7.683595910677613e-16,1.5360173682664982
5.33,attitude_only,1.9359045272382907e-16,3.9540707109589606e-16,-1.2264681440250688e-16,1.0,0.0,0.0,0.0,1.0,3.8718090544765805e-16,7.908141421917921e-16,-2.452936288050136e-16,0.0,0.0,0.0,4.3831242690112596e-16,1.0866118492158263e-15,1.5500019239397402e-14,-8.191707767606214e-19,-1.8145802381432522e-18,1.4014148827155485e-19,0.034127142,0.034127142,0.008531785500000002,0.008531785499999986,0.008531785499999986,0.008531785500000026,533.2849613480583,533.2849613480579,533.2849613480579,533.2849613480591,-0.9849022051097176,1.0199706000001014,2.536541977300587e-15,-7.80515774090053e-16,1.522640622759303
5.34,attitude_only,1.9546220226772678e-16,4.010728077465013e-16,-4.518367708413221e-17,1.0,0.0,0.0,0.0,1.0,3.909244045354535e-16,8.021456154930026e-16,-9.036735416826426e-17,0.0,0.0,0.0,3.3338415502819936e-16,1.1619062918487843e-15,1.5420143018877285e-14,-6.965906920633913e-19,-1.9165526322212894e-18,1.4014148827155485e-19,0.034127142,0.034127142,0.008531785500000003,0.008531785499999986,0.008531785499999984,0.008531785500000026,533.2849613480585,533.2849613480579,533.2849613480578,533.2849613480591,-1.0730953426662972,1.0199706000001014,2.5694218607872508e-15,-7.927060775425731e-16,1.5083819438303772
5.35,attitude_only,1.9703627041797075e-16,4.0695065527530873e-16,3.33004475737213e-17,1.0,0.0,0.0,0.0,1.0,3.9407254083594155e-16,8.1390131055061745e-16,6.660089514744276e-17,0.0,0.0,0.0,3.13889387621885e-16,1.1667259647135901e-15,1.5920138284367197e-14,-6.763358650520329e-19,-1.934003499306192e-18,1.4014148827155485e-19,0.034127142,0.034127142,0.008531785500000003,0.008531785499999986,0.008531785499999984,0.008531785500000026,533.2849613480585,533.2849613480579,533.2849613480578,533.2849613480591,-1.1612885214924227,1.0199706000001014,2.6023820180346737e-15,-8.049323122072944e-16,1.493241331462407
5.36,attitude_only,1.9898358333175749e-16,4.1235654072737254e-16,1.1495098558787142e-16,1.0,0.0,0.0,0.0,1.0,3.9796716666351507e-16,8.247130814547451e-16,2.29901971175743e-16,0.0,0.0,0.0,4.753440914353146e-16,9.95674762318043e-16,1.669614246518617e-14,-8.74834950542502e-19,-1.738698804054717e-18,1.4014148827155485e-19,0.034127142,0.034127142,0.0085317855,0.008531785499999986,0.008531785499999988,0.008531785500000026,533.2849613480583,533.2849613480579,533.2849613480579,533.2849613480591,-1.249481733603894,1.0199706000001014,2.635419200778847e-15,-8.171991313586286e-16,1.4772187856419094
5.37,attitude_only,2.0200934374938355e-16,4.166139415822547e-16,1.9851446709229647e-16,1.0,0.0,0.0,0.0,1.0,4.0401868749876725e-16,8.332278831645093e-16,3.970289341845931e-16,0.0,0.0,0.0,7.026954976802386e-16,7.50740186969589e-16,1.6576485480023027e-14,-1.154683593013213e-18,-1.4522847155062678e-18,1.4014148827155485e-19,0.034127142,0.034127142,0.008531785499999996,0.008531785499999986,0.008531785499999991,0.008531785500000026,533.2849613480582,533.2849613480579,533.284961348058,533.2849613480591,-1.3376749725536337,1.0199706000001014,2.668529414635574e-15,-8.29512219295599e-16,1.4603143063583839
5.38,attitude_only,2.0604213525626235e-16,4.1982275751717205e-16,2.8138132832055345e-16,1.0,0.0,0.0,0.0,1.0,4.1208427051252495e-16,8.39645515034344e-16,5.627626566411071e-16,0.0,0.0,0.0,8.774809933121815e-16,5.628221052753119e-16,1.656741071191733e-14,-1.3732009977046661e-18,-1.2324112385258883e-18,1.4014148827155485e-19,0.034127142,0.034127142,0.008531785499999993,0.008531785499999986,0.008531785499999995,0.008531785500000026,533.2849613480581,533.2849613480579,533.2849613480581,533.2849613480591,-1.4258682331375463,1.0199706000001014,2.701713759878843e-15,-8.418720613553132e-16,1.4425278936036523
5.39,attitude_only,2.1083014921867152e-16,4.221340469617493e-16,3.645159408258015e-16,1.0,0.0,0.0,0.0,1.0,4.2166029843734334e-16,8.442680939234984e-16,7.290318816516032e-16,0.0,0.0,0.0,1.0228399250084352e-15,3.8687607061901876e-16,1.661844865758301e-14,-1.5578601149902545e-18,-1.0251447576445265e-18,1.4014148827155485e-19,0.034127142,0.034127142,0.00853178549999999,0.008531785499999986,0.008531785499999998,0.008531785500000026,533.284961348058,533.2849613480579,533.2849613480582,533.2849613480591,-1.51406151115616,1.0199706000001014,2.7349740940061067e-15,-8.542775947548075e-16,1.423859547371345
5.4,attitude_only,2.1625252608400787e-16,4.236218550205546e-16,4.46548248349687e-16,1.0,0.0,0.0,0.0,1.0,4.3250505216801613e-16,8.47243710041109e-16,8.930964966993741e-16,0.0,0.0,0.0,1.1293542382932317e-15,2.2540046090616584e-16,1.6279088935668195e-14,-1.6969708333149435e-18,-8.336280305981648e-19,1.4014148827155485e-19,0.034127142,0.034127142,0.008531785499999988,0.008531785499999986,0.0085317855,0.008531785500000026,533.2849613480579,533.2849613480579,533.2849613480583,533.2849613480591,-1.602254803221797,1.0199706000001014,2.7683113950267427e-15,-8.667289352967722e-16,1.4043092676565019
5.41,attitude_only,2.2222304241226066e-16,4.2446014306562917e-16,5.276506613056396e-16,1.0,0.0,0.0,0.0,1.0,4.444460848245218e-16,8.489202861312581e-16,1.0553013226112794e-15,0.0,0.0,0.0,1.2514050682924027e-15,1.2715412294709723e-16,1.6195406189348652e-14,-1.8559458799968723e-18,-7.170039662767535e-19,1.4014148827155485e-19,0.034127142,0.034127142,0.008531785499999986,0.008531785499999986,0.008531785500000003,0.008531785500000026,533.2849613480579,533.2849613480579,533.2849613480585,533.2849613480591,-1.6904481066022907,1.0199706000001014,2.8017270126149544e-15,-8.792263445682595e-16,1.3838770544552597
5.42,attitude_only,2.2878360244737616e-16,4.2491144866023174e-16,6.081602402713471e-16,1.0,0.0,0.0,0.0,1.0,4.575672048947528e-16,8.498228973204632e-16,1.2163204805426944e-15,0.0,0.0,0.0,1.3674836177224931e-15,5.5268577485563907e-17,1.6088884265720983e-14,-2.0089149754902054e-18,-6.31293997497769e-19,1.4014148827155485e-19,0.034127142,0.034127142,0.008531785499999984,0.008531785499999986,0.008531785500000005,0.008531785500000026,533.2849613480578,533.2849613480579,533.2849613480585,533.2849613480591,-1.7786414190948354,1.0199706000001014,2.835223079599203e-15,-8.917713497759316e-16,1.36256290776461
5.43,attitude_only,2.3578480077643263e-16,4.2512413784246477e-16,6.900084690877961e-16,1.0,0.0,0.0,0.0,1.0,4.7156960155286585e-16,8.502482756849292e-16,1.3800169381755924e-15,0.0,0.0,0.0,1.4039149599630329e-15,4.963719077299378e-17,1.671265772229951e-14,-2.0666717357784833e-18,-6.250327053504148e-19,1.4014148827155485e-19,0.034127142,0.034127142,0.008531785499999982,0.008531785499999984,0.008531785500000005,0.008531785500000026,533.2849613480578,533.2849613480578,533.2849613480585,533.2849613480591,-1.866834738923881,1.0199706000001014,2.868800585277684e-15,-9.043644432518866e-16,1.3403668275822098
5.44,attitude_only,2.4245894952938e-16,4.2565352535942596e-16,7.736270437321445e-16,1.0,0.0,0.0,0.0,1.0,4.849178990587607e-16,8.513070507188515e-16,1.5472540874642892e-15,0.0,0.0,0.0,1.228653104250331e-15,1.4793243074521427e-16,1.6736796194243504e-14,-1.8686440399657453e-18,-7.444663176245317e-19,1.4014148827155485e-19,0.034127142,0.034127142,0.008531785499999986,0.008531785499999986,0.008531785500000003,0.008531785500000026,533.2849613480579,533.2849613480579,533.2849613480585,533.2849613480591,-1.9550280646585863,1.0199706000001014,2.902463312599242e-15,-9.170021029960331e-16,1.3172888139062342
5.45,attitude_only,2.4744539622172964e-16,4.265928182172275e-16,8.570063500784112e-16,1.0,0.0,0.0,0.0,1.0,4.9489079244346e-16,8.531856364344546e-16,1.7140127001568225e-15,0.0,0.0,0.0,8.122267554317345e-16,2.269567378443546e-16,1.660391278550752e-14,-1.3770546889377464e-18,-8.415650535219434e-19,1.4014148827155485e-19,0.034127142,0.034127142,0.00853178549999999,0.00853178549999999,0.008531785499999998,0.008531785500000022,533.284961348058,533.284961348058,533.2849613480582,533.284961348059,-2.0432213951463183,1.0199706000001014,2.9362124339824294e-15,-9.296762718322401e-16,1.2933288667352623
5.46,attitude_only,2.506527155539901e-16,4.279088094201943e-16,9.397623042221753e-16,1.0,0.0,0.0,0.0,1.0,5.01305431107981e-16,8.558176188403881e-16,1.879524608444351e-15,0.0,0.0,0.0,5.034239924682584e-16,2.912024020076252e-16,1.651845365966026e-14,-1.0115256133062578e-18,-9.215718745379444e-19,1.4014148827155485e-19,0.034127142,0.034127142,0.008531785499999993,0.008531785499999991,0.008531785499999995,0.00853178550000002,533.2849613480581,533.284961348058,533.2849613480581,533.2849613480589,-2.1314147294585686,1.0199706000001014,2.970047879941129e-15,-9.423861171891019e-16,1.268486986068187
5.47,attitude_only,2.5225297771101957e-16,4.2954606890913407e-16,1.0222379455297138e-15,1.0,0.0,0.0,0.0,1.0,5.0450595542204e-16,8.590921378182676e-16,2.044475891059428e-15,0.0,0.0,0.0,1.8198219675376672e-16,3.530714670396191e-16,1.642208248231038e-14,-6.276152804164055e-19,-9.993454672467331e-19,1.4014148827155485e-19,0.034127142,0.034127142,0.008531785499999996,0.008531785499999993,0.008531785499999991,0.008531785500000019,533.2849613480582,533.2849613480581,533.284961348058,533.2849613480589,-2.2196080668476683,1.0199706000001014,3.0039694724925305e-15,-9.551339169484763e-16,1.242763171904147
5.48,attitude_only,2.525438426128318e-16,4.3133455207401114e-16,1.1044338779703691e-15,1.0,0.0,0.0,0.0,1.0,5.050876852256646e-16,8.626691041480217e-16,2.2088677559407387e-15,0.0,0.0,0.0,-4.0883708756455904e-17,3.6931988348389954e-16,1.6454564867312056e-14,-3.597673567165737e-19,-1.022536765814709e-18,1.4014148827155485e-19,0.034127142,0.034127142,0.0085317855,0.008531785499999995,0.00853178549999999,0.008531785500000015,533.2849613480583,533.2849613480581,533.284961348058,533.2849613480588,-2.30780140671163,1.0199706000001014,3.0379764913986933e-15,-9.679217036987976e-16,1.2161574242424704
5.49,attitude_only,2.5159045946001784e-16,4.3365491747007585e-16,1.2026165730989056e-15,1.0,0.0,0.0,0.0,1.0,5.031809189200368e-16,8.673098349401511e-16,2.4052331461978116e-15,0.0,0.0,0.0,-2.5051015807424925e-16,4.012066982558377e-16,1.6338145967880435e-14,-1.0571051595447927e-19,-1.064813010523593e-18,1.4014148827155485e-19,0.034127142,0.034127142,0.008531785500000002,0.008531785499999996,0.008531785499999986,0.008531785500000015,533.2849613480583,533.2849613480582,533.2849613480579,533.2849613480588,-2.395994748566034,1.0199706000001014,3.072068989915542e-15,-9.807518673117364e-16,1.1886697430826345
5.5,attitude_only,2.503289811440292e-16,4.3523897041246296e-16,1.268003796388928e-15,1.0,0.0,0.0,0.0,1.0,5.006579622880595e-16,8.704779408249253e-16,2.5360075927778565e-15,0.0,0.0,0.0,-3.5521082696405984e-16,3.909446680635041e-16,1.6354133391827715e-14,2.348239498293396e-20,-1.0564080209734275e-18,1.4014148827155485e-19,0.034127142,0.034127142,0.008531785500000002,0.008531785499999998,0.008531785499999986,0.008531785500000014,533.2849613480583,533.2849613480582,533.2849613480579,533.2849613480587,-2.4841880920208848,1.0199706000001014,3.1062469136404346e-15,-9.93625811881107e-16,1.1603001284242322
5.51,attitude_only,2.483485023263714e-16,4.371415428034585e-16,1.3498216643139044e-15,1.0,0.0,0.0,0.0,1.0,4.966970046527439e-16,8.742830856069163e-16,2.6996433286278092e-15,0.0,0.0,0.0,-4.276881961844242e-16,3.607611478095208e-16,1.6371643427583716e-14,1.1473212000921526e-19,-1.0237954081467427e-18,1.4014148827155485e-19,0.034127142,0.034127142,0.008531785500000003,0.008531785499999998,0.008531785499999986,0.008531785500000012,533.2849613480585,533.2849613480582,533.2849613480579,533.2849613480587,-2.5723814367624387,1.0199706000001014,3.14050971663409e-15,-1.006545326973675e-15,1.1310485802669463
5.52,attitude_only,2.4602172440928664e-16,4.3885453239512636e-16,1.4316459069068346e-15,1.0,0.0,0.0,0.0,1.0,4.920434488185746e-16,8.77709064790252e-16,2.8632918138136697e-15,0.0,0.0,0.0,-4.884567668806086e-16,3.3478944051050386e-16,1.631457593680938e-14,1.9253897251344254e-19,-9.959772537930274e-19,1.4014148827155485e-19,0.034127142,0.034127142,0.008531785500000003,0.0085317855,0.008531785499999984,0.008531785500000012,533.2849613480585,533.2849613480583,533.2849613480578,533.2849613480587,-2.66057478253824,1.0199706000001014,3.1748568854021888e-15,-1.0195111393817745e-15,1.1009150986105298
5.53,attitude_only,2.4358563563840445e-16,4.403484019694775e-16,1.5144183712318792e-15,1.0,0.0,0.0,0.0,1.0,4.871712712768103e-16,8.8069680393895435e-16,3.028836742463759e-15,0.0,0.0,0.0,-4.539775291830121e-16,2.5501786109850626e-16,1.6842709070011436e-14,1.557036625681572e-19,-9.028015371096155e-19,1.4014148827155485e-19,0.034127142,0.034127142,0.008531785500000002,0.0085317855,0.008531785499999986,0.008531785500000012,533.2849613480583,533.2849613480583,533.2849613480579,533.2849613480587,-2.7487681291453927,1.0199706000001014,3.209288755870264e-15,-1.0325241586724833e-15,1.0698996834547905
5.54,attitude_only,2.4177004477847417e-16,4.4110606403671105e-16,1.5991534009764468e-15,1.0,0.0,0.0,0.0,1.0,4.835400895569497e-16,8.822121280734213e-16,3.198306801952894e-15,0.0,0.0,0.0,-2.984908685272159e-16,7.068652590762678e-17,1.6987580508400008e-14,-2.7895421533526176e-20,-6.823108001396364e-19,1.4014148827155485e-19,0.034127142,0.034127142,0.0085317855,0.0085317855,0.00853178549999999,0.008531785500000012,533.2849613480583,533.2849613480583,533.284961348058,533.2849613480587,-2.8369614764205613,1.0199706000001014,3.243802200485901e-15,-1.045588902594661e-15,1.0380023347995788
5.55,attitude_only,2.4060016704239493e-16,4.410339412586426e-16,1.6840392606461053e-15,1.0,0.0,0.0,0.0,1.0,4.812003340847913e-16,8.820678825172844e-16,3.368078521292211e-15,0.0,0.0,0.0,-1.7330653641773543e-16,-8.397718066284909e-17,1.6914302277035454e-14,-1.763835547007254e-19,-4.958745804484369e-19,1.4014148827155485e-19,0.034127142,0.034127142,0.008531785499999996,0.0085317855,0.008531785499999991,0.00853178550000001,533.2849613480582,533.2849613480583,533.284961348058,533.2849613480586,-2.9251548242324867,1.0199706000001014,3.2783962668289192e-15,-1.05870570072224e-15,1.0052230526447776
5.5600000000000005,attitude_only,2.4000160326999324e-16,4.4032264571138933e-16,1.7684360624761463e-15,1.0,0.0,0.0,0.0,1.0,4.800032065399881e-16,8.806452914227778e-16,3.536872124952293e-15,0.0,0.0,0.0,-7.645528222539789e-17,-1.8784198264293282e-16,1.6821991398078498e-14,-2.918405069092764e-19,-3.69358398245907e-19,1.4014148827155485e-19,0.034127142,0.034127142,0.008531785499999995,0.0085317855,0.008531785499999993,0.00853178550000001,533.2849613480581,533.2849613480583,533.2849613480581,533.2849613480586,-3.013348172475564,1.0199706000001014,3.3130722107875873e-15,-1.0718737868414322e-15,0.9715618369902966
5.57,attitude_only,2.3982236366984354e-16,4.3919551034273486e-16,1.8526619917326005e-15,1.0,0.0,0.0,0.0,1.0,4.796447273396887e-16,8.783910206854688e-16,3.705323983465201e-15,0.0,0.0,0.0,5.5007135626873124e-18,-2.6203180979546356e-16,1.686462452871354e-14,-3.9024270899060552e-19,-2.7771028756491553e-19,1.4014148827155485e-19,0.034127142,0.034127142,0.008531785499999993,0.0085317855,0.008531785499999995,0.00853178550000001,533.2849613480581,533.2849613480583,533.2849613480581,533.2849613480586,-3.101541521065112,1.0199706000001014,3.3478315334742684e-15,-1.0850919268818272e-15,0.9370186878360643
5.58,attitude_only,2.400377509905438e-16,4.3769389592754557e-16,1.936767771690412e-15,1.0,0.0,0.0,0.0,1.0,4.800755019810893e-16,8.7538779185509025e-16,3.873535543380824e-15,0.0,0.0,0.0,8.035186715850078e-17,-3.3683548528848583e-16,1.6829634909168472e-14,-4.808676119771667e-19,-1.8457752212040398e-19,1.4014148827155485e-19,0.034127142,0.034127142,0.008531785499999991,0.0085317855,0.008531785499999996,0.00853178550000001,533.284961348058,533.2849613480583,533.2849613480582,533.2849613480586,-3.1897348699328734,1.0199706000001014,3.3826744147312558e-15,-1.098359878882822e-15,0.9015936051820259
5.59,attitude_only,2.4057465751013275e-16,4.358506377249908e-16,2.02100159315049e-15,1.0,0.0,0.0,0.0,1.0,4.811493150202673e-16,8.717012754499806e-16,4.04200318630098e-15,0.0,0.0,0.0,1.2749877660113459e-16,-3.917111338170589e-16,1.6860848451245464e-14,-5.387188910743385e-19,-1.1480963254794573e-19,1.4014148827155485e-19,0.034127142,0.034127142,0.008531785499999991,0.0085317855,0.008531785499999998,0.00853178550000001,533.284961348058,533.2849613480583,533.2849613480582,533.2849613480586,-3.277928219024054,1.0199706000001014,3.4176007245693072e-15,-1.1116772401191812e-15,0.8652865890281389
5.6,attitude_only,2.413989699880274e-16,4.33776611125685e-16,2.1053235027789012e-15,1.0,0.0,0.0,0.0,1.0,4.827979399760566e-16,8.67553222251369e-16,4.2106470055578024e-15,0.0,0.0,0.0,1.957167698869155e-16,-4.357036929356379e-16,1.682205230218411e-14,-6.225376507161447e-19,-5.766152467629472e-20,1.4014148827155485e-19,0.034127142,0.034127142,0.00853178549999999,0.0085317855,0.008531785499999998,0.00853178550000001,533.284961348058,533.2849613480583,533.2849613480582,533.2849613480586,-3.3661215682945835,1.0199706000001014,3.4526109118476106e-15,-1.125043702831908e-15,0.8280976393743694
5.61,attitude_only,2.424480269975186e-16,4.3157924682528884e-16,2.1889808735568466e-15,1.0,0.0,0.0,0.0,1.0,4.848960539950391e-16,8.631584936505766e-16,4.377961747113693e-15,0.0,0.0,0.0,2.129655809161873e-16,-4.322707302713255e-16,1.669294497120055e-14,-6.453658797604329e-19,-5.745837257075608e-20,1.4014148827155485e-19,0.034127142,0.034127142,0.00853178549999999,0.0085317855,0.008531785499999998,0.00853178550000001,533.284961348058,533.2849613480583,533.2849613480582,533.2849613480586,-3.454314917709237,1.0199706000001014,3.4877051942617182e-15,-1.1384592374326055e-15,0.7900267562206917
5.62,attitude_only,2.435680210462069e-16,4.2945108778670648e-16,2.272470467739032e-15,1.0,0.0,0.0,0.0,1.0,4.871360420924158e-16,8.589021755734119e-16,4.544940935478064e-15,0.0,0.0,0.0,2.263456125857523e-16,-4.3037561947093555e-16,1.6702841947949405e-14,-6.636853738897684e-19,-5.542874933651486e-20,1.4014148827155485e-19,0.034127142,0.034127142,0.00853178549999999,0.0085317855,0.008531785499999998,0.008531785500000012,533.284961348058,533.2849613480583,533.2849613480582,533.2849613480587,-3.542508267239537,1.0199706000001014,3.522884654564263e-15,-1.1519228106394265e-15,0.7510739395670852
5.63,attitude_only,2.4473482813075686e-16,4.272796743192286e-16,2.3560071360029537e-15,1.0,0.0,0.0,0.0,1.0,4.894696562615157e-16,8.54559348638456e-16,4.7120142720059075e-15,0.0,0.0,0.0,2.311059184197146e-16,-4.28289771110579e-16,1.6710455006991654e-14,-6.717088000747203e-19,-5.3648869657836906e-20,1.4014148827155485e-19,0.034127142,0.034127142,0.00853178549999999,0.0085317855,0.008531785499999998,0.008531785500000012,533.284961348058,533.2849613480583,533.2849613480582,533.2849613480587,-3.630701616862664,1.0199706000001014,3.558148084198586e-15,-1.165434489269964e-15,0.7112391894135344
5.64,attitude_only,2.458162683164194e-16,4.2522292912794425e-16,2.439277849661537e-15,1.0,0.0,0.0,0.0,1.0,4.916325366328409e-16,8.504458582558873e-16,4.878555699323074e-15,0.0,0.0,0.0,2.1520354677790392e-16,-4.03198024939576e-16,1.6639176472676366e-14,-6.547779895723265e-19,-7.972698481364493e-20,1.4014148827155485e-19,0.034127142,0.034127142,0.00853178549999999,0.0085317855,0.008531785499999998,0.008531785500000012,533.284961348058,533.2849613480583,533.2849613480582,533.2849613480587,-3.718894966560225,1.0199706000001014,3.593496079155941e-15,-1.178993622323616e-15,0.6705225057600269
5.65,attitude_only,2.468240083223559e-16,4.2327239138047945e-16,2.522467641577682e-15,1.0,0.0,0.0,0.0,1.0,4.93648016644714e-16,8.465447827609576e-16,5.044935283155364e-15,0.0,0.0,0.0,1.939070986225164e-16,-3.7909969109470015e-16,1.663816139813607e-14,-6.311613227720867e-19,-1.0485398851654866e-19,1.4014148827155485e-19,0.034127142,0.034127142,0.00853178549999999,0.0085317855,0.008531785499999998,0.008531785500000012,533.284961348058,533.2849613480583,533.2849613480582,533.2849613480587,-3.8070883163176736,1.0199706000001014,3.6289282571506974e-15,-1.1926004528110769e-15,0.6289238886065531
5.66,attitude_only,2.4778087367981746e-16,4.214245090593656e-16,2.6056573066095018e-15,1.0,0.0,0.0,0.0,1.0,4.955617473596371e-16,8.428490181187299e-16,5.2113146132190036e-15,0.0,0.0,0.0,1.807810074280211e-16,-3.592023090214278e-16,1.663816139813526e-14,-6.172178234129725e-19,-1.2513882391426127e-19,1.4014148827155485e-19,0.034127142,0.034127142,0.00853178549999999,0.0085317855,0.008531785499999998,0.008531785500000012,533.284961348058,533.2849613480583,533.2849613480582,533.2849613480587,-3.895281666123109,1.0199706000001014,3.664444220066107e-15,-1.2062552919132672e-15,0.5864433379531055
5.67,attitude_only,2.485987971203448e-16,4.1970059182018727e-16,2.6888467178726884e-15,1.0,0.0,0.0,0.0,1.0,4.971975942406919e-16,8.394011836403732e-16,5.377693435745377e-15,0.0,0.0,0.0,1.4758849432926103e-16,-3.261641817913657e-16,1.6636892554961542e-14,-5.78862692637753e-19,-1.6152293477242227e-19,1.4014148827155485e-19,0.034127142,0.034127142,0.008531785499999991,0.0085317855,0.008531785499999996,0.008531785500000012,533.284961348058,533.2849613480583,533.2849613480582,533.2849613480587,-3.9834750159670467,1.0199706000001014,3.700043691719051e-15,-1.2199578126756667e-15,0.5430808537996785
5.68,attitude_only,2.4925499611556114e-16,4.1818598168555627e-16,2.7720247095473117e-15,1.0,0.0,0.0,0.0,1.0,4.985099922311246e-16,8.363719633711112e-16,5.5440494190946235e-15,0.0,0.0,0.0,1.2736617013553884e-16,-2.909502915137187e-16,1.6633847331344548e-14,-5.558695653066417e-19,-2.0087010019046153e-19,1.4014148827155485e-19,0.034127142,0.034127142,0.008531785499999991,0.0085317855,0.008531785499999996,0.008531785500000012,533.284961348058,533.2849613480583,533.2849613480582,533.2849613480587,-4.071668365841875,1.0199706000001014,3.735726964447736e-15,-1.233707904366921e-15,0.4988364361462676
5.69,attitude_only,2.4981254479264243e-16,4.168516886673112e-16,2.8551910278647326e-15,1.0,0.0,0.0,0.0,1.0,4.996250895852872e-16,8.33703377334621e-16,5.710382055729465e-15,0.0,0.0,0.0,9.985949104472052e-17,-2.5125172734841685e-16,1.6632578488169857e-14,-5.23860145308107e-19,-2.4599585991533934e-19,1.4014148827155485e-19,0.034127142,0.034127142,0.008531785499999991,0.0085317855,0.008531785499999996,0.008531785500000012,533.284961348058,533.2849613480583,533.2849613480582,533.2849613480587,-4.159861715741414,1.0199706000001014,3.771493526885758e-15,-1.2475062082923543e-15,0.45371008499286886
5.7,attitude_only,2.5024418224975137e-16,4.1567294155760795e-16,2.9383574730664683e-15,1.0,0.0,0.0,0.0,1.0,5.004883644995052e-16,8.313458831152144e-16,5.876714946132937e-15,0.0,0.0,0.0,7.324516657915196e-17,-2.2176616459024647e-16,1.6634101099978137e-14,-4.926554076152162e-19,-2.7916087357924135e-19,1.4014148827155485e-19,0.034127142,0.034127142,0.008531785499999993,0.0085317855,0.008531785499999996,0.008531785500000012,533.2849613480581,533.2849613480583,533.2849613480582,533.2849613480587,-4.2480550656609335,1.0199706000001014,3.8073429921876055e-15,-1.2613526177232449e-15,0.4077018003394797
5.71,attitude_only,2.505681322388682e-16,4.1464701786052446e-16,3.0215262021859157e-15,1.0,0.0,0.0,0.0,1.0,5.011362644777389e-16,8.292940357210474e-16,6.0430524043718315e-15,0.0,0.0,0.0,5.964873422829854e-17,-1.999951266165743e-16,1.6632832256804314e-14,-4.769361761364751e-19,-3.0328616788148223e-19,1.4014148827155485e-19,0.034127142,0.034127142,0.008531785499999993,0.0085317855,0.008531785499999995,0.008531785500000012,533.2849613480581,533.2849613480583,533.2849613480581,533.2849613480587,-4.3362484155963985,1.0199706000001014,3.84327509927654e-15,-1.2752473043739279e-15,0.36081158218609816
5.72,attitude_only,2.508310367237864e-16,4.1367487872839284e-16,3.1046904903542552e-15,1.0,0.0,0.0,0.0,1.0,5.016620734475754e-16,8.273497574567841e-16,6.2093809807085104e-15,0.0,0.0,0.0,5.097069177184461e-17,-1.8862098419899137e-16,1.66330860254391e-14,-4.670322321064488e-19,-3.1504892894059186e-19,1.4014148827155485e-19,0.034127142,0.034127142,0.008531785499999993,0.0085317855,0.008531785499999995,0.008531785500000012,533.2849613480581,533.2849613480583,533.2849613480581,533.2849613480587,-4.424441765544569,1.0199706000001014,3.879288963078889e-15,-1.289190686791312e-15,0.31303943053272243
5.73,attitude_only,2.5107949025833525e-16,4.1273831019009924e-16,3.1878594732423372e-15,1.0,0.0,0.0,0.0,1.0,5.021589805166732e-16,8.254766203801969e-16,6.3757189464846745e-15,0.0,0.0,0.0,5.057631101484086e-17,-1.8066562296861455e-16,1.6634608637247656e-14,-4.670647383081928e-19,-3.2278870618735777e-19,1.4014148827155485e-19,0.034127142,0.034127142,0.008531785499999993,0.0085317855,0.008531785499999995,0.008531785500000012,533.2849613480581,533.2849613480583,533.2849613480581,533.2849613480587,-4.512635115503098,1.0199706000001014,3.915384240374682e-15,-1.3031831308037245e-15,0.2643853453793513
5.74,attitude_only,2.6911093893092104e-16,4.472748392243296e-16,3.271034165924702e-15,1.0,0.0,0.0,0.0,1.0,5.38221877861845e-16,8.945496784486575e-16,6.542068331849404e-15,0.0,0.0,0.0,1.823521216251706e-14,3.601351701342873e-14,1.6635623711786826e-14,-2.247097988173602e-17,-4.4115943039998444e-17,1.4014148827155485e-19,0.034127142,0.034127142,0.008531785500000161,0.008531785499999493,0.008531785499999828,0.008531785500000517,533.2849613480633,533.2849613480424,533.2849613480529,533.2849613480745,-4.600827885194702,1.0199706000001014,3.9513943191224906e-15,-1.3171410633197595e-15,0.2148493557397412
5.75,zero_thrust,3.849055066545691e-16,6.758117058164613e-16,3.354098261160391e-15,1.0,0.0,0.0,0.0,1.0,7.698110133091427e-16,1.35162341163292e-15,6.7081965223207825e-15,0.0,0.0,0.0,2.715240172787451e-14,5.354886029899393e-14,1.656206125975943e-14,0.0,0.0,0.0,0.0,0.0,0.0,0.0,0.0,0.0,0.0,0.0,0.0,0.0,-5.625440603392249,1.0199706000001014,3.997069685236749e-15,-1.3369714670689234e-15,0.17595378983501575
5.76,zero_thrust,5.330359055284364e-16,9.673978456913507e-16,3.4372753408539756e-15,1.0,0.0,0.0,0.0,1.0,1.0660718110568794e-15,1.934795691382698e-15,6.874550681707952e-15,0.0,0.0,0.0,2.992107110346336e-14,5.88080472185969e-14,1.6639263705641822e-14,0.0,0.0,0.0,0.0,0.0,0.0,0.0,0.0,0.0,0.0,0.0,0.0,0.0,-4.59026893061784,1.0199706000001014,4.085724972613045e-15,-1.381393617392212e-15,0.16876047400269253
5.77,zero_thrust,6.659998181353778e-16,1.2283649182269231e-15,3.5201623312769185e-15,1.0,0.0,0.0,0.0,1.0,1.3319996362707642e-15,2.4567298364538415e-15,7.0403246625538385e-15,0.0,0.0,0.0,2.307166205252164e-14,4.521538690285336e-14,1.6522728390385603e-14,0.0,0.0,0.0,0.0,0.0,0.0,0.0,0.0,0.0,0.0,0.0,0.0,0.0,-3.1457204093462465,1.0199706000001014,4.238256896189769e-15,-1.4612082567564387e-15,0.19508521076009558
5.78,zero_thrust,7.643023932498154e-16,1.4203498558132e-15,3.602688748190908e-15,1.0,0.0,0.0,0.0,1.0,1.5286047864996411e-15,2.8406997116263944e-15,7.205377496381818e-15,0.0,0.0,0.0,1.865152419158229e-14,3.63455863502783e-14,1.6473481414697197e-14,0.0,0.0,0.0,0.0,0.0,0.0,0.0,0.0,0.0,0.0,0.0,0.0,0.0,-1.627014574393617,1.0199706000001014,4.435429922363978e-15,-1.5653777336488481e-15,0.23956329841426363
5.79,zero_thrust,8.571379731423599e-16,1.6010001796432059e-15,3.6850962507086895e-15,1.0,0.0,0.0,0.0,1.0,1.7142759462847316e-15,3.2020003592864054e-15,7.370192501417382e-15,0.0,0.0,0.0,1.8505898221607675e-14,3.597724874664187e-14,1.6477660666901338e-14,0.0,0.0,0.0,0.0,0.0,0.0,0.0,0.0,0.0,0.0,0.0,0.0,0.0,-0.4161380233052193,1.0199706000001014,4.634604250521831e-15,-1.6706406097060611e-15,0.2838369802247464
5.8,hover,9.494309398001714e-16,1.780362537658882e-15,3.767474480617936e-15,1.0,0.0,0.0,0.0,1.0,1.8988618796003563e-15,3.560725075317757e-15,7.534948961235875e-15,0.0,0.0,0.0,1.8431846644558814e-14,3.579579459182764e-14,1.6469508349508792e-14,-2.289125972663171e-17,-4.42126340799954e-17,-1.978796361463408e-17,0.34127141999999994,0.34127141999999994,0.08531785500000097,0.08531785499999864,0.08531785500000065,0.08531785499999968,1686.395119774732,1686.395119774709,1686.3951197747288,1686.3951197747192,2.554384392174146,1.0199706000001014,4.833818337290788e-15,-1.7759259144887672e-15,0.32714640238702286
5.8100000000000005,hover,1.041195910683593e-15,1.9583839869806745e-15,3.833572566397924e-15,1.0,0.0,0.0,0.0,1.0,2.082391821367201e-15,3.916767973961341e-15,7.667145132795852e-15,0.0,0.0,0.0,1.8206459243406433e-14,3.5274454510827205e-14,9.64701394081688e-15,-2.280285943768293e-17,-4.393977052790318e-17,-1.1697440463611959e-17,0.34127141999999994,0.34127141999999994,0.08531785500000064,0.08531785499999898,0.0853178550000003,0.08531785500000001,1686.3951197747288,1686.3951197747124,1686.3951197747253,1686.3951197747224,2.541702585687411,1.0199706000001014,5.03308630649779e-15,-1.8812411341725093e-15,0.3694929835026117
5.82,hover,1.1297609524523418e-15,2.1298411005474148e-15,3.868737615638625e-15,1.0,0.0,0.0,0.0,1.0,2.2595219049047002e-15,4.259682201094821e-15,7.737475231277255e-15,0.0,0.0,0.0,1.7238046662870153e-14,3.320171784245256e-14,5.598008488468844e-15,-2.181314480766809e-17,-4.178450370427813e-17,-6.894614005679004e-18,0.34127141999999994,0.34127141999999994,0.08531785500000043,0.08531785499999921,0.08531785500000012,0.08531785500000019,1686.3951197747265,1686.3951197747147,1686.3951197747235,1686.3951197747242,2.8633920631282206,1.0199706000001014,5.232849653670185e-15,-1.9868213463057273e-15,0.41099448323152543
5.83,hover,1.2112291682210275e-15,2.2864013065946788e-15,3.892604520466183e-15,1.0,0.0,0.0,0.0,1.0,2.4224583364420727e-15,4.572802613189348e-15,7.785209040932372e-15,0.0,0.0,0.0,1.533077797880616e-14,2.966989896846519e-14,4.4953520492388545e-15,-1.967773016657936e-17,-3.784302004517793e-17,-5.616379799095405e-18,0.34127141999999994,0.34127141999999994,0.08531785500000036,0.0853178549999993,0.08531785500000008,0.08531785500000019,1686.3951197747258,1686.3951197747156,1686.395119774723,1686.3951197747242,3.108408683200723,1.0199706000001014,5.434061483876299e-15,-2.0931761389539185e-15,0.4518792348664319
5.84,hover,1.2798726461336104e-15,2.423712058700535e-15,3.911350897641545e-15,1.0,0.0,0.0,0.0,1.0,2.5597452922672398e-15,4.84742411740106e-15,7.822701795283096e-15,0.0,0.0,0.0,1.230097608933763e-14,2.552392234635682e-14,2.9862930716669156e-15,-1.6164977660110495e-17,-3.312308732211145e-17,-3.835371956725747e-18,0.34127141999999994,0.34127141999999994,0.08531785500000028,0.08531785499999944,0.08531785500000001,0.0853178550000002,1686.3951197747251,1686.395119774717,1686.3951197747224,1686.3951197747244,3.2961782206256327,1.0199706000001014,5.637728202619701e-15,-2.200815793031956e-15,0.49235179856968375
5.85,hover,1.3322580789959598e-15,2.5388568018450772e-15,3.9217421883549e-15,1.0,0.0,0.0,0.0,1.0,2.6645161579919392e-15,5.077713603690144e-15,7.843484376709807e-15,0.0,0.0,0.0,8.881227116225604e-15,2.0950138730383522e-14,1.3176849952423397e-15,-1.215009116353832e-17,-2.784404837024732e-17,-1.8462191149686787e-18,0.34127141999999994,0.34127141999999994,0.08531785500000018,0.0853178549999996,0.08531785499999994,0.08531785500000022,1686.3951197747242,1686.3951197747185,1686.3951197747217,1686.3951197747244,3.441116658880682,1.0199706000001014,5.844697963357245e-15,-2.310168668067192e-15,0.5325605026886953
5.862,attitude_only,1.3892105302258395e-15,2.7092506105341774e-15,3.940126162804235e-15,1.0,0.0,0.0,0.0,1.0,2.7784210604517003e-15,5.418501221068344e-15,7.880252325608478e-15,0.0,0.0,0.0,2.7098233049350086e-15,1.0553937841516184e-14,2.2277250929664074e-15,-4.776924469648826e-18,-1.5495254557704715e-17,-2.6499712067787135e-19,0.034127142,0.034127142,0.008531785500000093,0.008531785499999833,0.008531785499999929,0.008531785500000144,533.2849613480612,533.2849613480531,533.2849613480561,533.2849613480628,3.324946664718195,1.0199706000001014,6.055625464749794e-15,-2.421559383705144e-15,0.5726042363216488
5.88,attitude_only,1.3976479103943655e-15,2.742879399723011e-15,3.949332974256086e-15,1.0,0.0,0.0,0.0,1.0,2.7952958207887527e-15,5.485758799446011e-15,7.89866594851218e-15,0.0,0.0,0.0,1.6465314753795382e-15,6.737060678520408e-15,2.3765822055111882e-15,-3.5306118407390934e-18,-1.1036269054323151e-17,-2.6499712067787135e-19,0.034127142,0.034127142,0.00853178550000007,0.008531785499999877,0.008531785499999953,0.0085317855000001,533.2849613480604,533.2849613480545,533.2849613480569,533.2849613480614,9.05033604782716,1.0199706000001014,6.4911022774812536e-15,-2.651379405404856e-15,0.6524197232960672
5.89,attitude_only,1.4032995704279795e-15,2.763252550853793e-15,3.960582550143641e-15,1.0,0.0,0.0,0.0,1.0,2.8065991408559808e-15,5.526505101707575e-15,7.92116510028729e-15,0.0,0.0,0.0,7.965504203767657e-16,1.8809319071999114e-15,2.167048615875287e-15,-2.518600078939534e-18,-5.2277238478105546e-18,-2.6499712067787135e-19,0.034127142,0.034127142,0.008531785500000031,0.008531785499999929,0.00853178549999999,0.008531785500000048,533.2849613480593,533.2849613480561,533.284961348058,533.2849613480598,8.03397682066803,1.0199706000001014,6.715377710059813e-15,-2.769689761688944e-15,0.692105122416385
5.9,attitude_only,1.4055098133372566e-15,2.7597187561341726e-15,3.971798533408166e-15,1.0,0.0,0.0,0.0,1.0,2.8110196266745353e-15,5.519437512268334e-15,7.94359706681634e-15,0.0,0.0,0.0,1.7991637033415774e-16,-2.6542115331966217e-15,2.69458602597897e-15,-1.780438382591746e-18,2.4099039599725284e-19,-2.6499712067787135e-19,0.034127142,0.034127142,0.008531785499999995,0.008531785499999977,0.008531785500000026,0.0085317855,533.2849613480581,533.2849613480575,533.2849613480591,533.2849613480583,7.213003646990694,1.0199706000001014,6.942718613959712e-15,-2.8896181910843624e-15,0.7313962319391977
5.91,attitude_only,1.4052521123520094e-15,2.737031704320527e-15,3.9853078396858035e-15,1.0,0.0,0.0,0.0,1.0,2.8105042247040405e-15,5.474063408641043e-15,7.970615679371615e-15,0.0,0.0,0.0,-2.221876439473876e-16,-5.928398795326078e-15,2.519073293944236e-15,-1.295691689014418e-18,4.229299098505859e-18,-2.6499712067787135e-19,0.034127142,0.034127142,0.008531785499999969,0.008531785500000012,0.008531785500000054,0.008531785499999967,533.2849613480573,533.2849613480587,533.2849613480599,533.2849613480572,6.545474613166897,1.0199706000001014,7.172364327352119e-15,-3.010772206913789e-15,0.7701498167179139
5.92,attitude_only,1.402860577333002e-15,2.7004642335353174e-15,3.996779130057464e-15,1.0,0.0,0.0,0.0,1.0,2.805721154666026e-15,5.400928467070624e-15,7.993558260114936e-15,0.0,0.0,0.0,-6.715322763505335e-16,-8.234825031344142e-15,2.3113636663708658e-15,-7.497628073671375e-19,7.079358832040976e-18,-2.6499712067787135e-19,0.034127142,0.034127142,0.008531785499999951,0.008531785500000038,0.008531785500000071,0.00853178549999994,533.2849613480568,533.2849613480595,533.2849613480605,533.2849613480564,5.998748188298583,1.0199706000001014,7.403799802656623e-15,-3.132880711483975e-15,0.8082682416061664
5.93,attitude_only,1.3985886741244387e-15,2.655858856381826e-15,4.0082021845628404e-15,1.0,0.0,0.0,0.0,1.0,2.7971773482488987e-15,5.311717712763641e-15,8.016404369125689e-15,0.0,0.0,0.0,-1.0011956142610623e-15,-9.352197263067092e-15,2.30448019215228e-15,-3.4415484573189257e-19,8.513727482739185e-18,-2.6499712067787135e-19,0.034127142,0.034127142,0.008531785499999943,0.008531785500000052,0.00853178550000008,0.008531785499999925,533.2849613480565,533.2849613480599,533.2849613480607,533.284961348056,5.54731189967953,1.0199706000001014,7.636675256349742e-15,-3.2557537484362996e-15,0.8456839090581988
5.94,attitude_only,1.3928855083713447e-15,2.6079966015841625e-15,4.020235524878936e-15,1.0,0.0,0.0,0.0,1.0,2.7857710167427102e-15,5.215993203168314e-15,8.04047104975788e-15,0.0,0.0,0.0,-1.23533405828407e-15,-9.663946199262036e-15,2.411368334151665e-15,-5.083537232144207e-20,8.984465668165745e-18,-2.6499712067787135e-19,0.034127142,0.034127142,0.00853178549999994,0.008531785500000057,0.00853178550000008,0.00853178549999992,533.2849613480564,533.28496134806,533.2849613480607,533.2849613480558,5.17115721149832,1.0199706000001014,7.870748070071696e-15,-3.3792592949866076e-15,0.8823492936459361
5.95,attitude_only,1.3862803751905265e-15,2.5600764233970637e-15,4.032423049466341e-15,1.0,0.0,0.0,0.0,1.0,2.7725607503810736e-15,5.120152846794116e-15,8.064846098932688e-15,0.0,0.0,0.0,-1.385527807449603e-15,-9.443819316609925e-15,2.4137156940234522e-15,1.4325240475169335e-19,8.814751602149307e-18,-2.6499712067787135e-19,0.034127142,0.034127142,0.008531785499999944,0.008531785500000057,0.008531785500000078,0.00853178549999992,533.2849613480565,533.28496134806,533.2849613480607,533.2849613480558,4.854549650663871,1.0199706000001014,8.105842308332162e-15,-3.5033040280514327e-15,0.918230487719196
5.96,attitude_only,1.3789419531631464e-15,2.5143868473773396e-15,4.044492652923835e-15,1.0,0.0,0.0,0.0,1.0,2.7578839063263133e-15,5.028773694754668e-15,8.088985305847676e-15,0.0,0.0,0.0,-1.5434610765692138e-15,-8.849966896843033e-15,2.4242193364226865e-15,3.482069384609181e-19,8.190628367397467e-18,-2.6499712067787135e-19,0.034127142,0.034127142,0.008531785499999951,0.008531785500000054,0.008531785500000071,0.008531785499999923,533.2849613480568,533.2849613480599,533.2849613480605,533.2849613480558,4.585089313480357,1.0199706000001014,8.341829769564076e-15,-3.627818853432947e-15,0.9533029673666583
5.97,attitude_only,1.370824422625624e-15,2.4722518189999314e-15,4.056474413773627e-15,1.0,0.0,0.0,0.0,1.0,2.741648845251268e-15,4.944503637999852e-15,8.11294882754726e-15,0.0,0.0,0.0,-1.6787092214620643e-15,-8.035405575062736e-15,2.373017549219441e-15,5.272918045469589e-19,7.293508837011734e-18,-2.6499712067787135e-19,0.034127142,0.034127142,0.008531785499999958,0.008531785500000048,0.008531785500000062,0.008531785499999929,533.284961348057,533.2849613480598,533.2849613480602,533.2849613480561,4.352987617105043,1.0199706000001014,8.578613905218772e-15,-3.752751298478329e-15,0.9875487756826985
5.98,attitude_only,1.3619956809417215e-15,2.4345575372847746e-15,4.068200962679521e-15,1.0,0.0,0.0,0.0,1.0,2.7239913618834627e-15,4.869115074569538e-15,8.136401925359048e-15,0.0,0.0,0.0,-1.8444245671996294e-15,-7.116642958724454e-15,2.3210366130047106e-15,7.445944651040348e-19,6.262160126993046e-18,-2.6499712067787135e-19,0.034127142,0.034127142,0.008531785499999969,0.008531785500000043,0.008531785500000054,0.008531785499999936,533.2849613480573,533.2849613480597,533.2849613480599,533.2849613480563,4.150506993565886,1.0199706000001014,8.816122351617447e-15,-3.87806308632561e-15,1.0209546206767903
5.99,attitude_only,1.3524061609921213e-15,2.401913822066994e-15,4.0799808193549014e-15,1.0,0.0,0.0,0.0,1.0,2.7048123219842623e-15,4.803827644133977e-15,8.159961638709809e-15,0.0,0.0,0.0,-1.976277076169242e-15,-6.0307764666856344e-15,2.3520013428673766e-15,9.225802466292619e-19,5.0194281012133184e-18,-2.6499712067787135e-19,0.034127142,0.034127142,0.008531785499999979,0.008531785500000034,0.008531785500000043,0.008531785499999943,533.2849613480577,533.2849613480594,533.2849613480597,533.2849613480565,3.971524596879472,1.0199706000001014,9.054299968573926e-15,-4.003724119618831e-15,1.0535105707781278
6.0,attitude_only,1.3422192764691153e-15,2.3749801267814224e-15,4.091642877819554e-15,1.0,0.0,0.0,0.0,1.0,2.68443855293825e-15,4.749960253562834e-15,8.183285755639115e-15,0.0,0.0,0.0,-2.094077386853932e-15,-4.8687707746487166e-15,2.3168752039076864e-15,1.0848813933194286e-18,3.673708978515502e-18,-2.6499712067787135e-19,0.034127142,0.034127142,0.008531785499999991,0.008531785500000026,0.008531785500000031,0.008531785499999953,533.284961348058,533.2849613480591,533.2849613480593,533.2849613480569,3.811191185163878,1.0199706000001014,9.293107018500328e-15,-4.129712879081521e-15,1.0852091461611422
6.01,attitude_only,1.3315768673643946e-15,2.3538226078899852e-15,4.102188338926247e-15,1.0,0.0,0.0,0.0,1.0,2.6631537347288086e-15,4.707645215779959e-15,8.2043766778525e-15,0.0,0.0,0.0,-2.128689712186251e-15,-3.728917401515348e-15,1.7662963947923138e-15,1.1477030808400733e-18,2.343174104770613e-18,-2.6499712067787135e-19,0.034127142,0.034127142,0.008531785500000002,0.008531785500000015,0.00853178550000002,0.008531785499999962,533.2849613480583,533.2849613480588,533.2849613480589,533.2849613480571,3.6656635475112793,1.0199706000001014,9.53251056341447e-15,-4.256012389287843e-15,1.1160446761301503
6.02,attitude_only,1.3212767223291308e-15,2.3380807446989665e-15,4.109378558872393e-15,1.0,0.0,0.0,0.0,1.0,2.642553444658281e-15,4.676161489397922e-15,8.218757117744792e-15,0.0,0.0,0.0,-1.9840595517282075e-15,-2.6743943567211762e-15,1.2143763787907645e-15,9.939874838077028e-19,1.1044903945848183e-18,-2.6499712067787135e-19,0.034127142,0.034127142,0.00853178550000001,0.008531785500000005,0.008531785500000012,0.008531785499999972,533.2849613480586,533.2849613480585,533.2849613480587,533.2849613480574,3.531894077636767,1.0199706000001014,9.77248284128803e-15,-4.382613870353492e-15,1.1460128381115395
6.03,attitude_only,1.3120000440147297e-15,2.3275693664861755e-15,4.114497000532192e-15,1.0,0.0,0.0,0.0,1.0,2.6240000880294787e-15,4.65513873297234e-15,8.228994001064391e-15,0.0,0.0,0.0,-1.7456296547814175e-15,-1.6301733100199089e-15,9.164049155733238e-16,7.253279040193698e-19,-1.322731283565025e-19,-2.6499712067787135e-19,0.034127142,0.034127142,0.008531785500000017,0.008531785499999993,0.008531785500000005,0.008531785499999984,533.2849613480588,533.2849613480581,533.2849613480585,533.2849613480578,3.4074649509814763,1.0199706000001014,1.0013003136909567e-14,-4.509511276902374e-15,1.175110322555142
6.04,attitude_only,1.3042699274185736e-15,2.3221074698043687e-15,4.117227298181542e-15,1.0,0.0,0.0,0.0,1.0,2.608539854837166e-15,4.644214939608726e-15,8.23445459636309e-15,0.0,0.0,0.0,-1.3736603221885639e-15,-6.498383727462816e-16,3.009807856418281e-16,2.9270130812983117e-19,-1.3021766693573925e-18,-2.6499712067787135e-19,0.034127142,0.034127142,0.008531785500000022,0.00853178549999998,0.008531785499999998,0.008531785499999996,533.284961348059,533.2849613480577,533.2849613480582,533.2849613480582,3.2904572392072398,1.0199706000001014,1.0254056112004077e-14,-4.636699381586938e-15,1.2033345864762444
6.05,attitude_only,1.2985962515646781e-15,2.321377375134506e-15,4.117818332806891e-15,1.0,0.0,0.0,0.0,1.0,2.597192503129375e-15,4.642754750269001e-15,8.235636665613788e-15,0.0,0.0,0.0,-9.90636702719951e-16,2.1100624855162792e-16,1.3025748870535186e-17,-1.5702066820530507e-19,-2.3373002774003996e-18,-2.6499712067787135e-19,0.034127142,0.034127142,0.008531785500000028,0.00853178549999997,0.008531785499999995,0.008531785500000008,533.2849613480591,533.2849613480573,533.2849613480581,533.2849613480586,3.1793474682203002,1.0199706000001014,1.0495629367977106e-14,-4.764175359698e-15,1.2306836703189692
6.06,attitude_only,1.2940129819165008e-15,2.323948682232243e-15,4.116662630461289e-15,1.0,0.0,0.0,0.0,1.0,2.588025963833021e-15,4.647897364464475e-15,8.233325260922585e-15,0.0,0.0,0.0,-8.795348991281117e-16,7.23499719295846e-16,-5.025773485910698e-16,-2.8154748352423124e-19,-2.9595274394864195e-18,-2.6499712067787135e-19,0.034127142,0.034127142,0.008531785500000031,0.008531785499999963,0.00853178549999999,0.008531785500000014,533.2849613480593,533.2849613480572,533.284961348058,533.2849613480587,3.072925781594207,1.0199706000001014,1.0737706456422448e-14,-4.891928296099837e-15,1.2571560606698693
6.07,attitude_only,1.2893591495100393e-15,2.3283375897523075e-15,4.112459577327267e-15,1.0,0.0,0.0,0.0,1.0,2.578718299020098e-15,4.656675179504605e-15,8.224919154654541e-15,0.0,0.0,0.0,-9.97464818985706e-16,9.716835810357761e-16,-1.129471994289584e-15,-1.3005693150526043e-19,-3.267064909384694e-18,-2.6499712067787135e-19,0.034127142,0.034127142,0.008531785500000034,0.008531785499999963,0.008531785499999986,0.008531785500000015,533.2849613480594,533.2849613480572,533.2849613480579,533.2849613480588,2.970231143445243,1.0199706000001014,1.0980271776745699e-14,-5.0199459598886e-15,1.2827505865783626
6.08,attitude_only,1.2838089639011093e-15,2.3333422953972208e-15,4.105759068104255e-15,1.0,0.0,0.0,0.0,1.0,2.567617927802238e-15,4.666684590794431e-15,8.211518136208517e-15,0.0,0.0,0.0,-1.2234448261226738e-15,1.0063036631024197e-15,-1.4960023749952308e-15,1.5335352532032738e-19,-3.31867204449569e-18,-2.6499712067787135e-19,0.034127142,0.034127142,0.008531785500000038,0.008531785499999965,0.008531785499999984,0.008531785500000014,533.2849613480595,533.2849613480572,533.2849613480578,533.2849613480587,2.8704999987026576,1.0199706000001014,1.1223313421201722e-14,-5.148218893521935e-15,1.3074663407756852
6.09,attitude_only,1.276872244594809e-15,2.337913477324003e-15,4.0986457710507134e-15,1.0,0.0,0.0,0.0,1.0,2.5537444891896374e-15,4.675826954647996e-15,8.197291542101433e-15,0.0,0.0,0.0,-1.5137498089076545e-15,7.826504502965795e-16,-1.3415090709846684e-15,5.168570027513806e-19,-3.0581146936316475e-18,-2.6499712067787135e-19,0.034127142,0.034127142,0.008531785500000038,0.008531785499999969,0.008531785499999984,0.008531785500000008,533.2849613480595,533.2849613480573,533.2849613480578,533.2849613480586,2.7731255736840286,1.0199706000001014,1.1466821959435433e-14,-5.276740618551299e-15,1.3313026195117799
6.1,attitude_only,1.2686320375690607e-15,2.3404564290916007e-15,4.092958374244619e-15,1.0,0.0,0.0,0.0,1.0,2.5372640751381408e-15,4.680912858183191e-15,8.185916748489244e-15,0.0,0.0,0.0,-1.7535745498034312e-15,2.4883588908766236e-16,-9.863479092399273e-16,8.221824373243465e-19,-2.420025579071824e-18,-2.6499712067787135e-19,0.034127142,0.034127142,0.008531785500000036,0.008531785499999977,0.008531785499999986,0.008531785500000002,533.2849613480595,533.2849613480575,533.2849613480579,533.2849613480583,2.67762559717126,1.0199706000001014,1.171078484153913e-14,-5.405508553670975e-15,1.3542588764229833
6.11,attitude_only,1.25934339455493e-15,2.339782846029499e-15,4.087384583944046e-15,1.0,0.0,0.0,0.0,1.0,2.518686789109879e-15,4.679565692058988e-15,8.174769167888099e-15,0.0,0.0,0.0,-1.9579586825682824e-15,-4.3492613455653933e-16,-1.3127474072558716e-15,1.087022983467852e-18,-1.595161889353216e-18,-2.6499712067787135e-19,0.034127142,0.034127142,0.008531785500000031,0.008531785499999984,0.00853178549999999,0.008531785499999993,533.2849613480593,533.2849613480578,533.284961348058,533.2849613480581,2.5836166901277906,1.0199706000001014,1.1955191801514253e-14,-5.5345218272635326e-15,1.376334687042522
6.12,attitude_only,1.2487445550066791e-15,2.3357650178855295e-15,4.079799919116993e-15,1.0,0.0,0.0,0.0,1.0,2.497489110013377e-15,4.671530035771049e-15,8.159599838233992e-15,0.0,0.0,0.0,-2.2685878206443756e-15,-1.10498481103558e-15,-1.7319288319775474e-15,1.482463827365607e-18,-7.800416294680117e-19,-2.6499712067787135e-19,0.034127142,0.034127142,0.008531785500000028,0.008531785499999995,0.008531785499999993,0.008531785499999984,533.2849613480591,533.2849613480581,533.2849613480581,533.2849613480578,2.4907940397947774,1.0199706000001014,1.2200039770935998e-14,-5.663776447269839e-15,1.3975297214271487
6.13,attitude_only,1.2364433708808117e-15,2.32847972615616e-15,4.070160987712187e-15,1.0,0.0,0.0,0.0,1.0,2.4728867417616424e-15,4.65695945231231e-15,8.14032197542438e-15,0.0,0.0,0.0,-2.5956214119265485e-15,-1.7087778245761262e-15,-2.105002397783983e-15,1.9008603510234794e-18,-3.840223497359546e-20,-2.6499712067787135e-19,0.034127142,0.034127142,0.008531785500000026,0.008531785500000003,0.008531785499999996,0.008531785499999974,533.2849613480591,533.2849613480585,533.2849613480582,533.2849613480574,2.398915263293151,1.0199706000001014,1.2445327170602149e-14,-5.793266651855014e-15,1.4178437230000147
6.14,attitude_only,1.2230559863415007e-15,2.318781811186937e-15,4.057764414368981e-15,1.0,0.0,0.0,0.0,1.0,2.4461119726830203e-15,4.637563622373864e-15,8.115528828737969e-15,0.0,0.0,0.0,-2.7027482841696138e-15,-2.0912123140451236e-15,-2.793322156632831e-15,2.056440080556853e-18,4.41431275529652e-19,-2.6499712067787135e-19,0.034127142,0.034127142,0.008531785500000024,0.008531785500000008,0.008531785499999998,0.00853178549999997,533.284961348059,533.2849613480586,533.2849613480582,533.2849613480573,2.3077875940601635,1.0199706000001014,1.269105710809731e-14,-5.92299301612606e-15,1.4372764921712982
6.15,attitude_only,1.2096974783942606e-15,2.3079456049684944e-15,4.042812891161974e-15,1.0,0.0,0.0,0.0,1.0,2.4193949567885397e-15,4.6158912099369794e-15,8.085625782323955e-15,0.0,0.0,0.0,-2.6126300985239628e-15,-2.1923777035443114e-15,-3.1566834032548606e-15,1.9744245587673137e-18,5.847535199641218e-19,-2.6499712067787135e-19,0.034127142,0.034127142,0.008531785500000022,0.008531785500000008,0.0085317855,0.008531785499999969,533.284961348059,533.2849613480586,533.2849613480583,533.2849613480573,2.2172577046474906,1.0199706000001014,1.2937235658997084e-14,-6.05296037827813e-15,1.4558278736412658
6.16,attitude_only,1.1970732003518684e-15,2.2971060685669165e-15,4.026909798459077e-15,1.0,0.0,0.0,0.0,1.0,2.3941464007037554e-15,4.5942121371338236e-15,8.053819596918158e-15,0.0,0.0,0.0,-2.4257696882771396e-15,-2.11931793056794e-15,-3.0825180018350942e-15,1.7744497633538963e-18,5.182749716981548e-19,-2.6499712067787135e-19,0.034127142,0.034127142,0.00853178550000002,0.008531785500000007,0.008531785500000002,0.00853178549999997,533.2849613480589,533.2849613480586,533.2849613480583,533.2849613480573,2.127203621850063,1.0199706000001014,1.3183868422169528e-14,-6.1831710689697915e-15,1.473497746547869
6.17,attitude_only,1.1858292070416704e-15,2.287111975506756e-15,4.01068378591962e-15,1.0,0.0,0.0,0.0,1.0,2.3716584140833593e-15,4.574223951013502e-15,8.021367571839245e-15,0.0,0.0,0.0,-2.081436882727506e-15,-1.882452504499493e-15,-3.4098518467214405e-15,1.3820647655216108e-18,2.528609854610133e-19,-2.6499712067787135e-19,0.034127142,0.034127142,0.008531785500000019,0.008531785500000002,0.008531785500000002,0.008531785499999976,533.2849613480589,533.2849613480583,533.2849613480583,533.2849613480575,2.037528302832917,1.0199706000001014,1.3430958774483185e-14,-6.313626648727842e-15,1.4902860168155119
6.18,attitude_only,1.1766197764954265e-15,2.2787620728891924e-15,3.99265862363728e-15,1.0,0.0,0.0,0.0,1.0,2.353239552990871e-15,4.557524145778375e-15,7.985317247274564e-15,0.0,0.0,0.0,-1.6299283557020867e-15,-1.486475915466711e-15,-3.820393141778318e-15,8.565538166481286e-19,-2.0744616222365845e-19,-2.6499712067787135e-19,0.034127142,0.034127142,0.008531785500000019,0.008531785499999995,0.008531785500000003,0.008531785499999984,533.2849613480589,533.2849613480581,533.2849613480585,533.2849613480578,1.948154530146154,1.0199706000001014,1.36785099742509e-14,-6.444329432864123e-15,1.5061926112095025
6.19,attitude_only,1.1699167325253549e-15,2.2726487101901074e-15,3.972422055427125e-15,1.0,0.0,0.0,0.0,1.0,2.339833465050728e-15,4.545297420380205e-15,7.944844110854255e-15,0.0,0.0,0.0,-1.0938088404175957e-15,-9.938357107672122e-16,-4.176409618749253e-15,2.2414848671091606e-19,-7.886760507553841e-19,-2.6499712067787135e-19,0.034127142,0.034127142,0.008531785500000019,0.008531785499999984,0.008531785500000003,0.008531785499999993,533.2849613480589,533.2849613480578,533.2849613480585,533.2849613480581,1.859020854200546,1.0199706000001014,1.3926524427393168e-14,-6.575280798430915e-15,1.5212174727136847
6.2,attitude_only,1.165812684513714e-15,2.2688292796287352e-15,3.950968548197355e-15,1.0,0.0,0.0,0.0,1.0,2.3316253690274458e-15,4.537658559257461e-15,7.901937096394714e-15,0.0,0.0,0.0,-6.407216014154084e-16,-6.188407836371211e-16,-4.316554005584789e-15,-3.131489840775546e-19,-1.232481555475122e-18,-2.6499712067787135e-19,0.034127142,0.034127142,0.008531785500000017,0.008531785499999977,0.008531785500000003,0.0085317855,533.2849613480588,533.2849613480575,533.2849613480585,533.2849613480583,1.7700783677947995,1.0199706000001014,1.4175001831072368e-14,-6.706480502257511e-15,1.5353605569354025
6.21,attitude_only,1.1630508299003932e-15,2.2661227527300375e-15,3.927860044823731e-15,1.0,0.0,0.0,0.0,1.0,2.326101659800804e-15,4.5322455054600655e-15,7.855720089647467e-15,0.0,0.0,0.0,-5.064599404157679e-16,-5.110662588564651e-16,-4.817152567850371e-15,-4.6919837787296555e-19,-1.3567003226233447e-18,-2.6499712067787135e-19,0.034127142,0.034127142,0.008531785500000017,0.008531785499999976,0.008531785500000003,0.008531785500000003,533.2849613480588,533.2849613480575,533.2849613480585,533.2849613480585,1.6812881417005996,1.0199706000001014,1.442393352799988e-14,-6.83791967229792e-15,1.5486218293086402
6.22,attitude_only,1.1604225214896804e-15,2.2633647166461682e-15,3.90276295922966e-15,1.0,0.0,0.0,0.0,1.0,2.3208450429793785e-15,4.526729433292328e-15,7.805525918459324e-15,0.0,0.0,0.0,-5.690278852765423e-16,-6.01314078989156e-16,-4.9750593070452885e-15,-3.8842656518727087e-19,-1.2423897976742243e-18,-2.6499712067787135e-19,0.034127142,0.034127142,0.008531785500000017,0.008531785499999976,0.008531785500000005,0.008531785500000002,533.2849613480588,533.2849613480575,533.2849613480585,533.2849613480583,1.5926191855399736,1.0199706000001014,1.4673310496612773e-14,-6.969588841394174e-15,1.5610012629176147
6.23,attitude_only,1.157029567155585e-15,2.259760183475019e-15,3.87697427376728e-15,1.0,0.0,0.0,0.0,1.0,2.3140591343111873e-15,4.519520366950029e-15,7.753948547534564e-15,0.0,0.0,0.0,-7.979188515391285e-16,-8.4795229830506e-16,-5.255731773347285e-15,-1.0577821715677545e-19,-9.37944411512088e-19,-2.6499712067787135e-19,0.034127142,0.034127142,0.008531785500000017,0.00853178549999998,0.008531785500000005,0.008531785499999996,533.2849613480588,533.2849613480577,533.2849613480585,533.2849613480582,1.5040468261371738,1.0199706000001014,1.4923126424026125e-14,-7.101481085060746e-15,1.5724988368028752
6.24,attitude_only,1.1519970225028037e-15,2.254529836150352e-15,3.849563314830959e-15,1.0,0.0,0.0,0.0,1.0,2.303994045005625e-15,4.5090596723006955e-15,7.699126629661923e-15,0.0,0.0,0.0,-1.1919840351936813e-15,-1.2209740638782464e-15,-5.540210285145856e-15,3.7901984358062424e-19,-4.781085521854822e-19,-2.6499712067787135e-19,0.034127142,0.034127142,0.008531785500000017,0.008531785499999988,0.008531785500000005,0.00853178549999999,533.2849613480588,533.2849613480579,533.2849613480585,533.284961348058,1.4155514177072446,1.0199706000001014,1.5173375015524964e-14,-7.233589618690073e-15,1.5831145346427502
6.25,attitude_only,1.1446651665454024e-15,2.2472048875463083e-15,3.822683055826073e-15,1.0,0.0,0.0,0.0,1.0,2.289330333090822e-15,4.494409775092608e-15,7.645366111652151e-15,0.0,0.0,0.0,-1.6883068618942881e-15,-1.6544031009361602e-15,-5.216646050270656e-15,9.91490304240295e-19,5.855032329337547e-20,-2.6499712067787135e-19,0.034127142,0.034127142,0.008531785500000017,0.008531785499999996,0.008531785500000003,0.00853178549999998,533.2849613480588,533.2849613480582,533.2849613480585,533.2849613480577,1.3271173158479939,1.0199706000001014,1.5424051726461523e-14,-7.365908646774715e-15,1.59284834372686
6.26,attitude_only,1.1351762329199112e-15,2.2379269035377034e-15,3.795911015907769e-15,1.0,0.0,0.0,0.0,1.0,2.2703524658398393e-15,4.475853807075398e-15,7.591822031815542e-15,0.0,0.0,0.0,-2.025036154009438e-15,-1.975585725257758e-15,-5.5028671982078034e-15,1.415815816318569e-18,4.637253297318697e-19,-2.6499712067787135e-19,0.034127142,0.034127142,0.008531785500000019,0.008531785500000003,0.008531785500000003,0.008531785499999974,533.2849613480589,533.2849613480585,533.2849613480585,533.2849613480574,1.2387320612797357,1.0199706000001014,1.567515550243812e-14,-7.498436834834178e-15,1.6017002541569267
6.27,attitude_only,1.1247686445562085e-15,2.2277749263247813e-15,3.767449240746319e-15,1.0,0.0,0.0,0.0,1.0,2.249537289112434e-15,4.455549852649554e-15,7.534898481492642e-15,0.0,0.0,0.0,-2.100642876952284e-15,-2.0509325737177937e-15,-5.873056013163014e-15,1.5275503126195064e-18,5.746508736210904e-19,-2.6499712067787135e-19,0.034127142,0.034127142,0.008531785500000019,0.008531785500000005,0.008531785500000003,0.008531785499999972,533.2849613480589,533.2849613480585,533.2849613480585,533.2849613480574,1.1503857303755127,1.0199706000001014,1.5926691577133558e-14,-7.631180615804172e-15,1.6096702582245135
6.28,attitude_only,1.114441114225085e-15,2.2177527859083624e-15,3.736322246501456e-15,1.0,0.0,0.0,0.0,1.0,2.2288822284501865e-15,4.435505571816716e-15,7.472644493002916e-15,0.0,0.0,0.0,-2.0072113436489478e-15,-1.9442441827161047e-15,-6.4872778553297545e-15,1.4355045860919937e-18,4.660672462462262e-19,-2.6499712067787135e-19,0.034127142,0.034127142,0.008531785500000019,0.008531785500000003,0.008531785500000003,0.008531785499999974,533.2849613480589,533.2849613480585,533.2849613480585,533.2849613480574,1.0620704183400576,1.0199706000001014,1.6178665157785277e-14,-7.764145223762196e-15,1.6167583499264957
6.29,attitude_only,1.1050501665626252e-15,2.2085405701970063e-15,3.703426285024873e-15,1.0,0.0,0.0,0.0,1.0,2.2101003331252666e-15,4.417081140394005e-15,7.40685257004975e-15,0.0,0.0,0.0,-1.7430319836434975e-15,-1.7189746119248e-15,-6.687786400990416e-15,1.1359196739218876e-18,2.129335074159081e-19,-2.6499712067787135e-19,0.034127142,0.034127142,0.008531785500000017,0.0085317855,0.008531785500000003,0.008531785499999979,533.2849613480588,533.2849613480583,533.2849613480585,533.2849613480577,0.9737798278973964,1.0199706000001014,1.6431079207764392e-14,-7.897334577504036e-15,1.622964524587763
6.3,attitude_only,1.0972994423394138e-15,2.201009952632879e-15,3.669010813591476e-15,1.0,0.0,0.0,0.0,1.0,2.1945988846788437e-15,4.40201990526575e-15,7.338021627182957e-15,0.0,0.0,0.0,-1.3599533603672348e-15,-1.3321820679378597e-15,-6.964140988802232e-15,6.898248595940445e-19,-2.378957246890422e-19,-2.6499712067787135e-19,0.034127142,0.034127142,0.008531785500000017,0.008531785499999993,0.008531785500000003,0.008531785499999986,533.2849613480588,533.2849613480581,533.2849613480585,533.2849613480579,0.8855089419109565,1.0199706000001014,1.6683937809510298e-14,-8.030751886526224e-15,1.628288778567415
6.31,attitude_only,1.0916996934991233e-15,2.1955454103931785e-15,3.634753434419316e-15,1.0,0.0,0.0,0.0,1.0,2.1833993869982624e-15,4.391090820786349e-15,7.269506868838636e-15,0.0,0.0,0.0,-9.462344900009204e-16,-9.103264262950311e-16,-6.571073838588744e-15,2.0282456005447634e-19,-7.35019230397486e-19,-2.6499712067787135e-19,0.034127142,0.034127142,0.008531785500000019,0.008531785499999984,0.008531785500000003,0.008531785499999993,533.2849613480589,533.2849613480578,533.2849613480585,533.2849613480581,0.7972537627796803,1.0199706000001014,1.6937242554972892e-14,-8.164399455813433e-15,1.632731109029961
6.32,attitude_only,1.0877635549271028e-15,2.1918372176082422e-15,3.60182149590201e-15,1.0,0.0,0.0,0.0,1.0,2.1755271098542215e-15,4.3836744352164765e-15,7.203642991804025e-15,0.0,0.0,0.0,-6.958038344014594e-16,-6.413278412421013e-16,-6.6845395912593064e-15,-9.073418832086186e-20,-1.05140425404858e-18,-2.6499712067787135e-19,0.034127142,0.034127142,0.008531785500000019,0.00853178549999998,0.008531785500000003,0.008531785499999998,533.2849613480589,533.2849613480577,533.2849613480585,533.2849613480582,0.7090111049675102,1.0199706000001014,1.719099081778698e-14,-8.29827341867277e-15,1.6362915137671492
6.33,attitude_only,1.0844810517456599e-15,2.188830517936105e-15,3.567223996168144e-15,1.0,0.0,0.0,0.0,1.0,2.1689621034913355e-15,4.377661035872202e-15,7.134447992336293e-15,0.0,0.0,0.0,-6.570093925162201e-16,-6.094964535235522e-16,-7.167847083249203e-15,-1.3071742465798692e-19,-1.0835069547756036e-18,-2.6499712067787135e-19,0.034127142,0.034127142,0.008531785500000019,0.008531785499999979,0.008531785500000003,0.008531785499999998,533.2849613480589,533.2849613480577,533.2849613480585,533.2849613480582,0.6207784298151793,1.0199706000001014,1.7445174777843253e-14,-8.432366103138862e-15,1.6389699910592077
6.34,attitude_only,1.080755217711068e-15,2.1854348039991773e-15,3.5307582203236287e-15,1.0,0.0,0.0,0.0,1.0,2.1615104354221512e-15,4.370869607998347e-15,7.061516440647262e-15,0.0,0.0,0.0,-8.202833041866346e-16,-7.526712118483968e-16,-7.529914333840707e-15,7.34141023883766e-20,-9.041705326673066e-19,-2.6499712067787135e-19,0.034127142,0.034127142,0.008531785500000019,0.008531785499999982,0.008531785500000003,0.008531785499999995,533.2849613480589,533.2849613480578,533.2849613480585,533.2849613480581,0.5325537140037429,1.0199706000001014,1.7699786018673853e-14,-8.566669178649488e-15,1.6407665395667876
6.35,attitude_only,1.0760568310953016e-15,2.1809839447134615e-15,3.492152823193045e-15,1.0,0.0,0.0,0.0,1.0,2.1521136621906185e-15,4.361967889426915e-15,6.984305646386095e-15,0.0,0.0,0.0,-1.0466546684119204e-15,-1.0192207200890798e-15,-7.914820716185652e-15,3.555262861428384e-19,-5.741189155775961e-19,-2.6499712067787135e-19,0.034127142,0.034127142,0.008531785500000017,0.008531785499999988,0.008531785500000003,0.008531785499999991,533.2849613480588,533.2849613480579,533.2849613480585,533.284961348058,0.4443353448034367,1.0199706000001014,1.7954819061697492e-14,-8.701177755473905e-15,1.6416811582468098
6.36,attitude_only,1.0700192278387252e-15,2.1750710787263516e-15,3.452741034646023e-15,1.0,0.0,0.0,0.0,1.0,2.1400384556774653e-15,4.350142157452696e-15,6.905482069292051e-15,0.0,0.0,0.0,-1.3303980572126999e-15,-1.305960545970258e-15,-7.935467467509878e-15,7.093223332759016e-19,-2.169715190604789e-19,-2.6499712067787135e-19,0.034127142,0.034127142,0.008531785500000017,0.008531785499999993,0.008531785500000003,0.008531785499999984,533.2849613480588,533.2849613480581,533.2849613480585,533.2849613480578,0.35612203664508324,1.0199706000001014,1.8210269859443904e-14,-8.835888355948875e-15,1.6417138462869265
6.37,attitude_only,1.0627108466481372e-15,2.167830546771625e-15,3.4125860435868997e-15,1.0,0.0,0.0,0.0,1.0,2.1254216932962894e-15,4.335661093543243e-15,6.825172087173804e-15,0.0,0.0,0.0,-1.5468803325512649e-15,-1.5130743703753841e-15,-8.159545247655993e-15,9.845698670076922e-19,4.6695813929426103e-20,-2.6499712067787135e-19,0.034127142,0.034127142,0.008531785500000019,0.008531785499999996,0.008531785500000003,0.00853178549999998,533.2849613480589,533.2849613480582,533.2849613480585,533.2849613480577,0.2679127646672116,1.0199706000001014,1.84661378659471e-14,-8.97079986602556e-15,1.6408646030544838
6.38,attitude_only,1.0549161688792609e-15,2.1602316895424166e-15,3.370668507270281e-15,1.0,0.0,0.0,0.0,1.0,2.1098323377585363e-15,4.320463379084826e-15,6.741337014540566e-15,0.0,0.0,0.0,-1.531096518365736e-15,-1.5040631006867682e-15,-8.397834063787297e-15,9.809402551687144e-19,5.092292130995431e-20,-2.6499712067787135e-19,0.034127142,0.034127142,0.008531785500000017,0.008531785499999996,0.008531785500000003,0.00853178549999998,533.2849613480588,533.2849613480582,533.2849613480585,533.2849613480577,0.17970671177953246,1.0199706000001014,1.8722427962635963e-14,-9.105915765083835e-15,1.639133428056772
6.39,attitude_only,1.0476701040310385e-15,2.1532408451748365e-15,3.3284493967908263e-15,1.0,0.0,0.0,0.0,1.0,2.0953402080620912e-15,4.306481690349666e-15,6.656898793581657e-15,0.0,0.0,0.0,-1.3643011409970187e-15,-1.2921405188001057e-15,-8.615313904806203e-15,7.944288137362237e-19,-1.9046277176603993e-19,-2.6499712067787135e-19,0.034127142,0.034127142,0.008531785500000019,0.008531785499999993,0.008531785500000003,0.008531785499999984,533.2849613480589,533.2849613480581,533.2849613480585,533.2849613480578,0.09150322648953757,1.0199706000001014,1.8979145436312417e-14,-9.241242019157313e-15,1.6365203209100674
6.4,attitude_only,1.0417042372176446e-15,2.147723949838067e-15,3.2842591077113205e-15,1.0,0.0,0.0,0.0,1.0,2.0834084744353033e-15,4.295447899676127e-15,6.568518215422646e-15,0.0,0.0,0.0,-1.022393325030781e-15,-9.451292004937273e-16,-8.99641350805386e-15,3.9436336782704684e-19,-5.974250617287561e-19,-2.6499712067787135e-19,0.034127142,0.034127142,0.008531785500000019,0.008531785499999988,0.008531785500000003,0.008531785499999991,533.2849613480589,533.2849613480579,533.2849613480585,533.284961348058,0.003301789300839561,1.0199706000001014,1.9236295165886994e-14,-9.376782204274697e-15,1.633025281315528
6.41,attitude_only,1.0376115403134423e-15,2.1439636578092524e-15,3.2398548610904155e-15,1.0,0.0,0.0,0.0,1.0,2.0752230806268984e-15,4.287927315618498e-15,6.479709722180836e-15,0.0,0.0,0.0,-6.662935753857977e-16,-6.083245077924545e-16,-8.790536110844057e-15,-2.629339599307528e-20,-9.955074478923591e-19,-2.6499712067787135e-19,0.034127142,0.034127142,0.008531785500000019,0.00853178549999998,0.008531785500000003,0.008531785499999996,533.2849613480589,533.2849613480577,533.2849613480585,533.2849613480582,-0.08489801406159511,1.0199706000001014,1.9493878510960092e-14,-9.512539812534142e-15,1.6286483090404147
6.42,attitude_only,1.0350573429118731e-15,2.1416155821073878e-15,3.1955893192132576e-15,1.0,0.0,0.0,0.0,1.0,2.07011468582376e-15,4.283231164214769e-15,6.39117863842652e-15,0.0,0.0,0.0,-4.1265480462471804e-16,-3.693150729224166e-16,-9.054678827900562e-15,-3.2653337286012373e-19,-1.2786256190071806e-18,-2.6499712067787135e-19,0.034127142,0.034127142,0.008531785500000019,0.008531785499999977,0.008531785500000003,0.008531785500000002,533.2849613480589,533.2849613480575,533.2849613480585,533.2849613480583,-0.17309651398813708,1.0199706000001014,1.9751892603689658e-14,-9.648512078841785e-15,1.6233894039034718
6.43,attitude_only,1.0332003299624398e-15,2.1399918874427606e-15,3.1490192180586936e-15,1.0,0.0,0.0,0.0,1.0,2.066400659924893e-15,4.279983774885515e-15,6.298038436117392e-15,0.0,0.0,0.0,-3.7095296993938743e-16,-3.2125064038799e-16,-9.48523285859526e-15,-3.728660447831267e-19,-1.3330904316446123e-18,-2.6499712067787135e-19,0.034127142,0.034127142,0.008531785500000019,0.008531785499999976,0.008531785500000003,0.008531785500000002,533.2849613480589,533.2849613480575,533.2849613480585,533.2849613480583,-0.26129397398923543,1.0199706000001014,2.0010332491232257e-14,-9.784692994669081e-15,1.6172485657635356
6.44,attitude_only,1.0310164965379407e-15,2.138121746577124e-15,3.100566980870166e-15,1.0,0.0,0.0,0.0,1.0,2.062032993075895e-15,4.276243493154242e-15,6.201133961740337e-15,0.0,0.0,0.0,-5.028201411788429e-16,-4.3317898053437596e-16,-9.862525924758229e-15,-2.095972378839913e-19,-1.1944446336636053e-18,-2.6499712067787135e-19,0.034127142,0.034127142,0.008531785500000019,0.008531785499999977,0.008531785500000003,0.0085317855,533.2849613480589,533.2849613480575,533.2849613480585,533.2849613480583,-0.34949060424872314,1.0199706000001014,2.0269190974477856e-14,-9.921074918586646e-15,1.6102257945106684
6.45,attitude_only,1.0279576678951569e-15,2.1351193778090118e-15,3.050669764716172e-15,1.0,0.0,0.0,0.0,1.0,2.0559153357903267e-15,4.270238755618017e-15,6.101339529432349e-15,0.0,0.0,0.0,-7.4898543652117715e-16,-7.392545083650692e-16,-1.0246416982988521e-14,9.329097089202135e-20,-8.197614551831231e-19,-2.6499712067787135e-19,0.034127142,0.034127142,0.008531785500000017,0.008531785499999982,0.008531785500000003,0.008531785499999995,533.2849613480588,533.2849613480578,533.2849613480585,533.2849613480581,-0.437686572427333,1.0199706000001014,2.0528461642329605e-14,-1.005765340869978e-14,1.6023210900592508
6.46,attitude_only,1.023158154788107e-15,2.1303925445454605e-15,2.9987612442590735e-15,1.0,0.0,0.0,0.0,1.0,2.0463163095762266e-15,4.260785089090915e-15,5.997522488518152e-15,0.0,0.0,0.0,-1.1356578660979847e-15,-1.1144419905929525e-15,-1.0577300836813572e-14,5.686544650451701e-19,-3.5839205660373377e-19,-2.6499712067787135e-19,0.034127142,0.034127142,0.008531785500000017,0.008531785499999991,0.008531785500000003,0.008531785499999988,533.2849613480588,533.284961348058,533.2849613480585,533.2849613480579,-0.525882012274828,1.0199706000001014,2.078813937138024e-14,-1.0194421944009617e-14,1.593534452342603
6.47,attitude_only,1.016246972060008e-15,2.1237080620948315e-15,2.9454563923222343e-15,1.0,0.0,0.0,0.0,1.0,2.0324939441200285e-15,4.247416124189657e-15,5.890912784644473e-15,0.0,0.0,0.0,-1.5805224767016322e-15,-1.5254855788953694e-15,-1.062738461742243e-14,1.118297222536563e-18,1.5011510514811965e-19,-2.6499712067787135e-19,0.034127142,0.034127142,0.008531785500000019,0.008531785499999998,0.008531785500000003,0.008531785499999979,533.2849613480589,533.2849613480582,533.2849613480585,533.2849613480577,-0.6140770304960538,1.0199706000001014,2.104822152984931e-14,-1.0331376750370476e-14,1.5838658813087936
6.48,attitude_only,1.0074099407385337e-15,2.115106966385954e-15,2.891844465082459e-15,1.0,0.0,0.0,0.0,1.0,2.0148198814770796e-15,4.2302139327719025e-15,5.783688930164922e-15,0.0,0.0,0.0,-1.875007780941552e-15,-1.847762089360195e-15,-1.101026059165992e-14,1.4904296654338836e-18,5.55324538599514e-19,-2.6499712067787135e-19,0.034127142,0.034127142,0.008531785500000019,0.008531785500000005,0.008531785500000003,0.008531785499999974,533.2849613480589,533.2849613480585,533.2849613480585,533.2849613480574,-0.725717277539383,1.0199706000001014,2.1308706697595412e-14,-1.0468517082756768e-14,1.5733153769173789
6.49,attitude_only,9.977166294815813e-16,2.1056213313010378e-15,2.8356413621036745e-15,1.0,0.0,0.0,0.0,1.0,1.9954332589631744e-15,4.21124266260207e-15,5.671282724207353e-15,0.0,0.0,0.0,-1.9475320055293655e-15,-1.888183964787997e-15,-1.1493090953557883e-14,1.5969340549945532e-18,6.227126287607557e-19,-2.6499712067787135e-19,0.034127142,0.034127142,0.008531785500000019,0.008531785500000005,0.008531785500000003,0.008531785499999972,533.2849613480589,533.2849613480585,533.2849613480585,533.2849613480574,-0.7884363271318304,1.0199706000001014,2.156959974115276e-14,-1.0605848443679777e-14,1.561882939136861
6.5,attitude_only,9.88299555631669e-16,2.0964854630793764e-15,2.777547388405543e-15,1.0,0.0,0.0,0.0,1.0,1.9765991112633497e-15,4.192970926158747e-15,5.55509477681109e-15,0.0,0.0,0.0,-1.8088412003630454e-15,-1.745566400988837e-15,-1.1776296749507835e-14,1.4485935007985988e-18,4.690272162116518e-19,-2.6499712067787135e-19,0.034127142,0.034127142,0.008531785500000019,0.008531785500000003,0.008531785500000003,0.008531785499999974,533.2849613480589,533.2849613480585,533.2849613480585,533.2849613480574,-0.8770364855884922,1.0199706000001014,2.183090775300203e-14,-1.0743376870695887e-14,1.5495685679427098
6.51,attitude_only,9.798222511383955e-16,2.0883625959512994e-15,2.717233274109857e-15,1.0,0.0,0.0,0.0,1.0,1.9596445022768025e-15,4.176725191902593e-15,5.4344665482197176e-15,0.0,0.0,0.0,-1.5861423315375484e-15,-1.5057232574268037e-15,-1.2428329887116909e-14,1.1972162815233775e-18,1.962726765114794e-19,-2.6499712067787135e-19,0.034127142,0.034127142,0.008531785500000019,0.0085317855,0.008531785500000003,0.008531785499999977,533.2849613480589,533.2849613480583,533.2849613480585,533.2849613480575,-0.9655552810085668,1.0199706000001014,2.2092633849108812e-14,-1.088110557162999e-14,1.5363722633158214
6.52,attitude_only,9.727839794433216e-16,2.081676136423569e-15,2.6547893963812714e-15,1.0,0.0,0.0,0.0,1.0,1.9455679588866543e-15,4.163352272847133e-15,5.309578792762547e-15,0.0,0.0,0.0,-1.2579532412741293e-15,-1.1810691622824951e-15,-1.259892331409496e-14,8.159689056200157e-19,-1.8150154603886613e-19,-2.6499712067787135e-19,0.034127142,0.034127142,0.008531785500000019,0.008531785499999993,0.008531785500000003,0.008531785499999984,533.2849613480589,533.2849613480581,533.2849613480585,533.2849613480578,-1.0540089862969264,1.0199706000001014,2.2354779406562816e-14,-1.1019036266897827e-14,1.5222940252413169
6.53,attitude_only,9.67585493500061e-16,2.0769140370678235e-15,2.591039138020822e-15,1.0,0.0,0.0,0.0,1.0,1.935170987000133e-15,4.153828074135642e-15,5.182078276041648e-15,0.0,0.0,0.0,-8.599718822560556e-16,-7.590115353809837e-16,-1.2765456443861769e-14,3.4699099362088854e-19,-6.803805829668695e-19,-2.6499712067787135e-19,0.034127142,0.034127142,0.008531785500000019,0.008531785499999986,0.008531785500000003,0.008531785499999991,533.2849613480589,533.2849613480579,533.2849613480585,533.284961348058,-1.1424106197116985,1.0199706000001014,2.2617346439274103e-14,-1.115717046115587e-14,1.5073338537076093
6.54,attitude_only,9.643819138970158e-16,2.0743124109405253e-15,2.5275452164317635e-15,1.0,0.0,0.0,0.0,1.0,1.9287638277940423e-15,4.148624821881046e-15,5.055090432863531e-15,0.0,0.0,0.0,-4.695200317162557e-16,-3.3967830970933625e-16,-1.2466253072180587e-14,-1.1685602670970882e-19,-1.180183670675753e-18,-2.6499712067787135e-19,0.034127142,0.034127142,0.008531785500000019,0.008531785499999979,0.008531785500000003,0.008531785499999998,533.2849613480589,533.2849613480577,533.2849613480585,533.2849613480582,-1.2307705958080624,1.0199706000001014,2.2880335966214276e-14,-1.1295508446952416e-14,1.4914917487056745
6.55,attitude_only,9.628336853343475e-16,2.0734314243375095e-15,2.4654522702698577e-15,1.0,0.0,0.0,0.0,1.0,1.9256673706687052e-15,4.146862848675014e-15,4.930904540539719e-15,0.0,0.0,0.0,-2.2022113104658716e-16,-8.491481175378761e-17,-1.2534070202424429e-14,-4.1381249620284526e-19,-1.4850507201048735e-18,-2.6499712067787135e-19,0.034127142,0.034127142,0.008531785500000019,0.008531785499999974,0.008531785500000003,0.008531785500000003,533.2849613480589,533.2849613480574,533.2849613480585,533.2849613480585,-1.3190972461902672,1.0199706000001014,2.3143744934440996e-14,-1.1434047656856227e-14,1.474767710228484
6.5600000000000005,attitude_only,9.618358166169107e-16,2.0731131883667618e-15,2.400693012582036e-15,1.0,0.0,0.0,0.0,1.0,1.9236716332338312e-15,4.146226376733519e-15,4.801386025164076e-15,0.0,0.0,0.0,-2.124227131941665e-16,-7.028740861742217e-17,-1.3342079688981111e-14,-4.2104637049380826e-19,-1.5019007297823377e-18,-2.6499712067787135e-19,0.034127142,0.034127142,0.008531785500000019,0.008531785499999974,0.008531785500000003,0.008531785500000003,533.2849613480589,533.2849613480574,533.2849613480585,533.2849613480585,-1.4073972361105815,1.0199706000001014,2.3407565337854404e-14,-1.1572780408933228e-14,1.4571617382705644
6.57,attitude_only,9.6042707794843e-16,2.0723638960654057e-15,2.332920460438231e-15,1.0,0.0,0.0,0.0,1.0,1.92085415589687e-15,4.1447277921308066e-15,4.665840920876466e-15,0.0,0.0,0.0,-3.712225240163708e-16,-2.391449114809173e-16,-1.3625793023382305e-14,-2.267743722669995e-19,-1.2968802772313344e-18,-2.6499712067787135e-19,0.034127142,0.034127142,0.008531785500000019,0.008531785499999977,0.008531785500000003,0.0085317855,533.2849613480589,533.2849613480575,533.2849613480585,533.2849613480583,-1.4956758977466889,1.0199706000001014,2.367178998909152e-14,-1.1711699547235211e-14,1.4386738328276536
6.58,attitude_only,9.578284755337773e-16,2.0704260954491402e-15,2.263618490405133e-15,1.0,0.0,0.0,0.0,1.0,1.915656951067564e-15,4.1408521908982765e-15,4.52723698081027e-15,0.0,0.0,0.0,-6.635511823775957e-16,-5.280763372880534e-16,-1.4127402259055023e-14,1.306555295902461e-19,-9.448818028898908e-19,-2.6499712067787135e-19,0.034127142,0.034127142,0.008531785500000019,0.008531785499999982,0.008531785500000003,0.008531785499999995,533.2849613480589,533.2849613480578,533.2849613480585,533.2849613480581,-1.5839374968218174,1.0199706000001014,2.3936413256836137e-14,-1.1850799265701198e-14,1.4193039938964307
6.59,attitude_only,9.534402668414263e-16,2.0666841954245227e-15,2.1915202843815083e-15,1.0,0.0,0.0,0.0,1.0,1.9068805336828617e-15,4.133368390849041e-15,4.3830405687630206e-15,0.0,0.0,0.0,-1.0594659211695794e-15,-9.384221992856714e-16,-1.4583871129758828e-14,6.163478753523221e-19,-4.430825464998928e-19,-2.6499712067787135e-19,0.034127142,0.034127142,0.008531785500000019,0.00853178549999999,0.008531785500000003,0.008531785499999988,533.2849613480589,533.284961348058,533.2849613480585,533.2849613480579,-1.6721854458998684,1.0199706000001014,2.4201430503410282e-14,-1.1990074798199596e-14,1.3990522214743104
6.6,attitude_only,9.469771247704241e-16,2.0607539762918953e-15,2.118712556481314e-15,1.0,0.0,0.0,0.0,1.0,1.893954249540857e-15,4.121507952583787e-15,4.237425112962632e-15,0.0,0.0,0.0,-1.4718603785138903e-15,-1.3679397461679996e-15,-1.4386398528013262e-14,1.1259398279506338e-18,8.601790722058081e-20,-2.6499712067787135e-19,0.034127142,0.034127142,0.008531785500000019,0.008531785499999998,0.008531785500000003,0.008531785499999979,533.2849613480589,533.2849613480582,533.2849613480585,533.2849613480577,-1.760422475020472,1.0199706000001014,2.4466838000545463e-14,-1.2129523030980644e-14,1.3779185155592801
6.61,attitude_only,9.386894526958633e-16,2.0529574344123288e-15,2.046633530295643e-15,1.0,0.0,0.0,0.0,1.0,1.877378905391735e-15,4.105914868824654e-15,4.09326706059129e-15,0.0,0.0,0.0,-1.7696988930000896e-15,-1.6880523050741388e-15,-1.456330571860141e-14,1.501043034264075e-18,4.870335009586904e-19,-2.6499712067787135e-19,0.034127142,0.034127142,0.008531785500000019,0.008531785500000003,0.008531785500000003,0.008531785499999974,533.2849613480589,533.2849613480585,533.2849613480585,533.2849613480574,-1.8486507682065674,1.0199706000001014,2.4732636424212584e-14,-1.2269144025197761e-14,1.3559028761497711
6.62,attitude_only,9.29631414451296e-16,2.0443353363755443e-15,1.9727326889278823e-15,1.0,0.0,0.0,0.0,1.0,1.8592628289026e-15,4.088670672751085e-15,3.945465377855769e-15,0.0,0.0,0.0,-1.8267385180605603e-15,-1.7222984804904446e-15,-1.5179049934995677e-14,1.587757969517245e-18,5.453518962631612e-19,-2.6499712067787135e-19,0.034127142,0.034127142,0.008531785500000019,0.008531785500000005,0.008531785500000003,0.008531785499999972,533.2849613480589,533.2849613480585,533.2849613480585,533.2849613480574,-1.9368720726694482,1.0199706000001014,2.4998830915320363e-14,-1.2408943093235955e-14,1.333005303244562
6.63,attitude_only,9.208785750995733e-16,2.0360872527629767e-15,1.8964384743562185e-15,1.0,0.0,0.0,0.0,1.0,1.8417571501991545e-15,4.07217450552595e-15,3.792876948712441e-15,0.0,0.0,0.0,-1.6626418657326812e-15,-1.5724048657841309e-15,-1.5320206200234994e-14,1.4074684053811166e-18,3.81203607273426e-19,-2.6499712067787135e-19,0.034127142,0.034127142,0.008531785500000019,0.008531785500000003,0.008531785500000003,0.008531785499999976,533.2849613480589,533.2849613480585,533.2849613480585,533.2849613480575,-2.0250877861727776,1.0199706000001014,2.5265428502777982e-14,-1.254892602795264e-14,1.3092257968427015
6.64,attitude_only,9.132498201828292e-16,2.028880449954929e-15,1.8196311548323427e-15,1.0,0.0,0.0,0.0,1.0,1.826499640365666e-15,4.057760899909855e-15,3.6392623096646894e-15,0.0,0.0,0.0,-1.403105342231167e-15,-1.319238503790518e-15,-1.544613634746098e-14,1.1100556306016106e-18,9.059635791899527e-20,-2.6499712067787135e-19,0.034127142,0.034127142,0.008531785500000019,0.008531785499999998,0.008531785500000003,0.008531785499999979,533.2849613480589,533.2849613480582,533.2849613480585,533.2849613480577,-2.1132990269232326,1.0199706000001014,2.553243248712976e-14,-1.2689097243288945e-14,1.2845643569434493
6.65,attitude_only,9.071370630040757e-16,2.0232225122705548e-15,1.7417912558089153e-15,1.0,0.0,0.0,0.0,1.0,1.8142741260081586e-15,4.0464450245411064e-15,3.4835825116178342e-15,0.0,0.0,0.0,-1.0678616875763675e-15,-9.56752676024735e-16,-1.563294051483542e-14,7.1844186189161595e-19,-3.3481910863969644e-19,-2.6499712067787135e-19,0.034127142,0.034127142,0.008531785500000019,0.008531785499999991,0.008531785500000003,0.008531785499999986,533.2849613480589,533.284961348058,533.2849613480585,533.2849613480579,-2.2015066894830175,1.0199706000001014,2.5799844946370892e-14,-1.2829458018034254e-14,1.2590209835462283
6.66,attitude_only,9.029796877568513e-16,2.0196857131307975e-15,1.6640169001509946e-15,1.0,0.0,0.0,0.0,1.0,1.8059593755137094e-15,4.039371426261592e-15,3.3280338003019928e-15,0.0,0.0,0.0,-6.339475601542394e-16,-5.051397622858662e-16,-1.536872676193406e-14,2.0408438458660438e-19,-8.717032075034803e-19,-2.6499712067787135e-19,0.034127142,0.034127142,0.008531785500000019,0.008531785499999984,0.008531785500000003,0.008531785499999995,533.2849613480589,533.2849613480578,533.2849613480585,533.2849613480581,-2.2897114894992106,1.0199706000001014,2.6067668794781262e-14,-1.2970010102685423e-14,1.232595676650589
6.67,attitude_only,9.008694762918637e-16,2.0181262565123045e-15,1.5863398850684734e-15,1.0,0.0,0.0,0.0,1.0,1.8017389525837338e-15,4.036252513024606e-15,3.1726797701369504e-15,0.0,0.0,0.0,-2.852751325459554e-16,-1.9515834669269136e-16,-1.578557727277553e-14,-2.1146977721787683e-19,-1.2417293227483633e-18,-2.6499712067787135e-19,0.034127142,0.034127142,0.008531785500000019,0.008531785499999977,0.008531785500000003,0.0085317855,533.2849613480589,533.2849613480575,533.2849613480585,533.2849613480583,-2.377913999487525,1.0199706000001014,2.6335903096932736e-14,-1.3110753921052937e-14,1.2052884362561818
6.68,attitude_only,8.996972525002346e-16,2.017412351964252e-15,1.5057404856092379e-15,1.0,0.0,0.0,0.0,1.0,1.799394505000475e-15,4.0348247039285016e-15,3.0114809712184793e-15,0.0,0.0,0.0,-2.1743278989848224e-16,-1.2420150919351873e-16,-1.6382035072851937e-14,-2.907062604958599e-19,-1.3256355126554354e-18,-2.6499712067787135e-19,0.034127142,0.034127142,0.008531785500000019,0.008531785499999976,0.008531785500000003,0.008531785500000002,533.2849613480589,533.2849613480575,533.2849613480585,533.2849613480583,-2.4661146774589855,1.0199706000001014,2.6604539965316362e-14,-1.3251681974619649e-14,1.177099262362734
6.69,attitude_only,8.983095348110354e-16,2.0165416975601577e-15,1.4232386029948758e-15,1.0,0.0,0.0,0.0,1.0,1.7966190696220766e-15,4.033083395120313e-15,2.846477205989755e-15,0.0,0.0,0.0,-3.381542756508814e-16,-2.5252070468433073e-16,-1.6710127465579015e-14,-1.424589348364718e-19,-1.1691272710196175e-18,-2.6499712067787135e-19,0.034127142,0.034127142,0.008531785500000019,0.008531785499999979,0.008531785500000003,0.008531785499999998,533.2849613480589,533.2849613480577,533.2849613480585,533.2849613480582,-2.554313889821161,1.0199706000001014,2.6873572129508876e-14,-1.3392785665296053e-14,1.1480281549700335
6.7,attitude_only,8.960566568745079e-16,2.0147959333561475e-15,1.3385794027617968e-15,1.0,0.0,0.0,0.0,1.0,1.7921133137490213e-15,4.0295918667122925e-15,2.677158805523597e-15,0.0,0.0,0.0,-5.5734194532936e-16,-4.4331826729008746e-16,-1.712650089117401e-14,1.2613968823099598e-19,-9.357370132198085e-19,-2.6499712067787135e-19,0.034127142,0.034127142,0.008531785500000019,0.008531785499999982,0.008531785500000003,0.008531785499999995,533.2849613480589,533.2849613480578,533.2849613480585,533.2849613480581,-2.6425119296993156,1.0199706000001014,2.7142993945911432e-14,-1.3534059890485375e-14,1.1180751140779148
6.71,attitude_only,8.92360412429454e-16,2.011747712431495e-15,1.2516124305615812e-15,1.0,0.0,0.0,0.0,1.0,1.7847208248589132e-15,4.0234954248629875e-15,2.503224861123166e-15,0.0,0.0,0.0,-9.151208976210898e-16,-7.746705518807584e-16,-1.7638514640032826e-14,5.646256399572824e-19,-5.303675661921961e-19,-2.6499712067787135e-19,0.034127142,0.034127142,0.008531785500000019,0.00853178549999999,0.008531785500000003,0.008531785499999988,533.2849613480589,533.284961348058,533.2849613480585,533.2849613480579,-2.7307090315927733,1.0199706000001014,2.741280238563113e-14,-1.3675500339541909e-14,1.0872401396862494
6.72,attitude_only,8.866190205879846e-16,2.0067392903431774e-15,1.1639955721158257e-15,1.0,0.0,0.0,0.0,1.0,1.7732380411759738e-15,4.0134785806863525e-15,2.327991144231655e-15,0.0,0.0,0.0,-1.3214406508392215e-15,-1.1588446160999617e-15,-1.7351492161940632e-14,1.0654237503274324e-18,-5.77702429681529e-20,-2.6499712067787135e-19,0.034127142,0.034127142,0.008531785500000019,0.008531785499999996,0.008531785500000002,0.00853178549999998,533.2849613480589,533.2849613480582,533.2849613480583,533.2849613480577,-2.818905383100429,1.0199706000001014,2.7682991990461788e-14,-1.3817101812829831e-14,1.0555232317949368
6.73,attitude_only,8.792517820545529e-16,2.000161018817933e-15,1.07663449215618e-15,1.0,0.0,0.0,0.0,1.0,1.7585035641091102e-15,4.000322037635864e-15,2.1532689843123635e-15,0.0,0.0,0.0,-1.5549868561703815e-15,-1.397488488918806e-15,-1.7596886431798463e-14,1.361229065286529e-18,2.4257728930364924e-19,-2.6499712067787135e-19,0.034127142,0.034127142,0.008531785500000019,0.008531785500000002,0.008531785500000002,0.008531785499999977,533.2849613480589,533.2849613480583,533.2849613480583,533.2849613480575,-2.907101134301114,1.0199706000001014,2.7953563847056622e-14,-1.3958865375757723e-14,1.022924390403899
6.74,attitude_only,8.714593711986941e-16,1.9930793523302444e-15,9.875712032483576e-16,1.0,0.0,0.0,0.0,1.0,1.7429187423973922e-15,3.986158704660487e-15,1.9751424064967188e-15,0.0,0.0,0.0,-1.5206959807603702e-15,-1.4044170920234842e-15,-1.8134754129321445e-14,1.335286974602119e-18,2.6493578394949756e-19,-2.6499712067787135e-19,0.034127142,0.034127142,0.008531785500000019,0.008531785500000002,0.008531785500000003,0.008531785499999977,533.2849613480589,533.2849613480583,533.2849613480585,533.2849613480575,-2.995296405257377,1.0199706000001014,2.8224523822479855e-14,-1.4100797644484221e-14,0.9894436155130754
6.75,attitude_only,8.642876046834175e-16,1.986551013516554e-15,8.956584782964678e-16,1.0,0.0,0.0,0.0,1.0,1.7285752093668386e-15,3.973102027033106e-15,1.791316956592939e-15,0.0,0.0,0.0,-1.330299751964539e-15,-1.225611433487902e-15,-1.8563054680725516e-14,1.1201144975667664e-18,6.262510804167764e-20,-2.6499712067787135e-19,0.034127142,0.034127142,0.008531785500000019,0.008531785499999998,0.008531785500000003,0.008531785499999979,533.2849613480589,533.2849613480582,533.2849613480585,533.2849613480577,-3.0834912920190525,1.0199706000001014,2.8495878054100146e-14,-1.424290476632044e-14,0.9550809071224186
6.76,attitude_only,8.584118034984909e-16,1.981182345833382e-15,8.01998424333655e-16,1.0,0.0,0.0,0.0,1.0,1.716823606996985e-15,3.962364691666763e-15,1.6039968486673134e-15,0.0,0.0,0.0,-1.028309717071572e-15,-9.251444061592675e-16,-1.8930227443204316e-14,7.680095528659218e-19,-2.8868388069109143e-19,-2.6499712067787135e-19,0.034127142,0.034127142,0.008531785500000019,0.008531785499999993,0.008531785500000003,0.008531785499999986,533.2849613480589,533.2849613480581,533.2849613480585,533.2849613480579,-3.1716858714257974,1.0199706000001014,2.876762969222905e-14,-1.4385190178479282e-14,0.9198362652318915
6.77,attitude_only,8.543477244286327e-16,1.9775745417340293e-15,7.074178348002772e-16,1.0,0.0,0.0,0.0,1.0,1.708695448857268e-15,3.955149083468057e-15,1.4148356696005578e-15,0.0,0.0,0.0,-6.524389008814094e-16,-5.669367177747023e-16,-1.8647519031913276e-14,3.234889624465408e-19,-7.128637395748228e-19,-2.6499712067787135e-19,0.034127142,0.034127142,0.008531785500000019,0.008531785499999986,0.008531785500000003,0.008531785499999991,533.2849613480589,533.2849613480579,533.2849613480585,533.284961348058,-3.2598802049491065,1.0199706000001014,2.90397820700549e-14,-1.4527656425625217e-14,0.8837096898414657
6.78,attitude_only,8.518975429502188e-16,1.9755485365592686e-15,6.147148235741796e-16,1.0,0.0,0.0,0.0,1.0,1.70379508590044e-15,3.951097073118536e-15,1.2294296471483625e-15,0.0,0.0,0.0,-3.7866301082648545e-16,-2.872724707953949e-16,-1.843352101652003e-14,-1.255475511102901e-21,-1.0455881112420375e-18,-2.6499712067787135e-19,0.034127142,0.034127142,0.008531785500000019,0.00853178549999998,0.008531785500000003,0.008531785499999996,533.2849613480589,533.2849613480577,533.2849613480585,533.2849613480582,-3.348074341766246,1.0199706000001014,2.931233367073485e-14,-1.467030190712739e-14,0.8467011809511185
6.79,attitude_only,8.506529485841437e-16,1.9747460683777907e-15,5.223255566651601e-16,1.0,0.0,0.0,0.0,1.0,1.7013058971682893e-15,3.9494921367555806e-15,1.0446511133303236e-15,0.0,0.0,0.0,-1.6948311695448826e-16,-9.630001649620668e-17,-1.8618010814011983e-14,-2.505765169879547e-19,-1.2737920562361012e-18,-2.6499712067787135e-19,0.034127142,0.034127142,0.008531785500000019,0.008531785499999977,0.008531785500000003,0.0085317855,533.2849613480589,533.2849613480575,533.2849613480585,533.2849613480583,-3.4362683212187344,1.0199706000001014,2.958528160774878e-14,-1.4813123138729415e-14,0.8088107385608324
6.8,attitude_only,8.498490724239005e-16,1.9743422373211637e-15,4.2834987543567025e-16,1.0,0.0,0.0,0.0,1.0,1.6996981448478028e-15,3.9486844746423266e-15,8.5669975087134385e-16,0.0,0.0,0.0,-1.7320989748621688e-16,-1.0694338728462785e-16,-1.90272482657429e-14,-2.443722813750183e-19,-1.2599505774171496e-18,-2.6499712067787135e-19,0.034127142,0.034127142,0.008531785500000019,0.008531785499999977,0.008531785500000003,0.0085317855,533.2849613480589,533.2849613480575,533.2849613480585,533.2849613480583,-3.5244621747797655,1.0199706000001014,2.985862034744661e-14,-1.4956115041540805e-14,0.7700383626705943
6.8100000000000005,attitude_only,8.486122250652092e-16,1.9734241638544612e-15,3.3184119242371653e-16,1.0,0.0,0.0,0.0,1.0,1.6972244501304198e-15,3.946848327708922e-15,6.636823848474364e-16,0.0,0.0,0.0,-3.298203647411057e-16,-2.7461551281423045e-16,-1.947099825180242e-14,-5.31415170217404e-20,-1.055997871653484e-18,-2.6499712067787135e-19,0.034127142,0.034127142,0.008531785500000019,0.00853178549999998,0.008531785500000003,0.008531785499999998,533.2849613480589,533.2849613480577,533.2849613480585,533.2849613480582,-3.612655927627774,1.0199706000001014,3.013234329373694e-14,-1.5099271159593748e-14,0.7303840532803936
6.82,attitude_only,8.460298644089889e-16,1.971256805615992e-15,2.3318627640689184e-16,1.0,0.0,0.0,0.0,1.0,1.6920597288179789e-15,3.942513611231983e-15,4.66372552813787e-16,0.0,0.0,0.0,-6.777909862588271e-16,-5.9415929475528e-16,-1.9867577723852915e-14,3.7120113866211333e-19,-6.666037403766717e-19,-2.6499712067787135e-19,0.034127142,0.034127142,0.008531785500000019,0.008531785499999986,0.008531785500000003,0.008531785499999991,533.2849613480589,533.2849613480579,533.2849613480585,533.284961348058,-3.700849599905672,1.0199706000001014,3.0406445142688336e-14,-1.5242585039339422e-14,0.6898478103902218
6.83,attitude_only,8.414824961535945e-16,1.9671553856138622e-15,1.3377047574285805e-16,1.0,0.0,0.0,0.0,1.0,1.6829649923071895e-15,3.9343107712277244e-15,2.675409514857194e-16,0.0,0.0,0.0,-1.0768738536373619e-15,-9.985443569251265e-16,-1.97525190239665e-14,8.608693180527285e-19,-1.7135622220360478e-19,-2.6499712067787135e-19,0.034127142,0.034127142,0.008531785500000019,0.008531785499999995,0.008531785500000003,0.008531785499999984,533.2849613480589,533.2849613480581,533.2849613480585,533.2849613480578,-3.789043207727542,1.0199706000001014,3.068092049228503e-14,-1.5386051400893605e-14,0.6484296340000725
6.84,attitude_only,8.353560258273451e-16,1.96138553137037e-15,3.51174883733334e-17,1.0,0.0,0.0,0.0,1.0,1.6707120516546905e-15,3.92277106274074e-15,7.023497674667008e-17,0.0,0.0,0.0,-1.3355285969512183e-15,-1.2662888301630815e-15,-2.0020722018876648e-14,1.1846102959988683e-18,1.626000339835716e-19,-2.6499712067787135e-19,0.034127142,0.034127142,0.008531785500000019,0.0085317855,0.008531785500000003,0.008531785499999979,533.2849613480589,533.2849613480583,533.2849613480585,533.2849613480577,-3.8772367639846834,1.0199706000001014,3.0955769658009934e-14,-1.5529671414709385e-14,0.6061295241099409
6.85,attitude_only,8.282428743095023e-16,1.954798444078788e-15,-6.673766836867541e-17,1.0,0.0,0.0,0.0,1.0,1.6564857486190043e-15,3.909596888157576e-15,-1.334753367373476e-16,0.0,0.0,0.0,-1.4395626174653974e-15,-1.3327432697035376e-15,-2.0548946508259713e-14,1.3238467467905365e-18,2.55672794129154e-19,-2.6499712067787135e-19,0.034127142,0.034127142,0.008531785500000019,0.008531785500000002,0.008531785500000003,0.008531785499999977,533.2849613480589,533.2849613480583,533.2849613480585,533.2849613480575,-3.965430278990051,1.0199706000001014,3.123099724244747e-14,-1.5673447982294104e-14,0.5629474807198228
6.86,attitude_only,8.21259268301032e-16,1.9484606948880464e-15,-1.708047841919655e-16,1.0,0.0,0.0,0.0,1.0,1.6425185366020635e-15,3.896921389776093e-15,-3.416095683839278e-16,0.0,0.0,0.0,-1.3234249188138197e-15,-1.199612269825077e-15,-2.1098995100234214e-14,1.1977157575967823e-18,1.0791171697325281e-19,-2.6499712067787135e-19,0.034127142,0.034127142,0.008531785500000019,0.008531785499999998,0.008531785500000003,0.008531785499999979,533.2849613480589,533.2849613480582,533.2849613480585,533.2849613480577,-4.053623760994209,1.0199706000001014,3.150660940099976e-14,-1.581738727337176e-14,0.5188835038297154
6.87,attitude_only,8.152597332838419e-16,1.9432502123149263e-15,-2.7782993380892745e-16,1.0,0.0,0.0,0.0,1.0,1.6305194665676828e-15,3.886500424629853e-15,-5.556598676178517e-16,0.0,0.0,0.0,-1.0556601301286966e-15,-8.812406806131924e-16,-2.1542268001085205e-14,8.869546124759216e-19,-2.6532178327487715e-19,-2.6499712067787135e-19,0.034127142,0.034127142,0.008531785500000019,0.008531785499999993,0.008531785500000002,0.008531785499999984,533.2849613480589,533.2849613480581,533.2849613480583,533.2849613480578,-4.141817216597369,1.0199706000001014,3.1782611045628675e-14,-1.596149410169521e-14,0.4739375934396163
6.88,attitude_only,8.11204244970767e-16,1.9399931606660846e-15,-3.864113043526921e-16,1.0,0.0,0.0,0.0,1.0,1.6224084899415323e-15,3.87998632133217e-15,-7.728226087053811e-16,0.0,0.0,0.0,-6.026161653643919e-16,-4.476467724601739e-16,-2.1847044131464874e-14,3.493280164123998e-19,-7.811580053338975e-19,-2.6499712067787135e-19,0.034127142,0.034127142,0.008531785500000019,0.008531785499999986,0.008531785500000002,0.008531785499999993,533.2849613480589,533.2849613480579,533.2849613480583,533.2849613480581,-4.230010651079767,1.0199706000001014,3.205900712717519e-14,-1.610577383882636e-14,0.4281097495495237
6.89,attitude_only,8.094446247849843e-16,1.9390182437186576e-15,-4.954189554465456e-16,1.0,0.0,0.0,0.0,1.0,1.6188892495699666e-15,3.878036487437316e-15,-9.90837910893088e-16,0.0,0.0,0.0,-1.74897085521195e-16,-1.1791672501350748e-17,-2.1631046419053868e-14,-1.6218590854422458e-19,-1.3040662085594718e-18,-2.6499712067787135e-19,0.034127142,0.034127142,0.008531785500000019,0.008531785499999977,0.008531785500000002,0.0085317855,533.2849613480589,533.2849613480575,533.2849613480583,533.2849613480583,-4.318204068665502,1.0199706000001014,3.233579964992453e-14,-1.62502288308558e-14,0.3813999721594361
6.9,attitude_only,8.095137610773595e-16,1.9399943333739283e-15,-6.033540280229186e-16,1.0,0.0,0.0,0.0,1.0,1.6190275221547166e-15,3.8799886667478574e-15,-1.2067080560458341e-15,0.0,0.0,0.0,1.314189596039288e-16,3.192904926857431e-16,-2.1716373584464635e-14,-5.310793522904124e-19,-1.704557711710842e-18,-2.6499712067787135e-19,0.034127142,0.034127142,0.00853178550000002,0.008531785499999972,0.008531785500000002,0.008531785500000007,533.2849613480589,533.2849613480574,533.2849613480583,533.2849613480586,-4.406397472734095,1.0199706000001014,3.261298644378343e-14,-1.6394855767849803e-14,0.3338082612693525
6.91,attitude_only,8.10395249653742e-16,1.941780883939076e-15,-7.134912439100412e-16,1.0,0.0,0.0,0.0,1.0,1.6207904993074813e-15,3.883561767878153e-15,-1.4269824878200792e-15,0.0,0.0,0.0,1.9116682312423812e-16,3.7262904173626454e-16,-2.2248658372003893e-14,-6.04688456746026e-19,-1.77229026098883e-18,-2.6499712067787135e-19,0.034127142,0.034127142,0.00853178550000002,0.00853178549999997,0.008531785500000002,0.008531785500000007,533.2849613480589,533.2849613480573,533.2849613480583,533.2849613480586,-4.494590865988909,1.0199706000001014,3.2890560319411225e-14,-1.6539647984273065e-14,0.28533461687927186
6.92,attitude_only,8.111964991301895e-16,1.943383648996862e-15,-8.256043937459893e-16,1.0,0.0,0.0,0.0,1.0,1.6223929982603759e-15,3.886767297993726e-15,-1.6512087874919754e-15,0.0,0.0,0.0,1.0585837321316256e-16,2.6426687898316196e-16,-2.251257775218281e-14,-5.033769005848669e-19,-1.6448983344749388e-18,-2.6499712067787135e-19,0.034127142,0.034127142,0.008531785500000019,0.008531785499999972,0.008531785500000002,0.008531785500000005,533.2849613480589,533.2849613480574,533.2849613480583,533.2849613480585,-4.582784250592714,1.0199706000001014,3.316851428854026e-14,-1.6684599073318414e-14,0.2359790389891936
6.93,zero_thrust,1.2813753802455357e-15,2.926326197986219e-15,-9.395151695366915e-16,1.0,0.0,0.0,0.0,1.0,2.562750760491066e-15,5.85265239597244e-15,-1.8790303390733756e-15,0.0,0.0,0.0,1.3556793042065992e-13,2.834807887912419e-13,-2.299946840615627e-14,0.0,0.0,0.0,0.0,0.0,0.0,0.0,0.0,0.0,0.0,0.0,0.0,0.0,-5.988337358525366,1.0199706000001014,3.34559298687336e-14,-1.6833149375489817e-14,0.1895368398281645
6.94,zero_thrust,2.0785572110395003e-15,4.593749837320719e-15,-1.0545765667369038e-15,1.0,0.0,0.0,0.0,1.0,4.157114422078991e-15,9.187499674641443e-15,-2.1091531334737886e-15,0.0,0.0,0.0,1.7231553916630525e-13,3.6043808286813843e-13,-2.2901863914019587e-14,0.0,0.0,0.0,0.0,0.0,0.0,0.0,0.0,0.0,0.0,0.0,0.0,0.0,-5.05784337350688,1.0199706000001014,3.3891412900048767e-14,-1.704639164991546e-14,0.16816296089323754
6.95,zero_thrust,2.900399572784322e-15,6.3136772745726174e-15,-1.167890421919869e-15,1.0,0.0,0.0,0.0,1.0,5.800799145568629e-15,1.2627354549145241e-14,-2.3357808438397013e-15,0.0,0.0,0.0,1.4953793212821002e-13,3.1308181974825135e-13,-2.245941829926795e-14,0.0,0.0,0.0,0.0,0.0,0.0,0.0,0.0,0.0,0.0,0.0,0.0,0.0,-3.768569347081823,1.0199706000001014,3.464399520197285e-14,-1.740279526192659e-14,0.18204822847942126
6.96,zero_thrust,3.5188226452499223e-15,7.608959537072173e-15,-1.2792071001039504e-15,1.0,0.0,0.0,0.0,1.0,7.037645290499825e-15,1.5217919074144354e-14,-2.5584142002078472e-15,0.0,0.0,0.0,1.0544583893902343e-13,2.2089583421363803e-13,-2.2128753803005216e-14,0.0,0.0,0.0,0.0,0.0,0.0,0.0,0.0,0.0,0.0,0.0,0.0,0.0,-2.2037517921956025,1.0199706000001014,3.572937949264517e-14,-1.7911773306275854e-14,0.2226034127529132
6.97,zero_thrust,4.0459009928007555e-15,8.713347214910183e-15,-1.3891133520415592e-15,1.0,0.0,0.0,0.0,1.0,8.091801985601487e-15,1.7426694429820378e-14,-2.7782267040830478e-15,0.0,0.0,0.0,1.0540082609325502e-13,2.2086489570833006e-13,-2.1899580900117748e-14,0.0,0.0,0.0,0.0,0.0,0.0,0.0,0.0,0.0,0.0,0.0,0.0,0.0,-0.8674103926580885,1.0199706000001014,3.688714451964703e-14,-1.845413475440541e-14,0.2673829648078359
6.98,hover,4.572753997096385e-15,9.817665664564595e-15,-1.4980197932268873e-15,1.0,0.0,0.0,0.0,1.0,9.14550799419274e-15,1.9635331329129203e-14,-2.9960395864536846e-15,0.0,0.0,0.0,1.053572875841236e-13,2.208688402210328e-13,-2.1689091712966446e-14,-1.278586648295187e-16,-2.6857907474714497e-16,2.597880385201154e-17,0.34127141999999994,0.34127141999999994,0.08531785499999998,0.08531785499999801,0.08531785499999782,0.08531785500000412,1686.3951197747222,1686.3951197747026,1686.3951197747008,1686.395119774763,2.22709117966542,1.0199706000001014,3.80451769133128e-14,-1.8996618975644422e-14,0.31119825721470296
6.99,hover,5.098397049590207e-15,1.0919894969779782e-14,-1.5842921637978615e-15,1.0,0.0,0.0,0.0,1.0,1.019679409918038e-14,2.183978993955958e-14,-3.168584327595612e-15,0.0,0.0,0.0,1.0456472552263133e-13,2.1931637172599742e-13,-1.2153188072216552e-14,-1.2795323761095425e-16,-2.689092762703624e-16,1.4657251363833833e-17,0.34127141999999994,0.34127141999999994,0.08531785500000046,0.08531785499999754,0.08531785499999829,0.08531785500000365,1686.395119774727,1686.395119774698,1686.3951197747056,1686.3951197747585,2.28581943032267,1.0199706000001014,3.9203542858392285e-14,-1.9539257054348038e-14,0.3540507085748822
7.0,hover,5.6095247738514915e-15,1.1992408994892671e-14,-1.6266311388389793e-15,1.0,0.0,0.0,0.0,1.0,1.1219049547702944e-14,2.398481798978536e-14,-3.253262277677824e-15,0.0,0.0,0.0,9.954452414735353e-14,2.0895250120283533e-13,-6.424043931100805e-15,-1.2292444120209442e-16,-2.585621566545962e-16,7.846518833805944e-18,0.34127141999999994,0.34127141999999994,0.0853178550000007,0.08531785499999738,0.08531785499999861,0.08531785500000325,1686.3951197747294,1686.3951197746965,1686.3951197747087,1686.3951197747544,2.6688029437282355,1.0199706000001014,4.0364724310658536e-14,-2.008320603632209e-14,0.39605807854838626
7.01,hover,6.082201180954674e-15,1.2984954251693069e-14,-1.6550787157183343e-15,1.0,0.0,0.0,0.0,1.0,1.2164402361909305e-14,2.5969908503386157e-14,-3.3101574314365108e-15,0.0,0.0,0.0,8.980404332368203e-14,1.8872601407977107e-13,-5.347795290428405e-15,-1.121339046469254e-16,-2.361776322477168e-16,6.608498417903346e-18,0.34127141999999994,0.34127141999999994,0.08531785500000066,0.08531785499999758,0.08531785499999875,0.08531785500000294,1686.395119774729,1686.3951197746985,1686.39511977471,1686.3951197747515,2.9628547925725384,1.0199706000001014,4.1534095201555673e-14,-2.063097875915109e-14,0.43744870042788286
7.02,hover,6.495796346473494e-15,1.3856979118734587e-14,-1.6800596821970435e-15,1.0,0.0,0.0,0.0,1.0,1.299159269294694e-14,2.7713958237469195e-14,-3.360119364393907e-15,0.0,0.0,0.0,7.645827369336313e-14,1.6184360233962347e-13,-4.429636578958626e-15,-9.688356382747634e-17,-2.0553717418293589e-16,5.551004329929196e-18,0.34127141999999994,0.34127141999999994,0.0853178550000006,0.08531785499999789,0.08531785499999892,0.08531785500000254,1686.3951197747283,1686.3951197747015,1686.3951197747117,1686.3951197747474,3.1898525130148148,1.0199706000001014,4.2717334376687696e-14,-2.1185230254848684e-14,0.4784271343757248
7.03,hover,6.836860794863049e-15,1.458174033388847e-14,-1.6967404634718295e-15,1.0,0.0,0.0,0.0,1.0,1.367372158972605e-14,2.9163480667776963e-14,-3.3934809269434593e-15,0.0,0.0,0.0,6.139749754526737e-14,1.3085933348519997e-13,-2.648093529783889e-15,-7.942460742521415e-17,-1.6966464489247977e-16,3.4396336062173526e-18,0.34127141999999994,0.34127141999999994,0.08531785500000054,0.08531785499999821,0.08531785499999915,0.08531785500000204,1686.3951197747276,1686.3951197747047,1686.395119774714,1686.3951197747424,3.3661734976839033,1.0199706000001014,4.3919310367406686e-14,-2.1748239296654394e-14,0.5191417087393265
7.04,hover,7.1030033652214244e-15,1.514850206768637e-14,-1.7072856941020218e-15,1.0,0.0,0.0,0.0,1.0,1.4206006730442797e-14,3.0297004135372764e-14,-3.4145713882038283e-15,0.0,0.0,0.0,4.666282830335e-14,9.921615574744456e-14,-1.8546502069072636e-15,-6.22096326179468e-17,-1.326849931646477e-16,2.5060481208344745e-18,0.34127141999999994,0.34127141999999994,0.08531785500000043,0.0853178549999986,0.08531785499999933,0.08531785500000158,1686.3951197747265,1686.3951197747085,1686.3951197747158,1686.395119774738,3.503930875698012,1.0199706000001014,4.514384832867444e-14,-2.2321818611036657e-14,0.5596913126168701
7.053,attitude_only,7.447655425116091e-15,1.588537845959371e-14,-1.7031598327445783e-15,1.0,0.0,0.0,0.0,1.0,1.489531085023213e-14,3.1770756919187444e-14,-3.40631966548892e-15,0.0,0.0,0.0,1.8585081444599095e-14,3.995983612405396e-14,2.826793273665912e-15,-2.87579424462255e-17,-6.209688748619169e-17,2.804678725457585e-19,0.034127142,0.034127142,0.008531785500000244,0.008531785499999313,0.008531785499999733,0.00853178550000071,533.284961348066,533.2849613480367,533.2849613480499,533.2849613480804,3.3424499725545345,1.0199706000001014,4.639383126436152e-14,-2.29073288335576e-14,0.6001392080165786
7.07,attitude_only,7.50236928010141e-15,1.6002935520554515e-14,-1.688005074129875e-15,1.0,0.0,0.0,0.0,1.0,1.5004738560202767e-14,3.2005871041109056e-14,-3.37601014825951e-15,0.0,0.0,0.0,9.903692771003153e-15,2.137390590220868e-14,4.611946578184003e-15,-1.850863881501743e-17,-4.015712762031491e-17,2.804678725457585e-19,0.034127142,0.034127142,0.008531785500000154,0.008531785499999561,0.008531785499999821,0.008531785500000463,533.2849613480631,533.2849613480446,533.2849613480527,533.2849613480728,9.177200020898924,1.0199706000001014,4.897762137094638e-14,-2.411763801738033e-14,0.680866648511199
7.08,attitude_only,7.523555452643979e-15,1.6050314440273604e-14,-1.6623076224673572e-15,1.0,0.0,0.0,0.0,1.0,1.5047110905287904e-14,3.2100628880547233e-14,-3.324615244934473e-15,0.0,0.0,0.0,-1.1375784631987128e-16,3.137465380255939e-16,5.230364880620888e-15,-6.486560495766603e-18,-1.4888073848675463e-17,2.804678725457585e-19,0.034127142,0.034127142,0.008531785500000052,0.008531785499999847,0.008531785499999923,0.008531785500000175,533.2849613480599,533.2849613480535,533.2849613480558,533.2849613480638,8.145142823006502,1.0199706000001014,5.0308907641118236e-14,-2.474125880412755e-14,0.7210357888255663
7.09,attitude_only,7.499649573881774e-15,1.6003717006214297e-14,-1.6322679753463438e-15,1.0,0.0,0.0,0.0,1.0,1.4999299147763495e-14,3.200743401242862e-14,-3.2645359506924474e-15,0.0,0.0,0.0,-8.323682519353174e-15,-1.6469111115915462e-14,6.773040272032324e-15,3.448585937066888e-18,5.416046447212953e-18,2.804678725457585e-19,0.034127142,0.034127142,0.008531785499999974,0.00853178550000008,0.008531785500000003,0.008531785499999943,533.2849613480574,533.2849613480607,533.2849613480585,533.2849613480565,7.311817815071498,1.0199706000001014,5.165864847778643e-14,-2.5373523740015162e-14,0.7608209666588802
7.1,attitude_only,7.4398031900579e-15,1.5886155425930325e-14,-1.5974135243707582e-15,1.0,0.0,0.0,0.0,1.0,1.4879606380115748e-14,3.1772310851860676e-14,-3.19482704874128e-15,0.0,0.0,0.0,-1.4596797225370106e-14,-2.8547246981454517e-14,7.0976896586235825e-15,1.1122291556540904e-17,2.0195281955674354e-17,2.804678725457585e-19,0.034127142,0.034127142,0.008531785499999918,0.008531785500000251,0.008531785500000057,0.00853178549999977,533.2849613480557,533.2849613480662,533.28496134806,533.2849613480512,6.634547021664447,1.0199706000001014,5.302227050582962e-14,-2.6012276124618763e-14,0.8000756051392452
7.11,attitude_only,7.354489784727966e-15,1.572053381100959e-14,-1.5624943148116826e-15,1.0,0.0,0.0,0.0,1.0,1.4708979569455882e-14,3.14410676220192e-14,-3.124988629623134e-15,0.0,0.0,0.0,-1.8777899833229124e-14,-3.626033330069767e-14,6.905118916169255e-15,1.632739368430403e-17,2.981358887177314e-17,2.804678725457585e-19,0.034127142,0.034127142,0.008531785499999885,0.008531785500000366,0.008531785500000092,0.008531785499999656,533.2849613480547,533.2849613480697,533.2849613480612,533.2849613480475,6.0801231670815845,1.0199706000001014,5.4396662815061155e-14,-2.6656052121030796e-14,0.8386998826267458
7.12,attitude_only,7.253609382959504e-15,1.552651005243699e-14,-1.5288474278324335e-15,1.0,0.0,0.0,0.0,1.0,1.450721876591896e-14,3.1053020104874005e-14,-3.057694855664642e-15,0.0,0.0,0.0,-2.101372579142627e-14,-4.0431585004367004e-14,6.630180426051875e-15,1.9220522092054862e-17,3.522340676622e-17,2.804678725457585e-19,0.034127142,0.034127142,0.008531785499999864,0.00853178550000043,0.00853178550000011,0.008531785499999594,533.284961348054,533.2849613480718,533.2849613480618,533.2849613480456,5.622595902662866,1.0199706000001014,5.5779679535092226e-14,-2.7303846553852425e-14,0.8766247510766249
7.13,attitude_only,7.146447310227678e-15,1.5319392348011406e-14,-1.4953620626066596e-15,1.0,0.0,0.0,0.0,1.0,1.429289462045531e-14,3.063878469602283e-14,-2.9907241252131004e-15,0.0,0.0,0.0,-2.1563193387224487e-14,-4.187082156593236e-14,6.863699116810058e-15,2.0095515140884964e-17,3.7369198855757744e-17,2.804678725457585e-19,0.034127142,0.034127142,0.008531785499999856,0.008531785500000453,0.008531785500000121,0.00853178549999957,533.2849613480538,533.2849613480724,533.2849613480621,533.2849613480448,5.241615869904899,1.0199706000001014,5.716981427987347e-14,-2.7954964409363406e-14,0.9138017084653544
7.14,attitude_only,7.0401059330468805e-15,1.5111084587520314e-14,-1.459146390726372e-15,1.0,0.0,0.0,0.0,1.0,1.4080211866093717e-14,3.0222169175040646e-14,-2.9182927814525314e-15,0.0,0.0,0.0,-2.0856187587179484e-14,-4.1239724907055135e-14,7.456003040673282e-15,1.945567005670275e-17,3.702428011417562e-17,2.804678725457585e-19,0.034127142,0.034127142,0.008531785499999852,0.008531785500000446,0.008531785500000123,0.008531785499999577,533.2849613480537,533.2849613480722,533.2849613480621,533.284961348045,4.921182114648333,1.0199706000001014,5.85659953341922e-14,-2.8608911943201766e-14,0.9501961794015775
7.15,attitude_only,6.939932572047435e-15,1.4909853112288576e-14,-1.421039755916264e-15,1.0,0.0,0.0,0.0,1.0,1.3879865144094828e-14,2.981970622457717e-14,-2.842079511832321e-15,0.0,0.0,0.0,-1.9263559158907732e-14,-3.927306947564501e-14,7.81647345611878e-15,1.773715153436574e-17,3.505702429123995e-17,2.804678725457585e-19,0.034127142,0.034127142,0.008531785499999856,0.008531785500000418,0.008531785500000121,0.008531785499999606,533.2849613480538,533.2849613480713,533.2849613480621,533.284961348046,4.648685628530244,1.0199706000001014,5.996744380605925e-14,-2.926533298673619e-14,0.9857831762421556
7.16,attitude_only,6.84926735722563e-15,1.4721220286653862e-14,-1.3822617018365479e-15,1.0,0.0,0.0,0.0,1.0,1.3698534714451218e-14,2.9442440573307744e-14,-2.764523403672894e-15,0.0,0.0,0.0,-1.7157877074909055e-14,-3.636440768928744e-14,7.634360757012175e-15,1.5381911804316412e-17,3.1930274224503725e-17,2.804678725457585e-19,0.034127142,0.034127142,0.008531785499999861,0.008531785500000375,0.008531785500000116,0.008531785499999648,533.2849613480539,533.2849613480699,533.2849613480619,533.2849613480473,4.414173279536953,1.0199706000001014,6.137358344699782e-14,-2.9923962931380454e-14,1.0205444150777927
7.17,attitude_only,6.7699714851352955e-15,1.4548535028708384e-14,-1.3443140897536334e-15,1.0,0.0,0.0,0.0,1.0,1.3539942970270552e-14,2.909707005741679e-14,-2.68862817950707e-15,0.0,0.0,0.0,-1.4769200560861848e-14,-3.297580389803045e-14,7.452129103857851e-15,1.266319199306838e-17,2.819370771397564e-17,2.804678725457585e-19,0.034127142,0.034127142,0.008531785499999868,0.008531785500000326,0.008531785500000107,0.008531785499999698,533.2849613480541,533.2849613480685,533.2849613480616,533.2849613480489,4.209777721291625,1.0199706000001014,6.278398152540949e-14,-3.058460156400031e-14,1.0544663699608952
7.18,attitude_only,6.7030013739598546e-15,1.439362932385532e-14,-1.3062119523978084e-15,1.0,0.0,0.0,0.0,1.0,1.3406002747919671e-14,2.878725864771066e-14,-2.612423904795424e-15,0.0,0.0,0.0,-1.2257539203704681e-14,-2.932936669780375e-14,7.942327829717104e-15,9.771773756516825e-18,2.411127674068163e-17,2.804678725457585e-19,0.034127142,0.034127142,0.008531785499999878,0.008531785500000272,0.008531785500000099,0.008531785499999752,533.2849613480545,533.2849613480668,533.2849613480613,533.2849613480505,4.029273571378853,1.0199706000001014,6.419830802242101e-14,-3.124709640722613e-14,1.087538939678172
7.19,attitude_only,6.6485580219631384e-15,1.4257005772287948e-14,-1.2655887252619558e-15,1.0,0.0,0.0,0.0,1.0,1.329711604392624e-14,2.8514011544575914e-14,-2.531177450523722e-15,0.0,0.0,0.0,-9.782804464844307e-15,-2.5688849426647653e-14,8.034980146075068e-15,6.899920114532824e-18,1.9999544509560806e-17,2.804678725457585e-19,0.034127142,0.034127142,0.008531785499999887,0.008531785500000218,0.008531785500000088,0.008531785499999806,533.2849613480547,533.2849613480652,533.2849613480611,533.2849613480522,3.8677304616691712,1.0199706000001014,6.561630711082238e-14,-3.191132946687241e-14,1.1197545199064787
7.2,attitude_only,6.6060791391005925e-15,1.4138286003502846e-14,-1.225902047628966e-15,1.0,0.0,0.0,0.0,1.0,1.321215827820115e-14,2.827657200700571e-14,-2.451804095257745e-15,0.0,0.0,0.0,-7.460735208497418e-15,-2.2168716414825674e-14,7.857072472549571e-15,4.18804435900153e-18,1.5997072059522687e-17,2.804678725457585e-19,0.034127142,0.034127142,0.008531785499999897,0.008531785500000166,0.00853178550000008,0.008531785499999856,533.284961348055,533.2849613480635,533.2849613480607,533.2849613480538,3.721240923469033,1.0199706000001014,6.703777789102772e-14,-3.2577206773460273e-14,1.1511073476131628
7.21,attitude_only,6.5745511357227056e-15,1.4036857165650744e-14,-1.1861541232829214e-15,1.0,0.0,0.0,0.0,1.0,1.3149102271445378e-14,2.8073714331301503e-14,-2.372308246565658e-15,0.0,0.0,0.0,-5.416854142866861e-15,-1.880019526763858e-14,8.155693226609795e-15,1.7895556216735296e-18,1.2142848635574555e-17,2.804678725457585e-19,0.034127142,0.034127142,0.008531785499999908,0.008531785500000118,0.008531785500000067,0.008531785499999904,533.2849613480554,533.284961348062,533.2849613480604,533.2849613480553,3.586706408827878,1.0199706000001014,6.846256358286538e-14,-3.324465336690716e-14,1.1815930311157947
7.22,attitude_only,6.552191728908308e-15,1.3951420428040042e-14,-1.1453744111062259e-15,1.0,0.0,0.0,0.0,1.0,1.3104383457816585e-14,2.79028408560801e-14,-2.2907488222122687e-15,0.0,0.0,0.0,-3.757470367635043e-15,-1.5739937598895146e-14,8.034849296622685e-15,-1.6413020492830124e-19,8.627938809071383e-18,2.804678725457585e-19,0.034127142,0.034127142,0.00853178549999992,0.008531785500000076,0.008531785500000055,0.008531785499999946,533.2849613480558,533.2849613480606,533.28496134806,533.2849613480566,3.4616686795961327,1.0199706000001014,6.989053790481826e-14,-3.391360559438855e-14,1.2112082087424856
7.23,attitude_only,6.537266334430572e-15,1.3880355125326502e-14,-1.105798717103966e-15,1.0,0.0,0.0,0.0,1.0,1.3074532668861115e-14,2.776071025065302e-14,-2.2115974342077505e-15,0.0,0.0,0.0,-2.4022644651386448e-15,-1.3006081040815897e-14,7.863579258950801e-15,-1.7663546432725913e-18,5.477371749784452e-18,2.804678725457585e-19,0.034127142,0.034127142,0.008531785499999932,0.00853178550000004,0.008531785500000043,0.008531785499999982,533.2849613480562,533.2849613480596,533.2849613480597,533.2849613480578,3.3441767277743026,1.0199706000001014,7.132159843552974e-14,-3.458401213507867e-14,1.2399502979473573
7.24,attitude_only,6.528260542944854e-15,1.3822151827358856e-14,-1.0669880914234634e-15,1.0,0.0,0.0,0.0,1.0,1.3056521085889678e-14,2.7644303654717725e-14,-2.133976182846746e-15,0.0,0.0,0.0,-1.3438497744487276e-15,-1.054717121029147e-14,7.734455383791016e-15,-3.0230137743560048e-18,2.6321516652580507e-18,2.804678725457585e-19,0.034127142,0.034127142,0.008531785499999944,0.008531785500000008,0.008531785500000031,0.008531785500000014,533.2849613480565,533.2849613480586,533.2849613480593,533.2849613480587,3.2326816030675825,1.0199706000001014,7.275566369632453e-14,-3.525583304021125e-14,1.2678173089897637
7.25,attitude_only,6.523805180797219e-15,1.3775669121052105e-14,-1.0274561210878601e-15,1.0,0.0,0.0,0.0,1.0,1.3047610361594409e-14,2.7551338242104222e-14,-2.0549122421755404e-15,0.0,0.0,0.0,-5.528409870064593e-16,-8.316643239219209e-15,8.176188265541083e-15,-3.966695909416661e-18,3.8684532363528904e-20,2.804678725457585e-19,0.034127142,0.034127142,0.008531785499999958,0.00853178549999998,0.008531785500000019,0.008531785500000041,533.284961348057,533.2849613480577,533.2849613480589,533.2849613480596,3.1259532092131903,1.0199706000001014,7.419267058752305e-14,-3.5929036593310827e-14,1.2948077053277194
7.26,attitude_only,6.522213055859177e-15,1.3739355332586731e-14,-9.859522438679856e-16,1.0,0.0,0.0,0.0,1.0,1.3044426111718327e-14,2.7478710665173475e-14,-1.971904487735792e-15,0.0,0.0,0.0,-1.9935301891493745e-16,-6.456004057709406e-15,8.29706552744367e-15,-4.388887940937339e-18,-2.129522444871141e-18,2.804678725457585e-19,0.034127142,0.034127142,0.00853178549999997,0.008531785499999962,0.008531785500000005,0.008531785500000062,533.2849613480573,533.2849613480571,533.2849613480585,533.2849613480602,3.023014425380731,1.0199706000001014,7.563256617088598e-14,-3.66035951116931e-14,1.3209202982282278
7.27,attitude_only,6.521263377526881e-15,1.3711127966476074e-14,-9.44217988592029e-16,1.0,0.0,0.0,0.0,1.0,1.3042526755053736e-14,2.742225593295216e-14,-1.8884359771838793e-15,0.0,0.0,0.0,-2.4196952555610735e-16,-5.034171577295559e-15,8.341293633608978e-15,-4.335328437712374e-18,-3.785379705594804e-18,2.804678725457585e-19,0.034127142,0.034127142,0.008531785499999984,0.00853178549999995,0.008531785499999993,0.008531785500000074,533.2849613480578,533.2849613480568,533.2849613480581,533.2849613480606,2.923088910002645,1.0199706000001014,7.707530323721005e-14,-3.727948059101736e-14,1.3461541667131325
7.28,attitude_only,6.519248121782254e-15,1.3689148403617437e-14,-9.035166973668242e-16,1.0,0.0,0.0,0.0,1.0,1.3038496243564482e-14,2.7378296807234886e-14,-1.80703339473347e-15,0.0,0.0,0.0,-5.774274097563294e-16,-3.908705658866277e-15,8.064376912898456e-15,-3.927004702574543e-18,-5.0968517511212774e-18,2.804678725457585e-19,0.034127142,0.034127142,0.008531785499999996,0.008531785499999943,0.008531785499999979,0.008531785500000081,533.2849613480582,533.2849613480565,533.2849613480577,533.2849613480608,2.825559722542361,1.0199706000001014,7.852084301444223e-14,-3.795667125949407e-14,1.3705085964401442
7.29,attitude_only,6.514996064480557e-15,1.3671881728178174e-14,-8.635616028064418e-16,1.0,0.0,0.0,0.0,1.0,1.302999212896109e-14,2.734376345635636e-14,-1.7271232056127055e-15,0.0,0.0,0.0,-1.0894112001608439e-15,-3.1464809727019236e-15,7.83574147165816e-15,-3.301730042087518e-18,-5.980056564791482e-18,2.804678725457585e-19,0.034127142,0.034127142,0.008531785500000008,0.00853178549999994,0.008531785499999967,0.008531785500000083,533.2849613480586,533.2849613480564,533.2849613480572,533.2849613480608,2.729936506185092,1.0199706000001014,7.996915531617446e-14,-3.863515094527703e-14,1.3939830328477039
7.3,attitude_only,6.508230139600282e-15,1.3657257667652467e-14,-8.249176341318407e-16,1.0,0.0,0.0,0.0,1.0,1.3016460279200542e-14,2.7314515335304943e-14,-1.6498352682635036e-15,0.0,0.0,0.0,-1.5535100382870284e-15,-2.811913410738062e-15,7.714617565972767e-15,-2.7292763359532267e-18,-6.353418505040737e-18,2.804678725457585e-19,0.034127142,0.034127142,0.008531785500000015,0.00853178549999994,0.00853178549999996,0.008531785500000081,533.2849613480588,533.2849613480564,533.2849613480571,533.2849613480608,2.6358294503070434,1.0199706000001014,8.14202106223262e-14,-3.931491052188099e-14,1.4165770451156519
7.31,attitude_only,6.499419511646106e-15,1.3643040224717813e-14,-7.864771748297847e-16,1.0,0.0,0.0,0.0,1.0,1.299883902329219e-14,2.7286080449435636e-14,-1.5729543496593922e-15,0.0,0.0,0.0,-1.9328080693891928e-15,-2.936978426221902e-15,7.586781306422572e-15,-2.254790617936738e-18,-6.173970702197911e-18,2.804678725457585e-19,0.034127142,0.034127142,0.008531785500000019,0.008531785499999946,0.008531785499999958,0.008531785500000076,533.2849613480589,533.2849613480566,533.284961348057,533.2849613480606,2.5429286253647403,1.0199706000001014,8.28739813649693e-14,-3.9995947472385e-14,1.4382902983716086
7.32,attitude_only,6.4888989761515424e-15,1.36272592502308e-14,-7.485460481360486e-16,1.0,0.0,0.0,0.0,1.0,1.2977797952303064e-14,2.7254518500461608e-14,-1.4970920962719203e-15,0.0,0.0,0.0,-2.2256744768376528e-15,-3.351889940601721e-15,7.589014885508716e-15,-1.881094184230208e-18,-5.642557985536109e-18,2.804678725457585e-19,0.034127142,0.034127142,0.008531785500000017,0.008531785499999953,0.00853178549999996,0.00853178550000007,533.2849613480588,533.2849613480569,533.2849613480571,533.2849613480604,2.450987577086987,1.0199706000001014,8.433044330255836e-14,-4.0678259026859724e-14,1.459122532211368
7.33,attitude_only,6.477251247683809e-15,1.3609070557229625e-14,-7.093639230018347e-16,1.0,0.0,0.0,0.0,1.0,1.2954502495367599e-14,2.721814111445926e-14,-1.418727846003493e-15,0.0,0.0,0.0,-2.3943958249490033e-15,-3.89802929187319e-15,7.899731965145644e-15,-1.6546846082470986e-18,-4.948210471091616e-18,2.804678725457585e-19,0.034127142,0.034127142,0.008531785500000014,0.00853178549999996,0.008531785499999963,0.008531785500000062,533.2849613480587,533.2849613480571,533.2849613480572,533.2849613480602,2.359810298868433,1.0199706000001014,8.578958139544197e-14,-4.136184443307001e-14,1.4790735440713096
7.34,attitude_only,6.4650302689218354e-15,1.358763583767957e-14,-6.702631375921008e-16,1.0,0.0,0.0,0.0,1.0,1.2930060537843652e-14,2.717527167535915e-14,-1.3405262751840259e-15,0.0,0.0,0.0,-2.480715715395478e-15,-4.634294352580662e-15,7.707923364991326e-15,-1.5262935825573747e-18,-4.0183494547168435e-18,2.804678725457585e-19,0.034127142,0.034127142,0.008531785500000007,0.008531785499999969,0.008531785499999969,0.008531785500000054,533.2849613480586,533.2849613480573,533.2849613480573,533.2849613480599,2.2692408844668996,1.0199706000001014,8.725138217521595e-14,-4.2046703371908166e-14,1.498143176339917
7.35,attitude_only,6.4524892056118825e-15,1.3562027827154647e-14,-6.318854944220883e-16,1.0,0.0,0.0,0.0,1.0,1.2904978411223748e-14,2.7124055654309303e-14,-1.2637709888440017e-15,0.0,0.0,0.0,-2.5319083283874453e-15,-5.540302489044583e-15,7.639935256554565e-15,-1.4395433636831399e-18,-2.8757366660696935e-18,2.804678725457585e-19,0.034127142,0.034127142,0.0085317855,0.008531785499999979,0.008531785499999977,0.008531785500000045,533.2849613480583,533.2849613480577,533.2849613480575,533.2849613480597,2.1791553079207415,1.0199706000001014,8.871583161770764e-14,-4.27328337843617e-14,1.5163313063572792
7.36,attitude_only,6.4397732956837416e-15,1.3531523531655687e-14,-5.936850335304987e-16,1.0,0.0,0.0,0.0,1.0,1.2879546591367467e-14,2.706304706331138e-14,-1.187370067060823e-15,0.0,0.0,0.0,-2.556054846616764e-15,-6.563724408110172e-15,7.639387061163309e-15,-1.385006993341789e-18,-1.5819931191098817e-18,2.804678725457585e-19,0.034127142,0.034127142,0.00853178549999999,0.00853178549999999,0.008531785499999986,0.008531785500000034,533.284961348058,533.284961348058,533.2849613480579,533.2849613480594,2.0894548921745106,1.0199706000001014,9.018291695559743e-14,-4.342023301267213e-14,1.5336378386491747
7.37,attitude_only,6.4269799367419975e-15,1.3495684045475824e-14,-5.554926539594765e-16,1.0,0.0,0.0,0.0,1.0,1.285395987348398e-14,2.6991368090951655e-14,-1.1109853079187794e-15,0.0,0.0,0.0,-2.5579655191089876e-15,-7.637439494269921e-15,7.63812886654502e-15,-1.3571345311600304e-18,-2.171606207754866e-19,2.804678725457585e-19,0.034127142,0.034127142,0.008531785499999979,0.0085317855,0.008531785499999996,0.008531785500000024,533.2849613480577,533.2849613480583,533.2849613480582,533.284961348059,2.000061118608145,1.0199706000001014,9.165262698159353e-14,-4.41088982941182e-14,1.5500626988926012
7.38,attitude_only,6.414084727830698e-15,1.345516972551777e-14,-5.162843254983337e-16,1.0,0.0,0.0,0.0,1.0,1.2828169455661382e-14,2.6910339451035547e-14,-1.0325686509964948e-15,0.0,0.0,0.0,-2.6055507893768734e-15,-8.422148686298966e-15,8.154329011099478e-15,-1.273976698944799e-18,8.087118965223553e-19,2.804678725457585e-19,0.034127142,0.034127142,0.008531785499999972,0.008531785500000008,0.008531785500000003,0.008531785500000015,533.2849613480574,533.2849613480586,533.2849613480585,533.2849613480588,1.910911501522396,1.0199706000001014,9.312495661076573e-14,-4.4798826436119573e-14,1.5656058292243948
7.39,attitude_only,6.400501285951133e-15,1.3411893104586781e-14,-4.733548585506381e-16,1.0,0.0,0.0,0.0,1.0,1.2801002571902254e-14,2.6823786209173568e-14,-9.467097171011044e-16,0.0,0.0,0.0,-2.842356781097595e-15,-8.794800422360608e-15,8.891495600019221e-15,-9.613859410689573e-19,1.3438419840199291e-18,2.804678725457585e-19,0.034127142,0.034127142,0.00853178549999997,0.008531785500000014,0.008531785500000005,0.008531785500000008,533.2849613480573,533.2849613480587,533.2849613480585,533.2849613480586,1.8219563085819375,1.0199706000001014,9.459990964721348e-14,-4.549001074438819e-14,1.5802671845925969
7.4,attitude_only,6.38532023913977e-15,1.336752792624047e-14,-4.272428437582761e-16,1.0,0.0,0.0,0.0,1.0,1.277064047827953e-14,2.6735055852480946e-14,-8.544856875163815e-16,0.0,0.0,0.0,-3.2135678014260147e-15,-8.89571040005409e-15,9.54853540077942e-15,-4.837970386605919e-19,1.5538910612526538e-18,2.804678725457585e-19,0.034127142,0.034127142,0.008531785499999972,0.008531785500000019,0.008531785500000003,0.008531785500000003,533.2849613480574,533.2849613480589,533.2849613480585,533.2849613480585,1.733155953372338,1.0199706000001014,9.607748883955776e-14,-4.618244159405126e-14,1.594046729917936
7.41,attitude_only,6.368039519728499e-15,1.3323111659868117e-14,-3.781306828027947e-16,1.0,0.0,0.0,0.0,1.0,1.2736079039456988e-14,2.664622331973624e-14,-7.562613656054197e-16,0.0,0.0,0.0,-3.675020628514013e-15,-8.827360633069916e-15,1.0036915210055617e-14,1.0669656013014496e-19,1.5601449472023418e-18,2.804678725457585e-19,0.034127142,0.034127142,0.008531785499999977,0.008531785500000024,0.0085317855,0.008531785499999998,533.2849613480575,533.284961348059,533.2849613480583,533.2849613480582,1.6444789220397826,1.0199706000001014,9.755769234351814e-14,-4.68761120388677e-14,1.6069444378850313
7.42,attitude_only,6.348210850305739e-15,1.3279629212982538e-14,-3.26639759433205e-16,1.0,0.0,0.0,0.0,1.0,1.269642170061147e-14,2.655925842596508e-14,-6.532795188662413e-16,0.0,0.0,0.0,-4.217471211204933e-15,-8.56363020666098e-15,1.0483960361951904e-14,7.99811971471298e-19,1.3293047375782279e-18,2.804678725457585e-19,0.034127142,0.034127142,0.008531785499999984,0.008531785500000028,0.008531785499999993,0.008531785499999995,533.2849613480578,533.2849613480591,533.2849613480581,533.2849613480581,1.555900124397241,1.0199706000001014,9.904051763970647e-14,-4.757101530316931e-14,1.6189602872233018
7.43,attitude_only,6.3255230224463726e-15,1.3237767349862969e-14,-2.73504857386919e-16,1.0,0.0,0.0,0.0,1.0,1.2651046044892737e-14,2.647553469972594e-14,-5.470097147736705e-16,0.0,0.0,0.0,-4.8182158103756985e-15,-8.2213309248126e-15,1.0802155147809258e-14,1.5688876485799733e-18,1.0007589086082964e-18,2.804678725457585e-19,0.034127142,0.034127142,0.008531785499999993,0.008531785500000031,0.008531785499999984,0.008531785499999991,533.2849613480581,533.2849613480593,533.2849613480578,533.284961348058,1.4673995824280839,1.0199706000001014,1.0052596092168676e-13,-4.826714508981634e-14,1.630094261368816
7.44,attitude_only,6.29432403825086e-15,1.3189794872598941e-14,-2.0748204944382076e-16,1.0,0.0,0.0,0.0,1.0,1.2588648076501715e-14,2.6379589745197885e-14,-4.1496409888747547e-16,0.0,0.0,0.0,-5.461988719229962e-15,-7.85039267085631e-15,1.12543103847564e-14,2.3960350263973914e-18,6.341369305693157e-19,2.804678725457585e-19,0.034127142,0.034127142,0.008531785500000002,0.008531785500000034,0.008531785499999974,0.008531785499999988,533.2849613480583,533.2849613480594,533.2849613480574,533.2849613480579,1.3789613870171302,1.0199706000001014,1.020140148188242e-13,-4.896449507418473e-14,1.64034634742255
7.45,attitude_only,6.2719667417260985e-15,1.315863946857282e-14,-1.6205557647211668e-16,1.0,0.0,0.0,0.0,1.0,1.2543933483452192e-14,2.6317278937145642e-14,-3.241111529440683e-16,0.0,0.0,0.0,-5.6521594013868396e-15,-7.773643934845748e-15,1.132542558871521e-14,2.6807614389995124e-18,6.197748867051005e-19,2.804678725457585e-19,0.034127142,0.034127142,0.008531785500000003,0.008531785500000036,0.008531785499999972,0.008531785499999986,533.2849613480585,533.2849613480595,533.2849613480574,533.2849613480579,1.290572867949224,1.0199706000001014,1.0350466729417051e-13,-4.9663066307028915e-14,1.6497165353393257
7.46,attitude_only,6.243554583131835e-15,1.311949600280537e-14,-1.0368117878856916e-16,1.0,0.0,0.0,0.0,1.0,1.2487109166263666e-14,2.623899200561074e-14,-2.0736235757697448e-16,0.0,0.0,0.0,-5.664004778821259e-15,-7.896954194828476e-15,1.1957154804543266e-14,2.7516159397090273e-18,8.467167406326552e-19,2.804678725457585e-19,0.034127142,0.034127142,0.008531785500000003,0.00853178550000004,0.008531785499999974,0.008531785499999984,533.2849613480585,533.2849613480596,533.2849613480574,533.2849613480578,1.2022239334991036,1.0199706000001014,1.0499790205223675e-13,-5.0362863437821174e-14,1.6582048172963118
7.47,attitude_only,6.21562932615454e-15,1.3079420756833648e-14,-4.511278025330925e-17,1.0,0.0,0.0,0.0,1.0,1.2431258652309079e-14,2.6158841513667295e-14,-9.022556050645591e-17,0.0,0.0,0.0,-5.4746662536418736e-15,-8.100756643903865e-15,1.135761087248789e-14,2.5791563720301818e-18,1.17228724596216e-18,2.804678725457585e-19,0.034127142,0.034127142,0.008531785499999998,0.00853178550000004,0.008531785499999977,0.008531785499999982,533.2849613480582,533.2849613480596,533.2849613480575,533.2849613480578,1.113906544899028,1.0199706000001014,1.0649370509844924e-13,-5.106388865203402e-14,1.6658111872012988
7.48,attitude_only,6.189463638937891e-15,1.3038503032789042e-14,1.0429492937224261e-17,1.0,0.0,0.0,0.0,1.0,1.2378927277875781e-14,2.6077006065578083e-14,2.0858985874609925e-17,0.0,0.0,0.0,-5.008080485371681e-15,-8.252401741529232e-15,1.1021326518675636e-14,2.069334254959671e-18,1.4367853805278988e-18,2.804678725457585e-19,0.034127142,0.034127142,0.008531785499999993,0.008531785500000038,0.008531785499999982,0.008531785499999984,533.2849613480581,533.2849613480595,533.2849613480578,533.2849613480578,1.0256142980892535,1.0199706000001014,1.0799206862906441e-13,-5.176614499947811e-14,1.6725356403098008
7.49,attitude_only,6.166252046958237e-15,1.2996927990566101e-14,6.502996552174523e-17,1.0,0.0,0.0,0.0,1.0,1.2332504093916475e-14,2.5993855981132203e-14,1.3005993104365075e-16,0.0,0.0,0.0,-4.3260057292072116e-15,-8.366891799324482e-15,1.0788010368770755e-14,1.2941046048543793e-18,1.6578423678754425e-18,2.804678725457585e-19,0.034127142,0.034127142,0.008531785499999986,0.008531785500000034,0.008531785499999991,0.00853178549999999,533.2849613480579,533.2849613480594,533.284961348058,533.284961348058,0.9373420908131898,1.0199706000001014,1.0949298587772216e-13,-5.2469635797263314e-14,1.67837817292689
7.5,attitude_only,6.146898029038108e-15,1.2954759026064677e-14,1.1924472088420284e-16,1.0,0.0,0.0,0.0,1.0,1.229379605807622e-14,2.5909518052129353e-14,2.384894417685649e-16,0.0,0.0,0.0,-3.4882956182404717e-15,-8.49507847568557e-15,1.0888248858505514e-14,3.2373542787669506e-19,1.8966171642656008e-18,2.804678725457585e-19,0.034127142,0.034127142,0.008531785499999976,0.00853178550000003,0.0085317855,0.008531785499999995,533.2849613480575,533.2849613480593,533.2849613480583,533.2849613480581,0.8490858576127991,1.0199706000001014,1.1099644924518399e-13,-5.317436289512687e-14,1.6833387821750023
7.51,attitude_only,6.131452325926083e-15,1.2912110062254346e-14,1.7394125545527588e-16,1.0,0.0,0.0,0.0,1.0,1.226290465185217e-14,2.582422012450869e-14,3.478825109107101e-16,0.0,0.0,0.0,-2.800778794991825e-15,-8.520314818826907e-15,1.1127491394073728e-14,-4.732769720717629e-19,2.0121039242234727e-18,2.804678725457585e-19,0.034127142,0.034127142,0.008531785499999969,0.008531785500000024,0.008531785500000007,0.0085317855,533.2849613480573,533.284961348059,533.2849613480586,533.2849613480583,0.7608423588525461,1.0199706000001014,1.125024508002537e-13,-5.388032380763343e-14,1.6874174658131176
7.52,attitude_only,6.118561667203615e-15,1.2869643091265383e-14,2.3074531688466173e-16,1.0,0.0,0.0,0.0,1.0,1.2237123334407237e-14,2.5739286182530762e-14,4.614906337694809e-16,0.0,0.0,0.0,-2.445259528496789e-15,-8.439219185393781e-15,1.1617112473541026e-14,-8.754474965808383e-19,1.9991813559576594e-18,2.804678725457585e-19,0.034127142,0.034127142,0.008531785499999967,0.00853178550000002,0.00853178550000001,0.008531785500000003,533.2849613480572,533.2849613480589,533.2849613480586,533.2849613480585,0.6726090127385905,1.0199706000001014,1.1401098673980398e-13,-5.458750661687008e-14,1.6906142220959455
7.53,attitude_only,6.106617616483972e-15,1.2828159862380502e-14,2.903695285930711e-16,1.0,0.0,0.0,0.0,1.0,1.2213235232967952e-14,2.5656319724761e-14,5.807390571862989e-16,0.0,0.0,0.0,-2.3717856425889893e-15,-8.16319264349767e-15,1.2150635496575043e-14,-9.398983032443078e-19,1.7495814321173074e-18,2.804678725457585e-19,0.034127142,0.034127142,0.008531785499999967,0.008531785500000017,0.008531785500000008,0.008531785500000005,533.2849613480572,533.2849613480588,533.2849613480586,533.2849613480585,0.5843837615572517,1.0199706000001014,1.1552205397047567e-13,-5.529589735678421e-14,1.6929290496642644
7.54,attitude_only,6.094232268395119e-15,1.2788387196980198e-14,3.5225553916025633e-16,1.0,0.0,0.0,0.0,1.0,1.2188464536790248e-14,2.5576774393960393e-14,7.045110783206686e-16,0.0,0.0,0.0,-2.5853423013455552e-15,-7.780721450683313e-15,1.2643839738434873e-14,-6.577768897229733e-19,1.3684232152469125e-18,2.804678725457585e-19,0.034127142,0.034127142,0.008531785499999972,0.008531785500000017,0.008531785500000003,0.008531785500000007,533.2849613480574,533.2849613480588,533.2849613480585,533.2849613480586,0.49616496515085123,1.0199706000001014,1.170356496748008e-13,-5.60054840088122e-14,1.6943619474595168
7.55,attitude_only,6.08039935958605e-15,1.2750688007440694e-14,4.162082103377666e-16,1.0,0.0,0.0,0.0,1.0,1.2160798719172111e-14,2.550137601488138e-14,8.324164206756882e-16,0.0,0.0,0.0,-2.925175417239688e-15,-7.343151941555308e-15,1.2944525078397133e-14,-2.2072539647761757e-19,9.167713237088551e-19,2.804678725457585e-19,0.034127142,0.034127142,0.008531785499999979,0.008531785500000017,0.008531785499999996,0.008531785500000007,533.2849613480577,533.2849613480588,533.2849613480582,533.2849613480586,0.4079513160763817,1.0199706000001014,1.1855176870174412e-13,-5.6716256579331714e-14,1.6949129146573019
7.5600000000000005,attitude_only,6.064688177511395e-15,1.2715375192323578e-14,4.824708458668734e-16,1.0,0.0,0.0,0.0,1.0,1.2129376355022803e-14,2.543075038464715e-14,9.64941691733901e-16,0.0,0.0,0.0,-3.3274565372214044e-15,-6.817021393311888e-15,1.3411621688511272e-14,2.9528651287265837e-19,3.5358487974987447e-19,2.804678725457585e-19,0.034127142,0.034127142,0.008531785499999988,0.008531785500000017,0.00853178549999999,0.008531785500000007,533.2849613480579,533.2849613480588,533.284961348058,533.2849613480586,0.3197417720266136,1.0199706000001014,1.2007040566151905e-13,-5.742820915601932e-14,1.6945819506155773
7.57,attitude_only,6.046881549500078e-15,1.2682784459441515e-14,5.495192349096227e-16,1.0,0.0,0.0,0.0,1.0,1.209376309900017e-14,2.5365568918883023e-14,1.0990384698193989e-15,0.0,0.0,0.0,-3.7355712612881584e-15,-6.285564969460268e-15,1.3303922245578496e-14,8.223798943656446e-19,-2.2130717917746736e-19,2.804678725457585e-19,0.034127142,0.034127142,0.008531785499999996,0.008531785500000015,0.00853178549999998,0.008531785500000007,533.2849613480582,533.2849613480588,533.2849613480577,533.2849613480586,0.2315355019962093,1.0199706000001014,1.2159155619462717e-13,-5.814133697946615e-14,1.6933690548343232
7.58,attitude_only,6.027435724022238e-15,1.2652358051347979e-14,6.163928330060951e-16,1.0,0.0,0.0,0.0,1.0,1.2054871448044491e-14,2.530471610269595e-14,1.2327856660123427e-15,0.0,0.0,0.0,-3.984292171751638e-15,-5.95483926825106e-15,1.345342244860259e-14,1.1606879086393361e-18,-5.586296279460078e-19,2.804678725457585e-19,0.034127142,0.034127142,0.008531785500000002,0.008531785500000015,0.008531785499999976,0.008531785500000007,533.2849613480583,533.2849613480588,533.2849613480575,533.2849613480586,0.14333184339295338,1.0199706000001014,1.231152106779013e-13,-5.885563919782265e-14,1.6912742269241225
7.59,attitude_only,6.00733017904185e-15,1.2622999368943103e-14,6.845537232204761e-16,1.0,0.0,0.0,0.0,1.0,1.2014660358083717e-14,2.5245998737886197e-14,1.3691074464411039e-15,0.0,0.0,0.0,-4.034281889574967e-15,-5.8289506479820765e-15,1.3744464519939992e-14,1.2610183889230789e-18,-6.514064657889685e-19,2.804678725457585e-19,0.034127142,0.034127142,0.008531785500000003,0.008531785500000015,0.008531785499999974,0.008531785500000007,533.2849613480585,533.2849613480588,533.2849613480574,533.2849613480586,0.05513026786589031,1.0199706000001014,1.246413554731322e-13,-5.95711187091411e-14,1.688297466581699
7.6,attitude_only,5.987361235181996e-15,1.2593793296409157e-14,7.53848562843576e-16,1.0,0.0,0.0,0.0,1.0,1.197472247036401e-14,2.5187586592818305e-14,1.507697125687303e-15,0.0,0.0,0.0,-3.94163911607022e-15,-5.8778924864780075e-15,1.3821924767905166e-14,1.1892634518780846e-18,-5.3389733472907395e-19,2.804678725457585e-19,0.034127142,0.034127142,0.008531785500000002,0.008531785500000017,0.008531785499999976,0.008531785500000007,533.2849613480583,533.2849613480588,533.2849613480575,533.2849613480586,-0.033069645924046306,1.0199706000001014,1.2616997832069268e-13,-6.02877773172626e-14,1.6844387735708608
7.61,attitude_only,5.968132242258542e-15,1.2564018572355366e-14,8.246303188721229e-16,1.0,0.0,0.0,0.0,1.0,1.1936264484517104e-14,2.5128037144710723e-14,1.6492606377443956e-15,0.0,0.0,0.0,-3.743148115823595e-15,-6.051261106153518e-15,1.433390802865253e-14,9.885057327403725e-19,-2.653423800569223e-19,2.804678725457585e-19,0.034127142,0.034127142,0.008531785499999998,0.008531785500000017,0.008531785499999979,0.008531785500000007,533.2849613480582,533.2849613480588,533.2849613480577,533.2849613480586,-0.12126823400322817,1.0199706000001014,1.277010682891257e-13,-6.100561542736748e-14,1.6796981477076613
7.62,attitude_only,5.9502110457629105e-15,1.2532780593504582e-14,8.981750873536446e-16,1.0,0.0,0.0,0.0,1.0,1.1900422091525843e-14,2.5065561187009154e-14,1.7963501747074384e-15,0.0,0.0,0.0,-3.442275896285419e-15,-6.4256580021454594e-15,1.4878881221375945e-14,6.61881828257415e-19,2.4819047515486043e-19,2.804678725457585e-19,0.034127142,0.034127142,0.008531785499999991,0.008531785500000019,0.008531785499999984,0.008531785500000005,533.284961348058,533.2849613480589,533.2849613480578,533.2849613480585,-0.2094657643789386,1.0199706000001014,1.2923461358306014e-13,-6.172463321802171e-14,1.6740755888488437
7.63,attitude_only,5.934251671332743e-15,1.2499433827958235e-14,9.734517861032957e-16,1.0,0.0,0.0,0.0,1.0,1.186850334266551e-14,2.4998867655916458e-14,1.9469035722067397e-15,0.0,0.0,0.0,-2.9748109567340343e-15,-6.8926437135060915e-15,1.5221184647695116e-14,1.3067201036309334e-19,8.774997659226796e-19,2.804678725457585e-19,0.034127142,0.034127142,0.008531785499999982,0.008531785500000019,0.008531785499999995,0.008531785500000003,533.2849613480578,533.2849613480589,533.2849613480581,533.2849613480585,-0.2976624508232603,1.0199706000001014,1.3077060323322982e-13,-6.244483147802448e-14,1.6675710968828383
7.64,attitude_only,5.920557772181521e-15,1.246377597665547e-14,1.0507196752902017e-15,1.0,0.0,0.0,0.0,1.0,1.1841115544363069e-14,2.4927551953310926e-14,2.101439350580551e-15,0.0,0.0,0.0,-2.57159339632598e-15,-7.30262600026725e-15,1.557236998001346e-14,-3.274731281633128e-19,1.4425047700387405e-18,2.804678725457585e-19,0.034127142,0.034127142,0.008531785499999974,0.00853178550000002,0.008531785500000002,0.008531785500000003,533.2849613480574,533.2849613480589,533.2849613480583,533.2849613480585,-0.38585846386025446,1.0199706000001014,1.323090288094417e-13,-6.316620995252954e-14,1.6601846717227555
7.65,attitude_only,5.9083586952114185e-15,1.242658882428667e-14,1.1289693242571421e-15,1.0,0.0,0.0,0.0,1.0,1.1816717390422865e-14,2.4853177648573326e-14,2.257938648514431e-15,0.0,0.0,0.0,-2.365264783837868e-15,-7.510328599817879e-15,1.5636411032699726e-14,-5.514148153106669e-19,1.7668511754976794e-18,2.804678725457585e-19,0.034127142,0.034127142,0.00853178549999997,0.00853178550000002,0.008531785500000007,0.008531785500000002,533.2849613480573,533.2849613480589,533.2849613480586,533.2849613480583,-0.4740539395248147,1.0199706000001014,1.3384988830110462e-13,-6.388876100427831e-14,1.6519163133009251
7.66,attitude_only,5.89654314342831e-15,1.23890151670144e-14,1.2072973978505834e-15,1.0,0.0,0.0,0.0,1.0,1.179308628685665e-14,2.4778030334028784e-14,2.4145947957013127e-15,0.0,0.0,0.0,-2.376341100554043e-15,-7.488905520190623e-15,1.5742293441499276e-14,-5.143598242457165e-19,1.816032535146877e-18,2.804678725457585e-19,0.034127142,0.034127142,0.00853178549999997,0.008531785500000022,0.008531785500000007,0.008531785500000002,533.2849613480573,533.284961348059,533.2849613480586,533.2849613480583,-0.5622489863454337,1.0199706000001014,1.35393182305828e-13,-6.461247454472874e-14,1.6427660215646462
7.67,attitude_only,5.884220372574849e-15,1.2352047960463182e-14,1.2865313086870278e-15,1.0,0.0,0.0,0.0,1.0,1.176844074514973e-14,2.470409592092635e-14,2.573062617374201e-15,0.0,0.0,0.0,-2.5520650812424754e-15,-7.285247404596425e-15,1.5985657558479107e-14,-2.779703966071737e-19,1.6444952704798017e-18,2.804678725457585e-19,0.034127142,0.034127142,0.008531785499999974,0.008531785500000022,0.008531785500000003,0.008531785500000002,533.2849613480574,533.284961348059,533.2849613480585,533.2849613480583,-0.6504436909117766,1.0199706000001014,1.369389105344226e-13,-6.533734186527648e-14,1.632733796472875
7.68,attitude_only,5.8708123413996696e-15,1.2316390630893713e-14,1.3677235013136475e-15,1.0,0.0,0.0,0.0,1.0,1.1741624682799372e-14,2.463278126178741e-14,2.7354470026274397e-15,0.0,0.0,0.0,-2.8030513244842008e-15,-6.994838573671992e-15,1.6381983259488665e-14,5.12436085277379e-20,1.3659530591072e-18,2.804678725457585e-19,0.034127142,0.034127142,0.008531785499999977,0.008531785500000022,0.008531785499999998,0.0085317855,533.2849613480575,533.284961348059,533.2849613480582,533.2849613480583,-0.7386381223140003,1.0199706000001014,1.3848707095345655e-13,-6.606335622471469e-14,1.6218196379936463
7.69,attitude_only,5.8557068218340555e-15,1.2282410096819743e-14,1.4501579066305203e-15,1.0,0.0,0.0,0.0,1.0,1.1711413643668147e-14,2.456482019363947e-14,2.9003158132611846e-15,0.0,0.0,0.0,-3.206680961577103e-15,-6.628464085244312e-15,1.671032942223908e-14,5.676659826549941e-19,9.925883138464315e-19,2.804678725457585e-19,0.034127142,0.034127142,0.008531785499999984,0.008531785500000024,0.008531785499999991,0.0085317855,533.2849613480578,533.284961348059,533.284961348058,533.2849613480583,-0.8268323356827896,1.0199706000001014,1.4003765913507894e-13,-6.67905110203879e-14,1.610023546102066
7.7,attitude_only,5.838461252543363e-15,1.2250468399111754e-14,1.5353019823726307e-15,1.0,0.0,0.0,0.0,1.0,1.1676922505086764e-14,2.450093679822349e-14,3.0706039647454045e-15,0.0,0.0,0.0,-3.650807343920337e-15,-6.173546407997334e-15,1.720990850505219e-14,1.1371257149060778e-18,5.084225652300317e-19,2.804678725457585e-19,0.034127142,0.034127142,0.008531785499999993,0.008531785500000024,0.008531785499999982,0.008531785499999998,533.2849613480581,533.284961348059,533.2849613480578,533.2849613480582,-0.9150263750126297,1.0199706000001014,1.4159067085638407e-13,-6.751879985342577e-14,1.5973455207787464
7.71,attitude_only,5.819010372481539e-15,1.2220794702893994e-14,1.622941953821529e-15,1.0,0.0,0.0,0.0,1.0,1.1638020744963118e-14,2.444158940578797e-14,3.2458839076432002e-15,0.0,0.0,0.0,-4.029329980231511e-15,-5.765597422781244e-15,1.7733595604152144e-14,1.6316461782818009e-18,7.653975719853351e-20,2.804678725457585e-19,0.034127142,0.034127142,0.0085317855,0.008531785500000024,0.008531785499999976,0.008531785499999998,533.2849613480583,533.284961348059,533.2849613480575,533.2849613480582,-1.003220275413279,1.0199706000001014,1.4314610187859454e-13,-6.824821855814661e-14,1.5837855620085879
7.72,attitude_only,5.7984549144353185e-15,1.2192500676396508e-14,1.713631234543284e-15,1.0,0.0,0.0,0.0,1.0,1.1596909828870678e-14,2.4385001352792997e-14,3.4272624690867093e-15,0.0,0.0,0.0,-4.14912712310509e-15,-5.610111228270301e-15,1.8431053319353153e-14,1.8168940209611453e-18,-5.394256393189567e-20,2.804678725457585e-19,0.034127142,0.034127142,0.008531785500000003,0.008531785500000026,0.008531785499999974,0.008531785499999998,533.2849613480585,533.2849613480591,533.2849613480574,533.2849613480582,-1.091414064905731,1.0199706000001014,1.4470394086532526e-13,-6.897877035847487e-14,1.5693436697798315
7.73,attitude_only,5.777734945205616e-15,1.2164487679312173e-14,1.8074837971266113e-15,1.0,0.0,0.0,0.0,1.0,1.1555469890411276e-14,2.4328975358624325e-14,3.614967594253363e-15,0.0,0.0,0.0,-4.117204397517593e-15,-5.643028262443985e-15,1.9018182583057953e-14,1.8197587942313276e-18,4.1988159700969e-20,2.804678725457585e-19,0.034127142,0.034127142,0.008531785500000002,0.008531785500000026,0.008531785499999974,0.008531785499999996,533.2849613480583,533.2849613480591,533.2849613480574,533.2849613480582,-1.1796077658548318,1.0199706000001014,1.462641743698155e-13,-6.971045815932172e-14,1.5540198440833195
7.74,attitude_only,5.7575765585102904e-15,1.2135778804714026e-14,1.9027017212369603e-15,1.0,0.0,0.0,0.0,1.0,1.1515153117020627e-14,2.427155760942803e-14,3.80540344247406e-15,0.0,0.0,0.0,-3.9373179655300185e-15,-5.842391915280849e-15,1.9100779196274624e-14,1.643268255501538e-18,3.396484622580142e-19,2.804678725457585e-19,0.034127142,0.034127142,0.008531785499999998,0.008531785500000028,0.008531785499999977,0.008531785499999996,533.2849613480582,533.2849613480591,533.2849613480575,533.2849613480582,-1.2678013961118901,1.0199706000001014,1.4782679001354334e-13,-7.044328296765083e-14,1.5378140849119186
7.75,attitude_only,5.7387155024046866e-15,1.2105726864737149e-14,1.998946332331426e-15,1.0,0.0,0.0,0.0,1.0,1.1477431004809422e-14,2.4211453729474275e-14,3.997892664662991e-15,0.0,0.0,0.0,-3.63052392100652e-15,-6.148911647827367e-15,1.9375133541380125e-14,1.3114206412834037e-18,7.689612577921072e-19,2.804678725457585e-19,0.034127142,0.034127142,0.008531785499999993,0.008531785500000028,0.008531785499999984,0.008531785499999996,533.2849613480581,533.2849613480591,533.2849613480578,533.2849613480582,-1.3559949699263898,1.0199706000001014,1.4939177746925908e-13,-7.117724601433785e-14,1.520726392260075
7.76,attitude_only,5.721543878513409e-15,1.2073966555605792e-14,2.09698442279683e-15,1.0,0.0,0.0,0.0,1.0,1.1443087757026869e-14,2.414793311121156e-14,4.193968845593798e-15,0.0,0.0,0.0,-3.261434998611001e-15,-6.541228778445408e-15,1.9794328873553066e-14,9.011282843948908e-19,1.3051541023182075e-18,2.804678725457585e-19,0.034127142,0.034127142,0.008531785499999984,0.00853178550000003,0.008531785499999991,0.008531785499999995,533.2849613480578,533.2849613480593,533.284961348058,533.2849613480581,-1.4441884986733688,1.0199706000001014,1.5095912825329483e-13,-7.191234652712535e-14,1.5027567661234627
7.77,attitude_only,5.706336829079938e-15,1.2040062670943689e-14,2.1964766024605033e-15,1.0,0.0,0.0,0.0,1.0,1.141267365815993e-14,2.4080125341887352e-14,4.392953204921144e-15,0.0,0.0,0.0,-2.8858246984112242e-15,-6.921654571098071e-15,1.9995374535819198e-14,4.792541711392699e-19,1.8308815992123827e-18,2.804678725457585e-19,0.034127142,0.034127142,0.008531785499999977,0.00853178550000003,0.008531785499999998,0.008531785499999995,533.2849613480575,533.2849613480593,533.2849613480582,533.2849613480581,-1.5742743461553617,1.0199706000001014,1.5252883279724292e-13,-7.264858321490471e-14,1.483905206498712
7.78,attitude_only,5.692352751535782e-15,1.2004991408646588e-14,2.2978960635468074e-15,1.0,0.0,0.0,0.0,1.0,1.1384705503071619e-14,2.400998281729315e-14,4.595792127093751e-15,0.0,0.0,0.0,-2.7587185709253676e-15,-7.052122196700198e-15,2.048305694718414e-14,3.543140038654972e-19,2.0579639719019424e-18,2.804678725457585e-19,0.034127142,0.034127142,0.008531785499999976,0.00853178550000003,0.008531785500000002,0.008531785499999993,533.2849613480575,533.2849613480593,533.2849613480583,533.2849613480581,-1.6182102608426974,1.0199706000001014,1.5410089046635069e-13,-7.338594877743219e-14,1.4641717133831993
7.79,attitude_only,5.678454039239919e-15,1.1969739237844363e-14,2.4020574642800397e-15,1.0,0.0,0.0,0.0,1.0,1.1356908078479895e-14,2.3939478475688698e-14,4.804114928560215e-15,0.0,0.0,0.0,-2.8370303221242437e-15,-7.015525097824107e-15,2.1132836612574135e-14,4.766584085253906e-19,2.084202704228872e-18,2.804678725457585e-19,0.034127142,0.034127142,0.008531785499999976,0.008531785500000031,0.0085317855,0.008531785499999991,533.2849613480575,533.2849613480593,533.2849613480583,533.284961348058,-1.7068767408405368,1.0199706000001014,1.556753015590223e-13,-7.412443238004747e-14,1.4435562867748808
7.8,attitude_only,5.663638331995448e-15,1.1935263442729154e-14,2.507396498662001e-15,1.0,0.0,0.0,0.0,1.0,1.1327276663990957e-14,2.387052688545828e-14,5.014792997324137e-15,0.0,0.0,0.0,-3.0962833432950248e-15,-6.7733117732599094e-15,2.113045118625451e-14,8.187248673632777e-19,1.8612798324844323e-18,2.804678725457585e-19,0.034127142,0.034127142,0.00853178549999998,0.008531785500000033,0.008531785499999996,0.008531785499999991,533.2849613480577,533.2849613480594,533.2849613480582,533.284961348058,-1.7954485947267358,1.0199706000001014,1.5725206569607058e-13,-7.486402423151403e-14,1.422058926672166
7.8100000000000005,attitude_only,5.647227583528333e-15,1.1902546578328367e-14,2.613508273760568e-15,1.0,0.0,0.0,0.0,1.0,1.1294455167056728e-14,2.3805093156656705e-14,5.22701654752127e-15,0.0,0.0,0.0,-3.460876560098226e-15,-6.3398992359848704e-15,2.139186333210904e-14,1.2908454931281027e-18,1.404583780114239e-18,2.804678725457585e-19,0.034127142,0.034127142,0.008531785499999988,0.008531785500000033,0.00853178549999999,0.008531785499999991,533.2849613480579,533.2849613480594,533.284961348058,533.284961348058,-1.8839447477483764,1.0199706000001014,1.588311829906418e-13,-7.560471646140968e-14,1.399679633073815
7.82,attitude_only,5.628593708197264e-15,1.187203275626473e-14,2.7202287738307553e-15,1.0,0.0,0.0,0.0,1.0,1.1257187416394592e-14,2.374406551252943e-14,5.440457547661644e-15,0.0,0.0,0.0,-3.928239614054467e-15,-5.924238290319746e-15,2.1136308164532603e-14,1.890963554016136e-18,9.650330282192863e-19,2.804678725457585e-19,0.034127142,0.034127142,0.008531785499999995,0.008531785500000033,0.00853178549999998,0.00853178549999999,533.2849613480581,533.2849613480594,533.2849613480577,533.284961348058,-1.9723803400977764,1.0199706000001014,1.604126508078475e-13,-7.634650149975582e-14,1.3764184059788618
7.83,attitude_only,5.608161854434559e-15,1.184321250838049e-14,2.8261007426352867e-15,1.0,0.0,0.0,0.0,1.0,1.1216323708869185e-14,2.3686425016760948e-14,5.652201485270706e-15,0.0,0.0,0.0,-4.16266641910615e-15,-5.660572155862907e-15,2.118486932987673e-14,2.213902384269216e-18,7.052393884297072e-19,2.804678725457585e-19,0.034127142,0.034127142,0.0085317855,0.008531785500000034,0.008531785499999977,0.00853178549999999,533.2849613480583,533.2849613480594,533.2849613480575,533.284961348058,-2.060767483924359,1.0199706000001014,1.6199646003811672e-13,-7.708937753134767e-14,1.3522752453865554
7.84,attitude_only,5.587243317368298e-15,1.1815118022504812e-14,2.931389551112268e-15,1.0,0.0,0.0,0.0,1.0,1.1174486634736666e-14,2.3630236045009593e-14,5.862779102224668e-15,0.0,0.0,0.0,-4.1729511783357306e-15,-5.6203563367291085e-15,2.1260807055649684e-14,2.2679736071280694e-18,7.131839688364393e-19,2.804678725457585e-19,0.034127142,0.034127142,0.0085317855,0.008531785500000034,0.008531785499999976,0.00853178549999999,533.2849613480583,533.2849613480594,533.2849613480575,533.284961348058,-2.149115868944394,1.0199706000001014,1.6358259850583722e-13,-7.783334974414168e-14,1.3272501512963106
7.85,attitude_only,5.566881089799475e-15,1.17866914095951e-14,3.0380045747761004e-15,1.0,0.0,0.0,0.0,1.0,1.113376217959902e-14,2.3573382819190166e-14,6.076009149552332e-15,0.0,0.0,0.0,-3.968429392587345e-15,-5.766964041544064e-15,2.1551849227645585e-14,2.06223175815588e-18,9.467828550298243e-19,2.804678725457585e-19,0.034127142,0.034127142,0.008531785499999996,0.008531785500000034,0.008531785499999979,0.008531785499999988,533.2849613480582,533.2849613480594,533.2849613480577,533.2849613480579,-2.2374332469282656,1.0199706000001014,1.6517105319502772e-13,-7.857842133755304e-14,1.3013431237076714
7.86,attitude_only,5.5478142514190974e-15,1.1757137245410636e-14,3.1463307704963594e-15,1.0,0.0,0.0,0.0,1.0,1.1095628502838269e-14,2.3514274490821237e-14,6.292661540992849e-15,0.0,0.0,0.0,-3.6660273282849594e-15,-6.028969029473588e-15,2.1857609980460028e-14,1.736009554275869e-18,1.321478530839994e-18,2.804678725457585e-19,0.034127142,0.034127142,0.008531785499999991,0.008531785500000034,0.008531785499999984,0.008531785499999988,533.284961348058,533.2849613480594,533.2849613480578,533.2849613480579,-2.325725819290409,1.0199706000001014,1.6676181275144513e-13,-7.932459385734262e-14,1.274554162620282
7.87,attitude_only,5.530619929953185e-15,1.172607151933651e-14,3.2565464919452153e-15,1.0,0.0,0.0,0.0,1.0,1.1061239859906446e-14,2.3452143038672984e-14,6.51309298389056e-15,0.0,0.0,0.0,-3.2515843392692567e-15,-6.377946367948935e-15,2.225012915434473e-14,1.2711938108497175e-18,1.804030800689898e-18,2.804678725457585e-19,0.034127142,0.034127142,0.008531785499999984,0.008531785500000034,0.008531785499999993,0.008531785499999988,533.2849613480578,533.2849613480594,533.2849613480581,533.2849613480579,-2.413998547160653,1.0199706000001014,1.6835486862967922e-13,-8.007186750741349e-14,1.2468832680338664
7.88,attitude_only,5.515429957448351e-15,1.1693115856359894e-14,3.3690668944591324e-15,1.0,0.0,0.0,0.0,1.0,1.1030859914896781e-14,2.338623171271975e-14,6.738133788918394e-15,0.0,0.0,0.0,-2.888857848063327e-15,-6.745539487733894e-15,2.2807537036687117e-14,8.6481059988323445e-19,2.312597939309187e-18,2.804678725457585e-19,0.034127142,0.034127142,0.008531785499999977,0.008531785500000036,0.0085317855,0.008531785499999988,533.2849613480575,533.2849613480595,533.2849613480583,533.2849613480579,-2.502255399441676,1.0199706000001014,1.6995021189298387e-13,-8.082024036435219e-14,1.2183304399482093
7.89,attitude_only,5.5015334726307646e-15,1.165897056512439e-14,3.4829499228833986e-15,1.0,0.0,0.0,0.0,1.0,1.100306694526161e-14,2.3317941130248742e-14,6.965899845766926e-15,0.0,0.0,0.0,-2.734187076925087e-15,-6.8556521028149015e-15,2.2725975796538346e-14,7.065475452865971e-19,2.5132895984345422e-18,2.804678725457585e-19,0.034127142,0.034127142,0.008531785499999974,0.008531785500000036,0.008531785500000002,0.008531785499999986,533.2849613480574,533.2849613480595,533.2849613480583,533.2849613480579,-2.590499551254632,1.0199706000001014,1.7154784003322068e-13,-8.156970500377249e-14,1.1888956783631428
7.9,attitude_only,5.4877981217581e-15,1.162466433949881e-14,3.597822659133057e-15,1.0,0.0,0.0,0.0,1.0,1.0975596243516283e-14,2.3249328678997578e-14,7.195645318266242e-15,0.0,0.0,0.0,-2.776431679487654e-15,-6.832447386709462e-15,2.3272725396231116e-14,7.85005385156556e-19,2.553768412975114e-18,2.804678725457585e-19,0.034127142,0.034127142,0.008531785499999974,0.008531785500000038,0.008531785500000002,0.008531785499999986,533.2849613480574,533.2849613480595,533.2849613480583,533.2849613480579,-2.6787335426958494,1.0199706000001014,1.7314775396894724e-13,-8.232025075240661e-14,1.1585789832785363
7.91,attitude_only,5.4733709336554385e-15,1.1591026460614856e-14,3.715183378608415e-15,1.0,0.0,0.0,0.0,1.0,1.0946741867310964e-14,2.3182052921229672e-14,7.430366757216957e-15,0.0,0.0,0.0,-3.006343895948206e-15,-6.6206963108514944e-15,2.3705086245782557e-14,1.0909634838687e-18,2.3658740850540663e-18,2.804678725457585e-19,0.034127142,0.034127142,0.008531785499999979,0.008531785500000038,0.008531785499999998,0.008531785499999984,533.2849613480577,533.2849613480595,533.2849613480582,533.2849613480578,-2.7669594058416673,1.0199706000001014,1.7474995255650729e-13,-8.307186894455747e-14,1.1273803546942875
7.92,attitude_only,5.457366841362696e-15,1.1558923602677712e-14,3.833629887789694e-15,1.0,0.0,0.0,0.0,1.0,1.091473368272548e-14,2.3117847205355384e-14,7.667259775579514e-15,0.0,0.0,0.0,-3.3289265388221925e-15,-6.2251306022912585e-15,2.3492133756986227e-14,1.5113519207057054e-18,1.953446540804695e-18,2.804678725457585e-19,0.034127142,0.034127142,0.008531785499999984,0.008531785500000038,0.008531785499999991,0.008531785499999984,533.2849613480578,533.2849613480595,533.284961348058,533.2849613480578,-2.855178766352733,1.0199706000001014,1.763544352340297e-13,-8.38245502701676e-14,1.0952997926103183
7.93,attitude_only,5.440135574258447e-15,1.1529392235924587e-14,3.9502437204859574e-15,1.0,0.0,0.0,0.0,1.0,1.0880271148516986e-14,2.305878447184913e-14,7.900487440972041e-15,0.0,0.0,0.0,-3.5302645182383713e-15,-5.6093003344384886e-15,2.320711097589747e-14,1.7882601411875024e-18,1.2705432227257547e-18,2.804678725457585e-19,0.034127142,0.034127142,0.008531785499999993,0.008531785500000034,0.008531785499999984,0.008531785499999988,533.2849613480581,533.2849613480594,533.2849613480578,533.2849613480579,-2.9433929247572443,1.0199706000001014,1.779612027641258e-13,-8.457829331644796e-14,1.062337297026566
7.94,attitude_only,5.4222253402046445e-15,1.1503222183133096e-14,4.066599861281299e-15,1.0,0.0,0.0,0.0,1.0,1.0844450680409382e-14,2.3006444366266147e-14,8.133199722562722e-15,0.0,0.0,0.0,-3.621998252049335e-15,-4.956680588388182e-15,2.3461610464515735e-14,1.934560604281155e-18,5.369663333492716e-19,2.804678725457585e-19,0.034127142,0.034127142,0.008531785499999998,0.008531785500000031,0.008531785499999977,0.008531785499999993,533.2849613480582,533.2849613480593,533.2849613480575,533.2849613480581,-3.031602921477407,1.0199706000001014,1.7957025544130542e-13,-8.533309858442917e-14,1.0284928679429832
7.95,attitude_only,5.404060868812482e-15,1.1479665481054135e-14,4.185600712812506e-15,1.0,0.0,0.0,0.0,1.0,1.080812173762506e-14,2.2959330962108226e-14,8.371201425625137e-15,0.0,0.0,0.0,-3.6056790167608165e-15,-4.56780384762836e-15,2.4108537770843224e-14,1.9510343121025406e-18,1.159922829137679e-19,2.804678725457585e-19,0.034127142,0.034127142,0.008531785500000002,0.008531785500000028,0.008531785499999974,0.008531785499999996,533.2849613480583,533.2849613480591,533.2849613480574,533.2849613480582,-3.1198095888509627,1.0199706000001014,1.811815839017083e-13,-8.608896553502218e-14,0.9937665053595321
7.96,attitude_only,5.386599670548391e-15,1.1457226946532011e-14,4.306821978996132e-15,1.0,0.0,0.0,0.0,1.0,1.0773199341096882e-14,2.2914453893063975e-14,8.613643957992388e-15,0.0,0.0,0.0,-3.373731380503998e-15,-4.445888267128631e-15,2.442546434362557e-14,1.706434462399397e-18,1.415246898537843e-20,2.804678725457585e-19,0.034127142,0.034127142,0.008531785500000002,0.008531785500000024,0.008531785499999976,0.008531785499999998,533.2849613480583,533.284961348059,533.2849613480575,533.2849613480582,-3.2080135927477573,1.0199706000001014,1.8279517307479057e-13,-8.684589690460155e-14,0.9581582092761836
7.97,attitude_only,5.3707161058280875e-15,1.143497619838695e-14,4.429977687956765e-15,1.0,0.0,0.0,0.0,1.0,1.0741432211656276e-14,2.2869952396773853e-14,8.859955375913653e-15,0.0,0.0,0.0,-3.0015064717210704e-15,-4.474197085303552e-15,2.4757363265862216e-14,1.2897796365770942e-18,9.286502164831833e-20,2.804678725457585e-19,0.034127142,0.034127142,0.008531785499999998,0.008531785500000022,0.008531785499999979,0.008531785500000002,533.2849613480582,533.284961348059,533.2849613480577,533.2849613480583,-3.2962154658635296,1.0199706000001014,1.8441101165659523e-13,-8.760389560295727e-14,0.9216679796929149
7.98,attitude_only,5.357061821292618e-15,1.1412178587092869e-14,4.5550771327016454e-15,1.0,0.0,0.0,0.0,1.0,1.071412364258534e-14,2.282435717418569e-14,9.110154265403412e-15,0.0,0.0,0.0,-2.50607583597855e-15,-4.662131838598798e-15,2.524501522573613e-14,7.203236320458569e-19,3.6500804398860425e-19,2.804678725457585e-19,0.034127142,0.034127142,0.008531785499999991,0.00853178550000002,0.008531785499999986,0.008531785500000003,533.284961348058,533.2849613480589,533.2849613480579,533.2849613480585,-3.3844156343549714,1.0199706000001014,1.860290901981165e-13,-8.836296307957541e-14,0.8842958166097084
7.99,attitude_only,5.3459685950497265e-15,1.1388004372792122e-14,4.68147731426221e-15,1.0,0.0,0.0,0.0,1.0,1.069193719009956e-14,2.2776008745584193e-14,9.362954628524542e-15,0.0,0.0,0.0,-2.008282326027997e-15,-4.982722931244077e-15,2.5164976597448244e-14,1.4305424336547297e-19,7.995445844753789e-19,2.804678725457585e-19,0.034127142,0.034127142,0.008531785499999982,0.008531785500000019,0.008531785499999993,0.008531785500000005,533.2849613480578,533.2849613480589,533.2849613480581,533.2849613480585,-3.472614439147152,1.0199706000001014,1.8764939836787546e-13,-8.912309934185747e-14,0.8460417200265504
8.0,attitude_only,5.336979395544255e-15,1.136218455990636e-14,4.80837712058438e-15,1.0,0.0,0.0,0.0,1.0,1.0673958791088619e-14,2.272436911981267e-14,9.616754241168882e-15,0.0,0.0,0.0,-1.6540675421924542e-15,-5.282747430601858e-15,2.5631058223365734e-14,-2.65462821815254e-19,1.2124014580107334e-18,2.804678725457585e-19,0.034127142,0.034127142,0.008531785499999977,0.008531785500000019,0.0085317855,0.008531785500000005,533.2849613480575,533.2849613480589,533.2849613480583,533.2849613480585,-3.56081215298014,1.0199706000001014,1.892719290472912e-13,-8.988429948735629e-14,0.8069056899434304
8.01,attitude_only,5.329217473807568e-15,1.1335545349701968e-14,4.937443618738576e-15,1.0,0.0,0.0,0.0,1.0,1.0658434947615248e-14,2.2671090699403882e-14,9.874887237477274e-15,0.0,0.0,0.0,-1.5096835106502408e-15,-5.332104026815635e-15,2.6116933802799326e-14,-4.2362682455940786e-19,1.3249504137354213e-18,2.804678725457585e-19,0.034127142,0.034127142,0.008531785499999976,0.008531785500000019,0.008531785500000002,0.008531785500000005,533.2849613480575,533.2849613480589,533.2849613480583,533.2849613480585,-3.6490089940459463,1.0199706000001014,1.9089668215939731e-13,-9.064655583892714e-14,0.7668877263603395
8.02,attitude_only,5.321559191844569e-15,1.1309204041648498e-14,5.069606424140336e-15,1.0,0.0,0.0,0.0,1.0,1.0643118383689253e-14,2.2618408083296942e-14,1.0139212848280792e-14,0.0,0.0,0.0,-1.587265697552187e-15,-5.199013638869361e-15,2.6429322992221254e-14,-3.1465554330155125e-19,1.2172320845885863e-18,2.804678725457585e-19,0.034127142,0.034127142,0.008531785499999976,0.008531785500000019,0.0085317855,0.008531785500000005,533.2849613480575,533.2849613480589,533.2849613480583,533.2849613480585,-3.737205136898134,1.0199706000001014,1.9252366050981432e-13,-9.140985906977042e-14,0.7259878292772716
8.03,attitude_only,5.313095641543834e-15,1.1283875431225674e-14,5.201420820428182e-15,1.0,0.0,0.0,0.0,1.0,1.0626191283087785e-14,2.256775086245129e-14,1.0402841640856483e-14,0.0,0.0,0.0,-1.8016539861009367e-15,-4.909591436130961e-15,2.6416502600090853e-14,-3.937305718204223e-20,9.19021355663814e-19,2.804678725457585e-19,0.034127142,0.034127142,0.00853178549999998,0.008531785500000019,0.008531785499999996,0.008531785500000005,533.2849613480577,533.2849613480589,533.2849613480582,533.2849613480585,-3.8254007211795265,1.0199706000001014,1.9415286399130226e-13,-9.217420105257591e-14,0.6842059986942215
8.04,attitude_only,5.303196907797435e-15,1.1260353663043478e-14,5.334733517489971e-15,1.0,0.0,0.0,0.0,1.0,1.060639381559499e-14,2.25207073260869e-14,1.0669467034980061e-14,0.0,0.0,0.0,-2.139257748060309e-15,-4.517648069742014e-15,2.6972641639299304e-14,3.8714403464980713e-19,4.938657966944969e-19,2.804678725457585e-19,0.034127142,0.034127142,0.008531785499999988,0.008531785500000019,0.00853178549999999,0.008531785500000005,533.2849613480579,533.2849613480589,533.284961348058,533.2849613480585,-3.9135958586042117,1.0199706000001014,1.9578429333266994e-13,-9.293957571004787e-14,0.6415422346111853
8.05,attitude_only,5.291342997539422e-15,1.1239007966629492e-14,5.4699305024952925e-15,1.0,0.0,0.0,0.0,1.0,1.0582685995078967e-14,2.2478015933258928e-14,1.0939861004990703e-14,0.0,0.0,0.0,-2.5839193753515698e-15,-4.075097194551327e-15,2.6899962301420954e-14,9.465771811528397e-19,3.555718411191486e-21,2.804678725457585e-19,0.034127142,0.034127142,0.008531785499999995,0.008531785500000019,0.00853178549999998,0.008531785500000005,533.2849613480581,533.2849613480589,533.2849613480577,533.2849613480585,-4.001790638543894,1.0199706000001014,1.974179466359064e-13,-9.370597745409856e-14,0.59799653702816
8.06,attitude_only,5.2775144787296855e-15,1.1219596306492908e-14,5.6049637965768426e-15,1.0,0.0,0.0,0.0,1.0,1.0555028957459497e-14,2.2439192612985755e-14,1.1209927593153804e-14,0.0,0.0,0.0,-2.8856630695444035e-15,-3.757186757171372e-15,2.7291720169410394e-14,1.3375262448796837e-18,-3.4036493887304073e-19,2.804678725457585e-19,0.034127142,0.034127142,0.008531785500000002,0.008531785500000019,0.008531785499999976,0.008531785500000003,533.2849613480583,533.2849613480589,533.2849613480575,533.2849613480585,-4.089985132495473,1.0199706000001014,1.9905381859450403e-13,-9.447340299454954e-14,0.5535689059451431
8.07,attitude_only,5.262886319211665e-15,1.1201105640598214e-14,5.742791981671955e-15,1.0,0.0,0.0,0.0,1.0,1.052577263842346e-14,2.2402211281196368e-14,1.1485583963344029e-14,0.0,0.0,0.0,-2.9522115216918972e-15,-3.6758125952743425e-15,2.7644935656972854e-14,1.4469065026735943e-18,-4.0125580719673353e-19,2.804678725457585e-19,0.034127142,0.034127142,0.008531785500000002,0.008531785500000019,0.008531785499999974,0.008531785500000003,533.2849613480583,533.2849613480589,533.2849613480574,533.2849613480585,-4.178179397656607,1.0199706000001014,2.0069189869799006e-13,-9.524185751942928e-14,0.5082593413621326
8.08,attitude_only,5.248058823105059e-15,1.1182561139771976e-14,5.881436403428716e-15,1.0,0.0,0.0,0.0,1.0,1.0496117646210249e-14,2.2365122279543888e-14,1.176287280685755e-14,0.0,0.0,0.0,-2.9438784970508722e-15,-3.756323094684834e-15,2.7770104498045415e-14,1.4663456580748727e-18,-2.6707997695729635e-19,2.804678725457585e-19,0.034127142,0.034127142,0.008531785500000002,0.00853178550000002,0.008531785499999976,0.008531785500000002,533.2849613480583,533.2849613480589,533.2849613480575,533.2849613480583,-4.266373479785413,1.0199706000001014,2.0233217625715575e-13,-9.601134290854376e-14,0.4620678432791272
8.09,attitude_only,5.233689594704206e-15,1.1163289600702056e-14,6.020672791278095e-15,1.0,0.0,0.0,0.0,1.0,1.0467379189408545e-14,2.2326579201404048e-14,1.2041345582556306e-14,0.0,0.0,0.0,-2.8048900340974174e-15,-3.944008213881064e-15,2.7884868825091006e-14,1.3276084028717004e-18,-2.4177517830108087e-21,2.804678725457585e-19,0.034127142,0.034127142,0.008531785499999998,0.008531785500000022,0.008531785499999977,0.008531785500000002,533.2849613480582,533.284961348059,533.2849613480575,533.2849613480583,-4.354567415488376,1.0199706000001014,2.039746427598018e-13,-9.678186064401092e-14,0.41499441169612594
8.1,attitude_only,5.220422389483767e-15,1.1142768426591287e-14,6.160687051047172e-15,1.0,0.0,0.0,0.0,1.0,1.0440844778967672e-14,2.228553685318251e-14,1.232137410209446e-14,0.0,0.0,0.0,-2.4950493304768726e-15,-4.263021918582493e-15,2.8199511480165685e-14,9.807500518318153e-19,4.230289130445285e-19,2.804678725457585e-19,0.034127142,0.034127142,0.008531785499999993,0.008531785500000022,0.008531785499999984,0.008531785500000002,533.2849613480581,533.284961348059,533.2849613480578,533.2849613480583,-4.442761234050685,1.0199706000001014,2.0561929088715088e-13,-9.755341223884164e-14,0.36703904661312775
8.11,attitude_only,5.209011738604197e-15,1.1120402529153593e-14,6.3032293285822e-15,1.0,0.0,0.0,0.0,1.0,1.0418023477208534e-14,2.224080505830712e-14,1.2606458657164515e-14,0.0,0.0,0.0,-2.096503198413772e-15,-4.650340327469163e-15,2.875514298210528e-14,5.234597253402316e-19,9.343144069832224e-19,2.804678725457585e-19,0.034127142,0.034127142,0.008531785499999984,0.008531785500000022,0.008531785499999991,0.0085317855,533.2849613480578,533.284961348059,533.284961348058,533.2849613480583,-4.530954958900487,1.0199706000001014,2.072661122764549e-13,-9.832600060735325e-14,0.31820174803013185
8.12,attitude_only,5.199680740163753e-15,1.1095947030095543e-14,6.448757681345042e-15,1.0,0.0,0.0,0.0,1.0,1.039936148032765e-14,2.219189406019102e-14,1.2897515362690199e-14,0.0,0.0,0.0,-1.6874142022558943e-15,-5.061094292678342e-15,2.927527732723563e-14,4.9427071973337283e-20,1.4778301081610191e-18,2.804678725457585e-19,0.034127142,0.034127142,0.008531785499999977,0.008531785500000024,0.0085317855,0.0085317855,533.2849613480575,533.284961348059,533.2849613480583,533.2849613480583,-4.6191486087801135,1.0199706000001014,2.0891510071645242e-13,-9.909962529955854e-14,0.2684825159471379
8.13,attitude_only,5.779456037873285e-15,1.2325279813289928e-14,6.596053314408673e-15,1.0,0.0,0.0,0.0,1.0,1.1558912075746732e-14,2.465055962657978e-14,1.3192106628817488e-14,0.0,0.0,0.0,5.995980628290915e-13,1.2782814060149364e-12,2.958817405392802e-14,-7.274891259939354e-16,-1.5513159843211279e-15,2.804678725457585e-19,0.034127142,0.034127142,0.00853178550000632,0.008531785499982496,0.008531785499993656,0.008531785500017526,533.2849613482558,533.2849613475113,533.2849613478601,533.284961348606,-4.7073416184088135,1.0199706000001014,2.1056043064671352e-13,-9.987155109289557e-14,0.21788137937790283
8.132,zero_thrust,9.581411410269502e-15,2.0430821265637034e-14,6.745496870575323e-15,1.0,0.0,0.0,0.0,1.0,1.9162822820539278e-14,4.086164253127394e-14,1.3490993741151037e-14,0.0,0.0,0.0,8.900655998117531e-13,1.897564931990698e-12,2.984273444668044e-14,0.0,0.0,0.0,0.0,0.0,0.0,0.0,0.0,0.0,0.0,0.0,0.0,0.0,-5.758056512714034,1.0199706000001014,2.1246566257927946e-13,-1.007653577719336e-13,0.17803771501816756
8.15,zero_thrust,1.4414448445141403e-14,3.073435378904742e-14,6.8932260554517034e-15,1.0,0.0,0.0,0.0,1.0,2.882889689028323e-14,6.146870757809464e-14,1.3786452110904294e-14,0.0,0.0,0.0,9.715905637019252e-13,2.071324889508247e-12,2.94070562062962e-14,0.0,0.0,0.0,0.0,0.0,0.0,0.0,0.0,0.0,0.0,0.0,0.0,0.0,-4.701698417306996,1.0199706000001014,2.156653740705201e-13,-1.0226626038024815e-13,0.17041745844730607
8.16,zero_thrust,1.8700131730009793e-14,3.987061326230738e-14,7.039443103136794e-15,1.0,0.0,0.0,0.0,1.0,3.740026346002015e-14,7.974122652461449e-14,1.407888620627508e-14,0.0,0.0,0.0,7.380056818540553e-13,1.5732857677756368e-12,2.909059085817697e-14,0.0,0.0,0.0,0.0,0.0,0.0,0.0,0.0,0.0,0.0,0.0,0.0,0.0,-3.228721527522504,1.0199706000001014,2.2089651371715147e-13,-1.0471996627260666e-13,0.19704931876346013
8.17,zero_thrust,2.181329480252196e-14,4.650717542174005e-14,7.183914664727097e-15,1.0,0.0,0.0,0.0,1.0,4.362658960504459e-14,9.301435084347979e-14,1.4367829329456223e-14,0.0,0.0,0.0,5.874450086979003e-13,1.2522883713977466e-12,2.877828493658736e-14,0.0,0.0,0.0,0.0,0.0,0.0,0.0,0.0,0.0,0.0,0.0,0.0,0.0,-1.6764588310385153,1.0199706000001014,2.275893790054182e-13,-1.0785924637572292e-13,0.24237523831243357
8.18,zero_thrust,2.4734617071836344e-14,5.273474121972941e-14,7.32723318490876e-15,1.0,0.0,0.0,0.0,1.0,4.946923414367346e-14,1.0546948243945845e-13,1.465446636982013e-14,0.0,0.0,0.0,5.820652721594574e-13,1.240826053122799e-12,2.859630110436539e-14,0.0,0.0,0.0,0.0,0.0,0.0,0.0,0.0,0.0,0.0,0.0,0.0,0.0,-0.4384347297375726,1.0199706000001014,2.343469131287044e-13,-1.1102885580993094e-13,0.2875118550670946
8.19,attitude_only,2.7635310193659923e-14,5.891827808620583e-14,7.469690134801944e-15,1.0,0.0,0.0,0.0,1.0,5.5270620387320723e-14,1.1783655617241126e-13,1.4939380269607144e-14,0.0,0.0,0.0,5.787861292094538e-13,1.2338509786141034e-12,2.8412100761724023e-14,-7.083026669424644e-16,-1.510337981226269e-15,2.804678725457585e-19,0.034127142,0.034127142,0.008531785500006153,0.00853178549998296,0.008531785499993824,0.008531785500017064,533.2849613482506,533.2849613475257,533.2849613478653,533.2849613485917,2.594129824979718,1.0199706000001014,2.4110583317554367e-13,-1.141991154614701e-13,0.3316850191986429
8.2,attitude_only,3.051701066665854e-14,6.506144191365085e-14,7.611822641495553e-15,1.0,0.0,0.0,0.0,1.0,6.103402133331806e-14,1.3012288382730125e-13,1.5223645282995075e-14,0.0,0.0,0.0,5.718733737016015e-13,1.219118925204354e-12,2.84870774978989e-14,-7.057260940700576e-16,-1.504850706386613e-15,2.804678725457585e-19,0.034127142,0.034127142,0.00853178550000613,0.00853178549998302,0.008531785499993847,0.008531785500017002,533.2849613482499,533.2849613475277,533.284961347866,533.2849613485896,2.583587316498857,1.0199706000001014,2.4786577136962376e-13,-1.1736985226357682e-13,0.37488911300242356
8.21,attitude_only,3.3300074884506977e-14,7.099414234015776e-14,7.755273059907713e-15,1.0,0.0,0.0,0.0,1.0,6.660014976901505e-14,1.4198828468031502e-13,1.5510546119820153e-14,0.0,0.0,0.0,5.399073802830597e-13,1.1508462655615509e-12,2.890102172285593e-14,-6.727659757706389e-16,-1.4344319774708667e-15,2.804678725457585e-19,0.034127142,0.034127142,0.008531785500005842,0.008531785499983817,0.008531785499994135,0.008531785500016207,533.2849613482409,533.2849613475526,533.284961347875,533.2849613485648,2.9117957320109267,1.0199706000001014,2.5462733806842255e-13,-1.205413532728328e-13,0.4171354069430222
8.22,attitude_only,3.5850449758816394e-14,7.643023182422199e-14,7.900048965428686e-15,1.0,0.0,0.0,0.0,1.0,7.1700899517634e-14,1.5286046364844343e-13,1.5800097930862852e-14,0.0,0.0,0.0,4.824171080252183e-13,1.0282429975523897e-12,2.899527297986977e-14,-6.086018201414813e-16,-1.297590485835397e-15,2.804678725457585e-19,0.034127142,0.034127142,0.008531785500005284,0.00853178549998536,0.008531785499994693,0.008531785500014662,533.2849613482234,533.2849613476008,533.2849613478925,533.2849613485165,3.1556588346310406,1.0199706000001014,2.6139198920399085e-13,-1.2371430291429648e-13,0.4584465193941363
8.23,attitude_only,3.8062338430818056e-14,8.114466831769533e-14,8.044569008723636e-15,1.0,0.0,0.0,0.0,1.0,7.612467686163741e-14,1.6228933663539005e-13,1.608913801745345e-14,0.0,0.0,0.0,4.078560577333005e-13,8.692916330291906e-13,2.8769454581123427e-14,-5.232071203685129e-16,-1.1155417647378497e-15,2.804678725457585e-19,0.034127142,0.034127142,0.008531785500004541,0.008531785499987416,0.008531785499995436,0.008531785500012606,533.2849613482002,533.284961347665,533.2849613479157,533.2849613484523,3.332412505481331,1.0199706000001014,2.6816135695313216e-13,-1.2688946509762116e-13,0.4988407912829603
8.24,attitude_only,3.9876947770199823e-14,8.501186176079964e-14,8.188150354899523e-15,1.0,0.0,0.0,0.0,1.0,7.975389554040103e-14,1.7002372352159863e-13,1.6376300709805827e-14,0.0,0.0,0.0,3.2575195152479837e-13,6.941724783381872e-13,2.873189285804e-14,-4.2793971243355825e-16,-9.123405038920274e-16,2.804678725457585e-19,0.034127142,0.034127142,0.00853178550000371,0.00853178549998971,0.008531785499996265,0.008531785500010313,533.2849613481743,533.2849613477367,533.2849613479416,533.2849613483806,3.4557341209282355,1.0199706000001014,2.7493715083206444e-13,-1.300676423635092e-13,0.538330997110118
8.25,attitude_only,4.127926132671079e-14,8.799974267783135e-14,8.332123486143872e-15,1.0,0.0,0.0,0.0,1.0,8.255852265342305e-14,1.75999485355662e-13,1.6664246972295007e-14,0.0,0.0,0.0,2.440363065478921e-13,5.198934013378183e-13,2.8873299482072773e-14,-3.323213015267496e-16,-7.084045455049628e-16,2.804678725457585e-19,0.034127142,0.034127142,0.00853178550000288,0.008531785499992013,0.008531785499997098,0.00853178550000801,533.2849613481483,533.2849613478087,533.2849613479676,533.2849613483087,3.5364771958208157,1.0199706000001014,2.8172109509604006e-13,-1.3324964395030482e-13,0.5769254920640285
8.26,attitude_only,4.2288743318406054e-14,9.015003013901434e-14,8.476163859385277e-15,1.0,0.0,0.0,0.0,1.0,8.457748663681364e-14,1.8030006027802797e-13,1.6952327718778178e-14,0.0,0.0,0.0,1.6883480748685256e-13,3.5959845237779087e-13,2.858547430347012e-14,-2.4376785072837066e-16,-5.196465912767078e-16,2.804678725457585e-19,0.034127142,0.034127142,0.00853178550000211,0.008531785499994143,0.008531785499997868,0.008531785500005879,533.2849613481242,533.2849613478753,533.2849613479916,533.284961348242,3.5832632583423525,1.0199706000001014,2.885148766937375e-13,-1.3643626070418674e-13,0.6146295671483127
8.27,attitude_only,4.2947975435798723e-14,9.155407596078491e-14,8.619488247223155e-15,1.0,0.0,0.0,0.0,1.0,8.589595087159902e-14,1.831081519215691e-13,1.7238976494454174e-14,0.0,0.0,0.0,1.0326596841160882e-13,2.199110785330255e-13,2.877270970907063e-14,-1.6611790352219423e-16,-3.542208534483195e-16,2.804678725457585e-19,0.034127142,0.034127142,0.008531785500001434,0.008531785499996012,0.008531785499998543,0.00853178550000401,533.2849613481031,533.2849613479336,533.2849613480128,533.2849613481836,3.6029495372238847,1.0199706000001014,2.953200985617183e-13,-1.3962824276603146e-13,0.6514465136758121
8.28,attitude_only,4.3309983551872994e-14,9.232468051257922e-14,8.764571996649828e-15,1.0,0.0,0.0,0.0,1.0,8.66199671037476e-14,1.8464936102515768e-13,1.7529143993307653e-14,0.0,0.0,0.0,4.896475539891407e-14,1.041436189664516e-13,2.9276506617312304e-14,-1.0144609546094968e-16,-2.1634133815809534e-16,2.804678725457585e-19,0.034127142,0.034127142,0.00853178550000087,0.00853178549999757,0.008531785499999105,0.008531785500002454,533.2849613480855,533.2849613479823,533.2849613480303,533.284961348135,3.600996519313269,1.0199706000001014,3.0213817851086135e-13,-1.428262558385626e-13,0.6873783581525194
8.29,attitude_only,4.3433175365261576e-14,9.258575236035567e-14,8.911295631273174e-15,1.0,0.0,0.0,0.0,1.0,8.68663507305248e-14,1.8517150472071056e-13,1.7822591262554392e-14,0.0,0.0,0.0,6.581723011155114e-15,1.3639336997308642e-14,2.931368520923412e-14,-5.0652273825750484e-17,-1.0787259316509689e-16,2.804678725457585e-19,0.034127142,0.034127142,0.008531785500000428,0.008531785499998792,0.008531785499999549,0.00853178550000123,533.2849613480716,533.2849613480205,533.2849613480441,533.2849613480968,3.5817568691037582,1.0199706000001014,3.089703610640702e-13,-1.460308857217297e-13,0.722426340835182
8.3,attitude_only,4.337529335834242e-14,9.245977845009149e-14,9.057748813275058e-15,1.0,0.0,0.0,0.0,1.0,8.675058671668652e-14,1.849195569001822e-13,1.8115497626558137e-14,0.0,0.0,0.0,-2.4856135798626122e-14,-5.35878416138955e-14,2.940234339562447e-14,-1.2678281896026704e-17,-2.6664100415512896e-17,2.804678725457585e-19,0.034127142,0.034127142,0.008531785500000095,0.008531785499999708,0.00853178549999988,0.008531785500000314,533.2849613480613,533.2849613480491,533.2849613480545,533.2849613480681,3.5487030399373056,1.0199706000001014,3.1581770561474634e-13,-1.4924263163376281e-13,0.7565912180678962
8.31,attitude_only,4.318723900286463e-14,9.205515321599541e-14,9.205952684310256e-15,1.0,0.0,0.0,0.0,1.0,8.637447800573095e-14,1.8411030643199004e-13,1.8411905368628464e-14,0.0,0.0,0.0,-4.668881000896791e-14,-1.0038056544065909e-13,2.9873584935348824e-14,1.3987815256473113e-17,3.0490973831009976e-17,2.804678725457585e-19,0.034127142,0.034127142,0.008531785499999861,0.008531785500000354,0.008531785500000114,0.00853178549999967,533.2849613480539,533.2849613480694,533.2849613480619,533.284961348048,3.5785675882478536,1.0199706000001014,3.2268104474296605e-13,-1.5246188476119292e-13,0.7898734501013013
8.32,attitude_only,4.2851288737015077e-14,9.13336572789776e-14,9.385553830977958e-15,1.0,0.0,0.0,0.0,1.0,8.570257747403187e-14,1.8266731455795439e-13,1.8771107661963744e-14,0.0,0.0,0.0,-6.225048934215528e-14,-1.336015844857801e-13,2.996501580428642e-14,3.32843353497195e-17,7.169221253001295e-17,2.804678725457585e-19,0.034127142,0.034127142,0.008531785499999693,0.008531785500000819,0.008531785500000283,0.008531785499999205,533.2849613480487,533.2849613480839,533.2849613480671,533.2849613480334,3.451942553212589,1.0199706000001014,3.295610235523275e-13,-1.5568894692418868e-13,0.8222733166450911
8.33,attitude_only,4.258911938962433e-14,9.077136502697061e-14,9.505464603825423e-15,1.0,0.0,0.0,0.0,1.0,8.51782387792504e-14,1.8154273005394042e-13,1.9010929207658576e-14,0.0,0.0,0.0,-6.755798257108378e-14,-1.4482889237374111e-13,3.00662772339707e-14,4.032890705014451e-17,8.661327091930356e-17,2.804678725457585e-19,0.034127142,0.034127142,0.008531785499999632,0.008531785500000987,0.008531785500000343,0.008531785499999035,533.2849613480467,533.2849613480892,533.284961348069,533.2849613480281,3.3919074607765953,1.0199706000001014,3.364581190290651e-13,-1.5892403955493745e-13,0.8537909875554166
8.34,attitude_only,4.2243335283374606e-14,9.003091294887009e-14,9.655672548793495e-15,1.0,0.0,0.0,0.0,1.0,8.448667056675095e-14,1.8006182589773937e-13,1.93113450975946e-14,0.0,0.0,0.0,-6.984520886928696e-14,-1.4944231527641372e-13,2.997325626848673e-14,4.377203069668118e-17,9.36438015552748e-17,2.804678725457585e-19,0.034127142,0.034127142,0.008531785499999604,0.008531785500001068,0.008531785500000371,0.008531785499998955,533.284961348046,533.2849613480917,533.2849613480698,533.2849613480257,3.3262375361161416,1.0199706000001014,3.4337264853154514e-13,-1.6216730911655664e-13,0.8844265659301592
8.35,attitude_only,4.189623940042133e-14,8.928869755930275e-14,9.806639620348008e-15,1.0,0.0,0.0,0.0,1.0,8.379247880084442e-14,1.7857739511860467e-13,1.9613279240703497e-14,0.0,0.0,0.0,-6.864484312269e-14,-1.4674012924584406e-13,3.03794252046224e-14,4.301804023199172e-17,9.18685796110496e-17,2.804678725457585e-19,0.034127142,0.034127142,0.008531785499999613,0.008531785500001048,0.008531785500000364,0.008531785499998975,533.2849613480462,533.2849613480911,533.2849613480696,533.2849613480263,3.2560609968678373,1.0199706000001014,3.503047955509809e-13,-1.6541884138412429e-13,0.9141801143289048
8.36,attitude_only,4.156169329066181e-14,8.857386271517184e-14,9.95913771478467e-15,1.0,0.0,0.0,0.0,1.0,8.312338658132538e-14,1.7714772543034284e-13,1.9918275429576702e-14,0.0,0.0,0.0,-6.523778546741707e-14,-1.3932733068580125e-13,3.073714815330035e-14,3.9581948900338364e-17,8.436649464585622e-17,2.804678725457585e-19,0.034127142,0.034127142,0.008531785499999644,0.008531785500000964,0.008531785500000333,0.00853178549999906,533.2849613480472,533.2849613480885,533.2849613480687,533.2849613480289,3.182279925038184,1.0199706000001014,3.5725463339526895e-13,-1.6867867249668056e-13,0.9430516707060999
8.37,attitude_only,4.1248146985455525e-14,8.790448846834491e-14,1.0112987528212628e-14,1.0,0.0,0.0,0.0,1.0,8.249629397091283e-14,1.75808976936689e-13,2.0225975056432507e-14,0.0,0.0,0.0,-6.050777978694868e-14,-1.2915661882961012e-13,3.0683190616689925e-14,3.4511019881645775e-17,7.345320660672293e-17,2.804678725457585e-19,0.034127142,0.034127142,0.00853178549999969,0.008531785500000841,0.008531785500000288,0.008531785499999181,533.2849613480486,533.2849613480846,533.2849613480673,533.2849613480327,3.105615687628653,1.0199706000001014,3.642221581288919e-13,-1.7194680043702226e-13,0.9710412580860095
8.38,attitude_only,4.096009275268024e-14,8.728946386521557e-14,1.026669395620755e-14,1.0,0.0,0.0,0.0,1.0,8.192018550536227e-14,1.7457892773043032e-13,2.053338791242225e-14,0.0,0.0,0.0,-5.522003447733198e-14,-1.1790578306904233e-13,3.089049032423936e-14,2.871792585487913e-17,6.11312615247322e-17,2.804678725457585e-19,0.034127142,0.034127142,0.00853178549999974,0.008531785500000702,0.008531785500000237,0.008531785499999322,533.2849613480502,533.2849613480803,533.2849613480657,533.2849613480371,3.0266451970813164,1.0199706000001014,3.712073077771122e-13,-1.7522319839973375e-13,0.9981488904349286
8.39,attitude_only,4.0698732991669377e-14,8.673129699217266e-14,1.042096292496933e-14,1.0,0.0,0.0,0.0,1.0,8.139746598334056e-14,1.7346259398434446e-13,2.0841925849945718e-14,0.0,0.0,0.0,-4.98882925477735e-14,-1.065808298536609e-13,3.0814452496276065e-14,2.2818718464886684e-17,4.860712596481106e-17,2.804678725457585e-19,0.034127142,0.034127142,0.00853178549999979,0.00853178550000056,0.008531785500000187,0.008531785499999462,533.2849613480518,533.2849613480759,533.2849613480641,533.2849613480415,2.9458298734534507,1.0199706000001014,3.7820998310400937e-13,-1.7850782024583133e-13,1.024374576224348
8.4,attitude_only,4.0463108855477445e-14,8.622789183868996e-14,1.0574550952186848e-14,1.0,0.0,0.0,0.0,1.0,8.092621771095671e-14,1.7245578367737907e-13,2.1149101904380672e-14,0.0,0.0,0.0,-4.495044650176975e-14,-9.603859603475675e-14,3.0777970948644904e-14,1.7342807674699874e-17,3.691683134247362e-17,2.804678725457585e-19,0.034127142,0.034127142,0.008531785499999838,0.008531785500000428,0.008531785500000139,0.008531785499999594,533.2849613480532,533.2849613480716,533.2849613480627,533.2849613480456,2.863538786129256,1.0199706000001014,3.852300628071079e-13,-1.8180060946035923e-13,1.0497183205926721
8.41,attitude_only,4.025068148527453e-14,8.577379924842957e-14,1.0729522558889776e-14,1.0,0.0,0.0,0.0,1.0,8.05013629705509e-14,1.7154759849685827e-13,2.1459045117786455e-14,0.0,0.0,0.0,-4.057701533483133e-14,-8.678899676231761e-14,3.1186417358907515e-14,1.2500460427722081e-17,2.6685202183169804e-17,2.804678725457585e-19,0.034127142,0.034127142,0.008531785499999878,0.008531785500000312,0.008531785500000097,0.00853178549999971,533.2849613480545,533.2849613480681,533.2849613480613,533.2849613480493,2.780067150181365,1.0199706000001014,3.92267411458223e-13,-1.851015024975152e-13,1.0741801266565696
8.42,attitude_only,4.005814008092433e-14,8.536165098509391e-14,1.0885948435244487e-14,1.0,0.0,0.0,0.0,1.0,8.011628016185052e-14,1.7072330197018694e-13,2.177189687049581e-14,0.0,0.0,0.0,-3.6935148322704866e-14,-7.911204047290046e-14,3.147083149800888e-14,8.499571496397363e-18,1.8263975040598208e-17,2.804678725457585e-19,0.034127142,0.034127142,0.008531785499999913,0.008531785500000217,0.008531785500000064,0.008531785499999806,533.2849613480556,533.284961348065,533.2849613480603,533.2849613480522,2.695651113142123,1.0199706000001014,3.993218890333809e-13,-1.8841043492468358e-13,1.0977599963064206
8.43,attitude_only,3.9881711517793995e-14,8.498370099054713e-14,1.1042987970085575e-14,1.0,0.0,0.0,0.0,1.0,7.976342303558987e-14,1.6996740198109337e-13,2.2085975940177928e-14,0.0,0.0,0.0,-3.403155769858653e-14,-7.292018430102138e-14,3.132630517883729e-14,5.35557832444121e-18,1.1562949477353528e-17,2.804678725457585e-19,0.034127142,0.034127142,0.00853178549999994,0.008531785500000142,0.008531785500000036,0.008531785499999882,533.2849613480564,533.2849613480627,533.2849613480595,533.2849613480546,2.610479578161439,1.0199706000001014,4.0639335984429496e-13,-1.917273424376152e-13,1.1204579306888072
8.44,attitude_only,3.971810724848865e-14,8.463291044680253e-14,1.1198543969138158e-14,1.0,0.0,0.0,0.0,1.0,7.943621449697919e-14,1.6926582089360418e-13,2.239708793828304e-14,0.0,0.0,0.0,-3.1733126529340637e-14,-6.811258440956212e-14,3.1064314557212274e-14,2.9147921866395384e-18,6.4749554516980244e-18,2.804678725457585e-19,0.034127142,0.034127142,0.00853178549999996,0.008531785500000083,0.008531785500000015,0.008531785499999939,533.2849613480571,533.2849613480608,533.2849613480588,533.2849613480564,2.5247036587364358,1.0199706000001014,4.134816998635336e-13,-1.9505216681841677e-13,1.142273930499171
8.45,attitude_only,3.956435224270957e-14,8.430272959388354e-14,1.1354148844305557e-14,1.0,0.0,0.0,0.0,1.0,7.912870448542106e-14,1.6860545918776618e-13,2.2708297688617784e-14,0.0,0.0,0.0,-3.004102129051194e-14,-6.450441729295493e-14,3.1289854017587634e-14,1.1846761129502189e-18,2.790199084698909e-18,2.804678725457585e-19,0.034127142,0.034127142,0.008531785499999976,0.008531785500000041,0.0085317855,0.00853178549999998,533.2849613480575,533.2849613480596,533.2849613480583,533.2849613480577,2.4384442401921174,1.0199706000001014,4.2058679359153e-13,-1.983848550553785e-13,1.163207996159319
8.46,attitude_only,3.941757600999161e-14,8.398781693326758e-14,1.151128172654476e-14,1.0,0.0,0.0,0.0,1.0,7.883515201998515e-14,1.6797563386653425e-13,2.302256345309614e-14,0.0,0.0,0.0,-2.887441444585844e-14,-6.186902733779304e-14,3.139491425885969e-14,7.349204382464652e-20,2.464214118826838e-19,2.804678725457585e-19,0.034127142,0.034127142,0.008531785499999986,0.008531785500000014,0.00853178549999999,0.008531785500000008,533.2849613480579,533.2849613480587,533.284961348058,533.2849613480586,2.351798027469072,1.0199706000001014,4.2770853793724646e-13,-2.0172535655645503e-13,1.183260127925091
8.47,attitude_only,3.927548460909406e-14,8.368373123215747e-14,1.1668822968244383e-14,1.0,0.0,0.0,0.0,1.0,7.855096921819008e-14,1.6736746246431402e-13,2.333764593649534e-14,0.0,0.0,0.0,-2.810440043575717e-14,-6.008036093001646e-14,3.164126269812832e-14,-5.694807639393136e-19,-1.2991746681490617e-18,2.804678725457585e-19,0.034127142,0.034127142,0.008531785499999993,0.008531785499999996,0.008531785499999982,0.008531785500000026,533.2849613480581,533.2849613480582,533.2849613480578,533.2849613480591,2.2648423825066866,1.0199706000001014,4.348468395092361e-13,-2.0507362599337066e-13,1.202430325951662
8.48,attitude_only,3.913617937425807e-14,8.338645957122622e-14,1.182701596904144e-14,1.0,0.0,0.0,0.0,1.0,7.827235874851811e-14,1.667729191424515e-13,2.3654031938089406e-14,0.0,0.0,0.0,-2.7695164250317065e-14,-5.902696480772009e-14,3.160807991491778e-14,-7.836125439642724e-19,-1.972980366827523e-18,2.804678725457585e-19,0.034127142,0.034127142,0.008531785499999998,0.008531785499999991,0.008531785499999979,0.008531785500000033,533.2849613480582,533.284961348058,533.2849613480577,533.2849613480594,2.1776391936351196,1.0199706000001014,4.420016101468647e-13,-2.08429622070573e-13,1.22071859033315
8.49,attitude_only,3.8998369820587434e-14,8.309300078328301e-14,1.1985404001231423e-14,1.0,0.0,0.0,0.0,1.0,7.799673964117686e-14,1.6618600156656508e-13,2.3970808002469328e-14,0.0,0.0,0.0,-2.7467936149903465e-14,-5.84747008596394e-14,3.1779597072713855e-14,-7.816069029615608e-19,-2.0509500959279565e-18,2.804678725457585e-19,0.034127142,0.034127142,0.008531785499999998,0.00853178549999999,0.008531785499999979,0.008531785500000033,533.2849613480582,533.284961348058,533.2849613480577,533.2849613480594,2.0902379707779204,1.0199706000001014,4.4917276971677974e-13,-2.1179330781246664e-13,1.238124921126641
8.5,attitude_only,3.8861299010177995e-14,8.280152758327534e-14,1.2144323029103353e-14,1.0,0.0,0.0,0.0,1.0,7.7722598020358e-14,1.6560305516654975e-13,2.4288646058213142e-14,0.0,0.0,0.0,-2.7365116423273848e-14,-5.819540129430466e-14,3.180855715530573e-14,-6.313394106843724e-19,-1.8041555613866174e-18,2.804678725457585e-19,0.034127142,0.034127142,0.008531785499999996,0.008531785499999993,0.008531785499999979,0.008531785500000031,533.2849613480582,533.2849613480581,533.2849613480577,533.2849613480593,2.002678321424697,1.0199706000001014,4.563602470820244e-13,-2.1516465069404626e-13,1.2546493183667586
8.51,attitude_only,3.872445775420266e-14,8.251083596584262e-14,1.2303640900088264e-14,1.0,0.0,0.0,0.0,1.0,7.744891550840735e-14,1.6502167193168428e-13,2.4607281800182917e-14,0.0,0.0,0.0,-2.7385989480266017e-14,-5.810212027545926e-14,3.183497954895079e-14,-3.3243184749111705e-19,-1.335071581246528e-18,2.804678725457585e-19,0.034127142,0.034127142,0.008531785499999996,0.008531785499999998,0.00853178549999998,0.008531785500000024,533.2849613480582,533.2849613480582,533.2849613480577,533.284961348059,1.9149919312946826,1.0199706000001014,4.635639763555476e-13,-2.1854362027231453e-13,1.2702917820745045
8.52,attitude_only,3.8587219444856914e-14,8.222026871632823e-14,1.246268944643543e-14,1.0,0.0,0.0,0.0,1.0,7.717443888971587e-14,1.644405374326555e-13,2.4925378892877204e-14,0.0,0.0,0.0,-2.748642397014925e-14,-5.813951176677048e-14,3.1846683360832774e-14,6.295378007024932e-20,-7.0880667400536185e-19,2.804678725457585e-19,0.034127142,0.034127142,0.008531785499999995,0.008531785500000007,0.008531785499999982,0.008531785500000017,533.2849613480581,533.2849613480586,533.2849613480578,533.2849613480588,1.8272041487979607,1.0199706000001014,4.707838957440757e-13,-2.2193018518778258e-13,1.285052312262615
8.53,attitude_only,3.8449405878626084e-14,8.19294138029124e-14,1.2622620402166367e-14,1.0,0.0,0.0,0.0,1.0,7.689881175725424e-14,1.6385882760582383e-13,2.5245240804339036e-14,0.0,0.0,0.0,-2.7616959897445645e-14,-5.82094148303659e-14,3.214984552422128e-14,4.957664918003751e-19,-4.2828849387210046e-20,2.804678725457585e-19,0.034127142,0.034127142,0.008531785499999993,0.008531785500000015,0.008531785499999984,0.008531785500000008,533.2849613480581,533.2849613480588,533.2849613480578,533.2849613480586,1.7393352525624024,1.0199706000001014,4.780199450478596e-13,-2.2532431712143494e-13,1.2989309089388164
8.54,attitude_only,3.831102588883754e-14,8.163813494595965e-14,1.278444059433561e-14,1.0,0.0,0.0,0.0,1.0,7.662205177767716e-14,1.6327626989191832e-13,2.5568881188677474e-14,0.0,0.0,0.0,-2.7707288056831807e-14,-5.829631786207797e-14,3.2555499764098105e-14,8.81233163632079e-19,6.444179672880336e-19,2.804678725457585e-19,0.034127142,0.034127142,0.00853178549999999,0.008531785500000022,0.008531785499999986,0.0085317855,533.284961348058,533.284961348059,533.2849613480579,533.2849613480583,1.6514014654294407,1.0199706000001014,4.852720662244019e-13,-2.287259888721041e-13,1.3119275721077943
8.55,attitude_only,3.8172345074140585e-14,8.13465200359706e-14,1.2947596589074606e-14,1.0,0.0,0.0,0.0,1.0,7.634469014828328e-14,1.6269304007194022e-13,2.5895193178155422e-14,0.0,0.0,0.0,-2.7765721458066967e-14,-5.835438406325509e-14,3.2692788595518286e-14,1.2290104596949829e-18,1.2976412493332248e-18,2.804678725457585e-19,0.034127142,0.034127142,0.008531785499999988,0.008531785500000031,0.00853178549999999,0.008531785499999993,533.2849613480579,533.2849613480593,533.284961348058,533.2849613480581,1.5634157656354917,1.0199706000001014,4.925402026070316e-13,-2.3213517518809014e-13,1.324042301772391
8.56,attitude_only,3.80333722603902e-14,8.10546004861568e-14,1.3111189806870171e-14,1.0,0.0,0.0,0.0,1.0,7.606674452078252e-14,1.6210920097231259e-13,2.622237961374651e-14,0.0,0.0,0.0,-2.781048949738015e-14,-5.839204560386128e-14,3.268422136635202e-14,1.5608370018445978e-18,1.9267555540992587e-18,2.804678725457585e-19,0.034127142,0.034127142,0.008531785499999986,0.008531785500000038,0.008531785499999991,0.008531785499999984,533.2849613480579,533.2849613480595,533.284961348058,533.2849613480578,1.4753885357471863,1.0199706000001014,4.99824297253502e-13,-2.355518489994646e-13,1.3352750979343304
8.57,attitude_only,3.7894503477578456e-14,8.076272433507558e-14,1.3274911771644881e-14,1.0,0.0,0.0,0.0,1.0,7.578900695515906e-14,1.6152544867015014e-13,2.6549823543295884e-14,0.0,0.0,0.0,-2.7734841543636464e-14,-5.833336533510707e-14,3.280628407980314e-14,1.7474078727885365e-18,2.439672884945269e-18,2.804678725457585e-19,0.034127142,0.034127142,0.008531785499999982,0.008531785500000043,0.008531785499999993,0.008531785499999979,533.2849613480578,533.2849613480597,533.2849613480581,533.2849613480577,1.3873280818043208,1.0199706000001014,5.071242950737871e-13,-2.389759854424973e-13,1.3456259605946588
8.58,attitude_only,3.775634066662216e-14,8.047147353564739e-14,1.3439665250092061e-14,1.0,0.0,0.0,0.0,1.0,7.551268133324648e-14,1.6094294707129376e-13,2.68793305001902e-14,0.0,0.0,0.0,-2.7534309334610816e-14,-5.816260575804451e-14,3.321828253439035e-14,1.7821123153038514e-18,2.8163874500506084e-18,2.804678725457585e-19,0.034127142,0.034127142,0.00853178549999998,0.008531785500000047,0.008531785499999996,0.008531785499999976,533.2849613480577,533.2849613480598,533.2849613480582,533.2849613480575,1.2992410486304682,1.0199706000001014,5.144401428179119e-13,-2.4240756145309735e-13,1.3550948897540092
8.59,attitude_only,3.761934044472132e-14,8.018137115704448e-14,1.3606135047024669e-14,1.0,0.0,0.0,0.0,1.0,7.523868088944482e-14,1.6036274231408792e-13,2.721227009405537e-14,0.0,0.0,0.0,-2.7275856754010886e-14,-5.790045882150555e-14,3.336902110349825e-14,1.744727786124039e-18,3.080815714418906e-18,2.804678725457585e-19,0.034127142,0.034127142,0.008531785499999977,0.008531785500000048,0.008531785499999998,0.008531785499999974,533.2849613480575,533.2849613480598,533.2849613480582,533.2849613480574,1.2111327520795223,1.0199706000001014,5.217717870637393e-13,-2.4584655333049686e-13,1.3636818854127664
8.6,attitude_only,3.7483911043834474e-14,7.989274507212134e-14,1.3773777214448182e-14,1.0,0.0,0.0,0.0,1.0,7.496782208767114e-14,1.5978549014424165e-13,2.7547554428902354e-14,0.0,0.0,0.0,-2.6921675142343228e-14,-5.757251494969153e-14,3.367399009841847e-14,1.5889266035462763e-18,3.263008217738997e-18,2.804678725457585e-19,0.034127142,0.034127142,0.008531785499999976,0.008531785500000048,0.008531785500000002,0.008531785499999974,533.2849613480575,533.2849613480598,533.2849613480583,533.2849613480574,1.1230074448315779,1.0199706000001014,5.291191732609607e-13,-2.492929368925392e-13,1.3713869475711642
8.61,attitude_only,3.735018336348052e-14,7.960592997471657e-14,1.3942034608398669e-14,1.0,0.0,0.0,0.0,1.0,7.470036672696327e-14,1.592118599494321e-13,2.7884069216803286e-14,0.0,0.0,0.0,-2.661807551643675e-14,-5.716764426037159e-14,3.3621805115856716e-14,1.4907878076228617e-18,3.3488398331587727e-18,2.804678725457585e-19,0.034127142,0.034127142,0.008531785499999974,0.008531785500000048,0.008531785500000002,0.008531785499999974,533.2849613480574,533.2849613480598,533.2849613480583,533.2849613480574,1.0348685290288635,1.0199706000001014,5.364822470618198e-13,-2.5274668696527435e-13,1.378210076229344
8.62,attitude_only,3.7217893037404716e-14,7.932139539660511e-14,1.4109695828767656e-14,1.0,0.0,0.0,0.0,1.0,7.443578607481167e-14,1.5864279079320917e-13,2.8219391657541216e-14,0.0,0.0,0.0,-2.6342658037981235e-14,-5.6689930855340476e-14,3.346662051962778e-14,1.4237134138560486e-18,3.3424830556748225e-18,2.804678725457585e-19,0.034127142,0.034127142,0.008531785499999974,0.008531785500000048,0.008531785500000003,0.008531785499999976,533.2849613480574,533.2849613480598,533.2849613480585,533.2849613480575,0.9467187263840173,1.0199706000001014,5.438609554615093e-13,-2.562077753688339e-13,1.3841512713873914
8.63,attitude_only,3.708687370395247e-14,7.903940666423695e-14,1.427719939790821e-14,1.0,0.0,0.0,0.0,1.0,7.41737474079072e-14,1.5807881332847284e-13,2.855439879582228e-14,0.0,0.0,0.0,-2.6082911937730615e-14,-5.614656589399875e-14,3.3507761490530845e-14,1.3728472129326569e-18,3.2519107610048263e-18,2.804678725457585e-19,0.034127142,0.034127142,0.008531785499999974,0.008531785500000047,0.008531785500000003,0.008531785499999976,533.2849613480574,533.2849613480598,533.2849613480585,533.2849613480575,0.8585602142665605,1.0199706000001014,5.512552444797295e-13,-2.59676174925774e-13,1.3892105330453586
8.64,attitude_only,3.6957153948924786e-14,7.876011144163292e-14,1.444502991240657e-14,1.0,0.0,0.0,0.0,1.0,7.391430789785184e-14,1.5752022288326478e-13,2.889005982481896e-14,0.0,0.0,0.0,-2.583485520100451e-14,-5.5617929176799084e-14,3.361358301124149e-14,1.3335276808713668e-18,3.173725992133208e-18,2.804678725457585e-19,0.034127142,0.034127142,0.008531785499999974,0.008531785500000047,0.008531785500000002,0.008531785499999977,533.2849613480574,533.2849613480598,533.2849613480583,533.2849613480575,0.7703947345716156,1.0199706000001014,5.586650600664337e-13,-2.6315186010009854e-13,1.3933878612032768
8.65,attitude_only,3.682869494098454e-14,7.848344234914159e-14,1.4613392199079142e-14,1.0,0.0,0.0,0.0,1.0,7.365738988197138e-14,1.569668846982821e-13,2.9226784398164065e-14,0.0,0.0,0.0,-2.5569538651471842e-14,-5.510214611056383e-14,3.371965830058448e-14,1.270843207946884e-18,3.105807773756532e-18,2.804678725457585e-19,0.034127142,0.034127142,0.008531785499999974,0.008531785500000045,0.008531785500000002,0.008531785499999977,533.2849613480574,533.2849613480597,533.2849613480583,533.2849613480575,0.6822236808150711,1.0199706000001014,5.660903469137399e-13,-2.6663480505311923e-13,1.3966832558611657
8.66,attitude_only,3.6701498094421815e-14,7.820949679866371e-14,1.4782061002734406e-14,1.0,0.0,0.0,0.0,1.0,7.340299618884594e-14,1.5641899359732634e-13,2.9564122005474554e-14,0.0,0.0,0.0,-2.5337284769434264e-14,-5.45362678472134e-14,3.3748872145648584e-14,1.2455113971961227e-18,2.972116536208144e-18,2.804678725457585e-19,0.034127142,0.034127142,0.008531785499999976,0.008531785500000043,0.008531785500000002,0.008531785499999979,533.2849613480575,533.2849613480597,533.2849613480583,533.2849613480577,0.5940481678094779,1.0199706000001014,5.735310511665889e-13,-2.7012498474932726e-13,1.3990967170190367
8.67,attitude_only,3.657534121689598e-14,7.793834879802197e-14,1.4950896923185646e-14,1.0,0.0,0.0,0.0,1.0,7.31506824337943e-14,1.5587669759604285e-13,2.990179384637699e-14,0.0,0.0,0.0,-2.5142028065237085e-14,-5.397989641082733e-14,3.370147831506786e-14,1.2626236328118807e-18,2.8442697766531233e-18,2.804678725457585e-19,0.034127142,0.034127142,0.008531785499999976,0.008531785500000043,0.0085317855,0.00853178549999998,533.2849613480575,533.2849613480597,533.2849613480583,533.2849613480577,0.5058690874048012,1.0199706000001014,5.80987119763541e-13,-2.7362237268179196e-13,1.4006282446768976
8.68,attitude_only,3.645018153100886e-14,7.767015256489916e-14,1.5119630295730265e-14,1.0,0.0,0.0,0.0,1.0,7.290036306202007e-14,1.5534030512979722e-13,3.023926059146619e-14,0.0,0.0,0.0,-2.4950740229837095e-14,-5.3368879373652927e-14,3.3783445584103096e-14,1.2825856326302593e-18,2.644738125780358e-18,2.804678725457585e-19,0.034127142,0.034127142,0.008531785499999977,0.008531785500000041,0.008531785499999998,0.00853178549999998,533.2849613480575,533.2849613480596,533.2849613480582,533.2849613480577,0.41768715308091536,1.0199706000001014,5.884585003200532e-13,-2.7712694367511133e-13,1.4012778388347513
8.69,attitude_only,3.632595250059425e-14,7.740484969440379e-14,1.528932052829052e-14,1.0,0.0,0.0,0.0,1.0,7.265190500119087e-14,1.5480969938880648e-13,3.0578641056586664e-14,0.0,0.0,0.0,-2.4754291897688987e-14,-5.2810528943819065e-14,3.415915512397892e-14,1.2943905530294124e-18,2.5028228994179033e-18,2.804678725457585e-19,0.034127142,0.034127142,0.008531785499999979,0.008531785500000041,0.008531785499999998,0.008531785499999982,533.2849613480577,533.2849613480596,533.2849613480582,533.2849613480578,0.3295029356217244,1.0199706000001014,5.959451401406067e-13,-2.806386726671915e-13,1.401045499492601
8.7,attitude_only,3.6202965906496155e-14,7.714218287398926e-14,1.5460876158259238e-14,1.0,0.0,0.0,0.0,1.0,7.24059318129947e-14,1.542843657479774e-13,3.092175231652406e-14,0.0,0.0,0.0,-2.4469327871476572e-14,-5.231212847592743e-14,3.44252975177489e-14,1.1971270002892796e-18,2.42786362270721e-18,2.804678725457585e-19,0.034127142,0.034127142,0.008531785499999979,0.00853178550000004,0.008531785499999998,0.008531785499999984,533.2849613480577,533.2849613480596,533.2849613480582,533.2849613480578,0.24131689165432044,1.0199706000001014,6.034469853681988e-13,-2.84157537156805e-13,1.399931226650448
8.71,attitude_only,3.608143207626381e-14,7.688194575537341e-14,1.5634073133307882e-14,1.0,0.0,0.0,0.0,1.0,7.216286415253002e-14,1.537638915107457e-13,3.126814626662131e-14,0.0,0.0,0.0,-2.4162849621585146e-14,-5.1856486336348e-14,3.471174140230071e-14,1.0709815966354537e-18,2.399657918575463e-18,2.804678725457585e-19,0.034127142,0.034127142,0.008531785499999977,0.008531785500000038,0.008531785499999998,0.008531785499999984,533.2849613480575,533.2849613480595,533.2849613480582,533.2849613480578,0.15312938648037538,1.0199706000001014,6.109639829384213e-13,-2.876835146931031e-13,1.3979350203082936
8.72,attitude_only,3.5961506240645786e-14,7.662381256388347e-14,1.5807880975138544e-14,1.0,0.0,0.0,0.0,1.0,7.1923012481294e-14,1.532476251277658e-13,3.16157619502826e-14,0.0,0.0,0.0,-2.3835615577677328e-14,-5.1451552411737514e-14,3.485461314368483e-14,9.166568997228383e-19,2.428252733160244e-18,2.804678725457585e-19,0.034127142,0.034127142,0.008531785499999977,0.008531785500000038,0.0085317855,0.008531785499999986,533.2849613480575,533.2849613480595,533.2849613480583,533.2849613480579,0.06494071234119657,1.0199706000001014,6.184960795215825e-13,-2.912165824942048e-13,1.3950568804661385
8.73,attitude_only,3.584319093074161e-14,7.636774462491872e-14,1.598170725072117e-14,1.0,0.0,0.0,0.0,1.0,7.168638186148566e-14,1.527354892498363e-13,3.196341450144781e-14,0.0,0.0,0.0,-2.353897720922701e-14,-5.1030943926466304e-14,3.46991747788042e-14,7.960806296747207e-19,2.4338319900994504e-18,2.804678725457585e-19,0.034127142,0.034127142,0.008531785499999976,0.008531785500000036,0.008531785500000002,0.008531785499999986,533.2849613480575,533.2849613480595,533.2849613480583,533.2849613480579,-0.023248896970157702,1.0199706000001014,6.260432239492067e-13,-2.9475671720283225e-13,1.3912968071239828
8.74,attitude_only,3.572620784439919e-14,7.611391323868105e-14,1.6154880716638576e-14,1.0,0.0,0.0,0.0,1.0,7.145241568880084e-14,1.5222782647736094e-13,3.230976143328259e-14,0.0,0.0,0.0,-2.3289485255410927e-14,-5.0555292168406547e-14,3.4658125164091365e-14,7.295851376495249e-19,2.3686028021117936e-18,2.804678725457585e-19,0.034127142,0.034127142,0.008531785499999976,0.008531785500000034,0.008531785500000002,0.008531785499999988,533.2849613480575,533.2849613480594,533.2849613480583,533.2849613480579,-0.1114392544192479,1.0199706000001014,6.336053670129283e-13,-2.983038937006814e-13,1.3866548002818269
8.75,attitude_only,3.5610344509938275e-14,7.58623092773711e-14,1.6327624552255106e-14,1.0,0.0,0.0,0.0,1.0,7.122068901987902e-14,1.5172461855474105e-13,3.2655249104515613e-14,0.0,0.0,0.0,-2.3083927756250106e-14,-5.0139172864130023e-14,3.4527779441995245e-14,7.137554162190362e-19,2.370651365621243e-18,2.804678725457585e-19,0.034127142,0.034127142,0.008531785499999976,0.008531785500000034,0.008531785500000002,0.008531785499999988,533.2849613480575,533.2849613480594,533.2849613480583,533.2849613480579,-0.19963021037852685,1.0199706000001014,6.411824592178255e-13,-3.018580875276162e-13,1.3811308599396706
8.76,attitude_only,3.5495385025766896e-14,7.561275863303287e-14,1.6499680608888976e-14,1.0,0.0,0.0,0.0,1.0,7.099077005153629e-14,1.5122551726606458e-13,3.299936121778332e-14,0.0,0.0,0.0,-2.291577302878685e-14,-4.97242189791677e-14,3.4300017016199145e-14,7.411274735509894e-19,2.3699488934581263e-18,2.804678725457585e-19,0.034127142,0.034127142,0.008531785499999976,0.008531785500000036,0.0085317855,0.008531785499999988,533.2849613480575,533.2849613480595,533.2849613480583,533.2849613480579,-0.2878216451459524,1.0199706000001014,6.487744497576955e-13,-3.054192744114058e-13,1.3747249860975141
8.77,attitude_only,3.538105144251339e-14,7.536522191719239e-14,1.6670985921466697e-14,1.0,0.0,0.0,0.0,1.0,7.076210288502929e-14,1.507304438343836e-13,3.3341971842938726e-14,0.0,0.0,0.0,-2.2823043291952018e-14,-4.931059321879887e-14,3.433351447598954e-14,8.580822222687087e-19,2.366703913203517e-18,2.804678725457585e-19,0.034127142,0.034127142,0.008531785499999977,0.008531785500000036,0.0085317855,0.008531785499999986,533.2849613480575,533.2849613480595,533.2849613480583,533.2849613480579,-0.37601346295989957,1.0199706000001014,6.563812893725507e-13,-3.089874299841128e-13,1.3674371787553574
8.78,attitude_only,3.526719100410698e-14,7.511992326613936e-14,1.6843323975957932e-14,1.0,0.0,0.0,0.0,1.0,7.053438200821648e-14,1.5023984653227754e-13,3.3686647951921165e-14,0.0,0.0,0.0,-2.2710129514694343e-14,-4.8833524352237553e-14,3.445706934906968e-14,9.496869847064359e-19,2.2825565168522978e-18,2.804678725457585e-19,0.034127142,0.034127142,0.008531785499999977,0.008531785500000036,0.008531785499999998,0.008531785499999986,533.2849613480575,533.2849613480595,533.2849613480582,533.2849613480579,-0.4642055872110464,1.0199706000001014,6.640029308085287e-13,-3.125625304135696e-13,1.3592674379132013
8.79,attitude_only,3.515400691592795e-14,7.487713166366209e-14,1.7016667284143896e-14,1.0,0.0,0.0,0.0,1.0,7.030801383185845e-14,1.49754263327323e-13,3.4033334568293055e-14,0.0,0.0,0.0,-2.255774154452026e-14,-4.835133283279071e-14,3.4881725783397795e-14,9.92398835942736e-19,2.1874400218439746e-18,2.804678725457585e-19,0.034127142,0.034127142,0.008531785499999979,0.008531785500000036,0.008531785499999998,0.008531785499999988,533.2849613480577,533.2849613480595,533.2849613480582,533.2849613480579,-0.5523979566119385,1.0199706000001014,6.716393279866805e-13,-3.1614455470686524e-13,1.3502157635710448
8.8,attitude_only,3.5041822520567035e-14,7.463619994317378e-14,1.7191839797255796e-14,1.0,0.0,0.0,0.0,1.0,7.008364504113663e-14,1.4927239988634635e-13,3.4383679594516825e-14,0.0,0.0,0.0,-2.232702818187767e-14,-4.8049943970767565e-14,3.519453115390573e-14,9.388130825904347e-19,2.306272827123953e-18,2.804678725457585e-19,0.034127142,0.034127142,0.008531785499999977,0.008531785500000036,0.008531785499999998,0.008531785499999986,533.2849613480575,533.2849613480595,533.2849613480582,533.2849613480579,-0.6405905221326911,1.0199706000001014,6.792904293764873e-13,-3.1973348276832897e-13,1.340282155728888
8.81,attitude_only,3.493081537792755e-14,7.439693858837442e-14,1.7367856461581364e-14,1.0,0.0,0.0,0.0,1.0,6.986163075585769e-14,1.4879387717674762e-13,3.473571292316793e-14,0.0,0.0,0.0,-2.2088097929619385e-14,-4.7699496785575436e-14,3.530111398051794e-14,8.729777591766814e-19,2.362731172749142e-18,2.804678725457585e-19,0.034127142,0.034127142,0.008531785499999977,0.008531785500000036,0.0085317855,0.008531785499999986,533.2849613480575,533.2849613480595,533.2849613480583,533.2849613480579,-0.7287832445492822,1.0199706000001014,6.869561855719449e-13,-3.2332929405484826e-13,1.3294666143867317
8.82,attitude_only,3.4821127547553973e-14,7.415933837086667e-14,1.7544502314784825e-14,1.0,0.0,0.0,0.0,1.0,6.964225509511055e-14,1.4831867674173214e-13,3.508900462957481e-14,0.0,0.0,0.0,-2.1827654582460384e-14,-4.737595246585919e-14,3.527097641710005e-14,7.787222884104794e-19,2.448237513748223e-18,2.804678725457585e-19,0.034127142,0.034127142,0.008531785499999976,0.008531785500000036,0.008531785500000002,0.008531785499999986,533.2849613480575,533.2849613480595,533.2849613480583,533.2849613480579,-0.8169760924825619,1.0199706000001014,6.946365498118167e-13,-3.2693196771529795e-13,1.3177691395445752
8.83,attitude_only,3.471257528983351e-14,7.3923463395837e-14,1.772079731762247e-14,1.0,0.0,0.0,0.0,1.0,6.942515057966965e-14,1.4784692679167277e-13,3.544159463525007e-14,0.0,0.0,0.0,-2.1627409562381253e-14,-4.699646373879451e-14,3.514900505995159e-14,7.547023599393308e-19,2.46281567865854e-18,2.804678725457585e-19,0.034127142,0.034127142,0.008531785499999976,0.008531785500000036,0.008531785500000002,0.008531785499999986,533.2849613480575,533.2849613480595,533.2849613480583,533.2849613480579,-0.9051690408291879,1.0199706000001014,7.023314756210551e-13,-3.305414812138589e-13,1.3051897312024185
8.84,attitude_only,3.4604970822513e-14,7.368959166610702e-14,1.789636549155977e-14,1.0,0.0,0.0,0.0,1.0,6.920994164502864e-14,1.473791833322128e-13,3.579273098312464e-14,0.0,0.0,0.0,-2.1460959355111667e-14,-4.6603811482140236e-14,3.514319883341389e-14,7.695717047669395e-19,2.457671085494812e-18,2.804678725457585e-19,0.034127142,0.034127142,0.008531785499999976,0.008531785500000036,0.008531785500000002,0.008531785499999986,533.2849613480575,533.2849613480595,533.2849613480583,533.2849613480579,-0.9933620695064822,1.0199706000001014,7.100409187879788e-13,-3.341578118397053e-13,1.2917283893602622
8.85,attitude_only,3.4498221618245554e-14,7.345787010274022e-14,1.807260170127819e-14,1.0,0.0,0.0,0.0,1.0,6.899644323649376e-14,1.469157402054792e-13,3.6145203402561445e-14,0.0,0.0,0.0,-2.1273978461927617e-14,-4.6137404251954026e-14,3.528857780908638e-14,7.579344175653486e-19,2.3593564517908862e-18,2.804678725457585e-19,0.034127142,0.034127142,0.008531785499999976,0.008531785500000036,0.0085317855,0.008531785499999988,533.2849613480575,533.2849613480595,533.2849613480583,533.2849613480579,-1.08155516244832,1.0199706000001014,7.177648342153402e-13,-3.3778093763622407e-13,1.2773851140181058
8.86,attitude_only,3.439227333566091e-14,7.322849744290919e-14,1.824791810259704e-14,1.0,0.0,0.0,0.0,1.0,6.878454667132449e-14,1.4645699488581712e-13,3.649583620519912e-14,0.0,0.0,0.0,-2.1150733967431733e-14,-4.568465389010202e-14,3.476595151210703e-14,8.215483638446046e-19,2.2729025564694916e-18,2.804678725457585e-19,0.034127142,0.034127142,0.008531785499999977,0.008531785500000034,0.0085317855,0.008531785499999988,533.2849613480575,533.2849613480594,533.2849613480583,533.2849613480579,-1.1697483068017969,1.0199706000001014,7.255031780992848e-13,-3.41410837562833e-13,1.2621599051759491
8.870000000000001,attitude_only,3.4286474999340527e-14,7.300104425018232e-14,1.842139028354493e-14,1.0,0.0,0.0,0.0,1.0,6.857294999868374e-14,1.4600208850036338e-13,3.6842780567094865e-14,0.0,0.0,0.0,-2.1154978567399455e-14,-4.5315489843811846e-14,3.469403015976094e-14,1.0381916694798983e-18,2.283060599359476e-18,2.804678725457585e-19,0.034127142,0.034127142,0.008531785499999979,0.008531785500000036,0.008531785499999998,0.008531785499999986,533.2849613480577,533.2849613480595,533.2849613480582,533.2849613480579,-1.2579414922845102,1.0199706000001014,7.332559026572023e-13,-3.450474865108157e-13,1.246052762833793
8.88,attitude_only,3.4180637387838925e-14,7.277553237399874e-14,1.859485941926919e-14,1.0,0.0,0.0,0.0,1.0,6.836127477568055e-14,1.4555106474799623e-13,3.718971883854335e-14,0.0,0.0,0.0,-2.117046160913752e-14,-4.49213216047712e-14,3.469403015975932e-14,1.268475935656947e-18,2.259271928558405e-18,2.804678725457585e-19,0.034127142,0.034127142,0.00853178549999998,0.008531785500000038,0.008531785499999996,0.008531785499999984,533.2849613480577,533.2849613480595,533.2849613480582,533.2849613480578,-1.346134710670745,1.0199706000001014,7.410229630175504e-13,-3.4869086200869525e-13,1.2290636869916365
8.89,attitude_only,3.407473154328852e-14,7.255195983397756e-14,1.8768329823836612e-14,1.0,0.0,0.0,0.0,1.0,6.814946308657976e-14,1.4510391966795384e-13,3.7536659647678165e-14,0.0,0.0,0.0,-2.1183694045570597e-14,-4.455347576313037e-14,3.469428392839217e-14,1.4961917998323391e-18,2.263391676220695e-18,2.804678725457585e-19,0.034127142,0.034127142,0.008531785499999982,0.00853178550000004,0.008531785499999995,0.008531785499999982,533.2849613480578,533.2849613480596,533.2849613480581,533.2849613480578,-1.4343279553797355,1.0199706000001014,7.488043150759752e-13,-3.5234094305057697e-13,1.21119267764948
8.9,attitude_only,3.3968928876771265e-14,7.233039884510233e-14,1.89431251380981e-14,1.0,0.0,0.0,0.0,1.0,6.793785775354527e-14,1.4466079769020337e-13,3.7886250276201114e-14,0.0,0.0,0.0,-2.1104634474762647e-14,-4.410209172901918e-14,3.529147884974345e-14,1.612366659610422e-18,2.162751752577445e-18,2.804678725457585e-19,0.034127142,0.034127142,0.008531785499999984,0.00853178550000004,0.008531785499999993,0.008531785499999982,533.2849613480578,533.2849613480596,533.2849613480581,533.2849613480578,-1.522521221146921,1.0199706000001014,7.565999150655591e-13,-3.559977097459339e-13,1.1924397348073237
8.91,attitude_only,3.386381085035351e-14,7.211136877416045e-14,1.9120469561407825e-14,1.0,0.0,0.0,0.0,1.0,6.772762170070977e-14,1.4422273754831962e-13,3.8240939122820535e-14,0.0,0.0,0.0,-2.0944634551636006e-14,-4.355197314603812e-14,3.5511705913503863e-14,1.629813097374807e-18,1.9381291844605444e-18,2.804678725457585e-19,0.034127142,0.034127142,0.008531785499999986,0.00853178550000004,0.008531785499999991,0.008531785499999984,533.2849613480579,533.2849613480596,533.284961348058,533.2849613480578,-1.6107145037606763,1.0199706000001014,7.644097230550566e-13,-3.596611454302488e-13,1.1728048584651671
8.92,attitude_only,3.375958364305982e-14,7.189512947312279e-14,1.9298252041795542e-14,1.0,0.0,0.0,0.0,1.0,6.751916728612242e-14,1.4379025894624426e-13,3.8596504083595936e-14,0.0,0.0,0.0,-2.076143399137842e-14,-4.298738523858928e-14,3.559341941390586e-14,1.6175867649794884e-18,1.690497547907824e-18,2.804678725457585e-19,0.034127142,0.034127142,0.008531785499999988,0.008531785500000036,0.00853178549999999,0.008531785499999986,533.2849613480579,533.2849613480595,533.284961348058,533.2849613480579,-1.6989077998516782,1.0199706000001014,7.722336981362393e-13,-3.6333123110818283e-13,1.1522880486230107
8.93,attitude_only,3.365626836261236e-14,7.168174967179898e-14,1.9476441567073457e-14,1.0,0.0,0.0,0.0,1.0,6.731253672522751e-14,1.4336349934359665e-13,3.895288313415174e-14,0.0,0.0,0.0,-2.0586274702522133e-14,-4.241068918797441e-14,3.5674117839766836e-14,1.6132583653771548e-18,1.4225691790497058e-18,2.804678725457585e-19,0.034127142,0.034127142,0.00853178549999999,0.008531785500000034,0.008531785499999986,0.008531785499999988,533.284961348058,533.2849613480594,533.2849613480579,533.2849613480579,-1.7871011067244778,1.0199706000001014,7.800717983297441e-13,-3.670079465751841e-13,1.1308893052808544
8.94,attitude_only,3.355385966624499e-14,7.147120825754571e-14,1.965503242744728e-14,1.0,0.0,0.0,0.0,1.0,6.71077193324928e-14,1.429424165150901e-13,3.9310064854899354e-14,0.0,0.0,0.0,-2.0382929672579457e-14,-4.1866479987670456e-14,3.575405495972275e-14,1.5730736261717347e-18,1.1881829385616624e-18,2.804678725457585e-19,0.034127142,0.034127142,0.008531785499999991,0.008531785500000033,0.008531785499999986,0.008531785499999991,533.284961348058,533.2849613480594,533.2849613480579,533.284961348058,-1.87529442222272,1.0199706000001014,7.879239817373678e-13,-3.7069127138563294e-13,1.108608628438698
8.95,attitude_only,3.345250658414895e-14,7.126343426493265e-14,1.9834021450809083e-14,1.0,0.0,0.0,0.0,1.0,6.690501316830073e-14,1.4252686852986397e-13,3.966804290162294e-14,0.0,0.0,0.0,-2.018014578125726e-14,-4.1306562961230695e-14,3.5833738311046876e-14,1.5315344143976625e-18,9.293481364462523e-19,2.804678725457585e-19,0.034127142,0.034127142,0.008531785499999993,0.008531785500000031,0.008531785499999984,0.008531785499999993,533.2849613480581,533.2849613480593,533.2849613480578,533.2849613480581,-1.9634877446213204,1.0199706000001014,7.95790206347944e-13,-3.74381186575066e-13,1.0854460180965413
8.96,attitude_only,3.335210691387335e-14,7.105849962560544e-14,2.001341041353932e-14,1.0,0.0,0.0,0.0,1.0,6.670421382774954e-14,1.4211699925120953e-13,4.002682082708338e-14,0.0,0.0,0.0,-2.0006388189444254e-14,-4.0726241275831926e-14,3.591418296827638e-14,1.5230891861165311e-18,6.402245267261039e-19,2.804678725457585e-19,0.034127142,0.034127142,0.008531785499999995,0.008531785500000028,0.00853178549999998,0.008531785499999995,533.2849613480581,533.2849613480591,533.2849613480577,533.2849613480581,-2.0516810725401045,1.0199706000001014,8.036704318401811e-13,-3.7807767163222073e-13,1.0614014742543851
8.97,attitude_only,3.3252624734450876e-14,7.085645267570297e-14,2.0193208831961785e-14,1.0,0.0,0.0,0.0,1.0,6.650524946890462e-14,1.417129053514046e-13,4.0386417663928284e-14,0.0,0.0,0.0,-1.9802399248060564e-14,-4.015158620405013e-14,3.5996150237312544e-14,1.476326448936706e-18,3.521543026284423e-19,2.804678725457585e-19,0.034127142,0.034127142,0.008531785499999996,0.008531785500000026,0.008531785499999979,0.008531785499999998,533.2849613480582,533.2849613480591,533.2849613480577,533.2849613480582,-2.139874404875224,1.0199706000001014,8.115646183899804e-13,-3.8178070639029796e-13,1.0364749969122287
8.98,attitude_only,3.31541271795744e-14,7.065731331198906e-14,2.0373415310348996e-14,1.0,0.0,0.0,0.0,1.0,6.630825435915168e-14,1.4131462662397675e-13,4.0746830620702676e-14,0.0,0.0,0.0,-1.9606998983239393e-14,-3.955963053535721e-14,3.607837127498236e-14,1.4379161209836887e-18,3.7403805550502177e-20,2.804678725457585e-19,0.034127142,0.034127142,0.008531785499999998,0.008531785500000022,0.008531785499999977,0.0085317855,533.2849613480582,533.284961348059,533.2849613480575,533.2849613480583,-2.228067740743326,1.0199706000001014,8.194727263716602e-13,-3.854902719206343e-13,1.0106665860700719
8.99,attitude_only,3.3056472416591465e-14,7.046091064631646e-14,2.05553518400557e-14,1.0,0.0,0.0,0.0,1.0,6.611294483318583e-14,1.4092182129263156e-13,4.111070368011606e-14,0.0,0.0,0.0,-1.9484234363445818e-14,-3.9073520833625336e-14,3.675398070448157e-14,1.4854409208658557e-18,-1.5519262819150135e-19,2.804678725457585e-19,0.034127142,0.034127142,0.008531785500000002,0.008531785500000022,0.008531785499999976,0.008531785500000002,533.2849613480583,533.284961348059,533.2849613480575,533.2849613480583,-2.316261079437801,1.0199706000001014,8.273947159083008e-13,-3.8920634812113116e-13,0.9839762417279154
9.0,attitude_only,3.2959153484470355e-14,7.02664949201846e-14,2.0738917076320413e-14,1.0,0.0,0.0,0.0,1.0,6.591830696894363e-14,1.4053298984036784e-13,4.147783415264546e-14,0.0,0.0,0.0,-1.94318069578706e-14,-3.87582236920916e-14,3.646227910817739e-14,1.616846103754297e-18,-1.4596696111108153e-19,2.804678725457585e-19,0.034127142,0.034127142,0.008531785500000002,0.008531785500000022,0.008531785499999974,0.0085317855,533.2849613480583,533.284961348059,533.2849613480574,533.2849613480583,-2.4044544203933818,1.0199706000001014,8.353305434310945e-13,-3.929289122829085e-13,0.956403963885759
9.01,attitude_only,3.2862518325547635e-14,7.007320275383367e-14,2.0920779447463936e-14,1.0,0.0,0.0,0.0,1.0,6.57250366510982e-14,1.4014640550766597e-13,4.184155889493248e-14,0.0,0.0,0.0,-1.924329811842192e-14,-3.858149457715366e-14,3.6401926284333555e-14,1.5830684776000909e-18,2.77730467349196e-20,2.804678725457585e-19,0.034127142,0.034127142,0.0085317855,0.008531785500000024,0.008531785499999976,0.0085317855,533.2849613480583,533.284961348059,533.2849613480575,533.2849613480583,-2.4926477631578483,1.0199706000001014,8.432801646472035e-13,-3.9665794702009227e-13,0.9279497525436025
9.02,attitude_only,3.27667652422562e-14,6.988080958869241e-14,2.110301353724307e-14,1.0,0.0,0.0,0.0,1.0,6.553353048451536e-14,1.3976161917738343e-13,4.220602707449072e-14,0.0,0.0,0.0,-1.9071155070230126e-14,-3.839011960835545e-14,3.648389355336911e-14,1.5672083704722365e-18,1.8202428026061225e-19,2.804678725457585e-19,0.034127142,0.034127142,0.008531785499999998,0.008531785500000024,0.008531785499999977,0.008531785499999998,533.2849613480582,533.284961348059,533.2849613480575,533.2849613480582,-2.5808411073694217,1.0199706000001014,8.512435395293153e-13,-4.0039343527377055e-13,0.8986136077014459
9.03,attitude_only,3.267193227610844e-14,6.968935461635508e-14,2.1285654545028098e-14,1.0,0.0,0.0,0.0,1.0,6.534386455221985e-14,1.3937870923270877e-13,4.257130909006075e-14,0.0,0.0,0.0,-1.887546817818839e-14,-3.8213131629852926e-14,3.656459197923295e-14,1.5211387818040332e-18,3.517700223561123e-19,2.804678725457585e-19,0.034127142,0.034127142,0.008531785499999996,0.008531785500000026,0.008531785499999979,0.008531785499999996,533.2849613480582,533.2849613480591,533.2849613480577,533.2849613480582,-2.6690344527386807,1.0199706000001014,8.592206306991024e-13,-4.041353583735074e-13,0.8683955293592894
9.04,attitude_only,3.255950296546418e-14,6.9460811006745e-14,2.1505356389357677e-14,1.0,0.0,0.0,0.0,1.0,6.511900593093135e-14,1.3892162201348861e-13,4.301071277871988e-14,0.0,0.0,0.0,-1.8632796850632892e-14,-3.798445902413868e-14,3.666203913498962e-14,1.416261157243761e-18,4.572074857403865e-19,2.804678725457585e-19,0.034127142,0.034127142,0.008531785499999996,0.008531785500000026,0.00853178549999998,0.008531785499999996,533.2849613480582,533.2849613480591,533.2849613480577,533.2849613480582,-2.757227799033977,1.0199706000001014,8.672114002648492e-13,-4.078836985967358e-13,0.8372955175171329
9.05,attitude_only,3.248529455966018e-14,6.930923903334973e-14,2.1652153381201945e-14,1.0,0.0,0.0,0.0,1.0,6.497058911932337e-14,1.3861847806669805e-13,4.3304306762408395e-14,0.0,0.0,0.0,-1.8482982185480823e-14,-3.782294575555286e-14,3.672801898003349e-14,1.4213133809161145e-18,6.416210209929895e-19,2.804678725457585e-19,0.034127142,0.034127142,0.008531785499999995,0.008531785500000028,0.008531785499999982,0.008531785499999996,533.2849613480581,533.2849613480591,533.2849613480578,533.2849613480582,-2.8454211460703274,1.0199706000001014,8.752158113869636e-13,-4.116384369463439e-13,0.8053135721749763
9.06,attitude_only,3.23934512725121e-14,6.912064925505457e-14,2.183601983772434e-14,1.0,0.0,0.0,0.0,1.0,6.478690254502721e-14,1.3824129851010773e-13,4.367203967545316e-14,0.0,0.0,0.0,-1.8284550310111752e-14,-3.763257789820088e-14,3.680998624907063e-14,1.366040633574344e-18,7.89505371152615e-19,2.804678725457585e-19,0.034127142,0.034127142,0.008531785499999993,0.008531785500000028,0.008531785499999984,0.008531785499999995,533.2849613480581,533.2849613480591,533.2849613480578,533.2849613480581,-2.9336144936994057,1.0199706000001014,8.832338268870369e-13,-4.15399555500778e-13,0.7724496933328199
9.07,attitude_only,3.230251044228342e-14,6.89329958387218e-14,2.2020291816525142e-14,1.0,0.0,0.0,0.0,1.0,6.460502088456988e-14,1.3786599167744218e-13,4.404058363305474e-14,0.0,0.0,0.0,-1.811246495952056e-14,-3.745500320259991e-14,3.6891445980837136e-14,1.3406628624601156e-18,9.509657684574439e-19,2.804678725457585e-19,0.034127142,0.034127142,0.008531785499999991,0.00853178550000003,0.008531785499999986,0.008531785499999995,533.284961348058,533.2849613480593,533.2849613480579,533.2849613480581,-3.02180784180267,1.0199706000001014,8.912654094895777e-13,-4.191670356547414e-13,0.7387038809906633
9.08,attitude_only,3.2212415308000185e-14,6.874629102725113e-14,2.2204970713331807e-14,1.0,0.0,0.0,0.0,1.0,6.442483061600343e-14,1.3749258205450083e-13,4.4409941426668044e-14,0.0,0.0,0.0,-1.7944370499842565e-14,-3.7254898139031516e-14,3.6972398175331306e-14,1.3183932158449402e-18,1.0833886735656742e-18,2.804678725457585e-19,0.034127142,0.034127142,0.00853178549999999,0.00853178550000003,0.008531785499999986,0.008531785499999993,533.284961348058,533.2849613480593,533.2849613480579,533.2849613480581,-3.110001190285282,1.0199706000001014,8.993105223333593e-13,-4.2294085908121907e-13,0.7040761351485068
9.09,attitude_only,3.2123213662641685e-14,6.8560544739474e-14,2.2390057923871845e-14,1.0,0.0,0.0,0.0,1.0,6.424642732528644e-14,1.3712108947894656e-13,4.4780115847748095e-14,0.0,0.0,0.0,-1.7764508501950623e-14,-3.706300447907522e-14,3.705411167573539e-14,1.2802039033941167e-18,1.2237463264088593e-18,2.804678725457585e-19,0.034127142,0.034127142,0.00853178549999999,0.008531785500000031,0.008531785499999988,0.008531785499999993,533.284961348058,533.2849613480593,533.2849613480579,533.2849613480581,-3.198194539071372,1.0199706000001014,9.073691289564159e-13,-4.2672100837158453e-13,0.6685664558063502
9.1,attitude_only,3.2034949047814963e-14,6.837574369631771e-14,2.2575553448145247e-14,1.0,0.0,0.0,0.0,1.0,6.406989809563302e-14,1.3675148739263398e-13,4.5151106896294873e-14,0.0,0.0,0.0,-1.7553146218143927e-14,-3.6879191523000534e-14,3.713658648203985e-14,1.2021006250075164e-18,1.3719626943492352e-18,2.804678725457585e-19,0.034127142,0.034127142,0.008531785499999988,0.008531785500000031,0.00853178549999999,0.008531785499999991,533.2849613480579,533.2849613480593,533.284961348058,533.284961348058,-3.286387888100246,1.0199706000001014,9.154411928162147e-13,-4.3050746624685494e-13,0.6321748429641936
9.11,attitude_only,3.1947672225247287e-14,6.819183119388466e-14,2.2761458428110893e-14,1.0,0.0,0.0,0.0,1.0,6.389534445049768e-14,1.3638366238776785e-13,4.552291685622614e-14,0.0,0.0,0.0,-1.7375491624947024e-14,-3.669989286755353e-14,3.721728490790171e-14,1.1626700294206938e-18,1.5238032364883533e-18,2.804678725457585e-19,0.034127142,0.034127142,0.008531785499999986,0.008531785500000033,0.008531785499999991,0.008531785499999991,533.2849613480579,533.2849613480594,533.284961348058,533.284961348058,-3.3745812373233455,1.0199706000001014,9.235266772410614e-13,-4.343002159572208e-13,0.594901296622037
9.12,attitude_only,3.1861392935753847e-14,6.800888760349491e-14,2.294776410875085e-14,1.0,0.0,0.0,0.0,1.0,6.372278587151081e-14,1.3601777520698836e-13,4.589552821750604e-14,0.0,0.0,0.0,-1.7162338961257446e-14,-3.6496336826409175e-14,3.7297222027858223e-14,1.0785102226057752e-18,1.6444993553792152e-18,2.804678725457585e-19,0.034127142,0.034127142,0.008531785499999984,0.008531785500000033,0.008531785499999993,0.008531785499999991,533.2849613480578,533.2849613480594,533.2849613480581,533.284961348058,-3.4627745867016895,1.0199706000001014,9.316255466027103e-13,-4.380992401935006e-13,0.5567458167798803
9.13,attitude_only,3.177600869003074e-14,6.782693376382571e-14,2.3134471378255356e-14,1.0,0.0,0.0,0.0,1.0,6.355201738006463e-14,1.3565386752764995e-13,4.626894275651502e-14,0.0,0.0,0.0,-1.6996087086490887e-14,-3.630780986869383e-14,3.73779204537212e-14,1.0489688437508375e-18,1.7813451048078005e-18,2.804678725457585e-19,0.034127142,0.034127142,0.008531785499999982,0.008531785500000033,0.008531785499999995,0.00853178549999999,533.2849613480578,533.2849613480594,533.2849613480581,533.284961348058,-3.5509679362045006,1.0199706000001014,9.397377652815078e-13,-4.419045215847761e-13,0.5177084034377237
9.14,attitude_only,3.16915154910786e-14,6.764598455737516e-14,2.3321586453955956e-14,1.0,0.0,0.0,0.0,1.0,6.338303098216035e-14,1.3529196911474883e-13,4.66431729079162e-14,0.0,0.0,0.0,-1.681866416092731e-14,-3.611235548444445e-14,3.74603952600249e-14,1.0042479746838181e-18,1.9079233985529827e-18,2.804678725457585e-19,0.034127142,0.034127142,0.00853178549999998,0.008531785500000034,0.008531785499999995,0.00853178549999999,533.2849613480577,533.2849613480594,533.2849613480581,533.284961348058,-3.6391612858067495,1.0199706000001014,9.478632975994482e-13,-4.457160431386498e-13,0.47778905659556714
9.15,attitude_only,3.1607860278304717e-14,6.746591044818296e-14,2.350910426047998e-14,1.0,0.0,0.0,0.0,1.0,6.32157205566126e-14,1.3493182089636443e-13,4.7018208520964227e-14,0.0,0.0,0.0,-1.664817592456099e-14,-3.592715136288088e-14,3.7539063536813284e-14,9.661438502898356e-19,2.044949966305496e-18,2.804678725457585e-19,0.034127142,0.034127142,0.008531785499999979,0.008531785500000034,0.008531785499999996,0.008531785499999988,533.2849613480577,533.2849613480594,533.2849613480582,533.2849613480579,-3.7273546354885485,1.0199706000001014,9.560021072028537e-13,-4.495337879581012e-13,0.43698777625341056
9.16,attitude_only,3.152514806285315e-14,6.728685465228713e-14,2.369702099129787e-14,1.0,0.0,0.0,0.0,1.0,6.30502961257095e-14,1.3457370930457277e-13,4.739404198259998e-14,0.0,0.0,0.0,-1.6458986184051346e-14,-3.5723343957460167e-14,3.761976196267074e-14,9.03706023518778e-19,2.1576145193752326e-18,2.804678725457585e-19,0.034127142,0.034127142,0.008531785499999979,0.008531785500000034,0.008531785499999998,0.008531785499999988,533.2849613480577,533.2849613480594,533.2849613480582,533.2849613480579,-3.815547985233989,1.0199706000001014,9.64154159653812e-13,-4.5335774026235053e-13,0.39530456241125395
9.17,attitude_only,3.144338449043245e-14,6.710877257638492e-14,2.388534692403937e-14,1.0,0.0,0.0,0.0,1.0,6.288676898086811e-14,1.3421754515276832e-13,4.777069384808296e-14,0.0,0.0,0.0,-1.626011276405149e-14,-3.5531056175288364e-14,3.770274430625032e-14,8.276590471594552e-19,2.2821797425219502e-18,2.804678725457585e-19,0.034127142,0.034127142,0.008531785499999977,0.008531785500000036,0.0085317855,0.008531785499999988,533.2849613480575,533.2849613480595,533.2849613480583,533.2849613480579,-3.9037413350303427,1.0199706000001014,9.723194196076784e-13,-4.571878838806663e-13,0.3527394150690973
9.18,attitude_only,3.136258555162383e-14,6.693160565437589e-14,2.4074081678051522e-14,1.0,0.0,0.0,0.0,1.0,6.272517110325088e-14,1.3386321130875027e-13,4.814816335610724e-14,0.0,0.0,0.0,-1.6083902913519865e-14,-3.534266849034651e-14,3.7783696500747744e-14,7.770462556567019e-19,2.4095412054951806e-18,2.804678725457585e-19,0.034127142,0.034127142,0.008531785499999976,0.008531785500000036,0.0085317855,0.008531785499999988,533.2849613480575,533.2849613480595,533.2849613480583,533.2849613480579,-3.991934684867426,1.0199706000001014,9.804978516826848e-13,-4.610242029822211e-13,0.30929233422694064
9.19,attitude_only,3.1282659838087076e-14,6.675540137499164e-14,2.4263226014640238e-14,1.0,0.0,0.0,0.0,1.0,6.25653196761774e-14,1.3351080274998177e-13,4.8526452029284654e-14,0.0,0.0,0.0,-1.588937017858251e-14,-3.515965870639406e-14,3.786515623251566e-14,7.025006755177008e-19,2.5415260518161787e-18,2.804678725457585e-19,0.034127142,0.034127142,0.008531785499999974,0.008531785500000036,0.008531785500000002,0.008531785499999986,533.2849613480574,533.2849613480595,533.2849613480583,533.2849613480579,-4.0801280347370925,1.0199706000001014,9.886894214491507e-13,-4.648666809214697e-13,0.264963319884784
9.2,attitude_only,3.2702650344686605e-14,6.977736948523041e-14,2.4452782217723206e-14,1.0,0.0,0.0,0.0,1.0,6.540530068937662e-14,1.3955473897045922e-13,4.8905564435450974e-14,0.0,0.0,0.0,2.9819850526825555e-12,6.359508804012226e-12,3.794940741926343e-14,-3.626566657284672e-15,-7.734655717250648e-15,2.804678725457585e-19,0.034127142,0.034127142,0.008531785500031563,0.00853178549991269,0.008531785499968414,0.008531785500087333,533.2849613490447,533.2849613453295,533.2849613470712,533.2849613507877,-4.1683213846328275,1.0199706000001014,9.968940940806765e-13,-4.687153034840987e-13,0.21975237204262732
9.21,zero_thrust,5.128690019219916e-14,1.0941101469793883e-13,2.5054577240311553e-14,1.0,0.0,0.0,0.0,1.0,1.025738003844038e-13,2.188220293958751e-13,5.010915448063433e-14,0.0,0.0,0.0,4.3148141878025274e-12,9.201982236097396e-12,2.0805813677447196e-13,0.0,0.0,0.0,0.0,0.0,0.0,0.0,0.0,0.0,0.0,0.0,0.0,0.0,-5.823248114803317,1.0199706000001014,1.0061609283361502e-12,-4.730617280096768e-13,0.1824235069361701
9.22,zero_thrust,7.487901400496518e-14,1.5972514832589276e-13,2.6193384767383545e-14,1.0,0.0,0.0,0.0,1.0,1.4975802800993873e-13,3.194502966517816e-13,5.238676953479101e-14,0.0,0.0,0.0,4.8068819131545124e-12,1.0251626994149273e-11,2.1843742245617112e-13,0.0,0.0,0.0,0.0,0.0,0.0,0.0,0.0,0.0,0.0,0.0,0.0,0.0,-4.762277668997447,1.0199706000001014,1.0217066991710047e-12,-4.80351376542863e-13,0.17361077687801202
9.23,zero_thrust,9.669700242354327e-14,2.0625620590238624e-13,2.72224574036824e-14,1.0,0.0,0.0,0.0,1.0,1.9339400484709778e-13,4.125124118047672e-13,5.444491480740469e-14,0.0,0.0,0.0,3.8628190053526015e-12,8.238217501233962e-12,1.9590365587728818e-13,0.0,0.0,0.0,0.0,0.0,0.0,0.0,0.0,0.0,0.0,0.0,0.0,0.0,-3.36064966387983,1.0199706000001014,1.0471011745061493e-12,-4.922579555853491e-13,0.1960694004439179
9.24,zero_thrust,1.1329469580870609e-13,2.4165341155244435e-13,2.814638118458823e-14,1.0,0.0,0.0,0.0,1.0,2.265893916174258e-13,4.833068231048823e-13,5.629276236923121e-14,0.0,0.0,0.0,3.1394669017823238e-12,6.695244410859691e-12,1.7618809308122358e-13,0.0,0.0,0.0,0.0,0.0,0.0,0.0,0.0,0.0,0.0,0.0,0.0,0.0,-1.8876551482597166,1.0199706000001014,1.0797440773424268e-12,-5.075627069752598e-13,0.23611262958612445
9.25,zero_thrust,1.2888732450164462e-13,2.7490630167341467e-13,2.898051851384057e-14,1.0,0.0,0.0,0.0,1.0,2.577746490033052e-13,5.498126033468219e-13,5.7961037027752e-14,0.0,0.0,0.0,3.104042191829338e-12,6.619672900241037e-12,1.5959019295243168e-13,0.0,0.0,0.0,0.0,0.0,0.0,0.0,0.0,0.0,0.0,0.0,0.0,0.0,-0.7124384842272413,1.0199706000001014,1.1127421302730286e-12,-5.230339627611337e-13,0.2759969113051502
9.26,hover,1.443441793224795e-13,3.078692360452016e-13,2.97399024193515e-14,1.0,0.0,0.0,0.0,1.0,2.8868835864497733e-13,6.157384720903946e-13,5.947980483879189e-14,0.0,0.0,0.0,3.0825959553893074e-12,6.573838389597231e-12,1.459982814310669e-13,-3.778125700086667e-15,-8.057589603848626e-15,-1.7637745265904514e-16,0.34127141999999994,0.34127141999999994,0.08531785500004023,0.08531785499990166,0.08531785499997444,0.0853178550000836,1686.3951197751198,1686.3951197737504,1686.3951197744698,1686.3951197755487,2.024717350672714,1.0199706000001014,1.145746527026802e-12,-5.385081938277331e-13,0.31491693337596927
9.27,hover,1.596669150616375e-13,3.4054569403606513e-13,3.027485552706336e-14,1.0,0.0,0.0,0.0,1.0,3.193338301232956e-13,6.810913880721206e-13,6.054971105423547e-14,0.0,0.0,0.0,3.0338553866843425e-12,6.469822394438217e-12,6.618076183762913e-14,-3.749975571507552e-15,-7.997468633602189e-15,-8.125823676529611e-17,0.34127141999999994,0.34127141999999994,0.08531785500003601,0.08531785499990631,0.08531785499997073,0.08531785500008689,1686.3951197750782,1686.3951197737965,1686.3951197744332,1686.3951197755812,2.06632895141032,1.0199706000001014,1.1787598694394547e-12,-5.539866204828019e-13,0.3528741144001007
9.28,hover,1.7438179660314706e-13,3.7192559642450725e-13,3.047921000931633e-14,1.0,0.0,0.0,0.0,1.0,3.487635932063168e-13,7.438511928490039e-13,6.095842001876238e-14,0.0,0.0,0.0,2.846434718321751e-12,6.07005317215811e-12,2.8158734171770847e-14,-3.5535351166556595e-15,-7.57844609858764e-15,-3.5913390907983876e-17,0.34127141999999994,0.34127141999999994,0.08531785500003242,0.08531785499991293,0.08531785499997055,0.08531785500008404,1686.3951197750428,1686.3951197738618,1686.3951197744314,1686.395119775553,2.395305153877386,1.0199706000001014,1.2118584312022587e-12,-5.695050031953154e-13,0.3899862140375564
9.29,hover,1.8778285513362088e-13,4.0050363839424065e-13,3.058768322310219e-14,1.0,0.0,0.0,0.0,1.0,3.7556571026726624e-13,8.010072767884698e-13,6.117536644635479e-14,0.0,0.0,0.0,2.527902280039428e-12,5.390792760264533e-12,1.9011421683307544e-14,-3.1965752135172654e-15,-6.817241531917992e-15,-2.512673013866098e-17,0.34127141999999994,0.34127141999999994,0.08531785500002886,0.08531785499992198,0.0853178549999732,0.08531785500007591,1686.3951197750077,1686.3951197739511,1686.3951197744575,1686.3951197754725,2.646151153970754,1.0199706000001014,1.245208622116835e-12,-5.851413645531233e-13,0.42648156558100436
9.3,hover,1.9933817279592914e-13,4.2514540430844245e-13,3.0666856258768776e-14,1.0,0.0,0.0,0.0,1.0,3.9867634559188433e-13,8.502908086168727e-13,6.133371251770705e-14,0.0,0.0,0.0,2.125397291127807e-12,4.5322573199611336e-12,1.3062712161212641e-14,-2.7348231997346015e-15,-5.832321576753531e-15,-1.8118905833759246e-17,0.34127141999999994,0.34127141999999994,0.08531785500002455,0.08531785499993338,0.08531785499997693,0.08531785500006507,1686.395119774965,1686.395119774064,1686.3951197744943,1686.3951197753656,2.838584195412481,1.0199706000001014,1.278985046099379e-12,-6.009775709789471e-13,0.46256472919279745
9.31,hover,2.0876826616184192e-13,4.4525311526181665e-13,3.071922875322928e-14,1.0,0.0,0.0,0.0,1.0,4.175365323237112e-13,8.905062305236205e-13,6.143845750664446e-14,0.0,0.0,0.0,1.6889139617912577e-12,3.6010983197559467e-12,8.496177299295232e-15,-2.227932344148655e-15,-4.750941759704865e-15,-1.2724025772451305e-17,0.34127141999999994,0.34127141999999994,0.08531785500001991,0.08531785499994582,0.08531785499998112,0.0853178550000531,1686.3951197749193,1686.395119774187,1686.3951197745357,1686.3951197752472,2.987253436881055,1.0199706000001014,1.3133362583252378e-12,-6.170832829545821e-13,0.4983840332203502
9.32,hover,2.160188081246148e-13,4.607141413448132e-13,3.075513837230036e-14,1.0,0.0,0.0,0.0,1.0,4.320376162492579e-13,9.21428282689613e-13,6.151027674479976e-14,0.0,0.0,0.0,1.2589589476922484e-12,2.6847564769991755e-12,6.162802458369569e-15,-1.724575916706766e-15,-3.678179113166732e-15,-9.985603987924205e-18,0.34127141999999994,0.34127141999999994,0.08531785500001542,0.08531785499995805,0.08531785499998538,0.08531785500004109,1686.3951197748747,1686.3951197743077,1686.395119774578,1686.3951197751285,3.102889420334749,1.0199706000001014,1.3483778075624344e-12,-6.33512672264139e-13,0.5340383667618447
9.33,hover,2.21210665116643e-13,4.717860345741818e-13,3.078347217188369e-14,1.0,0.0,0.0,0.0,1.0,4.42421330233315e-13,9.4357206914835e-13,6.156694434397611e-14,0.0,0.0,0.0,8.654520654295903e-13,1.8457714489735777e-12,5.134032343212125e-15,-1.2610221786458719e-15,-2.6898547940257497e-15,-8.802420173167391e-18,0.34127141999999994,0.34127141999999994,0.08531785500001134,0.08531785499996924,0.08531785499998937,0.08531785500002999,1686.3951197748345,1686.3951197744184,1686.3951197746173,1686.3951197750187,3.1933640375410026,1.0199706000001014,1.3841950725446934e-12,-6.50305771948702e-13,0.5695909918255041
9.34,hover,2.2457196429444287e-13,4.789570234327483e-13,3.080145531884219e-14,1.0,0.0,0.0,0.0,1.0,4.4914392858891523e-13,9.579140468654827e-13,6.16029106378995e-14,0.0,0.0,0.0,5.230223857596618e-13,1.1161347263685646e-12,2.1903825956892367e-15,-8.553367868995542e-16,-1.8254520741634195e-15,-5.291944302096817e-18,0.34127141999999994,0.34127141999999994,0.08531785500000766,0.08531785499997915,0.08531785499999275,0.08531785500002037,1686.395119774798,1686.3951197745164,1686.3951197746508,1686.3951197749238,3.2645011217393116,1.0199706000001014,1.4208487102183455e-12,-6.674910193538421e-13,0.6050814864108288
9.35,hover,2.263865227129077e-13,4.828286526959203e-13,3.080748261751962e-14,1.0,0.0,0.0,0.0,1.0,4.5277304542584514e-13,9.656573053918266e-13,6.161496523525785e-14,0.0,0.0,0.0,2.417241241020117e-13,5.157435781000449e-13,6.305332136602874e-16,-5.201961141513943e-16,-1.1101401320221965e-15,-3.4264303757986817e-18,0.34127141999999994,0.34127141999999994,0.08531785500000466,0.08531785499998731,0.0853178549999956,0.08531785500001238,1686.3951197747683,1686.3951197745969,1686.3951197746787,1686.3951197748447,3.320657170340458,1.0199706000001014,1.4583800769311328e-12,-6.850878140135547e-13,0.6405343000582785
9.36,hover,2.269656706109032e-13,4.840650409132579e-13,3.081186202743749e-14,1.0,0.0,0.0,0.0,1.0,4.5393134122183624e-13,9.68130081826502e-13,6.162372405509471e-14,0.0,0.0,0.0,2.230270878107773e-14,4.801104793407527e-14,1.450118175410157e-15,-2.5711344285408433e-16,-5.493412063023737e-16,-4.424433511652626e-18,0.34127141999999994,0.34127141999999994,0.08531785500000241,0.0853178549999936,0.08531785499999792,0.085317855000006,1686.3951197747463,1686.3951197746592,1686.3951197747017,1686.3951197747817,3.3651282471402566,1.0199706000001014,1.4968161828258985e-12,-7.031088212938335e-13,0.6759644256016722
9.37,hover,2.2661006630107227e-13,4.833096757400367e-13,3.081674963333296e-14,1.0,0.0,0.0,0.0,1.0,4.532201326021743e-13,9.666193514800594e-13,6.163349926688497e-14,0.0,0.0,0.0,-1.3899469430775794e-13,-2.959170143131189e-13,2.0438653380911168e-16,-6.216661220440401e-17,-1.336683614626096e-16,-2.9315994070694634e-18,0.34127141999999994,0.34127141999999994,0.08531785500000065,0.08531785499999836,0.08531785499999955,0.08531785500000137,1686.3951197747288,1686.3951197747062,1686.395119774718,1686.395119774736,3.400434421275574,1.0199706000001014,1.536173299972926e-12,-7.215616607887253e-13,0.7113810167798462
9.381,attitude_only,2.2380403346364116e-13,4.773284318755491e-13,3.0804877700307183e-14,1.0,0.0,0.0,0.0,1.0,4.476080669273117e-13,9.546568637510845e-13,6.160975540082803e-14,0.0,0.0,0.0,-3.32583230515846e-13,-7.082628578303917e-13,-2.0303910144082246e-15,1.737980467809763e-16,3.689375421942527e-16,-2.6863355664985293e-18,0.034127142,0.034127142,0.008531785499998612,0.008531785500004059,0.008531785500001611,0.008531785499995717,533.2849613480149,533.2849613481851,533.2849613481087,533.2849613479244,5.08092293403014,1.0199706000001014,1.5764598391815282e-12,-7.404502850370695e-13,0.7467896477349718
9.4,attitude_only,2.2239237510717793e-13,4.743255028786948e-13,3.0791016160846764e-14,1.0,0.0,0.0,0.0,1.0,4.447847502143851e-13,9.48651005757376e-13,6.15820323219045e-14,0.0,0.0,0.0,-3.6533810733460246e-13,-7.766788969900643e-13,-4.566887450077572e-15,2.2004532300284154e-16,4.657936882286711e-16,-2.6863355664985293e-18,0.034127142,0.034127142,0.008531785499998223,0.008531785500005159,0.008531785500002,0.008531785499994617,533.2849613480028,533.2849613482196,533.2849613481208,533.2849613478901,4.209140186235507,1.0199706000001014,1.6598175346490587e-12,-7.79533137437097e-13,0.8175842168148238
9.41,attitude_only,2.2051880365785443e-13,4.703459172344699e-13,3.076369319879884e-14,1.0,0.0,0.0,0.0,1.0,4.410376073157378e-13,9.406918344689262e-13,6.152738639780512e-14,0.0,0.0,0.0,-3.782943039195495e-13,-8.029860707862685e-13,-5.845722764010979e-15,2.393757019439734e-16,5.053921574919787e-16,-2.6863355664985293e-18,0.034127142,0.034127142,0.008531785499998067,0.008531785500005612,0.008531785500002156,0.008531785499994164,533.2849613479979,533.2849613482337,533.2849613481256,533.2849613478759,4.071646111579844,1.0199706000001014,1.702720053216658e-12,-7.996482622607618e-13,0.852800914944395
9.42,attitude_only,2.1864494914438424e-13,4.663713610413422e-13,3.072664141343585e-14,1.0,0.0,0.0,0.0,1.0,4.3728989828879716e-13,9.327427220826708e-13,6.145328282707565e-14,0.0,0.0,0.0,-3.692353149392353e-13,-7.827760749335846e-13,-9.501006179482773e-15,2.3219726831698863e-16,4.889679232180937e-16,-2.6863355664985293e-18,0.034127142,0.034127142,0.008531785499998138,0.008531785500005431,0.008531785500002085,0.008531785499994345,533.2849613480001,533.2849613482281,533.2849613481235,533.2849613478816,3.9539063484354697,1.0199706000001014,1.7461807698968413e-12,-8.200250770864142e-13,0.887630387902974
9.43,attitude_only,2.1685738258857468e-13,4.625834458659654e-13,3.0673072156740767e-14,1.0,0.0,0.0,0.0,1.0,4.3371476517717773e-13,9.251668917319174e-13,6.134614431368216e-14,0.0,0.0,0.0,-3.464201043152816e-13,-7.338661448541415e-13,-1.164988725778056e-14,2.0828321661139697e-16,4.3761466857130336e-16,-2.6863355664985293e-18,0.034127142,0.034127142,0.008531785499998348,0.008531785500004852,0.008531785500001875,0.008531785499994924,533.2849613480066,533.2849613482099,533.2849613481169,533.2849613478996,3.8490596260040237,1.0199706000001014,1.7900603746094396e-12,-8.405982675111042e-13,0.9219271152657557
9.44,attitude_only,2.1520575954466177e-13,4.590854616506713e-13,3.061076390525574e-14,1.0,0.0,0.0,0.0,1.0,4.3041151908935165e-13,9.181709233013295e-13,6.122152781070907e-14,0.0,0.0,0.0,-3.16514648708952e-13,-6.702330597676564e-13,-1.3030285537514741e-14,1.755618163708909e-16,3.679572970651977e-16,-2.6863355664985293e-18,0.034127142,0.034127142,0.008531785499998633,0.008531785500004066,0.00853178550000159,0.00853178549999571,533.2849613480156,533.2849613481853,533.284961348108,533.2849613479242,3.7525447243617833,1.0199706000001014,1.8342643880178058e-12,-8.613235401814554e-13,0.9555919664436832
9.45,attitude_only,2.1371250773463838e-13,4.559233154671896e-13,3.054154116823193e-14,1.0,0.0,0.0,0.0,1.0,4.2742501546930463e-13,9.11846630934366e-13,6.108308233665873e-14,0.0,0.0,0.0,-2.839233113698794e-13,-6.013301479848795e-13,-1.4640249268492864e-14,1.392914446777025e-16,2.9128710440571393e-16,-2.6863355664985293e-18,0.034127142,0.034127142,0.008531785499998943,0.008531785500003197,0.00853178550000128,0.008531785499996579,533.2849613480253,533.2849613481583,533.2849613480982,533.2849613479514,3.661323484540054,1.0199706000001014,1.878727644741666e-12,-8.821703451879075e-13,0.9885563516962138
9.46,attitude_only,2.1238179584518692e-13,4.531036855105561e-13,3.046419661958105e-14,1.0,0.0,0.0,0.0,1.0,4.2476359169040146e-13,9.062073710210993e-13,6.092839323935455e-14,0.0,0.0,0.0,-2.519090719846545e-13,-5.340105297864653e-13,-1.605249947702852e-14,1.0339344813527956e-16,2.1584366786548251e-16,-2.6863355664985293e-18,0.034127142,0.034127142,0.008531785499999247,0.008531785500002342,0.008531785500000976,0.008531785499997434,533.2849613480348,533.2849613481314,533.2849613480888,533.2849613479781,3.573373303182553,1.0199706000001014,1.9234044285084104e-12,-9.031172541974658e-13,1.0207720774737443
9.47,attitude_only,2.1120485518652427e-13,4.5060708036953875e-13,3.0379202976740415e-14,1.0,0.0,0.0,0.0,1.0,4.224097103730759e-13,9.012141607390647e-13,6.075840595367117e-14,0.0,0.0,0.0,-2.22349869706818e-13,-4.719858145403875e-13,-1.783302348652977e-14,7.014590409894391e-17,1.461338677155928e-16,-2.6863355664985293e-18,0.034127142,0.034127142,0.008531785499999528,0.00853178550000155,0.008531785500000695,0.008531785499998225,533.2849613480436,533.2849613481068,533.2849613480801,533.2849613480028,3.4873526777904473,1.0199706000001014,1.9682621196324346e-12,-9.241489761103923e-13,1.052204779235964
9.48,attitude_only,2.1016625390448703e-13,4.484006830489499e-13,3.028734043948226e-14,1.0,0.0,0.0,0.0,1.0,4.203325078090012e-13,8.968013660978871e-13,6.057468087915301e-14,0.0,0.0,0.0,-1.963601424630299e-13,-4.174166365343341e-13,-1.8708390461959836e-14,4.092183283102844e-17,8.482502047367207e-17,-2.6863355664985293e-18,0.034127142,0.034127142,0.008531785499999774,0.008531785500000855,0.008531785500000449,0.00853178549999892,533.2849613480513,533.284961348085,533.2849613480723,533.2849613480246,3.4023788720241805,1.0199706000001014,2.0132770912177407e-12,-9.452544338965363e-13,1.0828296157255544
9.49,attitude_only,2.0924634505072013e-13,4.464438269791681e-13,3.018913921474377e-14,1.0,0.0,0.0,0.0,1.0,4.1849269010146723e-13,8.928876539583236e-13,6.037827842967437e-14,0.0,0.0,0.0,-1.745108198052057e-13,-3.7140796639907845e-13,-2.0524816785581886e-14,1.64477538396914e-17,3.3328695975355985e-17,-2.6863355664985293e-18,0.034127142,0.034127142,0.008531785499999982,0.00853178550000027,0.008531785500000241,0.008531785499999505,533.2849613480578,533.2849613480668,533.2849613480658,533.2849613480429,3.3178789076506017,1.0199706000001014,2.058431975558932e-12,-9.664254817218368e-13,1.1126284062271166
9.5,attitude_only,2.0842411069926046e-13,4.4469370179282917e-13,3.008216449160256e-14,1.0,0.0,0.0,0.0,1.0,4.1684822139854767e-13,8.893874035856458e-13,6.016432898339049e-14,0.0,0.0,0.0,-1.5681365676264524e-13,-3.338077601982343e-13,-2.1941973848584965e-14,-3.2207052437547433e-18,-8.453473863674792e-18,-2.6863355664985293e-18,0.034127142,0.034127142,0.008531785500000152,0.008531785499999799,0.008531785500000071,0.008531785499999977,533.284961348063,533.284961348052,533.2849613480605,533.2849613480575,3.233488973638994,1.0199706000001014,2.1037138433452616e-12,-9.876560524064907e-13,1.1415876986030415
9.51,attitude_only,2.0767952764855317e-13,4.4310885217080557e-13,2.9968804438603317e-14,1.0,0.0,0.0,0.0,1.0,4.153590552971329e-13,8.862177043415987e-13,5.993760887739068e-14,0.0,0.0,0.0,-1.4302321538129032e-13,-3.044125313122459e-13,-2.340048231236162e-14,-1.8339002747567774e-17,-4.068362321373841e-17,-2.6863355664985293e-18,0.034127142,0.034127142,0.008531785500000284,0.008531785499999434,0.00853178549999994,0.008531785500000342,533.2849613480672,533.2849613480406,533.2849613480564,533.2849613480689,3.1489861097700973,1.0199706000001014,2.149112965283418e-12,-1.0089415806809929e-12,1.169697445145986
9.52,attitude_only,2.0699416660622966e-13,4.4164948951122317e-13,2.9848401002450616e-14,1.0,0.0,0.0,0.0,1.0,4.139883332124857e-13,8.83298979022434e-13,5.969680200508407e-14,0.0,0.0,0.0,-1.3268976070892898e-13,-2.827408134385657e-13,-2.4506572558426475e-14,-2.9412250747312127e-17,-6.386227652776907e-17,-2.6863355664985293e-18,0.034127142,0.034127142,0.008531785500000376,0.00853178549999917,0.008531785499999847,0.008531785500000605,533.28496134807,533.2849613480324,533.2849613480535,533.2849613480772,3.0642416007145625,1.0199706000001014,2.1946219365535694e-12,-1.0302785962730371e-12,1.1969500807909097
9.53,attitude_only,2.0635176278946864e-13,4.402790402167632e-13,2.972320898933266e-14,1.0,0.0,0.0,0.0,1.0,4.1270352557896343e-13,8.805580804335142e-13,5.944641797884702e-14,0.0,0.0,0.0,-1.2554049703164066e-13,-2.679836082442182e-13,-2.5493965499421424e-14,-3.673596218974169e-17,-7.889108667854389e-17,-2.6863355664985293e-18,0.034127142,0.034127142,0.008531785500000435,0.008531785499998999,0.008531785499999788,0.008531785500000777,533.2849613480719,533.2849613480271,533.2849613480518,533.2849613480826,2.9791890970779615,1.0199706000001014,2.240235070463159e-12,-1.0516644400430114e-12,1.2233398716162247
9.54,attitude_only,2.0573680220983134e-13,4.389656082091408e-13,2.959213434690513e-14,1.0,0.0,0.0,0.0,1.0,4.114736044196887e-13,8.779312164182694e-13,5.918426869399087e-14,0.0,0.0,0.0,-1.2127958922579303e-13,-2.5918573918831874e-13,-2.6681580406348266e-14,-4.0636255664500967e-17,-8.685667215374011e-17,-2.6863355664985293e-18,0.034127142,0.034127142,0.008531785500000466,0.008531785499998909,0.008531785499999757,0.008531785500000867,533.2849613480729,533.2849613480242,533.2849613480507,533.2849613480854,2.8938027998129954,1.0199706000001014,2.285947968610071e-12,-1.0730970470636892e-12,1.24886244772376
9.55,attitude_only,2.0513675880134928e-13,4.3768163280741746e-13,2.945567503762804e-14,1.0,0.0,0.0,0.0,1.0,4.1027351760272436e-13,8.753632656148228e-13,5.891135007543565e-14,0.0,0.0,0.0,-1.1929220677738994e-13,-2.555122195345152e-13,-2.785003875519204e-14,-4.182819253481057e-17,-8.870977354295883e-17,-2.6863355664985293e-18,0.034127142,0.034127142,0.008531785500000472,0.008531785499998884,0.008531785499999752,0.008531785500000891,533.284961348073,533.2849613480234,533.2849613480505,533.2849613480861,2.8080825627542554,1.0199706000001014,2.3317572004319427e-12,-1.0945748115569269e-12,1.2735144638689524
9.56,attitude_only,2.0454131615997293e-13,4.364045430918398e-13,2.931307349348017e-14,1.0,0.0,0.0,0.0,1.0,4.0908263231997147e-13,8.728090861836675e-13,5.862614698713886e-14,0.0,0.0,0.0,-1.1918166438075282e-13,-2.5588611198855904e-13,-2.902358437214012e-14,-4.076902676696759e-17,-8.57022414782206e-17,-2.6863355664985293e-18,0.034127142,0.034127142,0.008531785500000458,0.008531785499998916,0.008531785499999766,0.00853178550000086,533.2849613480726,533.2849613480244,533.284961348051,533.2849613480852,2.7220437722855335,1.0199706000001014,2.37766007265434e-12,-1.1160964737705063e-12,1.2972933499730583
9.57,attitude_only,2.0394204926497688e-13,4.3511630005854696e-13,2.916443142066783e-14,1.0,0.0,0.0,0.0,1.0,4.0788409852997915e-13,8.70232600117082e-13,5.832886284151314e-14,0.0,0.0,0.0,-1.2059575611079057e-13,-2.595009834557314e-13,-3.0413668237373524e-14,-3.786615912981445e-17,-7.876938588305658e-17,-2.6863355664985293e-18,0.034127142,0.034127142,0.008531785500000427,0.008531785499998992,0.008531785499999797,0.008531785500000784,533.2849613480716,533.2849613480269,533.2849613480519,533.2849613480828,2.6357105345038145,1.0199706000001014,2.4236544546972144e-12,-1.1376610360456372e-12,1.3201971258068272
9.58,attitude_only,2.0333257452232175e-13,4.3380349924084255e-13,2.900982004416609e-14,1.0,0.0,0.0,0.0,1.0,4.066651490446687e-13,8.676069984816733e-13,5.80196400885086e-14,0.0,0.0,0.0,-1.230737177269336e-13,-2.653486218336717e-13,-3.124133761358059e-14,-3.3661868013173516e-17,-6.90987336111916e-17,-2.6863355664985293e-18,0.034127142,0.034127142,0.008531785500000385,0.008531785499999098,0.00853178549999984,0.008531785500000678,533.2849613480703,533.28496134803,533.2849613480532,533.2849613480795,2.5491111537795237,1.0199706000001014,2.4697386483748615e-12,-1.1592677026927745e-12,1.3422242621156504
9.59,attitude_only,2.027087555166143e-13,4.324570527198543e-13,2.8850793777466795e-14,1.0,0.0,0.0,0.0,1.0,4.0541751103325356e-13,8.649141054396969e-13,5.770158755510892e-14,0.0,0.0,0.0,-1.262344412465705e-13,-2.7268381828955195e-13,-3.239172832952648e-14,-2.860665537714355e-17,-5.756965968123978e-17,-2.6863355664985293e-18,0.034127142,0.034127142,0.008531785500000335,0.008531785499999226,0.008531785499999889,0.00853178550000055,533.2849613480687,533.2849613480341,533.2849613480548,533.2849613480755,2.462275196092601,1.0199706000001014,2.515911290038572e-12,-1.180915836477457e-12,1.363373575769099
9.6,attitude_only,2.0206767272563418e-13,4.3107155691617866e-13,2.8684601153477284e-14,1.0,0.0,0.0,0.0,1.0,4.041353454512931e-13,8.621431138323457e-13,5.736920230712877e-14,0.0,0.0,0.0,-1.2989305660982716e-13,-2.807837241678126e-13,-3.392783101416663e-14,-2.291738637513729e-17,-4.5041935385648986e-17,-2.6863355664985293e-18,0.034127142,0.034127142,0.008531785500000283,0.008531785499999365,0.00853178549999994,0.008531785500000411,533.2849613480671,533.2849613480385,533.2849613480564,533.2849613480711,2.375231643654452,1.0199706000001014,2.562171271930327e-12,-1.2026049174605068e-12,1.3836441501081171
9.61,attitude_only,2.0140780764956356e-13,4.2964484916658337e-13,2.8510804790307907e-14,1.0,0.0,0.0,0.0,1.0,4.028156152991516e-13,8.592896983331552e-13,5.702160958078888e-14,0.0,0.0,0.0,-1.3366278143557116e-13,-2.8904266710641007e-13,-3.536650500571459e-14,-1.7057088769888817e-17,-3.224077718826797e-17,-2.6863355664985293e-18,0.034127142,0.034127142,0.008531785500000229,0.008531785499999509,0.008531785499999995,0.008531785500000267,533.2849613480654,533.284961348043,533.2849613480581,533.2849613480666,2.288007795307911,1.0199706000001014,2.608517683836621e-12,-1.2243345167781782e-12,1.4030352741273342
9.62,attitude_only,2.0072949753189062e-13,4.2817737772897794e-13,2.8330087625139815e-14,1.0,0.0,0.0,0.0,1.0,4.014589950638055e-13,8.563547554579445e-13,5.6660175250451525e-14,0.0,0.0,0.0,-1.3726500994983527e-13,-2.9704090914716403e-13,-3.689463869849462e-14,-1.1361764453273544e-17,-1.967247764789163e-17,-2.6863355664985293e-18,0.034127142,0.034127142,0.008531785500000175,0.00853178549999965,0.008531785500000048,0.008531785500000126,533.2849613480638,533.2849613480473,533.2849613480598,533.2849613480622,2.2006286706542384,1.0199706000001014,2.654949766818279e-12,-1.2461042810476358e-12,1.4215463958477326
9.63,attitude_only,2.0003393118935205e-13,4.2667209162178837e-13,2.814093895457963e-14,1.0,0.0,0.0,0.0,1.0,4.0006786237872813e-13,8.533441832435655e-13,5.628187790932996e-14,0.0,0.0,0.0,-1.4056729666223152e-13,-3.042007078044867e-13,-3.8550520178754005e-14,-5.993347431775526e-18,-8.038712181059112e-18,-2.6863355664985293e-18,0.034127142,0.034127142,0.008531785500000128,0.00853178549999978,0.008531785500000095,0.008531785499999996,533.2849613480623,533.2849613480514,533.2849613480613,533.2849613480582,2.113116748580328,1.0199706000001014,2.701466879338134e-12,-1.2679139105636552e-12,1.439177086450579
9.64,attitude_only,1.9932292135600684e-13,4.251337115908511e-13,2.794654317615711e-14,1.0,0.0,0.0,0.0,1.0,3.9864584271203747e-13,8.502674231816911e-13,5.58930863524837e-14,0.0,0.0,0.0,-1.4348651466632557e-13,-3.103534395343356e-13,-3.898277775106575e-14,-1.0554206801994301e-18,2.4481002901029247e-18,-2.6863355664985293e-18,0.034127142,0.034127142,0.008531785500000085,0.0085317854999999,0.008531785500000139,0.008531785499999877,533.284961348061,533.2849613480552,533.2849613480627,533.2849613480545,2.0254919221772,1.0199706000001014,2.7480684700950193e-12,-1.2897631460743734e-12,1.4559270126162256
9.65,attitude_only,1.9859821257823113e-13,4.235676537630571e-13,2.7750565763761918e-14,1.0,0.0,0.0,0.0,1.0,3.971964251564858e-13,8.471353075261032e-13,5.550113152769208e-14,0.0,0.0,0.0,-1.4605630391427346e-13,-3.153375820758374e-13,-3.95997726629959e-14,3.4888894564807145e-18,1.1582447160663382e-17,-2.6863355664985293e-18,0.034127142,0.034127142,0.00853178550000005,0.008531785500000003,0.008531785500000173,0.008531785499999773,533.2849613480599,533.2849613480585,533.2849613480637,533.2849613480512,1.9377715883394546,1.0199706000001014,2.7947540510666776e-12,-1.311651755652094e-12,1.47179591514611
9.66,attitude_only,1.9786199642077487e-13,4.219805260797753e-13,2.7550099008853075e-14,1.0,0.0,0.0,0.0,1.0,3.95723992841573e-13,8.439610521595397e-13,5.5100198017873135e-14,0.0,0.0,0.0,-1.4811107091509603e-13,-3.1891904074569175e-13,-4.0403134739891526e-14,7.435720566618756e-18,1.9069387971945448e-17,-2.6863355664985293e-18,0.034127142,0.034127142,0.008531785500000022,0.008531785500000092,0.008531785500000201,0.008531785499999684,533.284961348059,533.2849613480612,533.2849613480646,533.2849613480485,1.8499708160167019,1.0199706000001014,2.8415231870927998e-12,-1.3335795306662851e-12,1.4867835924133666
9.67,attitude_only,1.971173867542398e-13,4.203792660809506e-13,2.7344492580994327e-14,1.0,0.0,0.0,0.0,1.0,3.942347735085026e-13,8.407585321618904e-13,5.4688985162154384e-14,0.0,0.0,0.0,-1.4948136563810197e-13,-3.211399866907158e-13,-4.1766276814419086e-14,1.0574887890606868e-17,2.4945922972881324e-17,-2.6863355664985293e-18,0.034127142,0.034127142,0.008531785500000002,0.008531785500000161,0.008531785500000222,0.008531785499999615,533.2849613480583,533.2849613480633,533.2849613480653,533.2849613480463,1.7621025552398475,1.0199706000001014,2.8883754810222534e-12,-1.3555462848809928e-12,1.5008898875346905
9.68,attitude_only,1.9636768048824862e-13,4.1877025040564635e-13,2.7132920176690023e-14,1.0,0.0,0.0,0.0,1.0,3.9273536097651996e-13,8.37540500811282e-13,5.4265840353544514e-14,0.0,0.0,0.0,-1.5020330245351306e-13,-3.221574061183521e-13,-4.271927021194271e-14,1.2943245093635252e-17,2.938840034722833e-17,-2.6863355664985293e-18,0.034127142,0.034127142,0.008531785499999986,0.008531785500000213,0.008531785500000237,0.008531785499999563,533.2849613480579,533.2849613480649,533.2849613480657,533.2849613480446,1.6741778618279448,1.0199706000001014,2.935310559536839e-12,-1.377551846515151e-12,1.5141146784164936
9.69,attitude_only,1.9561649322000904e-13,4.1715938581280213e-13,2.6916871418987998e-14,1.0,0.0,0.0,0.0,1.0,3.9123298644004054e-13,8.343187716255938e-13,5.38337428381392e-14,0.0,0.0,0.0,-1.501856171566641e-13,-3.22041727619464e-13,-4.364687706548569e-14,1.442387890898312e-17,3.2470003424757246e-17,-2.6863355664985293e-18,0.034127142,0.034127142,0.008531785499999974,0.008531785500000248,0.00853178550000025,0.008531785499999528,533.2849613480574,533.2849613480661,533.2849613480661,533.2849613480436,1.5862061216348116,1.0199706000001014,2.9823280675545004e-12,-1.3995960554946962e-12,1.5264578700251161
9.7,attitude_only,1.9486687910567858e-13,4.1555160219311283e-13,2.669585042676397e-14,1.0,0.0,0.0,0.0,1.0,3.897337582113793e-13,8.311032043862153e-13,5.3391700853689895e-14,0.0,0.0,0.0,-1.4964867232165947e-13,-3.2099990975652377e-13,-4.4567369684792645e-14,1.5276031830194104e-17,3.442982108679413e-17,-2.6863355664985293e-18,0.034127142,0.034127142,0.008531785499999965,0.00853178550000027,0.008531785500000258,0.008531785499999505,533.2849613480572,533.2849613480668,533.2849613480664,533.2849613480429,1.4981952644128853,1.0199706000001014,3.0294276613687128e-12,-1.4216787570799735e-12,1.5379193883803677
9.71,attitude_only,1.9412116282839075e-13,4.139517211356356e-13,2.6470466603140866e-14,1.0,0.0,0.0,0.0,1.0,3.882423256568034e-13,8.279034422712609e-13,5.2940933206442446e-14,0.0,0.0,0.0,-1.486688756637495e-13,-3.190106913867883e-13,-4.553806724708538e-14,1.558696459733988e-17,3.5232865956979943e-17,-2.6863355664985293e-18,0.034127142,0.034127142,0.00853178549999996,0.008531785500000279,0.008531785500000263,0.008531785499999497,533.2849613480571,533.284961348067,533.2849613480665,533.2849613480425,1.4101519616406535,1.0199706000001014,3.076609010341358e-12,-1.4437997978139245e-12,1.5484991758858866
9.72,attitude_only,1.9338131395199185e-13,4.12363805905815e-13,2.623991676272261e-14,1.0,0.0,0.0,0.0,1.0,3.8676262790400536e-13,8.247276118116198e-13,5.247983352560471e-14,0.0,0.0,0.0,-1.4735840954726633e-13,-3.1629641736309017e-13,-4.657725948704191e-14,1.5487989353032712e-17,3.513870130217309e-17,-2.6863355664985293e-18,0.034127142,0.034127142,0.00853178549999996,0.008531785500000277,0.008531785500000263,0.008531785499999498,533.2849613480571,533.284961348067,533.2849613480665,533.2849613480427,1.3220818055425934,1.0199706000001014,3.123871791788804e-12,-1.4659590277388223e-12,1.55819718769739
9.73,attitude_only,1.9264853223260757e-13,4.1079123659705897e-13,2.6004803507477028e-14,1.0,0.0,0.0,0.0,1.0,3.852970644652365e-13,8.215824731941079e-13,5.2009607015112333e-14,0.0,0.0,0.0,-1.4588433981429473e-13,-3.129926941521904e-13,-4.739144493406166e-14,1.5177949071609698e-17,3.430416039061525e-17,-2.6863355664985293e-18,0.034127142,0.034127142,0.008531785499999965,0.008531785500000269,0.008531785500000258,0.008531785499999507,533.2849613480572,533.2849613480668,533.2849613480664,533.2849613480429,1.2339894684318078,1.0199706000001014,3.171215688720929e-12,-1.4881562968167579e-12,1.5670133888972764
9.74,attitude_only,1.91923621357279e-13,4.0923647152371144e-13,2.576569419230991e-14,1.0,0.0,0.0,0.0,1.0,3.838472427145791e-13,8.18472943047413e-13,5.15313883847769e-14,0.0,0.0,0.0,-1.4422547917958758e-13,-3.092110352834157e-13,-4.817695355728974e-14,1.4629571101756944e-17,3.2858280100919685e-17,-2.6863355664985293e-18,0.034127142,0.034127142,0.008531785499999972,0.008531785500000253,0.008531785500000251,0.008531785499999523,533.2849613480574,533.2849613480662,533.2849613480662,533.2849613480435,1.1458788427206468,1.0199706000001014,3.2186403871646844e-12,-1.5103914560456079e-12,1.5749477522960362
9.75,attitude_only,1.9120736533147727e-13,4.077016002082994e-13,2.5522421309457727e-14,1.0,0.0,0.0,0.0,1.0,3.8241473066297534e-13,8.15403200416589e-13,5.1044842619071364e-14,0.0,0.0,0.0,-1.424477498078929e-13,-3.0509924497766725e-13,-4.91587897295576e-14,1.392077335380225e-17,3.0975124183798164e-17,-2.6863355664985293e-18,0.034127142,0.034127142,0.00853178549999998,0.008531785500000232,0.008531785500000243,0.008531785499999544,533.2849613480577,533.2849613480655,533.2849613480658,533.284961348044,1.0577531626776318,1.0199706000001014,3.2661455792531867e-12,-1.5326643605084608e-12,1.5820002567210918
9.76,attitude_only,1.905004107096375e-13,4.0618806648319095e-13,2.5274757096715948e-14,1.0,0.0,0.0,0.0,1.0,3.8100082141929554e-13,8.123761329663723e-13,5.054951419358665e-14,0.0,0.0,0.0,-1.4051989885760325e-13,-3.007139395552168e-13,-4.970255202644893e-14,1.3012551202030673e-17,2.87198970724097e-17,-2.6863355664985293e-18,0.034127142,0.034127142,0.008531785499999991,0.008531785500000208,0.008531785500000232,0.008531785499999568,533.284961348058,533.2849613480648,533.2849613480655,533.2849613480448,0.9696151094167036,1.0199706000001014,3.313730960124214e-12,-1.5549748675305946e-12,1.5881708856848216
9.77,attitude_only,1.8980306273442498e-13,4.046964679944491e-13,2.5024621205955264e-14,1.0,0.0,0.0,0.0,1.0,3.796061254688702e-13,8.093929359888887e-13,5.0049242412064153e-14,0.0,0.0,0.0,-1.3858520274509388e-13,-2.963743749248172e-13,-5.0338113984665265e-14,1.2076767894470346e-17,2.6476163265178304e-17,-2.6863355664985293e-18,0.034127142,0.034127142,0.008531785500000002,0.008531785500000184,0.008531785500000222,0.008531785499999592,533.2849613480583,533.284961348064,533.2849613480653,533.2849613480455,0.881466900789373,1.0199706000001014,3.3613962271616193e-12,-1.5773228359157757e-12,1.593459626347622
9.78,attitude_only,1.8911562433435367e-13,4.03226282446099e-13,2.4770442183703378e-14,1.0,0.0,0.0,0.0,1.0,3.7823124866872733e-13,8.064525648921886e-13,4.954088436755927e-14,0.0,0.0,0.0,-1.365894030605232e-13,-2.921327578409129e-13,-5.124482883274293e-14,1.1047702303590715e-17,2.4307550342902198e-17,-2.6863355664985293e-18,0.034127142,0.034127142,0.00853178550000001,0.00853178550000016,0.008531785500000213,0.008531785499999616,533.2849613480586,533.2849613480632,533.2849613480649,533.2849613480463,0.7933103678908194,1.0199706000001014,3.409141075695263e-12,-1.59970812676453e-12,1.597866468710588
9.79,attitude_only,1.8843812455133195e-13,4.017771752546724e-13,2.4511286554743296e-14,1.0,0.0,0.0,0.0,1.0,3.768762491026836e-13,8.035543505093356e-13,4.9022573109638015e-14,0.0,0.0,0.0,-1.3458864281494157e-13,-2.8794008549756874e-13,-5.244452732859187e-14,9.992676437042152e-18,2.215574438586481e-17,-2.6863355664985293e-18,0.034127142,0.034127142,0.008531785500000019,0.008531785500000135,0.008531785500000204,0.00853178549999964,533.2849613480589,533.2849613480626,533.2849613480647,533.2849613480471,0.7051470198392955,1.0199706000001014,3.4569652080676246e-12,-1.6221306024535536e-12,1.6013914049869205
9.8,attitude_only,1.8777086624293685e-13,4.00348844293987e-13,2.424654738817322e-14,1.0,0.0,0.0,0.0,1.0,3.7554173248589313e-13,8.006976885879649e-13,4.8493094776496793e-14,0.0,0.0,0.0,-1.3252666018822803e-13,-2.83800559499533e-13,-5.331346342631586e-14,8.843563886868389e-18,2.0026318783217724e-17,-2.6863355664985293e-18,0.034127142,0.034127142,0.008531785500000026,0.008531785500000109,0.008531785500000198,0.008531785499999667,533.2849613480591,533.2849613480616,533.2849613480645,533.2849613480479,0.6169780983824543,1.0199706000001014,3.5048683326031054e-12,-1.6445901294989158e-12,1.6040344291124713
9.81,attitude_only,1.8711400184295316e-13,3.989411023858886e-13,2.397601817588711e-14,1.0,0.0,0.0,0.0,1.0,3.7422800368592546e-13,7.978822047717683e-13,4.7952036351923515e-14,0.0,0.0,0.0,-1.3043704482822092e-13,-2.7974209996590175e-13,-5.491573939185761e-14,7.64039590314204e-18,1.7953588342519146e-17,-2.6863355664985293e-18,0.034127142,0.034127142,0.008531785500000033,0.008531785500000085,0.00853178550000019,0.008531785499999691,533.2849613480594,533.284961348061,533.2849613480643,533.2849613480487,0.5288046237486924,1.0199706000001014,3.552850163703467e-12,-1.6670865762023179e-12,1.6057955363646077
9.82,attitude_only,1.864672123139426e-13,3.9755295661220055e-13,2.3698064596030014e-14,1.0,0.0,0.0,0.0,1.0,3.72934424627904e-13,7.951059132243922e-13,4.739612919220829e-14,0.0,0.0,0.0,-1.284876351146124e-13,-2.7594966199310384e-13,-5.600666088070447e-14,6.585980597957906e-18,1.6162159395092638e-17,-2.6863355664985293e-18,0.034127142,0.034127142,0.008531785500000038,0.008531785500000062,0.008531785500000185,0.008531785499999714,533.2849613480595,533.2849613480602,533.284961348064,533.2849613480494,0.4406274330151809,1.0199706000001014,3.600910415605227e-12,-1.6896198104890106e-12,1.606674723065419
9.83,attitude_only,1.858294976421098e-13,3.961829264097795e-13,2.3415700370465228e-14,1.0,0.0,0.0,0.0,1.0,3.716589952842381e-13,7.923658528195503e-13,4.68314007410777e-14,0.0,0.0,0.0,-1.2678552234447435e-13,-2.724558964243282e-13,-5.69397988699531e-14,5.811300497236928e-18,1.4694199676805148e-17,-2.6863355664985293e-18,0.034127142,0.034127142,0.008531785500000043,0.008531785500000045,0.00853178550000018,0.008531785499999731,533.2849613480597,533.2849613480597,533.2849613480639,533.2849613480499,0.35244721211565405,1.0199706000001014,3.649048803154074e-12,-1.7121896976286693e-12,1.6066719863505945
9.84,attitude_only,1.8519980991816383e-13,3.948296643614634e-13,2.3127784023583893e-14,1.0,0.0,0.0,0.0,1.0,3.7039961983634593e-13,7.896593287229182e-13,4.625556804731403e-14,0.0,0.0,0.0,-1.2527808909439616e-13,-2.69206851166502e-13,-5.795411288974977e-14,5.255161488087041e-18,1.3487413879078618e-17,-2.6863355664985293e-18,0.034127142,0.034127142,0.008531785500000048,0.008531785500000033,0.008531785500000175,0.008531785499999743,533.2849613480598,533.2849613480594,533.2849613480638,533.2849613480503,0.26426452246934007,1.0199706000001014,3.697265045923843e-12,-1.734796104047947e-12,1.6057873239894354
9.85,attitude_only,1.845771624650532e-13,3.9349204161236167e-13,2.283539387113063e-14,1.0,0.0,0.0,0.0,1.0,3.6915432493012436e-13,7.86984083224715e-13,4.567078774240652e-14,0.0,0.0,0.0,-1.2393680065017746e-13,-2.661757964407622e-13,-5.895903677426505e-14,4.884983361526342e-18,1.251190617259843e-17,-2.6863355664985293e-18,0.034127142,0.034127142,0.008531785500000054,0.008531785500000022,0.00853178550000017,0.008531785499999753,533.2849613480599,533.284961348059,533.2849613480636,533.2849613480506,0.17607982308054965,1.0199706000001014,3.745558868820871e-12,-1.7574388984643646e-12,1.6040207342446893
9.86,attitude_only,1.8396083508496798e-13,3.921690565627823e-13,2.25387636859045e-14,1.0,0.0,0.0,0.0,1.0,3.6792167016995363e-13,7.843381131255563e-13,4.5077527371953287e-14,0.0,0.0,0.0,-1.227201335863691e-13,-2.633203992344198e-13,-5.966057524987246e-14,4.652184220819984e-18,1.1718633517331709e-17,-2.6863355664985293e-18,0.034127142,0.034127142,0.008531785500000057,0.008531785500000014,0.008531785500000166,0.008531785499999762,533.28496134806,533.2849613480587,533.2849613480635,533.2849613480508,0.08789348883854761,1.0199706000001014,3.793930000985771e-12,-1.7801179529529351e-12,1.6013722157633947
9.870000000000001,attitude_only,1.8335042174834974e-13,3.9086012896968594e-13,2.2237119584278554e-14,1.0,0.0,0.0,0.0,1.0,3.6670084349671686e-13,7.817202579393637e-13,4.4474239168700434e-14,0.0,0.0,0.0,-1.2156855252243503e-13,-2.6055700914853683e-13,-6.078978511367298e-14,4.485972469323601e-18,1.1008135505757902e-17,-2.6863355664985293e-18,0.034127142,0.034127142,0.008531785500000062,0.008531785500000007,0.008531785500000161,0.008531785499999769,533.2849613480602,533.2849613480586,533.2849613480633,533.2849613480511,-0.00029417435966952454,1.0199706000001014,3.842378177483026e-12,-1.8028331430815626e-12,1.5978417674918688
9.88,attitude_only,1.8274547971748173e-13,3.895647985452305e-13,2.193076430275781e-14,1.0,0.0,0.0,0.0,1.0,3.6549095943498053e-13,7.79129597090453e-13,4.3861528605658e-14,0.0,0.0,0.0,-1.2050442452862723e-13,-2.5786258408940065e-13,-6.184137185910875e-14,4.414063122040504e-18,1.0353451275688398e-17,-2.6863355664985293e-18,0.034127142,0.034127142,0.008531785500000066,0.008531785500000002,0.008531785500000158,0.008531785499999774,533.2849613480603,533.2849613480583,533.2849613480632,533.2849613480513,-0.08848291713495109,1.0199706000001014,3.890903137375951e-12,-1.8255843457007365e-12,1.5934293886095081
9.89,attitude_only,1.821458000145379e-13,3.882827253600211e-13,2.1619131785545038e-14,1.0,0.0,0.0,0.0,1.0,3.642916000290926e-13,7.765654507200344e-13,4.323826357123152e-14,0.0,0.0,0.0,-1.1947675430255464e-13,-2.5523471153038757e-13,-6.269384168787831e-14,4.3756263937789056e-18,9.752351320176505e-18,-2.6863355664985293e-18,0.034127142,0.034127142,0.008531785500000071,0.008531785499999996,0.008531785500000152,0.00853178549999978,533.2849613480605,533.2849613480582,533.284961348063,533.2849613480514,-0.1766725363535674,1.0199706000001014,3.939504623460472e-12,-1.8483714401867834e-12,1.588135078477228
9.9,attitude_only,1.8155103201139028e-13,3.870135457789502e-13,2.1302263382233692e-14,1.0,0.0,0.0,0.0,1.0,3.6310206402279707e-13,7.740270915578926e-13,4.260452676460791e-14,0.0,0.0,0.0,-1.1853476562582675e-13,-2.5270653741259397e-13,-6.390295780124106e-14,4.430587637963709e-18,9.245607752950127e-18,-2.6863355664985293e-18,0.034127142,0.034127142,0.008531785500000074,0.008531785499999993,0.008531785500000149,0.008531785499999783,533.2849613480606,533.2849613480581,533.2849613480629,533.2849613480515,-0.26486286668121767,1.0199706000001014,3.988182381211794e-12,-1.8711943063655126e-12,1.5819588365973098
9.91,attitude_only,1.809609429241508e-13,3.857568891125171e-13,2.09801997761723e-14,1.0,0.0,0.0,0.0,1.0,3.619218858483178e-13,7.715137782250266e-13,4.1960399552484215e-14,0.0,0.0,0.0,-1.1760472901398253e-13,-2.502064657459066e-13,-6.483355796800957e-14,4.490590993890432e-18,8.747586410384282e-18,-2.6863355664985293e-18,0.034127142,0.034127142,0.00853178550000008,0.00853178549999999,0.008531785500000144,0.008531785499999786,533.2849613480607,533.284961348058,533.2849613480628,533.2849613480516,-0.3530537736485471,1.0199706000001014,4.036936158314651e-12,-1.8940528254671507e-12,1.5749006625821313
9.92,attitude_only,1.8037531710682683e-13,3.845126933084429e-13,2.065328912781248e-14,1.0,0.0,0.0,0.0,1.0,3.6075063421366955e-13,7.690253866168783e-13,4.1306578255763675e-14,0.0,0.0,0.0,-1.1672998355942921e-13,-2.4772305221456296e-13,-6.583213761396746e-14,4.6081962840207056e-18,8.244720694917481e-18,-2.6863355664985293e-18,0.034127142,0.034127142,0.008531785500000083,0.008531785499999986,0.00853178550000014,0.00853178549999979,533.2849613480608,533.2849613480579,533.2849613480627,533.2849613480518,-0.44124514796522146,1.0199706000001014,4.085765707343342e-12,-1.9169468802010367e-12,1.5669605561298123
9.93,attitude_only,1.7979406106749878e-13,3.8328086929364805e-13,2.032138380491431e-14,1.0,0.0,0.0,0.0,1.0,3.5958812213501316e-13,7.665617385872888e-13,4.064276760996644e-14,0.0,0.0,0.0,-1.1586813888423778e-13,-2.4526009192182544e-13,-6.682944840161551e-14,4.732664062633336e-18,7.741769262850633e-18,-2.6863355664985293e-18,0.034127142,0.034127142,0.008531785500000088,0.008531785499999984,0.008531785500000135,0.008531785499999792,533.2849613480611,533.2849613480578,533.2849613480626,533.2849613480518,-0.529436900863455,1.0199706000001014,4.134670783236023e-12,-1.9398763547364187e-12,1.5581385170052486
9.94,attitude_only,1.7921699483105902e-13,3.8206129128496995e-13,1.998287330039439e-14,1.0,0.0,0.0,0.0,1.0,3.584339896621333e-13,7.641225825699327e-13,3.9965746600925726e-14,0.0,0.0,0.0,-1.1505775755180352e-13,-2.4286363383756794e-13,-6.84994795338398e-14,4.910784039230252e-18,7.294655900117229e-18,-2.6863355664985293e-18,0.034127142,0.034127142,0.008531785500000093,0.008531785499999982,0.00853178550000013,0.008531785499999793,533.2849613480612,533.2849613480578,533.2849613480623,533.2849613480519,-0.6176289602889263,1.0199706000001014,4.183651143292264e-12,-1.9628411337979257e-12,1.5484345450253407
9.95,attitude_only,1.786435935821007e-13,3.808529192209157e-13,1.9636967592005354e-14,1.0,0.0,0.0,0.0,1.0,3.5728718716421635e-13,7.617058384418244e-13,3.9273935184146784e-14,0.0,0.0,0.0,-1.1437479550116363e-13,-2.407447869353745e-13,-6.965460393330706e-14,5.23497753347401e-18,7.159487486838739e-18,-2.6863355664985293e-18,0.034127142,0.034127142,0.008531785500000097,0.008531785499999982,0.008531785500000126,0.008531785499999793,533.2849613480613,533.2849613480578,533.2849613480622,533.2849613480519,-0.705821267788129,1.0199706000001014,4.232706541450984e-12,-1.985841100678861e-12,1.5378486400474916
9.96,attitude_only,1.7807364429004468e-13,3.796541481761894e-13,1.9286199955548643e-14,1.0,0.0,0.0,0.0,1.0,3.56147288580104e-13,7.59308296352372e-13,3.8572399911232496e-14,0.0,0.0,0.0,-1.1366556713707238e-13,-2.389978328083127e-13,-7.051116445039508e-14,5.520559167935413e-18,7.453120862448102e-18,-2.6863355664985293e-18,0.034127142,0.034127142,0.008531785500000097,0.008531785499999988,0.008531785500000126,0.008531785499999788,533.2849613480613,533.2849613480579,533.2849613480622,533.2849613480518,-0.7940137759673793,1.0199706000001014,4.281836729559047e-12,-2.0088761407882974e-12,1.526380801960646
9.97,attitude_only,1.775072672826703e-13,3.784636113828121e-13,1.8932138579710322e-14,1.0,0.0,0.0,0.0,1.0,3.5501453456535495e-13,7.569272227656174e-13,3.7864277159555e-14,0.0,0.0,0.0,-1.1292805091013869e-13,-2.373839010223824e-13,-7.096844541043592e-14,5.764820204716346e-18,7.890241729555468e-18,-2.6863355664985293e-18,0.034127142,0.034127142,0.008531785500000095,0.008531785499999993,0.008531785500000128,0.008531785499999783,533.2849613480613,533.2849613480581,533.2849613480623,533.2849613480515,-0.8822064464205477,1.0199706000001014,4.331041461898755e-12,-2.0319461430717854e-12,1.514031030678314
9.98,attitude_only,1.7694518032386328e-13,3.772809001469809e-13,1.8576357439125684e-14,1.0,0.0,0.0,0.0,1.0,3.538903606477406e-13,7.545618002939553e-13,3.715271487838488e-14,0.0,0.0,0.0,-1.11980819206041e-13,-2.358672141755496e-13,-7.135213344369923e-14,5.747950351859494e-18,8.428889655111564e-18,-2.6863355664985293e-18,0.034127142,0.034127142,0.008531785500000092,0.008531785499999996,0.008531785500000132,0.00853178549999978,533.2849613480612,533.2849613480582,533.2849613480624,533.2849613480514,-0.9703992480399677,1.0199706000001014,4.380320501785903e-12,-2.055051000718661e-12,1.5007993261331378
9.99,attitude_only,1.7638800981300065e-13,3.76105622756836e-13,1.8217931430437668e-14,1.0,0.0,0.0,0.0,1.0,3.52776019626015e-13,7.522112455136656e-13,3.6435862861008017e-14,0.0,0.0,0.0,-1.109801034318083e-13,-2.343661519662771e-13,-7.190448626239235e-14,5.656892457098312e-18,8.971276523647311e-18,-2.6863355664985293e-18,0.034127142,0.034127142,0.008531785500000087,0.0085317855,0.008531785500000137,0.008531785499999776,533.284961348061,533.2849613480583,533.2849613480626,533.2849613480513,-1.058592155641572,1.0199706000001014,4.429673614047027e-12,-2.0781906082843326e-12,1.4866856882726582
10.0,attitude_only,1.758359541212543e-13,3.749381857779709e-13,1.7855590416242638e-14,1.0,0.0,0.0,0.0,1.0,3.51671908242522e-13,7.498763715559355e-13,3.571118083261713e-14,0.0,0.0,0.0,-1.0994457257965374e-13,-2.3273963016711356e-13,-7.286953793643473e-14,5.513701160309364e-18,9.346846666322151e-18,-2.6863355664985293e-18,0.034127142,0.034127142,0.008531785500000083,0.008531785500000002,0.008531785500000142,0.008531785499999774,533.2849613480608,533.2849613480583,533.2849613480627,533.2849613480513,-1.1467851488460123,1.0199706000001014,4.479100570336017e-12,-2.1013648578248037e-12,1.4716901170560208
10.01,attitude_only,1.75288989945553e-13,3.737790676751116e-13,1.748806089923337e-14,1.0,0.0,0.0,0.0,1.0,3.5057797989111906e-13,7.47558135350217e-13,3.497612179859778e-14,0.0,0.0,0.0,-1.0894295785558485e-13,-2.310477047240862e-13,-7.405781466088388e-14,5.4011930699825046e-18,9.627013181930086e-18,-2.6863355664985293e-18,0.034127142,0.034127142,0.00853178550000008,0.008531785500000003,0.008531785500000144,0.008531785499999773,533.2849613480607,533.2849613480585,533.2849613480628,533.2849613480512,-1.2349782111690835,1.0199706000001014,4.528601145040712e-12,-2.124573641027156e-12,1.4558126124514075
10.02,attitude_only,1.7474686413418945e-13,3.726289197519563e-13,1.711505454749726e-14,1.0,0.0,0.0,0.0,1.0,3.494937282683917e-13,7.452578395039067e-13,3.423010909512475e-14,0.0,0.0,0.0,-1.0800328763311648e-13,-2.291891844178854e-13,-7.505331856922468e-14,5.353621679351616e-18,9.688680658667998e-18,-2.6863355664985293e-18,0.034127142,0.034127142,0.008531785500000078,0.008531785500000003,0.008531785500000146,0.008531785499999773,533.2849613480607,533.2849613480585,533.2849613480628,533.2849613480512,-1.3231713292826497,1.0199706000001014,4.578175114822541e-12,-2.1478168488392243e-12,1.4390531744340387
10.03,attitude_only,1.7420938984515273e-13,3.714883847080761e-13,1.6736750415141296e-14,1.0,0.0,0.0,0.0,1.0,3.484187796903179e-13,7.429767694161463e-13,3.347350083041203e-14,0.0,0.0,0.0,-1.0707709427978274e-13,-2.2721941696362472e-13,-7.613532712615401e-14,5.312960598148916e-18,9.597153883191342e-18,-2.6863355664985293e-18,0.034127142,0.034127142,0.00853178550000008,0.008531785500000003,0.008531785500000146,0.008531785499999773,533.2849613480607,533.2849613480585,533.2849613480628,533.2849613480512,-1.4113644924145787,1.0199706000001014,4.627822258575547e-12,-2.171094373361675e-12,1.4214118029846161
10.04,attitude_only,1.7367633439915119e-13,3.70357889305306e-13,1.6352861565989114e-14,1.0,0.0,0.0,0.0,1.0,3.473526687983145e-13,7.407157786106063e-13,3.2705723132106876e-14,0.0,0.0,0.0,-1.0623048277402562e-13,-2.2516394592677685e-13,-7.716686617235422e-14,5.359331618980616e-18,9.382228098241601e-18,-2.6863355664985293e-18,0.034127142,0.034127142,0.008531785500000081,0.008531785500000002,0.008531785500000142,0.008531785499999774,533.2849613480608,533.2849613480583,533.2849613480627,533.2849613480513,-1.4995576918617228,1.0199706000001014,4.677542355460693e-12,-2.194406107691386e-12,1.4028884980881102
10.05,attitude_only,1.730423296307439e-13,3.69015122543786e-13,1.5886135299162773e-14,1.0,0.0,0.0,0.0,1.0,3.460846592614995e-13,7.380302450875666e-13,3.177227059845326e-14,0.0,0.0,0.0,-1.0521015780667954e-13,-2.2262603984486455e-13,-7.831263155937615e-14,5.187043236232278e-18,8.563001198395862e-18,-2.6863355664985293e-18,0.034127142,0.034127142,0.008531785500000087,0.008531785499999993,0.008531785500000137,0.008531785499999783,533.284961348061,533.2849613480581,533.2849613480626,533.2849613480515,-1.5877509205952722,1.0199706000001014,4.727335186616294e-12,-2.217751946067563e-12,1.383483259732816
10.06,attitude_only,1.7262303125371177e-13,3.681284828178302e-13,1.557116104947492e-14,1.0,0.0,0.0,0.0,1.0,3.45246062507435e-13,7.36256965635655e-13,3.1142322099076934e-14,0.0,0.0,0.0,-1.045268010857815e-13,-2.2090235280137691e-13,-7.907875906707608e-14,5.412283182012438e-18,8.703600274224337e-18,-2.6863355664985293e-18,0.034127142,0.034127142,0.008531785500000087,0.008531785499999996,0.008531785500000137,0.00853178549999978,533.284961348061,533.2849613480582,533.2849613480626,533.2849613480514,-1.6759441729402054,1.0199706000001014,4.777200533512893e-12,-2.241131784069478e-12,1.363196087909617
10.07,attitude_only,1.7210270529713463e-13,3.6702981382395305e-13,1.5173134658318032e-14,1.0,0.0,0.0,0.0,1.0,3.442054105942804e-13,7.340596276479009e-13,3.0346269316762396e-14,0.0,0.0,0.0,-1.0370560910843278e-13,-2.187742120319311e-13,-8.003521305265066e-14,5.463908900278279e-18,8.337573471208664e-18,-2.6863355664985293e-18,0.034127142,0.034127142,0.00853178550000009,0.008531785499999995,0.008531785500000133,0.008531785499999781,533.2849613480611,533.2849613480581,533.2849613480624,533.2849613480515,-1.7641374443162343,1.0199706000001014,4.827138178949137e-12,-2.264545518937802e-12,1.342026982611414
10.08,attitude_only,1.7158649226417735e-13,3.65941831242079e-13,1.477046779299811e-14,1.0,0.0,0.0,0.0,1.0,3.431729845283655e-13,7.318836624841529e-13,2.95409355861218e-14,0.0,0.0,0.0,-1.0285125409376951e-13,-2.1664714617479412e-13,-8.084682605168418e-14,5.467195423620037e-18,7.951565904392223e-18,-2.6863355664985293e-18,0.034127142,0.034127142,0.008531785500000093,0.008531785499999991,0.008531785500000132,0.008531785499999785,533.2849613480612,533.284961348058,533.2849613480624,533.2849613480516,-1.8523307310277222,1.0199706000001014,4.8771479070033595e-12,-2.2879930475541093e-12,1.3199759438326777
10.09,attitude_only,1.710747910663786e-13,3.6486439218187673e-13,1.436425364311754e-14,1.0,0.0,0.0,0.0,1.0,3.421495821327677e-13,7.297287843637485e-13,2.8728507286359915e-14,0.0,0.0,0.0,-1.0191573175529041e-13,-2.1453450642599943e-13,-8.163204711294772e-14,5.3637259349980015e-18,7.561743270098589e-18,-2.6863355664985293e-18,0.034127142,0.034127142,0.008531785500000095,0.008531785499999988,0.008531785500000128,0.008531785499999788,533.2849613480613,533.2849613480579,533.2849613480623,533.2849613480518,-1.9405240300936908,1.0199706000001014,4.92722950312367e-12,-2.311474271201022e-12,1.2970429715691025
10.1,attitude_only,1.705677882881464e-13,3.6379754663461207e-13,1.3954810343183025e-14,1.0,0.0,0.0,0.0,1.0,3.4113557657630294e-13,7.275950932692194e-13,2.7909620686490154e-14,0.0,0.0,0.0,-1.0095784074780605e-13,-2.1244294511104682e-13,-8.210398571863047e-14,5.223835133494803e-18,7.176299143265824e-18,-2.6863355664985293e-18,0.034127142,0.034127142,0.008531785500000097,0.008531785499999982,0.008531785500000126,0.008531785499999793,533.2849613480613,533.2849613480578,533.2849613480622,533.2849613480519,-2.0287173391103193,1.0199706000001014,4.977382756152376e-12,-2.334989090929258e-12,1.2732280658173347
10.11,attitude_only,1.7006583396898212e-13,3.6274073198663417e-13,1.354126803522476e-14,1.0,0.0,0.0,0.0,1.0,3.401316679379741e-13,7.254814639732637e-13,2.70825360705729e-14,0.0,0.0,0.0,-9.99436336247211e-14,-2.10516445915466e-13,-8.334450831340049e-14,5.006222922040063e-18,6.969664567723506e-18,-2.6863355664985293e-18,0.034127142,0.034127142,0.008531785500000097,0.00853178549999998,0.008531785500000126,0.008531785499999795,533.2849613480613,533.2849613480577,533.2849613480622,533.2849613480519,-2.1169106561397135,1.0199706000001014,5.027607453217723e-12,-2.3585374095269088e-12,1.2485312265747623
10.12,attitude_only,1.6956861065718267e-13,3.616928300770361e-13,1.3121258367623999e-14,1.0,0.0,0.0,0.0,1.0,3.391372213143748e-13,7.233856601540678e-13,2.6242516735370663e-14,0.0,0.0,0.0,-9.904902698429951e-14,-2.0884730256202776e-13,-8.455993826619199e-14,4.9231852233771154e-18,7.055165569217814e-18,-2.6863355664985293e-18,0.034127142,0.034127142,0.008531785500000095,0.00853178549999998,0.008531785500000128,0.008531785499999795,533.2849613480613,533.2849613480577,533.2849613480623,533.2849613480519,-2.2051039796199126,1.0199706000001014,5.077903379381148e-12,-2.3821191268431735e-12,1.2229524538393513
10.13,attitude_only,1.6907575490982124e-13,3.606526489593954e-13,1.2695825207510478e-14,1.0,0.0,0.0,0.0,1.0,3.3815150981965163e-13,7.213052979187864e-13,2.539165041514291e-14,0.0,0.0,0.0,-9.818340776915328e-14,-2.0740918143797498e-13,-8.55765049654633e-14,4.8662762428933475e-18,7.403512034734513e-18,-2.6863355664985293e-18,0.034127142,0.034127142,0.008531785500000092,0.008531785499999982,0.008531785500000132,0.008531785499999793,533.2849613480612,533.2849613480578,533.2849613480624,533.2849613480519,-2.2932973082926145,1.0199706000001014,5.128270320551426e-12,-2.405734142418491e-12,1.1964917476095176
10.14,attitude_only,1.685871154266125e-13,3.596193629246495e-13,1.2264417948001218e-14,1.0,0.0,0.0,0.0,1.0,3.3717423085323385e-13,7.192387258492948e-13,2.452883589612369e-14,0.0,0.0,0.0,-9.735773832077902e-14,-2.0602756657145062e-13,-8.690838426948975e-14,4.849050288051986e-18,7.805849860619697e-18,-2.6863355664985293e-18,0.034127142,0.034127142,0.008531785500000088,0.008531785499999986,0.008531785500000135,0.00853178549999979,533.2849613480611,533.2849613480579,533.2849613480626,533.2849613480518,-2.381490641143901,1.0199706000001014,5.178708066206723e-12,-2.4293823584865468e-12,1.1691491078840277
10.15,attitude_only,1.6810242714088867e-13,3.585929905492647e-13,1.1827054530539599e-14,1.0,0.0,0.0,0.0,1.0,3.3620485428178583e-13,7.171859810985255e-13,2.3654109061199757e-14,0.0,0.0,0.0,-9.659558249727278e-14,-2.0463944610709718e-13,-8.7906963847615e-14,4.900419124817215e-18,8.186499764466476e-18,-2.6863355664985293e-18,0.034127142,0.034127142,0.008531785500000087,0.008531785499999988,0.008531785500000137,0.008531785499999786,533.284961348061,533.2849613480579,533.2849613480626,533.2849613480516,-2.4696839773572714,1.0199706000001014,5.229216413461269e-12,-2.4530636773625003e-12,1.1409245346619208
10.16,attitude_only,1.6762150665822884e-13,3.5757416555937186e-13,1.1384816298808448e-14,1.0,0.0,0.0,0.0,1.0,3.352430133164658e-13,7.151483311187399e-13,2.276963259773677e-14,0.0,0.0,0.0,-9.585444131396104e-14,-2.0300922795393108e-13,-8.883071213048648e-14,4.9695941179827164e-18,8.26033026020646e-18,-2.6863355664985293e-18,0.034127142,0.034127142,0.008531785500000087,0.00853178549999999,0.008531785500000137,0.008531785499999786,533.284961348061,533.284961348058,533.2849613480626,533.2849613480516,-2.557877316275279,1.0199706000001014,5.279795164467651e-12,-2.4767780024813976e-12,1.1118180279424483
10.17,attitude_only,1.6714441315519728e-13,3.5656422188081214e-13,1.0937940815779195e-14,1.0,0.0,0.0,0.0,1.0,3.3428882631040233e-13,7.131284437616206e-13,2.1875881631677587e-14,0.0,0.0,0.0,-9.506735620885575e-14,-2.0111619933872078e-13,-8.98209173434886e-14,4.975765553944902e-18,7.999857915341339e-18,-2.6863355664985293e-18,0.034127142,0.034127142,0.008531785500000088,0.008531785499999988,0.008531785500000135,0.008531785499999788,533.2849613480611,533.2849613480579,533.2849613480626,533.2849613480518,-2.6460706573686488,1.0199706000001014,5.33044412846612e-12,-2.500525239624045e-12,1.0818295877250277
10.18,attitude_only,1.6667124888548823e-13,3.555640184692124e-13,1.0486107328047334e-14,1.0,0.0,0.0,0.0,1.0,3.333424977709839e-13,7.111280369384213e-13,2.0972214656213193e-14,0.0,0.0,0.0,-9.428534856433733e-14,-1.9913009050382557e-13,-9.081188386240102e-14,4.980209866166144e-18,7.607828218505247e-18,-2.6863355664985293e-18,0.034127142,0.034127142,0.008531785500000092,0.008531785499999984,0.008531785500000132,0.008531785499999792,533.2849613480612,533.2849613480578,533.2849613480624,533.2849613480518,-2.7342640002113905,1.0199706000001014,5.381163113767217e-12,-2.5243052960303e-12,1.0509592140092048
10.19,attitude_only,1.6620197683917961e-13,3.545739004259539e-13,1.0028851383181072e-14,1.0,0.0,0.0,0.0,1.0,3.3240395367836635e-13,7.091478008519045e-13,2.0057702766480005e-14,0.0,0.0,0.0,-9.351090427401288e-14,-1.9715862429833918e-13,-9.209608511491291e-14,4.985985760516927e-18,7.21365501490494e-18,-2.6863355664985293e-18,0.034127142,0.034127142,0.008531785500000095,0.008531785499999982,0.008531785500000128,0.008531785499999793,533.2849613480613,533.2849613480578,533.2849613480623,533.2849613480519,-2.8224573444607035,1.0199706000001014,5.431951926785348e-12,-2.5481180785713506e-12,1.0192069067946259
10.2,attitude_only,1.6573626254960458e-13,3.5359310326374065e-13,9.565256576959927e-15,1.0,0.0,0.0,0.0,1.0,3.3147252509921593e-13,7.071862065274782e-13,1.913051315403706e-14,0.0,0.0,0.0,-9.283226244594547e-14,-1.9538298376512957e-13,-9.312384808581844e-14,5.099938191295474e-18,7.03671621270459e-18,-2.6863355664985293e-18,0.034127142,0.034127142,0.008531785500000097,0.00853178549999998,0.008531785500000126,0.008531785499999795,533.2849613480613,533.2849613480577,533.2849613480622,533.2849613480519,-2.910650689840759,1.0199706000001014,5.482810368431855e-12,-2.5719634931075457e-12,0.9865726660810168
10.21,attitude_only,1.6527403757020006e-13,3.52620442163678e-13,9.097195676235159e-15,1.0,0.0,0.0,0.0,1.0,3.3054807514040653e-13,7.052408843273529e-13,1.8194391352586876e-14,0.0,0.0,0.0,-9.212358187860842e-14,-1.9385720523438957e-13,-9.399535048184003e-14,5.170757329277242e-18,7.144354028160844e-18,-2.6863355664985293e-18,0.034127142,0.034127142,0.008531785500000097,0.008531785499999982,0.008531785500000126,0.008531785499999793,533.2849613480613,533.2849613480578,533.2849613480622,533.2849613480519,-2.998844036129592,1.0199706000001014,5.533738238096233e-12,-2.5958414473149633e-12,0.9530564918681623
10.22,attitude_only,1.648154865042022e-13,3.5165487859089495e-13,8.624455383393053e-15,1.0,0.0,0.0,0.0,1.0,3.2963097300841044e-13,7.033097571817871e-13,1.724891076690202e-14,0.0,0.0,0.0,-9.137925077604975e-14,-1.92519432857988e-13,-9.500027427561352e-14,5.191352513967307e-18,7.464221505058803e-18,-2.6863355664985293e-18,0.034127142,0.034127142,0.008531785500000093,0.008531785499999986,0.00853178550000013,0.00853178549999979,533.2849613480612,533.2849613480579,533.2849613480623,533.2849613480518,-3.087037383149018,1.0199706000001014,5.584735337404905e-12,-2.6197518517334885e-12,0.9186583841558958
10.23,attitude_only,1.6436073698476325e-13,3.506956703060978e-13,8.148274728871318e-15,1.0,0.0,0.0,0.0,1.0,3.287214739695322e-13,7.013913406121929e-13,1.6296549457857918e-14,0.0,0.0,0.0,-9.057874103970583e-14,-1.912736751841789e-13,-9.533222394986101e-14,5.136528240751636e-18,7.882049048329635e-18,-2.6863355664985293e-18,0.034127142,0.034127142,0.00853178550000009,0.008531785499999988,0.008531785500000133,0.008531785499999788,533.2849613480611,533.2849613480579,533.2849613480624,533.2849613480518,-3.175230730755402,1.0199706000001014,5.635801471338548e-12,-2.6436946171700403e-12,0.8833783429440872
10.24,attitude_only,1.639104968327136e-13,3.49742959304817e-13,7.670524459521809e-15,1.0,0.0,0.0,0.0,1.0,3.278209936654326e-13,6.994859186096315e-13,1.534104891915827e-14,0.0,0.0,0.0,-8.959670053294066e-14,-1.8992734136348317e-13,-9.574024331040801e-14,4.854046637962822e-18,8.165721877129553e-18,-2.6863355664985293e-18,0.034127142,0.034127142,0.008531785500000087,0.008531785499999988,0.008531785500000137,0.008531785499999788,533.284961348061,533.2849613480579,533.2849613480626,533.2849613480518,-3.2634240788333795,1.0199706000001014,5.686936451961243e-12,-2.667669658851808e-12,0.8472163682326351
10.25,attitude_only,1.6346531910315653e-13,3.487972849054057e-13,7.189132021521713e-15,1.0,0.0,0.0,0.0,1.0,3.2693063820631805e-13,6.975945698108091e-13,1.4378264043157458e-14,0.0,0.0,0.0,-8.85765601250991e-14,-1.8845575071508083e-13,-9.675982478088108e-14,4.515643749803924e-18,8.284370606197486e-18,-2.6863355664985293e-18,0.034127142,0.034127142,0.008531785500000083,0.008531785499999986,0.00853178550000014,0.00853178549999979,533.2849613480608,533.2849613480579,533.2849613480627,533.2849613480518,-3.3516174272902126,1.0199706000001014,5.738140095955424e-12,-2.6916768927311026e-12,0.8101724600214605
10.26,attitude_only,1.6302511338857113e-13,3.478593284380609e-13,6.702034001795102e-15,1.0,0.0,0.0,0.0,1.0,3.260502267771469e-13,6.957186568761196e-13,1.3404068003703623e-14,0.0,0.0,0.0,-8.761772395107866e-14,-1.8685392895652806e-13,-9.795140048159966e-14,4.241217580490164e-18,8.230723785499412e-18,-2.6863355664985293e-18,0.034127142,0.034127142,0.008531785500000081,0.008531785499999984,0.008531785500000142,0.008531785499999792,533.2849613480608,533.2849613480578,533.2849613480627,533.2849613480518,-3.4398107760513517,1.0199706000001014,5.7894122224308e-12,-2.7157162311108205e-12,0.7722466183105022
10.27,attitude_only,1.6258949952016858e-13,3.4692977397891903e-13,6.2080024748202315e-15,1.0,0.0,0.0,0.0,1.0,3.2517899904034146e-13,6.93859547957836e-13,1.2416004949753278e-14,0.0,0.0,0.0,-8.674835811633261e-14,-1.8515944939316907e-13,-9.962190865243686e-14,4.065462159958217e-18,8.048942803400263e-18,-2.6863355664985293e-18,0.034127142,0.034127142,0.008531785500000081,0.00853178549999998,0.008531785500000142,0.008531785499999795,533.2849613480608,533.2849613480577,533.2849613480627,533.2849613480519,-3.5280041250568943,1.0199706000001014,5.840752652166306e-12,-2.7397875850062736e-12,0.7334388430997124
10.28,attitude_only,1.6215765540442295e-13,3.460085525663466e-13,5.705275865012334e-15,1.0,0.0,0.0,0.0,1.0,3.2431531080884983e-13,6.920171051326914e-13,1.1410551730136884e-14,0.0,0.0,0.0,-8.608561737530905e-14,-1.8351372994688572e-13,-1.0130488193843642e-13,4.131029444483009e-18,7.909216767329073e-18,-2.6863355664985293e-18,0.034127142,0.034127142,0.008531785500000083,0.00853178549999998,0.00853178550000014,0.008531785499999795,533.2849613480608,533.2849613480577,533.2849613480627,533.2849613480519,-3.6161974742587084,1.0199706000001014,5.892161202689188e-12,-2.76389086357123e-12,0.6937491343890536
10.29,attitude_only,1.6172868083184763e-13,3.450955099074789e-13,5.1942224515667896e-15,1.0,0.0,0.0,0.0,1.0,3.2345736166369885e-13,6.901910198149561e-13,1.0388444903245203e-14,0.0,0.0,0.0,-8.558725106073308e-14,-1.818700233961041e-13,-1.0284228338424708e-13,4.38886237759915e-18,7.75546914035212e-18,-2.6863355664985293e-18,0.034127142,0.034127142,0.008531785500000087,0.00853178549999998,0.008531785500000137,0.008531785499999795,533.284961348061,533.2849613480577,533.2849613480626,533.2849613480519,-3.7043908236179686,1.0199706000001014,5.943637691916628e-12,-2.7880259756197407e-12,0.6531774921784972
10.3,attitude_only,1.6130186340156602e-13,3.4419064935412425e-13,4.675952020555912e-15,1.0,0.0,0.0,0.0,1.0,3.226037268031353e-13,6.88381298708247e-13,9.351904041222861e-15,0.0,0.0,0.0,-8.519212658702546e-14,-1.8023487572823097e-13,-1.0427240160168818e-13,4.766634275020413e-18,7.595640696186942e-18,-2.6863355664985293e-18,0.034127142,0.034127142,0.00853178550000009,0.008531785499999982,0.008531785500000133,0.008531785499999793,533.2849613480611,533.2849613480578,533.2849613480624,533.2849613480519,-3.7925841731039336,1.0199706000001014,5.9951819406576366e-12,-2.812192831787364e-12,0.6117239164680202
10.31,attitude_only,1.608769461823588e-13,3.4329395552245573e-13,4.151469008540488e-15,1.0,0.0,0.0,0.0,1.0,3.217538923647204e-13,6.865879110449102e-13,8.302938017191432e-15,0.0,0.0,0.0,-8.480347810880418e-14,-1.7859719035281467e-13,-1.0528880588813216e-13,5.148290882242901e-18,7.41639014921552e-18,-2.6863355664985293e-18,0.034127142,0.034127142,0.008531785500000093,0.008531785499999984,0.00853178550000013,0.008531785499999792,533.2849613480612,533.2849613480578,533.2849613480623,533.2849613480518,-3.8807775226914667,1.0199706000001014,6.046793771133089e-12,-2.836391346193497e-12,0.5693884072576051
10.32,attitude_only,1.6045418997672086e-13,3.4240504717811193e-13,3.622543609088952e-15,1.0,0.0,0.0,0.0,1.0,3.209083799534442e-13,6.848100943562227e-13,7.245087218287784e-15,0.0,0.0,0.0,-8.43378170841298e-14,-1.7714502273776582e-13,-1.0620779347089831e-13,5.432875823474935e-18,7.445239238534505e-18,-2.6863355664985293e-18,0.034127142,0.034127142,0.008531785500000097,0.008531785499999988,0.008531785500000126,0.008531785499999788,533.2849613480613,533.2849613480579,533.2849613480622,533.2849613480518,-3.9689708723605253,1.0199706000001014,6.0984730053103526e-12,-2.860621436987492e-12,0.5261709645472384
10.33,attitude_only,1.6003389620593923e-13,3.4152316199111555e-13,3.090444320252548e-15,1.0,0.0,0.0,0.0,1.0,3.2006779241188057e-13,6.830463239822301e-13,6.180888640614407e-15,0.0,0.0,0.0,-8.379303872189869e-14,-1.757292103209291e-13,-1.0650529151490368e-13,5.617072176016567e-18,7.503556441539692e-18,-2.6863355664985293e-18,0.034127142,0.034127142,0.008531785500000097,0.00853178549999999,0.008531785500000126,0.008531785499999786,533.2849613480613,533.284961348058,533.2849613480622,533.2849613480516,-4.05716422209502,1.0199706000001014,6.150219462866467e-12,-2.884883023300788e-12,0.4820715883369094
10.34,attitude_only,1.5961699938491954e-13,3.4064857661175587e-13,2.5574971396641566e-15,1.0,0.0,0.0,0.0,1.0,3.1923399876984084e-13,6.812971532235109e-13,5.11499427943706e-15,0.0,0.0,0.0,-8.299564345840553e-14,-1.7426792732583924e-13,-1.0670280471678977e-13,5.490154294408812e-18,7.492696120690248e-18,-2.6863355664985293e-18,0.034127142,0.034127142,0.008531785500000097,0.008531785499999988,0.008531785500000126,0.008531785499999788,533.2849613480613,533.2849613480579,533.2849613480622,533.2849613480518,-4.145357571882033,1.0199706000001014,6.202032972342182e-12,-2.909176028556506e-12,0.4370902786266095
10.35,attitude_only,1.591227237870934e-13,3.3960855408191244e-13,1.915677686308937e-15,1.0,0.0,0.0,0.0,1.0,3.182454475741881e-13,6.792171081638243e-13,3.831355372725952e-15,0.0,0.0,0.0,-8.183280928891871e-14,-1.7253172838313501e-13,-1.0721819866190432e-13,4.9130813839138125e-18,7.134574673276462e-18,-2.6863355664985293e-18,0.034127142,0.034127142,0.008531785500000095,0.00853178549999998,0.008531785500000128,0.008531785499999795,533.2849613480613,533.2849613480577,533.2849613480623,533.2849613480519,-4.233550921711189,1.0199706000001014,6.253913361406959e-12,-2.933500378946748e-12,0.39122703541633236
10.36,attitude_only,1.5879722858398038e-13,3.3892104305960553e-13,1.4845004694407705e-15,1.0,0.0,0.0,0.0,1.0,3.175944571679618e-13,6.778420861192105e-13,2.9690009389891802e-15,0.0,0.0,0.0,-8.103904521203659e-14,-1.713806096080217e-13,-1.0821640266292501e-13,4.770954943775605e-18,7.467038239220716e-18,-2.6863355664985293e-18,0.034127142,0.034127142,0.008531785500000092,0.008531785499999982,0.008531785500000132,0.008531785499999793,533.2849613480612,533.2849613480578,533.2849613480624,533.2849613480519,-4.321744271574155,1.0199706000001014,6.305860460513234e-12,-2.9578559974734845e-12,0.3444818587060732
10.37,attitude_only,1.583946707287932e-13,3.3806775220094783e-13,9.397327001702083e-16,1.0,0.0,0.0,0.0,1.0,3.1678934145758705e-13,6.761355044018954e-13,1.8794654004475127e-15,0.0,0.0,0.0,-8.009376026279115e-14,-1.7008888365397553e-13,-1.0957286707213404e-13,4.43755060730897e-18,7.61785593090498e-18,-2.6863355664985293e-18,0.034127142,0.034127142,0.008531785500000087,0.00853178549999998,0.008531785500000137,0.008531785499999795,533.284961348061,533.2849613480577,533.2849613480626,533.2849613480519,-4.409937621464086,1.0199706000001014,6.357874098179155e-12,-2.9822428031059275e-12,0.29685474849582766
10.38,attitude_only,1.5799642658310367e-13,3.372207638134937e-13,3.8719922493955723e-16,1.0,0.0,0.0,0.0,1.0,3.159928531662076e-13,6.744415276269873e-13,7.743984499856738e-16,0.0,0.0,0.0,-7.931980648112603e-14,-1.6880203035984944e-13,-1.1128321691861553e-13,4.30200413412221e-18,7.761652281552435e-18,-2.6863355664985293e-18,0.034127142,0.034127142,0.008531785500000085,0.00853178549999998,0.008531785500000139,0.008531785499999795,533.284961348061,533.2849613480577,533.2849613480627,533.2849613480519,-4.498130971375982,1.0199706000001014,6.409954102711634e-12,-3.006660713679869e-12,0.24834570478559304
10.39,zero_thrust,2.16594714280877e-13,4.622380519514165e-13,-1.7333576821696545e-16,1.0,0.0,0.0,0.0,1.0,4.3318942856175386e-13,9.24476103902833e-13,-3.4667153623369424e-16,0.0,0.0,0.0,2.1716990497512262e-11,4.6332143515679664e-11,-1.1277316362971902e-13,0.0,0.0,0.0,0.0,0.0,0.0,0.0,0.0,0.0,0.0,0.0,0.0,0.0,-5.50840317893938,1.0199706000001014,6.4623506851949124e-12,-3.0312267726153675e-12,0.20059824473963767
10.4,zero_thrust,3.471951626629432e-13,7.408681028634309e-13,-7.364761888833195e-16,1.0,0.0,0.0,0.0,1.0,6.943903253258852e-13,1.4817362057268623e-12,-1.4729523772521874e-15,0.0,0.0,0.0,2.8933219015527648e-11,6.172777279756709e-11,-1.1206225712820674e-13,0.0,0.0,0.0,0.0,0.0,0.0,0.0,0.0,0.0,0.0,0.0,0.0,0.0,-4.771870297712751,1.0199706000001014,6.5335905410469595e-12,-3.0646222557129173e-12,0.17321216314754315
10.41,zero_thrust,4.904946729010498e-13,1.046591496862609e-12,-1.2937689679859858e-15,1.0,0.0,0.0,0.0,1.0,9.80989345802097e-13,2.0931829937252194e-12,-2.5875379349452765e-15,0.0,0.0,0.0,2.684838999258223e-11,5.7279915731434545e-11,-1.109450962254427e-13,0.0,0.0,0.0,0.0,0.0,0.0,0.0,0.0,0.0,0.0,0.0,0.0,0.0,-3.6751624279032393,1.0199706000001014,6.654315029754708e-12,-3.1212076270039642e-12,0.18032885366089108
10.42,zero_thrust,6.033282998781359e-13,1.2873176732363058e-12,-1.845664853497803e-15,1.0,0.0,0.0,0.0,1.0,1.206656599756267e-12,2.574635346472614e-12,-3.691329705442255e-15,0.0,0.0,0.0,1.897824570716154e-11,4.048940587138502e-11,-1.0998086661136613e-13,0.0,0.0,0.0,0.0,0.0,0.0,0.0,0.0,0.0,0.0,0.0,0.0,0.0,-2.2146055137285705,1.0199706000001014,6.8342931106487295e-12,-3.2055625417704017e-12,0.21660507509059135
10.43,zero_thrust,6.936975570959747e-13,1.4801182845591067e-12,-2.393327271515803e-15,1.0,0.0,0.0,0.0,1.0,1.3873951141919423e-12,2.9602365691182167e-12,-4.7866545409780966e-15,0.0,0.0,0.0,1.8041179428410648e-11,3.8490531290977515e-11,-1.0920310539710487e-13,0.0,0.0,0.0,0.0,0.0,0.0,0.0,0.0,0.0,0.0,0.0,0.0,0.0,-0.8790403525935016,1.0199706000001014,7.03620869468056e-12,-3.3001988208463676e-12,0.26123727801005814
10.44,hover,7.839036128167221e-13,1.6725714016798576e-12,-2.9372504800726676e-15,1.0,0.0,0.0,0.0,1.0,1.5678072256334343e-12,3.3451428033597197e-12,-5.874500957523065e-15,-1.5678072256334442e-12,-3.3451428033597152e-12,5.874500960145335e-15,1.804123486894764e-11,3.849067917575627e-11,-1.0846605422304336e-13,-4.089124338523454e-14,-8.724475050746789e-14,1.9963905166114245e-16,0.34127141999999994,0.34127141999999994,0.08531785500034794,0.08531785499902346,0.0853178549996354,0.08531785500099315,1686.395119778161,1686.3951197650713,1686.3951197711192,1686.3951197845377,0.7454816965375383,1.0199706000001014,7.2376453071598444e-12,-3.394610617785816e-12,0.30469869736842997
10.45,hover,-1.9703033633073693e-05,1.864485155767672e-12,-1.8647865720429497e-15,0.9999999998058953,0.0,0.0,0.0,1.0,-3.940606726869702e-05,3.728970237327628e-12,-3.803045170826885e-15,3.940606726869702e-05,-3.728970311776614e-12,3.729573144327209e-15,-0.011206632166816104,3.806984550442359e-11,2.786193929625703e-13,1.4036838335370642e-05,-9.209927568909333e-14,-2.9301585536660435e-16,0.34127141999999994,0.34127141999999994,0.08542574105181124,0.08542574105037108,0.08520996894821314,0.08520996894960446,1687.4610222837864,1687.4610222695624,1685.3285431255745,1685.3285431393338,1.2034856380832086,1.0199706000001014,7.43913251680091e-12,9.809838495877912e-08,0.34719571702815044
10.46,hover,-0.00013802865580004,2.0475122874493963e-12,-4.950670339363254e-16,0.9999999904740451,0.0,0.0,0.0,1.0,-0.0002760573124766499,4.095024399222899e-12,-1.5553647959820889e-15,0.0002760573124766498,-4.095024587901799e-12,9.901340710166416e-16,-0.03385978198777356,3.487070201905339e-11,1.5773127632147152e-13,4.4426636614140484e-05,-9.341116429913214e-14,-1.8230168363312593e-16,0.34127141999999994,0.34127141999999994,0.08565931468509652,0.08565931468364542,0.08497639531491864,0.08497639531633935,1689.7664008682436,1689.766400853931,1683.0170856225104,1683.0170856365794,1.795621662806266,1.0199706000001014,7.641040035497467e-12,8.51626085035863e-07,0.3888373746451419
10.47,hover,-0.0003611562889144325,2.204784885574293e-12,4.840258824887658e-16,0.9999999347830655,0.0,0.0,0.0,1.0,-0.0007223125935312029,4.409569833187946e-12,-6.244921524131236e-16,0.0007223125935312026,-4.409569867008129e-12,-9.680517860219881e-16,-0.0523330650119489,2.8167257138708522e-11,8.112409994291684e-14,7.25452015252781e-05,-8.986420335008215e-14,-1.1477934844135522e-16,0.34127141999999994,0.34127141999999994,0.08587543179478405,0.0858754317933931,0.08476027820522548,0.0847602782065973,1691.8966851316509,1691.896685117949,1680.8755476955603,1680.8755477091624,2.2567541799122073,1.0199706000001014,7.844218440129014e-12,2.452160190222477e-06,0.42985021712850074
10.48,hover,-0.0006554761294042133,2.3204258652991437e-12,1.4125318053720327e-15,0.9999997851754988,0.0,0.0,0.0,1.0,-0.001310952352683323,4.64085258539139e-12,-2.169045256602257e-16,0.0013109523526833229,-4.640852062921202e-12,-2.8250638130417095e-15,-0.06296085491457808,1.867003986177649e-11,5.6552711583923066e-14,9.312293030267266e-05,-8.189371457363046e-14,-1.0842586023194272e-16,0.34127141999999994,0.34127141999999994,0.08603359062259931,0.08603359062133142,0.08460211937740969,0.08460211937865951,1693.4539716468953,1693.453971634417,1679.3065967576192,1679.3065967700231,2.617227446446971,1.0199706000001014,8.049568328355702e-12,4.971172934371772e-06,0.47044142225436014
10.49,hover,-0.0009808488849510288,2.3835147028631267e-12,2.372514230995911e-15,0.9999995189676167,0.0,0.0,0.0,1.0,-0.001961698084448836,4.7670317667866135e-12,6.929070234411109e-17,0.001961698084448836,-4.767030170091572e-12,-4.745029222829418e-15,-0.06567133493072724,7.51404943866538e-12,4.1494559083427596e-14,0.00010503733826098996,-7.057250686333736e-14,-1.1428511066191785e-16,0.34127141999999994,0.34127141999999994,0.08612516383828958,0.08612516383719522,0.08451054616171992,0.08451054616279523,1694.3549789255062,1694.3549789147417,1678.3975111369368,1678.3975111476148,2.9001984605315,1.0199706000001014,8.257836432503827e-12,8.635989754421021e-06,0.5107622474230554
10.5,hover,-0.0013008625137443715,2.3888815935746326e-12,3.2705993870305655e-15,0.9999991538780023,0.0,0.0,0.0,1.0,-0.002601725761281251,4.777767653779013e-12,3.259802096986439e-16,0.0026017257612812503,-4.777764534673232e-12,-6.5412006189458126e-15,-0.06175880059091831,-4.188790108401037e-12,1.421904791396919e-14,0.0001089003897572455,-5.709380033422089e-14,-1.0390486455299877e-16,0.34127141999999994,0.34127141999999994,0.0861548549524618,0.08615485495157552,0.08448085504754682,0.0844808550484158,1694.6470129249317,1694.647012916215,1678.1026492991705,1678.102649307801,3.123190883787145,1.0199706000001014,8.46955735495657e-12,1.3832164664373087e-05,0.5509138531911518
10.511,attitude_only,-0.0018196497195216077,2.229164897560876e-12,4.518731025386729e-15,0.9999983444360787,0.0,0.0,0.0,1.0,-0.003639301447408829,4.45833885908708e-12,9.248485274492249e-16,0.003639301447408829,-4.458332255473367e-12,-0.0,-0.04085405727225078,-2.612576639164917e-11,-5.73467272636201e-14,9.711532379758508e-05,-2.7139274561718666e-14,-8.347599628885996e-18,0.034127142,0.034127142,0.009278206349023654,0.009278206348605777,0.007785364650977041,0.007785364651393526,556.1236777619301,556.1236777494067,509.42335540547026,509.4233554190963,5.168366678253552,1.0199706000001014,8.685052736028391e-12,2.1035067761156682e-05,0.5909610627595109
10.512,attitude_only,-0.0018584857321625153,2.2015096245988576e-12,4.5925552704311234e-15,0.9999982730139004,0.0,0.0,0.0,1.0,-0.003716973604045859,4.403028715641565e-12,1.0021462252331555e-15,0.003716973604045859,-4.403021783850479e-12,-0.0,-0.0381569982111389,-2.8163035269948005e-11,-6.500867488441057e-14,9.488624553814689e-05,-2.404669343085399e-14,-8.347599628885996e-18,0.034127142,0.034127142,0.009261073826330731,0.009261073825960394,0.007802497173669964,0.00780249717403891,555.6099899009116,555.6099898898026,509.98356750226,509.98356751431743,4.86166436793697,1.0199706000001014,8.904451848106421e-12,3.0730636630339644e-05,0.6309444691528852
10.53,attitude_only,-0.001984106882554873,2.0711205746549596e-12,5.088127213573511e-15,0.9999980316580022,0.0,0.0,0.0,1.0,-0.0039682163687124,4.1422531867391476e-12,1.9575852232502343e-15,0.003968216368712399,-4.142243867094465e-12,-0.0,-0.02571634919753094,-3.59362872489012e-11,3.781342960394624e-14,8.41495531297395e-05,-1.1688206780634764e-14,-8.347599628885996e-18,0.034127142,0.034127142,0.009178552440860462,0.009178552440680096,0.007885018559140233,0.007885018559319208,553.1290518754932,553.1290518700586,512.67333846353,512.6733384693483,4.388420110744786,1.0199706000001014,9.127631204084173e-12,4.3273971490723185e-05,0.670871558464502
10.54,attitude_only,-0.00206308063061535,1.8675509024981555e-12,6.03329569479526e-15,0.9999978718468913,0.0,0.0,0.0,1.0,-0.004126164188267497,3.735118750478767e-12,4.36074952277222e-15,0.004126164188267497,-3.735104454621406e-12,-0.0,-0.007468826136146979,-4.432554832315157e-11,9.11769528286997e-14,6.463520397092815e-05,3.334324495911763e-15,-8.347599628885996e-18,0.034127142,0.034127142,0.00902856666616687,0.009028566666217428,0.008035004333833825,0.008035004333781876,548.5911247965668,548.5911247981028,517.5263063791646,517.5263063774916,4.304858484186607,1.0199706000001014,9.353668318448183e-12,5.8205173916597774e-05,0.710577678244047
10.55,attitude_only,-0.0020491933128405034,1.6276828868589977e-12,6.9018132315088056e-15,0.9999979004011792,0.0,0.0,0.0,1.0,-0.004098389494005992,3.2553872250548964e-12,7.132723706586999e-15,0.0040983894940059915,-3.255368052040622e-12,-0.0,0.010983866868157817,-5.058299854964089e-11,5.779646297799665e-14,4.2458676315343395e-05,1.678039477896073e-14,-8.347599628885996e-18,0.034127142,0.034127142,0.008858119593972763,0.008858119594230014,0.008205451406027933,0.00820545140576929,543.388123841905,543.3881238497953,522.9866603151536,522.9866603069111,4.229606315189856,1.0199706000001014,9.581569826612231e-12,7.478622988637555e-05,0.7498636546360747
10.56,attitude_only,-0.0019473642113071552,1.3632200418144036e-12,7.385677964806387e-15,0.9999981038845167,0.0,0.0,0.0,1.0,-0.0038947308842344664,2.72646367919344e-12,9.461956078284058e-15,0.003894730884234465,-2.726441806845199e-12,-0.0,0.02764750132390113,-5.4399976635699765e-11,-1.2381045704476175e-14,2.0131409726377545e-05,2.7979239010248927e-14,-8.347599628885996e-18,0.034127142,0.034127142,0.008686513954041592,0.00868651395447099,0.008377057045959103,0.008377057045528314,538.0989361954915,538.0989362087914,528.4271329760646,528.4271329624775,4.1583033263501905,1.0199706000001014,9.810703968344244e-12,9.24912406042208e-05,0.7885945683459892
10.57,attitude_only,-0.00176954356168575,1.086170895855022e-12,7.457101860042689e-15,0.9999984343565661,0.0,0.0,0.0,1.0,-0.0035390889703554957,2.172364781930552e-12,1.1070126938458859e-14,0.0035390889703554953,-2.1723429254149745e-12,-0.0,0.04157285139798114,-5.5899518068501006e-11,-6.874669546710203e-14,-9.085329460103691e-07,3.676963619491661e-14,-8.347599628885996e-18,0.034127142,0.034127142,0.008524802585938338,0.00852480258650286,0.008538768414062358,0.008538768413496444,533.0666808176484,533.0666808352985,533.503152569953,533.5031525522738,4.08831626406113,1.0199706000001014,1.0040673941041994e-11,0.00011096257883085118,0.8266782484950372
10.58,attitude_only,-0.001530875887049819,8.074990426945639e-13,7.30731864215093e-15,0.9999988282088227,0.0,0.0,0.0,1.0,-0.003061752970011437,1.6150185661444365e-12,1.214225853244499e-14,0.0030617529700114367,-1.6149987162029259e-12,-0.0,0.05225081262289017,-5.5297920802622196e-11,-7.68020399389448e-14,-1.9666451249257657e-05,4.3127329322812544e-14,-8.347599628885996e-18,0.034127142,0.034127142,0.008380630680216898,0.00838063068087915,0.008682940319783797,0.008682940319120154,528.5398338888281,528.5398339097111,537.98823778294,537.9882377623807,4.0181026750740285,1.0199706000001014,1.027122906208409e-11,0.0001299627681130066,0.8640507316862927
10.59,attitude_only,-0.0012480169479148512,5.369063495550054e-13,7.226699850068546e-15,0.9999992212265456,0.0,0.0,0.0,1.0,-0.0024960345437782176,1.0738299009409666e-12,1.3113251996837594e-14,0.002496034543778218,-1.0738129778623728e-12,-0.0,0.059602067072523135,-5.290715858802881e-11,-2.6793183117269957e-14,-3.562299491996324e-05,4.717433381348116e-14,-8.347599628885996e-18,0.034127142,0.034127142,0.008257989922732712,0.008257989923457172,0.008805581077267984,0.008805581076542132,524.6582990459191,524.6582990689328,541.7742788673768,541.7742788450473,3.946806314138494,1.0199706000001014,1.0502211556899426e-11,0.0001493422804439031,0.9006669403902554
10.6,attitude_only,-0.0009370606168422343,2.8235862381869716e-13,7.48416027077645e-15,0.9999995609586039,0.0,0.0,0.0,1.0,-0.0018741215079567846,5.647310259268252e-13,1.4439139677428004e-14,0.0018741215079567844,-5.647173302821584e-13,-0.0,0.06385824407789259,-4.9085096405908327e-11,6.906440363693102e-14,-4.864453404624703e-05,4.9131386196930004e-14,-8.347599628885996e-18,0.034127142,0.034127142,0.008157907382625717,0.008157907383380262,0.008905663617374979,0.008905663616619042,521.4693146173837,521.4693146414996,544.8444309273054,544.8444309041815,3.8739990195422145,1.0199706000001014,1.0733519272827609e-11,0.00016900673791080212,0.9364946388018256
10.61,attitude_only,-0.00061278395533221,5.0120789271227244e-14,8.317912235933884e-15,0.9999998122478945,0.0,0.0,0.0,1.0,-0.0012255679873654111,1.0025175388820714e-13,1.6574394917468706e-14,0.0012255679873654111,-1.0024158481597744e-13,-0.0,0.06525322521248275,-4.4144001400646156e-11,2.040461332749619e-13,-5.8631129108239977e-05,4.9207196991734434e-14,-8.347599628885996e-18,0.034127142,0.034127142,0.008081151187295155,0.008081151188050865,0.00898241981270554,0.00898241981194844,519.0103141972921,519.0103142215597,547.1873479502714,547.187347927211,3.799515685834888,1.0199706000001014,1.0965083653905764e-11,0.0001888961141989315,0.9715104623118807
10.62,attitude_only,-0.0002887007637221348,-1.550149158525572e-13,9.85135463578326e-15,0.9999999583259336,0.0,0.0,0.0,1.0,-0.0005774015354651598,-3.100241305976966e-13,1.979221429966442e-14,0.0005774015354651597,3.1002983601184907e-13,-0.0,0.06409667469600688,-3.837543995954733e-11,3.512981816231033e-13,-6.56044925046855e-05,4.7622937695546414e-14,-8.347599628885996e-18,0.034127142,0.034127142,0.008027554456926067,0.008027554457657425,0.009036016543074628,0.009036016542341879,517.286331313908,517.286331337472,548.8174117462208,548.8174117239686,3.7233487067865676,1.0199706000001014,1.1196857167998083e-11,0.00020897441201557206,1.0056972702178189
10.63,attitude_only,2.3449866259065377e-05,-3.296567471938881e-13,1.2088658773046932e-14,0.9999999997250519,0.0,0.0,0.0,1.0,4.689973252242909e-05,-6.593140611613622e-13,2.4161856726180165e-14,-4.689973252242909e-05,6.593134944482019e-13,-0.0,0.06076538048259387,-3.204499570931909e-11,4.885542901500253e-13,-6.971089844251922e-05,4.460418980304683e-14,-8.347599628885996e-18,0.034127142,0.034127142,0.00799599293930367,0.007995992939988622,0.009067578060697025,0.009067578060010682,516.2684359679458,516.2684359900582,549.7750467447884,549.7750467239815,3.645580669795227,1.0199706000001014,1.142880460837808e-11,0.0002292182545642865,1.0390423554361168
10.64,attitude_only,0.0003137955335178294,-4.716654423271329e-13,1.495124176986328e-14,0.9999999507661803,0.0,0.0,0.0,1.0,0.0006275910773352276,-9.433402214762593e-13,2.960646904927915e-14,-0.0006275910773352275,9.43330900135527e-13,-0.0,0.05561496105559344,-2.5392747036657864e-11,6.033682161059311e-13,-7.111759998616172e-05,4.037796082448138e-14,-8.347599628885996e-18,0.034127142,0.034127142,0.007985181140341144,0.007985181140961133,0.009078389859659551,0.009078389859038171,515.9192811652208,515.9192811852494,550.1027134290332,550.1027134102071,3.566341684542888,1.0199706000001014,1.1660898223898038e-11,0.0002496104615297496,1.0715362128714514
10.65,attitude_only,0.0005741909074127221,-5.800444673934254e-13,1.829639685572322e-14,0.9999998351523873,0.0,0.0,0.0,1.0,0.0011483818779281152,-1.1601097547983853e-12,3.5926675161067036e-14,-0.0011483818779281154,1.1600889985328189e-12,-0.0,0.04899101790185294,-1.8638035380099537e-11,6.839892112166468e-13,-7.002310617559909e-05,3.5175793271033165e-14,-8.347599628885996e-18,0.034127142,0.034127142,0.007993593334946893,0.007993593335486915,0.009069977665053802,0.00906997766451239,516.1909638543632,516.1909638717992,549.8477869693819,549.8477869529709,3.4857826580513764,1.0199706000001014,1.1893114649266167e-11,0.00027013741197300155,1.103171678392304
10.66,attitude_only,0.0007982181460620155,-6.548368656312943e-13,2.1935068373458012e-14,0.999999681423845,0.0,0.0,0.0,1.0,0.001596436461652898,-1.3097083319709886e-12,4.282471743322199e-14,-0.0015964364616528977,1.3096738703395467e-12,-0.0,0.041238598591705214,-1.1979899694942798e-11,7.247366630721325e-13,-6.666888764020154e-05,2.9231815294509184e-14,-8.347599628885996e-18,0.034127142,0.034127142,0.008019373598584345,0.008019373599032995,0.00904419740141635,0.009044197400966309,517.0226815973791,517.0226816118417,549.0657945218209,549.06579450816,3.404058924833578,1.0199706000001014,1.2125433150066383e-11,0.00029078667919113494,1.1339433183119272
10.67,attitude_only,0.0009811928293167983,-6.970607143166735e-13,2.565601987734022e-14,0.9999995186302,0.0,0.0,0.0,1.0,0.001962385973511388,-1.3941711045508587e-12,4.99441131056422e-14,-0.001962385973511388,1.3941216523293744e-12,-0.0,0.03270701906389762,-5.613703532452305e-12,7.234286859612918e-13,-6.134569513712443e-05,2.2801302483955986e-14,-8.347599628885996e-18,0.034127142,0.034127142,0.00806028724347557,0.008060287243825372,0.009003283756525125,0.009003283756173932,518.3398898880788,518.3398898993263,547.8224699214496,547.8224699107651,3.321320574819755,1.0199706000001014,1.2357834444821885e-11,0.00031154548770491127,1.1638469900595712
10.68,attitude_only,0.0011201265939299774,-7.086065293551466e-13,2.9286136369978487e-14,0.9999993726580101,0.0,0.0,0.0,1.0,0.0022402536563283703,-1.4172777779933957e-12,5.698477795878459e-14,-0.0022402536563283703,1.4172133550694544e-12,-0.0,0.023719252025374633,3.1634818280763685e-13,6.906154069343718e-13,-5.435600477058721e-05,1.610089871220388e-14,-8.347599628885996e-18,0.034127142,0.034127142,0.008114009461734536,0.008114009461981342,0.008949561538266159,0.008949561538017962,520.0644018367512,520.0644018446608,546.185607593431,546.1856075858573,3.2377070968647024,1.0199706000001014,1.259030001797354e-11,0.00033239984684163174,1.1928795219100155
10.69,attitude_only,0.0012136354053845888,-6.920402466049306e-13,3.266309326135383e-14,0.9999992635442803,0.0,0.0,0.0,1.0,0.0024272714066285103,-1.384158756068728e-12,6.364636932240229e-14,-0.0024272714066285108,1.3840808329812932e-12,-0.0,0.014606232200819568,5.6643251463633525e-12,6.289273816406848e-13,-4.6053383447393853e-05,9.367500922713583e-15,-8.347599628885996e-18,0.034127142,0.034127142,0.008177822765527745,0.008177822765671045,0.00888574823447295,0.008885748234328259,522.105441634406,522.1054416389804,544.2348829464765,544.2348829420455,3.153344775023395,1.0199706000001014,1.2822812748077858e-11,0.0003533346501741267,1.2210384767865965
10.7,attitude_only,0.0012619484613100478,-6.506109047926801e-13,3.568545164449423e-14,0.9999992037427236,0.0,0.0,0.0,1.0,0.002523897592510739,-1.301310839879614e-12,6.972877159895808e-14,-0.0025238975925107386,1.3012221549545817e-12,-0.0,0.005670691261355054,1.0316240784194243e-11,5.524177880325588e-13,-3.6799345222487795e-05,2.8178578286494902e-15,-8.347599628885996e-18,0.034127142,0.034127142,0.008248948585857438,0.008248948585900058,0.008814622414143257,0.008814622414099246,524.3710068853107,524.3710068866654,542.052347230513,542.0523472291597,3.068345815523728,1.0199706000001014,1.305535592791012e-11,0.00037433295521530844,1.2483219765618465
10.71,attitude_only,0.0012667046541463489,-5.880308800357366e-13,3.830923790119268e-14,0.9999991977293378,0.0,0.0,0.0,1.0,0.0025334099857862364,-1.1761578695315186e-12,7.512869142858396e-14,-0.0025334099857862364,1.17606207457819e-12,-0.0,-0.0028188098460647584,1.4191837104972813e-11,4.721735884053125e-13,-2.6951245513008e-05,-3.3590908843934075e-15,-8.347599628885996e-18,0.034127142,0.034127142,0.008324640316693796,0.008324640316641464,0.0087389306833069,0.00873893068335784,526.7713076435161,526.7713076418604,539.7200102308263,539.7200102323994,2.9828085242319333,1.0199706000001014,1.3287914019755475e-11,0.0003953768524097647,1.2747285701524982
10.72,attitude_only,0.0012307986758880469,-5.083400785460835e-13,4.0543485897757436e-14,0.9999992425670229,0.0,0.0,0.0,1.0,0.002461597973274619,-1.0167791887626066e-12,7.983558178641773e-14,-0.0024615979732746187,1.0166804137812706e-12,-0.0,-0.010626039734478152,1.723760239113152e-11,3.9812403437174765e-13,-1.6860724896755192e-05,-8.997297139880074e-15,-8.347599628885996e-18,0.034127142,0.034127142,0.008402195275819223,0.008402195275680221,0.008661375724181472,0.008661375724319083,529.2194023849095,529.219402380532,537.319759677031,537.3197596812995,2.89681809598503,1.0199706000001014,1.35204728821811e-11,0.00041644795527252717,1.3002571339824718
10.73,attitude_only,0.0011582073413784605,-4.157731467917247e-13,4.2439428351302186e-14,0.9999993292776523,0.0,0.0,0.0,1.0,0.002316415200647425,-8.316440431617281e-13,8.391569675053394e-14,-0.0023164152006474245,8.315464794957267e-13,-0.0,-0.017551345597800406,1.9426530969769908e-11,3.376266502306465e-13,-6.864292653328896e-06,-1.395672930742079e-14,-8.347599628885996e-18,0.034127142,0.034127142,0.008479027079001084,0.008479027078785848,0.008584543920999612,0.008584543921213456,531.6335542144634,531.6335542077159,534.9312703827665,534.9312703894292,2.8104477264012706,1.0199706000001014,1.3753019936039957e-11,0.0004375279045029003,1.3249067964631336
10.74,attitude_only,0.001053780179316418,-3.14713462164352e-13,4.196239224536475e-14,0.9999994447735128,0.0,0.0,0.0,1.0,0.002107560748690701,-6.295150131286535e-13,8.326146027628054e-14,-0.002107560748690701,6.2942704082023e-13,-0.0,-0.023434559631021017,2.0687193351268047e-11,-6.975335496081223e-13,2.7254071314576577e-06,-1.8038886658755174e-14,-8.347599628885996e-18,0.034127142,0.034127142,0.008552732768035339,0.008552732767757351,0.008510838231965356,0.008510838232241953,533.9392215110673,533.9392215023901,532.6298975200122,532.6298975286671,2.7237599130431716,1.0199706000001014,1.3985543926755077e-11,0.0004585989979747268,1.3486768830592408
10.75,attitude_only,0.000923361116073665,-2.1042020425700375e-13,3.558805390462696e-14,0.9999995737020339,0.0,0.0,0.0,1.0,0.0018467224945653523,-4.209059503609418e-13,7.078748979772954e-14,-0.001846722494565352,4.2084046831515444e-13,-0.0,-0.028036232688663384,2.0838926680216712e-11,-1.7059286671199804e-12,1.1473163927562781e-05,-2.0890310743525127e-14,-8.347599628885996e-18,0.034127142,0.034127142,0.00861996734852967,0.008619967348207852,0.008443603651471026,0.008443603651791452,536.0338095222996,536.0338095122935,530.521870471929,530.5218704819954,2.6368083941454006,1.0199706000001014,1.4218029301786935e-11,0.0004796427563109469,1.3715669062447835
10.76,attitude_only,0.0007738045079535662,-1.0805064679863084e-13,2.5278599040256172e-14,0.999999700613247,0.0,0.0,0.0,1.0,0.001547609170351697,-2.1614035028718127e-13,5.038996278919681e-14,-0.0015476091703516969,2.1610131516321911e-13,-0.0,-0.03122182102474693,2.0043295228353498e-11,-2.3278551860779798e-12,1.9042687114639195e-05,-2.2571245659879697e-14,-8.347599628885996e-18,0.034127142,0.034127142,0.008678146116851044,0.008678146116503386,0.008385424883149651,0.008385424883495918,537.8396947310306,537.8396947202573,528.6909898718296,528.6909898827455,2.549639439169833,1.0199706000001014,1.4450460552338407e-11,0.0005006380851492519,1.3935765424374587
10.77,attitude_only,0.0006122736099532972,-1.1838339924958129e-14,1.268480670851917e-14,0.9999998125604957,0.0,0.0,0.0,1.0,0.0012245472964161081,-2.3692208556761093e-14,2.535511205552716e-14,-0.001224547296416108,2.367668132923141e-14,-0.0,-0.03297475905067466,1.8482383683382772e-11,-2.6605921050757116e-12,2.523024809384467e-05,-2.3189703580623582e-14,-8.347599628885996e-18,0.034127142,0.034127142,0.008725703230785805,0.008725703230428641,0.00833786776921489,0.008337867769570663,539.311389050451,539.3113890394133,527.1896486469517,527.1896486581992,2.4622921249327687,1.0199706000001014,1.4682828081961174e-11,0.0005215649391079127,1.4147055711173033
10.78,attitude_only,0.00044579285114802844,7.487021375840678e-14,-9.547998818564257e-16,0.9999999006343621,0.0,0.0,0.0,1.0,0.000891585731827052,1.4974126392368365e-13,-1.8428463618494077e-15,-0.000891585731827052,-1.4974043247649811e-13,0.0,-0.03335574112032129,1.6329727355841533e-11,-2.7764490375006897e-12,2.9927364190509798e-05,-2.286579267004891e-14,-8.347599628885996e-18,0.034127142,0.034127142,0.008761804900908636,0.00876180490055645,0.00830176609909206,0.008301766099442854,540.4259092268072,540.4259092159458,526.0470859499195,526.0470859610336,2.374798906783573,1.0199706000001014,1.4915127263543252e-11,0.0005424062837366448,1.4349538314591708
10.79,attitude_only,0.00024866626051250646,1.6291189431375622e-13,-1.742924296412836e-14,0.9999999690825451,0.0,0.0,0.0,1.0,0.0004973325261504317,3.258324466832131e-13,-3.477746346741703e-14,-0.0004973325261504316,-3.258237919853932e-13,0.0,-0.03217136383802655,1.3197033130897821e-11,-2.7145044467147653e-12,3.3509130305640776e-05,-2.138411262473071e-14,-8.347599628885996e-18,0.034127142,0.034127142,0.008789334077543811,0.008789334077214401,0.008274236922456884,0.008274236922784901,541.2742397203045,541.2742397101615,525.1741591274551,525.1741591378649,2.287186397425364,1.0199706000001014,1.5147357511648254e-11,0.0005631491185612685,1.454321195059099
10.8,attitude_only,0.0001234890702545661,2.1057416562438266e-13,-2.797171126707592e-14,0.9999999923752249,0.0,0.0,0.0,1.0,0.0002469781411368498,4.211552364388396e-13,-5.5891414891730646e-14,-0.0002469781411368498,-4.2114833231915247e-13,0.0,-0.030515969626547346,1.0902036806674128e-11,-2.574097280762315e-12,3.480737175418054e-05,-1.992514672096607e-14,-8.347599628885996e-18,0.034127142,0.034127142,0.008799312260646163,0.008799312260339181,0.008264258739354532,0.008264258739660123,541.5813961799329,541.5813961704858,524.857400930784,524.857400940488,2.1994761749388356,1.0199706000001014,1.5379521457937382e-11,0.0005837850147497502,1.472807547909026
10.81,attitude_only,-2.148472194974966e-05,2.5695096618264856e-13,-4.015286263788825e-14,0.9999999997692034,0.0,0.0,0.0,1.0,-4.296944390280505e-05,5.139002069005118e-13,-8.031676629736852e-14,4.296944390280505e-05,-5.139019324048328e-13,0.0,-0.027627001276786498,7.93469219805495e-12,-2.333738416676496e-12,3.510054771210152e-05,-1.760811350687225e-14,-8.347599628885996e-18,0.034127142,0.034127142,0.008801565588309366,0.008801565588038001,0.00826200541169133,0.008262005411961303,541.6507358162751,541.6507358079251,524.785842405939,524.785842414513,2.111685605017407,1.0199706000001014,1.561162448226849e-11,0.0006043098631430575,1.4904127811623424
10.82,attitude_only,-0.00014997629849252284,2.8842965358678505e-13,-5.100041236133214e-14,0.9999999887535549,0.0,0.0,0.0,1.0,-0.0002999525981095125,5.768440029798185e-13,-1.0208733879915845e-13,0.00029995259810951247,-5.768593093361089e-13,0.0,-0.024029503062805768,4.96339456984685e-12,-2.044220982364264e-12,3.4137637996244134e-05,-1.490536475282992e-14,-8.347599628885996e-18,0.034127142,0.034127142,0.008794164738872281,0.008794164738642462,0.008269406261128414,0.008269406261356842,541.4229627833272,541.4229627762526,525.020833273259,525.0208332805104,2.023828669572114,1.0199706000001014,1.5843673669790668e-11,0.0006247238041702044,1.5071367904402515
10.83,attitude_only,-0.0002590092648637496,3.053042017746511e-13,-6.030838463610358e-14,0.9999999664570998,0.0,0.0,0.0,1.0,-0.0005180185355194474,6.105771422069861e-13,-1.2077491846009386e-13,0.0005180185355194473,-6.106084103764946e-13,0.0,-0.0199287279065134,2.0999411026086105e-12,-1.7230281406671022e-12,3.208458819022959e-05,-1.1956270056692397e-14,-8.347599628885996e-18,0.034127142,0.034127142,0.008778385157225005,0.008778385157040521,0.00828518584277569,0.008285185842958783,540.937000559369,540.937000553685,525.5215137611935,525.5215137670002,1.935916506346682,1.0199706000001014,1.6075677125535266e-11,0.0006450310870804895,1.5229794689747007
10.84,attitude_only,-0.0003466193897120106,3.0833985534113e-13,-6.860455641441636e-14,0.9999999399274975,0.0,0.0,0.0,1.0,-0.0006932387933055511,6.166321142978149e-13,-1.3742285773130245e-13,0.000693238793305551,-6.166797230307581e-13,0.0,-0.015523161076395465,-5.876909809221792e-13,-1.6503814703417864e-12,2.9125106577615815e-05,-8.859758370800464e-15,-8.347599628885996e-18,0.034127142,0.034127142,0.008755638810991798,0.00875563881085491,0.008307932189008898,0.008307932189144393,540.2357143257561,540.235714321533,526.2424089399897,526.2424089442809,1.8479580101936348,1.0199706000001014,1.6307643490394113e-11,0.0006652391995566202,1.5379407092305148
10.85,attitude_only,-0.0004117774848319708,2.984682648362827e-13,-7.678764149909911e-14,0.999999915219648,0.0,0.0,0.0,1.0,-0.0008235549929377027,5.968732402203109e-13,-1.538210750008246e-13,0.0008235549929377024,-5.969365465420622e-13,0.0,-0.010985906780499042,-3.072156177329969e-12,-1.63570736916572e-12,2.5436410385224682e-05,-5.670454110127672e-15,-8.347599628885996e-18,0.034127142,0.034127142,0.008727287778037787,0.008727287777949925,0.008336283221962908,0.008336283222049379,539.360355051481,539.360355048766,527.1395521100305,527.1395521127645,1.7599603765129388,1.0199706000001014,1.653957996361641e-11,0.0006853580041201069,1.552020407648416
10.86,attitude_only,-0.0004542187017848594,2.768830960287264e-13,-8.493006221648479e-14,0.9999998968426801,0.0,0.0,0.0,1.0,-0.0009084374348070428,5.536889812872118e-13,-1.701116378715031e-13,0.0009084374348070427,-5.537662110991324e-13,0.0,-0.006458561069429897,-5.289284455908952e-12,-1.6317762085158718e-12,2.1177614188548792e-05,-2.4943399270685584e-15,-8.347599628885996e-18,0.034127142,0.034127142,0.008694555000653982,0.008694555000614944,0.008369015999346714,0.00836901599938436,538.3479358387096,538.347935837501,528.1734563362909,528.1734563374789,1.671929700378206,1.0199706000001014,1.6771492892987056e-11,0.0007053983743123616,1.5652184776068085
10.870000000000001,attitude_only,-0.0004743944574650041,2.451434215703186e-13,-9.419512434100388e-14,0.9999998874749431,0.0,0.0,0.0,1.0,-0.0009487889505175187,4.901974166812671e-13,-1.8862281684433825e-13,0.0009487889505175186,-4.902868615304896e-13,0.0,-0.0020942599684042086,-7.140320946854724e-12,-2.0971794727921146e-12,1.6540492550579486e-05,5.110305802055829e-16,-8.347599628885996e-18,0.034127142,0.034127142,0.008658914443263395,0.008658914443270554,0.0084046565567373,0.00840465655672875,537.2434098638281,537.2434098640502,529.2969096432645,529.2969096429952,1.5838712857150552,1.0199706000001014,1.7003388738026443e-11,0.0007253716640666101,1.577534853877435
10.88,attitude_only,-0.00047360058328032884,2.054588014615036e-13,-1.0597343038504277e-13,0.9999998878512375,0.0,0.0,0.0,1.0,-0.0009472012019698056,4.1081717868222135e-13,-2.121414478169319e-13,0.0009472012019698055,-4.109176182843081e-13,0.0,0.0019375814993217492,-8.512630369463952e-12,-2.5571011143068843e-12,1.1758574111939543e-05,3.1542673481570422e-15,-8.347599628885996e-18,0.034127142,0.034127142,0.00862216098889254,0.008622160988940331,0.008441410011108156,0.008441410011058973,536.1020110915626,536.1020110930484,530.4529514514979,530.4529514499526,1.4957900960649313,1.0199706000001014,1.723527643634544e-11,0.0007452906859991713,1.588969507252079
10.89,attitude_only,-0.00045387077835999044,1.6020385347393887e-13,-1.1978630065204993e-13,0.9999998970006531,0.0,0.0,0.0,1.0,-0.0009077415878855781,3.2029893894306555e-13,-2.3971800032362333e-13,0.000907741587885578,-3.2040771794847303e-13,0.0,0.005508216394893864,-9.417707980291535e-12,-2.922624222943385e-12,7.035988863081893e-06,5.388615593188228e-15,-8.347599628885996e-18,0.034127142,0.034127142,0.00858586356482106,0.008585863564903198,0.008477707435179635,0.008477707435096106,534.9723844841919,534.9723844867508,531.5921818831812,531.5921818805624,1.4076907310306292,1.0199706000001014,1.7467164909639828e-11,0.0007651694088262023,1.599522439961013
10.9,attitude_only,-0.0004177741582239241,1.1164805852418322e-13,-1.351919827597526e-13,0.9999999127323727,0.0,0.0,0.0,1.0,-0.0008355483407532887,2.2318313812825196e-13,-2.7047722927107266e-13,0.0008355483407532885,-2.2329612354387407e-13,0.0,0.00852760148526788,-9.881554919657886e-12,-3.204105097977051e-12,2.5446866082682495e-06,7.187056990125227e-15,-8.347599628885996e-18,0.034127142,0.034127142,0.008551343763912492,0.008551343764022274,0.008512227236088203,0.00851222723597703,533.895862627176,533.8958626306031,532.673359451744,532.6733594482655,1.3195771980007662,1.0199706000001014,1.7699061260929816e-11,0.0007850219136079058,1.609193670619826
10.91,attitude_only,-0.00036819947287833544,6.18892661992642e-14,-1.5175313970256407e-13,0.9999999322145718,0.0,0.0,0.0,1.0,-0.0007363989623957106,1.2366677315605538e-13,-3.035518340222079e-13,0.0007363989623957106,-1.2377853519532208e-13,0.0,0.010956539921392517,-9.946687321305727e-12,-3.4023604183888938e-12,-1.5957575583466012e-06,8.546515951978785e-15,-8.347599628885996e-18,0.034127142,0.034127142,0.008519520631069205,0.008519520631199885,0.00854405036893149,0.008544050368799419,532.9015115719228,532.9015115760099,533.6681356089972,533.6681356048725,1.23145280597313,1.0199706000001014,1.7930970759576234e-11,0.0008048614163885874,1.6179832229984517
10.92,attitude_only,-0.00030819984510514905,1.2810464033179655e-14,-1.691692768098386e-13,0.9999999525064267,0.0,0.0,0.0,1.0,-0.0006163996999686396,2.55166509597112e-14,-3.383464339168318e-13,0.0006163996999686396,-2.5620928471969127e-14,0.0,0.012753694893746066,-9.650993110674662e-12,-3.5447624007075505e-12,-5.258231653236308e-06,9.46352201816129e-15,-8.347599628885996e-18,0.034127142,0.034127142,0.00849137113914091,0.008491371139285685,0.008572199860859785,0.00857219986071362,532.0203987048151,532.0203987093504,534.546532457178,534.5465324526207,1.1433201682772214,1.0199706000001014,1.81628968819843e-11,0.0008246995571083397,1.6258911191733874
10.93,attitude_only,-0.00024097216689582317,-3.3908675073133884e-14,-1.8711947926926326e-13,0.9999999709662071,0.0,0.0,0.0,1.0,-0.00048194433845587047,-6.790752935004873e-14,-3.7422260557913217e-13,0.0004819443384558704,6.781735080259941e-14,0.0,0.013914426516065056,-9.042888701329766e-12,-3.623538184791959e-12,-8.355523769487387e-06,9.952266700335791e-15,-8.347599628885996e-18,0.034127142,0.034127142,0.008467565592082005,0.008467565592234294,0.00859600540791869,0.00859600540776501,531.2741160669635,531.2741160717411,535.2882528108474,535.2882528060625,1.0551813467192002,1.0199706000001014,1.8394841820896564e-11,0.0008445469886307526,1.6329173797782583
10.94,attitude_only,-0.00016963523379893265,-7.685819337752167e-14,-2.0530670352425548e-13,0.9999999856119436,0.0,0.0,0.0,1.0,-0.0003392704692250129,-1.53786039044669e-13,-4.1058732542537626e-13,0.00033927046922501287,1.5371638749227003e-13,0.0,0.014464962608918415,-8.178365074100473e-12,-3.646733251194307e-12,-1.0838976090848388e-05,1.0042782077426917e-14,-8.347599628885996e-18,0.034127142,0.034127142,0.00844847797009526,0.00844847797024894,0.008615093029905435,0.008615093029750364,530.6749780576702,530.6749780624966,535.8822330172129,535.8822330123901,0.9670378321835088,1.0199706000001014,1.8626806345062996e-11,0.0008644124341906917,1.6390620175186656
10.95,attitude_only,-9.712287495280058e-05,-1.1491542194651986e-13,-2.2347824936334777e-13,0.9999999952835736,0.0,0.0,0.0,1.0,-0.0001942457502109831,-2.298742525091946e-13,-4.469341747863464e-13,0.00019424575021098305,2.2983084425436644e-13,0.0,0.014450513187022184,-7.115751733162079e-12,-3.6232362573720684e-12,-1.2687013969590388e-05,9.775160151203056e-15,-8.347599628885996e-18,0.034127142,0.034127142,0.008434274094250006,0.008434274094399572,0.00862929690575069,0.008629296905599732,530.2286957609268,530.2286957656282,536.3238109497747,536.3238109450836,0.8788906351753996,1.0199706000001014,1.8858789948530692e-11,0.000884302519532117,1.6443250359900952
10.96,attitude_only,-1.2285762741405766e-05,-1.529790518669686e-13,-2.44970308588926e-13,0.99999999992453,0.0,0.0,0.0,1.0,-2.457152548342967e-05,-3.059641230050266e-13,-4.899368582122049e-13,2.4571525483429674e-05,3.059581037416341e-13,0.0,0.01377335248746525,-5.661454610626765e-12,-3.5472550702765018e-12,-1.404578819917904e-05,9.030741074488336e-15,-8.347599628885996e-18,0.034127142,0.034127142,0.008423830660880465,0.008423830661018587,0.008639740339120232,0.008639740338980717,529.9003258752368,529.9003258795811,536.6482503813286,536.6482503769956,0.7907403806331319,1.0199706000001014,1.9090791026021994e-11,0.0009042217568289838,1.6487064296147365
10.97,attitude_only,4.111113604551781e-05,-1.733235040595299e-13,-2.589638986334134e-13,0.9999999991549373,0.0,0.0,0.0,1.0,8.22222721141966e-05,-3.4662571522598614e-13,-5.179420478814558e-13,-8.222227211419661e-05,3.4664700821670595e-13,0.0,0.012981960435801911,-4.629189187390143e-12,-3.4629018742820997e-12,-1.4515685139923984e-05,8.361246013000822e-15,-8.347599628885996e-18,0.034127142,0.034127142,0.008420219069432779,0.00842021906956061,0.008643351930567917,0.008643351930438694,529.7867202762756,529.786720280297,536.7604037360902,536.7604037320777,0.7025873921987876,1.0199706000001014,1.9322807074141012e-11,0.000924172573943729,1.6522061839993505
10.98,attitude_only,0.0001025559659778524,-1.9288474148212395e-13,-2.7594918333473403e-13,0.999999994741137,0.0,0.0,0.0,1.0,0.00020511193231525666,-3.8571288046542366e-13,-5.519379267290804e-13,-0.0002051119323152567,3.857694836404842e-13,0.0,0.011674454727871349,-3.320347355966544e-12,-3.347121819506989e-12,-1.4558609953330266e-05,7.331885942301555e-15,-8.347599628885996e-18,0.034127142,0.034127142,0.00841988915265305,0.008419889152765059,0.008643681847347645,0.008643681847234245,529.7763412564793,529.7763412600032,536.7706477117779,536.7706477082568,0.614431781070901,1.0199706000001014,1.95548347829969e-11,0.0009441555250202508,1.654824277364944
10.99,attitude_only,0.00015668098834820018,-2.0593205845808262e-13,-2.92318105143459e-13,0.9999999877255339,0.0,0.0,0.0,1.0,0.00031336197797851735,-4.117725104815012e-13,-5.847007343877242e-13,-0.00031336197797851735,4.1186411860130265e-13,0.0,0.010095708747194959,-2.030109094456108e-12,-3.216588078727089e-12,-1.4095408609747525e-05,6.1582231508235435e-15,-8.347599628885996e-18,0.034127142,0.034127142,0.00842344928227426,0.008423449282368227,0.008640121717726434,0.008640121717631077,529.8883304456472,529.8883304486027,536.6600947131693,536.6600947102079,0.5262735149129235,1.0199706000001014,1.9786870356253904e-11,0.0009641695356181351,1.656560681867754
11.0,attitude_only,0.00020235748227768528,-2.1266874037917657e-13,-3.0803177825370824e-13,0.9999999795257246,0.0,0.0,0.0,1.0,0.0004047149673174525,-4.2521280697965854e-13,-6.161496141156861e-13,-0.00040471496731745235,4.2533748366117867e-13,0.0,0.008327634727400097,-7.968662003527849e-13,-3.0812650191850687e-12,-1.3193703502066655e-05,4.890514468987712e-15,-8.347599628885996e-18,0.034127142,0.034127142,0.008430379717827405,0.008430379717901886,0.00863319128217329,0.008633191282097418,530.1062697807993,530.1062697831409,536.4448179814115,536.4448179790543,0.43811246051102976,1.0199706000001014,2.001890983424865e-11,0.0009842119712967206,1.6574153642967886
11.01,attitude_only,0.00023886291166018005,-2.1346846789814856e-13,-3.2331059772195783e-13,0.9999999714722544,0.0,0.0,0.0,1.0,0.00047772582786317376,-4.267824697952639e-13,-6.467231563968503e-13,-0.00047772582786317365,4.269369398561465e-13,0.0,0.006451375944924826,3.5096785805333294e-13,-3.053448967064411e-12,-1.193060963188055e-05,3.5714910886450665e-15,-8.347599628885996e-18,0.034127142,0.034127142,0.008440087759389071,0.008440087759443275,0.008623483240611624,0.00862348324055603,530.4114050869404,530.4114050886436,536.1431164845081,536.1431164827799,0.3499484488415563,1.0199706000001014,2.0250949282159472e-11,0.0010042790137049082,1.6573882883184252
11.02,attitude_only,0.00026585423136590456,-2.0877497421798994e-13,-3.3856166902592913e-13,0.9999999646607632,0.0,0.0,0.0,1.0,0.0005317084689951996,-4.173699175755057e-13,-6.772343215434347e-13,-0.0005317084689951996,4.1754995335461214e-13,0.0,0.004535796958672094,1.404539081265304e-12,-3.0506126323629313e-12,-1.0378235358447818e-05,2.2222713872950956e-15,-8.347599628885996e-18,0.034127142,0.034127142,0.008452019187700796,0.00845201918773426,0.0086115518122999,0.008611551812265044,530.7861838097897,530.7861838108405,535.7720850106539,535.7720850095695,0.2617813422255535,1.0199706000001014,2.0482985383841157e-11,0.0010243659539471573,1.6564794174760407
11.03,attitude_only,0.0002832949207683069,-1.9915697949278859e-13,-3.5423595984778376e-13,0.9999999598719931,0.0,0.0,0.0,1.0,0.0005665898491153209,-3.9811323650567514e-13,-7.085847315874531e-13,-0.000566589849115321,3.983139643134257e-13,0.0,0.0026394889126076628,2.3208481573617296e-12,-3.2273717589441885e-12,-8.604296138649567e-06,9.084915423428731e-16,-8.347599628885996e-18,0.034127142,0.034127142,0.008465653547010846,0.008465653547024115,0.008597917452989849,0.008597917452975189,531.2141296756217,531.214129676038,535.3477826917704,535.347782691314,0.17361115189336415,1.0199706000001014,2.0715015157395803e-11,0.0010444677773010867,1.6546887213816868
11.04,attitude_only,0.00029145404068280534,-1.8546459602870366e-13,-3.708853779180274e-13,0.9999999575272702,0.0,0.0,0.0,1.0,0.0005829080896181766,-3.7071298421898325e-13,-7.418788331428583e-13,-0.0005829080896181766,3.709291973088659e-13,0.0,0.0008267952932776526,3.0498722765243132e-12,-3.4101040578878228e-12,-6.691441443382414e-06,-2.8836040774130194e-16,-8.347599628885996e-18,0.034127142,0.034127142,0.008480355599893559,0.00848035559988843,0.008583215400107137,0.008583215400110873,531.6752016000482,531.6752015998876,534.889876519991,534.8898765201075,0.08543808373090467,1.0199706000001014,2.0947034658061148e-11,0.0010645792336681516,1.652016179492497
11.05,attitude_only,0.0002909345420643743,-1.6864623015523778e-13,-3.8836773916386925e-13,0.9999999576785452,0.0,0.0,0.0,1.0,0.0005818690923372641,-3.370664668550755e-13,-7.768335754826452e-13,-0.0005818690923372642,3.3729246506871153e-13,0.0,-0.000837332733498464,3.5892104314957723e-12,-3.563899850752609e-12,-4.731833425778875e-06,-1.3413698383969916e-15,-8.347599628885996e-18,0.034127142,0.034127142,0.008495416995185598,0.008495416995164283,0.008568154004815098,0.008568154004835021,532.147128627212,532.1471286265445,534.4203715183737,534.420371518995,-0.002737420899629056,1.0199706000001014,2.1179039903085545e-11,0.001084694571089051,1.6484617850982795
11.06,attitude_only,0.00028262016670035044,-1.4964093451733132e-13,-4.065420360490695e-13,0.99999996006292,0.0,0.0,0.0,1.0,0.0005652403409253839,-2.990520631262209e-13,-8.131686227176524e-13,-0.0005652403409253838,2.992818730188107e-13,0.0,-0.002304097039890537,3.943192107901794e-12,-3.689721248399776e-12,-2.805654304859455e-06,-2.231778688460164e-15,-8.347599628885996e-18,0.034127142,0.034127142,0.008510221458568402,0.008510221458533399,0.008553349541432293,0.008553349541465905,532.6105975466004,532.6105975455051,533.9584734612575,533.9584734623066,-0.09091479238273448,1.0199706000001014,2.1411027578799822e-11,0.0011048077361394478,1.644025542315128
11.07,attitude_only,0.0002679035172786635,-1.3340885004773924e-13,-4.2527315196830425e-13,0.9999999641138522,0.0,0.0,0.0,1.0,0.0005358070409666772,-2.6658982617398606e-13,-8.506177548141059e-13,-0.0005358070409666771,2.6681770328716497e-13,0.0,-0.00329231953636341,8.466676123395009e-13,-3.789168256191143e-12,-1.2872452183205612e-06,1.1126957636401595e-15,-8.347599628885996e-18,0.034127142,0.034127142,0.008521891833051095,0.008521891833067504,0.0085416791669496,0.0085416791669318,532.9756665193104,532.9756665198236,533.5940768958367,533.5940768952806,-0.17909346895956124,1.0199706000001014,2.1642978218858483e-11,0.0011249114875750417,1.6387074605624594
11.08,attitude_only,0.0002504703784357741,-1.5371495009528608e-13,-4.4398014109624816e-13,0.9999999686322942,1.0962022293348738e-05,-2.1403730918218397e-13,0.0,0.9999999999399171,0.0005009407621093359,-3.0720748279928487e-13,-8.880372564226629e-13,-0.00047901671752219923,-1.206349720774953e-13,0.0,-0.0035932101949012188,-8.2865684698977e-12,-3.6729321394857806e-12,-2.5666211654466317e-07,7.493949145440104e-15,-8.347599628885996e-18,0.034127142,0.034127142,0.008529812814815435,0.008529812814929935,0.00853375818518526,0.008533758185069368,533.2233057802155,533.2233057837943,533.3466097884583,533.3466097848368,-0.26727297311278153,1.0199706000001014,2.187466885644512e-11,0.0011449836401162669,1.632507550665203
11.09,attitude_only,0.0002324608677023975,-2.2332474341858662e-13,-4.613357462935733e-13,0.9999999729809721,1.8792039242016604e-05,-3.669211214656743e-13,0.0,0.9999999998234297,0.0004649217395920395,-4.464349897533672e-13,-9.227752961847287e-13,-0.0004273376611057942,-2.8717539965157537e-13,0.0,-0.003560206231072723,-1.8693017746945016e-11,-3.270655947831237e-12,3.1675010005815e-07,1.8141415784512208e-14,-8.347599628885996e-18,0.034127142,0.034127142,0.008534220016570556,0.008534220016848728,0.00852935098343014,0.008529350983150576,533.3610414647397,533.3610414734322,533.2088703760201,533.2088703672816,-0.35545297389511965,1.0199706000001014,2.210599089082741e-11,0.0011650114397095666,1.6254258208949584
11.1,attitude_only,0.00021546769284987998,-3.475870823917688e-13,-4.757160708423958e-13,0.9999999767868364,2.6622054651640374e-05,-5.198049036987919e-13,0.0,0.9999999996456331,0.0004309353890342179,-6.949691457578739e-13,-9.515819071724564e-13,-0.0003776912797246478,-3.444102916963858e-13,0.0,-0.003223543751879449,-2.9979430899719224e-11,-2.5086672341185774e-12,5.029780111463078e-07,3.126364614313108e-14,-8.347599628885996e-18,0.034127142,0.034127142,0.008535651349755034,0.008535651350234917,0.008527919650245661,0.008527919649764387,533.4057664278679,533.4057664428623,533.1641288960859,533.1641288810413,-0.4436333154587695,1.0199706000001014,2.2336893018693545e-11,0.0011849872175195126,1.6174622740778248
11.11,attitude_only,0.0002008969724710949,-5.295346178227383e-13,-4.854009687173071e-13,0.9999999798202032,3.4452071182825606e-05,-6.72688707830788e-13,0.0,0.9999999994065274,0.00040179394764489664,-1.058874183103575e-12,-9.710146816471067e-13,-0.00033288980526561445,-2.8627470867955324e-13,0.0,-0.0026252252664608904,-4.1641193698123216e-11,-1.431887547720189e-12,3.1557679429048517e-07,4.6343172963531135e-14,-8.347599628885996e-18,0.034127142,0.034127142,0.008534210998416643,0.008534210999128327,0.008529360001584052,0.008529360000870977,533.360759661996,533.360759684235,533.2091522590378,533.209152236749,-0.5318140001516534,1.0199706000001014,2.2567329050473038e-11,0.001204904397496703,1.6086169066885931
11.12,attitude_only,0.0001899248135406998,-7.695723510641817e-13,-4.890092247045613e-13,0.9999999819642824,4.228208755604444e-05,-8.255725088784353e-13,0.0,0.9999999991061126,0.00037984962936501976,-1.5389589243971408e-12,-9.78310753540422e-13,-0.000295285454227734,-1.1195893496978849e-13,0.0,-0.0018141623823973664,-5.314090783980693e-11,-1.1044749787150216e-13,-2.1783337572997712e-07,6.275483240296984e-14,-8.347599628885996e-18,0.034127142,0.034127142,0.008530111249081996,0.008530111250045958,0.008533459750918699,0.008533459749953346,533.2326336938378,533.2326337239672,533.3372838682448,533.3372838380777,-0.6199951462299862,1.0199706000001014,2.2797259716637833e-11,0.0012247575349461505,1.5988897093831584
11.13,attitude_only,0.00018346753598927598,-1.0653801113625815e-12,-4.855185780612437e-13,0.9999999831698314,5.01121043992133e-05,-9.784563191020208e-13,0.0,0.9999999987443885,0.00036693507403707837,-2.130582033069722e-12,-9.71428065107616e-13,-0.00026671086519670424,1.7389627601164605e-13,0.0,-0.0008448159100286661,-6.392633339922045e-11,1.38183259945063e-12,-1.0563770016194473e-06,7.978425856763675e-14,-8.347599628885996e-18,0.034127142,0.034127142,0.008523666267659494,0.008523666268885231,0.0085399047323412,0.008539904731114073,533.0311519245223,533.0311519628483,533.5386500320666,533.5386499937337,-0.7081769447418842,1.0199706000001014,2.3026653284027485e-11,0.001244542292355983,1.588280667995264
11.14,attitude_only,0.00018216533554163417,-1.4121519183857157e-12,-4.779845685935687e-13,0.9999999834078952,5.7942121042789475e-05,-1.1313401254284894e-12,0.0,0.9999999983213553,0.0003643306730982726,-2.824129645471643e-12,-9.564836115816945e-13,-0.0002484464309478508,5.616790110401206e-13,0.0,0.0002296850333551999,-7.363366852243767e-11,1.341558358035296e-12,-2.153746416122181e-06,9.687895812216748e-14,-8.347599628885996e-18,0.034127142,0.034127142,0.008515231971293419,0.008515231972781931,0.008548339028707276,0.008548339027217373,532.76736546994,532.7673655165055,533.8020553447153,533.8020552981967,-0.7963596144860758,1.0199706000001014,2.325548500575548e-11,0.001264255391589034,1.5767897650606357
11.15,attitude_only,0.00018639966795214657,-1.8036846315280235e-12,-4.78954532164482e-13,0.9999999826275817,6.577213755805607e-05,-1.2842239292496687e-12,0.0,0.999999997837013,0.0003727993380631018,-3.6071906464557997e-12,-9.585814601205814e-13,-0.00024125506285214683,1.038984447620625e-12,0.0,0.0013537373073667937,-8.176555443831017e-11,-1.729164892209894e-12,-3.4539756071465282e-06,1.1328644044932568e-13,-8.347599628885996e-18,0.034127142,0.034127142,0.00850523851041913,0.008505238512159856,0.008558332489581565,0.008558332487839448,532.4546462820138,532.4546463365012,534.113985636698,534.1139855823365,-0.8845432914918053,1.0199706000001014,2.3483729298185786e-11,0.001283894346743891,1.5644169850654888
11.16,attitude_only,0.00019623514023956194,-2.228922089638994e-12,-4.958795284854473e-13,0.9999999807458847,7.360215398596296e-05,-1.4371077313651193e-12,0.0,0.9999999972913615,0.0003924702829980133,-4.457649475468513e-12,-9.92633823553138e-13,-0.0002452659748931796,1.5837017593858738e-12,0.0,0.0024596360608002987,-8.730351134314973e-11,-4.598832016550955e-12,-4.8783080138564466e-06,1.275000017656862e-13,-8.347599628885996e-18,0.034127142,0.034127142,0.008494291201868362,0.008494291203827576,0.008569279798132334,0.008569279796171728,532.1118679960811,532.1118680574469,534.4554798463054,534.455479785165,-0.9727279505444384,1.0199706000001014,2.3711383662067247e-11,0.0013034577542961436,1.5511623191979393
11.17,attitude_only,0.0002113975305270263,-2.6740982320668284e-12,-5.249322945874041e-13,0.9999999776555419,8.143217035171006e-05,-1.5899915322668785e-12,0.0,0.9999999966844009,0.0004227950642030949,-5.347974405849566e-12,-1.0509951612414442e-12,-0.000259930723319677,2.1682989517786158e-12,0.0,0.0034826728080936814,-8.999473579091521e-11,-6.740504173795528e-12,-6.342748892139378e-06,1.3886141466480468e-13,-8.347599628885996e-18,0.034127142,0.034127142,0.008483035622736838,0.008483035624870698,0.008580535377263858,0.008580535375128606,531.7592068702036,531.7592069370841,534.8063630032792,534.8063629367364,-1.0609134001676972,1.0199706000001014,2.3938460276298978e-11,0.0013229454791107327,1.5370257672113323
11.18,attitude_only,0.00023128330864689582,-3.1242115238684837e-12,-5.634746063968052e-13,0.9999999732540154,8.926218667165518e-05,-1.7428753322743379e-12,0.0,0.9999999960161311,0.000462566621417725,-6.2481622360741284e-12,-1.1283943386085501e-12,-0.0002840422478373419,2.7627730547637502e-12,0.0,0.0043524703890421975,-8.954593243520386e-11,-8.399081277575811e-12,-7.747773212163732e-06,1.4662827650360104e-13,-8.347599628885996e-18,0.034127142,0.034127142,0.008472236714692818,0.00847223671694607,0.008591334285307877,0.008591334283053234,531.4206342340882,531.4206343047558,535.1427935703354,535.1427935001161,-1.1490993639106273,1.0199706000001014,2.416497556286764e-11,0.0013423586056203697,1.5220073350225092
11.19,attitude_only,0.00025495467749318395,-3.5630189219836286e-12,-6.087287684728008e-13,0.9999999674990557,9.709220324274772e-05,-1.895759137185538e-12,0.0,0.999999995286552,0.0005099093605105466,-7.125727215870605e-12,-1.2192743140573949e-12,-0.00031572495371995845,3.3346378787206887e-12,0.0,0.005009615079572402,-8.579325029593776e-11,-9.498238287537297e-12,-8.998207957559094e-06,1.5017883211479643e-13,-8.347599628885996e-18,0.034127142,0.034127142,0.00846262597016561,0.008462625972473442,0.008600945029835085,0.008600945027525862,531.1191319646222,531.1191320370425,535.442030159353,535.442030087474,-1.2372855395438112,1.0199706000001014,2.4390953741692504e-11,0.0013616996425899455,1.506107032601744
11.2,attitude_only,0.00028121391413804813,-3.973913586222677e-12,-6.5795567993854e-13,0.9999999604593665,0.00010492221974422581,-2.0486429407374925e-12,0.0,0.9999999944956639,0.000562427835689014,-7.947456805599062e-12,-1.3181463474331672e-12,-0.0003525833958155443,3.8506794975187276e-12,0.0,0.005406960810781154,-7.87269474429887e-11,-1.0056935840578832e-11,-1.0006652087845987e-05,1.4906410554101574e-13,-8.347599628885996e-18,0.034127142,0.034127142,0.0084548751467791,0.008454875149069795,0.008608695853221595,0.008608695850929509,530.8758532456561,530.8758533175717,535.6832351686207,535.6832350973073,-1.3254716831200455,1.0199706000001014,2.461642398826252e-11,0.0013809721888974882,1.4893248700274946
11.21,attitude_only,0.00030866078438490744,-4.340666735898105e-12,-7.084738512121615e-13,0.9999999523642591,0.0001127522364367568,-2.2015267480198204e-12,0.0,0.9999999936434666,0.0006173215785720053,-8.680895702065195e-12,-1.419627222125881e-12,-0.00039181710522068257,4.278439921706328e-12,0.0,0.0055097621315715085,-6.849539256126328e-11,-1.0082053298411686e-11,-1.0695097517493873e-05,1.430321626909799e-13,-8.347599628885996e-18,0.034127142,0.034127142,0.008449583808632206,0.00844958381083018,0.008613987191368489,0.008613987189169125,530.7097074871286,530.7097075561547,535.8478388301568,535.8478387617491,-1.4136576370907896,1.0199706000001014,2.484141855404362e-11,0.001400180765258312,1.4716608554977542
11.22,attitude_only,0.0003410006896515492,-4.701519390606917e-12,-7.671501805124879e-13,0.9999999418592632,0.0001205822528227634,-2.3544105493171537e-12,0.0,0.9999999927299602,0.000682001392520453,-9.40251503703299e-12,-1.5375067145288367e-12,-0.0004408368862905008,4.6944029353997985e-12,0.0,0.0052180193989496025,-5.250930306704192e-11,-9.482259521538143e-12,-1.102950749380395e-05,1.2983494478644627e-13,-8.347599628885996e-18,0.034127142,0.034127142,0.008447013559584394,0.008447013561579501,0.008616557440416301,0.008616557438419803,530.6289839924061,530.628984055071,535.9277762415473,535.9277761794589,-1.5018433412020749,1.0199706000001014,2.506597016542058e-11,0.0014193306142952962,1.4531149939212824
11.23,attitude_only,0.00036093480819845655,-4.883824448177318e-12,-8.029968922252076e-13,0.9999999348630301,0.00012841226917446137,-2.5072943499445983e-12,0.0,0.9999999917551445,0.0007218696320703801,-9.767068601061025e-12,-1.609519164321802e-12,-0.00046504509301563017,4.753266714706109e-12,0.0,0.0047717501993494085,-4.0013885083381486e-11,-8.550630399729607e-12,-1.0878704946280322e-05,1.164222740800339e-13,-8.347599628885996e-18,0.034127142,0.034127142,0.008448172616375186,0.008448172618164116,0.00861539838362551,0.008615398381835188,530.6653878661891,530.6653879223742,535.8917298492769,535.8917297935965,-1.5900288338598485,1.0199706000001014,2.529010889158236e-11,0.0014384274191453353,1.4336872858763734
11.24,attitude_only,0.0003826403208205436,-5.037690305885364e-12,-8.417423821762494e-13,0.9999999267931898,0.000136242285497766,-2.6601781500176533e-12,0.0,0.9999999907190198,0.0007652806603156727,-1.0074735705033925e-11,-1.6873398879796261e-12,-0.000492796088477166,4.75525401764105e-12,0.0,0.003946392052640061,-2.3040957471261153e-11,-7.099012576482855e-12,-1.031003064514165e-05,9.678454355718547e-14,-8.347599628885996e-18,0.034127142,0.034127142,0.008452543403112175,0.008452543404599238,0.00861102759688852,0.008611027595400066,530.8026438992235,530.8026439459157,535.7557775979811,535.7557775516772,-1.6782142427010318,1.0199706000001014,2.5513856920501094e-11,0.0014574769831154893,1.4133777270957162
11.25,attitude_only,0.00040216013639769797,-5.10672454968567e-12,-8.772565204369052e-13,0.9999999191336091,0.00014407230198995697,-2.8130619533882736e-12,0.0,0.9999999896215859,0.0008043202944762225,-1.0212742678242742e-11,-1.7586203410755672e-12,-0.0005161756894994806,4.5875783692216515e-12,0.0,0.002616844382073934,-1.7055737682489644e-12,-4.9841934196736515e-12,-9.072914665500762e-06,6.964578890714272e-14,-8.347599628885996e-18,0.034127142,0.034127142,0.00846205178081977,0.008462051781889659,0.008601519219180925,0.008601519218109645,531.1011134369729,531.1011134705475,535.4599026127269,535.4599025793823,-1.7663997701142535,1.0199706000001014,2.573722526831694e-11,0.0014764848435321403,1.3921863082980452
11.26,attitude_only,0.0004103052476810145,-5.081772888085166e-12,-9.013352772303571e-13,0.9999999158247983,0.00015190231844219791,-2.965945755978855e-12,0.0,0.9999999884628428,0.0008206105183870477,-1.0162805275463481e-11,-1.8068405588875657e-12,-0.0005168058803343046,4.2319285232047496e-12,0.0,0.0015700952671001906,1.2299707347859742e-11,-7.069796857553662e-12,-7.891759558254586e-06,4.887184919445132e-14,-8.347599628885996e-18,0.034127142,0.034127142,0.008471130047552178,0.008471130048302734,0.008592440952448517,0.00859244095169657,531.3859252794268,531.3859253029676,535.1772588731238,535.1772588497065,-1.8545856690106284,1.0199706000001014,2.5960212130334878e-11,0.0014954558333529213,1.3701130156520844
11.27,attitude_only,0.000414280722195994,-4.9749708574177674e-12,-9.44545492806412e-13,0.999999914185738,0.00015973233468660083,-3.1188295545113256e-12,0.0,0.9999999872427906,0.000828561468092785,-9.949158247010815e-12,-1.893212892541305e-12,-0.0005090967973610908,3.712584803165825e-12,0.0,0.00014926904403647767,2.8472345634471495e-11,-9.882993740922373e-12,-6.146661465076039e-06,2.331909363402199e-14,-8.347599628885996e-18,0.034127142,0.034127142,0.008484542736385542,0.008484542736743305,0.008579028263615153,0.008579028263256,531.8064414924395,531.8064415036516,534.7593933603895,534.7593933491959,-1.9427721138626601,1.0199706000001014,2.6182794326634325e-11,0.0015143937649054237,1.347157836719377
11.28,attitude_only,0.00041101120355491454,-4.793232596959575e-12,-1.0015689936476416e-12,0.9999999155348918,0.0001675623509179452,-3.2717133527888252e-12,0.0,0.9999999859614292,0.0008220224302539004,-9.585641072042286e-12,-2.0070779626972062e-12,-0.000486897726849786,3.043374587024963e-12,0.0,-0.0013067055426377893,4.2340046645989006e-11,-1.2638180336261324e-11,-4.168725832189861e-06,-1.4717331812467593e-15,-8.347599628885996e-18,0.034127142,0.034127142,0.008499744996490047,0.008499744996466729,0.008563826003510648,0.008563826003532575,532.2826628928797,532.2826628921495,534.2853795339045,534.2853795345884,-2.030959063799407,1.0199706000001014,2.6404928089778353e-11,0.0015333008197865173,1.3233207680839136
11.29,attitude_only,0.00040062069381638127,-4.5507379415746e-12,-1.0720969728106978e-12,0.9999999197515266,0.00017539236713797987,-3.4245971508454975e-12,0.0,0.9999999846187587,0.0008012414090655627,-9.100616144303485e-12,-2.1478400131361656e-12,-0.0004504566729911014,2.2526580854007197e-12,0.0,-0.002688295254539423,5.295218905734154e-11,-1.527800078266644e-11,-2.0916882463574015e-06,-2.3999158176394062e-14,-8.347599628885996e-18,0.034127142,0.034127142,0.008515708946503574,0.008515708946133967,0.008547862053497121,0.008547862053865337,532.7822865706521,532.7822865590899,533.7871627498836,533.7871627613806,-2.119146283029788,1.0199706000001014,2.662655213273107e-11,0.0015521770088410723,1.2986018164843967
11.3,attitude_only,0.0003837835786961359,-4.266023722236564e-12,-1.15518037100302e-12,0.9999999263550796,0.00018322238334815476,-3.5774809487096556e-12,0.0,0.999999983214779,0.0007675671762347463,-8.531160137617527e-12,-2.3136350315615522e-12,-0.00040112240748815147,1.3775092498046636e-12,0.0,-0.003886037950121618,5.951830496436019e-11,-1.7665665049857963e-11,-6.363768687096734e-08,-4.2837715416632304e-14,-8.347599628885996e-18,0.034127142,0.034127142,0.00853129638600249,0.0085312963853433,0.008532274613998206,0.008532274614656004,533.2696749301267,533.2696749095246,533.3002473278445,533.3002473484021,-2.2073334488576246,1.0199706000001014,2.6847586416427716e-11,0.001571019904684604,1.2730009953627075
11.31,attitude_only,0.00036170248506231333,-3.960914216069911e-12,-1.2491785540293217e-12,0.999999934585654,0.00019105239954968228,-3.73036474640497e-12,0.0,0.9999999817494902,0.0007234049858983149,-7.92092425196404e-12,-2.50122228966039e-12,-0.0003413001844744145,4.615766021519391e-13,0.0,-0.004799258361340808,6.150900556786503e-11,-1.966425394949179e-11,1.7639560479228706e-06,-5.678668030813425e-14,-8.347599628885996e-18,0.034127142,0.034127142,0.008545343129851776,0.008545343128978164,0.00851822787014892,0.00851822787102114,533.7085075160965,533.7085074888153,532.8610785232527,532.8610785505336,-2.295520243381816,1.0199706000001014,2.7067935738291235e-11,0.0015898246479189705,1.2465183211479223
11.32,attitude_only,0.00033603659210389993,-3.6589569559497816e-12,-1.3518086172897832e-12,0.9999999435397028,0.00019575040921016338,-3.822095023842136e-12,0.0,0.9999999808408885,0.0006720731968562841,-7.317004984406107e-12,-2.7060761687847983e-12,-0.00028057237593568794,-3.2574661128463865e-13,0.0,-0.005344878805273381,5.873247389034667e-11,-2.1154864051241266e-11,3.1728258335658412e-06,-6.352262025638307e-14,-8.347599628885996e-18,0.034127142,0.034127142,0.008556171593838455,0.0085561715928613,0.00850739940616224,0.008507399407138004,534.0465520856915,534.0465520551961,532.5222814168511,532.5222814473902,-2.3837064149047635,1.0199706000001014,2.7287496172170613e-11,0.0016085841934540249,1.2191538101379573
11.33,attitude_only,0.000308782511085948,-3.3834916137291834e-12,-1.4601082494980101e-12,0.9999999523266794,0.00019575040921016338,-3.822095023842136e-12,0.0,0.9999999808408885,0.000617565031985688,-6.766081193070331e-12,-2.922305885853054e-12,-0.00022606421106509186,-8.76634953743392e-13,0.0,-0.0054706150926289035,5.144422420265692e-11,-2.198054593362346e-11,4.009907086659401e-06,-6.198948647806131e-14,-8.347599628885996e-18,0.034127142,0.034127142,0.008562605335434363,0.008562605334480774,0.008500965664566332,0.00850096566551853,534.2473002718986,534.2473002421499,532.3208826940862,532.320882723899,-2.4718918175819655,1.0199706000001014,2.75061635642317e-11,0.001627289779821532,1.1909074758550502
11.34,attitude_only,0.00028209314757335645,-3.1552893606869037e-12,-1.5704372190249268e-12,0.9999999602117273,0.00019575040921016338,-3.822095023842136e-12,0.0,0.9999999808408885,0.0005641863026293792,-6.309692451130418e-12,-3.142654484094407e-12,-0.00017268548170878303,-1.3329963172661638e-12,0.0,-0.005165166604704003,4.037988806343952e-11,-2.2028558313177722e-11,4.318296771301386e-06,-5.472571798563469e-14,-8.347599628885996e-18,0.034127142,0.034127142,0.008564975594583519,0.008564975593741586,0.008498595405417177,0.008498595406257718,534.3212390370771,534.3212390108154,532.2466660430161,532.2466660693367,-2.5600764431877447,1.0199706000001014,2.7723845280196038e-11,0.0016459317711729848,1.1617793263989422
11.35,attitude_only,0.0002580627612937437,-2.9900692553168185e-12,-1.6789529673102153e-12,0.999999966701805,0.00019575040921016338,-3.822095023842136e-12,0.0,0.9999999808408885,0.0005161255283161703,-5.979271761028168e-12,-3.359449073865198e-12,-0.00012462470739557413,-1.6633940867026992e-12,0.0,-0.004455350834644761,2.674305449542368e-11,-2.1353394818218683e-11,4.075338176595692e-06,-4.276006089087861e-14,-8.347599628885996e-18,0.034127142,0.034127142,0.00856310823357058,0.008563108232912583,0.008500462766430116,0.00850046276708672,534.2629887228006,534.262988702274,532.3051370041471,532.3051370247057,-2.6482604325647747,1.0199706000001014,2.794047341262008e-11,0.0016645007446296474,1.131769362498214
11.36,attitude_only,0.00023854341430526864,-2.896795936582018e-12,-1.7827228629221292e-12,0.9999999715485194,0.00019575040921016338,-3.822095023842136e-12,0.0,0.9999999808408885,0.00047708683313514626,-5.792741194730806e-12,-3.566827647588564e-12,-8.558601221455015e-05,-1.8499001311365336e-12,0.0,-0.0034097629125776963,1.1973993964388977e-11,-2.0153276489374407e-11,3.3146360401918244e-06,-2.7579990739600514e-14,-8.347599628885996e-18,0.034127142,0.034127142,0.008557261535814993,0.008557261535390341,0.008506309464185702,0.008506309464608963,534.0805662012363,534.0805661879845,532.4881677616792,532.488167774927,-2.7364440374705175,1.0199706000001014,2.8156014236329168e-11,0.0016829883416000907,1.1008775779272797
11.37,attitude_only,0.00022492716567328128,-2.876736862023696e-12,-1.881305111200385e-12,0.9999999747038847,0.00019575040921016338,-3.822095023842136e-12,0.0,0.9999999808408885,0.0004498543351397517,-5.7526272652540004e-12,-3.763904239758875e-12,-5.8353514219155614e-05,-1.88997970827743e-12,0.0,-0.0021384500277817787,-2.3326324572589082e-12,-1.9439875632554542e-11,2.1313997032373597e-06,-1.1058665605568954e-14,-8.347599628885996e-18,0.034127142,0.034127142,0.008548167272945101,0.008548167272774413,0.008515403727055594,0.008515403727224891,533.7966926631993,533.7966926578699,532.7727385122602,532.7727385175563,-2.8246276040705585,1.0199706000001014,2.837047316263583e-11,0.0017013884160564513,1.0691039592225675
11.38,attitude_only,0.00021797516939372002,-2.923523015053245e-12,-1.9771732592559023e-12,0.9999999762434126,0.00019575040921016338,-3.822095023842136e-12,0.0,0.9999999808408885,0.00043595034223967095,-5.846183941848416e-12,-3.955620935418891e-12,-4.444952131907476e-05,-1.7963698832008452e-12,0.0,-0.0007759863199407063,-1.469856623889789e-11,-1.8963119311174696e-11,6.666060796965434e-07,4.8711215073857235e-15,-8.347599628885996e-18,0.034127142,0.034127142,0.008536908982605763,0.008536908982679945,0.008526662017394932,0.008526662017319359,533.4450606702864,533.4450606726041,533.1248139474449,533.1248139450823,-2.912811523031589,1.0199706000001014,2.8583894851479226e-11,0.0017196979995991765,1.036448487233811
11.39,attitude_only,0.00021774587730910027,-3.0231167086441318e-12,-2.0745490088049023e-12,0.9999999762933663,0.00019575040921016338,-3.822095023842136e-12,0.0,0.9999999808408885,0.0004354917580595485,-6.045329824964537e-12,-4.1504144616485206e-12,-4.399093713895232e-05,-1.597144377512438e-12,0.0,0.0005286464960031588,-2.350588121080299e-11,-2.0076598507624406e-11,-9.03135847948552e-07,1.7905949916289514e-14,-8.347599628885996e-18,0.034127142,0.034127142,0.008524844067760558,0.00852484406803511,0.008538726932240137,0.008538726931964193,533.0679777714583,533.0679777800424,533.5018566740619,533.5018566654413,-3.000996066450107,1.0199706000001014,2.8796363613628383e-11,0.001737917671051939,1.00291114483257
11.4,attitude_only,0.00022349444545200083,-3.1533819106762125e-12,-2.1790269068691878e-12,0.9999999750251161,0.00019575040921016338,-3.822095023842136e-12,0.0,0.9999999808408885,0.00044698889462516697,-6.305789663021381e-12,-4.359463231579338e-12,-5.5488073704570883e-05,-1.3365730656051467e-12,0.0,0.001610889965934385,-2.7313314570649594e-11,-2.1489186902617627e-11,-2.3614513576832462e-06,2.574120153013891e-14,-8.347599628885996e-18,0.034127142,0.034127142,0.008513635567763864,0.008513635568158857,0.008549935432236831,0.008549935431840447,532.7174225222932,532.7174225346511,533.8518968227309,533.8518968103559,-3.0891812519927226,1.0199706000001014,2.9008010070182223e-11,0.0017560522249428514,0.9684919248909389
11.41,attitude_only,0.0002336869145712543,-3.2874196402470696e-12,-2.2893336653228992e-12,0.9999999726952126,0.00019575040921016338,-3.822095023842136e-12,0.0,0.9999999808408885,0.0004673738333963563,-6.573769126328203e-12,-4.5802036595315205e-12,-7.587301247576028e-05,-1.0684544086878982e-12,0.0,0.0023218722721404707,-2.5539011754420424e-11,-2.2476226635094558e-11,-3.490055414353802e-06,2.69780067103463e-14,-8.347599628885996e-18,0.034127142,0.034127142,0.008504961204481765,0.00850496120489577,0.00855860979551893,0.008558609795103533,532.4459660999028,532.445966112862,534.1226387113397,534.1226386983777,-3.1773668808113715,1.0199706000001014,2.9218994486401857e-11,0.0017741108115511602,0.93319083093008
11.42,attitude_only,0.0002461515382750968,-3.3973332330526007e-12,-2.403120584868058e-12,0.9999999697047097,0.00019575040921016338,-3.822095023842136e-12,0.0,0.9999999808408885,0.0004923030815216819,-6.793483196601557e-12,-4.807913541732342e-12,-0.00010080226060108577,-8.4858265685942e-13,0.0,0.0025557503686581343,-1.8308966067075843e-11,-2.292243175090129e-11,-4.105497837425594e-06,2.1038644302459355e-14,-8.347599628885996e-18,0.034127142,0.034127142,0.008500230961782373,0.00850023096210508,0.008563340038218322,0.008563340037894223,532.2978790671746,532.2978790772788,534.270219964215,534.2702199541047,-3.265552721085807,1.0199706000001014,2.9429485253088e-11,0.0017921062667617383,0.8970078701082453
11.43,attitude_only,0.00025836625894545145,-3.4580614183997517e-12,-2.517439837605428e-12,0.9999999666234376,0.00019575040921016338,-3.822095023842136e-12,0.0,0.9999999808408885,0.0005167325236398214,-6.9148217629371735e-12,-5.036666399947632e-12,-0.00012523170271922527,-7.270815089731197e-13,0.0,0.0022733544671673434,-6.5323201447931184e-12,-2.2726739373512776e-11,-4.095032775997913e-06,8.35729802090631e-15,-8.347599628885996e-18,0.034127142,0.034127142,0.00850031139553056,0.00850031139565833,0.008563259604470136,0.008563259604340973,532.3003975053485,532.3003975093491,534.2677108114164,534.2677108073871,-3.3537385991617468,1.0199706000001014,2.963963794269566e-11,0.0018100536081992107,0.8599430489935911
11.44,attitude_only,0.000267800575898621,-3.4511202075682354e-12,-2.6286532021836667e-12,0.9999999641414252,0.00019575040921016338,-3.822095023842136e-12,0.0,0.9999999808408885,0.0005356011581992068,-6.900832257949202e-12,-5.2591546398059826e-12,-0.0001441003372786106,-7.409203714398837e-13,0.0,0.001503665205412548,8.131900738726933e-12,-2.179109008479917e-11,-3.427275962386769e-06,-9.56124443345017e-15,-8.347599628885996e-18,0.034127142,0.034127142,0.00850544372276278,0.00850544372261511,0.008558127277237915,0.008558127277384194,532.4610697119174,532.4610697072951,534.1075820855419,534.1075820901065,-3.4419244649920158,1.0199706000001014,2.984957414362925e-11,0.0018279681503172492,0.821996369710461
11.45,attitude_only,0.0002722770250063217,-3.3679312772008858e-12,-2.733450572961904e-12,0.9999999629326102,0.00019575040921016338,-3.822095023842136e-12,0.0,0.9999999808408885,0.0005445540567410426,-6.734373793140913e-12,-5.468734963897216e-12,-0.00015305323582044645,-9.072571917345753e-13,0.0,0.00035225470603799703,2.3502170261643866e-11,-2.0242302675202418e-11,-2.1718460162817623e-06,-3.0327357126276674e-14,-8.347599628885996e-18,0.034127142,0.034127142,0.008515092860147653,0.00851509285968077,0.008548478139853042,0.008548478140318535,532.7630136107315,532.7630135961258,533.8063987331313,533.8063987476651,-3.530110404846608,1.0199706000001014,3.005936126052136e-11,0.001845863514818186,0.783167828067812
11.46,attitude_only,0.0002703297065241067,-3.2113237464824975e-12,-2.833234789006928e-12,0.9999999634609242,0.00019575040921016338,-3.822095023842136e-12,0.0,0.9999999808408885,0.0005406594196332786,-6.421115443229339e-12,-5.668205603378176e-12,-0.0001491585987126826,-1.22043318585254e-12,0.0,-0.0010135441253768596,3.7324165833333783e-11,-1.990958574095546e-11,-4.909321919082688e-07,-5.1167148718638824e-14,-8.347599628885996e-18,0.034127142,0.034127142,0.008528012233631322,0.008528012232844093,0.008535558766369373,0.008535558767155211,533.1670230372256,533.167023012617,533.4028735821038,533.402873606658,-3.618296632240787,1.0199706000001014,3.026900236062432e-11,0.001863749517973821,0.7434574126496308
11.47,attitude_only,0.00026144366371550924,-2.994835984866818e-12,-2.9377563864795828e-12,0.9999999658236047,0.00019575040921016338,-3.822095023842136e-12,0.0,0.9999999808408885,0.0005228873333878199,-5.988135649442669e-12,-5.87707853393954e-12,-0.00013138651246722384,-1.6533677986161561e-12,0.0,-0.0023834002200475227,4.737483373623928e-11,-2.1988842933044477e-11,1.3768555075957845e-06,-6.90622506725128e-14,-8.347599628885996e-18,0.034127142,0.034127142,0.008542367905207238,0.008542367904144928,0.008521203094793458,0.008521203095854376,533.6155890153897,533.61558898221,532.9541285699755,532.9541286031528,-3.706483326851327,1.0199706000001014,3.047844028432011e-11,0.0018816307369301428,0.7028651115966968
11.48,attitude_only,0.0002462580655659078,-2.743978674243687e-12,-3.0539617154235033e-12,0.9999999696784821,0.00019575040921016338,-3.822095023842136e-12,0.0,0.9999999808408885,0.0004925161361097613,-5.4864530566754724e-12,-6.109274699406044e-12,-0.0001010153151891652,-2.1550369449630843e-12,0.0,-0.0035184878248005376,5.142635163073628e-11,-2.4214448388765038e-11,3.1284983473651947e-06,-8.067386911287598e-14,-8.347599628885996e-18,0.034127142,0.034127142,0.008555830896348298,0.008555830895107495,0.008507740103652397,0.008507740104891809,534.035919402066,534.0359193633419,532.5329443221455,532.5329443609353,-3.7946704247690874,1.0199706000001014,3.0687546460782555e-11,0.001899505158164488,0.6613909234322964
11.49,attitude_only,0.00022654890169458366,-2.4917186802915094e-12,-3.179914008826268e-12,0.9999999743377972,0.00019575040921016338,-3.822095023842136e-12,0.0,0.9999999808408885,0.0004530978072649967,-4.981996420644674e-12,-6.360956846706046e-12,-6.159698634440058e-05,-2.659507647896213e-12,0.0,-0.004206670427927692,4.8562584224782315e-11,-2.590679600459475e-11,4.463244422899791e-06,-8.404257326796622e-14,-8.347599628885996e-18,0.034127142,0.034127142,0.008566089651220429,0.008566089649927845,0.008497481348780266,0.008497481350071459,534.3559878090144,534.3559877686986,532.2117795508434,532.2117795912783,-3.882857668931016,1.0199706000001014,3.0896143043217034e-11,0.0019173640045098174,0.6190348569765101
11.5,attitude_only,0.00020497683365509154,-2.272401000190961e-12,-3.312279118617832e-12,0.9999999789922486,0.00019575040921016338,-3.822095023842136e-12,0.0,0.9999999808408885,0.0004099536701809181,-4.54344402393402e-12,-6.62548967719222e-12,-1.8452849260321995e-05,-3.098091213847653e-12,0.0,-0.0043064180002041095,3.9058649809494225e-11,-2.6833618999409536e-11,5.141890049716443e-06,-7.860125038051747e-14,-8.347599628885996e-18,0.034127142,0.034127142,0.008571305668847133,0.008571305667638193,0.008492265331153562,0.008492265332361111,534.5186516498476,534.518651612152,532.0484104275213,532.0484104653483,-3.9710447735420855,1.0199706000001014,3.1104039346163486e-11,0.0019351930161999162,0.5757969250566474
11.51,attitude_only,0.00018465192299459214,-2.1156981435586696e-12,-3.4468386991091737e-12,0.9999999829518335,0.00019575040921016338,-3.822095023842136e-12,0.0,0.9999999808408885,0.0003693038480878355,-4.2301232841917065e-12,-6.8944586161551565e-12,2.2196972832760575e-05,-3.411444271215672e-12,0.0,-0.0037739545478043374,2.4381915100221395e-11,-2.6867232226668392e-11,5.030691014715026e-06,-6.533436899593008e-14,-8.347599628885996e-18,0.034127142,0.034127142,0.008570451001584028,0.008570451000579023,0.008493119998416667,0.008493119999420281,534.492001860459,534.4920018291207,532.0751826078927,532.0751826393297,-4.0592315466247975,1.0199706000001014,3.131106728656316e-11,0.0019529748855059753,0.5316771386670919
11.52,attitude_only,0.0001685772547406832,-2.040842555324141e-12,-3.5791100128191363e-12,0.9999999857908545,0.00019575040921016338,-3.822095023842136e-12,0.0,0.9999999808408885,0.00033715451107825886,-4.080478339570272e-12,-7.158908003196751e-12,5.434630984233719e-05,-3.5611036825590474e-12,0.0,-0.0026854926239684466,7.091139618273927e-12,-2.60196016150589e-11,4.142618307450795e-06,-4.680837311815226e-14,-8.347599628885996e-18,0.034127142,0.034127142,0.008563625343470842,0.008563625342750616,0.008499945656529853,0.008499945657248688,534.2791200446586,534.2791200221914,532.288945859604,532.2889458821116,-4.147417961614196,1.0199706000001014,3.1517115992065516e-11,0.0019706924529598767,0.4866755024513749
11.53,attitude_only,0.00015905698195669584,-2.0522437161524756e-12,-3.705083004016031e-12,0.9999999873504383,0.00019575040921016338,-3.822095023842136e-12,0.0,0.9999999808408885,0.00031811396525472583,-4.1033087417439486e-12,-7.410818761680171e-12,7.338685566587033e-05,-3.5382520550875988e-12,0.0,-0.0012292853128358023,-9.607664600166366e-12,-2.4451209134010026e-11,2.6432876226689633e-06,-2.6753337085873617e-14,-8.347599628885996e-18,0.034127142,0.034127142,0.008552101603924951,0.008552101603513006,0.008511469396075744,0.008511469396486296,533.9195196508225,533.9195196379634,532.6496470813232,532.6496470941695,-4.235604179899615,1.0199706000001014,3.1722159891392544e-11,0.001988332264584815,0.440792011920963
11.54,attitude_only,0.00015721054726258033,-2.1378184700588594e-12,-3.828952710823045e-12,0.9999999876424219,0.00019575040921016338,-3.822095023842136e-12,0.0,0.9999999808408885,0.00031442109582032173,-4.2744329837789794e-12,-7.65857750223618e-12,7.707972510027436e-05,-3.367054057733828e-12,0.0,0.00032622639726126326,-2.2446378130974916e-11,-2.5357096526826108e-11,8.25433712302748e-07,-9.404746505121744e-15,-8.347599628885996e-18,0.034127142,0.034127142,0.008538129719584904,0.00853812971943964,0.008525441280415791,0.008525441280559664,533.4831993476116,533.4831993430734,533.0866496301138,533.086649634612,-4.323790510353771,1.0199706000001014,3.192627121631719e-11,0.002005887597469082,0.39402665359925176
11.55,attitude_only,0.00016271121760803989,-2.270575156015272e-12,-3.960013055578189e-12,0.9999999867625299,0.00019575040921016338,-3.822095023842136e-12,0.0,0.9999999808408885,0.00032542243665200315,-4.53986157482517e-12,-7.920764902411882e-12,6.607838426859306e-05,-3.101489373680438e-12,0.0,0.0016766513758072852,-2.8757840219520448e-11,-2.6913885340866297e-11,-9.37251027263869e-07,1.333213674600729e-15,-8.347599628885996e-18,0.034127142,0.034127142,0.008524581861264858,0.008524581861284656,0.008538989138735837,0.008538989138714648,533.0597796765655,533.0597796771846,533.5100479758507,533.5100479751889,-4.411977189443535,1.0199706000001014,3.212961330279478e-11,0.002023360187143711,0.3463794145412269
11.56,attitude_only,0.0001737028954618873,-2.41316488336188e-12,-4.098138745009795e-12,0.9999999849136519,0.00019575040921016338,-3.822095023842136e-12,0.0,0.9999999808408885,0.00034740579267080287,-4.824905976780044e-12,-8.19711571382263e-12,4.409502824979324e-05,-2.8162558336612785e-12,0.0,0.002530644684459026,-2.706545913515769e-11,-2.8200200468303327e-11,-2.2467402138911664e-06,2.714187861580786e-15,-8.347599628885996e-18,0.034127142,0.034127142,0.008514517228897837,0.008514517228938864,0.008549053771102858,0.00854905377106044,532.7450055732679,532.7450055745514,533.824370965547,533.8243709642227,-4.5001641737107345,1.0199706000001014,3.233241593498023e-11,0.0020407610097546306,0.2978502934334326
11.57,attitude_only,0.000187084756987804,-2.5252110582922252e-12,-4.2413403675972444e-12,0.9999999824996467,0.00019575040921016338,-3.822095023842136e-12,0.0,0.9999999808408885,0.00037416951615830754,-5.048835047936331e-12,-8.483625443738947e-12,1.733130476228849e-05,-2.5921074058927233e-12,0.0,0.0026795529952783155,-1.7504439499742887e-11,-2.8914945144951982e-11,-2.7716572682009243e-06,-6.153420913286157e-15,-8.347599628885996e-18,0.034127142,0.034127142,0.00851048275718632,0.008510482757091035,0.008553088242814375,0.008553088242908269,532.6187741460841,532.6187741431025,533.9503173771375,533.9503173800682,-4.588351248645449,1.0199706000001014,3.253493290490145e-11,0.0020581088766926828,0.24843929794959058
11.58,zero_thrust,0.00019550755497616578,-2.635067151805504e-12,-4.3858523327292084e-12,0.9999999808883978,0.0,0.0,0.0,1.0,0.00039101511244330666,-5.26841926835818e-12,-8.772734848889183e-12,1.733130476228849e-05,-2.5921074058927233e-12,0.0,0.0012208555985723888,-3.047218685044026e-11,-2.8752451757321695e-11,0.0,0.0,0.0,0.0,0.0,0.0,0.0,0.0,0.0,0.0,0.0,0.0,0.0,-5.616285283460315,1.0199706000001014,3.272952340184166e-11,0.0020747727081862526,0.19979919083600137
11.59,zero_thrust,0.00020299564691374933,-2.8194556625836617e-12,-4.528351928575765e-12,0.9999999793963834,0.0,0.0,0.0,1.0,0.0004059912966157951,-5.637072737526969e-12,-9.057848345003019e-12,1.733130476228849e-05,-2.5921074058927233e-12,0.0,0.0016705308153882057,-4.08756448784853e-11,-2.8268513533977944e-11,0.0,0.0,0.0,0.0,0.0,0.0,0.0,0.0,0.0,0.0,0.0,0.0,0.0,-4.867048790586776,1.0199706000001014,3.281405761458912e-11,0.0020831764923550694,0.17174764854961097
11.6,zero_thrust,0.00021133700972804687,-3.0222773723075417e-12,-4.6683981781362564e-12,0.999999977668334,0.0,0.0,0.0,1.0,0.0004226740226024322,-6.042581399007732e-12,-9.338073585891161e-12,1.733130476228849e-05,-2.5921074058927233e-12,0.0,0.0015832214524496052,-3.821734910763876e-11,-2.7798949199255913e-11,0.0,0.0,0.0,0.0,0.0,0.0,0.0,0.0,0.0,0.0,0.0,0.0,0.0,-3.7536906687973315,1.0199706000001014,3.270220313238416e-11,0.002077365259596554,0.1787450667332153
11.61,zero_thrust,0.00021818455204789902,-3.184986251314365e-12,-4.8062612185800486e-12,0.9999999761977505,0.0,0.0,0.0,1.0,0.0004363691075579869,-6.367875047107053e-12,-9.613912037957484e-12,1.733130476228849e-05,-2.5921074058927233e-12,0.0,0.001189714639802488,-2.7739548948360595e-11,-2.739170728639661e-11,0.0,0.0,0.0,0.0,0.0,0.0,0.0,0.0,0.0,0.0,0.0,0.0,0.0,-2.267713699280178,1.0199706000001014,3.241018776731554e-11,0.0020589042074147753,0.2155070085210989
11.62,zero_thrust,0.00022204587262609463,-3.276784670114068e-12,-4.942260730540941e-12,0.999999975347815,0.0,0.0,0.0,1.0,0.00044409174890146664,-6.551374361475015e-12,-9.885976410429799e-12,1.733130476228849e-05,-2.5921074058927233e-12,0.0,0.000453921978770208,-1.1281132046881664e-11,-2.704907389272593e-11,0.0,0.0,0.0,0.0,0.0,0.0,0.0,0.0,0.0,0.0,0.0,0.0,0.0,-0.9065735895438347,1.0199706000001014,3.205995451656786e-11,0.002036413769792738,0.26088687701512137
11.63,zero_thrust,0.00022218986778602942,-3.2872124097646626e-12,-5.076709944105878e-12,0.9999999753158311,0.0,0.0,0.0,1.0,0.0004443797392284404,-6.572168670222574e-12,-1.0154880408164444e-11,1.733130476228849e-05,-2.5921074058927233e-12,0.0,-0.0003348153489464981,5.628962740354377e-12,-2.6766860381792413e-11,0.0,0.0,0.0,0.0,0.0,0.0,0.0,0.0,0.0,0.0,0.0,0.0,0.0,0.158497403320768,1.0199706000001014,3.171162202457641e-11,0.0020140408948563435,0.3050746907629122
11.64,zero_thrust,0.00021800639015379848,-3.2074216863324247e-12,-5.209891640735577e-12,0.9999999762366066,0.0,0.0,0.0,1.0,0.00043601278376131144,-6.412571640887025e-12,-1.042118151070882e-11,1.733130476228849e-05,-2.5921074058927233e-12,0.0,-0.001279629093554073,2.4927224937874198e-11,-2.6537752114118946e-11,0.0,0.0,0.0,0.0,0.0,0.0,0.0,0.0,0.0,0.0,0.0,0.0,0.0,0.9911452815317933,1.0199706000001014,3.13638458828572e-11,0.0019916933197737506,0.34829205870667024
11.65,zero_thrust,0.0002083980957800835,-3.019050353090942e-12,-5.342048530632476e-12,0.9999999782851167,0.0,0.0,0.0,1.0,0.00041679619457706067,-6.035874029582534e-12,-1.0685355157950327e-11,1.733130476228849e-05,-2.5921074058927233e-12,0.0,-0.002497579507186885,4.897773939676308e-11,-2.635363629766867e-11,0.0,0.0,0.0,0.0,0.0,0.0,0.0,0.0,0.0,0.0,0.0,0.0,0.0,1.637779482507645,1.0199706000001014,3.101677105750586e-11,0.0019693799784925034,0.39053522157077986
11.66,zero_thrust,0.00019164560503904304,-2.6913076240842505e-12,-5.4733828499987425e-12,0.999999981635981,0.0,0.0,0.0,1.0,0.0003832912124243419,-5.380517249786256e-12,-1.0947797053526799e-11,1.733130476228849e-05,-2.5921074058927233e-12,0.0,-0.004120211229166451,8.038421010901175e-11,-2.6206825865740417e-11,0.0,0.0,0.0,0.0,0.0,0.0,0.0,0.0,0.0,0.0,0.0,0.0,0.0,2.135557139399098,1.0199706000001014,3.067061858314311e-11,0.0019471134291521512,0.43180189924042806
11.67,zero_thrust,0.00016529982124359257,-2.179154480406814e-12,-5.604059434510157e-12,0.9999999863379846,0.0,0.0,0.0,1.0,0.0003305996439927377,-4.356456201224818e-12,-1.1208839143586969e-11,1.733130476228849e-05,-2.5921074058927233e-12,0.0,-0.006307254934979355,1.222324156730433e-10,-2.6090383048419995e-11,0.0,0.0,0.0,0.0,0.0,0.0,0.0,0.0,0.0,0.0,0.0,0.0,0.0,2.514221901823533,1.0199706000001014,3.032570079406581e-11,0.001924910795621091,0.4720907087556399
11.68,zero_thrust,0.00012601934480955485,-1.420400284390823e-12,-5.734210506302696e-12,0.9999999920595625,0.0,0.0,0.0,1.0,0.00025203869028620895,-2.839355303322438e-12,-1.1468778917367524e-11,1.733130476228849e-05,-2.5921074058927233e-12,0.0,-0.009254059860754968,1.782611241292595e-10,-2.5998447820832227e-11,0.0,0.0,0.0,0.0,0.0,0.0,0.0,0.0,0.0,0.0,0.0,0.0,0.0,2.797579572437037,1.0199706000001014,2.9982443189752994e-11,0.001902795026377243,0.5114008113045496
11.69,zero_thrust,6.935931979486802e-05,-3.318402847512523e-13,-5.863940172023382e-12,0.9999999975946424,0.0,0.0,0.0,1.0,0.00013871863970095868,-6.628671301028169e-13,-1.172792634826988e-11,1.733130476228849e-05,-2.5921074058927233e-12,0.0,-0.01320334988426505,2.530794267193233e-10,-2.5926074254606548e-11,0.0,0.0,0.0,0.0,0.0,0.0,0.0,0.0,0.0,0.0,0.0,0.0,0.0,3.0046813940511976,1.0199706000001014,2.964141200792874e-11,0.0018807964193941118,0.5497316981096272
11.7,zero_thrust,-1.0492049379215886e-05,1.1956386393516335e-12,-5.993329152920888e-12,0.9999999999449585,0.0,0.0,0.0,1.0,-2.0984098758816772e-05,2.3911515139608107e-12,-1.19866833945813e-11,1.733130476228849e-05,-2.5921074058927233e-12,0.0,-0.01845498472717735,3.5235882943028796e-10,-2.5869254900471267e-11,0.0,0.0,0.0,0.0,0.0,0.0,0.0,0.0,0.0,0.0,0.0,0.0,0.0,3.1507723641110723,1.0199706000001014,2.930334852963697e-11,0.001858954481403632,0.5870830605531321
11.71,zero_thrust,-0.00012102833821894048,3.3029218537165173e-12,-6.122438481844697e-12,0.9999999926760708,0.0,0.0,0.0,1.0,-0.00024205667702881633,6.6043616819416925e-12,-1.2245676368295227e-11,1.733130476228849e-05,-2.5921074058927233e-12,0.0,-0.02537674848261972,4.8303976519964e-10,-2.582471651636252e-11,0.0,0.0,0.0,0.0,0.0,0.0,0.0,0.0,0.0,0.0,0.0,0.0,0.0,3.248050908028451,1.0199706000001014,2.8969209740184503e-11,0.001837320117833446,0.6234547113901174
11.72,zero_thrust,-0.00027179299481500205,6.169563431201328e-12,-6.251313061226696e-12,0.9999999630642834,0.0,0.0,0.0,1.0,-0.0005435859963225836,1.2335728280451291e-11,-1.2505979348903271e-11,1.733130476228849e-05,-2.5921074058927233e-12,0.0,-0.034414784956582296,6.535305217536143e-10,-2.578986334201668e-11,0.0,0.0,0.0,0.0,0.0,0.0,0.0,0.0,0.0,0.0,0.0,0.0,0.0,3.306277237371357,1.0199706000001014,2.8640216008477237e-11,0.0018159581810619672,0.6588465369375465
11.73,zero_thrust,-0.0004748016545448497,1.002170775336475e-11,-6.379984689926341e-12,0.9999998872816882,0.0,0.0,0.0,1.0,-0.0009496033447689285,2.0037354792896048e-11,-1.2769484588415799e-11,1.733130476228849e-05,-2.5921074058927233e-12,0.0,-0.04610349318768077,8.738950787316698e-10,-2.576261601624543e-11,0.0,0.0,0.0,0.0,0.0,0.0,0.0,0.0,0.0,0.0,0.0,0.0,0.0,3.333260411851181,1.0199706000001014,2.831790589137446e-11,0.0017949503931648507,0.6932584680352505
11.74,zero_thrust,-0.0007450039172727088,1.514075392363731e-11,-6.5084593944991055e-12,0.9999997224845432,0.0,0.0,0.0,1.0,-0.0014900079723788344,3.0271801788199515e-11,-1.303947501856919e-11,1.733130476228849e-05,-2.5921074058927233e-12,0.0,-0.061079447487155165,1.1561186613610791e-09,-2.574132430826093e-11,0.0,0.0,0.0,0.0,0.0,0.0,0.0,0.0,0.0,0.0,0.0,0.0,0.0,3.335248216125512,1.0199706000001014,2.8004195734299944e-11,0.0017743985234876152,0.7266904623674781
11.75,zero_thrust,-0.0011007926975487403,2.187293466899389e-11,-6.636744676519321e-12,0.999999394127535,0.0,0.0,0.0,1.0,-0.0022015858397242453,4.373123147341928e-11,-1.3321636444512108e-11,1.733130476228849e-05,-2.5921074058927233e-12,0.0,-0.08007039241691527,1.5138905296053723e-09,-2.5724707626521394e-11,0.0,0.0,0.0,0.0,0.0,0.0,0.0,0.0,0.0,0.0,0.0,0.0,0.0,3.3172391982835143,1.0199706000001014,2.7701446003658733e-11,0.0017544279190167484,0.7591424936366327
11.76,zero_thrust,-0.0015645444551078008,3.0639469267699144e-11,-6.7648331553883815e-12,0.9999987760995751,0.0,0.0,0.0,1.0,-0.0031290901867806423,6.125769577167339e-11,-1.3625523375312866e-11,1.733130476228849e-05,-2.5921074058927233e-12,0.0,-0.10393125335121085,1.9633006860625674e-09,-2.57117434031376e-11,0.0,0.0,0.0,0.0,0.0,0.0,0.0,0.0,0.0,0.0,0.0,0.0,0.0,3.2832323826273218,1.0199706000001014,2.7412530917143292e-11,0.0017351912032283782,0.7906145448366575
11.77,zero_thrust,-0.0021631656394495813,4.194683791399834e-11,-6.892704303309073e-12,0.9999976603544712,0.0,0.0,0.0,1.0,-0.004326334652929531,8.386365942430953e-11,-1.3966852270566783e-11,1.733130476228849e-05,-2.5921074058927233e-12,0.0,-0.13359665245838312,2.521924860770424e-09,-2.570162959817338e-11,0.0,0.0,0.0,0.0,0.0,0.0,0.0,0.0,0.0,0.0,0.0,0.0,0.0,3.2364270879772294,1.0199706000001014,2.7140912681963288e-11,0.0017168722211882393,0.8211066039304254
11.78,zero_thrust,-0.0029285390394429268,5.6395146579060934e-11,-7.02032490598799e-12,0.999995711820353,0.0,0.0,0.0,1.0,-0.005857086450967884,1.1274869090196885e-10,-1.4370900379930998e-11,1.733130476228849e-05,-2.5921074058927233e-12,0.0,-0.17012618852257474,3.2096956840170566e-09,-2.5693747310084245e-11,0.0,0.0,0.0,0.0,0.0,0.0,0.0,0.0,0.0,0.0,0.0,0.0,0.0,3.179382809270108,1.0199706000001014,2.6890696561151435e-11,0.0016996889805632473,0.8506186608748411
11.79,zero_thrust,-0.003898095210618661,7.468890007621808e-11,-7.147647820257898e-12,0.9999924023980027,0.0,0.0,0.0,1.0,-0.00779621016541463,1.4932094081589268e-10,-1.4877475917896047e-11,1.733130476228849e-05,-2.5921074058927233e-12,0.0,-0.2146586493411348,4.048029613546814e-09,-2.5687605686026756e-11,0.0,0.0,0.0,0.0,0.0,0.0,0.0,0.0,0.0,0.0,0.0,0.0,0.0,3.114147135955528,1.0199706000001014,2.6666708717795156e-11,0.0016838977763232353,0.8791507053018176
11.8,zero_thrust,-0.00511512916622543,9.764293289036942e-11,-7.274610310047254e-12,0.9999869176412324,0.0,0.0,0.0,1.0,-0.010230302944654242,1.9520888983824073e-10,-1.554794270977721e-11,1.733130476228849e-05,-2.5921074058927233e-12,0.0,-0.26840083539999954,5.059619812634324e-09,-2.5682818091020444e-11,0.0,0.0,0.0,0.0,0.0,0.0,0.0,0.0,0.0,0.0,0.0,0.0,0.0,3.042358090741918,1.0199706000001014,2.647453790061871e-11,0.0016697954151644132,0.9067027244006918
11.81,zero_thrust,-0.006629112917745793,1.2618828726729497e-10,-7.401131889421451e-12,0.9999780271895597,0.0,0.0,0.0,1.0,-0.013258322943172763,2.522729032339299e-10,-1.6474971341890487e-11,1.733130476228849e-05,-2.5921074058927233e-12,0.0,-0.3325948480587561,6.267820171076161e-09,-2.5679082476812837e-11,0.0,0.0,0.0,0.0,0.0,0.0,0.0,0.0,0.0,0.0,0.0,0.0,0.0,2.9653259977142,1.0199706000001014,2.6320577903584096e-11,0.0016577214710281221,0.9332747006567245
11.82,zero_thrust,-0.008495730228850168,1.6137284467231738e-10,-7.527111675820325e-12,0.9999639106327182,0.0,0.0,0.0,1.0,-0.016991664864336807,3.2260614503651297e-10,-1.779564036344127e-11,1.733130476228849e-05,-2.5921074058927233e-12,0.0,-0.4085138653223597,7.69656884366149e-09,-2.5676179633918215e-11,0.0,0.0,0.0,0.0,0.0,0.0,0.0,0.0,0.0,0.0,0.0,0.0,0.0,2.884098968984746,1.0199706000001014,2.6212031168222683e-11,0.0016480584841920218,0.9588666091973932
11.83,zero_thrust,-0.01077669129561482,2.0435782334787835e-10,-7.65242525745313e-12,0.9999419297762842,0.0,0.0,0.0,1.0,-0.021553799804170354,4.0852697683739226e-10,-1.9708564110940663e-11,1.733130476228849e-05,-2.5921074058927233e-12,0.0,-0.4972872099147373,9.367085793191928e-09,-2.5673912051523216e-11,0.0,0.0,0.0,0.0,0.0,0.0,0.0,0.0,0.0,0.0,0.0,0.0,0.0,2.7995152818067606,1.0199706000001014,2.6156894042065543e-11,0.0016412311806288749,0.9834784145283408
11.84,zero_thrust,-0.013539416318779854,2.5641181653674004e-10,-7.776920843966636e-12,0.9999083379019033,0.0,0.0,0.0,1.0,-0.027079660035434053,5.125660366453496e-10,-2.2495748656461738e-11,1.733130476228849e-05,-2.5921074058927233e-12,0.0,-0.6000178506040891,1.1300100462837254e-08,-2.5672141113762856e-11,0.0,0.0,0.0,0.0,0.0,0.0,0.0,0.0,0.0,0.0,0.0,0.0,0.0,2.7122452648867448,1.0199706000001014,2.6163904379872836e-11,0.0016377036937054773,1.0071100665004071
11.85,zero_thrust,-0.01685616672975411,3.188944187826695e-10,-7.900415365492302e-12,0.999857924728898,0.0,0.0,0.0,1.0,-0.03371393011321851,6.374318821060659e-10,-2.6549260808052278e-11,1.733130476228849e-05,-2.5921074058927233e-12,0.0,-0.7176057665961905,1.351251786711643e-08,-2.5670770082038137e-11,0.0,0.0,0.0,0.0,0.0,0.0,0.0,0.0,0.0,0.0,0.0,0.0,0.0,2.6228247903850863,1.0199706000001014,2.6242434037072737e-11,0.0016379738602525006,1.0297614954241912
11.86,zero_thrust,-0.020802997175732894,3.932364948180668e-10,-8.022689723540034e-12,0.9997835942385265,0.0,0.0,0.0,1.0,-0.041608995870248945,7.859690003666118e-10,-3.240290251671338e-11,1.733130476228849e-05,-2.5921074058927233e-12,0.0,-0.8507003589761435,1.601652655983267e-08,-2.5669698527169158e-11,0.0,0.0,0.0,0.0,0.0,0.0,0.0,0.0,0.0,0.0,0.0,0.0,0.0,2.5316820495964225,1.0199706000001014,2.6402346479295667e-11,0.0016425656611323827,1.0514326062886084
11.870000000000001,zero_thrust,-0.02545829938873905,4.809127649073705e-10,-8.143484025391889e-12,0.9996758849708406,0.0,0.0,0.0,1.0,-0.05092210043571858,9.610991491963273e-10,-4.0768131497415315e-11,1.733130476228849e-05,-2.5921074058927233e-12,0.0,-0.9996240985658309,1.8818163119877684e-08,-2.5668873536852796e-11,0.0,0.0,0.0,0.0,0.0,0.0,0.0,0.0,0.0,0.0,0.0,0.0,0.0,2.439158957671294,1.0199706000001014,2.66537985014619e-11,0.0016520186943651586,1.0721232721883194
11.88,zero_thrust,-0.0309007593048799,5.83403345631328e-10,-8.262493030519294e-12,0.9995224575137779,0.0,0.0,0.0,1.0,-0.06181135810624623,1.1657388568775812e-09,-5.257230740014086e-11,1.733130476228849e-05,-2.5921074058927233e-12,0.0,-1.1643029485431273,2.1916004176795186e-08,-2.5668232092083178e-11,0.0,0.0,0.0,0.0,0.0,0.0,0.0,0.0,0.0,0.0,0.0,0.0,0.0,2.345528268083278,1.0199706000001014,2.700695892921546e-11,0.0016668732403658155,1.091833327285631
11.89,zero_thrust,-0.037207646744225366,7.021615764747241e-10,-8.379361074872063e-12,0.9993075557723743,0.0,0.0,0.0,1.0,-0.07443247439408018,1.4027271848748351e-09,-6.899867745900898e-11,1.733130476228849e-05,-2.5921074058927233e-12,0.0,-1.3442851104764073,2.5301523018689508e-08,-2.5667744244778873e-11,0.0,0.0,0.0,0.0,0.0,0.0,0.0,0.0,0.0,0.0,0.0,0.0,0.0,2.2510072572098867,1.0199706000001014,2.7471757036764174e-11,0.001687656896876964,1.110562559422794
11.9,zero_thrust,-0.044451291168243236,8.385476689219812e-10,-8.493679718461575e-12,0.9990115528428468,0.0,0.0,0.0,1.0,-0.08893188575769181,1.6746825076644854e-09,-9.151962150918542e-11,1.733130476228849e-05,-2.5921074058927233e-12,0.0,-1.538313012275879,2.895102871961923e-08,-2.5667343904964695e-11,0.0,0.0,0.0,0.0,0.0,0.0,0.0,0.0,0.0,0.0,0.0,0.0,0.0,2.1557686923625843,1.0199706000001014,2.8057413987081023e-11,0.0017148597028778675,1.1283107037525273
11.91,zero_thrust,-0.05269664584150981,9.937828866700847e-10,-8.604985471948496e-12,0.9986105664957959,0.0,0.0,0.0,1.0,-0.10544213115130258,1.983897275119108e-09,-1.2192410847807462e-10,1.733130476228849e-05,-2.5921074058927233e-12,0.0,-1.7449732776127098,3.283791272954516e-08,-2.5667039500604266e-11,0.0,0.0,0.0,0.0,0.0,0.0,0.0,0.0,0.0,0.0,0.0,0.0,0.0,2.0599496308944967,1.0199706000001014,2.8772035667120085e-11,0.0017489125116087526,1.1450774376027484
11.92,zero_thrust,-0.06199847543490309,1.1688966396550364e-09,-8.71276006868177e-12,0.9980762441034993,0.0,0.0,0.0,1.0,-0.12407652539441923,2.3322155800220235e-09,-1.6233161688943678e-10,1.733130476228849e-05,-2.5921074058927233e-12,0.0,-1.9618013980975268,3.6915788622746084e-08,-2.5666790886286792e-11,0.0,0.0,0.0,0.0,0.0,0.0,0.0,0.0,0.0,0.0,0.0,0.0,0.0,1.9636584983570478,1.0199706000001014,2.9622246599163864e-11,0.001790167538639128,1.1608623772848206
11.93,zero_thrust,-0.07239819410059269,1.3646669974232634e-09,-8.816434331842836e-12,0.9973758075524857,0.0,0.0,0.0,1.0,-0.14492317916350694,2.7208951093424426e-09,-2.151854489471553e-10,1.733130476228849e-05,-2.5921074058927233e-12,0.0,-2.186117406218799,4.113423055154482e-08,-2.5666595650644165e-11,0.0,0.0,0.0,0.0,0.0,0.0,0.0,0.0,0.0,0.0,0.0,0.0,0.0,1.866980834358908,1.0199706000001014,3.0612655980239973e-11,0.0018388700019745297,1.1756650790684837
11.94,zero_thrust,-0.083920601117396,1.5815592835473491e-09,-8.915396722073937e-12,0.9964724445302514,0.0,0.0,0.0,1.0,-0.16803883751435353,3.150464119987647e-09,-2.8321870588738737e-10,1.733130476228849e-05,-2.5921074058927233e-12,0.0,-2.4146010674991687,4.543077439345001e-08,-2.566646939120649e-11,0.0,0.0,0.0,0.0,0.0,0.0,0.0,0.0,0.0,0.0,0.0,0.0,0.0,1.7699839796448105,1.0199706000001014,3.174538774253602e-11,0.001895133154416772,1.1894850446763676
11.95,zero_thrust,-0.09657180288080844,1.819687014877666e-09,-9.009004592692719e-12,0.9953260204015317,0.0,0.0,0.0,1.0,-0.19344508590610057,3.6206236381577045e-09,-3.6939470478911333e-10,1.733130476228849e-05,-2.5921074058927233e-12,0.0,-2.6434784987216235,4.973443202791092e-08,-2.5666355572592576e-11,0.0,0.0,0.0,0.0,0.0,0.0,0.0,0.0,0.0,0.0,0.0,0.0,0.0,1.6727209224725166,1.0199706000001014,3.301972676980332e-11,0.001958919480422633,1.2023217316142008
11.96,zero_thrust,-0.11033658681012996,2.078762520450848e-09,-9.096603192371508e-12,0.9938942788904114,0.0,0.0,0.0,1.0,-0.22112339633763012,4.130132976200195e-09,-4.768092463312078e-10,1.733130476228849e-05,-2.5921074058927233e-12,0.0,-2.868649057222734,5.396807981156049e-08,-2.5666269655424182e-11,0.0,0.0,0.0,0.0,0.0,0.0,0.0,0.0,0.0,0.0,0.0,0.0,0.0,1.575233515078831,1.0199706000001014,3.443170909832931e-11,0.0020300189184332806,1.2141745704692435
11.97,zero_thrust,-0.12517738864091643,2.3580775637028927e-09,-9.177547918350324e-12,0.9921343766713464,0.0,0.0,0.0,1.0,-0.2510132482544592,4.676761984649021e-09,-6.085667048408126e-10,1.733130476228849e-05,-2.5921074058927233e-12,0.0,-3.0858351814404403,5.8051277716556396e-08,-2.566619331322449e-11,0.0,0.0,0.0,0.0,0.0,0.0,0.0,0.0,0.0,0.0,0.0,0.0,0.0,1.4775551452940345,1.0199706000001014,3.597394093472647e-11,0.0021080392287796917,1.2250429871307917
11.98,zero_thrust,-0.14103394991631643,2.656496952676301e-09,-9.251231410305635e-12,0.9900047600749211,0.0,0.0,0.0,1.0,-0.2830114521033606,5.2572797811333505e-09,-7.676300426187078e-10,1.733130476228849e-05,-2.5921074058927233e-12,0.0,-3.2907709187440646,6.190381634663273e-08,-2.5666148475511938e-11,0.0,0.0,0.0,0.0,0.0,0.0,0.0,0.0,0.0,0.0,0.0,0.0,0.0,1.3797129735466869,1.0199706000001014,3.763554019413359e-11,0.0021924028679783285,1.2349264299963645
11.99,zero_thrust,-0.1578237632336918,2.9724669770551398e-09,-9.317114955942281e-12,0.9874672955388222,0.0,0.0,0.0,1.0,-0.3169728116718371,5.867486929532539e-09,-9.566525414289733e-10,1.733130476228849e-05,-2.5921074058927233e-12,0.0,-3.4796156458769927,6.545349898358467e-08,-2.56660790147308e-11,0.0,0.0,0.0,0.0,0.0,0.0,0.0,0.0,0.0,0.0,0.0,0.0,0.0,1.2817297995524326,1.0199706000001014,3.94022136811643e-11,0.0022823510651814385,1.2438244010321184
12.0,zero_thrust,-0.1754443566407271,3.3040584569948496e-09,-9.374759103079267e-12,0.9844893487097366,0.0,0.0,0.0,1.0,-0.35271421503442973,6.50233121969251e-09,-1.177815521549032e-09,1.733130476228849e-05,-2.5921074058927233e-12,0.0,-3.648382995067047,6.86253974013444e-08,-2.5666020773900268e-11,0.0,0.0,0.0,0.0,0.0,0.0,0.0,0.0,0.0,0.0,0.0,0.0,0.0,1.1836255207450135,1.0199706000001014,4.1256686498268057e-11,0.0023769666040418425,1.2517364850872716
12.01,zero_thrust,-0.1937766664057234,3.6490302667151557e-09,-9.423853623376623e-12,0.9810456684358201,0.0,0.0,0.0,1.0,-0.39002065435543815,7.156078428424551e-09,-1.432684302949675e-09,1.733130476228849e-05,-2.5921074058927233e-12,0.0,-3.794563247549903,7.137237025300656e-08,-2.566598153797614e-11,0.0,0.0,0.0,0.0,0.0,0.0,0.0,0.0,0.0,0.0,0.0,0.0,0.0,1.085418285659897,1.0199706000001014,4.3179186849462165e-11,0.0024751995491080273,1.2586623785404658
12.02,zero_thrust,-0.21268973772717895,4.004917840901523e-09,-9.464242028154982e-12,0.9771197856279157,0.0,0.0,0.0,1.0,-0.4286537191862794,7.822543030008713e-09,-1.7221052466838525e-09,1.733130476228849e-05,-2.5921074058927233e-12,0.0,-3.9157888681946518,7.36499585590897e-08,-2.5665929183776096e-11,0.0,0.0,0.0,0.0,0.0,0.0,0.0,0.0,0.0,0.0,0.0,0.0,0.0,0.9871252099737892,1.0199706000001014,4.514832615440131e-11,0.0025759139699341005,1.2646019076127593
12.03,zero_thrust,-0.23204468681838925,4.369107771884705e-09,-9.49594802193669e-12,0.9727051266027931,0.0,0.0,0.0,1.0,-0.46835843993468085,8.495300088215129e-09,-2.0461300038513366e-09,1.733130476228849e-05,-2.5921074058927233e-12,0.0,-4.011375468869404,7.544536750574852e-08,-2.5665925677902468e-11,0.0,0.0,0.0,0.0,0.0,0.0,0.0,0.0,0.0,0.0,0.0,0.0,0.0,0.8887629216470957,1.0199706000001014,4.71417398820849e-11,0.0026779219594881324,1.2695550452961624
12.04,zero_thrust,-0.25170330800231466,4.738999801008624e-09,-9.519174342885699e-12,0.9678044455057498,0.0,0.0,0.0,1.0,-0.5088796493863481,9.16805813399091e-09,-2.404069251565541e-09,1.733130476228849e-05,-2.5921074058927233e-12,0.0,-4.081728896772876,7.676631185213144e-08,-2.566587851034799e-11,0.0,0.0,0.0,0.0,0.0,0.0,0.0,0.0,0.0,0.0,0.0,0.0,0.0,0.7903474775841974,1.0199706000001014,4.913742709243278e-11,0.002780054770952781,1.273521902309489
12.05,zero_thrust,-0.2715341276409483,5.112120753789677e-09,-9.534304126437526e-12,0.9624288116667483,0.0,0.0,0.0,1.0,-0.5499733812224669,9.83492682642617e-09,-2.7945826765318873e-09,1.733130476228849e-05,-2.5921074058927233e-12,0.0,-4.12864851732817,7.764671733204386e-08,-2.566590244012127e-11,0.0,0.0,0.0,0.0,0.0,0.0,0.0,0.0,0.0,0.0,0.0,0.0,0.0,0.6918941850459577,1.0199706000001014,5.1114673830831156e-11,0.0028812118560469294,1.276502712458419
12.06,zero_thrust,-0.29142022616428587,5.486271724415846e-09,-9.541880092413325e-12,0.9565951347264717,0.0,0.0,0.0,1.0,-0.5914223413404606,1.0490720285018091e-08,-3.2158765256010774e-09,1.733130476228849e-05,-2.5921074058927233e-12,0.0,-4.1554171085360165,7.814840837611176e-08,-2.566591783695545e-11,0.0,0.0,0.0,0.0,0.0,0.0,0.0,0.0,0.0,0.0,0.0,0.0,0.0,0.5934170581790831,1.0199706000001014,5.305512077153294e-11,0.0029804175745614526,1.2784977979655348
12.07,zero_thrust,-0.311266004335283,5.85965538463324e-09,-9.542576453426083e-12,0.9503228264885294,0.0,0.0,0.0,1.0,-0.6330498515246508,1.113118797545934e-08,-3.665960093167435e-09,1.733130476228849e-05,-2.5921074058927233e-12,0.0,-4.166860347734043,7.83622216089204e-08,-2.5665895215948684e-11,0.0,0.0,0.0,0.0,0.0,0.0,0.0,0.0,0.0,0.0,0.0,0.0,0.0,0.494928161328175,1.0199706000001014,5.4943585520809446e-11,0.003076864876833749,1.2795075237047802
12.08,zero_thrust,-0.33100406893438716,6.231005583981486e-09,-9.537176141167921e-12,0.9436293267744912,0.0,0.0,0.0,1.0,-0.6747348540222529,1.1753205520463349e-08,-4.142975521904359e-09,1.733130476228849e-05,-2.5921074058927233e-12,0.0,-4.168949914147263,7.840060632891323e-08,-2.5665914480563243e-11,0.0,0.0,0.0,0.0,0.0,0.0,0.0,0.0,0.0,0.0,0.0,0.0,0.0,0.3964367897030534,1.0199706000001014,5.676877342822813e-11,0.003169953060826494,1.2795322367368058
12.09,zero_thrust,-0.3505999293728832,6.599675491924532e-09,-9.526451339951903e-12,0.936525327753462,0.0,0.0,0.0,1.0,-0.7164232351028719,1.2354846559948303e-08,-4.645535048632331e-09,1.733130476228849e-05,-2.5921074058927233e-12,0.0,-4.168345911251763,7.838853655075771e-08,-2.5665878713956288e-11,0.0,0.0,0.0,0.0,0.0,0.0,0.0,0.0,0.0,0.0,0.0,0.0,0.0,0.2979487696324723,1.0199706000001014,5.852357632361916e-11,0.0032593036446661363,1.2785722036303073
12.1,zero_thrust,-0.3700244042985452,6.9651145722308594e-09,-9.509902732817929e-12,0.9290220343046266,0.0,0.0,0.0,1.0,-0.7580705787268207,1.2934452025930129e-08,-5.172194559287445e-09,1.733130476228849e-05,-2.5921074058927233e-12,0.0,-4.159908285474945,7.822854126918168e-08,-2.5665885470292025e-11,0.0,0.0,0.0,0.0,0.0,0.0,0.0,0.0,0.0,0.0,0.0,0.0,0.0,0.19946846311230365,1.0199706000001014,6.020242084744691e-11,0.003344620989929308,1.2766276760006237
12.11,zero_thrust,-0.38920829613854246,7.326017952555512e-09,-9.486733423550891e-12,0.9211497718704231,0.0,0.0,0.0,1.0,-0.7995439258675743,1.3489334900726867e-08,-5.7201713342468086e-09,1.733130476228849e-05,-2.5921074058927233e-12,0.0,-4.133539005295539,7.773069899429898e-08,-2.566582016121392e-11,0.0,0.0,0.0,0.0,0.0,0.0,0.0,0.0,0.0,0.0,0.0,0.0,0.0,0.10100398102964889,1.0199706000001014,6.179630053705453e-11,0.0034254277740807327,1.273699136527614
12.12,zero_thrust,-0.4080353527446181,7.680195298904104e-09,-9.456384876448261e-12,0.9129661280193122,0.0,0.0,0.0,1.0,-0.8406021717257901,1.4015799250267708e-08,-6.284849114043211e-09,1.733130476228849e-05,-2.5921074058927233e-12,0.0,-4.077784068872965,7.667955664323438e-08,-2.5665788609734916e-11,0.0,0.0,0.0,0.0,0.0,0.0,0.0,0.0,0.0,0.0,0.0,0.0,0.0,0.00256841100478096,1.0199706000001014,6.32926243048285e-11,0.0035010562727434804,1.2697873978366665
12.13,zero_thrust,-0.42633918082006994,8.02451267214263e-09,-9.418582318503053e-12,0.904563376938107,0.0,0.0,0.0,1.0,-0.88088368413172,1.4509329540651626e-08,-6.859367727499109e-09,1.733130476228849e-05,-2.5921074058927233e-12,0.0,-3.980234507198375,7.484171667713262e-08,-2.566575080189729e-11,0.0,0.0,0.0,0.0,0.0,0.0,0.0,0.0,0.0,0.0,0.0,0.0,0.0,-0.09581963352890117,1.0199706000001014,6.467583357412283e-11,0.0035706811721337556,1.2648936797200303
12.14,zero_thrust,-0.4439035995342775,8.354899279897778e-09,-9.373421143591507e-12,0.8960745473008994,0.0,0.0,0.0,1.0,-0.9199006600980404,1.496490338918684e-08,-7.434338296401743e-09,1.733130476228849e-05,-2.5921074058927233e-12,0.0,-3.8279722333876856,7.197422778571866e-08,-2.5665637644017284e-11,0.0,0.0,0.0,0.0,0.0,0.0,0.0,0.0,0.0,0.0,0.0,0.0,0.0,-0.1941360190312615,1.0199706000001014,6.592846526598513e-11,0.0036333759974326476,1.2590196641096234
12.15,zero_thrust,-0.4604603803427937,8.6663049922749e-09,-9.321448224485526e-12,0.8876802566997701,0.0,0.0,0.0,1.0,-0.95702752374929,1.537723136517258e-08,-7.997529116924554e-09,1.733130476228849e-05,-2.5921074058927233e-12,0.0,-3.6067293699596306,6.780876208278044e-08,-2.5665614361716687e-11,0.0,0.0,0.0,0.0,0.0,0.0,0.0,0.0,0.0,0.0,0.0,0.0,0.0,-0.29235104992159267,1.0199706000001014,6.703203006166153e-11,0.0036881597500054426,1.2521675523747944
12.16,zero_thrust,-0.4756913769016551,8.952740524521441e-09,-9.263726860188582e-12,0.8796122520414364,0.0,0.0,0.0,1.0,-0.9914997334344575,1.5741067159463144e-08,-8.533779909597274e-09,1.733130476228849e-05,-2.5921074058927233e-12,0.0,-3.303297748531365,6.209695894829313e-08,-2.5665564486465133e-11,0.0,0.0,0.0,0.0,0.0,0.0,0.0,0.0,0.0,0.0,0.0,0.0,0.0,-0.3904300867946867,1.0199706000001014,6.796803736859858e-11,0.0037340513272616054,1.244340090031924
12.17,zero_thrust,-0.489230554244042,9.20731571923094e-09,-9.20187421153435e-12,0.8721544959432747,0.0,0.0,0.0,1.0,-1.0224145975922478,1.6051399924151714e-08,-9.025051256767856e-09,1.733130476228849e-05,-2.5921074058927233e-12,0.0,-2.9030013546067863,5.4562861203355844e-08,-2.566556385242745e-11,0.0,0.0,0.0,0.0,0.0,0.0,0.0,0.0,0.0,0.0,0.0,0.0,0.0,-0.48833480744341845,1.0199706000001014,6.871884008476072e-11,0.0037701143737788848,1.2355405531315407
12.18,zero_thrust,-0.5006650784107837,9.422260138031824e-09,-9.138060743990435e-12,0.8656410799285832,0.0,0.0,0.0,1.0,-1.0487338248020235,1.6303440666709994e-08,-9.450613783170773e-09,1.733130476228849e-05,-2.5921074058927233e-12,0.0,-2.392820237279414,4.496169524599973e-08,-2.5665571222433697e-11,0.0,0.0,0.0,0.0,0.0,0.0,0.0,0.0,0.0,0.0,0.0,0.0,0.0,-0.5860244082249892,1.0199706000001014,6.926758771601865e-11,0.003795454793812051,1.2257727250180281
12.19,zero_thrust,-0.5095346013352292,9.588909696485242e-09,-9.074965143062384e-12,0.8604501670882219,0.0,0.0,0.0,1.0,-1.069287650972664,1.649230988357659e-08,-9.78737966942358e-09,1.733130476228849e-05,-2.5921074058927233e-12,0.0,-1.7602005911579868,3.305747850847068e-08,-2.5665537342074987e-11,0.0,0.0,0.0,0.0,0.0,0.0,0.0,0.0,0.0,0.0,0.0,0.0,0.0,-0.6834573317451437,1.0199706000001014,6.959734558579146e-11,0.003809173970777799,1.2150408347597708
12.2,zero_thrust,-0.5153317764097534,9.697716483985377e-09,-9.015658295805825e-12,0.856990758539652,0.0,0.0,0.0,1.0,-1.0827894907643045,1.6612414701016067e-08,-1.0010535597303979e-08,1.733130476228849e-05,-2.5921074058927233e-12,0.0,-0.993820738257174,1.8637430964435858e-08,-2.5665533154723817e-11,0.0,0.0,0.0,0.0,0.0,0.0,0.0,0.0,0.0,0.0,0.0,0.0,0.0,-0.7805936429264665,1.0199706000001014,6.968910077323784e-11,0.0038102628551566955,1.2033494458832534
12.21,zero_thrust,-0.5174973242633553,9.73815603159337e-09,-8.963427181130241e-12,0.8556848247925564,0.0,0.0,0.0,1.0,-1.0878471834659669,1.665630757622817e-08,-1.0094279116451301e-08,1.733130476228849e-05,-2.5921074058927233e-12,0.0,-0.08414661311788404,1.5224244308618284e-09,-2.566557413186655e-11,0.0,0.0,0.0,0.0,0.0,0.0,0.0,0.0,0.0,0.0,0.0,0.0,0.0,-0.8773973059578903,1.0199706000001014,6.951799903438285e-11,0.003797402089322383,1.1907033263024156
12.22,zero_thrust,-0.5154161504360152,9.698654426686035e-09,-8.921509317307955e-12,0.856940016494573,0.0,0.0,0.0,1.0,-1.0829864042626154,1.6613133588782174e-08,-1.001297665470653e-08,1.733130476228849e-05,-2.5921074058927233e-12,0.0,0.9759229151935139,-1.8420877793520245e-08,-2.5665659217226713e-11,0.0,0.0,0.0,0.0,0.0,0.0,0.0,0.0,0.0,0.0,0.0,0.0,0.0,-0.9738395192854581,1.0199706000001014,6.904815663915247e-11,0.0037686864062480563,1.1771072425764586
12.23,zero_thrust,-0.5084124852439547,9.566497077998075e-09,-8.892739546781482e-12,0.8611136654635471,0.0,0.0,0.0,1.0,-1.066680449517454,1.6466640369335256e-08,-9.742768428102349e-09,1.733130476228849e-05,-2.5921074058927233e-12,0.0,2.1901022352770068,-4.1262078418419527e-08,-2.5665654437592372e-11,0.0,0.0,0.0,0.0,0.0,0.0,0.0,0.0,0.0,0.0,0.0,0.0,0.0,-1.0699029508441016,1.0199706000001014,6.822591042992065e-11,0.0037212660248259087,1.1625656758056722
12.24,zero_thrust,-0.49574667692806285,9.32776866908696e-09,-8.879112292848593e-12,0.8684671739995604,0.0,0.0,0.0,1.0,-1.037388769998077,1.619291821070068e-08,-9.263843076828311e-09,1.733130476228849e-05,-2.5921074058927233e-12,0.0,3.556431176311743,-6.696401321731707e-08,-2.566564238749245e-11,0.0,0.0,0.0,0.0,0.0,0.0,0.0,0.0,0.0,0.0,0.0,0.0,0.0,-1.1655874269926518,1.0199706000001014,6.697199688259255e-11,0.003650931076837264,1.147082422489804
12.25,zero_thrust,-0.4766225688111637,8.967492382761007e-09,-8.881248158332256e-12,0.8791080291408147,0.0,0.0,0.0,1.0,-0.9936176184272113,1.5758323103265646e-08,-8.563833663661752e-09,1.733130476228849e-05,-2.5921074058927233e-12,0.0,5.068787973168755,-9.541120355776148e-08,-2.566568385741068e-11,0.0,0.0,0.0,0.0,0.0,0.0,0.0,0.0,0.0,0.0,0.0,0.0,0.0,-1.260918754586974,1.0199706000001014,6.517430334493083e-11,0.0035517262951506377,1.1306599818401617
12.26,zero_thrust,-0.45021130999292247,8.470078460225286e-09,-8.897800515938282e-12,0.8929220438282709,0.0,0.0,0.0,1.0,-0.9340039498459572,1.511822775932768e-08,-7.642540323086259e-09,1.733130476228849e-05,-2.5921074058927233e-12,0.0,6.7079318724381185,-1.262413842707767e-07,-2.56657608743675e-11,0.0,0.0,0.0,0.0,0.0,0.0,0.0,0.0,0.0,0.0,0.0,0.0,0.0,-1.3559599954219084,1.0199706000001014,6.268282707789986e-11,0.003415682819249194,1.1132987322525456
12.27,zero_thrust,-0.41570369585819456,7.820309693851655e-09,-8.924861616251962e-12,0.9095001029410814,0.0,0.0,0.0,1.0,-0.8574327669467391,1.4217724747260637e-08,-6.518097610097031e-09,1.733130476228849e-05,-2.5921074058927233e-12,0.0,8.444935061541628,-1.589100509739295e-07,-2.5665862775604954e-11,0.0,0.0,0.0,0.0,0.0,0.0,0.0,0.0,0.0,0.0,0.0,0.0,0.0,-1.4508266678917225,1.0199706000001014,5.931133582873734e-11,0.003232905783624007,1.0949957986748362
12.28,zero_thrust,-0.37239528074517647,7.00494360156979e-09,-8.955511284610173e-12,0.9280742184107482,0.0,0.0,0.0,1.0,-0.7631772072176254,1.299554513579841e-08,-5.233838636493287e-09,1.733130476228849e-05,-2.5921074058927233e-12,0.0,10.230450386041333,-1.9248863219240818e-07,-2.566594805005082e-11,0.0,0.0,0.0,0.0,0.0,0.0,0.0,0.0,0.0,0.0,0.0,0.0,0.0,-1.5457010862277418,1.0199706000001014,5.484907851853991e-11,0.0029921956137609683,1.0757438110791184
12.29,zero_thrust,-0.31984001222087943,6.0156037735412965e-09,-8.979612560456411e-12,0.9474715650522435,0.0,0.0,0.0,1.0,-0.651121249752286,1.1393482965320557e-08,-3.8650774240232706e-09,1.733130476228849e-05,-2.5921074058927233e-12,0.0,11.993873342465687,-2.256487542335552e-07,-2.566588980583232e-11,0.0,0.0,0.0,0.0,0.0,0.0,0.0,0.0,0.0,0.0,0.0,0.0,0.0,-1.6408451347151007,1.0199706000001014,4.9091353316907234e-11,0.0026826709859319527,1.05552959779247
12.3,zero_thrust,-0.258042292435945,4.852393856851263e-09,-8.984247108204491e-12,0.9661336218734976,0.0,0.0,0.0,1.0,-0.5219906415929704,9.371485071913617e-09,-2.5216056356449056e-09,1.733130476228849e-05,-2.5921074058927233e-12,0.0,13.639125405249914,-2.565829927875372e-07,-2.566587948964535e-11,0.0,0.0,0.0,0.0,0.0,0.0,0.0,0.0,0.0,0.0,0.0,0.0,0.0,-1.736596081673513,1.0199706000001014,4.1889524916871755e-11,0.002296425206010578,1.0343335990973987
12.31,zero_thrust,-0.18768952862160418,3.5282725672046018e-09,-8.955007366476437e-12,0.9822284056398491,0.0,0.0,0.0,1.0,-0.37761868081716093,6.9277775544735535e-09,-1.3420313551904725e-09,1.733130476228849e-05,-2.5921074058927233e-12,0.0,15.04430919605569,-2.829984685545547e-07,-2.566600595766648e-11,0.0,0.0,0.0,0.0,0.0,0.0,0.0,0.0,0.0,0.0,0.0,0.0,0.0,-1.8333352835391594,1.0199706000001014,3.3219638438122274e-11,0.0018321711820199257,1.0121306781873818
12.32,zero_thrust,-0.11036257527127417,2.0730115690393648e-09,-8.878360675832832e-12,0.9938913934527718,0.0,0.0,0.0,1.0,-0.22117569264201406,4.118737036495758e-09,-4.752140431800177e-10,1.733130476228849e-05,-2.5921074058927233e-12,0.0,16.06658374333337,-3.022086519213758e-07,-2.5665953677754846e-11,0.0,0.0,0.0,0.0,0.0,0.0,0.0,0.0,0.0,0.0,0.0,0.0,0.0,-1.9314169436809054,1.0199706000001014,2.3252921283321713e-11,0.0012989879188163315,0.9888932423449034
12.33,zero_thrust,-0.028653852589554253,5.354148976572477e-10,-8.744927217647467e-12,0.9995893940672721,0.0,0.0,0.0,1.0,-0.057315550095503834,1.0698889545367957e-09,-4.816607210074536e-11,1.733130476228849e-05,-2.5921074058927233e-12,0.0,16.556153218912428,-3.1139652751493547e-07,-2.5665782999189165e-11,0.0,0.0,0.0,0.0,0.0,0.0,0.0,0.0,0.0,0.0,0.0,0.0,0.0,-2.031060256275434,1.0199706000001014,1.2399635610039049e-11,0.0007186528549781931,0.9645969072783684
12.34,zero_thrust,0.053896142179920246,-1.0178797028699272e-09,-8.552999761234491e-12,0.9985465466657636,0.0,0.0,0.0,1.0,0.10784453842567698,-2.031878577061486e-09,-1.2680071512629274e-10,1.733130476228849e-05,-2.5921074058927233e-12,0.0,16.373248279799952,-3.0793409654403996e-07,-2.566572678072137e-11,0.0,0.0,0.0,0.0,0.0,0.0,0.0,0.0,0.0,0.0,0.0,0.0,0.0,-2.132231968606083,1.0199706000001014,1.290733792794711e-12,0.00012467126444150092,0.9392277190990822
12.35,zero_thrust,0.13308866250487392,-2.507858106212521e-09,-8.311153581434964e-12,0.9911041357560082,0.0,0.0,0.0,1.0,0.2669694367847492,-4.968884841284868e-09,-6.84009399590588e-10,1.733130476228849e-05,-2.5921074058927233e-12,0.0,15.413681548313987,-2.898629861112199e-07,-2.566568941347157e-11,0.0,0.0,0.0,0.0,0.0,0.0,0.0,0.0,0.0,0.0,0.0,0.0,0.0,-2.234572144311338,1.0199706000001014,-9.319839632286991e-12,-0.00044291000216834875,0.9127883906277592
12.36,zero_thrust,0.20453269498884238,-3.851900314754034e-09,-8.038691311075434e-12,0.9788597328936364,0.0,0.0,0.0,1.0,0.4119725722235997,-7.53765187607002e-09,-1.5914166068691731e-09,1.733130476228849e-05,-2.5921074058927233e-12,0.0,13.628694835640678,-2.562676493193578e-07,-2.5665718919076886e-11,0.0,0.0,0.0,0.0,0.0,0.0,0.0,0.0,0.0,0.0,0.0,0.0,0.0,-2.3374159235757563,1.0199706000001014,-1.870908523964704e-11,-0.0009456782753906477,0.8853004802214255
12.37,zero_thrust,0.2641475597280311,-4.973237577400358e-09,-7.763289375281704e-12,0.964482279095747,0.0,0.0,0.0,1.0,0.5346399664792454,-9.58909771838353e-09,-2.6423122500960026e-09,1.733130476228849e-05,-2.5921074058927233e-12,0.0,11.035304216493559,-2.0746977283796491e-07,-2.5665789505948103e-11,0.0,0.0,0.0,0.0,0.0,0.0,0.0,0.0,0.0,0.0,0.0,0.0,0.0,-2.4399256975166432,1.0199706000001014,-2.6331125854503646e-11,-0.0013546216667394942,0.8568008322886191
12.38,zero_thrust,0.30852283818604703,-5.80772263832904e-09,-7.516250363379865e-12,0.9512169354661566,0.0,0.0,0.0,1.0,0.6272794452440433,-1.1044170390348287e-08,-3.5979293128229667e-09,1.733130476228849e-05,-2.5921074058927233e-12,0.0,7.713815873663233,-1.4498138240604698e-07,-2.566600331429951e-11,0.0,0.0,0.0,0.0,0.0,0.0,0.0,0.0,0.0,0.0,0.0,0.0,0.0,-2.541289292139392,1.0199706000001014,-3.188431896270414e-11,-0.00165369812877009,0.8273333955823159
12.39,zero_thrust,0.33504674311673843,-6.306241895574135e-09,-7.326600335867835e-12,0.9422015070710015,0.0,0.0,0.0,1.0,0.6833096803897535,-1.1878591728767177e-08,-4.239577884593206e-09,1.733130476228849e-05,-2.5921074058927233e-12,0.0,3.797878849596211,-7.131764213248642e-08,-2.5666092840224026e-11,0.0,0.0,0.0,0.0,0.0,0.0,0.0,0.0,0.0,0.0,0.0,0.0,0.0,-2.640908339976106,1.0199706000001014,-3.527030470358963e-11,-0.0018376644904715565,0.7969395502690869
12.4,zero_thrust,0.34181779745500496,-6.433050642856994e-09,-7.215473240405468e-12,0.9397662439899666,0.0,0.0,0.0,1.0,0.6977010537137776,-1.2086194925728653e-08,-4.411424119687256e-09,1.733130476228849e-05,-2.5921074058927233e-12,0.0,-0.5397490934465566,1.0270929812474187e-08,-2.5666084519127778e-11,0.0,0.0,0.0,0.0,0.0,0.0,0.0,0.0,0.0,0.0,0.0,0.0,0.0,-2.7385193015507507,1.0199706000001014,-3.6471829049749105e-11,-0.0019055891527338504,0.7656499187905943
12.41,zero_thrust,0.32754201090482166,-6.163837122080676e-09,-7.191567193106196e-12,0.9448366160836622,0.0,0.0,0.0,1.0,0.6674018032692451,-1.1642926936275156e-08,-4.0514209237343325e-09,1.733130476228849e-05,-2.5921074058927233e-12,0.0,-5.079121142342457,9.564644943283917e-08,-2.566602415001226e-11,0.0,0.0,0.0,0.0,0.0,0.0,0.0,0.0,0.0,0.0,0.0,0.0,0.0,-2.8342454810104045,1.0199706000001014,-3.5422609640125226e-11,-0.0018539394397149218,0.7334784168021048
12.42,zero_thrust,0.29161364195271544,-5.487242470454861e-09,-7.2481628608114074e-12,0.956536190547474,0.0,0.0,0.0,1.0,0.5918267375995473,-1.049326469225979e-08,-3.214175782356612e-09,1.733130476228849e-05,-2.5921074058927233e-12,0.0,-9.550708025494547,1.7973872950255988e-07,-2.566617043278023e-11,0.0,0.0,0.0,0.0,0.0,0.0,0.0,0.0,0.0,0.0,0.0,0.0,0.0,-2.9286081161067368,1.0199706000001014,-3.194721741834318e-11,-0.0016733860558644348,0.7004178302371848
12.43,zero_thrust,0.23453538959097453,-4.4127676373465776e-09,-7.362365708028216e-12,0.9721075820244434,0.0,0.0,0.0,1.0,0.4734811983366893,-8.575916285334108e-09,-2.0842143770518694e-09,1.733130476228849e-05,-2.5921074058927233e-12,0.0,-13.61228452185404,2.5611071439262696e-07,-2.5666261690782204e-11,0.0,0.0,0.0,0.0,0.0,0.0,0.0,0.0,0.0,0.0,0.0,0.0,0.0,-3.0225026033910427,1.0199706000001014,-2.5831471443457697e-11,-0.0013525398613683727,0.6664370247119029
12.44,zero_thrust,0.15866117026818094,-2.984748236068401e-09,-7.497909161301982e-12,0.9873330912357446,0.0,0.0,0.0,1.0,0.31866899725070263,-5.891502150871508e-09,-9.619331638410688e-10,1.733130476228849e-05,-2.5921074058927233e-12,0.0,-16.853969615279212,3.170536218929915e-07,-2.5666360705295006e-11,0.0,0.0,0.0,0.0,0.0,0.0,0.0,0.0,0.0,0.0,0.0,0.0,0.0,-3.1170903239924934,1.0199706000001014,-1.704273175269004e-11,-0.0008896528122181216,0.6314826126479207
12.45,zero_thrust,0.06895686111297486,-1.2966635972779888e-09,-7.613033283556623e-12,0.9976196426020519,0.0,0.0,0.0,1.0,0.13802325450642972,-2.586104207225551e-09,-1.9401752626241584e-10,1.733130476228849e-05,-2.5921074058927233e-12,0.0,-18.83359014137598,3.5425247399930227e-07,-2.5666319750267797e-11,0.0,0.0,0.0,0.0,0.0,0.0,0.0,0.0,0.0,0.0,0.0,0.0,0.0,-3.213517485113255,1.0199706000001014,-6.0227083628164884e-12,-0.000308174381264193,0.5954903513519585
12.46,zero_thrust,-0.026796336916066466,5.050456821660678e-10,-7.673126766735793e-12,0.9996409136924522,0.0,0.0,0.0,1.0,-0.05359908955211394,1.0093174309737493e-09,-4.2407491418608706e-11,1.733130476228849e-05,-2.5921074058927233e-12,0.0,-19.15984662751228,3.603505518820646e-07,-2.5666411089560738e-11,0.0,0.0,0.0,0.0,0.0,0.0,0.0,0.0,0.0,0.0,0.0,0.0,0.0,-3.3124549103831518,1.0199706000001014,6.145053878533817e-12,0.0003343459859062541,0.5584083052373253
12.47,zero_thrust,-0.11882699049306249,2.2365122074128717e-09,-7.66382177168292e-12,0.9929149743710998,0.0,0.0,0.0,1.0,-0.23821683796746093,4.439511584454399e-09,-5.467350764117655e-10,1.733130476228849e-05,-2.5921074058927233e-12,0.0,-17.601295300635964,3.3099898404693675e-07,-2.5666828874126102e-11,0.0,0.0,0.0,0.0,0.0,0.0,0.0,0.0,0.0,0.0,0.0,0.0,0.0,-3.413668244882695,1.0199706000001014,1.7901446528152248e-11,0.0009550856612435376,0.5202230894085175
12.48,zero_thrust,-0.1971175693542755,3.7092643460065017e-09,-7.597204686119238e-12,0.9803798569186651,0.0,0.0,0.0,1.0,-0.39683386173843144,7.26998101257949e-09,-1.4772186368408745e-09,1.733130476228849e-05,-2.5921074058927233e-12,0.0,-14.170468573796242,2.6643823081281004e-07,-2.5666443355333047e-11,0.0,0.0,0.0,0.0,0.0,0.0,0.0,0.0,0.0,0.0,0.0,0.0,0.0,-3.5159669282717254,1.0199706000001014,2.7697224546945998e-11,0.0014717340829667898,0.48097147279023983
12.49,zero_thrust,-0.253217826119645,4.7643442366809795e-09,-7.506090371585742e-12,0.9674092890474235,0.0,0.0,0.0,1.0,-0.5120100897735476,9.214340389796371e-09,-2.427356704095837e-09,1.733130476228849e-05,-2.5921074058927233e-12,0.0,-9.137380701247523,1.7175119386217475e-07,-2.5666507102612964e-11,0.0,0.0,0.0,0.0,0.0,0.0,0.0,0.0,0.0,0.0,0.0,0.0,0.0,-3.617678683563255,1.0199706000001014,3.4466205820780786e-11,0.0018276344630679077,0.44072621574294696
12.5,zero_thrust,-0.281232788020972,5.29089061052189e-09,-7.428386422423079e-12,0.9596395776237822,0.0,0.0,0.0,1.0,-0.5701570086538803,1.0150517849821573e-08,-2.990200982239789e-09,1.733130476228849e-05,-2.5921074058927233e-12,0.0,-2.9689859127505627,5.572383914682825e-08,-2.5666512963409433e-11,0.0,0.0,0.0,0.0,0.0,0.0,0.0,0.0,0.0,0.0,0.0,0.0,0.0,-3.717379897464684,1.0199706000001014,3.773451265272386e-11,0.0019975931474134506,0.39956436821224384
12.51,zero_thrust,-0.2778739412360615,5.227095614069841e-09,-7.389194290353365e-12,0.9606175476129603,0.0,0.0,0.0,1.0,-0.5631603553094472,1.0038373010772423e-08,-2.9191436983947057e-09,1.733130476228849e-05,-2.5921074058927233e-12,0.0,3.729422258393753,-7.025724225161554e-08,-2.5666564351067738e-11,0.0,0.0,0.0,0.0,0.0,0.0,0.0,0.0,0.0,0.0,0.0,0.0,0.0,-3.814461789660254,1.0199706000001014,3.735856039722976e-11,0.00197396299362668,0.3575364746278194
12.52,zero_thrust,-0.2423270910261713,4.557715774488947e-09,-7.388384436061412e-12,0.9701946098359822,0.0,0.0,0.0,1.0,-0.4895274339256663,8.840161743731663e-09,-2.2232523522225256e-09,1.733130476228849e-05,-2.5921074058927233e-12,0.0,10.251178916360136,-1.9290022545092785e-07,-2.5666551335220294e-11,0.0,0.0,0.0,0.0,0.0,0.0,0.0,0.0,0.0,0.0,0.0,0.0,0.0,-3.9093528689211,1.0199706000001014,3.322525569733479e-11,0.001750713250922769,0.3146473027681755
12.53,zero_thrust,-0.17677889010604272,3.3239763053365148e-09,-7.398693382815724e-12,0.9842505900495441,0.0,0.0,0.0,1.0,-0.35542566154828914,6.540635414067438e-09,-1.1897820206476114e-09,1.733130476228849e-05,-2.5921074058927233e-12,0.0,15.780453308931488,-2.9686181280081664e-07,-2.5666470815021683e-11,0.0,0.0,0.0,0.0,0.0,0.0,0.0,0.0,0.0,0.0,0.0,0.0,0.0,-4.003432056689821,1.0199706000001014,2.526814882479142e-11,0.001324282428717287,0.2708498146905294
