sim_time,mode,qx,qy,qz,qw,r_ref_x,r_ref_y,r_ref_z,r_ref_w,roll,pitch,yaw,erot_x,erot_y,erot_z,omega_x,omega_y,omega_z,tau_x,tau_y,tau_z,thrust_des,thrust_actual,f0,f1,f2,f3,speed0,speed1,speed2,speed3,vz,z_target,pos_x,pos_y,pos_z
2.119,zero_thrust,0.0,0.0,0.0,1.0,0.0,0.0,0.0,1.0,0.0,0.0,0.0,0.0,0.0,0.0,0.0,0.0,0.0,0.0,0.0,0.0,0.0,0.0,0.0,0.0,0.0,0.0,0.0,0.0,0.0,0.0,0.0,1.0199706000001014,0.0,0.0,1.0199706000001014
2.13,zero_thrust,0.0,0.0,0.0,1.0,0.0,0.0,0.0,1.0,0.0,0.0,0.0,0.0,0.0,0.0,0.0,0.0,0.0,0.0,0.0,0.0,0.0,0.0,0.0,0.0,0.0,0.0,0.0,0.0,0.0,0.0,-0.04900000000674365,1.0199706000001014,0.0,0.0,1.0192356000000002
2.14,zero_thrust,0.0,0.0,0.0,1.0,0.0,0.0,0.0,1.0,0.0,0.0,0.0,0.0,0.0,0.0,0.0,0.0,0.0,0.0,0.0,0.0,0.0,0.0,0.0,0.0,0.0,0.0,0.0,0.0,0.0,0.0,-0.059376470594823094,1.0199706000001014,0.0,0.0,1.0175205999998989
2.15,zero_thrust,0.0,0.0,0.0,1.0,0.0,0.0,0.0,1.0,0.0,0.0,0.0,0.0,0.0,0.0,0.0,0.0,0.0,0.0,0.0,0.0,0.0,0.0,0.0,0.0,0.0,0.0,0.0,0.0,0.0,0.0,-0.10140117647180054,1.0199706000001014,0.0,0.0,1.0148256000001017
2.16,zero_thrust,0.0,0.0,0.0,1.0,0.0,0.0,0.0,1.0,0.0,0.0,0.0,0.0,0.0,0.0,0.0,0.0,0.0,0.0,0.0,0.0,0.0,0.0,0.0,0.0,0.0,0.0,0.0,0.0,0.0,0.0,-0.15462094117946895,1.0199706000001014,0.0,0.0,1.0111506000000003
2.17,zero_thrust,0.0,0.0,0.0,1.0,0.0,0.0,0.0,1.0,0.0,0.0,0.0,0.0,0.0,0.0,0.0,0.0,0.0,0.0,0.0,0.0,0.0,0.0,0.0,0.0,0.0,0.0,0.0,0.0,0.0,0.0,-0.21679675294560818,1.0199706000001014,0.0,0.0,1.0064955999998988
2.18,zero_thrust,0.0,0.0,0.0,1.0,0.0,0.0,0.0,1.0,0.0,0.0,0.0,0.0,0.0,0.0,0.0,0.0,0.0,0.0,0.0,0.0,0.0,0.0,0.0,0.0,0.0,0.0,0.0,0.0,0.0,0.0,-0.28613740235242613,1.0199706000001014,0.0,0.0,1.0008606000001017
2.19,zero_thrust,0.0,0.0,0.0,1.0,0.0,0.0,0.0,1.0,0.0,0.0,0.0,0.0,0.0,0.0,0.0,0.0,0.0,0.0,0.0,0.0,0.0,0.0,0.0,0.0,0.0,0.0,0.0,0.0,0.0,0.0,-0.36120992188396955,1.0199706000001014,0.0,0.0,0.9942456000000004
2.2,zero_thrust,0.0,0.0,0.0,1.0,0.0,0.0,0.0,1.0,0.0,0.0,0.0,0.0,0.0,0.0,0.0,0.0,0.0,0.0,0.0,0.0,0.0,0.0,0.0,0.0,0.0,0.0,0.0,0.0,0.0,0.0,-0.4408679375091998,1.0199706000001014,0.0,0.0,0.986650599999899
2.21,zero_thrust,0.0,0.0,0.0,1.0,0.0,0.0,0.0,1.0,0.0,0.0,0.0,0.0,0.0,0.0,0.0,0.0,0.0,0.0,0.0,0.0,0.0,0.0,0.0,0.0,0.0,0.0,0.0,0.0,0.0,0.0,-0.5241943500033067,1.0199706000001014,0.0,0.0,0.9780756000001019
2.22,zero_thrust,0.0,0.0,0.0,1.0,0.0,0.0,0.0,1.0,0.0,0.0,0.0,0.0,0.0,0.0,0.0,0.0,0.0,0.0,0.0,0.0,0.0,0.0,0.0,0.0,0.0,0.0,0.0,0.0,0.0,0.0,-0.6104554800046701,1.0199706000001014,0.0,0.0,0.9685206000000004
2.23,zero_thrust,0.0,0.0,0.0,1.0,0.0,0.0,0.0,1.0,0.0,0.0,0.0,0.0,0.0,0.0,0.0,0.0,0.0,0.0,0.0,0.0,0.0,0.0,0.0,0.0,0.0,0.0,0.0,0.0,0.0,0.0,-0.6990643840057671,1.0199706000001014,0.0,0.0,0.9579855999998991
2.24,zero_thrust,0.0,0.0,0.0,1.0,0.0,0.0,0.0,1.0,0.0,0.0,0.0,0.0,0.0,0.0,0.0,0.0,0.0,0.0,0.0,0.0,0.0,0.0,0.0,0.0,0.0,0.0,0.0,0.0,0.0,0.0,-0.7895515072005505,1.0199706000001014,0.0,0.0,0.946470600000102
2.25,zero_thrust,0.0,0.0,0.0,1.0,0.0,0.0,0.0,1.0,0.0,0.0,0.0,0.0,0.0,0.0,0.0,0.0,0.0,0.0,0.0,0.0,0.0,0.0,0.0,0.0,0.0,0.0,0.0,0.0,0.0,0.0,-0.8815412057624736,1.0199706000001014,0.0,0.0,0.9339756000000006
2.26,zero_thrust,0.0,0.0,0.0,1.0,0.0,0.0,0.0,1.0,0.0,0.0,0.0,0.0,0.0,0.0,0.0,0.0,0.0,0.0,0.0,0.0,0.0,0.0,0.0,0.0,0.0,0.0,0.0,0.0,0.0,0.0,-0.9747329646120025,1.0199706000001014,0.0,0.0,0.9205005999998991
2.27,zero_thrust,0.0,0.0,0.0,1.0,0.0,0.0,0.0,1.0,0.0,0.0,0.0,0.0,0.0,0.0,0.0,0.0,0.0,0.0,0.0,0.0,0.0,0.0,0.0,0.0,0.0,0.0,0.0,0.0,0.0,0.0,-1.0688863716855515,1.0199706000001014,0.0,0.0,0.9060456000001019
2.2800000000000002,zero_thrust,0.0,0.0,0.0,1.0,0.0,0.0,0.0,1.0,0.0,0.0,0.0,0.0,0.0,0.0,0.0,0.0,0.0,0.0,0.0,0.0,0.0,0.0,0.0,0.0,0.0,0.0,0.0,0.0,0.0,0.0,-1.163809097350461,1.0199706000001014,0.0,0.0,0.8906106000000006
2.29,zero_thrust,0.0,0.0,0.0,1.0,0.0,0.0,0.0,1.0,0.0,0.0,0.0,0.0,0.0,0.0,0.0,0.0,0.0,0.0,0.0,0.0,0.0,0.0,0.0,0.0,0.0,0.0,0.0,0.0,0.0,0.0,-1.2593472778824066,1.0199706000001014,0.0,0.0,0.874195599999899
2.3,zero_thrust,0.0,0.0,0.0,1.0,0.0,0.0,0.0,1.0,0.0,0.0,0.0,0.0,0.0,0.0,0.0,0.0,0.0,0.0,0.0,0.0,0.0,0.0,0.0,0.0,0.0,0.0,0.0,0.0,0.0,0.0,-1.3553778223018615,1.0199706000001014,0.0,0.0,0.8568006000001018
2.31,zero_thrust,0.0,0.0,0.0,1.0,0.0,0.0,0.0,1.0,0.0,0.0,0.0,0.0,0.0,0.0,0.0,0.0,0.0,0.0,0.0,0.0,0.0,0.0,0.0,0.0,0.0,0.0,0.0,0.0,0.0,0.0,-1.451802257843525,1.0199706000001014,0.0,0.0,0.8384256000000004
2.32,zero_thrust,0.0,0.0,0.0,1.0,0.0,0.0,0.0,1.0,0.0,0.0,0.0,0.0,0.0,0.0,0.0,0.0,0.0,0.0,0.0,0.0,0.0,0.0,0.0,0.0,0.0,0.0,0.0,0.0,0.0,0.0,-1.5485418062768408,1.0199706000001014,0.0,0.0,0.819070599999899
2.33,zero_thrust,0.0,0.0,0.0,1.0,0.0,0.0,0.0,1.0,0.0,0.0,0.0,0.0,0.0,0.0,0.0,0.0,0.0,0.0,0.0,0.0,0.0,0.0,0.0,0.0,0.0,0.0,0.0,0.0,0.0,0.0,-1.6455334450174266,1.0199706000001014,0.0,0.0,0.7987356000001017
2.34,zero_thrust,0.0,0.0,0.0,1.0,0.0,0.0,0.0,1.0,0.0,0.0,0.0,0.0,0.0,0.0,0.0,0.0,0.0,0.0,0.0,0.0,0.0,0.0,0.0,0.0,0.0,0.0,0.0,0.0,0.0,0.0,-1.7427267560159605,1.0199706000001014,0.0,0.0,0.7774206000000002
2.35,zero_thrust,0.0,0.0,0.0,1.0,0.0,0.0,0.0,1.0,0.0,0.0,0.0,0.0,0.0,0.0,0.0,0.0,0.0,0.0,0.0,0.0,0.0,0.0,0.0,0.0,0.0,0.0,0.0,0.0,0.0,0.0,-1.8400814048148066,1.0199706000001014,0.0,0.0,0.7551255999998988
2.36,zero_thrust,0.0,0.0,0.0,1.0,0.0,0.0,0.0,1.0,0.0,0.0,0.0,0.0,0.0,0.0,0.0,0.0,0.0,0.0,0.0,0.0,0.0,0.0,0.0,0.0,0.0,0.0,0.0,0.0,0.0,0.0,-1.9375651238477767,1.0199706000001014,0.0,0.0,0.7318506000001017
2.37,zero_thrust,0.0,0.0,0.0,1.0,0.0,0.0,0.0,1.0,0.0,0.0,0.0,0.0,0.0,0.0,0.0,0.0,0.0,0.0,0.0,0.0,0.0,0.0,0.0,0.0,0.0,0.0,0.0,0.0,0.0,0.0,-2.0351520990802596,1.0199706000001014,0.0,0.0,0.7075956000000003
2.38,zero_thrust,0.0,0.0,0.0,1.0,0.0,0.0,0.0,1.0,0.0,0.0,0.0,0.0,0.0,0.0,0.0,0.0,0.0,0.0,0.0,0.0,0.0,0.0,0.0,0.0,0.0,0.0,0.0,0.0,0.0,0.0,-2.1328216792662458,1.0199706000001014,0.0,0.0,0.682360599999899
2.39,zero_thrust,0.0,0.0,0.0,1.0,0.0,0.0,0.0,1.0,0.0,0.0,0.0,0.0,0.0,0.0,0.0,0.0,0.0,0.0,0.0,0.0,0.0,0.0,0.0,0.0,0.0,0.0,0.0,0.0,0.0,0.0,-2.2305573434089254,1.0199706000001014,0.0,0.0,0.6561456000001019
2.4,zero_thrust,0.0,0.0,0.0,1.0,0.0,0.0,0.0,1.0,0.0,0.0,0.0,0.0,0.0,0.0,0.0,0.0,0.0,0.0,0.0,0.0,0.0,0.0,0.0,0.0,0.0,0.0,0.0,0.0,0.0,0.0,-2.3283458747291546,1.0199706000001014,0.0,0.0,0.6289506000000006
2.41,zero_thrust,0.0,0.0,0.0,1.0,0.0,0.0,0.0,1.0,0.0,0.0,0.0,0.0,0.0,0.0,0.0,0.0,0.0,0.0,0.0,0.0,0.0,0.0,0.0,0.0,0.0,0.0,0.0,0.0,0.0,0.0,-2.4261766997853598,1.0199706000001014,0.0,0.0,0.6007755999998994
2.42,zero_thrust,0.0,0.0,0.0,1.0,0.0,0.0,0.0,1.0,0.0,0.0,0.0,0.0,0.0,0.0,0.0,0.0,0.0,0.0,0.0,0.0,0.0,0.0,0.0,0.0,0.0,0.0,0.0,0.0,0.0,0.0,-2.52404135982424,1.0199706000001014,0.0,0.0,0.5716206000001024
2.43,zero_thrust,0.0,0.0,0.0,1.0,0.0,0.0,0.0,1.0,0.0,0.0,0.0,0.0,0.0,0.0,0.0,0.0,0.0,0.0,0.0,0.0,0.0,0.0,0.0,0.0,0.0,0.0,0.0,0.0,0.0,0.0,-2.6219330878614038,1.0199706000001014,0.0,0.0,0.5414856000000011
2.44,zero_thrust,0.0,0.0,0.0,1.0,0.0,0.0,0.0,1.0,0.0,0.0,0.0,0.0,0.0,0.0,0.0,0.0,0.0,0.0,0.0,0.0,0.0,0.0,0.0,0.0,0.0,0.0,0.0,0.0,0.0,0.0,-2.7198464702911616,1.0199706000001014,0.0,0.0,0.5103705999998999
2.45,zero_thrust,0.0,0.0,0.0,1.0,0.0,0.0,0.0,1.0,0.0,0.0,0.0,0.0,0.0,0.0,0.0,0.0,0.0,0.0,0.0,0.0,0.0,0.0,0.0,0.0,0.0,0.0,0.0,0.0,0.0,0.0,-2.8177771762288533,1.0199706000001014,0.0,0.0,0.47827560000010294
2.46,zero_thrust,0.0,0.0,0.0,1.0,0.0,0.0,0.0,1.0,0.0,0.0,0.0,0.0,0.0,0.0,0.0,0.0,0.0,0.0,0.0,0.0,0.0,0.0,0.0,0.0,0.0,0.0,0.0,0.0,0.0,0.0,-2.9892217409853403,1.0199706000001014,0.0,0.0,0.4452006000000017
2.47,zero_thrust,0.0,0.0,0.0,1.0,0.0,0.0,0.0,1.0,0.0,0.0,0.0,0.0,0.0,0.0,0.0,0.0,0.0,0.0,0.0,0.0,0.0,0.0,0.0,0.0,0.0,0.0,0.0,0.0,0.0,0.0,-3.0105592109719237,1.0199706000001014,0.0,0.0,0.4111455999999005
2.48,zero_thrust,0.0,0.0,0.0,1.0,0.0,0.0,0.0,1.0,0.0,0.0,0.0,0.0,0.0,0.0,0.0,0.0,0.0,0.0,0.0,0.0,0.0,0.0,0.0,0.0,0.0,0.0,0.0,0.0,0.0,0.0,-3.1091473687734914,1.0199706000001014,0.0,0.0,0.37611060000010366
2.49,zero_thrust,0.0,0.0,0.0,1.0,0.0,0.0,0.0,1.0,0.0,0.0,0.0,0.0,0.0,0.0,0.0,0.0,0.0,0.0,0.0,0.0,0.0,0.0,0.0,0.0,0.0,0.0,0.0,0.0,0.0,0.0,-3.2076178950207987,1.0199706000001014,0.0,0.0,0.34009560000000255
2.5,zero_thrust,0.0,0.0,0.0,1.0,0.0,0.0,0.0,1.0,0.0,0.0,0.0,0.0,0.0,0.0,0.0,0.0,0.0,0.0,0.0,0.0,0.0,0.0,0.0,0.0,0.0,0.0,0.0,0.0,0.0,0.0,-3.305994316018678,1.0199706000001014,0.0,0.0,0.3031005999999014
2.51,zero_thrust,0.0,0.0,0.0,1.0,0.0,0.0,0.0,1.0,0.0,0.0,0.0,0.0,0.0,0.0,0.0,0.0,0.0,0.0,0.0,0.0,0.0,0.0,0.0,0.0,0.0,0.0,0.0,0.0,0.0,0.0,-3.4042954528108624,1.0199706000001014,0.0,0.0,0.26512560000010454
2.52,zero_thrust,0.0,0.0,0.0,1.0,0.0,0.0,0.0,1.0,0.0,0.0,0.0,0.0,0.0,0.0,0.0,0.0,0.0,0.0,0.0,0.0,0.0,0.0,0.0,0.0,0.0,0.0,0.0,0.0,0.0,0.0,-3.5025363622507277,1.0199706000001014,0.0,0.0,0.2261706000000035
2.5300000000000002,zero_thrust,0.0,0.0,0.0,1.0,0.0,0.0,0.0,1.0,0.0,0.0,0.0,0.0,0.0,0.0,0.0,0.0,0.0,0.0,0.0,0.0,0.0,0.0,0.0,0.0,0.0,0.0,0.0,0.0,0.0,0.0,-3.4555417386562537,1.0199706000001014,0.0,0.0,0.19349496755721918
2.54,zero_thrust,0.0,0.0,0.0,1.0,0.0,0.0,0.0,1.0,0.0,0.0,0.0,0.0,0.0,0.0,0.0,0.0,0.0,0.0,0.0,0.0,0.0,0.0,0.0,0.0,0.0,0.0,0.0,0.0,0.0,0.0,-2.93461007804518,1.0199706000001014,0.0,0.0,0.18498613320121052
2.55,zero_thrust,0.0,0.0,0.0,1.0,0.0,0.0,0.0,1.0,0.0,0.0,0.0,0.0,0.0,0.0,0.0,0.0,0.0,0.0,0.0,0.0,0.0,0.0,0.0,0.0,0.0,0.0,0.0,0.0,0.0,0.0,-1.981556866715168,1.0199706000001014,0.0,0.0,0.20329269298725974
2.56,zero_thrust,0.0,0.0,0.0,1.0,0.0,0.0,0.0,1.0,0.0,0.0,0.0,0.0,0.0,0.0,0.0,0.0,0.0,0.0,0.0,0.0,0.0,0.0,0.0,0.0,0.0,0.0,0.0,0.0,0.0,0.0,-0.9131169834711536,1.0199706000001014,0.0,0.0,0.23689911848230807
2.5700000000000003,zero_thrust,0.0,0.0,0.0,1.0,0.0,0.0,0.0,1.0,0.0,0.0,0.0,0.0,0.0,0.0,0.0,0.0,0.0,0.0,0.0,0.0,0.0,0.0,0.0,0.0,0.0,0.0,0.0,0.0,0.0,0.0,-0.06222782509248315,1.0199706000001014,0.0,0.0,0.2703124065665308
2.58,attitude_only,0.0,0.0,0.0,1.0,0.0,0.0,0.0,1.0,0.0,0.0,0.0,0.0,0.0,0.0,0.0,0.0,0.0,0.0,0.0,0.0,0.034127142,0.034127142,0.0085317855,0.0085317855,0.0085317855,0.0085317855,533.2849613480583,533.2849613480583,533.2849613480583,533.2849613480583,0.6709574751309716,1.0199706000001014,0.0,0.0,0.30274569465075357
2.59,attitude_only,-4.1938146814206876e-21,7.312058803713963e-21,-2.3782383599603285e-20,1.0,0.0,0.0,0.0,1.0,-8.387629362841375e-21,1.4624117607427925e-20,-4.756476719920657e-20,0.0,0.0,0.0,-2.0781227900974664e-18,2.0491325431420557e-18,-1.1902343741760067e-17,2.5145285760179337e-21,-2.4794503772018867e-21,0.0,0.034127142,0.034127142,0.0085317855,0.0085317855,0.0085317855,0.0085317855,533.2849613480583,533.2849613480583,533.2849613480583,533.2849613480583,1.108651091097998,1.0199706000001014,4.372544041854832e-23,2.1938707856124755e-23,0.33419937575538106
2.6,attitude_only,-1.5664589022027966e-20,1.378825920659822e-20,-4.0078096831117706e-20,1.0,0.0,0.0,0.0,1.0,-3.132917804405593e-20,2.757651841319644e-20,-8.015619366223541e-20,0.0,0.0,0.0,4.712227311745302e-18,8.623223461372996e-18,5.909042312370432e-18,-5.6810138193108415e-21,-1.0454591713692746e-20,0.0,0.034127142,0.034127142,0.0085317855,0.0085317855,0.0085317855,0.0085317855,533.2849613480583,533.2849613480583,533.2849613480583,533.2849613480583,1.4965907752205918,1.0199706000001014,6.59465381452669e-23,1.2557399879661148e-22,0.3646828708724901
2.61,attitude_only,7.156540733593318e-21,5.559370166015889e-20,-3.5182146490437014e-20,1.0,0.0,0.0,0.0,1.0,1.4313081467186637e-20,1.1118740332031778e-19,-7.036429298087403e-20,0.0,0.0,0.0,4.447960186330458e-18,8.15531569115155e-18,-2.5927025948674485e-17,-5.408372870676333e-21,-9.974655546338523e-21,0.0,0.034127142,0.034127142,0.0085317855,0.0085317855,0.0085317855,0.0085317855,533.2849613480583,533.2849613480583,533.2849613480583,533.2849613480583,1.8536155248340629,1.0199706000001014,3.593702701976024e-22,-3.2912823886750824e-23,0.39421830158208127
2.62,attitude_only,2.8741593351087496e-20,9.521335754459339e-20,-1.5292187147815686e-19,1.0,0.0,0.0,0.0,1.0,5.748318670217499e-20,1.9042671508918677e-19,-3.058437429563137e-19,0.0,0.0,0.0,4.214207725085807e-18,7.742443394012136e-18,-2.1466249165304767e-17,-5.170011994433611e-21,-9.556633223711352e-21,0.0,0.034127142,0.034127142,0.0085317855,0.0085317855,0.0085317855,0.0085317855,533.2849613480583,533.2849613480583,533.2849613480583,533.2849613480583,2.0030514527082643,1.0199706000001014,6.431305736589411e-22,-1.8335143019046745e-22,0.42282704838833735
2.63,attitude_only,3.7294856481575036e-20,1.3290717473625503e-19,-2.571553556495628e-19,1.0,0.0,0.0,0.0,1.0,7.458971296315007e-20,2.6581434947251005e-19,-5.143107112991256e-19,0.0,0.0,0.0,6.49951258409989e-19,7.379189781576227e-18,-2.0227144503257623e-17,-8.99403747006729e-22,-9.194520786604022e-21,0.0,0.034127142,0.034127142,0.0085317855,0.0085317855,0.0085317855,0.0085317855,533.2849613480583,533.2849613480583,533.2849613480583,533.2849613480583,2.1564004393908807,1.0199706000001014,9.261164937056727e-22,-2.5841924527570495e-22,0.4505250122495502
2.64,attitude_only,4.049222611144951e-20,1.689101140976932e-19,-3.5407812231489057e-19,1.0,0.0,0.0,0.0,1.0,8.098445222289902e-20,3.378202281953864e-19,-7.081562446297811e-19,0.0,0.0,0.0,6.313958403317321e-19,7.060881471074385e-18,-1.886412937500576e-17,-8.834512037161383e-22,-8.883159628712557e-21,0.0,0.034127142,0.034127142,0.0085317855,0.0085317855,0.0085317855,0.0085317855,533.2849613480583,533.2849613480583,533.2849613480583,533.2849613480583,2.261078438217107,1.0199706000001014,1.2179291476021866e-21,-2.8980704050254024e-22,0.47732291658477094
2.65,attitude_only,4.3605623205587275e-20,2.03435534031837e-19,-4.452390523016991e-19,1.0,0.0,0.0,0.0,1.0,8.721124641117455e-20,4.06871068063674e-19,-8.904781046033982e-19,0.0,0.0,0.0,6.160031193139104e-19,6.783470661898458e-18,-1.774893517916333e-17,-8.711399696878912e-22,-8.618101364320427e-21,0.0,0.034127142,0.034127142,0.0085317855,0.0085317855,0.0085317855,0.0085317855,533.2849613480583,533.2849613480583,533.2849613480583,533.2849613480583,2.3269576672476315,1.0199706000001014,1.5280904118349376e-21,-3.275823029648171e-22,0.5032276624184688
2.66,attitude_only,4.665018320952137e-20,2.3667804663622856e-19,-5.315364964899727e-19,1.0,0.0,0.0,0.0,1.0,9.330036641904274e-20,4.733560932724571e-19,-1.0630729929799453e-18,0.0,0.0,0.0,6.03532022618252e-19,6.543439691213909e-18,-1.700547238193504e-17,-8.622099738792837e-22,-8.39549859641111e-21,0.0,0.034127142,0.034127142,0.0085317855,0.0085317855,0.0085317855,0.0085317855,533.2849613480583,533.2849613480583,533.2849613480583,533.2849613480583,2.3618845146363943,1.0199706000001014,1.8656958698233998e-21,-3.727662526292593e-22,0.5282435814603827
2.67,attitude_only,4.963993190212168e-20,2.688159545217031e-19,-6.1465873498175035e-19,1.0,0.0,0.0,0.0,1.0,9.927986380424335e-20,5.376319090434062e-19,-1.2293174699635007e-18,0.0,0.0,0.0,5.937755462942346e-19,6.337725963942478e-18,-1.6385920050911463e-17,-8.564399577534052e-22,-8.212019383324816e-21,0.0,0.034127142,0.034127142,0.0085317855,0.0085317855,0.0085317855,0.0085317855,533.2849613480583,533.2849613480583,533.2849613480583,533.2849613480583,2.372103077412303,1.0199706000001014,2.239318006444916e-21,-4.262607954313093e-22,0.5523733547455416
2.68,attitude_only,5.258794339342236e-20,3.000133571589769e-19,-6.960617157549376e-19,1.0,0.0,0.0,0.0,1.0,1.0517588678684472e-19,6.000267143179538e-19,-1.3921234315098751e-18,0.0,0.0,0.0,5.865564188367882e-19,6.163662505586714e-18,-1.6184565543328802e-17,-8.536425689928374e-22,-8.064779858353767e-21,0.0,0.034127142,0.034127142,0.0085317855,0.0085317855,0.0085317855,0.0085317855,533.2849613480583,533.2849613480583,533.2849613480583,533.2849613480583,2.3625879303484134,1.0199706000001014,2.6570267147043992e-21,-4.888813774269398e-22,0.5756186281664707
2.69,attitude_only,5.550647897576381e-20,3.304219931458644e-19,-7.767134893267589e-19,1.0,0.0,0.0,0.0,1.0,1.1101295795152762e-19,6.608439862917288e-19,-1.5534269786535178e-18,0.0,0.0,0.0,5.817236466719526e-19,6.01893004631805e-18,-1.6107121501950854e-17,-8.536604788617541e-22,-7.95129020769455e-21,0.0,0.034127142,0.034127142,0.0085317855,0.0085317855,0.0085317855,0.0085317855,533.2849613480583,533.2849613480583,533.2849613480583,533.2849613480583,2.337305926503217,1.0199706000001014,3.1264546062188023e-21,-5.613824134928262e-22,0.5979804072776955
2.7,attitude_only,5.840711058465499e-20,3.6018286750256696e-19,-8.57109697562033e-19,1.0,0.0,0.0,0.0,1.0,1.1681422116930998e-19,7.203657350051339e-19,-1.714219395124066e-18,0.0,0.0,0.0,5.791497161780244e-19,5.9015176894220984e-18,-1.6045166268848495e-17,-8.563632594308205e-22,-7.869410556313631e-21,0.0,0.034127142,0.034127142,0.0085317855,0.0085317855,0.0085317855,0.0085317855,533.2849613480583,533.2849613480583,533.2849613480583,533.2849613480583,2.299422688717495,1.0199706000001014,3.65487252455626e-21,-6.444761285980122e-22,0.6194593046534411
2.71,attitude_only,6.187967938532009e-20,3.952257586138658e-19,-9.53142554747887e-19,1.0,0.0,0.0,0.0,1.0,1.2375935877064017e-19,7.904515172277316e-19,-1.906285109495774e-18,0.0,0.0,0.0,5.788943340693056e-19,5.794259848205433e-18,-1.5975466631608353e-17,-8.61845744241051e-22,-7.798643745335685e-21,0.0,0.034127142,0.034127142,0.0085317855,0.0085317855,0.0085317855,0.0085317855,533.2849613480583,533.2849613480583,533.2849613480583,533.2849613480583,2.251465914358719,1.0199706000001014,4.2492608995471425e-21,-7.388462985769979e-22,0.6400556928226768
2.72,attitude_only,6.419815789721833e-20,4.182802307026619e-19,-1.016977625788632e-18,1.0,0.0,0.0,0.0,1.0,1.2839631579443666e-19,8.365604614053238e-19,-2.033955251577264e-18,0.0,0.0,0.0,5.803723428189014e-19,5.7419601660324825e-18,-1.595029731816052e-17,-8.69423078168755e-22,-7.79330372838847e-21,0.0,0.034127142,0.034127142,0.0085317855,0.0085317855,0.0085317855,0.0085317855,533.2849613480583,533.2849613480583,533.2849613480583,533.2849613480583,2.195454836985597,1.0199706000001014,4.91637234080063e-21,-8.451582925563781e-22,0.6597697980976084
2.73,attitude_only,6.710921879089767e-20,4.468573838762705e-19,-1.0966652210452976e-18,1.0,0.0,0.0,0.0,1.0,1.3421843758179533e-19,8.93714767752541e-19,-2.193330442090595e-18,0.0,0.0,0.0,5.840125114496828e-19,5.697065187026792e-18,-1.592900020678158e-17,-8.796314056401896e-22,-7.796400405451909e-21,0.0,0.034127142,0.034127142,0.0085317855,0.0085317855,0.0085317855,0.0085317855,533.2849613480583,533.2849613480583,533.2849613480583,533.2849613480583,2.1330030651700342,1.0199706000001014,5.662785117311802e-21,-9.64066530074666e-22,0.6786017578766866
2.74,attitude_only,7.004384288021977e-20,4.752703461534116e-19,-1.1762894089930853e-18,1.0,0.0,0.0,0.0,1.0,1.4008768576043955e-19,9.505406923068231e-19,-2.3525788179861707e-18,0.0,0.0,0.0,5.895958612418418e-19,5.673947545146546e-18,-1.592222385316101e-17,-8.922273840031988e-22,-7.825398710647081e-21,0.0,0.034127142,0.034127142,0.0085317855,0.0085317855,0.0085317855,0.0085317855,533.2849613480583,533.2849613480583,533.2849613480583,533.2849613480583,2.0654004055077286,1.0199706000001014,6.49494874303944e-21,-1.0962201706142579e-21,0.6965516555452713
2.75,attitude_only,7.301163650138266e-20,5.0362553849158005e-19,-1.255882619324322e-18,1.0,0.0,0.0,0.0,1.0,1.4602327300276532e-19,1.0072510769831601e-18,-2.511765238648644e-18,0.0,0.0,0.0,5.970847774184318e-19,5.671737703635753e-18,-1.591593152479905e-17,-9.07184931189291e-22,-7.879464277870483e-21,0.0,0.034127142,0.034127142,0.0085317855,0.0085317855,0.0085317855,0.0085317855,533.2849613480583,533.2849613480583,533.2849613480583,533.2849613480583,1.9936780474439688,1.0199706000001014,7.419223261784839e-21,-1.2422676121852643e-21,0.7136195416971602
2.76,attitude_only,7.602205800030373e-20,5.320255179928918e-19,-1.3354492082663348e-18,1.0,0.0,0.0,0.0,1.0,1.5204411600060745e-19,1.0640510359857836e-18,-2.6708984165326696e-18,0.0,0.0,0.0,6.064561053138395e-19,5.689740126691383e-18,-1.5912059322730152e-17,-9.244950857169186e-22,-7.957964586804153e-21,0.0,0.034127142,0.034127142,0.0085317855,0.0085317855,0.0085317855,0.0085317855,533.2849613480583,533.2849613480583,533.2849613480583,533.2849613480583,1.9186605445254243,1.0199706000001014,8.441913719321774e-21,-1.4028601965246446e-21,0.7298054470256731
2.77,attitude_only,7.908448808239848e-20,5.605698145651125e-19,-1.4150062377094901e-18,1.0,0.0,0.0,0.0,1.0,1.5816897616479695e-19,1.121139629130225e-18,-2.8300124754189802e-18,0.0,0.0,0.0,6.17700467210995e-19,5.7274214843671484e-18,-1.5910365234325013e-17,-9.441653246656151e-22,-8.060456430858744e-21,0.0,0.034127142,0.034127142,0.0085317855,0.0085317855,0.0085317855,0.0085317855,533.2849613480583,533.2849613480583,533.2849613480583,533.2849613480583,1.8410072981006476,1.0199706000001014,9.569301056874874e-21,-1.5786553919701598e-21,0.7451093901496881
2.7800000000000002,attitude_only,8.220829721235609e-20,5.89355714435344e-19,-1.4945552202327209e-18,1.0,0.0,0.0,0.0,1.0,1.6441659442471217e-19,1.178711428870688e-18,-2.9891104404654417e-18,0.0,0.0,0.0,6.30821746376758e-19,5.784400943863596e-18,-1.590939718380779e-17,-9.662190771282987e-22,-8.186675791693117e-21,0.0,0.034127142,0.034127142,0.0085317855,0.0085317855,0.0085317855,0.0085317855,533.2849613480583,533.2849613480583,533.2849613480583,533.2849613480583,1.7612456827472038,1.0199706000001014,1.0807670396518659e-20,-1.770319638363156e-21,0.7595313823630228
2.79,attitude_only,8.540291086318565e-20,6.184790003870655e-19,-1.5740996045159947e-18,1.0,0.0,0.0,0.0,1.0,1.708058217263713e-19,1.236958000774131e-18,-3.1481992090319895e-18,0.0,0.0,0.0,6.458367254517885e-19,5.860442349498103e-18,-1.590842913329056e-17,-9.90695419272853e-22,-8.336529901949507e-21,0.0,0.034127142,0.034127142,0.0085317855,0.0085317855,0.0085317855,0.0085317855,533.2849613480583,533.2849613480583,533.2849613480583,533.2849613480583,1.6797975092583957,1.0199706000001014,1.2163337465339822e-20,-1.978530980070136e-21,0.7730714305160541
2.8,attitude_only,8.867787335830153e-20,6.480346577117688e-19,-1.6536402981066716e-18,1.0,0.0,0.0,0.0,1.0,1.7735574671660306e-19,1.2960693154235376e-18,-3.3072805962133433e-18,0.0,0.0,0.0,6.627748694328537e-19,5.955448132167667e-18,-1.5907884604874627e-17,-1.0176489407444597e-21,-8.51009132247466e-21,0.0,0.034127142,0.034127142,0.0085317855,0.0085317855,0.0085317855,0.0085317855,533.2849613480583,533.2849613480583,533.2849613480583,533.2849613480583,1.5970001723629663,1.0199706000001014,1.3642673731805777e-20,-2.2039815746063048e-21,0.7857295387638669
2.81,attitude_only,9.20429110089229e-20,6.781175541610369e-19,-1.7331785564452662e-18,1.0,0.0,0.0,0.0,1.0,1.840858220178458e-19,1.3562351083220737e-18,-3.4663571128905324e-18,0.0,0.0,0.0,6.816782460873831e-19,6.069454821251e-18,-1.590752158593067e-17,-1.047149775190769e-21,-8.707593897587172e-21,0.0,0.034127142,0.034127142,0.0085317855,0.0085317855,0.0085317855,0.0085317855,533.2849613480583,533.2849613480583,533.2849613480583,533.2849613480583,1.5131235551468851,1.0199706000001014,1.5252130700161918e-20,-2.4473801390447148e-21,0.7975057096266922
2.8200000000000003,attitude_only,9.550799521963627e-20,7.088231016272608e-19,-1.81271580891887e-18,1.0,0.0,0.0,0.0,1.0,1.9101599043927254e-19,1.4176462032545216e-18,-3.62543161783774e-18,0.0,0.0,0.0,7.026015789190048e-19,6.202630059556864e-18,-1.5907370328037356e-17,-1.0792837903779052e-21,-8.929430484149778e-21,0.0,0.034127142,0.034127142,0.0085317855,0.0085317855,0.0085317855,0.0085317855,533.2849613480583,533.2849613480583,533.2849613480583,533.2849613480583,1.4283835442465418,1.0199706000001014,1.6998263717889505e-20,-2.7094543799872077e-21,0.8083999446331441
2.83,attitude_only,9.908340621630488e-20,7.402479068526075e-19,-1.8922522521627447e-18,1.0,0.0,0.0,0.0,1.0,1.9816681243260977e-19,1.480495813705215e-18,-3.7845045043254895e-18,0.0,0.0,0.0,7.256124298640684e-19,6.355271046386919e-18,-1.59072493217227e-17,-1.1141529358106221e-21,-9.176152378809711e-21,0.0,0.034127142,0.034127142,0.0085317855,0.0085317855,0.0085317855,0.0085317855,533.2849613480583,533.2849613480583,533.2849613480583,533.2849613480583,1.3429528369419481,1.0199706000001014,1.8887755588344786e-20,-2.9909534423637795e-21,0.8184122447103797
2.84,attitude_only,1.0277979804173077e-19,7.724904181529141e-19,-1.9717882605401764e-18,1.0,0.0,0.0,0.0,1.0,2.0555959608346153e-19,1.5449808363058283e-18,-3.943576521080353e-18,0.0,0.0,0.0,7.507915108172817e-19,6.527804355935761e-18,-1.5907158566986713e-17,-1.1518757480626508e-21,-9.448470393827679e-21,0.0,0.034127142,0.034127142,0.0085317855,0.0085317855,0.0085317855,0.0085317855,533.2849613480583,533.2849613480583,533.2849613480583,533.2849613480583,1.2569695837609691,1.0199706000001014,2.0927440238216533e-20,-3.2926504057187465e-21,0.8275426104207504
2.85,attitude_only,1.066082654650258e-19,8.056515749362701e-19,-2.0513240117791892e-18,1.0,0.0,0.0,0.0,1.0,2.132165309300516e-19,1.6113031498725402e-18,-4.1026480235583785e-18,0.0,0.0,0.0,7.782331249155873e-19,6.7207870987600334e-18,-1.590713587830272e-17,-1.1925880162297735e-21,-9.747257556204406e-21,0.0,0.034127142,0.034127142,0.0085317855,0.0085317855,0.0085317855,0.0085317855,533.2849613480583,533.2849613480583,533.2849613480583,533.2849613480583,1.1705443007005856,1.0199706000001014,2.3124326661698774e-20,-3.615344852620846e-21,0.8357910421053407
2.8600000000000003,attitude_only,1.1058041346022372e-19,8.398354666883728e-19,-2.1308595663829407e-18,1.0,0.0,0.0,0.0,1.0,2.2116082692044744e-19,1.6796709333767456e-18,-4.2617191327658814e-18,0.0,0.0,0.0,8.080457402982361e-19,6.934909413431883e-18,-1.5907094282382065e-17,-1.2364436120919344e-21,-1.0073553427944946e-20,0.0,0.034127142,0.034127142,0.0085317855,0.0085317855,0.0085317855,0.0085317855,533.2849613480583,533.2849613480583,533.2849613480583,533.2849613480583,1.083765397874225,1.0199706000001014,2.5485623346157802e-20,-3.95986553154372e-21,0.8431575399710287
2.87,attitude_only,1.147084299281569e-19,8.751500080839268e-19,-2.2103949839092266e-18,1.0,0.0,0.0,0.0,1.0,2.294168598563138e-19,1.7503000161678536e-18,-4.420789967818453e-18,0.0,0.0,0.0,8.403527008460525e-19,7.170998294181963e-18,-1.5907073484421726e-17,-1.2836154917577745e-21,-1.0428570067786861e-20,0.0,0.034127142,0.034127142,0.0085317855,0.0085317855,0.0085317855,0.0085317855,533.2849613480583,533.2849613480583,533.2849613480583,533.2849613480583,0.9967036017446663,1.0199706000001014,2.801876337469245e-20,-4.327073135450477e-21,0.8496421041432929
2.88,attitude_only,1.1900516236311115e-19,9.117076369629711e-19,-2.289930339986993e-18,1.0,0.0,0.0,0.0,1.0,2.380103247262223e-19,1.8234152739259422e-18,-4.579860679973986e-18,0.0,0.0,0.0,8.752930802189194e-19,7.430022778712102e-18,-1.5907070648336225e-17,-1.3342968778074039e-21,-1.0813699677010146e-20,0.0,0.034127142,0.034127142,0.0085317855,0.0085317855,0.0085317855,0.0085317855,533.2849613480583,533.2849613480583,533.2849613480583,533.2849613480583,0.9094154924946628,1.0199706000001014,3.073143039738102e-20,-4.717863217028037e-21,0.8552447346982393
2.89,attitude_only,1.2348419920250426e-19,9.496260420824488e-19,-2.369465671721693e-18,1.0,0.0,0.0,0.0,1.0,2.4696839840500853e-19,1.8992520841648976e-18,-4.738931343443386e-18,0.0,0.0,0.0,9.130226873905832e-19,7.71310053876473e-18,-1.5907064503484306e-17,-1.3887026332873062e-21,-1.1230523994460948e-20,0.0,0.034127142,0.034127142,0.0085317855,0.0085317855,0.0085317855,0.0085317855,533.2849613480583,533.2849613480583,533.2849613480583,533.2849613480583,0.8219463336715207,1.0199706000001014,3.363158566387474e-20,-5.133169261831787e-21,0.8599654316820289
2.9,attitude_only,1.2815995664421912e-19,9.890289278176814e-19,-2.4490009866762195e-18,1.0,0.0,0.0,0.0,1.0,2.5631991328843823e-19,1.978057855635363e-18,-4.898001973352439e-18,0.0,0.0,0.0,9.537152338567097e-19,8.021505934806289e-18,-1.5907061194717896e-17,-1.447070841385225e-21,-1.1680825529058881e-20,0.0,0.034127142,0.034127142,0.0085317855,0.0085317855,0.0085317855,0.0085317855,533.2849613480583,533.2849613480583,533.2849613480583,533.2849613480583,0.7343323357498359,1.0199706000001014,3.6727496314501957e-20,-5.573965941381783e-21,0.8638041951226599
2.91,attitude_only,1.3405220208621062e-19,1.0384562211563124e-18,-2.5444433432092063e-18,1.0,0.0,0.0,0.0,1.0,2.6810440417242123e-19,2.0769124423126248e-18,-5.0888866864184126e-18,0.0,0.0,0.0,1.0067304940126458e-18,8.427065681140875e-18,-1.5907058122291935e-17,-1.520756458512475e-21,-1.2251767881471794e-20,0.0,0.034127142,0.034127142,0.0085317855,0.0085317855,0.0085317855,0.0085317855,533.2849613480583,533.2849613480583,533.2849613480583,533.2849613480583,0.6466024668889434,1.0199706000001014,4.002776513468082e-20,-6.0412725694180104e-21,0.8667610250371136
2.92,attitude_only,1.3816400290359127e-19,1.0728179443234914e-18,-2.6080715736894798e-18,1.0,0.0,0.0,0.0,1.0,2.7632800580718254e-19,2.1456358886469828e-18,-5.2161431473789595e-18,0.0,0.0,0.0,1.0447817387622666e-18,8.720239764257998e-18,-1.5907057176930098e-17,-1.5768657695996425e-21,-1.269077917885492e-20,0.0,0.034127142,0.034127142,0.0085317855,0.0085317855,0.0085317855,0.0085317855,533.2849613480583,533.2849613480583,533.2849613480583,533.2849613480583,0.5587799014826879,1.0199706000001014,4.354136198792265e-20,-6.536156786030541e-21,0.8688359214356902
2.93,attitude_only,1.4352613813240467e-19,1.1174891155660137e-18,-2.6876068557631397e-18,1.0,0.0,0.0,0.0,1.0,2.8705227626480934e-19,2.2349782311320274e-18,-5.3752137115262795e-18,0.0,0.0,0.0,1.0956056628712653e-18,9.113995113042933e-18,-1.5907055936142687e-17,-1.6488105351591537e-21,-1.3254425548527274e-20,0.0,0.034127142,0.034127142,0.0085317855,0.0085317855,0.0085317855,0.0085317855,533.2849613480583,533.2849613480583,533.2849613480583,533.2849613480583,0.4708831789650807,1.0199706000001014,4.7277657155926374e-20,-7.059738496212571e-21,0.8700288843246368
2.94,attitude_only,1.4915291317279784e-19,1.16421676405688e-18,-2.7671421342621512e-18,1.0,0.0,0.0,0.0,1.0,2.983058263455957e-19,2.32843352811376e-18,-5.5342842685243024e-18,0.0,0.0,0.0,1.1502961533449334e-18,9.539959875102635e-18,-1.5907055581631998e-17,-1.7259420852610046e-21,-1.386098286174994e-20,0.0,0.034127142,0.034127142,0.0085317855,0.0085317855,0.0085317855,0.0085317855,533.2849613480583,533.2849613480583,533.2849613480583,533.2849613480583,0.38292713083417573,1.0199706000001014,5.124645683022096e-20,-7.61319409153949e-21,0.8703399137077423
2.95,attitude_only,1.550644396674802e-19,1.2131679922426273e-18,-2.846677410973837e-18,1.0,0.0,0.0,0.0,1.0,3.101288793349604e-19,2.4263359844852547e-18,-5.693354821947674e-18,0.0,0.0,0.0,1.2091405940604581e-18,1.0000370764109854e-17,-1.5907055256663867e-17,-1.808646820060239e-21,-1.4513479636199705e-20,0.0,0.034127142,0.034127142,0.0085317855,0.0085317855,0.0085317855,0.0085317855,533.2849613480583,533.2849613480583,533.2849613480583,533.2849613480583,0.29492362225859975,1.0199706000001014,5.545804101860218e-20,-8.197760986167246e-21,0.8697690095873053
2.96,attitude_only,1.6128234528518776e-19,1.2645217426484963e-18,-2.9262126869543445e-18,1.0,0.0,0.0,0.0,1.0,3.225646905703755e-19,2.5290434852969926e-18,-5.852425373908689e-18,0.0,0.0,0.0,1.2724555292793345e-18,1.0497706303378658e-17,-1.5907055153264916e-17,-1.897349297615684e-21,-1.5215259346356052e-20,0.0,0.034127142,0.034127142,0.0085317855,0.0085317855,0.0085317855,0.0085317855,533.2849613480583,533.2849613480583,533.2849613480583,533.2849613480583,0.20688214535515986,1.0199706000001014,5.992320415140253e-20,-8.814742501190522e-21,0.8683161719647193
2.97,attitude_only,1.6782992705404505e-19,1.3184700658677002e-18,-3.0057479623920083e-18,1.0,0.0,0.0,0.0,1.0,3.356598541080901e-19,2.6369401317354004e-18,-6.011495924784017e-18,0.0,0.0,0.0,1.3405894503865477e-18,1.1034708656164874e-17,-1.5907055057251604e-17,-1.9925158974482057e-21,-1.5970009256261163e-20,0.0,0.034127142,0.034127142,0.0085317855,0.0085317855,0.0085317855,0.0085317855,533.2849613480583,533.2849613480583,533.2849613480583,533.2849613480583,0.1188102938063463,1.0199706000001014,6.465329869766531e-20,-9.465513134635789e-21,0.8659814008408302
2.98,attitude_only,1.747323195433339e-19,1.3752195052516762e-18,-3.0852832375527107e-18,1.0,0.0,0.0,0.0,1.0,3.494646390866678e-19,2.7504390105033523e-18,-6.170566475105421e-18,0.0,0.0,0.0,1.4139259207002177e-18,1.1614408244066002e-17,-1.5907055012937768e-17,-2.0946589210316113e-21,-1.678179284418317e-20,0.0,0.034127142,0.034127142,0.0085317855,0.0085317855,0.0085317855,0.0085317855,533.2849613480583,533.2849613480583,533.2849613480583,533.2849613480583,0.030714142551486523,1.0199706000001014,6.966028212986206e-20,-1.0151524258024633e-20,0.8627646962161506
2.99,attitude_only,1.8201667968863216e-19,1.434992613066039e-18,-3.1648185124752256e-18,1.0,0.0,0.0,0.0,1.0,3.6403335937726433e-19,2.869985226132078e-18,-6.329637024950451e-18,0.0,0.0,0.0,1.4928870771458853e-18,1.2240151459442392e-17,-1.5907054968623935e-17,-2.2043411795378716e-21,-1.7655086217229268e-20,0.0,0.034127142,0.034127142,0.0085317855,0.0085317855,0.0085317855,0.0085317855,533.2849613480583,533.2849613480583,533.2849613480583,533.2849613480583,-0.057401448461992174,1.0199706000001014,7.495676760825743e-20,-1.0874310284574548e-20,0.8586660580909916
3.0,attitude_only,1.8971239026370082e-19,1.4980296145251552e-18,-3.2443537873063436e-18,1.0,0.0,0.0,0.0,1.0,3.7942478052740165e-19,2.9960592290503103e-18,-6.488707574612687e-18,0.0,0.0,0.0,1.5779375529417508e-18,1.2915631821683134e-17,-1.59070549612383e-17,-2.3221811260223275e-21,-1.8594818970134988e-20,0.0,0.034127142,0.034127142,0.0085317855,0.0085317855,0.0085317855,0.0085317855,533.2849613480583,533.2849613480583,533.2849613480583,533.2849613480583,-0.1455325912785928,1.0199706000001014,8.055607879280967e-20,-1.1635495358761537e-20,0.8536854864655418
3.01,attitude_only,1.9785128423958576e-19,1.5645902380010785e-18,-3.323889062076531e-18,1.0,0.0,0.0,0.0,1.0,3.957025684791715e-19,3.129180476002157e-18,-6.647778124153062e-18,0.0,0.0,0.0,1.6695888715028617e-18,1.3644924976670405e-17,-1.5907054950159838e-17,-2.448858597010689e-21,-1.9606420005886414e-20,0.0,0.034127142,0.034127142,0.0085317855,0.0085317855,0.0085317855,0.0085317855,533.2849613480583,533.2849613480583,533.2849613480583,533.2849613480583,-0.23367617553539877,1.0199706000001014,8.647230923209131e-20,-1.2436800622213445e-20,0.8478229813399154
3.02,attitude_only,2.0646789254099835e-19,1.6349557318505932e-18,-3.4034243367931712e-18,1.0,0.0,0.0,0.0,1.0,4.129357850819967e-19,3.2699114637011864e-18,-6.8068486735863424e-18,0.0,0.0,0.0,1.7684043686517976e-18,1.4432527994838883e-17,-1.5907054938158186e-17,-2.5851212372759305e-21,-2.0695868907636978e-20,0.0,0.034127142,0.034127142,0.0085317855,0.0085317855,0.0085317855,0.0085317855,533.2849613480583,533.2849613480583,533.2849613480583,533.2849613480583,-0.3218297129429871,1.0199706000001014,9.272038682569437e-20,-1.3280052116806932e-20,0.8410785427141821
3.03,attitude_only,2.155997180165689e-19,1.7094310907525744e-18,-3.4829596114698835e-18,1.0,0.0,0.0,0.0,1.0,4.311994360331378e-19,3.418862181505149e-18,-6.965919222939767e-18,0.0,0.0,0.0,1.8750047080453688e-18,1.528340348679581e-17,-1.590705493261895e-17,-2.731791691628669e-21,-2.1869753532853246e-20,0.0,0.034127142,0.034127142,0.0085317855,0.0085317855,0.0085317855,0.0085317855,533.2849613480583,533.2849613480583,533.2849613480583,533.2849613480583,-0.4099912128703457,1.0199706000001014,9.931614390960072e-20,-1.416718939248638e-20,0.8334521705883842
3.04,attitude_only,2.252875387881315e-19,1.78834751723757e-18,-3.562494886124208e-18,1.0,0.0,0.0,0.0,1.0,4.50575077576263e-19,3.57669503447514e-18,-7.124989772248415e-18,0.0,0.0,0.0,1.990074063634545e-18,1.62030291277263e-17,-1.5907054930080133e-17,-2.8897756589720263e-21,-2.31353345932471e-20,0.0,0.034127142,0.034127142,0.0085317855,0.0085317855,0.0085317855,0.0085317855,533.2849613480583,533.2849613480583,533.2849613480583,533.2849613480583,-0.4981590828130299,1.0199706000001014,1.0627639357380591e-19,-1.5100274894804134e-20,0.8249438649625467
3.05,attitude_only,2.3557574454066857e-19,1.8720651472694884e-18,-3.642030160770916e-18,1.0,0.0,0.0,0.0,1.0,4.711514890813371e-19,3.744130294538977e-18,-7.284060321541832e-18,0.0,0.0,0.0,2.1143670531336057e-18,1.7197453264097727e-17,-1.590705492846452e-17,-3.0600709169022345e-21,-2.4500618089533788e-20,0.0,0.034127142,0.034127142,0.0085317855,0.0085317855,0.0085317855,0.0085317855,533.2849613480583,533.2849613480583,533.2849613480583,533.2849613480583,-0.5863320487676464,1.0199706000001014,1.1361901288894412e-19,-1.6081504215605832e-20,0.8155536258366853
3.06,attitude_only,2.4651270976568655e-19,1.960976072359844e-18,-3.721565435409662e-18,1.0,0.0,0.0,0.0,1.0,4.930254195313731e-19,3.921952144719688e-18,-7.443130870819323e-18,0.0,0.0,0.0,2.248716518075388e-18,1.8273357370042113e-17,-1.5907054927310513e-17,-3.243777440013128e-21,-2.5974436590367476e-20,0.0,0.034127142,0.034127142,0.0085317855,0.0085317855,0.0085317855,0.0085317855,533.2849613480583,533.2849613480583,533.2849613480583,533.2849613480583,-0.6745090915316391,1.0199706000001014,1.213630337947617e-19,-1.71132172997756e-20,0.8052814532108095
3.07,attitude_only,2.5815120848441854e-19,2.055507694820886e-18,-3.8011007100432135e-18,1.0,0.0,0.0,0.0,1.0,5.163024169688371e-19,4.111015389641772e-18,-7.602201420086427e-18,0.0,0.0,0.0,2.3940422592933515e-18,1.9438126228022853e-17,-1.590705492638731e-17,-3.4421087520676174e-21,-2.7566540482224587e-20,0.0,0.034127142,0.034127142,0.0085317855,0.0085317855,0.0085317855,0.0085317855,533.2849613480583,533.2849613480583,533.2849613480583,533.2849613480583,-0.7626893957429967,1.0199706000001014,1.29528742489158e-19,-1.8197910711654353e-20,0.7941273470849249
3.08,attitude_only,2.7054887556235806e-19,2.156126457467406e-18,-3.880635984674083e-18,1.0,0.0,0.0,0.0,1.0,5.410977511247161e-19,4.312252914934812e-18,-7.761271969348166e-18,0.0,0.0,0.0,2.551360851853766e-18,2.069992683104822e-17,-1.590705492586799e-17,-3.6564046716586525e-21,-2.9287700474165517e-20,0.0,0.034127142,0.034127142,0.0085317855,0.0085317855,0.0085317855,0.0085317855,533.2849613480583,533.2849613480583,533.2849613480583,533.2849613480583,-0.8508723091121992,1.0199706000001014,1.3813778825344988e-19,-1.9338251076811436e-20,0.7820913074590351
3.09,attitude_only,2.837687203936053e-19,2.2633419944417986e-18,-3.960171259302672e-18,1.0,0.0,0.0,0.0,1.0,5.675374407872106e-19,4.526683988883597e-18,-7.920342518605344e-18,0.0,0.0,0.0,2.721796680859318e-18,2.2067797144173774e-17,-1.5907054925579478e-17,-3.888145633273908e-21,-3.1149822821357916e-20,0.0,0.034127142,0.034127142,0.0085317855,0.0085317855,0.0085317855,0.0085317855,533.2849613480583,533.2849613480583,533.2849613480583,533.2849613480583,-0.9390573098076167,1.0199706000001014,1.4721330275900627e-19,-2.0537089828470587e-20,0.769173334333142
3.1,attitude_only,2.9787969949436377e-19,2.3777117559594718e-18,-4.039706533930065e-18,1.0,0.0,0.0,0.0,1.0,5.957593989887275e-19,4.7554235119189435e-18,-8.07941306786013e-18,0.0,0.0,0.0,2.9065943595028886e-18,2.355174602411682e-17,-1.5907054925406385e-17,-4.1389687912412225e-21,-3.3166078937530745e-20,0.0,0.034127142,0.034127142,0.0085317855,0.0085317855,0.0085317855,0.0085317855,533.2849613480583,533.2849613480583,533.2849613480583,533.2849613480583,-1.0272439803639999,1.0199706000001014,1.5678003102414218e-19,-2.1797479403276438e-20,0.7553734277072469
3.11,attitude_only,3.1295735541353133e-19,2.4998461667637793e-18,-4.1192418085567795e-18,1.0,0.0,0.0,0.0,1.0,6.259147108270627e-19,4.9996923335275586e-18,-8.238483617113559e-18,0.0,0.0,0.0,3.1071327136671167e-18,2.516286578071496e-17,-1.5907054925291e-17,-4.410686143374967e-21,-3.535105130325566e-20,0.0,0.034127142,0.034127142,0.0085317855,0.0085317855,0.0085317855,0.0085317855,533.2849613480583,533.2849613480583,533.2849613480583,533.2849613480583,-1.115431986809118,1.0199706000001014,1.6686447533010954e-19,-2.3122691048480796e-20,0.7406915875813507
3.12,attitude_only,3.2908453036072485e-19,2.6304143860704186e-18,-4.1987770831830174e-18,1.0,0.0,0.0,0.0,1.0,6.581690607214497e-19,5.260828772140837e-18,-8.397554166366035e-18,0.0,0.0,0.0,3.324940543706691e-18,2.691345907644831e-17,-1.5907054925218873e-17,-4.705304944859523e-21,-3.7720897848900166e-20,0.0,0.034127142,0.034127142,0.0085317855,0.0085317855,0.0085317855,0.0085317855,533.2849613480583,533.2849613480583,533.2849613480583,533.2849613480583,-1.2036210619652412,1.0199706000001014,1.7749505356341754e-19,-2.4516234422306628e-20,0.7251278139554537
3.13,attitude_only,3.4635216408685103e-19,2.7701507459203452e-18,-4.278312357808979e-18,1.0,0.0,0.0,0.0,1.0,6.927043281737021e-19,5.5403014918406905e-18,-8.556624715617958e-18,0.0,0.0,0.0,3.561714404357387e-18,2.8817182104677624e-17,-1.5907054925182813e-17,-5.0250507216839305e-21,-4.029353730382211e-20,0.0,0.034127142,0.034127142,0.0085317855,0.0085317855,0.0085317855,0.0085317855,533.2849613480583,533.2849613480583,533.2849613480583,533.2849613480583,-1.2918109920901488,1.0199706000001014,1.887022736311305e-19,-2.5981879191531896e-20,0.7086821068295562
3.14,attitude_only,3.6486018685100014e-19,2.919861955321126e-18,-4.357847632434876e-18,1.0,0.0,0.0,0.0,1.0,7.297203737020003e-19,5.839723910642252e-18,-8.715695264869752e-18,0.0,0.0,0.0,3.819338678619533e-18,3.088920626871359e-17,-1.5907054925173812e-17,-5.372393237584702e-21,-4.3088858363352414e-20,0.0,0.034127142,0.034127142,0.0085317855,0.0085317855,0.0085317855,0.0085317855,533.2849613480583,533.2849613480583,533.2849613480583,533.2849613480583,-1.3800016061900684,1.0199706000001014,2.005189257991856e-19,-2.752367885559254e-20,0.6913544662036584
3.15,attitude_only,3.8471851979496025e-19,3.0804351695403337e-18,-4.437382907060704e-18,1.0,0.0,0.0,0.0,1.0,7.694370395899205e-19,6.1608703390806675e-18,-8.874765814121409e-18,0.0,0.0,0.0,4.0999082616994854e-18,3.31464009082595e-17,-1.5907054925156695e-17,-5.750075819897639e-21,-4.612895593989009e-20,0.0,0.034127142,0.034127142,0.0085317855,0.0085317855,0.0085317855,0.0085317855,533.2849613480583,533.2849613480583,533.2849613480583,533.2849613480583,-1.4681927674700013,1.0199706000001014,2.1298029503455408e-19,-2.914599705515636e-20,0.6731448920777606
3.16,attitude_only,4.060481967519952e-19,3.252847037654485e-18,-4.516918181686465e-18,1.0,0.0,0.0,0.0,1.0,8.120963935039904e-19,6.50569407530897e-18,-9.03383636337293e-18,0.0,0.0,0.0,4.405754217519881e-18,3.5607539994082674e-17,-1.590705492514767e-17,-6.161148509057314e-21,-4.9438398242818737e-20,0.0,0.034127142,0.034127142,0.0085317855,0.0085317855,0.0085317855,0.0085317855,533.2849613480583,533.2849613480583,533.2849613480583,533.2849613480583,-1.5563843664939683,1.0199706000001014,2.261243956941539e-19,-3.0853536655654955e-20,0.6540533844518627
3.17,attitude_only,4.289826234733423e-19,3.438173857224385e-18,-4.596453456312195e-18,1.0,0.0,0.0,0.0,1.0,8.579652469466846e-19,6.87634771444877e-18,-9.19290691262439e-18,0.0,0.0,0.0,4.7394728239312466e-18,3.829353614406236e-17,-1.590705492514405e-17,-6.609005564990264e-21,-5.304452898423497e-20,0.0,0.034127142,0.034127142,0.0085317855,0.0085317855,0.0085317855,0.0085317855,533.2849613480583,533.2849613480583,533.2849613480583,533.2849613480583,-1.6445763157131421,1.0199706000001014,2.3999223120133606e-19,-3.2651371933238475e-20,0.6340799433259647
3.18,attitude_only,4.536689925033119e-19,3.637602983077728e-18,-4.675988730937903e-18,1.0,0.0,0.0,0.0,1.0,9.073379850066237e-19,7.275205966155456e-18,-9.351977461875806e-18,0.0,0.0,0.0,5.103958484748248e-18,4.1227705813494394e-17,-1.590705492514043e-17,-7.09742794281815e-21,-5.697780964568837e-20,0.0,0.034127142,0.034127142,0.0085317855,0.0085317855,0.0085317855,0.0085317855,533.2849613480583,533.2849613480583,533.2849613480583,533.2849613480583,-1.732768545088465,1.0199706000001014,2.546280816897176e-19,-3.454498423268752e-20,0.6132245687000667
3.19,attitude_only,4.802698745174128e-19,3.852445657999543e-18,-4.755524005563597e-18,1.0,0.0,0.0,0.0,1.0,9.605397490348257e-19,7.704891315999086e-18,-9.511048011127194e-18,0.0,0.0,0.0,5.502441058467419e-18,4.443607009078531e-17,-1.5907054925138175e-17,-7.630631441865828e-21,-6.127220747934531e-20,0.0,0.034127142,0.034127142,0.0085317855,0.0085317855,0.0085317855,0.0085317855,533.2849613480583,533.2849613480583,533.2849613480583,533.2849613480583,-1.8209609985887418,1.0199706000001014,2.7007982298015536e-19,-3.654030151472217e-20,0.5914872605741687
3.2,attitude_only,5.089650099106633e-19,4.084151457087804e-18,-4.835059280189288e-18,1.0,0.0,0.0,0.0,1.0,1.0179300198213266e-18,8.168302914175608e-18,-9.670118560378576e-18,0.0,0.0,0.0,5.9385282366103165e-18,4.7947696199421243e-17,-1.5907054925137713e-17,-8.21332133800341e-21,-6.596563577170265e-20,0.0,0.034127142,0.034127142,0.0085317855,0.0085317855,0.0085317855,0.0085317855,533.2849613480583,533.2849613480583,533.2849613480583,533.2849613480583,-1.909153631388948,1.0199706000001014,2.863992806966883e-19,-3.8643742264756566e-20,0.5688680189482704
3.21,attitude_only,5.399533278469669e-19,4.334324565123802e-18,-4.9145945548149726e-18,1.0,0.0,0.0,0.0,1.0,1.0799066556939338e-18,8.668649130247605e-18,-9.829189109629945e-18,0.0,0.0,0.0,6.4162537009655526e-18,5.1795085583575874e-17,-1.590705492513711e-17,-8.850754432239347e-21,-7.110045388852396e-20,0.0,0.034127142,0.034127142,0.0085317855,0.0085317855,0.0085317855,0.0085317855,533.2849613480583,533.2849613480583,533.2849613480583,533.2849613480583,-1.9973464076291305,1.0199706000001014,3.0364262382940154e-19,-4.086226429745609e-20,0.5453668438223723
3.22,attitude_only,5.73455223927349e-19,4.6047421381162026e-18,-4.994129829440656e-18,1.0,0.0,0.0,0.0,1.0,1.146910447854698e-18,9.209484276232405e-18,-9.988259658881312e-18,0.0,0.0,0.0,6.940131900792736e-18,5.601461535580291e-17,-1.59070549251368e-17,-9.548809591039895e-21,-7.672403576875444e-20,0.0,0.034127142,0.034127142,0.0085317855,0.0085317855,0.0085317855,0.0085317855,533.2849613480583,533.2849613480583,533.2849613480583,533.2849613480583,-2.085539298621255,1.0199706000001014,3.2187080262568225e-19,-4.3203419062621334e-20,0.5209837351964742
3.23,attitude_only,6.097151321892189e-19,4.8956377998869836e-18,-5.07366510406634e-18,1.0,0.0,0.0,0.0,1.0,1.2194302643784378e-18,9.791275599773967e-18,-1.014733020813268e-17,0.0,0.0,0.0,7.51522042090733e-18,5.890548728701276e-17,-1.590705492513652e-17,-1.0314068019386479e-20,-8.078213695907637e-20,0.0,0.034127142,0.034127142,0.0085317855,0.0085317855,0.0085317855,0.0085317855,533.2849613480583,533.2849613480583,533.2849613480583,533.2849613480583,-2.1737322814149778,1.0199706000001014,3.411440109631131e-19,-4.5675412139289663e-20,0.4957186930705761
3.24,attitude_only,6.490044324092118e-19,5.177297124204237e-18,-5.1532003786920224e-18,1.0,0.0,0.0,0.0,1.0,1.2980088648184237e-18,1.0354594248408474e-17,-1.0306400757384045e-17,0.0,0.0,0.0,8.147191062553137e-18,5.501293109241997e-17,-1.5907054925136317e-17,-1.1153904699986982e-20,-7.666119883648923e-20,0.0,0.034127142,0.034127142,0.0085317855,0.0085317855,0.0085317855,0.0085317855,533.2849613480583,533.2849613480583,533.2849613480583,533.2849613480583,-2.2619253376499326,1.0199706000001014,3.6133083544307754e-19,-4.8287170698068496e-20,0.46957171744467796
3.25,attitude_only,6.916247397639322e-19,5.439493426255688e-18,-5.232735653317705e-18,1.0,0.0,0.0,0.0,1.0,1.3832494795278645e-18,1.0878986852511376e-17,-1.046547130663541e-17,0.0,0.0,0.0,8.842410934698252e-18,5.1117104567071104e-17,-1.5907054925136157e-17,-1.20765926559081e-20,-7.24973780517413e-20,0.0,0.034127142,0.034127142,0.0085317855,0.0085317855,0.0085317855,0.0085317855,533.2849613480583,533.2849613480583,533.2849613480583,533.2849613480583,-2.350118452637921,1.0199706000001014,3.823920752496601e-19,-5.1048418818402793e-20,0.4425428083187798
3.26,attitude_only,7.379116309411499e-19,5.683904116795836e-18,-5.312270927943388e-18,1.0,0.0,0.0,0.0,1.0,1.4758232618822997e-18,1.1367808233591672e-17,-1.0624541855886776e-17,0.0,0.0,0.0,9.608035058114323e-18,4.721580103600186e-17,-1.590705492513604e-17,-1.3091421954588526e-20,-6.828797182481823e-20,0.0,0.034127142,0.034127142,0.0085317855,0.0085317855,0.0085317855,0.0085317855,533.2849613480583,533.2849613480583,533.2849613480583,533.2849613480583,-2.4383116146282875,1.0199706000001014,4.0439121428229675e-19,-5.396976166983468e-20,0.41463196569288163
3.27,attitude_only,7.882388689471566e-19,5.913139628900294e-18,-5.391806202569071e-18,1.0,0.0,0.0,0.0,1.0,1.5764777378943132e-18,1.1826279257800588e-17,-1.0783612405138141e-17,0.0,0.0,0.0,1.0452112223336158e-17,4.504287445371383e-17,-1.5907054925136083e-17,-1.4208835675088092e-20,-6.613088867060973e-20,0.0,0.034127142,0.034127142,0.0085317855,0.0085317855,0.0085317855,0.0085317855,533.2849613480583,533.2849613480583,533.2849613480583,533.2849613480583,-2.5265048142206066,1.0199706000001014,4.273886888390932e-19,-5.706277970678378e-20,0.38583918956698343
3.2800000000000002,attitude_only,8.430231983099922e-19,6.127175137741997e-18,-5.471341477194754e-18,1.0,0.0,0.0,0.0,1.0,1.6860463966199844e-18,1.2254350275483994e-17,-1.0942682954389508e-17,0.0,0.0,0.0,1.1383706122274361e-17,4.113539949217151e-17,-1.5907054925136077e-17,-1.5440585415036682e-20,-6.185327271168068e-20,0.0,0.034127142,0.034127142,0.0085317855,0.0085317855,0.0085317855,0.0085317855,533.2849613480583,533.2849613480583,533.2849613480583,533.2849613480583,-2.6146980438944354,1.0199706000001014,4.514416063232504e-19,-6.034013418781213e-20,0.35616447994108524
3.29,attitude_only,9.027297933516102e-19,6.329477583569102e-18,-5.550876751820436e-18,1.0,0.0,0.0,0.0,1.0,1.8054595867032205e-18,1.2658955167138204e-17,-1.1101753503640871e-17,0.0,0.0,0.0,1.2413034098871317e-17,3.896482428727362e-17,-1.5907054925136052e-17,-1.6799909327941737e-20,-5.963823070867594e-20,0.0,0.034127142,0.034127142,0.0085317855,0.0085317855,0.0085317855,0.0085317855,533.2849613480583,533.2849613480583,533.2849613480583,533.2849613480583,-2.702891297633526,1.0199706000001014,4.766043850032467e-19,-6.38156855160656e-20,0.325607836815187
3.3,attitude_only,9.678784549516344e-19,6.5200565973129854e-18,-5.6304120264461166e-18,1.0,0.0,0.0,0.0,1.0,1.935756909903269e-18,1.3040113194625971e-17,-1.1260824052892233e-17,0.0,0.0,0.0,1.3551626245036382e-17,3.679570460416338e-17,-1.5907054925135972e-17,-1.8301736165790177e-20,-5.740324413498528e-20,0.0,0.034127142,0.034127142,0.0085317855,0.0085317855,0.0085317855,0.0085317855,533.2849613480583,533.2849613480583,533.2849613480583,533.2849613480583,-2.791084570624771,1.0199706000001014,5.029230171581019e-19,-6.750462611148334e-20,0.2941692601892888
3.31,attitude_only,1.0390506660536598e-18,6.699795135270969e-18,-5.7099473010717975e-18,1.0,0.0,0.0,0.0,1.0,2.0781013321073196e-18,1.3399590270541938e-17,-1.1419894602143595e-17,0.0,0.0,0.0,1.4812508013982904e-17,3.462683554879399e-17,-1.590705492513602e-17,-1.996291936866584e-20,-5.514686962402995e-20,0.0,0.034127142,0.034127142,0.0085317855,0.0085317855,0.0085317855,0.0085317855,533.2849613480583,533.2849613480583,533.2849613480583,533.2849613480583,-2.879277859017796,1.0199706000001014,5.304412442140936e-19,-7.14236297719772e-20,0.26184875006339053
3.32,attitude_only,1.1168976334283958e-18,6.868662231455403e-18,-5.789482575697482e-18,1.0,0.0,0.0,0.0,1.0,2.2337952668567916e-18,1.3737324462910806e-17,-1.1578965151394965e-17,0.0,0.0,0.0,1.6210410045649734e-17,3.2446385018838343e-17,-1.5907054925135944e-17,-2.1802505907122526e-20,-5.285479283827155e-20,0.0,0.034127142,0.034127142,0.0085317855,0.0085317855,0.0085317855,0.0085317855,533.2849613480583,533.2849613480583,533.2849613480583,533.2849613480583,-2.9674711597321872,1.0199706000001014,5.5919435692899965e-19,-7.559101976541315e-20,0.22864630643749226
3.33,zero_thrust,1.3072643744508494e-18,8.000938157617404e-18,-5.869017850323166e-18,1.0,0.0,0.0,0.0,1.0,2.614528748901699e-18,1.600187631523481e-17,-1.1738035700646333e-17,0.0,0.0,0.0,4.490546403397129e-17,2.753212937929369e-16,-1.590705492513597e-17,0.0,0.0,0.0,0.0,0.0,0.0,0.0,0.0,0.0,0.0,0.0,0.0,0.0,-3.357420120737915,1.0199706000001014,6.467127260027422e-19,-8.975134135741788e-20,0.19914301064892836
3.34,zero_thrust,1.5500795012841293e-18,9.490432187721626e-18,-5.9619354552989536e-18,1.0,0.0,0.0,0.0,1.0,3.1001590025682586e-18,1.898086437544325e-17,-1.1923870910597907e-17,0.0,0.0,0.0,4.986153582929611e-17,3.0586622035680817e-16,-2.2846041032599933e-17,0.0,0.0,0.0,0.0,0.0,0.0,0.0,0.0,0.0,0.0,0.0,0.0,0.0,-2.807360259550112,1.0199706000001014,1.0774097954757885e-18,-1.599172122482098e-19,0.19064331924174363
3.35,zero_thrust,1.787021495429541e-18,1.0941632834177066e-17,-5.9937741219893865e-18,1.0,0.0,0.0,0.0,1.0,3.574042990859082e-18,2.1883265668354133e-17,-1.1987548243978773e-17,0.0,0.0,0.0,4.414546703079047e-17,2.6991466966494674e-16,4.783019079862429e-18,0.0,0.0,0.0,0.0,0.0,0.0,0.0,0.0,0.0,0.0,0.0,0.0,0.0,-1.937168087974802,1.0199706000001014,1.9665381842594134e-18,-3.050743194558046e-19,0.2060793252250077
3.36,zero_thrust,1.990284917157849e-18,1.2180493545234779e-17,-5.9869586709263234e-18,1.0,0.0,0.0,0.0,1.0,3.980569834315698e-18,2.4360987090469558e-17,-1.1973917341852647e-17,0.0,0.0,0.0,3.947808169259482e-17,2.4434679079918074e-16,-1.6603251627827721e-18,0.0,0.0,0.0,0.0,0.0,0.0,0.0,0.0,0.0,0.0,0.0,0.0,0.0,-0.9635379104686296,1.0199706000001014,3.1678323207649245e-18,-5.015475608751591e-19,0.23538915322056897
3.37,zero_thrust,2.1837303880405835e-18,1.3424536791846133e-17,-6.015829434130221e-18,1.0,0.0,0.0,0.0,1.0,4.367460776081167e-18,2.6849073583692265e-17,-1.2031658868260442e-17,0.0,0.0,0.0,3.807732659164533e-17,2.5252998080792446e-16,-8.103669405427917e-18,0.0,0.0,0.0,0.0,0.0,0.0,0.0,0.0,0.0,0.0,0.0,0.0,0.0,-0.1880511357586262,1.0199706000001014,4.3875006679395925e-18,-7.010023372438734e-19,0.2645281128513822
3.372,hover,2.4075048313783e-18,1.4973356514317663e-17,-5.89608983935366e-18,1.0,0.0,0.0,0.0,1.0,4.8150096627566e-18,2.9946713028635327e-17,-1.179217967870732e-17,0.0,0.0,0.0,3.667942586065183e-17,2.629903357907195e-16,2.038979011927863e-17,-4.6438683736846337e-20,-3.300335144361103e-19,-2.4508527723372904e-20,0.34127141999999994,0.34127141999999994,0.08531785499999998,0.08531785499999998,0.08531785499999998,0.08531785499999998,1686.3951197747222,1686.3951197747222,1686.3951197747222,1686.3951197747222,1.258294090523432,1.0199706000001014,5.607876532936959e-18,-9.004794715426611e-19,0.2927028128339889
3.39,hover,2.552440280159979e-18,1.604181450393995e-17,-5.8082023235465396e-18,1.0,0.0,0.0,0.0,1.0,5.104880560319958e-18,3.20836290078799e-17,-1.1616404647093079e-17,0.0,0.0,0.0,3.5904715147269364e-17,2.7036975007816195e-16,3.58815722460569e-17,-4.615531575343823e-20,-3.437554670824482e-19,-4.3744534575935865e-20,0.34127141999999994,0.34127141999999994,0.08531785499999998,0.08531785499999998,0.08531785499999998,0.08531785499999998,1686.3951197747222,1686.3951197747222,1686.3951197747222,1686.3951197747222,1.3467445428453615,1.0199706000001014,6.8289776101743484e-18,-1.0999854819856997e-18,0.3199115544681182
3.4,hover,2.710794644731929e-18,1.7413563942048374e-17,-5.531648656811758e-18,1.0,0.0,0.0,0.0,1.0,5.421589289463858e-18,3.482712788409675e-17,-1.1063297313623515e-17,0.0,0.0,0.0,2.7771533750603165e-17,2.752415915520028e-16,6.363751667591305e-17,-3.667321341494482e-20,-3.523540927665772e-19,-7.768804305852236e-20,0.34127141999999994,0.34127141999999994,0.08531785499999998,0.08531785499999998,0.08531785499999998,0.08531785499999998,1686.3951197747222,1686.3951197747222,1686.3951197747222,1686.3951197747222,1.604257626586624,1.0199706000001014,8.054102460018863e-18,-1.2999450739694391e-18,0.34625465408363554
3.41,hover,2.8487276002953966e-18,1.8802718853700637e-17,-5.1589404683021165e-18,1.0,0.0,0.0,0.0,1.0,5.697455200590793e-18,3.7605437707401274e-17,-1.0317880936604233e-17,0.0,0.0,0.0,2.7449774392610116e-17,2.8129550449489934e-16,7.751548889084098e-17,-3.656159992927927e-20,-3.624317433430021e-19,-9.511676460534431e-20,0.34127141999999994,0.34127141999999994,0.08531785499999998,0.08531785499999997,0.08531785499999998,0.08531785499999998,1686.3951197747222,1686.395119774722,1686.3951197747222,1686.3951197747222,1.7974506133499628,1.0199706000001014,9.291168011699652e-18,-1.5015748355408753e-18,0.37195687968766816
3.42,hover,2.749502377234891e-18,1.999675124242376e-17,-6.1777527629738036e-18,1.0,0.0,0.0,0.0,1.0,5.499004754469782e-18,3.999350248484752e-17,-1.2355505525947607e-17,0.0,0.0,0.0,-1.2373273200340715e-16,1.3589799584536602e-16,-5.425205885927953e-16,1.4609473506597547e-19,-1.8931371292201576e-19,6.54351734260947e-19,0.34127141999999994,0.34127141999999994,0.08531785499999996,0.08531785500000001,0.08531785499999996,0.08531785500000001,1686.395119774722,1686.3951197747224,1686.395119774722,1686.3951197747224,1.9433836897567942,1.0199706000001014,1.0547977231559073e-17,-1.7051968037898059e-18,0.3972280396415088
3.43,hover,5.2915823173785195e-19,1.9072391548817943e-17,-7.047694067128494e-18,1.0,0.0,0.0,0.0,1.0,1.0583164634757037e-18,3.8144783097635886e-17,-1.409538813425699e-17,0.0,0.0,0.0,-7.213347232777827e-16,-4.570551041206856e-16,8.034365292394593e-16,8.70430471828004e-19,5.268005580784531e-19,-9.688311724301531e-19,0.34127141999999994,0.34127141999999994,0.08531785500000003,0.08531785499999996,0.08531785500000003,0.08531785499999993,1686.3951197747226,1686.395119774722,1686.3951197747226,1686.3951197747217,2.054592730801554,1.0199706000001014,1.181944360550724e-17,-1.899329087678453e-18,0.4222223285913153
3.44,hover,-4.37849720637848e-18,1.5513907101851628e-17,-4.734583664067292e-18,1.0,0.0,0.0,0.0,1.0,-8.75699441275696e-18,3.1027814203703256e-17,-9.469167328134583e-18,0.0,0.0,0.0,-1.203913953528015e-15,-9.279442692291629e-16,-7.481286946593322e-16,1.4615646876635629e-18,1.1011469989009173e-18,9.005283831949896e-19,0.34127141999999994,0.34127141999999994,0.08531785499999994,0.08531785500000004,0.08531785499999994,0.085317855,1686.3951197747217,1686.3951197747226,1686.3951197747217,1686.3951197747224,2.1400912285059515,1.0199706000001014,1.3102891843204531e-17,-2.0753529952783158e-18,0.4470431807845502
3.45,hover,-1.1740554367214893e-17,9.535376213564064e-18,-6.975515965362513e-18,1.0,0.0,0.0,0.0,1.0,-2.3481108734429786e-17,1.9070752427128128e-17,-1.3951031930725026e-17,0.0,0.0,0.0,-1.6995749303122067e-15,-1.419736817827051e-15,6.242540648376045e-16,2.073353609107715e-18,1.7054954253966538e-18,-7.5257346884971035e-19,0.34127141999999994,0.34127141999999994,0.08531785500000001,0.08531785499999998,0.08531785500000001,0.08531785499999993,1686.3951197747224,1686.3951197747222,1686.3951197747224,1686.3951197747217,2.206348929526288,1.0199706000001014,1.4397053065425404e-17,-2.2273031499538235e-18,0.4717569781206271
3.46,hover,-2.1308793282787185e-17,1.2793622718452637e-18,-2.2432147932603276e-18,1.0,0.0,0.0,0.0,1.0,-4.261758656557437e-17,2.5587245436905275e-18,-4.486429586520655e-18,0.0,0.0,0.0,-2.0187987453141877e-15,-1.784364275072933e-15,9.642125218249026e-17,2.476610174563234e-18,2.1608920168424413e-18,-1.2013830618539828e-19,0.34127141999999994,0.34127141999999994,0.085317855,0.08531785500000001,0.08531785499999998,0.08531785499999994,1686.3951197747224,1686.3951197747224,1686.3951197747222,1686.3951197747217,2.258046071061488,1.0199706000001014,1.5693230863714465e-17,-2.3429165034551635e-18,0.49640532449264946
3.47,hover,-3.0611725011117346e-17,-7.388340808760308e-18,-4.0333588359353425e-18,1.0,0.0,0.0,0.0,1.0,-6.122345002223469e-17,-1.4776681617520616e-17,-8.066717671870685e-18,0.0,0.0,0.0,-1.5667346239340332e-15,-1.6570157820670028e-15,-7.634737667941254e-16,1.949800575146389e-18,2.024643983055995e-18,9.193704542544817e-19,0.34127141999999994,0.34127141999999994,0.08531785499999994,0.08531785500000005,0.08531785499999994,0.085317855,1686.3951197747217,1686.3951197747228,1686.3951197747217,1686.3951197747224,2.298609314005115,1.0199706000001014,1.698876594093234e-17,-2.4193968253401824e-18,0.5210139473504463
3.48,hover,-3.532127642930119e-17,-1.4930551869917205e-17,-2.4509045877783124e-18,1.0,0.0,0.0,0.0,1.0,-7.064255285860238e-17,-2.986110373983441e-17,-4.901809175556624e-18,0.0,0.0,0.0,-5.209759286627355e-16,-1.4637147588087116e-15,1.6858113849949328e-15,7.000999001074592e-19,1.8073199027341324e-18,-2.0366298417423367e-18,0.34127141999999994,0.34127141999999994,0.08531785500000007,0.08531785499999991,0.08531785500000008,0.08531785499999987,1686.395119774723,1686.3951197747215,1686.395119774723,1686.395119774721,2.33058115814857,1.0199706000001014,1.82795366188877e-17,-2.469428397767092e-18,0.5455986326976696
3.49,hover,-3.624222290903276e-17,-2.172257541332808e-17,2.034295447812627e-18,1.0,0.0,0.0,0.0,1.0,-7.248444581806552e-17,-4.344515082665616e-17,4.068590895625256e-18,0.0,0.0,0.0,1.2894523755709812e-16,-1.2803719426829775e-15,-3.311157030962707e-16,-8.10949517319121e-20,1.6001122428100816e-18,3.8699382099807004e-19,0.34127141999999994,0.34127141999999994,0.08531785499999996,0.08531785500000001,0.08531785499999998,0.08531785499999998,1686.395119774722,1686.3951197747224,1686.3951197747222,1686.3951197747222,2.3558727126800623,1.0199706000001014,1.9548205997495042e-17,-2.4800497961754453e-18,0.5701690220057305
3.5,hover,-3.4381059825876363e-17,-2.736939727265971e-17,8.214968575206744e-19,1.0,0.0,0.0,0.0,1.0,-6.876211965175273e-17,-5.473879454531942e-17,1.6429937150413507e-18,0.0,0.0,0.0,7.310879275150922e-16,-8.840533673077806e-16,3.325965833361358e-16,-8.109770589566557e-19,1.1333704860329232e-18,-4.12786888554179e-19,0.34127141999999994,0.34127141999999994,0.08531785499999998,0.08531785499999997,0.08531785500000001,0.08531785499999997,1686.3951197747222,1686.395119774722,1686.3951197747224,1686.395119774722,2.375937483794174,1.0199706000001014,2.078325416256316e-17,-2.4400342865793873e-18,0.5947309876882362
3.51,hover,-2.9062543876572827e-17,-2.86750022303145e-17,3.8020002039167837e-19,1.0,0.0,0.0,0.0,1.0,-5.812508775314565e-17,-5.7350004460629e-17,7.604000407833584e-19,0.0,0.0,0.0,1.0962355039700094e-15,2.389042405398558e-16,-8.848329164996837e-16,-1.2601165057422562e-18,-2.1656768578963889e-19,1.056976840413801e-18,0.34127141999999994,0.34127141999999994,0.08531785499999993,0.08531785500000001,0.08531785499999994,0.08531785500000004,1686.3951197747217,1686.3951197747224,1686.3951197747217,1686.3951197747226,2.3918922448958453,1.0199706000001014,2.199411029098024e-17,-2.3578168707377706e-18,0.619288100581262
3.52,hover,-2.345519215008969e-17,-2.514057632431616e-17,-5.867436319252679e-19,1.0,0.0,0.0,0.0,1.0,-4.691038430017938e-17,-5.028115264863232e-17,-1.1734872638505346e-18,0.0,0.0,0.0,1.1858657487426552e-15,1.0409539698961026e-15,1.1231610323961884e-15,-1.3795314569568579e-18,-1.1894369007160964e-18,-1.3638475085852075e-18,0.34127141999999994,0.34127141999999994,0.08531785500000004,0.0853178549999999,0.08531785500000004,0.08531785499999994,1686.3951197747226,1686.3951197747213,1686.3951197747226,1686.3951197747217,2.404602380910642,1.0199706000001014,2.3184267253881277e-17,-2.2206334397283792e-18,0.6438425298309598
3.5300000000000002,hover,-1.7631863048017403e-17,-1.7942522013520746e-17,2.476326147640894e-18,1.0,0.0,0.0,0.0,1.0,-3.5263726096034806e-17,-3.588504402704149e-17,4.952652295281789e-18,0.0,0.0,0.0,1.1780411007847226e-15,1.6637830330614296e-15,-5.09238330303063e-16,-1.3819222904151864e-18,-1.953469606845103e-18,6.001241099569248e-19,0.34127141999999994,0.34127141999999994,0.08531785499999997,0.08531785499999998,0.08531785499999996,0.08531785500000004,1686.395119774722,1686.3951197747222,1686.395119774722,1686.3951197747226,2.4147431543897975,1.0199706000001014,2.4350893786227066e-17,-2.0382779341302293e-18,0.6683955923140246
3.54,hover,-1.231782766536499e-17,-9.757876596212971e-18,3.380931061566652e-21,1.0,0.0,0.0,0.0,1.0,-2.463565533072998e-17,-1.9515753192425943e-17,6.761862123133545e-21,0.0,0.0,0.0,8.395029730184384e-16,1.5384848702722939e-15,3.957379493762344e-16,-9.840715668258297e-19,-1.8184966602008632e-18,-4.898048051519942e-19,0.34127141999999994,0.34127141999999994,0.08531785500000001,0.08531785499999994,0.085317855,0.08531785499999998,1686.3951197747224,1686.3951197747217,1686.3951197747224,1686.3951197747222,2.4228444213609914,1.0199706000001014,2.5490393714597758e-17,-1.8178339693638788e-18,0.6929480872064817
3.55,hover,-9.925372609613389e-18,-2.9904790238449354e-18,1.66791092412362e-18,1.0,0.0,0.0,0.0,1.0,-1.9850745219226778e-17,-5.980958047689871e-18,3.33582184824724e-18,0.0,0.0,0.0,1.7522485874619434e-16,1.1823655270647126e-15,-4.716836856050133e-16,-1.8869007828659863e-19,-1.4029771036224124e-18,5.558179936815529e-19,0.34127141999999994,0.34127141999999994,0.08531785499999997,0.085317855,0.08531785499999996,0.08531785500000003,1686.395119774722,1686.3951197747224,1686.395119774722,1686.3951197747226,2.429323780931442,1.0199706000001014,2.6599953852890748e-17,-1.5527568843494739e-18,0.7175004993986147
3.56,hover,-1.0713027960377464e-17,1.5307836423099922e-18,2.1326500296198708e-18,1.0,0.0,0.0,0.0,1.0,-2.142605592075493e-17,3.0615672846199845e-18,4.2653000592397415e-18,0.0,0.0,0.0,-3.887148748175667e-16,6.58382292787995e-16,1.2207533957320763e-15,4.919247507380904e-19,-7.807810454182315e-19,-1.4873140378802755e-18,0.34127141999999994,0.34127141999999994,0.08531785500000005,0.08531785499999991,0.08531785500000004,0.08531785499999993,1686.3951197747228,1686.3951197747215,1686.3951197747226,1686.3951197747217,2.434511497815652,1.0199706000001014,2.7687117308161598e-17,-1.2450672967020742e-18,0.7420531230521391
3.5700000000000003,hover,-1.3616141813502896e-17,4.190891376465258e-18,3.959575428195641e-18,1.0,0.0,0.0,0.0,1.0,-2.7232283627005793e-17,8.381782752930516e-18,7.919150856391281e-18,0.0,0.0,0.0,-6.894092998600044e-16,4.73866970132643e-16,-1.0814041044832474e-15,8.596521537876158e-19,-5.641013279331357e-19,1.2860890034229455e-18,0.34127141999999994,0.34127141999999994,0.08531785499999994,0.08531785500000004,0.08531785499999991,0.08531785500000004,1686.3951197747217,1686.3951197747226,1686.3951197747215,1686.3951197747226,2.438669469360836,1.0199706000001014,2.8762150447326115e-17,-9.00758254083862e-19,0.7666061366075554
3.58,hover,-1.7376356289110714e-17,6.571595144284033e-18,2.405747902969989e-18,1.0,0.0,0.0,0.0,1.0,-3.475271257822143e-17,1.3143190288568066e-17,4.811495805939978e-18,0.0,0.0,0.0,-8.160382098191695e-16,5.019000882474246e-16,1.1476825496711048e-15,1.0197672278368053e-18,-6.027600705533477e-19,-1.4002918070589877e-18,0.34127141999999994,0.34127141999999994,0.08531785500000005,0.08531785499999993,0.08531785500000003,0.08531785499999993,1686.3951197747228,1686.3951197747217,1686.3951197747226,1686.3951197747217,2.442005809392338,1.0199706000001014,2.9842168407095316e-17,-5.237199287634156e-19,0.7911596483027383
3.59,hover,-2.169021386695136e-17,8.894350275108424e-18,6.871278085251609e-18,1.0,0.0,0.0,0.0,1.0,-4.338042773390272e-17,1.7788700550216847e-17,1.3742556170503218e-17,0.0,0.0,0.0,-8.866738593995111e-16,4.234491028999375e-16,-2.564498873226194e-16,1.1133967459272102e-18,-5.128533791653624e-19,2.872316162067073e-19,0.34127141999999994,0.34127141999999994,0.08531785499999998,0.085317855,0.08531785499999996,0.085317855,1686.3951197747222,1686.3951197747224,1686.395119774722,1686.3951197747224,2.444686157265287,1.0199706000001014,3.093455545810059e-17,-1.0927255055750611e-19,0.8157137237903097
3.6,hover,-2.5816708143388912e-17,1.0842402372990986e-17,3.9824692144468034e-18,1.0,0.0,0.0,0.0,1.0,-5.1633416286777825e-17,2.1684804745981972e-17,7.964938428893607e-18,0.0,0.0,0.0,-7.483355321525526e-16,3.1458167749514226e-16,1.908941811482795e-16,9.548741085523857e-19,-3.8535828545455966e-19,-2.5149020776985424e-19,0.34127141999999994,0.34127141999999994,0.085317855,0.08531785499999998,0.08531785499999998,0.08531785499999997,1686.3951197747224,1686.3951197747222,1686.3951197747222,1686.395119774722,2.4468425078402993,1.0199706000001014,3.204141474793611e-17,3.46258991311001e-19,0.8402684028917127
3.61,hover,-2.8204764548830277e-17,1.1624483081440994e-17,5.4454341116687584e-18,1.0,0.0,0.0,0.0,1.0,-5.640952909766055e-17,2.324896616288199e-17,1.0890868223337517e-17,0.0,0.0,0.0,-1.403900688849428e-16,1.3032462616875206e-16,-2.9609681251726343e-16,2.2674345332010345e-19,-1.6555307012457892e-19,3.3585995275396984e-19,0.34127141999999994,0.34127141999999994,0.08531785499999997,0.085317855,0.08531785499999997,0.085317855,1686.395119774722,1686.3951197747224,1686.395119774722,1686.3951197747224,2.448580143643648,1.0199706000001014,3.31611741390312e-17,8.410314028789236e-19,0.8648237097602837
3.6189999999999998,attitude_only,-1.839319984071311e-17,1.1377972605884155e-17,2.0002184868766042e-17,1.0,0.0,0.0,0.0,1.0,-3.678639968142622e-17,2.275594521176831e-17,4.0004369737532084e-17,0.0,0.0,0.0,2.022676436777201e-15,-3.9191706971840737e-16,3.876428272338048e-15,-2.3871404414054635e-18,4.646642185674779e-19,-1.945622226674625e-20,0.034127142,0.034127142,0.008531785499999979,0.008531785499999984,0.008531785500000022,0.008531785500000014,533.2849613480577,533.2849613480578,533.284961348059,533.2849613480587,3.5959274006236983,1.0199706000001014,3.430174716812312e-17,1.3553510165816268e-18,0.8893796590459127
3.63,attitude_only,-1.623715121999324e-17,1.08926221113907e-17,2.447630919698205e-17,1.0,0.0,0.0,0.0,1.0,-3.247430243998648e-17,2.17852442227814e-17,4.89526183939641e-17,0.0,0.0,0.0,2.1957490167717276e-15,-5.04830879384488e-16,4.680123550771761e-15,-2.6189807765833848e-18,6.057139298400041e-19,-1.945622226674625e-20,0.034127142,0.034127142,0.008531785499999976,0.008531785499999984,0.008531785500000026,0.008531785500000014,533.2849613480575,533.2849613480578,533.2849613480591,533.2849613480587,3.4224441557956284,1.0199706000001014,3.545474113588937e-17,1.876386239457279e-18,0.9139362596342625
3.64,attitude_only,-3.1896253047502817e-18,6.989701568018249e-18,4.7748297974083073e-17,1.0,0.0,0.0,0.0,1.0,-6.379250609500563e-18,1.3979403136036498e-17,9.549659594816615e-17,0.0,0.0,0.0,2.8815420412606825e-15,-9.82250821794552e-16,4.6684660541112226e-15,-3.470747826382738e-18,1.1884403689500267e-18,-1.945622226674625e-20,0.034127142,0.034127142,0.008531785499999965,0.00853178549999998,0.008531785500000036,0.008531785500000017,533.2849613480572,533.2849613480577,533.2849613480595,533.2849613480588,3.0104058460069862,1.0199706000001014,3.661000750322975e-17,2.4006125394463003e-18,0.9384568065576063
3.65,attitude_only,1.2300255249609561e-17,1.4287927975022797e-18,7.15055716835957e-17,1.0,0.0,0.0,0.0,1.0,2.4600510499219123e-17,2.8575855950045575e-18,1.430111433671914e-16,0.0,0.0,0.0,3.2393726409019113e-15,-1.148877792157216e-15,4.638806844920461e-15,-3.9325382723612306e-18,1.3998815113067951e-18,-1.945622226674625e-20,0.034127142,0.034127142,0.00853178549999996,0.008531785499999979,0.008531785500000041,0.008531785500000019,533.2849613480571,533.2849613480577,533.2849613480596,533.2849613480589,2.8938734487894506,1.0199706000001014,3.7763822705952814e-17,2.914340663089347e-18,0.9627342451568
3.66,attitude_only,2.9202533646591557e-17,-4.541449810594421e-18,9.450148001172278e-17,1.0,0.0,0.0,0.0,1.0,5.840506729318311e-17,-9.082899621188848e-18,1.8900296002344556e-16,0.0,0.0,0.0,3.479733572447027e-15,-1.2382775595644686e-15,4.603881936557863e-15,-4.2557687259398406e-18,1.5195440077911433e-18,-1.945622226674625e-20,0.034127142,0.034127142,0.008531785499999956,0.008531785499999977,0.008531785500000045,0.00853178550000002,533.284961348057,533.2849613480575,533.2849613480597,533.2849613480589,2.7919309954370375,1.0199706000001014,3.891697198204497e-17,3.4069217376364123e-18,0.9865758569770733
3.67,attitude_only,4.693663092847846e-17,-1.1004563768012193e-17,1.176901969903993e-16,1.0,0.0,0.0,0.0,1.0,9.387326185695692e-17,-2.20091275360244e-17,2.353803939807986e-16,0.0,0.0,0.0,3.515840361607876e-15,-1.3328872223700888e-15,4.682462980373702e-15,-4.334255276548937e-18,1.6464044753815881e-18,-1.945622226674625e-20,0.034127142,0.034127142,0.008531785499999955,0.008531785499999979,0.008531785500000047,0.008531785500000019,533.2849613480569,533.2849613480577,533.2849613480598,533.2849613480589,2.6990632831836754,1.0199706000001014,4.006364136086751e-17,3.8707926319431725e-18,1.009851781318775
3.68,attitude_only,6.324468105669092e-17,-1.7841413192678906e-17,1.409178833150553e-16,1.0,0.0,0.0,0.0,1.0,1.2648936211338184e-16,-3.568282638535783e-17,2.818357666301106e-16,0.0,0.0,0.0,2.9988015095308087e-15,-1.3844006748233266e-15,4.614627452187133e-15,-3.7437966691517656e-18,1.722064625073707e-18,-1.945622226674625e-20,0.034127142,0.034127142,0.008531785499999958,0.008531785499999984,0.008531785500000043,0.008531785500000014,533.284961348057,533.2849613480578,533.2849613480597,533.2849613480587,2.611678036643946,1.0199706000001014,4.1200971202835554e-17,4.313739848059878e-18,1.0324731518236259
3.69,attitude_only,7.58088656885034e-17,-2.4902408487579826e-17,1.638928240097331e-16,1.0,0.0,0.0,0.0,1.0,1.516177313770068e-16,-4.980481697515968e-17,3.277856480194662e-16,0.0,0.0,0.0,2.06948326414866e-15,-1.4344667084210807e-15,4.576332179143769e-15,-2.6493096073346737e-18,1.7964885324752228e-18,-1.945622226674625e-20,0.034127142,0.034127142,0.008531785499999967,0.008531785499999993,0.008531785500000034,0.008531785500000005,533.2849613480572,533.2849613480581,533.2849613480594,533.2849613480585,2.527443412489157,1.0199706000001014,4.232780183900445e-17,4.7491350985730345e-18,1.0543782009823264
3.7,attitude_only,8.347654702569607e-17,-3.208935301055486e-17,1.8780832246303553e-16,1.0,0.0,0.0,0.0,1.0,1.6695309405139214e-16,-6.417870602110975e-17,3.7561664492607105e-16,0.0,0.0,0.0,1.1080878397823249e-15,-1.3801433882336765e-15,5.086565740462895e-15,-1.506715976492895e-18,1.7451019821326748e-18,-1.945622226674625e-20,0.034127142,0.034127142,0.008531785499999976,0.008531785500000002,0.008531785500000026,0.008531785499999996,533.2849613480575,533.2849613480583,533.2849613480591,533.2849613480582,2.44485746669315,1.0199706000001014,4.344282390174155e-17,5.1858655574791e-18,1.0755233378174172
3.71,attitude_only,8.659652302128729e-17,-3.842047864507998e-17,2.1460858741903608e-16,1.0,0.0,0.0,0.0,1.0,1.7319304604257455e-16,-7.684095729016e-17,4.2921717483807217e-16,0.0,0.0,0.0,2.3215695184817855e-16,-1.1451257601385085e-15,5.5771005115066594e-15,-4.579204804904012e-19,1.4745320860198578e-18,-1.945622226674625e-20,0.034127142,0.034127142,0.008531785499999986,0.008531785500000007,0.008531785500000015,0.008531785499999991,533.2849613480579,533.2849613480586,533.2849613480588,533.284961348058,2.3629662426590006,1.0199706000001014,4.455139675582522e-17,5.623386979724523e-18,1.0958773512826407
3.72,attitude_only,8.552172302436608e-17,-4.3156049856972644e-17,2.425843949330556e-16,1.0,0.0,0.0,0.0,1.0,1.7104344604873213e-16,-8.631209971394532e-17,4.851687898661112e-16,0.0,0.0,0.0,-5.604761052208785e-16,-8.087312136176913e-16,5.572088580969611e-15,4.98843949044676e-19,1.0789459423310544e-18,-1.945622226674625e-20,0.034127142,0.034127142,0.008531785499999996,0.008531785500000012,0.008531785500000005,0.008531785499999988,533.2849613480582,533.2849613480587,533.2849613480585,533.2849613480579,2.2811778615545304,1.0199706000001014,4.565821288632741e-17,6.0617435433837755e-18,1.1154175946540077
3.73,attitude_only,8.093409645333531e-17,-4.650655295988089e-17,2.707456299989737e-16,1.0,0.0,0.0,0.0,1.0,1.618681929066706e-16,-9.301310591976182e-17,5.414912599979474e-16,0.0,0.0,0.0,-1.1634253907317177e-15,-5.579970060747736e-16,5.6705765846440365e-15,1.234017345565e-18,7.836448633403008e-19,-1.945622226674625e-20,0.034127142,0.034127142,0.008531785500000003,0.008531785500000014,0.008531785499999996,0.008531785499999984,533.2849613480585,533.2849613480587,533.2849613480582,533.2849613480578,2.199139151504019,1.0199706000001014,4.676222190633792e-17,6.499594679448215e-18,1.1341274377670278
3.74,attitude_only,7.392893898177973e-17,-4.860351672097185e-17,2.978742378647421e-16,1.0,0.0,0.0,0.0,1.0,1.4785787796355943e-16,-9.720703344194375e-17,5.957484757294842e-16,0.0,0.0,0.0,-1.5392407112640058e-15,-2.697511279368749e-16,5.080774660914352e-15,1.700388137316386e-18,4.4044732085419125e-19,-1.945622226674625e-20,0.034127142,0.034127142,0.00853178550000001,0.008531785500000015,0.008531785499999991,0.008531785499999982,533.2849613480586,533.2849613480588,533.284961348058,533.2849613480578,2.1166533636001694,1.0199706000001014,4.7862164431044704e-17,6.932707796195036e-18,1.1519945398868752
3.75,attitude_only,6.576669953825692e-17,-4.8801164842787367e-17,3.2084498344667607e-16,1.0,0.0,0.0,0.0,1.0,1.315333990765138e-16,-9.760232968557477e-17,6.416899668933521e-16,0.0,0.0,0.0,-1.6667195504045347e-15,1.8419047429546404e-16,4.231222696372778e-15,1.8700299397890656e-18,-1.0612450656757007e-19,-1.945622226674625e-20,0.034127142,0.034127142,0.008531785500000015,0.008531785500000012,0.008531785499999986,0.008531785499999986,533.2849613480588,533.2849613480587,533.2849613480579,533.2849613480579,2.0336251039234545,1.0199706000001014,4.896237192905763e-17,7.35561168687218e-18,1.1690096605390408
3.76,attitude_only,5.746916301982608e-17,-4.6480742156117524e-17,3.4185256644398406e-16,1.0,0.0,0.0,0.0,1.0,1.1493832603965214e-16,-9.296148431223509e-17,6.837051328879681e-16,0.0,0.0,0.0,-1.6565123590302816e-15,6.682959621938304e-16,4.253523606438438e-15,1.8743464337302645e-18,-6.9373405166754785e-19,-1.945622226674625e-20,0.034127142,0.034127142,0.00853178550000002,0.008531785500000008,0.00853178549999998,0.00853178549999999,533.2849613480589,533.2849613480586,533.2849613480577,533.284961348058,1.950023431438133,1.0199706000001014,5.0068200382664805e-17,7.763797289166687e-18,1.1851658279540096
3.77,attitude_only,4.9302997192971783e-17,-4.209035877070411e-17,3.640418525798699e-16,1.0,0.0,0.0,0.0,1.0,9.860599438594354e-17,-8.418071754140826e-17,7.280837051597398e-16,0.0,0.0,0.0,-1.5874782072283213e-15,9.99576430402846e-16,4.736160324366314e-15,1.8073802336401955e-18,-1.1012663778223954e-18,-1.945622226674625e-20,0.034127142,0.034127142,0.008531785500000022,0.008531785500000005,0.008531785499999979,0.008531785499999993,533.284961348059,533.2849613480585,533.2849613480577,533.2849613480581,1.8658571622972886,1.0199706000001014,5.11781539605031e-17,8.157763704715247e-18,1.2004577488113484
3.7800000000000002,attitude_only,4.198102738767104e-17,-3.672288330377416e-17,3.8971730962259705e-16,1.0,0.0,0.0,0.0,1.0,8.396205477534205e-17,-7.344576660754836e-17,7.794346192451941e-16,0.0,0.0,0.0,-1.336342781243006e-15,1.1052902277104876e-15,5.369195105396691e-15,1.5193811502702479e-18,-1.2391758368686701e-18,-1.945622226674625e-20,0.034127142,0.034127142,0.008531785500000022,0.008531785500000002,0.008531785499999979,0.008531785499999996,533.284961348059,533.2849613480583,533.2849613480577,533.2849613480582,1.7811584203820057,1.0199706000001014,5.2286183951266056e-17,8.53527646453987e-18,1.2148813833385574
3.79,attitude_only,3.630302286479448e-17,-3.1447458777588524e-17,4.1794717993485067e-16,1.0,0.0,0.0,0.0,1.0,7.260604572958894e-17,-6.289491755517707e-17,8.358943598697013e-16,0.0,0.0,0.0,-9.751358534109017e-16,1.0007006653181055e-15,5.773702309247577e-15,1.0956841954058315e-18,-1.1236753686509926e-18,-1.945622226674625e-20,0.034127142,0.034127142,0.008531785500000017,0.008531785499999998,0.008531785499999984,0.0085317855,533.2849613480588,533.2849613480582,533.2849613480578,533.2849613480583,1.6959717795204208,1.0199706000001014,5.338620298954855e-17,8.892439943186202e-18,1.228433635499298
3.8,attitude_only,3.250381937769944e-17,-2.7041828587314477e-17,4.485513864186629e-16,1.0,0.0,0.0,0.0,1.0,6.500763875539885e-17,-5.4083657174628985e-17,8.971027728373258e-16,0.0,0.0,0.0,-5.592382587710158e-16,7.622587006856942e-16,6.28854558773045e-15,6.021994644256784e-19,-8.451675980989558e-19,-1.945622226674625e-20,0.034127142,0.034127142,0.008531785500000012,0.008531785499999996,0.00853178549999999,0.008531785500000002,533.2849613480587,533.2849613480582,533.284961348058,533.2849613480583,1.6103472038401612,1.0199706000001014,5.4473834285084106e-17,9.228876671132812e-18,1.2411121245104895
3.81,attitude_only,3.0974709733892075e-17,-2.4125005326684572e-17,4.800687659524266e-16,1.0,0.0,0.0,0.0,1.0,6.194941946778413e-17,-4.8250010653369176e-17,9.601375319048533e-16,0.0,0.0,0.0,-9.848337841376164e-17,4.3881747351141396e-16,6.166624627971118e-15,5.027844178111112e-20,-4.614263002249338e-19,-1.945622226674625e-20,0.034127142,0.034127142,0.008531785500000005,0.008531785499999996,0.008531785499999996,0.008531785500000002,533.2849613480585,533.2849613480582,533.2849613480582,533.2849613480583,1.5243355661120581,1.0199706000001014,5.554565541650552e-17,9.542796704343946e-18,1.2529150146624857
3.8200000000000003,attitude_only,3.155756249809609e-17,-2.2641159601033052e-17,5.106083433391864e-16,1.0,0.0,0.0,0.0,1.0,6.311512499619215e-17,-4.5282319202066135e-17,1.0212166866783728e-15,0.0,0.0,0.0,2.703815882634625e-16,1.947298625127597e-16,6.001853694251671e-15,-3.950633341141925e-19,-1.7046846565167632e-19,-1.945622226674625e-20,0.034127142,0.034127142,0.008531785499999998,0.008531785499999995,0.008531785500000002,0.008531785500000003,533.2849613480582,533.2849613480581,533.2849613480583,533.2849613480585,1.4379859094657388,1.0199706000001014,5.660219620344166e-17,9.835283060300855e-18,1.2638408874912905
3.83,attitude_only,3.365172646928225e-17,-2.2117734903085144e-17,5.40488497290525e-16,1.0,0.0,0.0,0.0,1.0,6.730345293856447e-17,-4.4235469806170325e-17,1.08097699458105e-15,0.0,0.0,0.0,5.36066054763273e-16,4.024403963954505e-17,5.950762187363345e-15,-7.192453544615976e-19,1.4512081399785767e-20,-1.945622226674625e-20,0.034127142,0.034127142,0.008531785499999995,0.008531785499999993,0.008531785500000007,0.008531785500000005,533.2849613480581,533.2849613480581,533.2849613480586,533.2849613480585,1.3513438793861219,1.0199706000001014,5.764709643321091e-17,1.011047319092468e-17,1.2738886450819669
3.84,attitude_only,3.7050344280788116e-17,-2.2207979261165015e-17,5.695354741693416e-16,1.0,0.0,0.0,0.0,1.0,7.410068856157621e-17,-4.4415958522330074e-17,1.1390709483386832e-15,0.0,0.0,0.0,7.875186648594512e-16,-6.52393367180348e-17,5.728670519798529e-15,-1.028863673225606e-18,1.4174452639606192e-19,-1.945622226674625e-20,0.034127142,0.034127142,0.008531785499999991,0.008531785499999993,0.00853178550000001,0.008531785500000005,533.284961348058,533.2849613480581,533.2849613480586,533.2849613480585,1.2644509317371293,1.0199706000001014,5.868307442335735e-17,1.0369775396408951e-17,1.2830574364933787
3.85,attitude_only,4.15267918893403e-17,-2.2671285315431845e-17,5.980116015400107e-16,1.0,0.0,0.0,0.0,1.0,8.305358377868058e-17,-4.534257063086374e-17,1.1960232030800215e-15,0.0,0.0,0.0,9.766455670986858e-16,-1.0680413152489344e-16,5.699398654725123e-15,-1.2655824115836744e-18,1.9269032147954124e-19,-1.945622226674625e-20,0.034127142,0.034127142,0.00853178549999999,0.008531785499999991,0.008531785500000012,0.008531785500000007,533.284961348058,533.284961348058,533.2849613480587,533.2849613480586,1.1773440456882924,1.0199706000001014,5.971177677843073e-17,1.0613989318773194e-17,1.291346601508308
3.8600000000000003,attitude_only,4.689844785150833e-17,-2.3378982859018334e-17,6.266180012499957e-16,1.0,0.0,0.0,0.0,1.0,9.379689570301664e-17,-4.675796571803673e-17,1.2532360024999915e-15,0.0,0.0,0.0,1.1485009015199252e-15,-1.6020042930960054e-16,5.738562416226115e-15,-1.483293821904361e-18,2.5836788311428576e-19,-1.945622226674625e-20,0.034127142,0.034127142,0.008531785499999988,0.00853178549999999,0.008531785500000014,0.008531785500000008,533.2849613480579,533.284961348058,533.2849613480587,533.2849613480586,1.0900557556487906,1.0199706000001014,6.073429978598859e-17,1.084370759382114e-17,1.298755627463216
3.87,attitude_only,5.301315140892197e-17,-2.4252028733063703e-17,6.553510198611557e-16,1.0,0.0,0.0,0.0,1.0,1.060263028178439e-16,-4.8504057466127473e-17,1.3107020397223113e-15,0.0,0.0,0.0,1.2978074910357045e-15,-1.8384222776963038e-16,5.705815234307066e-15,-1.675439804233653e-18,2.885764635440179e-19,-1.945622226674625e-20,0.034127142,0.034127142,0.008531785499999986,0.008531785499999988,0.008531785500000015,0.00853178550000001,533.2849613480579,533.2849613480579,533.2849613480588,533.2849613480586,1.0026143755289671,1.0199706000001014,6.175093225223369e-17,1.1058953593623118e-17,1.3052841160137125
3.88,attitude_only,5.982988926515481e-17,-2.5287167893161948e-17,6.839675863319599e-16,1.0,0.0,0.0,0.0,1.0,1.196597785303096e-16,-5.0574335786323975e-17,1.3679351726639198e-15,0.0,0.0,0.0,1.418697656138817e-15,-2.339782574378938e-16,5.7384816885573815e-15,-1.834694978918776e-18,3.5107948172031283e-19,-1.945622226674625e-20,0.034127142,0.034127142,0.008531785499999984,0.008531785499999988,0.008531785500000017,0.00853178550000001,533.2849613480578,533.2849613480579,533.2849613480588,533.2849613480586,0.9150443298668961,1.0199706000001014,6.276173708782233e-17,1.1258822432090423e-17,1.3109317574858985
3.89,attitude_only,6.711229727181037e-17,-2.651867548024058e-17,7.136998498117895e-16,1.0,0.0,0.0,0.0,1.0,1.342245945436207e-16,-5.303735096048126e-17,1.427399699623579e-15,0.0,0.0,0.0,1.4591937581328178e-15,-2.363086974057995e-16,6.2151235561750415e-15,-1.8978822388929054e-18,3.5623909665585775e-19,-1.945622226674625e-20,0.034127142,0.034127142,0.008531785499999982,0.008531785499999988,0.008531785500000017,0.00853178550000001,533.2849613480578,533.2849613480579,533.2849613480588,533.2849613480586,0.8273665350425621,1.0199706000001014,6.376602655099343e-17,1.1443469549324788e-17,1.3156983110433509
3.9,attitude_only,7.397476190644431e-17,-2.7334636693767797e-17,7.470002853724979e-16,1.0,0.0,0.0,0.0,1.0,1.4794952381288856e-16,-5.4669273387535705e-17,1.4940005707449958e-15,0.0,0.0,0.0,1.2701651853787978e-15,-7.483339418772179e-17,6.9781677694895754e-15,-1.6837496034418692e-18,1.6321706673604172e-19,-1.945622226674625e-20,0.034127142,0.034127142,0.008531785499999986,0.008531785499999988,0.008531785500000015,0.00853178550000001,533.2849613480579,533.2849613480579,533.2849613480588,533.2849613480586,0.7395987937148691,1.0199706000001014,6.476742871907393e-17,1.1617137679717686e-17,1.319583589327392
3.91,attitude_only,7.955313141276484e-17,-2.6989849137223134e-17,7.823289836063114e-16,1.0,0.0,0.0,0.0,1.0,1.5910626282552963e-16,-5.397969827444639e-17,1.5646579672126227e-15,0.0,0.0,0.0,9.814054836525656e-16,1.8282616190764692e-16,6.989385105196542e-15,-1.3470520162069165e-18,-1.478026621974772e-19,-1.945622226674625e-20,0.034127142,0.034127142,0.008531785499999991,0.008531785499999988,0.00853178550000001,0.00853178550000001,533.284961348058,533.2849613480579,533.2849613480586,533.2849613480586,0.6517561793685518,1.0199706000001014,6.577120539319399e-17,1.1784950667400656e-17,1.3225874465472247
3.92,attitude_only,8.372061144009422e-17,-2.538118485307832e-17,8.173294113947462e-16,1.0,0.0,0.0,0.0,1.0,1.674412228801884e-16,-5.076236970615677e-17,1.6346588227894925e-15,0.0,0.0,0.0,7.193836663071201e-16,4.341693648120378e-16,6.980548910452209e-15,-1.039819672055453e-18,-4.537561993308665e-19,-1.945622226674625e-20,0.034127142,0.034127142,0.008531785499999996,0.008531785499999988,0.008531785500000005,0.00853178550000001,533.2849613480582,533.2849613480579,533.2849613480585,533.2849613480586,0.5638513972753204,1.0199706000001014,6.67784798439308e-17,1.1947121941538207e-17,1.3247097692362486
3.93,attitude_only,8.678485324443883e-17,-2.268349464575406e-17,8.516738108170902e-16,1.0,0.0,0.0,0.0,1.0,1.7356970648887762e-16,-4.5366989291508266e-17,1.7033476216341804e-15,0.0,0.0,0.0,5.331593677827263e-16,6.182331982929477e-16,6.871503735057143e-15,-8.216821075040077e-19,-6.80815131490888e-19,-1.945622226674625e-20,0.034127142,0.034127142,0.0085317855,0.008531785499999988,0.008531785500000002,0.00853178550000001,533.2849613480583,533.2849613480579,533.2849613480583,533.2849613480586,0.4758951145414538,1.0199706000001014,6.778854347276851e-17,1.2100845942456991e-17,1.3259504690723085
3.94,attitude_only,8.892277921448474e-17,-1.912810267254316e-17,8.861555770376431e-16,1.0,0.0,0.0,0.0,1.0,1.7784555842896946e-16,-3.825620534508648e-17,1.7723111540752862e-15,0.0,0.0,0.0,3.555441697031298e-16,7.832256987511633e-16,6.896392042800836e-15,-6.120993115055232e-19,-8.866383890282581e-19,-1.945622226674625e-20,0.034127142,0.034127142,0.008531785500000003,0.008531785499999988,0.008531785499999998,0.00853178550000001,533.2849613480585,533.2849613480579,533.2849613480582,533.2849613480586,0.3878962561424535,1.0199706000001014,6.880013054860897e-17,1.2244045600036874e-17,1.326309477297773
3.95,attitude_only,9.027043989894909e-17,-1.488510373158447e-17,9.202566019965743e-16,1.0,0.0,0.0,0.0,1.0,1.8054087979789816e-16,-2.977020746316911e-17,1.8405132039931486e-15,0.0,0.0,0.0,2.0834436543090112e-16,8.932960710530763e-16,6.760197495685603e-15,-4.375429900331579e-19,-1.0276557965010847e-18,-1.945622226674625e-20,0.034127142,0.034127142,0.008531785500000005,0.008531785499999988,0.008531785499999996,0.00853178550000001,533.2849613480585,533.2849613480579,533.2849613480582,533.2849613480586,0.29986226657784837,1.0199706000001014,6.981286591804199e-17,1.2375420996604985e-17,1.3257867403809673
3.96,attitude_only,9.10571650722561e-17,-1.0284967000061192e-17,9.538609361769739e-16,1.0,0.0,0.0,0.0,1.0,1.8211433014451217e-16,-2.0569934000122556e-17,1.9077218723539478e-15,0.0,0.0,0.0,1.1318265892113168e-16,9.531272210719774e-16,6.747533853783887e-15,-3.244807688106458e-19,-1.1089844487344858e-18,-1.945622226674625e-20,0.034127142,0.034127142,0.008531785500000007,0.008531785499999988,0.008531785499999995,0.00853178550000001,533.2849613480586,533.2849613480579,533.2849613480581,533.2849613480586,0.2086781746092749,1.0199706000001014,7.082525353538094e-17,1.2493177128347245e-17,1.3243822166415822
3.97,attitude_only,9.13467613184221e-17,-5.374271470231371e-18,9.87279554678791e-16,1.0,0.0,0.0,0.0,1.0,1.826935226368442e-16,-1.0748542940462922e-17,1.974559109357582e-15,0.0,0.0,0.0,2.5498108809110817e-17,9.878126994715467e-16,6.58368578585572e-15,-2.195142897643119e-19,-1.1604851498086844e-18,-1.945622226674625e-20,0.034127142,0.034127142,0.008531785500000008,0.008531785499999988,0.008531785499999993,0.00853178550000001,533.2849613480586,533.2849613480579,533.2849613480581,533.2849613480586,0.12537266666134886,1.0199706000001014,7.183778138938397e-17,1.2596555793467001e-17,1.3220958736251482
3.98,attitude_only,9.142648929972442e-17,-4.3181485908043655e-19,1.0202961688365194e-15,1.0,0.0,0.0,0.0,1.0,1.8285297859944884e-16,-8.636297181610596e-19,2.040592337673039e-15,0.0,0.0,0.0,-2.6227337239322478e-18,9.807275511704309e-16,6.61793680714786e-15,-1.8574305138742088e-19,-1.1617902473590497e-18,-1.945622226674625e-20,0.034127142,0.034127142,0.008531785500000008,0.00853178549999999,0.008531785499999993,0.00853178550000001,533.2849613480586,533.284961348058,533.2849613480581,533.2849613480586,0.03693438202317345,1.0199706000001014,7.284952412571858e-17,1.2683674457687072e-17,1.3189276860598529
3.99,attitude_only,9.130251455944127e-17,4.442032268261045e-18,1.0531164951023765e-15,1.0,0.0,0.0,0.0,1.0,1.8260502911888253e-16,8.884064536521898e-18,2.106232990204753e-15,0.0,0.0,0.0,-3.205933383016548e-17,9.803651290242539e-16,6.503036939668661e-15,-1.5009853792163936e-19,-1.17115899207388e-18,-1.945622226674625e-20,0.034127142,0.034127142,0.008531785500000008,0.00853178549999999,0.008531785499999993,0.008531785500000008,533.2849613480586,533.284961348058,533.2849613480581,533.2849613480586,-0.051453530253231294,1.0199706000001014,7.386058409502027e-17,1.2754264478275498e-17,1.3148776342662645
4.0,attitude_only,9.104841821712353e-17,9.371150652370988e-18,1.085677100272132e-15,1.0,0.0,0.0,0.0,1.0,1.8209683643424709e-16,1.8742301304741778e-17,2.171354200544264e-15,0.0,0.0,0.0,-6.983689486845357e-17,9.826438774229463e-16,6.519022427559224e-15,-1.040670957270091e-19,-1.1837199289265402e-18,-1.945622226674625e-20,0.034127142,0.034127142,0.008531785500000008,0.00853178549999999,0.008531785499999993,0.008531785500000008,533.2849613480586,533.284961348058,533.2849613480581,533.2849613480586,-0.13980145113973136,1.0199706000001014,7.487279596021483e-17,1.2807811227922182e-17,1.3099457029194073
4.01,attitude_only,9.064535231440895e-17,1.4267612067051124e-17,1.1180256627350105e-15,1.0,0.0,0.0,0.0,1.0,1.8129070462881792e-16,2.8535224134102046e-17,2.236051325470021e-15,0.0,0.0,0.0,-9.221791129003315e-17,9.77784954316553e-16,6.387120787587166e-15,-7.62876969082133e-20,-1.1876670707420334e-18,-1.945622226674625e-20,0.034127142,0.034127142,0.008531785500000008,0.00853178549999999,0.008531785499999993,0.008531785500000008,533.2849613480586,533.284961348058,533.2849613480581,533.2849613480586,-0.22811761759961918,1.0199706000001014,7.588654646533933e-17,1.2844577964543944e-17,1.3041318800850157
4.02,attitude_only,9.009945732174397e-17,1.9140774005441805e-17,1.1499574574207825e-15,1.0,0.0,0.0,0.0,1.0,1.80198914643488e-16,3.82815480108834e-17,2.299914914841565e-15,0.0,0.0,0.0,-1.2570379587438268e-16,9.670231467537576e-16,6.386358150613343e-15,-3.484759744825007e-20,-1.1844231331342165e-18,-1.945622226674625e-20,0.034127142,0.034127142,0.00853178550000001,0.00853178549999999,0.008531785499999991,0.008531785500000008,533.2849613480586,533.284961348058,533.284961348058,533.2849613480586,-0.31640856639635373,1.0199706000001014,7.690285918349198e-17,1.2864508069893596e-17,1.2974361564691823
4.03,attitude_only,8.946836169981989e-17,2.394510842877499e-17,1.1818912752372664e-15,1.0,0.0,0.0,0.0,1.0,1.7893672339963983e-16,4.789021685754977e-17,2.363782550474533e-15,0.0,0.0,0.0,-1.193346508826029e-16,9.647438897452305e-16,6.3866110722039256e-15,-4.12972249295597e-20,-1.1913354636214369e-18,-1.945622226674625e-20,0.034127142,0.034127142,0.00853178550000001,0.00853178549999999,0.008531785499999991,0.008531785500000008,533.2849613480586,533.284961348058,533.284961348058,533.2849613480586,-0.4046794858184723,1.0199706000001014,7.792232255244575e-17,1.2867483457474487e-17,1.289858524834113
4.04,attitude_only,8.880847274241721e-17,2.866979511330837e-17,1.213821280594919e-15,1.0,0.0,0.0,0.0,1.0,1.776169454848345e-16,5.733959022661653e-17,2.427642561189838e-15,0.0,0.0,0.0,-1.3618696358901245e-16,9.348591919725056e-16,6.385086645300484e-15,-1.9712580045978116e-20,-1.1648224182138917e-18,-1.945622226674625e-20,0.034127142,0.034127142,0.00853178550000001,0.00853178549999999,0.008531785499999991,0.008531785500000008,533.2849613480586,533.284961348058,533.284961348058,533.2849613480586,-0.49293449447316307,1.0199706000001014,7.894593042267379e-17,1.2853015906953912e-17,1.281398979543194
4.05,attitude_only,8.809003774822576e-17,3.330190675664776e-17,1.245743540321914e-15,1.0,0.0,0.0,0.0,1.0,1.7618007549645159e-16,6.66038135132953e-17,2.491487080643828e-15,0.0,0.0,0.0,-1.4286356374962555e-16,9.258968559808122e-16,6.384578805515124e-15,-1.0272024215746167e-20,-1.1633265835836676e-18,-1.945622226674625e-20,0.034127142,0.034127142,0.00853178550000001,0.00853178549999999,0.008531785499999991,0.008531785500000008,533.2849613480586,533.284961348058,533.284961348058,533.2849613480586,-0.5811768623076039,1.0199706000001014,7.997435312139311e-17,1.2821557401222986e-17,1.2720575162067405
4.06,attitude_only,8.733180548566371e-17,3.7860822290725235e-17,1.277667574160484e-15,1.0,0.0,0.0,0.0,1.0,1.7466361097132752e-16,7.572164458145025e-17,2.555335148320968e-15,0.0,0.0,0.0,-1.5367828776725735e-16,9.057325097052385e-16,6.384577897967764e-15,4.242427483084507e-21,-1.1481866931500314e-18,-1.945622226674625e-20,0.034127142,0.034127142,0.00853178550000001,0.00853178549999999,0.008531785499999991,0.008531785500000008,533.2849613480586,533.284961348058,533.284961348058,533.2849613480586,-0.6694091858582543,1.0199706000001014,8.100874647729658e-17,1.2773068755087513e-17,1.2618341314061312
4.07,attitude_only,8.646353370863676e-17,4.22859535515996e-17,1.3095938868647535e-15,1.0,0.0,0.0,0.0,1.0,1.7292706741727363e-16,8.457190710319898e-17,2.619187773729507e-15,0.0,0.0,0.0,-1.7408992950416572e-16,8.616483306118449e-16,6.385592185965868e-15,3.047729686241632e-20,-1.103902161544078e-18,-1.945622226674625e-20,0.034127142,0.034127142,0.008531785500000008,0.008531785499999991,0.008531785499999991,0.008531785500000007,533.2849613480586,533.284961348058,533.284961348058,533.2849613480586,-0.757633527229595,1.0199706000001014,8.204962816239083e-17,1.2708169092672072e-17,1.2507288224789819
4.08,attitude_only,8.557882304452901e-17,4.6425824634076346e-17,1.3415220995666136e-15,1.0,0.0,0.0,0.0,1.0,1.7115764608905814e-16,9.285164926815246e-17,2.683044199133227e-15,0.0,0.0,0.0,-1.9040727653915102e-16,8.130907046251675e-16,6.38609908795229e-15,5.1962186069790135e-20,-1.0537639174063166e-18,-1.945622226674625e-20,0.034127142,0.034127142,0.008531785500000008,0.008531785499999991,0.008531785499999993,0.008531785500000007,533.2849613480586,533.284961348058,533.2849613480581,533.2849613480586,-0.8458515243262759,1.0199706000001014,8.309674590164144e-17,1.2626420790416502e-17,1.2387415873518521
4.09,attitude_only,8.459114067109711e-17,5.035115185784129e-17,1.3734492964376452e-15,1.0,0.0,0.0,0.0,1.0,1.6918228134219437e-16,1.0070230371568235e-16,2.7468985928752903e-15,0.0,0.0,0.0,-2.042944180221878e-16,7.636238322554316e-16,6.3845764761435674e-15,7.06697000296561e-20,-1.0020399088851879e-18,-1.945622226674625e-20,0.034127142,0.034127142,0.008531785500000008,0.008531785499999991,0.008531785499999993,0.008531785500000007,533.2849613480586,533.284961348058,533.2849613480581,533.2849613480586,-0.9340644782988841,1.0199706000001014,8.41513981650431e-17,1.2528594621639897e-17,1.2258724244099592
4.1,attitude_only,8.351860580131604e-17,5.409579436484301e-17,1.4053679907132162e-15,1.0,0.0,0.0,0.0,1.0,1.6703721160263222e-16,1.0819158872968578e-16,2.8107359814264324e-15,0.0,0.0,0.0,-2.2325758717843e-16,7.319468357339437e-16,6.382799853687427e-15,9.565807888893102e-20,-9.713469814167416e-19,-1.945622226674625e-20,0.034127142,0.034127142,0.008531785500000008,0.008531785499999993,0.008531785499999993,0.008531785500000005,533.2849613480586,533.2849613480581,533.2849613480581,533.2849613480585,-1.022273422923886,1.0199706000001014,8.521453031194146e-17,1.2414729589995915e-17,1.2121213323957194
4.11,attitude_only,8.232230300793176e-17,5.774971064126306e-17,1.4372838933522946e-15,1.0,0.0,0.0,0.0,1.0,1.646446060158637e-16,1.1549942128252588e-16,2.8745677867045893e-15,0.0,0.0,0.0,-2.5823874345023366e-16,7.304381524239533e-16,6.382799853687427e-15,1.402178538495979e-19,-9.768409429689932e-19,-1.945622226674625e-20,0.034127142,0.034127142,0.008531785500000008,0.008531785499999993,0.008531785499999993,0.008531785500000005,533.2849613480586,533.2849613480581,533.2849613480581,533.2849613480585,-1.1104791796589026,1.0199706000001014,8.62874634894714e-17,1.228526788456885e-17,1.19748831032973
4.12,attitude_only,8.095059324457257e-17,6.142631688868139e-17,1.4692030947567385e-15,1.0,0.0,0.0,0.0,1.0,1.6190118648914531e-16,1.2285263377736254e-16,2.938406189513477e-15,0.0,0.0,0.0,-2.8398565162235817e-16,7.379378856289381e-16,6.3850839075326175e-15,1.7395400017237084e-19,-9.932200016712641e-19,-1.945622226674625e-20,0.034127142,0.034127142,0.00853178550000001,0.008531785499999993,0.008531785499999991,0.008531785500000005,533.2849613480586,533.2849613480581,533.284961348058,533.2849613480585,-1.1986824013370105,1.0199706000001014,8.737177851925302e-17,1.214088944791981e-17,1.181973357449236
4.13,attitude_only,7.947421963643476e-17,6.515717844501935e-17,1.5011253419444544e-15,1.0,0.0,0.0,0.0,1.0,1.5894843927286971e-16,1.3031435689003845e-16,3.002250683888909e-15,0.0,0.0,0.0,-3.075831398642254e-16,7.6822924819085815e-16,6.384068757364522e-15,2.0534681746125365e-19,-1.0372519292274766e-18,-1.945622226674625e-20,0.034127142,0.034127142,0.00853178550000001,0.008531785499999993,0.008531785499999991,0.008531785500000005,533.2849613480586,533.2849613480581,533.284961348058,533.2849613480585,-1.2868836068502438,1.0199706000001014,8.846836733870141e-17,1.1981342600833897e-17,1.1655764731602045
4.14,attitude_only,7.784970014275954e-17,6.911862113247106e-17,1.5330491112297015e-15,1.0,0.0,0.0,0.0,1.0,1.556994002855193e-16,1.3823724226494187e-16,3.066098222459403e-15,0.0,0.0,0.0,-3.3807623235350547e-16,8.029477613411067e-16,6.385591285981403e-15,2.453192907719248e-19,-1.086943622621186e-18,-1.945622226674625e-20,0.034127142,0.034127142,0.00853178550000001,0.008531785499999993,0.008531785499999991,0.008531785500000005,533.2849613480586,533.2849613480581,533.284961348058,533.2849613480585,-1.375083208684194,1.0199706000001014,8.957925350456541e-17,1.1807186538167027e-17,1.1482976570000034
4.15,attitude_only,7.614405094769823e-17,7.314181646134069e-17,1.5649733878744907e-15,1.0,0.0,0.0,0.0,1.0,1.522881018953967e-16,1.4628363292268113e-16,3.1299467757489813e-15,0.0,0.0,0.0,-3.4994276190399337e-16,8.119423024018514e-16,6.384829942262569e-15,2.630585538515504e-19,-1.1058564949180984e-18,-1.945622226674625e-20,0.034127142,0.034127142,0.008531785500000012,0.008531785499999993,0.00853178549999999,0.008531785500000005,533.2849613480587,533.2849613480581,533.284961348058,533.2849613480585,-1.4632815347807127,1.0199706000001014,9.070413751567731e-17,1.1618358286019482e-17,1.130136908608336
4.16,attitude_only,7.427869691074638e-17,7.720307021546538e-17,1.5969048967665503e-15,1.0,0.0,0.0,0.0,1.0,1.48557393821493e-16,1.5440614043093051e-16,3.1938097935331007e-15,0.0,0.0,0.0,-3.897754982568045e-16,8.20654430473855e-16,6.386860045963497e-15,3.1475559245749177e-19,-1.1245175929092412e-18,-1.945622226674625e-20,0.034127142,0.034127142,0.008531785500000012,0.008531785499999993,0.00853178549999999,0.008531785500000005,533.2849613480587,533.2849613480581,533.284961348058,533.2849613480585,-1.5514788458992508,1.0199706000001014,9.184355416243265e-17,1.1415576990564943e-17,1.1110942277046023
4.17,attitude_only,7.23308008492073e-17,8.13550518265567e-17,1.628837166760316e-15,1.0,0.0,0.0,0.0,1.0,1.4466160169841487e-16,1.6271010365311316e-16,3.257674333520632e-15,0.0,0.0,0.0,-3.9737344980918333e-16,8.3754643471468905e-16,6.3860987173704525e-15,3.2784686881843803e-19,-1.1531634623453888e-18,-1.945622226674625e-20,0.034127142,0.034127142,0.008531785500000012,0.008531785499999993,0.00853178549999999,0.008531785500000005,533.2849613480587,533.2849613480581,533.284961348058,533.2849613480585,-1.6396753494060061,1.0199706000001014,9.299863647846464e-17,1.119887612862957e-17,1.0911696140702725
4.18,attitude_only,7.029790674618672e-17,8.555389157791829e-17,1.660764741919004e-15,1.0,0.0,0.0,0.0,1.0,1.4059581349237373e-16,1.7110778315583636e-16,3.321529483838008e-15,0.0,0.0,0.0,-3.987891151193519e-16,8.398725980568416e-16,6.385337388777408e-15,3.3353355834183374e-19,-1.1643535843365402e-18,-1.945622226674625e-20,0.034127142,0.034127142,0.008531785500000012,0.008531785499999993,0.00853178549999999,0.008531785500000005,533.2849613480587,533.2849613480581,533.284961348058,533.2849613480585,-1.7278712102271814,1.0199706000001014,9.416997035569356e-17,1.0968564212337732e-17,1.070363067535154
4.19,attitude_only,6.827367285746583e-17,8.97991423251723e-17,1.6926943471577591e-15,1.0,0.0,0.0,0.0,1.0,1.3654734571493195e-16,1.7959828465034437e-16,3.3853886943155182e-15,0.0,0.0,0.0,-4.118992816846818e-16,8.620707574290303e-16,6.3860986890096005e-15,3.533847510370768e-19,-1.1996120831574573e-18,-1.945622226674625e-20,0.034127142,0.034127142,0.008531785500000012,0.008531785499999993,0.00853178549999999,0.008531785500000005,533.2849613480587,533.2849613480581,533.284961348058,533.2849613480585,-1.8160665595507601,1.0199706000001014,9.535825572182617e-17,1.0724323139213403e-17,1.0486745879667019
4.2,attitude_only,6.617871115947283e-17,9.413587220419679e-17,1.7246292815179921e-15,1.0,0.0,0.0,0.0,1.0,1.3235742231894599e-16,1.8827174440839335e-16,3.4492585630359843e-15,0.0,0.0,0.0,-4.212448172074968e-16,8.733405678216311e-16,6.386352444409323e-15,3.6881184183652963e-19,-1.2218692613067944e-18,-1.945622226674625e-20,0.034127142,0.034127142,0.008531785500000014,0.008531785499999993,0.008531785499999988,0.008531785500000005,533.2849613480587,533.2849613480581,533.2849613480579,533.2849613480585,-1.9042615017408517,1.0199706000001014,9.656474508574205e-17,1.046715740075028e-17,1.0261041752616902
4.21,attitude_only,6.405805303648354e-17,9.857005366280498e-17,1.7565581253875039e-15,1.0,0.0,0.0,0.0,1.0,1.2811610607296742e-16,1.9714010732560974e-16,3.5131162507750078e-15,0.0,0.0,0.0,-4.312663384512388e-16,8.967514649454698e-16,6.384829826928427e-15,3.8515033071353236e-19,-1.2589298525048553e-18,-1.945622226674625e-20,0.034127142,0.034127142,0.008531785500000014,0.008531785499999993,0.008531785499999988,0.008531785500000005,533.2849613480587,533.2849613480581,533.2849613480579,533.2849613480585,-1.9924561198319757,1.0199706000001014,9.77902490840475e-17,1.0197147241588056e-17,1.002651829339726
4.22,attitude_only,6.19137775095893e-17,1.0299983620862876e-16,1.7884860810403233e-15,1.0,0.0,0.0,0.0,1.0,1.2382755501917896e-16,2.059996724172573e-16,3.5769721620806465e-15,0.0,0.0,0.0,-4.2909864409363117e-16,8.857953445310438e-16,6.386098661594109e-15,3.8684008392533933e-19,-1.2546404614528543e-18,-1.945622226674625e-20,0.034127142,0.034127142,0.008531785500000014,0.008531785499999993,0.008531785499999988,0.008531785500000005,533.2849613480587,533.2849613480581,533.2849613480579,533.2849613480585,-2.080650479896126,1.0199706000001014,9.903508722082473e-17,9.914738898989114e-18,0.9783175501381992
4.23,attitude_only,5.977190641632021e-17,1.074939013364807e-16,1.820423933622159e-15,1.0,0.0,0.0,0.0,1.0,1.1954381283264082e-16,2.1498780267296118e-16,3.640847867244318e-15,0.0,0.0,0.0,-4.319345574506395e-16,9.006242833323473e-16,6.387621266785301e-15,3.9456252552825603e-19,-1.2814414308477427e-18,-1.945622226674625e-20,0.034127142,0.034127142,0.008531785500000014,0.008531785499999993,0.008531785499999988,0.008531785500000005,533.2849613480587,533.2849613480581,533.2849613480579,533.2849613480585,-2.1688446345138703,1.0199706000001014,1.0030039892704197e-16,9.620111284763242e-18,0.953101337608349
4.24,attitude_only,5.762011061507965e-17,1.1201613686263293e-16,1.8523655926890846e-15,1.0,0.0,0.0,0.0,1.0,1.1524022123015971e-16,2.2403227372526566e-16,3.704731185378169e-15,0.0,0.0,0.0,-4.381299326904919e-16,9.050811162374761e-16,6.388382563236044e-15,4.0637827514298373e-19,-1.295840441496272e-18,-1.945622226674625e-20,0.034127142,0.034127142,0.008531785500000014,0.008531785499999993,0.008531785499999988,0.008531785500000005,533.2849613480587,533.2849613480581,533.2849613480579,533.2849613480585,-2.257038625534072,1.0199706000001014,1.0158693771195698e-16,9.31377535641148e-18,0.9270031917122008
4.25,attitude_only,5.538875105910362e-17,1.165308674534258e-16,1.884303064535249e-15,1.0,0.0,0.0,0.0,1.0,1.1077750211820768e-16,2.330617349068514e-16,3.768606129070498e-15,0.0,0.0,0.0,-4.568311522669875e-16,9.018662157262903e-16,6.387875016512852e-15,4.333880501574483e-19,-1.3010012230401116e-18,-1.945622226674625e-20,0.034127142,0.034127142,0.008531785500000014,0.008531785499999993,0.008531785499999988,0.008531785500000005,533.2849613480587,533.2849613480581,533.2849613480579,533.2849613480585,-2.3452324862676908,1.0199706000001014,1.0289533202129153e-16,8.996606807028015e-18,0.9000231124201797
4.26,attitude_only,5.305455889775726e-17,1.2102483711274955e-16,1.9162359685067542e-15,1.0,0.0,0.0,0.0,1.0,1.0610911779551499e-16,2.420496742254989e-16,3.8324719370135085e-15,0.0,0.0,0.0,-4.791713218947395e-16,8.932187267222971e-16,6.385337329692297e-15,4.64987966929698e-19,-1.2995564235025426e-18,-1.945622226674625e-20,0.034127142,0.034127142,0.008531785500000014,0.008531785499999993,0.008531785499999988,0.008531785500000005,533.2849613480587,533.2849613480581,533.2849613480579,533.2849613480585,-2.4334262432326965,1.0199706000001014,1.0422636772046099e-16,8.669234060635381e-18,0.8721610997092532
4.27,attitude_only,5.064249350181429e-17,1.2547974741159587e-16,1.9481582142036347e-15,1.0,0.0,0.0,0.0,1.0,1.0128498700362908e-16,2.5095949482319155e-16,3.896316428407269e-15,0.0,0.0,0.0,-4.76575460751282e-16,8.98750343705402e-16,6.384068486991042e-15,4.666386881650617e-19,-1.3151818673193222e-18,-1.945622226674625e-20,0.034127142,0.034127142,0.008531785500000014,0.008531785499999993,0.008531785499999988,0.008531785500000005,533.2849613480587,533.2849613480581,533.2849613480579,533.2849613480585,-2.521619917541518,1.0199706000001014,1.055807306814258e-16,8.332038969371498e-18,0.8434171535614832
4.28,attitude_only,4.8287426226368253e-17,1.2996685400613785e-16,1.980075892063789e-15,1.0,0.0,0.0,0.0,1.0,9.657485245273702e-17,2.599337080122755e-16,3.960151784127578e-15,0.0,0.0,0.0,-4.680615966953357e-16,8.860687153885476e-16,6.382799640981019e-15,4.611026672648797e-19,-1.3088246004929831e-18,-1.945622226674625e-20,0.034127142,0.034127142,0.008531785500000014,0.008531785499999993,0.008531785499999988,0.008531785500000005,533.2849613480587,533.2849613480581,533.2849613480579,533.2849613480585,-2.609813526004907,1.0199706000001014,1.0695990496108316e-16,7.984488003739628e-18,0.8137912739628992
4.29,attitude_only,4.5915179411262464e-17,1.343300719290622e-16,2.011983419168743e-15,1.0,0.0,0.0,0.0,1.0,9.183035882252547e-17,2.686601438581242e-16,4.023966838337486e-15,0.0,0.0,0.0,-4.791550743718706e-16,8.658482514286032e-16,6.380008185762018e-15,4.7920639122044015e-19,-1.2932185262553357e-18,-1.945622226674625e-20,0.034127142,0.034127142,0.008531785500000014,0.008531785499999993,0.008531785499999988,0.008531785500000005,533.2849613480587,533.2849613480581,533.2849613480579,533.2849613480585,-2.6980070820094952,1.0199706000001014,1.0836364535220116e-16,7.627471855364168e-18,0.7832834609026214
4.3,attitude_only,4.3458245269643175e-17,1.3867999698793226e-16,2.0438905656175543e-15,1.0,0.0,0.0,0.0,1.0,8.691649053928692e-17,2.773599939758643e-16,4.0877811312351086e-15,0.0,0.0,0.0,-4.901597274921883e-16,8.799066683655578e-16,6.380769490484678e-15,4.973135722397433e-19,-1.3188876932633364e-18,-1.945622226674625e-20,0.034127142,0.034127142,0.008531785500000015,0.008531785499999993,0.008531785499999986,0.008531785500000005,533.2849613480588,533.2849613480581,533.2849613480579,533.2849613480585,-2.7862005962165033,1.0199706000001014,1.0979343521398445e-16,7.26199448495876e-18,0.7518937143721767
4.31,attitude_only,4.1035348528312043e-17,1.430880962741985e-16,2.0757964432126153e-15,1.0,0.0,0.0,0.0,1.0,8.207069705662468e-17,2.8617619254839686e-16,4.151592886425231e-15,0.0,0.0,0.0,-4.701249142137199e-16,8.860540619361424e-16,6.3820383311770374e-15,4.779730454477183e-19,-1.3351251061673992e-18,-1.945622226674625e-20,0.034127142,0.034127142,0.008531785500000015,0.008531785499999993,0.008531785499999986,0.008531785500000005,533.2849613480588,533.2849613480581,533.2849613480579,533.2849613480585,-2.8743940771173753,1.0199706000001014,1.112507715972275e-16,6.88781687056783e-18,0.7196220343649659
4.32,attitude_only,3.8724216132425825e-17,1.4741580492960738e-16,2.1077046047164683e-15,1.0,0.0,0.0,0.0,1.0,7.744843226485227e-17,2.948316098592146e-16,4.2154092094329366e-15,0.0,0.0,0.0,-4.476873018746361e-16,8.563525001512552e-16,6.381784561006033e-15,4.555247836595644e-19,-1.3080467570270478e-18,-1.945622226674625e-20,0.034127142,0.034127142,0.008531785500000014,0.008531785499999993,0.008531785499999988,0.008531785500000005,533.2849613480587,533.2849613480581,533.2849613480579,533.2849613480585,-2.9625875314762378,1.0199706000001014,1.1273565007349758e-16,6.504774552176047e-18,0.6864684208758497
4.33,attitude_only,3.6457035778633523e-17,1.5167774976609171e-16,2.139613781289513e-15,1.0,0.0,0.0,0.0,1.0,7.29140715572677e-17,3.033554995321833e-16,4.279227562579026e-15,0.0,0.0,0.0,-4.509138897713438e-16,8.335604969018776e-16,6.382038329345392e-15,4.6390582803332695e-19,-1.289031958096813e-18,-1.945622226674625e-20,0.034127142,0.034127142,0.008531785500000014,0.008531785499999993,0.008531785499999988,0.008531785500000005,533.2849613480587,533.2849613480581,533.2849613480579,533.2849613480585,-3.0507809646814867,1.0199706000001014,1.1424887560378947e-16,6.1136975328809225e-18,0.6524328739008256
4.34,attitude_only,3.4332517327783244e-17,1.557497999851518e-16,2.1715229578600764e-15,1.0,0.0,0.0,0.0,1.0,6.866503465556717e-17,3.1149959997030344e-16,4.343045915720153e-15,0.0,0.0,0.0,-4.1180660583013465e-16,8.043128022792327e-16,6.3812770229683534e-15,4.2109515336217727e-19,-1.2619778525724313e-18,-1.945622226674625e-20,0.034127142,0.034127142,0.008531785500000014,0.008531785499999993,0.008531785499999988,0.008531785500000005,533.2849613480587,533.2849613480581,533.2849613480579,533.2849613480585,-3.1389743810261885,1.0199706000001014,1.1579046563890463e-16,5.714579045063399e-18,0.6175153934367764
4.35,attitude_only,3.229793403072162e-17,1.597624573195732e-16,2.2034259170966057e-15,1.0,0.0,0.0,0.0,1.0,6.459586806144394e-17,3.1952491463914624e-16,4.406851834193211e-15,0.0,0.0,0.0,-4.0011607479982457e-16,8.008975382827086e-16,6.379500641874907e-15,4.110676768738033e-19,-1.2658885111594293e-18,-1.945622226674625e-20,0.034127142,0.034127142,0.008531785500000014,0.008531785499999993,0.008531785499999988,0.008531785500000005,533.2849613480587,533.2849613480581,533.2849613480579,533.2849613480585,-3.227167783930943,1.0199706000001014,1.1736202031926577e-16,5.307964688130526e-18,0.5817159794812744
4.36,attitude_only,3.033637851397105e-17,1.6378898189790954e-16,2.235321263272525e-15,1.0,0.0,0.0,0.0,1.0,6.067275702794283e-17,3.2757796379581893e-16,4.47064252654505e-15,0.0,0.0,0.0,-3.875141329304557e-16,7.929638925709738e-16,6.377470492678438e-15,3.998204879598655e-19,-1.2642977752310578e-18,-1.945622226674625e-20,0.034127142,0.034127142,0.008531785500000014,0.008531785499999993,0.008531785499999988,0.008531785500000005,533.2849613480587,533.2849613480581,533.2849613480579,533.2849613480585,-3.3153611761216766,1.0199706000001014,1.189649438946281e-16,4.894470720917122e-18,0.5450346320324291
4.37,attitude_only,2.84811775395634e-17,1.6768494551854e-16,2.26720518985886e-15,1.0,0.0,0.0,0.0,1.0,5.696235507912757e-17,3.3536989103707987e-16,4.53441037971772e-15,0.0,0.0,0.0,-3.574263850061029e-16,7.778362216282082e-16,6.377470492471639e-15,3.672894543007031e-19,-1.2539229323160212e-18,-1.945622226674625e-20,0.034127142,0.034127142,0.008531785500000014,0.008531785499999993,0.008531785499999988,0.008531785500000005,533.2849613480587,533.2849613480581,533.2849613480579,533.2849613480585,-3.4035545597705776,1.0199706000001014,1.2059902813320487e-16,4.4743088348172446e-18,0.5074713510887681
4.38,attitude_only,2.681382131300306e-17,1.7147282252281434e-16,2.299091019708974e-15,1.0,0.0,0.0,0.0,1.0,5.362764262600691e-17,3.4294564504562853e-16,4.598182039417948e-15,0.0,0.0,0.0,-3.2375052713523283e-16,7.40951990282916e-16,6.376709186493424e-15,3.301159301270113e-19,-1.2170713746044995e-18,-1.945622226674625e-20,0.034127142,0.034127142,0.008531785500000012,0.008531785499999993,0.00853178549999999,0.008531785500000005,533.2849613480587,533.2849613480581,533.284961348058,533.2849613480585,-3.4917479366089488,1.0199706000001014,1.2226524759376847e-16,4.047229358132983e-18,0.46902613664914455
4.39,attitude_only,2.5203880738759282e-17,1.7503605318429254e-16,2.330971266648745e-15,1.0,0.0,0.0,0.0,1.0,5.040776147751938e-17,3.50072106368585e-16,4.66194253329749e-15,0.0,0.0,0.0,-3.1433988213075765e-16,7.007503869690671e-16,6.375694111821331e-15,3.219665549429486e-19,-1.1758369544975712e-18,-1.945622226674625e-20,0.034127142,0.034127142,0.008531785500000012,0.008531785499999993,0.00853178549999999,0.008531785500000005,533.2849613480587,533.2849613480581,533.284961348058,533.2849613480585,-3.5799413080166906,1.0199706000001014,1.2396347126088067e-16,3.6143753782939604e-18,0.4296989887126653
4.4,attitude_only,2.3683973189206427e-17,1.7843933235903373e-16,2.3628496103233495e-15,1.0,0.0,0.0,0.0,1.0,4.73679463784137e-17,3.5687866471806736e-16,4.725699220646699e-15,0.0,0.0,0.0,-3.001799749507447e-16,6.785057796135652e-16,6.376201648957964e-15,3.079764660764407e-19,-1.1559284834671052e-18,-1.945622226674625e-20,0.034127142,0.034127142,0.008531785500000012,0.008531785499999993,0.00853178549999999,0.008531785500000005,533.2849613480587,533.2849613480581,533.284961348058,533.2849613480585,-3.668134675093979,1.0199706000001014,1.2569477939454527e-16,3.175936322919023e-18,0.38948990727863486
4.41,attitude_only,2.214578863687625e-17,1.8165760659084107e-16,2.3947303647994085e-15,1.0,0.0,0.0,0.0,1.0,4.429157727375337e-17,3.6331521318168205e-16,4.789460729598817e-15,0.0,0.0,0.0,-3.0943987294436907e-16,6.228656880651962e-16,6.376455417518894e-15,3.2218274239823356e-19,-1.0953890304897143e-18,-1.945622226674625e-20,0.034127142,0.034127142,0.008531785500000012,0.008531785499999993,0.00853178549999999,0.008531785500000005,533.2849613480587,533.2849613480581,533.284961348058,533.2849613480585,-3.756328038717667,1.0199706000001014,1.2745984653804668e-16,2.7328690155987823e-18,0.34839889234651156
4.42,attitude_only,2.071583790873113e-17,1.846710095525717e-16,2.4266135300766307e-15,1.0,0.0,0.0,0.0,1.0,4.1431675817463155e-17,3.693420191051433e-16,4.853227060153261e-15,0.0,0.0,0.0,-2.767797859291194e-16,5.911458993072024e-16,6.376962954611214e-15,2.8575843583922513e-19,-1.0632367429731936e-18,-1.945622226674625e-20,0.034127142,0.034127142,0.00853178550000001,0.008531785499999993,0.00853178549999999,0.008531785500000005,533.2849613480586,533.2849613480581,533.284961348058,533.2849613480585,-3.8445213995869136,1.0199706000001014,1.2925897082368686e-16,2.284819309264806e-18,0.30642594391587347
4.43,attitude_only,1.9345390080171555e-17,1.875690042460134e-16,2.458504181528025e-15,1.0,0.0,0.0,0.0,1.0,3.8690780160344035e-17,3.751380084920267e-16,4.91700836305605e-15,0.0,0.0,0.0,-2.6341732671183215e-16,5.700205696718097e-16,6.377724260441719e-15,2.7235765804559866e-19,-1.0435865531074404e-18,-1.945622226674625e-20,0.034127142,0.034127142,0.00853178550000001,0.008531785499999993,0.008531785499999991,0.008531785500000005,533.2849613480586,533.2849613480581,533.284961348058,533.2849613480585,-3.932714758259174,1.0199706000001014,1.3109341558272394e-16,1.8321979646276438e-18,0.26357106198639224
4.44,attitude_only,1.870592768227648e-17,1.9426536386701134e-16,2.4903958480537586e-15,1.0,0.0,0.0,0.0,1.0,3.741185536455393e-17,3.885307277340226e-16,4.980791696107517e-15,0.0,0.0,0.0,9.17910670716446e-16,8.332288782021016e-15,6.3782317976595964e-15,-1.1544150455755e-18,-1.0441631295746704e-17,-1.945622226674625e-20,0.034127142,0.034127142,0.008531785500000073,0.00853178549999991,0.008531785499999929,0.008531785500000088,533.2849613480605,533.2849613480555,533.2849613480561,533.2849613480611,-4.020908115178888,1.0199706000001014,1.3296394157329758e-16,1.3747317118071275e-18,0.21983424655781186
4.444,zero_thrust,2.44522611433417e-17,2.4607950977073896e-16,2.5222876414636303e-15,1.0,0.0,0.0,0.0,1.0,4.8904522286684637e-17,4.921590195414778e-16,5.0445752829272606e-15,0.0,0.0,0.0,1.3525366803557211e-15,1.2017319388334371e-14,6.378485566294386e-15,0.0,0.0,0.0,0.0,0.0,0.0,0.0,0.0,0.0,0.0,0.0,0.0,0.0,-5.0155708034644215,1.0199706000001014,1.3802599825405824e-16,6.1413065201477815e-19,0.1838573603313896
4.46,zero_thrust,3.1857020553756507e-17,3.117318982251758e-16,2.5541602079343117e-15,1.0,0.0,0.0,0.0,1.0,6.37140411075146e-17,6.234637964503514e-16,5.1083204158686235e-15,0.0,0.0,0.0,1.5071615167378372e-15,1.3392519555395688e-14,6.371292811555829e-15,0.0,0.0,0.0,0.0,0.0,0.0,0.0,0.0,0.0,0.0,0.0,0.0,0.0,-4.114541327734399,1.0199706000001014,1.570485233496643e-16,-1.5854089000540176e-18,0.1756905855343607
4.47,zero_thrust,3.8678279891239823e-17,3.731718411835673e-16,2.58612795350358e-15,1.0,0.0,0.0,0.0,1.0,7.735655978248158e-17,7.463436823671344e-16,5.17225590700716e-15,0.0,0.0,0.0,1.2179050964469831e-15,1.098204524991792e-14,6.404845783236609e-15,0.0,0.0,0.0,0.0,0.0,0.0,0.0,0.0,0.0,0.0,0.0,0.0,0.0,-2.8522225989202,1.0199706000001014,1.949584482833409e-16,-5.677241102195249e-18,0.19766110869772618
4.48,zero_thrust,4.409482659738551e-17,4.2095311403274436e-16,2.6181174161167968e-15,1.0,0.0,0.0,0.0,1.0,8.818965319477323e-17,8.419062280654885e-16,5.2362348322335936e-15,0.0,0.0,0.0,1.0631036239130339e-15,9.110028689501356e-15,6.394627630551506e-15,0.0,0.0,0.0,0.0,0.0,0.0,0.0,0.0,0.0,0.0,0.0,0.0,0.0,-1.504560934788255,1.0199706000001014,2.457264026193639e-16,-1.1088716857716095e-17,0.23652196591512406
4.49,zero_thrust,4.9296838606544994e-17,4.661859278395248e-16,2.6500744776300272e-15,1.0,0.0,0.0,0.0,1.0,9.859367721309245e-17,9.323718556790494e-16,5.3001489552600544e-15,0.0,0.0,0.0,1.026114931042938e-15,9.005877616242408e-15,6.389302454355892e-15,0.0,0.0,0.0,0.0,0.0,0.0,0.0,0.0,0.0,0.0,0.0,0.0,0.0,-0.4299350993095541,1.0199706000001014,2.971239479794549e-16,-1.6563323733483065e-17,0.2752076483411757
4.5,hover,5.439056735865202e-17,5.110079769638834e-16,2.6820170128714836e-15,1.0,0.0,0.0,0.0,1.0,1.0878113471730677e-16,1.0220159539277666e-15,5.364034025742967e-15,0.0,0.0,0.0,1.004052516970498e-15,8.951141380429939e-15,6.3882160073882096e-15,-1.267825786250067e-18,-1.1273765827641707e-17,-7.749197591206478e-18,0.34127141999999994,0.34127141999999994,0.08531785500000039,0.08531785499999957,0.08531785500000023,0.08531785499999976,1686.3951197747263,1686.395119774718,1686.3951197747247,1686.3951197747201,2.170813439080662,1.0199706000001014,3.4853288140564713e-16,-2.2038647710583408e-17,0.31292907111910173
4.51,hover,5.93002809351619e-17,5.555241718646876e-16,2.7089465886233803e-15,1.0,0.0,0.0,0.0,1.0,1.186005618703268e-16,1.1110483437293747e-15,5.417893177246761e-15,0.0,0.0,0.0,9.683972994235697e-16,8.833115345988667e-15,3.916862401568092e-15,-1.2347234981879888e-18,-1.1220465739772066e-17,-4.822741888238017e-18,0.34127141999999994,0.34127141999999994,0.08531785500000026,0.08531785499999969,0.08531785500000011,0.08531785499999987,1686.395119774725,1686.3951197747194,1686.3951197747235,1686.395119774721,2.169067979846936,1.0199706000001014,3.999543500201831e-16,-2.7514276277881247e-17,0.3496845355486051
4.52,hover,6.404352350213885e-17,5.986681722499013e-16,2.7223493663169775e-15,1.0,0.0,0.0,0.0,1.0,1.2808704700428096e-16,1.1973363444998021e-15,5.444698732633955e-15,0.0,0.0,0.0,9.15372602282714e-16,8.453074556521191e-15,1.9092987317661143e-15,-1.1802475876417889e-18,-1.0848947537976306e-17,-2.4327584717933047e-18,0.34127141999999994,0.34127141999999994,0.08531785500000016,0.08531785499999979,0.08531785500000001,0.08531785499999997,1686.395119774724,1686.3951197747203,1686.3951197747224,1686.395119774722,2.4530508320972793,1.0199706000001014,4.514960278054587e-16,-3.3002567200359444e-17,0.38557435795959405
4.53,hover,6.836055516131073e-17,6.393229455069215e-16,2.7272645189487817e-15,1.0,0.0,0.0,0.0,1.0,1.3672111032262493e-16,1.2786458910138426e-15,5.4545290378975635e-15,0.0,0.0,0.0,7.787993568902473e-16,7.882320121699725e-15,1.7794636039038947e-16,-1.024147686739732e-18,-1.0242865417407547e-17,-3.569150897463392e-19,0.34127141999999994,0.34127141999999994,0.08531785500000007,0.08531785499999989,0.08531785499999993,0.08531785500000005,1686.395119774723,1686.3951197747213,1686.3951197747217,1686.3951197747228,2.6674196336702307,1.0199706000001014,5.034273512587734e-16,-3.8531645393117073e-17,0.42082330635921367
4.54,hover,7.18919337487727e-17,6.774529344338802e-16,2.7256894237569887e-15,1.0,0.0,0.0,0.0,1.0,1.437838674975491e-16,1.35490586886776e-15,5.4513788475139775e-15,0.0,0.0,0.0,6.750292780504067e-16,7.24492999809625e-15,8.381330733482334e-18,-9.06373884912427e-19,-9.550446569064339e-18,-1.5352086746538545e-19,0.34127141999999994,0.34127141999999994,0.08531785500000005,0.0853178549999999,0.08531785499999993,0.08531785500000005,1686.3951197747228,1686.3951197747213,1686.3951197747217,1686.3951197747228,2.830293361926577,1.0199706000001014,5.560411117789208e-16,-4.4129916115072884e-17,0.4556411891087325
4.55,hover,7.515378092981478e-17,7.085589255916665e-16,2.7261410676274645e-15,1.0,0.0,0.0,0.0,1.0,1.5030756185963342e-16,1.4171178511833326e-15,5.452282135254929e-15,0.0,0.0,0.0,6.366132637707049e-16,5.160984126904648e-15,2.161861215448971e-16,-8.666408004144918e-19,-7.101321364903463e-18,-4.050484776545321e-19,0.34127141999999994,0.34127141999999994,0.08531785500000005,0.0853178549999999,0.08531785499999996,0.08531785500000003,1686.3951197747228,1686.3951197747213,1686.395119774722,1686.3951197747226,2.9550549244522313,1.0199706000001014,6.095594158674649e-16,-4.982681604194829e-17,0.49018220085428027
4.5600000000000005,hover,7.844057353324148e-17,7.266913899426726e-16,2.72723239085381e-15,1.0,0.0,0.0,0.0,1.0,1.5688114706648693e-16,1.4533827798853448e-15,5.45446478170762e-15,0.0,0.0,0.0,6.98826535214498e-16,2.2400911993753762e-15,2.599136294266727e-16,-9.482849914991889e-19,-3.618650763862092e-18,-4.601206234069297e-19,0.34127141999999994,0.34127141999999994,0.08531785500000003,0.08531785499999993,0.08531785499999998,0.085317855,1686.3951197747226,1686.3951197747217,1686.3951197747222,1686.3951197747224,3.051395439342086,1.0199706000001014,6.641282371637379e-16,-5.564431655586232e-17,0.5245497758432976
4.57,hover,8.275238327367588e-17,7.278084263068317e-16,2.7282853176961732e-15,1.0,0.0,0.0,0.0,1.0,1.6550476654735573e-16,1.455616852613663e-15,5.4565706353923464e-15,0.0,0.0,0.0,1.004362489257396e-15,-1.4176724723615478e-15,8.342547420197058e-17,-1.3249717612432404e-18,7.848423669458314e-19,-2.4916909187930684e-19,0.34127141999999994,0.34127141999999994,0.08531785499999998,0.08531785499999997,0.08531785500000001,0.08531785499999998,1686.3951197747222,1686.395119774722,1686.3951197747224,1686.3951197747222,3.126326754111394,1.0199706000001014,7.198458423962095e-16,-6.160460101662043e-17,0.5588102959751832
4.58,hover,8.741551716364018e-17,7.113956855893188e-16,2.7257154935681402e-15,1.0,0.0,0.0,0.0,1.0,1.7483103432728423e-16,1.4227913711786372e-15,5.4514309871362804e-15,0.0,0.0,0.0,7.370327102589914e-16,-4.622449261987246e-15,-1.3244531730858338e-15,-1.0115463535477447e-18,4.67679900711654e-18,1.4535298165969162e-18,0.34127141999999994,0.34127141999999994,0.08531785499999987,0.08531785500000007,0.08531785499999997,0.08531785500000001,1686.395119774721,1686.395119774723,1686.395119774722,1686.3951197747224,3.1849627866460697,1.0199706000001014,7.767697360244883e-16,-6.77199478968109e-17,0.5930053651430301
4.591,attitude_only,8.624585174911499e-17,6.459961819691685e-16,2.7321445427761138e-15,1.0,0.0,0.0,0.0,1.0,1.724917034982335e-16,1.2919923639383367e-15,5.4642890855522275e-15,0.0,0.0,0.0,-7.047563631623719e-16,-7.725443368425404e-15,3.072797192470068e-15,7.263528545526774e-19,8.48537181189501e-18,-1.3581399110608413e-19,0.034127142,0.034127142,0.008531785499999946,0.008531785500000066,0.008531785500000066,0.008531785499999923,533.2849613480566,533.2849613480603,533.2849613480603,533.2849613480558,4.824993272892206,1.0199706000001014,8.349415443180565e-16,-7.397753893796541e-17,0.6271607107966617
4.61,attitude_only,8.216108456225352e-17,6.062163458690367e-16,2.7518952596010814e-15,1.0,0.0,0.0,0.0,1.0,1.6432216912451036e-16,1.212432691738073e-15,5.503790519202163e-15,0.0,0.0,0.0,-8.504457648272172e-16,-7.839380911688717e-15,4.229395822773869e-15,9.17338606082209e-19,8.771045101133071e-18,-1.3581399110608413e-19,0.034127142,0.034127142,0.008531785499999944,0.00853178550000007,0.008531785500000066,0.00853178549999992,533.2849613480565,533.2849613480604,533.2849613480603,533.2849613480558,4.010697406991131,1.0199706000001014,9.550021895996333e-16,-8.692692748348235e-17,0.695391708269552
4.62,attitude_only,7.733588733532159e-17,5.708993335049816e-16,2.7726853607117412e-15,1.0,0.0,0.0,0.0,1.0,1.5467177467064634e-16,1.1417986670099627e-15,5.5453707214234824e-15,0.0,0.0,0.0,-1.1575773955608916e-15,-6.287586062340875e-15,4.010536235809528e-15,1.2974723369182269e-18,6.97176714253907e-18,-1.3581399110608413e-19,0.034127142,0.034127142,0.008531785499999962,0.008531785500000057,0.008531785500000048,0.00853178549999993,533.2849613480571,533.28496134806,533.2849613480598,533.2849613480561,3.8864450691730776,1.0199706000001014,1.0166093715259959e-15,-9.360114499995184e-17,0.7292860654485599
4.63,attitude_only,7.07854735416604e-17,5.452411608431842e-16,2.793135594247992e-15,1.0,0.0,0.0,0.0,1.0,1.4157094708332385e-16,1.090482321686368e-15,5.586271188495984e-15,0.0,0.0,0.0,-1.4132565753241881e-15,-4.2899188101026256e-15,4.1243038868925874e-15,1.6184199183874244e-18,4.617465627954196e-18,-1.3581399110608413e-19,0.034127142,0.034127142,0.008531785499999982,0.008531785500000041,0.00853178550000003,0.008531785499999946,533.2849613480578,533.2849613480596,533.2849613480593,533.2849613480566,3.778851463873457,1.0199706000001014,1.0789397322107152e-15,-1.0035220097476069e-16,0.7627708358753089
4.64,attitude_only,6.313379118414679e-17,5.278397850174457e-16,2.813468340836607e-15,1.0,0.0,0.0,0.0,1.0,1.2626758236829654e-16,1.055679570034891e-15,5.626936681673214e-15,0.0,0.0,0.0,-1.6395802128613311e-15,-2.858317999349843e-15,4.046563451679477e-15,1.906404085560609e-18,2.928127835044355e-18,-1.3581399110608413e-19,0.034127142,0.034127142,0.008531785499999998,0.008531785500000031,0.008531785500000014,0.008531785499999956,533.2849613480582,533.2849613480593,533.2849613480587,533.284961348057,3.681818904695807,1.0199706000001014,1.1418039787081714e-15,-1.0715747368998686e-16,0.7957077225551632
4.65,attitude_only,5.441092549986505e-17,5.171121510565962e-16,2.8326255478410534e-15,1.0,0.0,0.0,0.0,1.0,1.0882185099973304e-16,1.034224302113192e-15,5.665251095682107e-15,0.0,0.0,0.0,-1.7759025540553835e-15,-1.5906817639005412e-15,3.487392195195595e-15,2.0877499205340265e-18,1.4228711701441993e-18,-1.3581399110608413e-19,0.034127142,0.034127142,0.00853178550000001,0.00853178550000002,0.0085317855,0.008531785499999967,533.2849613480586,533.2849613480589,533.2849613480583,533.2849613480572,3.591347163783789,1.0199706000001014,1.205073448364175e-15,-1.1399831875731223e-16,0.8280023245565197
4.66,attitude_only,4.599534632593268e-17,5.123631737613463e-16,2.8481272454173343e-15,1.0,0.0,0.0,0.0,1.0,9.199069265186829e-17,1.0247263475226924e-15,5.696254490834669e-15,0.0,0.0,0.0,-1.5762627589173917e-15,-4.145570471136729e-16,2.7678272661214206e-15,1.8639447939576102e-18,1.5667080471093668e-20,-1.3581399110608413e-19,0.034127142,0.034127142,0.008531785500000019,0.008531785500000008,0.008531785499999991,0.008531785499999979,533.2849613480589,533.2849613480586,533.284961348058,533.2849613480577,3.5048150834008673,1.0199706000001014,1.2686672466367417e-15,-1.2087040987710758e-16,0.8595891921752108
4.67,attitude_only,3.9099252873620027e-17,5.132620669892718e-16,2.8601915377942117e-15,1.0,0.0,0.0,0.0,1.0,7.819850574724299e-17,1.0265241339785435e-15,5.7203830755884235e-15,0.0,0.0,0.0,-1.1876543286351625e-15,6.708023903344266e-16,2.095847921204773e-15,1.4094912209052865e-18,-1.2934722683699695e-18,-1.3581399110608413e-19,0.034127142,0.034127142,0.008531785500000026,0.008531785499999995,0.008531785499999984,0.008531785499999993,533.2849613480591,533.2849613480581,533.2849613480578,533.2849613480581,3.420513177631877,1.0199706000001014,1.332532757205038e-15,-1.2777372958104189e-16,0.8904222477207693
4.68,attitude_only,3.457045107303132e-17,5.192022239024253e-16,2.871619447824904e-15,1.0,0.0,0.0,0.0,1.0,6.914090214606562e-17,1.0384044478048504e-15,5.743238895649808e-15,0.0,0.0,0.0,-6.515264451814452e-16,1.5422168428504807e-15,2.6206652487543296e-15,7.726530252126402e-19,-2.354591779817739e-18,-1.3581399110608413e-19,0.034127142,0.034127142,0.00853178550000003,0.008531785499999982,0.00853178549999998,0.008531785500000007,533.2849613480593,533.2849613480578,533.2849613480577,533.2849613480586,3.3373370791084493,1.0199706000001014,1.3966324793791415e-15,-1.3470847371780333e-16,0.920468574570916
4.69,attitude_only,3.292938848770322e-17,5.281785672178232e-16,2.885813432009642e-15,1.0,0.0,0.0,0.0,1.0,6.585877697540948e-17,1.0563571344356461e-15,5.771626864019284e-15,0.0,0.0,0.0,-7.823026828326361e-17,1.9061632107043684e-15,2.8912718289732062e-15,8.547991561765496e-20,-2.810389053349449e-18,-1.3581399110608413e-19,0.034127142,0.034127142,0.008531785500000028,0.008531785499999974,0.008531785499999982,0.008531785500000015,533.2849613480591,533.2849613480574,533.2849613480578,533.2849613480588,3.2545849289408078,1.0199706000001014,1.4609308062177529e-15,-1.41675101324279e-16,0.9497043378536204
4.7,attitude_only,3.367943088479739e-17,5.374707425907707e-16,2.900723280661291e-15,1.0,0.0,0.0,0.0,1.0,6.73588617695979e-17,1.0749414851815412e-15,5.801446561322582e-15,0.0,0.0,0.0,3.210086467247478e-16,1.7595148427748853e-15,3.1095564713743395e-15,-3.968168688592061e-19,-2.6520061602618176e-18,-1.3581399110608413e-19,0.034127142,0.034127142,0.008531785500000022,0.00853178549999997,0.008531785499999988,0.008531785500000017,533.284961348059,533.2849613480573,533.2849613480579,533.2849613480588,3.1718225277326435,1.0199706000001014,1.52539331196589e-15,-1.4866904663293017e-16,0.9781120670826197
4.71,attitude_only,3.611854288847671e-17,5.452508065933338e-16,2.914823026475704e-15,1.0,0.0,0.0,0.0,1.0,7.22370857769566e-17,1.0905016131866675e-15,5.829646052951408e-15,0.0,0.0,0.0,5.923199176944428e-16,1.3602026262326577e-15,2.45967482335877e-15,-7.283135931997844e-19,-2.186433526673471e-18,-1.3581399110608413e-19,0.034127142,0.034127142,0.008531785500000017,0.008531785499999972,0.008531785499999995,0.008531785500000017,533.2849613480588,533.2849613480574,533.2849613480581,533.2849613480588,3.088793053339886,1.0199706000001014,1.5899953124848383e-15,-1.556845358546882e-16,1.0056788186403076
4.72,attitude_only,3.908762975696601e-17,5.508886835529128e-16,2.9251032876812455e-15,1.0,0.0,0.0,0.0,1.0,7.817525951393524e-17,1.1017773671058253e-15,5.850206575362491e-15,0.0,0.0,0.0,5.476273136161233e-16,9.228484189491038e-16,1.793225850369762e-15,-6.80158741441962e-19,-1.6708369621226973e-18,-1.3581399110608413e-19,0.034127142,0.034127142,0.008531785500000014,0.008531785499999976,0.008531785499999998,0.008531785500000012,533.2849613480587,533.2849613480575,533.2849613480582,533.2849613480587,3.005356345857779,1.0199706000001014,1.6547233566943184e-15,-1.6271408353487402e-16,1.032394913799603
4.73,attitude_only,4.136527874355468e-17,5.539342590672984e-16,2.932049296672289e-15,1.0,0.0,0.0,0.0,1.0,8.273055748711261e-17,1.1078685181345967e-15,5.864098593344578e-15,0.0,0.0,0.0,3.414578015555758e-16,3.2103112701776125e-16,1.0592625251225942e-15,-4.361699049848611e-19,-9.518665230752641e-19,-1.3581399110608413e-19,0.034127142,0.034127142,0.00853178550000001,0.008531785499999984,0.008531785500000002,0.008531785500000005,533.2849613480586,533.2849613480578,533.2849613480583,533.2849613480585,2.9214479696457984,1.0199706000001014,1.7195682449788532e-15,-1.6974884001098455e-16,1.058253058447581
4.74,attitude_only,4.218143529907632e-17,5.536562350259557e-16,2.935877907173173e-15,1.0,0.0,0.0,0.0,1.0,8.43628705981559e-17,1.1073124700519112e-15,5.871755814346346e-15,0.0,0.0,0.0,-7.10335650682597e-18,-3.5089714239574125e-16,5.592381949350105e-16,-1.782548174491075e-20,-1.4204362835510375e-19,-1.3581399110608413e-19,0.034127142,0.034127142,0.008531785500000007,0.008531785499999993,0.008531785500000005,0.008531785499999995,533.2849613480586,533.2849613480581,533.2849613480585,533.2849613480581,2.8370516013091853,1.0199706000001014,1.7845192436699452e-15,-1.7678349724882417e-16,1.083247719727208
4.75,attitude_only,4.109631256212033e-17,5.500365965678821e-16,2.938408805344061e-15,1.0,0.0,0.0,0.0,1.0,8.219262512424389e-17,1.100073193135764e-15,5.876817610688122e-15,0.0,0.0,0.0,-3.8649699250368873e-16,-1.0106173437539647e-15,6.254777563168596e-16,4.413118513763613e-19,6.597267867123038e-19,-1.3581399110608413e-19,0.034127142,0.034127142,0.008531785500000003,0.008531785500000003,0.008531785500000007,0.008531785499999986,533.2849613480585,533.2849613480585,533.2849613480586,533.2849613480579,2.752180452356039,1.0199706000001014,1.8495712896101583e-15,-1.8381447844946064e-16,1.107374678292642
4.76,attitude_only,3.8432683942559006e-17,5.434331209847213e-16,2.9423381548061476e-15,1.0,0.0,0.0,0.0,1.0,7.68653678851212e-17,1.0868662419694425e-15,5.884676309612295e-15,0.0,0.0,0.0,-6.528452868281668e-16,-1.5479522772234954e-15,9.583528152966584e-16,7.674582574340165e-19,1.320008229647975e-18,-1.3581399110608413e-19,0.034127142,0.034127142,0.008531785500000002,0.00853178550000001,0.00853178550000001,0.008531785499999977,533.2849613480583,533.2849613480586,533.2849613480586,533.2849613480575,2.666864845792536,1.0199706000001014,1.914722200442578e-15,-1.9084306817913146e-16,1.1306307024880267
4.77,attitude_only,3.4910775207025124e-17,5.346729480427492e-16,2.9470479973365567e-15,1.0,0.0,0.0,0.0,1.0,6.98215504140534e-17,1.0693458960854981e-15,5.8940959946731134e-15,0.0,0.0,0.0,-7.097117422610362e-16,-1.876364029626394e-15,7.644530091818076e-16,8.4279512137607e-19,1.7328659728277172e-18,-1.3581399110608413e-19,0.034127142,0.034127142,0.008531785499999998,0.008531785500000014,0.008531785500000012,0.008531785499999974,533.2849613480582,533.2849613480587,533.2849613480587,533.2849613480574,2.581143996408265,1.0199706000001014,1.9799733572383832e-15,-1.9787320650321068e-16,1.15301330847674
4.78,attitude_only,3.1528849565110377e-17,5.250882277713618e-16,2.9487998851517624e-15,1.0,0.0,0.0,0.0,1.0,6.305769913022385e-17,1.0501764555427234e-15,5.897599770303525e-15,0.0,0.0,0.0,-6.045338748006876e-16,-1.912708364169923e-15,2.6591460667831665e-17,7.22627019171659e-19,1.795606257921652e-18,-1.3581399110608413e-19,0.034127142,0.034127142,0.008531785499999998,0.008531785500000014,0.008531785500000014,0.008531785499999976,533.2849613480582,533.2849613480587,533.2849613480587,533.2849613480575,2.4950606645507962,1.0199706000001014,2.0453298753251886e-15,-2.0491114059926093e-16,1.1745205818479487
4.79,attitude_only,2.897010854580149e-17,5.157611002540032e-16,2.9473438640767685e-15,1.0,0.0,0.0,0.0,1.0,5.794021709160603e-17,1.0315222005080062e-15,5.894687728153537e-15,0.0,0.0,0.0,-4.141564573538316e-16,-1.8136753639819103e-15,-5.527650585817307e-16,4.9831568280897e-19,1.6949034113358558e-18,-1.3581399110608413e-19,0.034127142,0.034127142,0.008531785499999996,0.00853178550000001,0.008531785500000015,0.008531785499999977,533.2849613480582,533.2849613480586,533.2849613480588,533.2849613480575,2.4086577704711183,1.0199706000001014,2.110796286165294e-15,-2.119610881346177e-16,1.1951510437894723
4.8,attitude_only,2.7693596051571104e-17,5.073533570256693e-16,2.943435341877745e-15,1.0,0.0,0.0,0.0,1.0,5.53871921031452e-17,1.0147067140513384e-15,5.88687068375549e-15,0.0,0.0,0.0,-1.0706261336840394e-16,-1.5531887647416363e-15,-9.454601255102502e-16,1.308736961601409e-19,1.3978513798949431e-18,-1.3581399110608413e-19,0.034127142,0.034127142,0.008531785499999996,0.008531785500000007,0.008531785500000015,0.008531785499999982,533.2849613480582,533.2849613480586,533.2849613480588,533.2849613480578,2.3219763397863957,1.0199706000001014,2.1763739919148778e-15,-2.1902552239444257e-16,1.214903549959947
4.8100000000000005,attitude_only,2.828860248718671e-17,5.006845560724031e-16,2.9375534844785065e-15,1.0,0.0,0.0,0.0,1.0,5.657720497437637e-17,1.001369112144806e-15,5.875106968957013e-15,0.0,0.0,0.0,3.394033890365695e-16,-1.1371504628012793e-15,-1.42646816427033e-15,-4.082795406161931e-19,9.099769221945286e-19,-1.3581399110608413e-19,0.034127142,0.034127142,0.008531785499999995,0.008531785499999998,0.008531785500000015,0.008531785499999991,533.2849613480581,533.2849613480582,533.2849613480588,533.284961348058,2.235054344804355,1.0199706000001014,2.242066081656571e-15,-2.2610812986013164e-16,1.2337772136087102
4.82,attitude_only,3.13564161366588e-17,4.962781751679023e-16,2.930420060865546e-15,1.0,0.0,0.0,0.0,1.0,6.27128322733205e-17,9.925563503358044e-16,5.860840121731092e-15,0.0,0.0,0.0,8.130364904906955e-16,-6.740920441892166e-16,-1.2634706371432076e-15,-9.84769627266051e-19,3.6104774030194523e-19,-1.3581399110608413e-19,0.034127142,0.034127142,0.008531785499999995,0.00853178549999999,0.008531785500000015,0.0085317855,533.2849613480581,533.284961348058,533.2849613480588,533.2849613480583,2.147926140484752,1.0199706000001014,2.307874501422887e-15,-2.332135311696643e-16,1.2517713468407732
4.83,attitude_only,3.6578736826668625e-17,4.938256258667241e-16,2.9246713166079498e-15,1.0,0.0,0.0,0.0,1.0,7.315747365334013e-17,9.87651251733448e-16,5.8493426332158996e-15,0.0,0.0,0.0,1.2136637884204196e-15,-3.49862572834691e-16,-1.109641245410567e-15,-1.4776590226659238e-18,-2.4528999595138656e-20,-1.3581399110608413e-19,0.034127142,0.034127142,0.008531785499999995,0.008531785499999982,0.008531785500000017,0.008531785500000005,533.2849613480581,533.2849613480578,533.2849613480588,533.2849613480585,2.060622286870991,1.0199706000001014,2.3737962847545407e-15,-2.403403896266503e-16,1.2688854155649323
4.84,attitude_only,4.3528912002430804e-17,4.92791047903808e-16,2.918240706468137e-15,1.0,0.0,0.0,0.0,1.0,8.705782400486448e-17,9.855820958076158e-16,5.836481412936274e-15,0.0,0.0,0.0,1.4906021983014206e-15,-1.2271531322606384e-16,-1.3743407039292977e-15,-1.824891136506139e-18,-2.9587855799323064e-19,-1.3581399110608413e-19,0.034127142,0.034127142,0.008531785499999993,0.008531785499999977,0.008531785500000017,0.00853178550000001,533.2849613480581,533.2849613480575,533.2849613480588,533.2849613480586,1.9731696147268394,1.0199706000001014,2.4398266177791284e-15,-2.4748688245266364e-16,1.2851190048264343
4.85,attitude_only,5.1207973305947545e-17,4.922001105087498e-16,2.911168065120828e-15,1.0,0.0,0.0,0.0,1.0,1.0241594661189795e-16,9.844002210174992e-16,5.822336130241656e-15,0.0,0.0,0.0,1.5421741927346297e-15,-1.5025257022184633e-16,-1.491671462423307e-15,-1.902199271753336e-18,-2.613313238960732e-19,-1.3581399110608413e-19,0.034127142,0.034127142,0.008531785499999993,0.008531785499999977,0.008531785500000019,0.00853178550000001,533.2849613480581,533.2849613480575,533.2849613480589,533.2849613480586,1.8855914364974182,1.0199706000001014,2.5059587106789162e-15,-2.546477285048308e-16,1.3004717920622326
4.86,attitude_only,5.859595259189926e-17,4.910528900865465e-16,2.9024473773688792e-15,1.0,0.0,0.0,0.0,1.0,1.1719190518380138e-16,9.821057801730925e-16,5.8048947547377585e-15,0.0,0.0,0.0,1.4029142811044914e-15,-3.2166407410154594e-16,-1.9805805901057032e-15,-1.749116520608216e-18,-5.2420878499418006e-20,-1.3581399110608413e-19,0.034127142,0.034127142,0.008531785499999993,0.00853178549999998,0.008531785500000019,0.008531785500000008,533.2849613480581,533.2849613480577,533.2849613480589,533.2849613480586,1.7979078364801604,1.0199706000001014,2.572184845543511e-15,-2.6181719129166334e-16,1.3149435264263436
4.87,attitude_only,6.478156910163253e-17,4.885353131713366e-16,2.8910389165619796e-15,1.0,0.0,0.0,0.0,1.0,1.295631382032679e-16,9.770706263426728e-16,5.782077833123959e-15,0.0,0.0,0.0,1.080546272024536e-15,-6.62900127083242e-16,-2.4322289112718346e-15,-1.3730803724325145e-18,3.636913863494495e-19,-1.3581399110608413e-19,0.034127142,0.034127142,0.008531785499999993,0.008531785499999986,0.008531785500000019,0.008531785500000002,533.2849613480581,533.2849613480579,533.2849613480589,533.2849613480583,1.7101359962958989,1.0199706000001014,2.638499037189896e-15,-2.6899034569290416e-16,1.3285340127819318
4.88,attitude_only,6.973764781273282e-17,4.829603960993048e-16,2.8762222801398698e-15,1.0,0.0,0.0,0.0,1.0,1.3947529562546842e-16,9.659207921986092e-16,5.7524445602797396e-15,0.0,0.0,0.0,6.141937999897427e-16,-1.1533287519691895e-15,-2.2857826317351605e-15,-8.195993439906597e-19,9.63739023732278e-19,-1.3581399110608413e-19,0.034127142,0.034127142,0.008531785499999991,0.008531785499999995,0.008531785500000019,0.008531785499999993,533.284961348058,533.2849613480581,533.2849613480589,533.2849613480581,1.6222905272192478,1.0199706000001014,2.7048964809851213e-15,-2.7616341766845583e-16,1.341243099291058
4.89,attitude_only,7.162705171053476e-17,4.777457508382358e-16,2.8677194273169516e-15,1.0,0.0,0.0,0.0,1.0,1.4325410342107225e-16,9.554915016764712e-16,5.735438854633903e-15,0.0,0.0,0.0,3.649892114467004e-16,-1.4045615696409285e-15,-1.9233972574785538e-15,-5.24203729853476e-19,1.279264020634774e-18,-1.3581399110608413e-19,0.034127142,0.034127142,0.008531785499999991,0.0085317855,0.008531785500000019,0.008531785499999988,533.284961348058,533.2849613480583,533.2849613480589,533.2849613480579,1.5343837916334824,1.0199706000001014,2.7713757816543782e-15,-2.833372617310741e-16,1.353070667783963
4.9,attitude_only,7.273784269655043e-17,4.70084327711395e-16,2.858566427185544e-15,1.0,0.0,0.0,0.0,1.0,1.4547568539310355e-16,9.401686554227897e-16,5.717132854371088e-15,0.0,0.0,0.0,1.1574135331002926e-16,-1.642510377481496e-15,-1.7606176114174429e-15,-2.2626371362257104e-19,1.581227693818271e-18,-1.3581399110608413e-19,0.034127142,0.034127142,0.008531785499999991,0.008531785500000005,0.008531785500000019,0.008531785499999984,533.284961348058,533.2849613480585,533.2849613480589,533.2849613480578,1.4464262032181152,1.0199706000001014,2.8379397694637704e-15,-2.9051505649497645e-16,1.3640166262795292
4.91,attitude_only,7.270475372767451e-17,4.612373641842926e-16,2.848588993870806e-15,1.0,0.0,0.0,0.0,1.0,1.4540950745535165e-16,9.224747283685849e-16,5.697177987741612e-15,0.0,0.0,0.0,-8.102325943688741e-17,-1.8475109882485144e-15,-2.1690694972155526e-15,1.0664054268097812e-20,1.8457035366211777e-18,-1.3581399110608413e-19,0.034127142,0.034127142,0.008531785499999991,0.008531785500000008,0.008531785500000019,0.00853178549999998,533.284961348058,533.2849613480586,533.2849613480589,533.2849613480577,1.3584265004411655,1.0199706000001014,2.9045879756672305e-15,-2.9769898711841883e-16,1.3740809031728627
4.92,attitude_only,7.226019110534118e-17,4.519290822822598e-16,2.8353225132068356e-15,1.0,0.0,0.0,0.0,1.0,1.4452038221068493e-16,9.038581645645192e-16,5.670645026413671e-15,0.0,0.0,0.0,-6.076973176294369e-17,-1.844265437901593e-15,-3.062543423882413e-15,-1.303248162300522e-20,1.8602515305838875e-18,-1.3581399110608413e-19,0.034127142,0.034127142,0.008531785499999991,0.008531785500000008,0.00853178550000002,0.00853178549999998,533.284961348058,533.2849613480586,533.2849613480589,533.2849613480577,1.2703919912208383,1.0199706000001014,2.9713230670922155e-15,-3.0489358985845854e-16,1.3832634427162578
4.93,attitude_only,7.246809482856204e-17,4.415185904277776e-16,2.8148916506717154e-15,1.0,0.0,0.0,0.0,1.0,1.4493618965712658e-16,8.830371808555548e-16,5.629783301343431e-15,0.0,0.0,0.0,1.4611878501356187e-16,-1.610859716685282e-15,-3.706215012341174e-15,-2.6275988960494745e-19,1.596273262291167e-18,-1.3581399110608413e-19,0.034127142,0.034127142,0.008531785499999991,0.008531785500000005,0.008531785500000019,0.008531785499999984,533.284961348058,533.2849613480585,533.2849613480589,533.2849613480578,1.1823287687399153,1.0199706000001014,3.0381501398017974e-15,-3.121055360050486e-16,1.3915642015044198
4.94,attitude_only,7.358381007866782e-17,4.356035381946848e-16,2.7999237761070665e-15,1.0,0.0,0.0,0.0,1.0,1.4716762015733808e-16,8.712070763893692e-16,5.599847552214133e-15,0.0,0.0,0.0,3.9711082570885637e-16,-1.3672393570815687e-15,-3.838969026601956e-15,-5.679214466963896e-19,1.3176012243375276e-18,-1.3581399110608413e-19,0.034127142,0.034127142,0.008531785499999991,0.0085317855,0.00853178550000002,0.008531785499999988,533.284961348058,533.2849613480583,533.2849613480589,533.2849613480579,1.0942418997031778,1.0199706000001014,3.105072679866553e-15,-3.193393621775072e-16,1.3989831457399826
4.95,attitude_only,7.6521292656018e-17,4.2971149455749307e-16,2.7807495715535745e-15,1.0,0.0,0.0,0.0,1.0,1.530425853120384e-16,8.5942298911498575e-16,5.561499143107149e-15,0.0,0.0,0.0,7.274427475936269e-16,-1.0335780952675026e-15,-3.652883049335785e-15,-9.715941804340505e-19,9.27543491113323e-19,-1.3581399110608413e-19,0.034127142,0.034127142,0.008531785499999991,0.008531785499999995,0.00853178550000002,0.008531785499999995,533.284961348058,533.2849613480581,533.2849613480589,533.2849613480581,1.0061355870748845,1.0199706000001014,3.1720922265732476e-15,-3.2659926257204593e-16,1.4055202491055996
4.96,attitude_only,8.086481563774696e-17,4.2525899347725506e-16,2.7627776466564682e-15,1.0,0.0,0.0,0.0,1.0,1.6172963127549626e-16,8.505179869545096e-16,5.5255552933129364e-15,0.0,0.0,0.0,9.7132222716627e-16,-7.803444511893204e-16,-3.410720980135254e-15,-1.2739627781928846e-18,6.314665627313974e-19,-1.3581399110608413e-19,0.034127142,0.034127142,0.008531785499999991,0.00853178549999999,0.00853178550000002,0.0085317855,533.284961348058,533.284961348058,533.2849613480589,533.2849613480583,0.9180133097033376,1.0199706000001014,3.2392065321872406e-15,-3.3388421237015867e-16,1.411175491107771
4.97,attitude_only,8.62505939421969e-17,4.2189845078130075e-16,2.746823363750824e-15,1.0,0.0,0.0,0.0,1.0,1.7250118788439612e-16,8.43796901562601e-16,5.493646727501648e-15,0.0,0.0,0.0,1.1525848477424598e-15,-5.818271290219264e-16,-3.1089235237723465e-15,-1.5030037713617365e-18,3.9906404742074394e-19,-1.3581399110608413e-19,0.034127142,0.034127142,0.008531785499999991,0.008531785499999986,0.00853178550000002,0.008531785500000003,533.284961348058,533.2849613480579,533.2849613480589,533.2849613480585,0.8298779413600192,1.0199706000001014,3.306412172070344e-15,-3.411924187232129e-16,1.4159488557876387
4.98,attitude_only,9.244476820075926e-17,4.1948927609419265e-16,2.7317589287430876e-15,1.0,0.0,0.0,0.0,1.0,1.8488953640152082e-16,8.389785521883848e-16,5.463517857486175e-15,0.0,0.0,0.0,1.3065627912636794e-15,-4.0882877596943866e-16,-2.915168615458908e-15,-1.7008429314998378e-18,1.9555431151745328e-19,-1.3581399110608413e-19,0.034127142,0.034127142,0.008531785499999991,0.008531785499999982,0.00853178550000002,0.008531785500000005,533.284961348058,533.2849613480578,533.2849613480589,533.2849613480585,0.7417318516820547,1.0199706000001014,3.3737073752738667e-15,-3.485231657625965e-16,1.4198403307173406
4.99,attitude_only,9.918245084877671e-17,4.1766535821222503e-16,2.716292394671392e-15,1.0,0.0,0.0,0.0,1.0,1.9836490169755569e-16,8.353307164244496e-16,5.432584789342784e-15,0.0,0.0,0.0,1.3467127856783973e-15,-3.585250222669262e-16,-3.4293745333534378e-15,-1.762490052654283e-18,1.387750572971075e-19,-1.3581399110608413e-19,0.034127142,0.034127142,0.008531785499999991,0.008531785499999982,0.00853178550000002,0.008531785500000007,533.284961348058,533.2849613480578,533.2849613480589,533.2849613480586,0.653576991370801,1.0199706000001014,3.441089431027185e-15,-3.5587610861357744e-16,1.4228499062185984
5.0,attitude_only,1.0545592121212181e-16,4.1563271164395927e-16,2.6983311159514743e-15,1.0,0.0,0.0,0.0,1.0,2.1091184242424586e-16,8.31265423287918e-16,5.396662231902949e-15,0.0,0.0,0.0,1.1626428935732837e-15,-4.805017380742224e-16,-3.703639530396945e-15,-1.5532326110638793e-18,2.89952133646605e-19,-1.3581399110608413e-19,0.034127142,0.034127142,0.008531785499999991,0.008531785499999984,0.008531785500000019,0.008531785500000003,533.284961348058,533.2849613480578,533.2849613480589,533.2849613480585,0.5654149638105864,1.0199706000001014,3.50855260773918e-15,-3.632459229945752e-16,1.4249775747542957
5.01,attitude_only,1.104603517571118e-16,4.125914523818443e-16,2.6788055882646715e-15,1.0,0.0,0.0,0.0,1.0,2.2092070351422581e-16,8.25182904763688e-16,5.357611176529343e-15,0.0,0.0,0.0,8.656935215914358e-16,-7.376476252749824e-16,-4.138984841166775e-15,-1.205550299901576e-18,6.059036745402667e-19,-1.3581399110608413e-19,0.034127142,0.034127142,0.008531785499999991,0.00853178549999999,0.008531785500000019,0.008531785499999998,533.284961348058,533.284961348058,533.2849613480589,533.2849613480582,0.47724708505701546,1.0199706000001014,3.576090808310225e-15,-3.7062785894903894e-16,1.426223330454723
5.02,attitude_only,1.137921189007245e-16,4.0803897454269675e-16,2.6576236828049706e-15,1.0,0.0,0.0,0.0,1.0,2.275842378014512e-16,8.160779490853929e-16,5.315247365609941e-15,0.0,0.0,0.0,5.184048642677175e-16,-1.036629367051628e-15,-4.168990433837376e-15,-7.939879597557911e-19,9.750480583427573e-19,-1.3581399110608413e-19,0.034127142,0.034127142,0.008531785499999991,0.008531785499999996,0.008531785500000019,0.008531785499999993,533.284961348058,533.2849613480582,533.2849613480589,533.2849613480581,0.3890744339245349,1.0199706000001014,3.643699628640998e-15,-3.780198949902237e-16,1.426587168748669
5.03,attitude_only,1.1569882859257773e-16,4.021530293334233e-16,2.636758894399517e-15,1.0,0.0,0.0,0.0,1.0,2.313976571851576e-16,8.04306058666846e-16,5.273517788799034e-15,0.0,0.0,0.0,2.716349565231627e-16,-1.2939258870080816e-15,-4.172858280646995e-15,-5.005804200275572e-19,1.2967431411605835e-18,-1.3581399110608413e-19,0.034127142,0.034127142,0.008531785499999991,0.0085317855,0.008531785500000019,0.008531785499999988,533.284961348058,533.2849613480583,533.2849613480589,533.2849613480579,0.3008978936891397,1.0199706000001014,3.7113791518370284e-15,-3.854239185733565e-16,1.4260690860761447
5.04,attitude_only,1.1653645275930532e-16,3.950793904757655e-16,2.6160254613982217e-15,1.0,0.0,0.0,0.0,1.0,2.330729055186127e-16,7.901587809515304e-16,5.2320509227964434e-15,0.0,0.0,0.0,8.410816596443888e-17,-1.4990934575884467e-15,-4.0874296216238334e-15,-2.7638935301673305e-19,1.5579351604329055e-18,-1.3581399110608413e-19,0.034127142,0.034127142,0.008531785499999991,0.008531785500000003,0.008531785500000019,0.008531785499999984,533.284961348058,533.2849613480585,533.2849613480589,533.2849613480578,0.21271818672189163,1.0199706000001014,3.779129224207983e-15,-3.9284295221616543e-16,1.4246690796646737
5.05,attitude_only,1.1659209779471533e-16,3.872109487149707e-16,2.5942492211875804e-15,1.0,0.0,0.0,0.0,1.0,2.331841955894327e-16,7.744218974299408e-16,5.188498442375161e-15,0.0,0.0,0.0,-1.8735397666826844e-17,-1.6119978687826736e-15,-4.5767973559783794e-15,-1.5278972268254593e-19,1.7095404325538044e-18,-1.3581399110608413e-19,0.034127142,0.034127142,0.008531785499999991,0.008531785500000007,0.00853178550000002,0.008531785499999982,533.284961348058,533.2849613480586,533.2849613480589,533.2849613480578,0.12453590318555788,1.0199706000001014,3.846951076230978e-15,-4.002790898858808e-16,1.422387147355076
5.06,attitude_only,1.1662460130280607e-16,3.7938011840125824e-16,2.5703851528290382e-15,1.0,0.0,0.0,0.0,1.0,2.332492026056141e-16,7.587602368025159e-16,5.1407703056580765e-15,0.0,0.0,0.0,5.127541715187818e-17,-1.503582141683049e-15,-4.956598145631608e-15,-2.373154546365107e-19,1.594477381451085e-18,-1.3581399110608413e-19,0.034127142,0.034127142,0.008531785499999991,0.008531785500000005,0.008531785500000019,0.008531785499999984,533.284961348058,533.2849613480585,533.2849613480589,533.2849613480578,0.036351524762881074,1.0199706000001014,3.914848526986373e-15,-4.0773733469512595e-16,1.4192232874657975
5.07,attitude_only,1.1752268031619882e-16,3.7249125382781865e-16,2.5443942582256364e-15,1.0,0.0,0.0,0.0,1.0,2.350453606323995e-16,7.449825076556367e-16,5.088788516451273e-15,0.0,0.0,0.0,3.0132517371438824e-16,-1.2558649754146219e-15,-5.222517439766843e-15,-5.403884142486669e-19,1.3097754316831195e-18,-1.3581399110608413e-19,0.034127142,0.034127142,0.008531785499999991,0.0085317855,0.008531785500000019,0.008531785499999988,533.284961348058,533.2849613480583,533.2849613480589,533.2849613480579,-0.05183455576058356,1.0199706000001014,3.982826618573993e-15,-4.152238547548423e-16,1.4151774986872532
5.08,attitude_only,1.1990717902863334e-16,3.6708657813025247e-16,2.5186397536339583e-15,1.0,0.0,0.0,0.0,1.0,2.3981435805726855e-16,7.341731562605044e-16,5.0372795072679165e-15,0.0,0.0,0.0,6.104647893772562e-16,-9.488036280451637e-16,-5.0366573556368046e-15,-9.174606009378809e-19,9.507898511202212e-19,-1.3581399110608413e-19,0.034127142,0.034127142,0.008531785499999991,0.008531785499999995,0.00853178550000002,0.008531785499999995,533.284961348058,533.2849613480581,533.2849613480589,533.2849613480581,-0.14002201836267614,1.0199706000001014,4.050888032313921e-15,-4.227435513935172e-16,1.4102497799995428
5.09,attitude_only,1.2357979249937009e-16,3.631164502872033e-16,2.494822914499244e-15,1.0,0.0,0.0,0.0,1.0,2.47159584998742e-16,7.2623290057440605e-16,4.989645828998488e-15,0.0,0.0,0.0,8.289980474116399e-16,-6.798189222395114e-16,-4.653679920916979e-15,-1.1879904910532575e-18,6.348063933758334e-19,-1.3581399110608413e-19,0.034127142,0.034127142,0.008531785499999991,0.00853178549999999,0.008531785500000019,0.008531785499999998,533.284961348058,533.284961348058,533.2849613480589,533.2849613480582,-0.228210602513577,1.0199706000001014,4.119031669925033e-15,-4.3029600075305687e-16,1.4044401306083711
5.1,attitude_only,1.2820664360312355e-16,3.6024334836555594e-16,2.4717179008908388e-15,1.0,0.0,0.0,0.0,1.0,2.5641328720624887e-16,7.204866967311113e-16,4.9434358017816775e-15,0.0,0.0,0.0,1.002929824108396e-15,-4.865922157996128e-16,-4.592836508717416e-15,-1.4067379213304486e-18,4.0780026780595104e-19,-1.3581399110608413e-19,0.034127142,0.034127142,0.008531785499999991,0.008531785499999986,0.008531785500000019,0.008531785500000002,533.284961348058,533.2849613480579,533.2849613480589,533.2849613480583,-0.31640009627544274,1.0199706000001014,4.187254504698349e-15,-4.37879413878728e-16,1.3977485498951416
5.11,attitude_only,1.3362746282129348e-16,3.5820085099355555e-16,2.448764538728913e-15,1.0,0.0,0.0,0.0,1.0,2.6725492564258874e-16,7.164017019871104e-16,4.897529077457826e-15,0.0,0.0,0.0,1.1402030790150104e-15,-3.3513151883516425e-16,-4.521842290623221e-15,-1.5828678580085366e-18,2.293987466369647e-19,-1.3581399110608413e-19,0.034127142,0.034127142,0.008531785499999991,0.008531785499999984,0.008531785500000019,0.008531785500000005,533.284961348058,533.2849613480578,533.2849613480589,533.2849613480585,-0.4045903273613167,1.0199706000001014,4.255553978762052e-15,-4.454935368640954e-16,1.3901750373780937
5.12,attitude_only,1.3949847483072475e-16,3.5671025320545453e-16,2.4250477692447002e-15,1.0,0.0,0.0,0.0,1.0,2.7899694966145123e-16,7.134205064109084e-16,4.8500955384894005e-15,0.0,0.0,0.0,1.1772292791582406e-15,-2.9740796294993807e-16,-5.097176411014958e-15,-1.639071590971995e-18,1.8710455920419264e-19,-1.3581399110608413e-19,0.034127142,0.034127142,0.008531785499999991,0.008531785499999982,0.008531785500000019,0.008531785500000005,533.284961348058,533.2849613480578,533.2849613480589,533.2849613480585,-0.49278115581028076,1.0199706000001014,4.3239279864795185e-15,-4.531372447610195e-16,1.3817195926820325
5.13,attitude_only,1.4503952765356398e-16,3.549564796909296e-16,2.398695241697632e-15,1.0,0.0,0.0,0.0,1.0,2.900790553071297e-16,7.099129593818585e-16,4.797390483395264e-15,0.0,0.0,0.0,1.034534553065998e-15,-4.122887414248622e-16,-5.438150164679278e-15,-1.4781832651919639e-18,3.290843807883501e-19,-1.3581399110608413e-19,0.034127142,0.034127142,0.008531785499999991,0.008531785499999986,0.008531785500000019,0.008531785500000003,533.284961348058,533.2849613480579,533.2849613480589,533.2849613480585,-0.5809724679937753,1.0199706000001014,4.39237068319843e-15,-4.608065240589449e-16,1.3723822155147551
5.14,attitude_only,1.4960532391274307e-16,3.52109714026006e-16,2.3709271162758024e-15,1.0,0.0,0.0,0.0,1.0,2.992106478254878e-16,7.042194280520113e-16,4.741854232551605e-15,0.0,0.0,0.0,8.159118862069019e-16,-6.913140632588539e-16,-5.4394799734664234e-15,-1.2239951838231173e-18,6.708279076217285e-19,-1.3581399110608413e-19,0.034127142,0.034127142,0.008531785499999991,0.00853178549999999,0.00853178550000002,0.008531785499999998,533.284961348058,533.284961348058,533.2849613480589,533.2849613480582,-0.6691641717162089,1.0199706000001014,4.460875992676872e-15,-4.68497615779408e-16,1.362162905648695
5.15,attitude_only,1.5321719745559074e-16,3.4810078588677425e-16,2.3434901130769497e-15,1.0,0.0,0.0,0.0,1.0,3.064343949111831e-16,6.962015717735478e-16,4.6869802261538994e-15,0.0,0.0,0.0,6.501393056015424e-16,-9.100327776217686e-16,-5.420508242311778e-15,-1.0315694801527017e-18,9.423906926334445e-19,-1.3581399110608413e-19,0.034127142,0.034127142,0.008531785499999991,0.008531785499999993,0.00853178550000002,0.008531785499999995,533.284961348058,533.2849613480581,533.2849613480589,533.2849613480581,-0.7573561922143991,1.0199706000001014,4.52944211979361e-15,-4.762111371831482e-16,1.3510616629066237
5.16,attitude_only,1.5617983448653787e-16,3.4321740458873714e-16,2.3167617333430674e-15,1.0,0.0,0.0,0.0,1.0,3.123596689730773e-16,6.864348091774736e-16,4.633523466686135e-15,0.0,0.0,0.0,5.474922078346918e-16,-1.0348467838081624e-15,-5.37209936086616e-15,-9.138678849108279e-19,1.1025159678951983e-18,-1.3581399110608413e-19,0.034127142,0.034127142,0.00853178549999999,0.008531785499999996,0.00853178550000002,0.008531785499999993,533.284961348058,533.2849613480582,533.2849613480589,533.2849613480581,-0.8455484688936926,1.0199706000001014,4.598070186374014e-15,-4.839499003414591e-16,1.3390784871505153
5.17,attitude_only,1.5871610488609502e-16,3.377768927360739e-16,2.2899512339752743e-15,1.0,0.0,0.0,0.0,1.0,3.1743220977219157e-16,6.755537854721471e-16,4.5799024679505485e-15,0.0,0.0,0.0,4.779991781956078e-16,-1.1303743079522175e-15,-5.383295648477618e-15,-8.352562411258829e-19,1.2284527399475865e-18,-1.3581399110608413e-19,0.034127142,0.034127142,0.00853178549999999,0.008531785499999996,0.00853178550000002,0.008531785499999991,533.284961348058,533.2849613480582,533.2849613480589,533.284961348058,-0.9337409526677714,1.0199706000001014,4.666761684702287e-15,-4.917161540862123e-16,1.3262133782728747
5.18,attitude_only,1.609149100688831e-16,3.31871970390619e-16,2.2630251480192745e-15,1.0,0.0,0.0,0.0,1.0,3.218298201377677e-16,6.637439407812373e-16,4.526050296038549e-15,0.0,0.0,0.0,4.058799758793089e-16,-1.2053500347312309e-15,-5.320168178651426e-15,-7.527719981051173e-19,1.3304771124297146e-18,-1.3581399110608413e-19,0.034127142,0.034127142,0.00853178549999999,0.008531785499999998,0.00853178550000002,0.00853178549999999,533.284961348058,533.2849613480582,533.2849613480589,533.284961348058,-1.0219336037920144,1.0199706000001014,4.735516234381464e-15,-4.995111475509896e-16,1.312466336189985
5.19,attitude_only,1.628314048190932e-16,3.257440936285122e-16,2.23651162379989e-15,1.0,0.0,0.0,0.0,1.0,3.256628096381879e-16,6.514881872570237e-16,4.47302324759978e-15,0.0,0.0,0.0,3.701753859418368e-16,-1.2257236529345228e-15,-5.306241371418943e-15,-7.136282440395693e-19,1.3671826908030109e-18,-1.3581399110608413e-19,0.034127142,0.034127142,0.00853178549999999,0.0085317855,0.00853178550000002,0.00853178549999999,533.284961348058,533.2849613480583,533.2849613480589,533.284961348058,-1.110126390100342,1.0199706000001014,4.804334249345548e-15,-5.073355666539428e-16,1.2978373608366476
5.2,attitude_only,1.6463562726265098e-16,3.1959245669278056e-16,2.210447092362343e-15,1.0,0.0,0.0,0.0,1.0,3.292712545253034e-16,6.391849133855604e-16,4.420894184724686e-15,0.0,0.0,0.0,3.566029937882137e-16,-1.2119646213322398e-15,-5.1375765945133824e-15,-7.009074033931038e-19,1.3627914990935933e-18,-1.3581399110608413e-19,0.034127142,0.034127142,0.00853178549999999,0.0085317855,0.00853178550000002,0.00853178549999999,533.284961348058,533.2849613480583,533.2849613480589,533.284961348058,-1.1983192855715195,1.0199706000001014,4.873215988698101e-15,-5.151910264394608e-16,1.2823264521620856
5.21,attitude_only,1.6639423961878033e-16,3.134753630174372e-16,2.184669882811897e-15,1.0,0.0,0.0,0.0,1.0,3.3278847923756205e-16,6.269507260348737e-16,4.369339765623794e-15,0.0,0.0,0.0,3.538655035470277e-16,-1.232783593446294e-15,-5.170058985438315e-15,-7.011610701391507e-19,1.4001021015649211e-18,-1.3581399110608413e-19,0.034127142,0.034127142,0.00853178549999999,0.0085317855,0.008531785500000022,0.00853178549999999,533.284961348058,533.2849613480583,533.284961348059,533.284961348058,-1.286512269163851,1.0199706000001014,4.9421608923155975e-15,-5.23078386309433e-16,1.2659336101267542
5.22,attitude_only,1.68186720717866e-16,3.072672262332095e-16,2.1587221407204388e-15,1.0,0.0,0.0,0.0,1.0,3.363734414357333e-16,6.145344524664183e-16,4.3174442814408775e-15,0.0,0.0,0.0,3.6125843671835087e-16,-1.2556358058996893e-15,-5.2043177539706696e-15,-7.13645174311922e-19,1.4400811145679922e-18,-1.3581399110608413e-19,0.034127142,0.034127142,0.00853178549999999,0.0085317855,0.008531785500000022,0.00853178549999999,533.284961348058,533.2849613480583,533.284961348059,533.284961348058,-1.3747053238690579,1.0199706000001014,5.011166772234092e-15,-5.309985478857724e-16,1.2486588346998557
5.23,attitude_only,1.6999994496814657e-16,3.0101351552603956e-16,2.1330518387878185e-15,1.0,0.0,0.0,0.0,1.0,3.3999988993629443e-16,6.020270310520784e-16,4.266103677575637e-15,0.0,0.0,0.0,3.742451267069672e-16,-1.244797874336184e-15,-5.0861224781059476e-15,-7.329716535653315e-19,1.4395235754351486e-18,-1.3581399110608413e-19,0.034127142,0.034127142,0.00853178549999999,0.0085317855,0.008531785500000022,0.00853178549999999,533.284961348058,533.2849613480583,533.284961348059,533.284961348058,-1.4628984359442423,1.0199706000001014,5.080232604375611e-15,-5.389517858000036e-16,1.2305021258574047
5.24,attitude_only,1.7190650740664123e-16,2.948122111183037e-16,2.107948181904754e-15,1.0,0.0,0.0,0.0,1.0,3.438130148132837e-16,5.896244222366067e-16,4.215896363809508e-15,0.0,0.0,0.0,3.836994017283174e-16,-1.2198973894899869e-15,-4.950924701347076e-15,-7.481537776082348e-19,1.4218419675146114e-18,-1.3581399110608413e-19,0.034127142,0.034127142,0.00853178549999999,0.0085317855,0.008531785500000022,0.00853178549999999,533.284961348058,533.2849613480583,533.284961348059,533.284961348058,-1.5510915942890677,1.0199706000001014,5.149357913110924e-15,-5.469389929681044e-16,1.2114634835807214
5.25,attitude_only,1.738602171748883e-16,2.8878506410465377e-16,2.0831940659271347e-15,1.0,0.0,0.0,0.0,1.0,3.477204343497778e-16,5.775701282093069e-16,4.1663881318542694e-15,0.0,0.0,0.0,3.9696922802044823e-16,-1.2014504386193336e-15,-4.9506709360210616e-15,-7.680472614389962e-19,1.4117201308560207e-18,-1.3581399110608413e-19,0.034127142,0.034127142,0.00853178549999999,0.0085317855,0.008531785500000022,0.00853178549999999,533.284961348058,533.2849613480583,533.284961348059,533.284961348058,-1.6392847899405232,1.0199706000001014,5.218542401812032e-15,-5.549601938771234e-16,1.1915429078552584
5.26,attitude_only,1.7583474618769515e-16,2.8282752539406093e-16,2.0584383004396806e-15,1.0,0.0,0.0,0.0,1.0,3.516694923753915e-16,5.656550507881212e-16,4.116876600879361e-15,0.0,0.0,0.0,3.8901817436528433e-16,-1.1798575745731066e-15,-4.950417169513322e-15,-7.623961787964523e-19,1.397607269746279e-18,-1.3581399110608413e-19,0.034127142,0.034127142,0.00853178549999999,0.0085317855,0.008531785500000022,0.00853178549999999,533.284961348058,533.2849613480583,533.284961348059,533.284961348058,-1.727478015663888,1.0199706000001014,5.2877841225208525e-15,-5.630156746355651e-16,1.1707403986696854
5.27,attitude_only,1.7777560025490066e-16,2.7702023680408537e-16,2.0336817736343288e-15,1.0,0.0,0.0,0.0,1.0,3.5555120050980245e-16,5.5404047360817e-16,4.0673635472686575e-15,0.0,0.0,0.0,3.839232193990672e-16,-1.1394925236242097e-15,-4.951432246061388e-15,-7.601214650309823e-19,1.3605641338438446e-18,-1.3581399110608413e-19,0.034127142,0.034127142,0.00853178549999999,0.008531785499999998,0.008531785500000022,0.00853178549999999,533.284961348058,533.2849613480582,533.284961348059,533.284961348058,-1.815671265621214,1.0199706000001014,5.357082412527299e-15,-5.711053593680498e-16,1.1490559560151787
5.28,attitude_only,1.7971185997355124e-16,2.7144434447268867e-16,2.0089280382763374e-15,1.0,0.0,0.0,0.0,1.0,3.5942371994710357e-16,5.428886889453767e-16,4.017856076552675e-15,0.0,0.0,0.0,3.9778609803036165e-16,-1.1109332834187982e-15,-4.95117847896283e-15,-7.807347803688395e-19,1.3374023784315396e-18,-1.3581399110608413e-19,0.034127142,0.034127142,0.00853178549999999,0.008531785499999998,0.008531785500000022,0.00853178549999999,533.284961348058,533.2849613480582,533.284961348059,533.284961348058,-1.9038645351032182,1.0199706000001014,5.426436801305363e-15,-5.792297759085606e-16,1.1264895798848669
5.29,attitude_only,1.8170934048394572e-16,2.6600388375163563e-16,1.9841739222602527e-15,1.0,0.0,0.0,0.0,1.0,3.634186809678925e-16,5.320077675032706e-16,3.968347844520505e-15,0.0,0.0,0.0,3.9807321150597273e-16,-1.066863421104923e-15,-4.950163404896372e-15,-7.8506004865463245e-19,1.2951871778659386e-18,-1.3581399110608413e-19,0.034127142,0.034127142,0.00853178549999999,0.008531785499999998,0.00853178550000002,0.00853178549999999,533.284961348058,533.2849613480582,533.2849613480589,533.284961348058,-1.9920578203119654,1.0199706000001014,5.495845425784582e-15,-5.873898755993371e-16,1.1030412702733978
5.3,attitude_only,1.836949967114765e-16,2.6068808346983265e-16,1.9594203137784833e-15,1.0,0.0,0.0,0.0,1.0,3.6738999342295404e-16,5.213761669396646e-16,3.918840627556967e-15,0.0,0.0,0.0,3.9432823028386747e-16,-1.0558928430538752e-15,-4.950924711568844e-15,-7.845093534909447e-19,1.2925814126352195e-18,-1.3581399110608413e-19,0.034127142,0.034127142,0.00853178549999999,0.008531785499999998,0.00853178550000002,0.00853178549999999,533.284961348058,533.2849613480582,533.2849613480589,533.284961348058,-2.0802511181854673,1.0199706000001014,5.565307310723141e-15,-5.955855067214891e-16,1.0787110271766036
5.31,attitude_only,1.8563179832005384e-16,2.5546844693660247e-16,1.934664167607796e-15,1.0,0.0,0.0,0.0,1.0,3.7126359664010866e-16,5.109368938732042e-16,3.869328335215592e-15,0.0,0.0,0.0,3.8926939389242925e-16,-1.038683139376114e-15,-4.951939786521592e-15,-7.823314437601431e-19,1.282316599615667e-18,-1.3581399110608413e-19,0.034127142,0.034127142,0.00853178549999999,0.008531785499999998,0.00853178550000002,0.008531785499999991,533.284961348058,533.2849613480582,533.2849613480589,533.284961348058,-2.168444426255658,1.0199706000001014,5.634821077237134e-15,-6.03816791477585e-16,1.0534988505912377
5.32,attitude_only,1.8755683178612334e-16,2.5029441888282126e-16,1.9099066257062495e-15,1.0,0.0,0.0,0.0,1.0,3.7511366357224763e-16,5.005888377656418e-16,3.819813251412499e-15,0.0,0.0,0.0,3.858325155598086e-16,-1.0269122245617698e-15,-4.950670944056672e-15,-7.820655149165966e-19,1.2784606240840723e-18,-1.3581399110608413e-19,0.034127142,0.034127142,0.00853178549999999,0.008531785499999998,0.00853178550000002,0.008531785499999991,533.284961348058,533.2849613480582,533.2849613480589,533.284961348058,-2.256637742533831,1.0199706000001014,5.704385387097535e-15,-6.120843592504668e-16,1.027404740514773
5.33,attitude_only,1.8945999668342698e-16,2.451037136465903e-16,1.8851568237457903e-15,1.0,0.0,0.0,0.0,1.0,3.789199933668549e-16,4.902074272931799e-16,3.7703136474915805e-15,0.0,0.0,0.0,3.730255409365474e-16,-1.0596916667979151e-15,-4.949909638418192e-15,-7.704274007780485e-19,1.3283928714354257e-18,-1.3581399110608413e-19,0.034127142,0.034127142,0.00853178549999999,0.008531785499999998,0.008531785500000022,0.00853178549999999,533.284961348058,533.2849613480582,533.284961348059,533.284961348058,-2.3448310654177447,1.0199706000001014,5.773998928294462e-15,-6.203885557537195e-16,1.0004286969452396
5.34,attitude_only,1.9129312835030178e-16,2.397405456943904e-16,1.8604101938929258e-15,1.0,0.0,0.0,0.0,1.0,3.8258625670060445e-16,4.794810913887801e-16,3.7208203877858516e-15,0.0,0.0,0.0,3.609977416373582e-16,-1.0683681158550528e-15,-4.949655869842486e-15,-7.59604019035395e-19,1.3494882914625413e-18,-1.3581399110608413e-19,0.034127142,0.034127142,0.00853178549999999,0.008531785499999998,0.008531785500000022,0.00853178549999999,533.284961348058,533.2849613480582,533.284961348059,533.284961348058,-2.4330243936168956,1.0199706000001014,5.843659359616664e-15,-6.287293840232714e-16,0.9725707198811052
5.35,attitude_only,1.9308535353477088e-16,2.343040327508879e-16,1.83565937685608e-15,1.0,0.0,0.0,0.0,1.0,3.861707070695426e-16,4.686080655017751e-16,3.67131875371216e-15,0.0,0.0,0.0,3.5879497465782226e-16,-1.1155485445689956e-15,-4.949402101591743e-15,-7.605486484065301e-19,1.4172602913649623e-18,-1.3581399110608413e-19,0.034127142,0.034127142,0.00853178549999999,0.0085317855,0.008531785500000022,0.00853178549999999,533.284961348058,533.2849613480583,533.284961348059,533.284961348058,-2.5212177260920816,1.0199706000001014,5.913366540349526e-15,-6.371073761061167e-16,0.943830809321175
5.36,attitude_only,1.9485290421338567e-16,2.286837918253637e-16,1.810911478157501e-15,1.0,0.0,0.0,0.0,1.0,3.8970580842677217e-16,4.573675836507267e-16,3.621822956315002e-15,0.0,0.0,0.0,3.4897593587496093e-16,-1.136270865472169e-15,-4.950670944883843e-15,-7.522555612258463e-19,1.453489785103493e-18,-1.3581399110608413e-19,0.034127142,0.034127142,0.008531785499999988,0.0085317855,0.008531785500000022,0.00853178549999999,533.2849613480579,533.2849613480583,533.284961348059,533.284961348058,-2.609411062006785,1.0199706000001014,5.9831184112478355e-15,-6.455230581129025e-16,0.9142089652645197
5.37,attitude_only,1.9657822795428365e-16,2.229321422728788e-16,1.7861559663993763e-15,1.0,0.0,0.0,0.0,1.0,3.931564559085681e-16,4.45864284545757e-16,3.5723119327987526e-15,0.0,0.0,0.0,3.4093853919492356e-16,-1.1596100606543376e-15,-4.951686019555934e-15,-7.460200706017506e-19,1.4930929199286382e-18,-1.3581399110608413e-19,0.034127142,0.034127142,0.008531785499999988,0.0085317855,0.008531785500000022,0.008531785499999988,533.2849613480579,533.2849613480583,533.284961348059,533.2849613480579,-2.697604400687551,1.0199706000001014,6.052914339661889e-15,-6.539766225463692e-16,0.8837051877104142
5.38,attitude_only,1.9827658715055588e-16,2.1710045764601082e-16,1.7614017234838897e-15,1.0,0.0,0.0,0.0,1.0,3.9655317430111255e-16,4.3420091529202094e-16,3.5228034469677794e-15,0.0,0.0,0.0,3.4003318781849795e-16,-1.166936804515668e-15,-4.9506709450980225e-15,-7.483339808282248e-19,1.5135543806073912e-18,-1.3581399110608413e-19,0.034127142,0.034127142,0.008531785499999988,0.0085317855,0.008531785500000022,0.008531785499999988,533.2849613480579,533.2849613480583,533.284961348059,533.2849613480579,-2.7857977415924444,1.0199706000001014,6.122753493476862e-15,-6.624684960054647e-16,0.8523194766582947
5.39,attitude_only,1.9996241613797764e-16,2.1121374939030545e-16,1.7366491300641412e-15,1.0,0.0,0.0,0.0,1.0,3.99924832275956e-16,4.224274987806102e-16,3.4732982601282824e-15,0.0,0.0,0.0,3.3603625403574176e-16,-1.1774480103844823e-15,-4.94990963925273e-15,-7.468980228292747e-19,1.537942307753813e-18,-1.3581399110608413e-19,0.034127142,0.034127142,0.008531785499999988,0.0085317855,0.008531785500000022,0.008531785499999988,533.2849613480579,533.2849613480583,533.284961348059,533.2849613480579,-2.873991084285369,1.0199706000001014,6.192634970233146e-15,-6.709991483079325e-16,0.8200518321077218
5.4,attitude_only,2.0165311939694124e-16,2.05200720627669e-16,1.7119045303561489e-15,1.0,0.0,0.0,0.0,1.0,4.0330623879388318e-16,4.104014412553373e-16,3.4238090607122977e-15,0.0,0.0,0.0,3.350316857386117e-16,-1.1930560360652062e-15,-4.949148333377902e-15,-7.49042857730105e-19,1.5686024989313344e-18,-1.3581399110608413e-19,0.034127142,0.034127142,0.008531785499999988,0.0085317855,0.008531785500000024,0.008531785499999988,533.2849613480579,533.2849613480583,533.284961348059,533.2849613480579,-2.9621844284156724,1.0199706000001014,6.262557124576671e-15,-6.795690107488514e-16,0.7869022540583537
5.41,attitude_only,2.032986259872666e-16,1.992325431756201e-16,1.687155489696826e-15,1.0,0.0,0.0,0.0,1.0,4.065972519745339e-16,3.984650863512395e-16,3.374310979393652e-15,0.0,0.0,0.0,3.272223319094469e-16,-1.1963331816092389e-15,-4.949909639341345e-15,-7.429438564542016e-19,1.5844984054002658e-18,-1.3581399110608413e-19,0.034127142,0.034127142,0.008531785499999988,0.0085317855,0.008531785500000024,0.008531785499999988,533.2849613480579,533.2849613480583,533.284961348059,533.2849613480579,-3.0503777737011544,1.0199706000001014,6.33251991251791e-15,-6.881780996597993e-16,0.7528707425099236
5.42,attitude_only,2.0491866808623994e-16,1.932839043408328e-16,1.6624012467802813e-15,1.0,0.0,0.0,0.0,1.0,4.098373361724805e-16,3.865678086816649e-16,3.3248024935605626e-15,0.0,0.0,0.0,3.2231948521506954e-16,-1.178686664733699e-15,-4.951432251172238e-15,-7.402836352730994e-19,1.5751094517969546e-18,-1.3581399110608413e-19,0.034127142,0.034127142,0.008531785499999988,0.0085317855,0.008531785500000024,0.008531785499999988,533.2849613480579,533.2849613480583,533.284961348059,533.2849613480579,-3.1385711199149275,1.0199706000001014,6.402521956391522e-15,-6.968268426750725e-16,0.7179572974622241
5.43,attitude_only,2.065025546496559e-16,1.8743376214557528e-16,1.6376457350204615e-15,1.0,0.0,0.0,0.0,1.0,4.1300510929931237e-16,3.7486752429114987e-16,3.275291470040923e-15,0.0,0.0,0.0,3.0602675076221936e-16,-1.1749558908267612e-15,-4.951432251209183e-15,-7.237926214373013e-19,1.5823820820168966e-18,-1.3581399110608413e-19,0.034127142,0.034127142,0.008531785499999988,0.008531785500000002,0.008531785500000022,0.008531785499999988,533.2849613480579,533.2849613480583,533.284961348059,533.2849613480579,-3.2267644668745685,1.0199706000001014,6.472562760833464e-15,-7.055155331854063e-16,0.6821619189150936
5.44,attitude_only,2.0801336155546924e-16,1.8163777831151037e-16,1.6128933953683788e-15,1.0,0.0,0.0,0.0,1.0,4.1602672311093907e-16,3.6327555662302005e-16,3.2257867907367575e-15,0.0,0.0,0.0,3.003272476921339e-16,-1.152310290780642e-15,-4.9496558707970595e-15,-7.199564902301203e-19,1.5667304648693608e-18,-1.3581399110608413e-19,0.034127142,0.034127142,0.008531785499999988,0.0085317855,0.008531785500000022,0.008531785499999988,533.2849613480579,533.2849613480583,533.284961348059,533.2849613480579,-3.3149578144333502,1.0199706000001014,6.542640753578095e-15,-7.14244148884499e-16,0.6454846068684064
5.45,attitude_only,2.0948602402771242e-16,1.759045952868937e-16,1.5881472730477429e-15,1.0,0.0,0.0,0.0,1.0,4.189720480554254e-16,3.5180919057378674e-16,3.1762945460954858e-15,0.0,0.0,0.0,2.84830526703473e-16,-1.1291048969969022e-15,-4.948640796272674e-15,-7.042087303107619e-19,1.5501750412988418e-18,-1.3581399110608413e-19,0.034127142,0.034127142,0.008531785499999988,0.0085317855,0.008531785500000022,0.008531785499999988,533.2849613480579,533.2849613480583,533.284961348059,533.2849613480579,-3.4031511624735415,1.0199706000001014,6.612754919969517e-15,-7.230133018429059e-16,0.6079253613220641
5.46,attitude_only,2.108929438339762e-16,1.7040341210763158e-16,1.563408002480191e-15,1.0,0.0,0.0,0.0,1.0,4.217858876679529e-16,3.408068242152625e-16,3.126816004960382e-15,0.0,0.0,0.0,2.7664027773221895e-16,-1.0927748253843306e-15,-4.9473719531061306e-15,-6.971468343225792e-19,1.517506703617599e-18,-1.3581399110608413e-19,0.034127142,0.034127142,0.008531785499999988,0.0085317855,0.008531785500000022,0.008531785499999988,533.2849613480579,533.2849613480583,533.284961348059,533.2849613480579,-3.491344510900319,1.0199706000001014,6.682905270313002e-15,-7.318230301192891e-16,0.5694841822759906
5.47,attitude_only,2.1221133472674458e-16,1.6496587200355758e-16,1.5386711427146327e-15,1.0,0.0,0.0,0.0,1.0,4.2442266945348965e-16,3.299317440071145e-16,3.0773422854292654e-15,0.0,0.0,0.0,2.5020295062778085e-16,-1.0676613203667742e-15,-4.947879490382171e-15,-6.679240713035312e-19,1.4980471108001988e-18,-1.3581399110608413e-19,0.034127142,0.034127142,0.00853178549999999,0.0085317855,0.008531785500000022,0.008531785499999988,533.284961348058,533.2849613480583,533.284961348059,533.2849613480579,-3.5795378596375516,1.0199706000001014,6.753089631250333e-15,-7.406735409264371e-16,0.5301610697301267
5.48,attitude_only,2.1344934003427915e-16,1.5965162260499252e-16,1.5139308570724833e-15,1.0,0.0,0.0,0.0,1.0,4.268986800685588e-16,3.193032452099844e-16,3.0278617141449666e-15,0.0,0.0,0.0,2.4858764610702487e-16,-1.0520546240984578e-15,-4.948133259022498e-15,-6.684715823396945e-19,1.4898396215192045e-18,-1.3581399110608413e-19,0.034127142,0.034127142,0.00853178549999999,0.0085317855,0.008531785500000022,0.008531785499999988,533.284961348058,533.2849613480583,533.284961348059,533.2849613480579,-3.667731208624005,1.0199706000001014,6.8233073450702935e-15,-7.495650014373155e-16,0.48995602368442576
5.49,attitude_only,2.1466160440766708e-16,1.542412118677724e-16,1.4891844809830535e-15,1.0,0.0,0.0,0.0,1.0,4.293232088153346e-16,3.0848242373554417e-16,2.978368961966107e-15,0.0,0.0,0.0,2.36955934057509e-16,-1.1007105413817195e-15,-4.94914833357272e-15,-6.568830872208505e-19,1.5592338276729354e-18,-1.3581399110608413e-19,0.034127142,0.034127142,0.008531785499999988,0.008531785500000002,0.008531785500000022,0.008531785499999988,533.2849613480579,533.2849613480583,533.284961348059,533.2849613480579,-3.755924557810702,1.0199706000001014,6.893556029301916e-15,-7.584981577793167e-16,0.44886904413885176
5.5,attitude_only,2.1579483587732502e-16,1.4881546033034312e-16,1.4644369629347353e-15,1.0,0.0,0.0,0.0,1.0,4.315896717546505e-16,2.976309206606856e-16,2.9288739258694705e-15,0.0,0.0,0.0,2.264481677956338e-16,-1.0687265218782521e-15,-4.9496558708459926e-15,-6.465382493845566e-19,1.5315402694875567e-18,-1.3581399110608413e-19,0.034127142,0.034127142,0.00853178549999999,0.008531785500000002,0.008531785500000022,0.008531785499999988,533.284961348058,533.2849613480583,533.284961348059,533.2849613480579,-3.8441179071580844,1.0199706000001014,6.963834685210612e-15,-7.674728382227767e-16,0.4069001310933765
5.51,attitude_only,2.1686172498731366e-16,1.4356891434507615e-16,1.439691094382531e-15,1.0,0.0,0.0,0.0,1.0,4.337234499746277e-16,2.8713782869015165e-16,2.879382188765062e-15,0.0,0.0,0.0,2.080714064147151e-16,-1.0466736363583787e-15,-4.949148333578722e-15,-6.265668497916012e-19,1.5155435432272922e-18,-1.3581399110608413e-19,0.034127142,0.034127142,0.00853178549999999,0.008531785500000002,0.008531785500000022,0.008531785499999988,533.284961348058,533.2849613480583,533.284961348059,533.2849613480579,-3.932311256634449,1.0199706000001014,7.034143917866182e-15,-7.764893861803092e-16,0.36404928454797836
5.52,attitude_only,2.1787999369011207e-16,1.383920743288004e-16,1.4149490323598358e-15,1.0,0.0,0.0,0.0,1.0,4.3575998738022454e-16,2.7678414865760016e-16,2.8298980647196716e-15,0.0,0.0,0.0,2.0461484982251263e-16,-1.0268398303941307e-15,-4.947371953137507e-15,-6.244651303791833e-19,1.5020113743741356e-18,-1.3581399110608413e-19,0.034127142,0.034127142,0.00853178549999999,0.008531785500000002,0.008531785500000022,0.008531785499999988,533.284961348058,533.2849613480583,533.284961348059,533.2849613480579,-4.020504606214264,1.0199706000001014,7.104481904808908e-15,-7.855480565458506e-16,0.32031650450264015
5.53,attitude_only,2.1884756102012232e-16,1.3323504661182784e-16,1.390213314552998e-15,1.0,0.0,0.0,0.0,1.0,4.3769512204024504e-16,2.664700932236551e-16,2.780426629105996e-15,0.0,0.0,0.0,1.8294994606903647e-16,-1.0268410169202201e-15,-4.94661064723523e-15,-6.002967453357024e-19,1.5122812083746461e-18,-1.3581399110608413e-19,0.034127142,0.034127142,0.00853178549999999,0.008531785500000002,0.008531785500000022,0.008531785499999988,533.284961348058,533.2849613480583,533.284961348059,533.2849613480579,-4.1086979558772585,1.0199706000001014,7.174847342166325e-15,-7.946491507088025e-16,0.27570179095734876
5.54,attitude_only,2.1973692993339227e-16,1.281848570309679e-16,1.3654726482577758e-15,1.0,0.0,0.0,0.0,1.0,4.394738598667849e-16,2.563697140619352e-16,2.7309452965155517e-15,0.0,0.0,0.0,1.7416823388374607e-16,-9.952997435205248e-16,-4.948640796314898e-15,-5.915003730521914e-19,1.4843846777302166e-18,-1.3581399110608413e-19,0.034127142,0.034127142,0.00853178549999999,0.008531785500000002,0.00853178550000002,0.008531785499999988,533.284961348058,533.2849613480583,533.2849613480589,533.2849613480579,-4.196891305606927,1.0199706000001014,7.245239647033728e-15,-8.037925597778183e-16,0.2302051439120937
5.545,zero_thrust,2.8928348958458605e-16,3.2050617826170304e-16,1.3407298249291516e-15,1.0,0.0,0.0,0.0,1.0,5.78566979169173e-16,6.410123565234053e-16,2.6814596498583033e-15,0.0,0.0,0.0,1.787377441392401e-14,4.9457613460242794e-14,-4.9483870276812606e-15,0.0,0.0,0.0,0.0,0.0,0.0,0.0,0.0,0.0,0.0,0.0,0.0,0.0,-5.421214255060995,1.0199706000001014,7.315978003647569e-15,-8.148731333456554e-16,0.18893111970058002
5.5600000000000005,zero_thrust,3.909327628632484e-16,6.006178512935839e-16,1.3159550822644283e-15,1.0,0.0,0.0,0.0,1.0,7.818655257264983e-16,1.2012357025871667e-15,2.631910164528857e-15,0.0,0.0,0.0,2.143562714294203e-14,5.887700634783501e-14,-4.960559991881463e-15,0.0,0.0,0.0,0.0,0.0,0.0,0.0,0.0,0.0,0.0,0.0,0.0,0.0,-4.5325287700740216,1.0199706000001014,7.402995589623744e-15,-8.410085388242614e-16,0.17328653041856196
5.57,zero_thrust,4.915304320568034e-16,8.759000684110756e-16,1.2912860421663636e-15,1.0,0.0,0.0,0.0,1.0,9.83060864113609e-16,1.75180013682215e-15,2.582572084332728e-15,0.0,0.0,0.0,1.822001732562017e-14,4.96816287559519e-14,-4.8991004006439166e-15,0.0,0.0,0.0,0.0,0.0,0.0,0.0,0.0,0.0,0.0,0.0,0.0,0.0,-3.2887059603472872,1.0199706000001014,7.527765635263468e-15,-8.923574174614932e-16,0.19015238320415812
5.58,zero_thrust,5.684867041287979e-16,1.0846768005271193e-15,1.2667702842714122e-15,1.0,0.0,0.0,0.0,1.0,1.1369734082575985e-15,2.169353601054237e-15,2.5335405685428256e-15,0.0,0.0,0.0,1.393507389672636e-14,3.764315709838127e-14,-4.9059878399974325e-15,0.0,0.0,0.0,0.0,0.0,0.0,0.0,0.0,0.0,0.0,0.0,0.0,0.0,-1.8475110102735166,1.0199706000001014,7.690919088267777e-15,-9.656706144218514e-16,0.22932507110437295
5.59,zero_thrust,6.381198483727717e-16,1.2728736906308213e-15,1.2422255075365599e-15,1.0,0.0,0.0,0.0,1.0,1.2762396967455465e-15,2.545747381261641e-15,2.4844510150731213e-15,0.0,0.0,0.0,1.3931028922920225e-14,3.762709183033545e-14,-4.91038517462211e-15,0.0,0.0,0.0,0.0,0.0,0.0,0.0,0.0,0.0,0.0,0.0,0.0,0.0,-0.647858759332429,1.0199706000001014,7.860491724830884e-15,-1.0424619221284937e-15,0.2708325735486913
5.6,hover,7.07750341172519e-16,1.4610337269168266e-15,1.2176546679698883e-15,1.0,0.0,0.0,0.0,1.0,1.4155006823450416e-15,2.9220674538336516e-15,2.4353093359397785e-15,0.0,0.0,0.0,1.3920383584608132e-14,3.764487245011278e-14,-4.916396319158631e-15,-1.722616262976753e-17,-4.5260270679130867e-17,5.8130255550758576e-18,0.34127141999999994,0.34127141999999994,0.08531785499999996,0.08531785499999975,0.08531785499999953,0.0853178550000007,1686.395119774722,1686.39511977472,1686.3951197747178,1686.3951197747294,2.1845958456085346,1.0199706000001014,8.030102979210866e-15,-1.1192729235154178e-15,0.31137581634481
5.61,hover,7.772459937408401e-16,1.649055544825715e-15,1.198278745951621e-15,1.0,0.0,0.0,0.0,1.0,1.5544919874816842e-15,3.298111089651428e-15,2.396557491903244e-15,0.0,0.0,0.0,1.3838266006402613e-14,3.742999745315722e-14,-2.6875027833380613e-15,-1.7266004195984944e-17,-4.5376720657315794e-17,3.165228339924557e-18,0.34127141999999994,0.34127141999999994,0.08531785500000007,0.08531785499999964,0.08531785499999964,0.0853178550000006,1686.395119774723,1686.3951197747188,1686.3951197747188,1686.3951197747283,2.2133284617742675,1.0199706000001014,8.199765201820299e-15,-1.1961078863845245e-15,0.35095621809424316
5.62,hover,8.44949338699944e-16,1.8323098568082704e-15,1.189151190946538e-15,1.0,0.0,0.0,0.0,1.0,1.6898986773998923e-15,3.664619713616538e-15,2.378302381893079e-15,0.0,0.0,0.0,1.3169215196494502e-14,3.577831909249348e-14,-1.254217534059637e-15,-1.6594835376060154e-17,-4.375248981544423e-17,1.4578282161310437e-18,0.34127141999999994,0.34127141999999994,0.08531785500000014,0.08531785499999958,0.08531785499999972,0.08531785500000051,1686.3951197747238,1686.3951197747183,1686.3951197747197,1686.3951197747274,2.5453691766746673,1.0199706000001014,8.369851914763088e-15,-1.2731449933526235e-15,0.389691538457005
5.63,hover,9.073181954855392e-16,2.0030593093831115e-15,1.1845821374400277e-15,1.0,0.0,0.0,0.0,1.0,1.814636390971083e-15,4.006118618766221e-15,2.369164274880059e-15,0.0,0.0,0.0,1.1820508689659222e-14,3.264403875440452e-14,-5.023803718833721e-16,-1.5094592654754407e-17,-4.0317793797281516e-17,5.606474252383598e-19,0.34127141999999994,0.34127141999999994,0.08531785500000015,0.08531785499999958,0.08531785499999976,0.08531785500000043,1686.3951197747238,1686.3951197747183,1686.3951197747201,1686.3951197747265,2.7986667867149286,1.0199706000001014,8.541187857496875e-15,-1.3507611266642152e-15,0.4278101107257639
5.64,hover,9.623036931210171e-16,2.155377982901254e-15,1.181540021704437e-15,1.0,0.0,0.0,0.0,1.0,1.9246073862420394e-15,4.310755965802506e-15,2.3630800434088783e-15,0.0,0.0,0.0,1.039214082426725e-14,2.8544757074659335e-14,-8.870936222208543e-16,-1.3484472624526712e-17,-3.568410335233388e-17,1.0311742618655467e-18,0.34127141999999994,0.34127141999999994,0.08531785500000011,0.08531785499999965,0.08531785499999978,0.0853178550000004,1686.3951197747235,1686.395119774719,1686.3951197747203,1686.3951197747263,2.9930611161140432,1.0199706000001014,8.714663081269607e-15,-1.4293526158605121e-15,0.46551649506287146
5.65,hover,1.0114115564978858e-15,2.2858551407596164e-15,1.176067512206735e-15,1.0,0.0,0.0,0.0,1.0,2.0228231129957772e-15,4.57171028151923e-15,2.352135024413475e-15,0.0,0.0,0.0,9.401031510889327e-15,2.4100282210507655e-14,-1.4094604963907475e-15,-1.2389151763582104e-17,-3.059173633745696e-17,1.672109115833327e-18,0.34127141999999994,0.34127141999999994,0.08531785500000005,0.08531785499999972,0.08531785499999978,0.08531785500000039,1686.3951197747228,1686.3951197747197,1686.3951197747203,1686.3951197747263,3.1432993879486437,1.0199706000001014,8.891057456423795e-15,-1.5092739529315882e-15,0.5029590198157411
5.66,hover,1.0567264195243632e-15,2.393915946087831e-15,1.1684562426376134e-15,1.0,0.0,0.0,0.0,1.0,2.113452839048732e-15,4.7878318921756594e-15,2.336912485275232e-15,0.0,0.0,0.0,8.867600923843553e-15,1.9525941868376177e-14,-1.6114048177925463e-15,-1.1837711068365608e-17,-2.5297787345582943e-17,1.9305563496934106e-18,0.34127141999999994,0.34127141999999994,0.08531785500000001,0.08531785499999978,0.0853178549999998,0.08531785500000034,1686.3951197747224,1686.3951197747203,1686.3951197747203,1686.3951197747258,3.260190595695191,1.0199706000001014,9.071003022536898e-15,-1.5908090149057626e-15,0.5402365740825541
5.6690000000000005,attitude_only,1.1349940936202302e-15,2.5290135063432106e-15,1.1525581830492415e-15,1.0,0.0,0.0,0.0,1.0,2.2699881872404663e-15,5.058027012686419e-15,2.305116366098489e-15,0.0,0.0,0.0,8.629288018828914e-15,1.0899866574439764e-14,-1.7726549595252546e-15,-1.1629399174517505e-17,-1.504459579202921e-17,-3.1294316576448207e-21,0.034127142,0.034127142,0.008531785500000026,0.008531785499999795,0.008531785499999974,0.008531785500000204,533.2849613480591,533.2849613480519,533.2849613480574,533.2849613480647,5.086542195821329,1.0199706000001014,9.25497331855708e-15,-1.6741806477519908e-15,0.5774124198715331
5.68,attitude_only,1.1436175960170147e-15,2.5392156135912923e-15,1.1507898362088054e-15,1.0,0.0,0.0,0.0,1.0,2.2872351920340354e-15,5.078431227182582e-15,2.3015796724176168e-15,0.0,0.0,0.0,8.62282603654116e-15,9.968605111213313e-15,-1.7683468404362476e-15,-1.1716495882174146e-17,-1.403673669238081e-17,-3.1294316576448207e-21,0.034127142,0.034127142,0.008531785500000017,0.008531785499999802,0.008531785499999982,0.008531785500000198,533.2849613480588,533.2849613480521,533.2849613480578,533.2849613480645,4.893982985782474,1.0199706000001014,9.443309200871263e-15,-1.759560634719925e-15,0.614526135182178
5.69,attitude_only,1.1855456633575712e-15,2.5768060576325685e-15,1.1456639251020362e-15,1.0,0.0,0.0,0.0,1.0,2.3710913267151483e-15,5.153612115265135e-15,2.2913278502040784e-15,0.0,0.0,0.0,8.077559425017693e-15,5.6114314432421516e-15,-4.24832245713822e-16,-1.1142951542596168e-17,-8.86424260524784e-18,-3.1294316576448207e-21,0.034127142,0.034127142,0.008531785499999982,0.008531785499999845,0.008531785500000017,0.008531785500000154,533.2849613480578,533.2849613480535,533.2849613480588,533.2849613480631,4.326731368704611,1.0199706000001014,9.6360674426482e-15,-1.8469949733448585e-15,0.6515651833892545
5.7,attitude_only,1.2228919741864484e-15,2.5942979836973334e-15,1.148295982859618e-15,1.0,0.0,0.0,0.0,1.0,2.4457839483729027e-15,5.188595967394664e-15,2.2965919657192425e-15,0.0,0.0,0.0,6.873408083794445e-15,1.8125335939008517e-15,1.223299873991358e-15,-9.766704013966212e-18,-4.323690521977289e-18,-3.1294316576448207e-21,0.034127142,0.034127142,0.008531785499999958,0.00853178549999989,0.008531785500000041,0.008531785500000107,533.284961348057,533.2849613480548,533.2849613480596,533.2849613480616,4.196803680153225,1.0199706000001014,9.832344159275628e-15,-1.93607844972735e-15,0.6883361126487305
5.71,attitude_only,1.2528274337612085e-15,2.5938549040404068e-15,1.1593488491904804e-15,1.0,0.0,0.0,0.0,1.0,2.505654867522423e-15,5.18770980808081e-15,2.318697698380967e-15,0.0,0.0,0.0,5.2045727275027216e-15,-1.551703115205025e-15,2.9291960791899876e-15,-7.81614731369117e-18,-2.710894398981877e-19,-3.1294316576448207e-21,0.034127142,0.034127142,0.008531785499999943,0.008531785499999937,0.008531785500000059,0.008531785500000062,533.2849613480565,533.2849613480563,533.28496134806,533.2849613480602,4.083810033102947,1.0199706000001014,1.0031228177332065e-14,-2.026396001773701e-15,0.7246544670977481
5.72,attitude_only,1.2738167944852813e-15,2.5780551254738195e-15,1.1753466154525928e-15,1.0,0.0,0.0,0.0,1.0,2.5476335889705686e-15,5.156110250947636e-15,2.3506932309051924e-15,0.0,0.0,0.0,3.378385246504837e-15,-4.355762569410258e-15,3.063955154531856e-15,-5.658506188958758e-18,3.1373395308421933e-18,-3.1294316576448207e-21,0.034127142,0.034127142,0.008531785499999932,0.00853178549999998,0.008531785500000067,0.008531785500000019,533.2849613480562,533.2849613480577,533.2849613480604,533.2849613480589,3.981873618036956,1.0199706000001014,1.0232093516266393e-14,-2.117657890521446e-15,0.7603957466754804
5.73,attitude_only,1.286866916551269e-15,2.5439602262834416e-15,1.1931823012918818e-15,1.0,0.0,0.0,0.0,1.0,2.573733833102544e-15,5.08792045256688e-15,2.3863646025837703e-15,0.0,0.0,0.0,1.1505371011631605e-15,-6.6704191299433466e-15,2.8405277321413444e-15,-2.9965937855603785e-18,5.981631594781337e-18,-3.1294316576448207e-21,0.034127142,0.034127142,0.00853178549999993,0.008531785500000022,0.00853178550000007,0.008531785499999977,533.2849613480561,533.284961348059,533.2849613480604,533.2849613480575,3.887076127182124,1.0199706000001014,1.043451333029499e-14,-2.2096631191801194e-15,0.7954746083131076
5.74,attitude_only,1.288277799644627e-15,2.514914225670991e-15,1.2045323007158383e-15,1.0,0.0,0.0,0.0,1.0,2.5765555992892598e-15,5.029828451341979e-15,2.409064601431683e-15,0.0,0.0,0.0,-2.1665197606495711e-16,-7.631555868282199e-15,2.7568633853599207e-15,-1.353800373125988e-18,7.21131123947078e-18,-3.1294316576448207e-21,0.034127142,0.034127142,0.008531785499999934,0.008531785500000045,0.008531785500000066,0.008531785499999955,533.2849613480562,533.2849613480597,533.2849613480603,533.2849613480569,3.796801400253919,1.0199706000001014,1.0638192866411566e-14,-2.3022672298475912e-15,0.8298316332385178
5.75,attitude_only,1.2834441369981293e-15,2.475139847431504e-15,1.2178581964992993e-15,1.0,0.0,0.0,0.0,1.0,2.5668882739962645e-15,4.9502796948630045e-15,2.435716392998605e-15,0.0,0.0,0.0,-1.5108870738792804e-15,-8.133242012713032e-15,2.5739120602179785e-15,2.1439061498999235e-19,7.89466703291491e-18,-3.1294316576448207e-21,0.034127142,0.034127142,0.00853178549999994,0.008531785500000062,0.008531785500000059,0.008531785499999937,533.2849613480564,533.2849613480602,533.28496134806,533.2849613480563,3.709304854825441,1.0199706000001014,1.0842930072648177e-14,-2.395374422696728e-15,0.8634248199696324
5.76,attitude_only,1.273190388286993e-15,2.4342138663720033e-15,1.2311237528421373e-15,1.0,0.0,0.0,0.0,1.0,2.546380776573992e-15,4.8684277327440035e-15,2.462247505684281e-15,0.0,0.0,0.0,-2.444946700083239e-15,-8.145369903049597e-15,2.682774839406793e-15,1.3597116334355742e-18,7.99067420034928e-18,-3.1294316576448207e-21,0.034127142,0.034127142,0.00853178549999995,0.008531785500000071,0.00853178550000005,0.008531785499999927,533.2849613480568,533.2849613480605,533.2849613480599,533.284961348056,3.6234284839324022,1.0199706000001014,1.104858034423949e-14,-2.488920393858579e-15,0.8962240499732341
5.77,attitude_only,1.2589941146614905e-15,2.3944576050096177e-15,1.2444062551803335e-15,1.0,0.0,0.0,0.0,1.0,2.517988229322987e-15,4.788915210019232e-15,2.488812510360673e-15,0.0,0.0,0.0,-3.1284047624632174e-15,-7.730234510647452e-15,2.683817669890368e-15,2.2111453559161802e-18,7.569814074573179e-18,-3.1294316576448207e-21,0.034127142,0.034127142,0.008531785499999958,0.008531785500000074,0.008531785500000041,0.008531785499999925,533.284961348057,533.2849613480606,533.2849613480596,533.284961348056,3.538410571552134,1.0199706000001014,1.125503807630121e-14,-2.582856453603051e-15,0.9282074391935469
5.78,attitude_only,1.2417482318524154e-15,2.357797180555841e-15,1.2572774173959302e-15,1.0,0.0,0.0,0.0,1.0,2.4834964637048368e-15,4.715594361111679e-15,2.5145548347918663e-15,0.0,0.0,0.0,-3.688881252663574e-15,-6.957588798010297e-15,2.4341172635295383e-15,2.920605956683246e-18,6.7122151073887004e-18,-3.1294316576448207e-21,0.034127142,0.034127142,0.00853178549999997,0.008531785500000074,0.00853178550000003,0.008531785499999925,533.2849613480573,533.2849613480606,533.2849613480593,533.284961348056,3.453757632325121,1.0199706000001014,1.1462226578980111e-14,-2.6771441737945645e-15,0.9593588979477169
5.79,attitude_only,1.2219740403206277e-15,2.3256214014100225e-15,1.2689017865528727e-15,1.0,0.0,0.0,0.0,1.0,2.4439480806412612e-15,4.651242802820042e-15,2.537803573105751e-15,0.0,0.0,0.0,-4.1520713119107105e-15,-5.953754593566158e-15,2.1316567719424795e-15,3.517954740898916e-18,5.5671516079913945e-18,-3.1294316576448207e-21,0.034127142,0.034127142,0.008531785499999984,0.00853178550000007,0.008531785500000015,0.00853178549999993,533.2849613480578,533.2849613480604,533.2849613480588,533.2849613480561,3.369157626669176,1.0199706000001014,1.1670088501908793e-14,-2.7717525271621384e-15,0.9896664739881702
5.8,attitude_only,1.2002214423253e-15,2.2989153482276125e-15,1.278727698386362e-15,1.0,0.0,0.0,0.0,1.0,2.400442884650606e-15,4.597830696455222e-15,2.5574553967727294e-15,0.0,0.0,0.0,-4.501828134925489e-15,-4.807373285411604e-15,1.9205202765157582e-15,3.982681209865904e-18,4.2395677710600456e-18,-3.1294316576448207e-21,0.034127142,0.034127142,0.008531785499999998,0.008531785500000062,0.008531785500000002,0.008531785499999936,533.2849613480582,533.2849613480602,533.2849613480583,533.2849613480563,3.2844208159430432,1.0199706000001014,1.1878580364647557e-14,-2.8666580373052408e-15,1.0191212097185547
5.8100000000000005,attitude_only,1.176839672596999e-15,2.2780602091746225e-15,1.2868044890876215e-15,1.0,0.0,0.0,0.0,1.0,2.353679345194004e-15,4.556120418349242e-15,2.5736089781752486e-15,0.0,0.0,0.0,-4.771895975045282e-15,-3.659859877668345e-15,1.3148637608142624e-15,4.354481577760112e-18,2.8991502805448206e-18,-3.1294316576448207e-21,0.034127142,0.034127142,0.008531785500000012,0.008531785500000055,0.00853178549999999,0.008531785499999944,533.2849613480587,533.28496134806,533.284961348058,533.2849613480565,3.1994392932028233,1.0199706000001014,1.2087667216413498e-14,-2.961841495734033e-15,1.047716341740976
5.82,attitude_only,1.1527804154753902e-15,2.2626118274947473e-15,1.2914695163735334e-15,1.0,0.0,0.0,0.0,1.0,2.3055608309507862e-15,4.5252236549894915e-15,2.582939032747072e-15,0.0,0.0,0.0,-4.788535402552395e-15,-2.650992529662386e-15,6.356644008527959e-16,4.42233424479417e-18,1.715019388234293e-18,-3.1294316576448207e-21,0.034127142,0.034127142,0.00853178550000002,0.008531785500000047,0.008531785499999979,0.008531785499999953,533.2849613480589,533.2849613480598,533.2849613480577,533.2849613480569,3.1141592352743612,1.0199706000001014,1.2297317833176833e-14,-3.05729121145997e-15,1.0754467317765806
5.83,attitude_only,1.1294898711516803e-15,2.2519423065173093e-15,1.294328807339565e-15,1.0,0.0,0.0,0.0,1.0,2.2589797423033665e-15,4.5038846130346155e-15,2.588657614679135e-15,0.0,0.0,0.0,-4.504401202219239e-15,-1.7464137244602782e-15,6.392260832933849e-16,4.126417216416574e-18,6.46988959236366e-19,-3.1294316576448207e-21,0.034127142,0.034127142,0.008531785500000026,0.008531785500000036,0.008531785499999974,0.008531785499999963,533.2849613480591,533.2849613480595,533.2849613480574,533.2849613480572,3.028561880869066,1.0199706000001014,1.2507506258534417e-14,-3.1530024876975108e-15,1.1023084564090588
5.84,attitude_only,1.1084396211817736e-15,2.2453405709966644e-15,1.2984231317653655e-15,1.0,0.0,0.0,0.0,1.0,2.216879242363553e-15,4.490681141993326e-15,2.596846263530736e-15,0.0,0.0,0.0,-3.937063981835146e-15,-9.945499931377747e-16,9.004174506481674e-16,3.484983191774014e-18,-2.4530201841926055e-19,-3.1294316576448207e-21,0.034127142,0.034127142,0.00853178550000003,0.008531785500000024,0.008531785499999972,0.008531785499999976,533.2849613480593,533.284961348059,533.2849613480574,533.2849613480575,2.9426505276641683,1.0199706000001014,1.2718211663086074e-14,-3.2489736117385388e-15,1.128298507557504
5.85,attitude_only,1.0906934235672534e-15,2.2420337061359703e-15,1.3041201980484437e-15,1.0,0.0,0.0,0.0,1.0,2.1813868471345128e-15,4.4840674122719375e-15,2.608240396096892e-15,0.0,0.0,0.0,-3.197019514739025e-15,-4.3353564683454237e-16,1.206099366535618e-15,2.628900026406058e-18,-9.141838775147939e-19,-3.1294316576448207e-21,0.034127142,0.034127142,0.008531785500000028,0.008531785500000014,0.008531785499999972,0.008531785499999986,533.2849613480591,533.2849613480587,533.2849613480574,533.2849613480579,2.856441697451007,1.0199706000001014,1.2929416881796461e-14,-3.3452026168936148e-15,1.1534145713234893
5.86,attitude_only,1.0772254039730918e-15,2.2409897264907513e-15,1.3121381502365579e-15,1.0,0.0,0.0,0.0,1.0,2.1544508079461896e-15,4.4819794529814994e-15,2.6242763004731205e-15,0.0,0.0,0.0,-2.2961700712720512e-15,-7.2848044255641e-17,1.85691976024315e-15,1.5708423949584113e-18,-1.3462805201669192e-18,-3.1294316576448207e-21,0.034127142,0.034127142,0.008531785500000022,0.008531785500000002,0.008531785499999977,0.008531785499999998,533.284961348059,533.2849613480583,533.2849613480575,533.2849613480582,2.769959193642599,1.0199706000001014,1.3141105985245358e-14,-3.4416885907800122e-15,1.1776548631075785
5.87,attitude_only,1.0683234740232594e-15,2.2410040859405624e-15,1.3235385281784889e-15,1.0,0.0,0.0,0.0,1.0,2.1366469480465247e-15,4.482008171881122e-15,2.6470770563569825e-15,0.0,0.0,0.0,-1.3403533939523343e-15,2.8161311074347155e-17,2.578863274626599e-15,4.372659161142741e-19,-1.4677733596736484e-18,-3.1294316576448207e-21,0.034127142,0.034127142,0.008531785500000015,0.008531785499999991,0.008531785499999986,0.008531785500000007,533.2849613480588,533.284961348058,533.2849613480579,533.2849613480586,2.6832301658881432,1.0199706000001014,1.3353264344783181e-14,-3.538428025548637e-15,1.2010180036562812
5.88,attitude_only,1.0640364524405292e-15,2.2410058332701405e-15,1.3370156681476713e-15,1.0,0.0,0.0,0.0,1.0,2.1280729048810644e-15,4.482011666540278e-15,2.6740313362953474e-15,0.0,0.0,0.0,-4.860271016554193e-16,-2.37184924903653e-17,2.629404619044996e-15,-5.830653636254696e-19,-1.4052804104710897e-18,-3.1294316576448207e-21,0.034127142,0.034127142,0.008531785500000007,0.008531785499999984,0.008531785499999993,0.008531785500000015,533.2849613480586,533.2849613480578,533.2849613480581,533.2849613480588,2.5962825642140026,1.0199706000001014,1.3565879328686762e-14,-3.635417594512261e-15,1.223502925231455
5.89,attitude_only,1.0634858984211884e-15,2.24076843625743e-15,1.3482000966638474e-15,1.0,0.0,0.0,0.0,1.0,2.1269717968423827e-15,4.481536872514857e-15,2.6964001933276994e-15,0.0,0.0,0.0,1.5549138375255762e-16,-8.562567653083351e-17,1.8360844631717656e-15,-1.3544424599525674e-18,-1.3301355328572195e-18,-3.1294316576448207e-21,0.034127142,0.034127142,0.0085317855,0.008531785499999979,0.0085317855,0.00853178550000002,533.2849613480583,533.2849613480577,533.2849613480583,533.2849613480589,2.5091435502439436,1.0199706000001014,1.377894515716927e-14,-3.732648837943327e-15,1.2451088001750936
5.9,attitude_only,1.0653344043958604e-15,2.2398503978790542e-15,1.3554060656733999e-15,1.0,0.0,0.0,0.0,1.0,2.1306688087917268e-15,4.479700795758105e-15,2.7108121313468045e-15,0.0,0.0,0.0,5.073998287278309e-16,-2.9335243839932735e-16,1.1631611683235482e-15,-1.7818065922101738e-18,-1.0779298942310335e-18,-3.1294316576448207e-21,0.034127142,0.034127142,0.008531785499999995,0.008531785499999977,0.008531785500000005,0.008531785500000022,533.2849613480581,533.2849613480575,533.2849613480585,533.284961348059,2.4218385620997886,1.0199706000001014,1.3992456306654111e-14,-3.830111157282915e-15,1.2658349862703249
5.91,attitude_only,1.0682582985211018e-15,2.2374398102308076e-15,1.3592235313685885e-15,1.0,0.0,0.0,0.0,1.0,2.1365165970422095e-15,4.474879620461612e-15,2.7184470627371816e-15,0.0,0.0,0.0,6.291174731465581e-16,-6.585060233456533e-16,5.628532478957818e-16,-1.934158940244112e-18,-6.33160532061986e-19,-3.1294316576448207e-21,0.034127142,0.034127142,0.00853178549999999,0.00853178549999998,0.00853178550000001,0.008531785500000019,533.284961348058,533.2849613480577,533.2849613480586,533.2849613480589,2.3343908201109373,1.0199706000001014,1.4206404760037303e-14,-3.927794390321211e-15,1.2856809847918798
5.92,attitude_only,1.0712719048369196e-15,2.232967107015421e-15,1.3608434189244387e-15,1.0,0.0,0.0,0.0,1.0,2.142543809673845e-15,4.465934214030839e-15,2.721686837848882e-15,0.0,0.0,0.0,5.543616169341622e-16,-1.0859877964264908e-15,1.3787058296736814e-16,-1.8499955289585785e-18,-1.093225264007163e-19,-3.1294316576448207e-21,0.034127142,0.034127142,0.008531785499999986,0.008531785499999984,0.008531785500000014,0.008531785500000015,533.2849613480579,533.2849613480578,533.2849613480587,533.2849613480588,2.2468211242858063,1.0199706000001014,1.442078403584805e-14,-4.0256912933292714e-15,1.3046464082017322
5.93,attitude_only,1.0735069671066336e-15,2.2261769194637217e-15,1.3596906462836097e-15,1.0,0.0,0.0,0.0,1.0,2.147013934213273e-15,4.45235383892744e-15,2.719381292567224e-15,0.0,0.0,0.0,3.4101598074744985e-16,-1.5779747066205313e-15,-4.0332203931060025e-16,-1.597390925341998e-18,4.968415128983371e-19,-3.1294316576448207e-21,0.034127142,0.034127142,0.008531785499999984,0.008531785499999991,0.008531785500000015,0.008531785500000008,533.2849613480578,533.284961348058,533.2849613480588,533.2849613480586,2.1591478396421477,1.0199706000001014,1.4635590170474763e-14,-4.123795573083513e-15,1.322730955212407
5.94,attitude_only,1.074520691853183e-15,2.2170148885076444e-15,1.3586281102161784e-15,1.0,0.0,0.0,0.0,1.0,2.149041383706372e-15,4.434029777015286e-15,2.7172562204323614e-15,0.0,0.0,0.0,6.028264548440235e-17,-1.9932881163994444e-15,2.1168094992384198e-16,-1.2611137494811851e-18,1.0151504857970288e-18,-3.1294316576448207e-21,0.034127142,0.034127142,0.008531785499999982,0.008531785499999998,0.008531785500000017,0.008531785500000002,533.2849613480578,533.2849613480582,533.2849613480588,533.2849613480583,2.0713869974833723,1.0199706000001014,1.4850819950930512e-14,-4.2221038572822825e-15,1.3399343915008908
5.95,attitude_only,1.0738069210771128e-15,2.20662276078478e-15,1.3614258962862076e-15,1.0,0.0,0.0,0.0,1.0,2.1476138421542315e-15,4.413245521569557e-15,2.72285179257242e-15,0.0,0.0,0.0,-3.2134153927047847e-16,-2.1266258115837424e-15,8.56714415083456e-16,-7.999513123826235e-19,1.1964219781340234e-18,-3.1294316576448207e-21,0.034127142,0.034127142,0.008531785499999984,0.008531785500000003,0.008531785500000015,0.008531785499999996,533.2849613480578,533.2849613480585,533.2849613480588,533.2849613480582,1.9835524633743509,1.0199706000001014,1.506647804218468e-14,-4.3206125705881346e-15,1.356256534770273
5.96,attitude_only,1.0706911987430143e-15,2.1960690803446722e-15,1.3676797133122566e-15,1.0,0.0,0.0,0.0,1.0,2.1413823974860345e-15,4.392138160689341e-15,2.735359426624518e-15,0.0,0.0,0.0,-8.899941332515605e-16,-2.064564986475254e-15,1.5849530148367367e-15,-1.0866825827280968e-19,1.142594637868589e-18,-3.1294316576448207e-21,0.034127142,0.034127142,0.008531785499999991,0.008531785500000008,0.00853178550000001,0.008531785499999991,533.284961348058,533.2849613480586,533.2849613480586,533.284961348058,1.895656138599321,1.0199706000001014,1.5282569527979978e-14,-4.41931690521067e-15,1.3716972431652648
5.97,attitude_only,1.0645909018189583e-15,2.1861988906273828e-15,1.3764422168045784e-15,1.0,0.0,0.0,0.0,1.0,2.1291818036379225e-15,4.372397781254762e-15,2.7528844336091616e-15,0.0,0.0,0.0,-1.4832532053631214e-15,-1.9096072878748623e-15,1.8003220284792912e-15,6.180751603146943e-19,9.757414724268675e-19,-3.1294316576448207e-21,0.034127142,0.034127142,0.008531785499999996,0.008531785500000012,0.008531785500000003,0.008531785499999988,533.2849613480582,533.2849613480587,533.2849613480585,533.2849613480579,1.807708173178903,1.0199706000001014,1.549909808634819e-14,-4.5182114389450644e-15,1.386256406280238
5.98,attitude_only,1.0555919275874658e-15,2.177071495097323e-15,1.3852090644119794e-15,1.0,0.0,0.0,0.0,1.0,2.1111838551749376e-15,4.354142990194643e-15,2.7704181288239635e-15,0.0,0.0,0.0,-2.0537023668955765e-15,-1.7647653758276984e-15,1.7249868348145033e-15,1.3231511778225977e-18,8.19578831728549e-19,-3.1294316576448207e-21,0.034127142,0.034127142,0.008531785500000003,0.008531785500000015,0.008531785499999996,0.008531785499999982,533.2849613480585,533.2849613480588,533.2849613480582,533.2849613480578,1.750111691748907,1.0199706000001014,1.571606215270557e-14,-4.617295280833428e-15,1.3999339381744975
5.99,attitude_only,1.0439692570110845e-15,2.1685995644034767e-15,1.3924737716988552e-15,1.0,0.0,0.0,0.0,1.0,2.087938514022175e-15,4.33719912880695e-15,2.7849475433977147e-15,0.0,0.0,0.0,-2.5261618801911213e-15,-1.6180151591270401e-15,1.1808882178166486e-15,1.915364212579162e-18,6.596587232790291e-19,-3.1294316576448207e-21,0.034127142,0.034127142,0.00853178550000001,0.008531785500000019,0.008531785499999991,0.00853178549999998,533.2849613480586,533.2849613480589,533.284961348058,533.2849613480577,1.6327408764741225,1.0199706000001014,1.5933458974233553e-14,-4.7165682285959565e-15,1.4127297719436225
6.0,attitude_only,1.0307394273593457e-15,2.161293131364107e-15,1.396539860487962e-15,1.0,0.0,0.0,0.0,1.0,2.0614788547186973e-15,4.3225862627282105e-15,2.7930797209759283e-15,0.0,0.0,0.0,-2.7056772521173945e-15,-1.3118409819007687e-15,5.664918167806516e-16,2.1578394314118632e-18,3.05368120426511e-19,-3.1294316576448207e-21,0.034127142,0.034127142,0.008531785500000014,0.008531785500000019,0.008531785499999986,0.00853178549999998,533.2849613480587,533.2849613480589,533.2849613480579,533.2849613480577,1.544474372273357,1.0199706000001014,1.6151289651885834e-14,-4.816034340172024e-15,1.4246438554983252
6.01,attitude_only,1.0172727070147766e-15,2.1557706027303717e-15,1.3978036811468977e-15,1.0,0.0,0.0,0.0,1.0,2.034545414029559e-15,4.31154120546074e-15,2.7956073622938e-15,0.0,0.0,0.0,-2.6528813778807015e-15,-9.262744351619324e-16,-3.1434412831868033e-17,2.121013196106638e-18,-1.4804899130847332e-19,-3.1294316576448207e-21,0.034127142,0.034127142,0.008531785500000017,0.008531785500000015,0.008531785499999982,0.008531785499999984,533.2849613480588,533.2849613480588,533.2849613480578,533.2849613480578,1.4562253534739384,1.0199706000001014,1.636955713441113e-14,-4.915700712705403e-15,1.4356761482810876
6.02,attitude_only,1.0046789116154903e-15,2.1522015512173854e-15,1.3970168728521476e-15,1.0,0.0,0.0,0.0,1.0,2.0093578232309865e-15,4.304403102434768e-15,2.7940337457042996e-15,0.0,0.0,0.0,-2.3579018254016217e-15,-5.3439082516391025e-16,-1.6796532652423704e-16,1.790616751385758e-18,-6.129654150544608e-19,-3.1294316576448207e-21,0.034127142,0.034127142,0.008531785500000019,0.008531785500000008,0.00853178549999998,0.008531785499999991,533.2849613480589,533.2849613480586,533.2849613480577,533.284961348058,1.3679896913882443,1.0199706000001014,1.65882615986228e-14,-5.015572332452018e-15,1.445826618711543
6.03,attitude_only,9.944835100686172e-16,2.150490648399235e-15,1.3974037360054213e-15,1.0,0.0,0.0,0.0,1.0,1.9889670201372403e-15,4.300981296798467e-15,2.794807472010847e-15,0.0,0.0,0.0,-1.7455269754512473e-15,-2.1644382617392238e-16,3.740647988504475e-16,1.0732222011998227e-18,-9.92337375580707e-19,-3.1294316576448207e-21,0.034127142,0.034127142,0.008531785500000015,0.0085317855,0.008531785499999984,0.0085317855,533.2849613480588,533.2849613480583,533.2849613480578,533.2849613480583,1.2797642228483364,1.0199706000001014,1.6807401815259325e-14,-5.115657020184793e-15,1.4550952421984298
6.04,attitude_only,9.875620209224072e-16,2.14975954037361e-15,1.4014488989944127e-15,1.0,0.0,0.0,0.0,1.0,1.9751240418448203e-15,4.299519080747217e-15,2.8028977979888297e-15,0.0,0.0,0.0,-1.0955791862488957e-15,-1.2012005317581429e-16,1.1454357335387187e-15,3.0424064601948953e-19,-1.1067247026466785e-18,-3.1294316576448207e-21,0.034127142,0.034127142,0.00853178550000001,0.008531785499999993,0.00853178549999999,0.008531785500000005,533.2849613480586,533.2849613480581,533.284961348058,533.2849613480585,1.1915465261542977,1.0199706000001014,1.702697172663124e-14,-5.215959754255704e-15,1.463481999592211
6.05,attitude_only,9.839459284648158e-16,2.1490638579767303e-15,1.4076108956593028e-15,1.0,0.0,0.0,0.0,1.0,1.9678918569296376e-15,4.2981277159534574e-15,2.81522179131861e-15,0.0,0.0,0.0,-4.556905564266989e-16,-1.6291717613939917e-16,1.1132352949351785e-15,-4.590688042028798e-19,-1.0537389833289825e-18,-3.1294316576448207e-21,0.034127142,0.034127142,0.008531785500000005,0.008531785499999988,0.008531785499999995,0.008531785500000012,533.2849613480585,533.2849613480579,533.2849613480581,533.2849613480587,1.103334748689599,1.0199706000001014,1.7246964245437006e-14,-5.316479467499317e-15,1.470986875980519
6.06,attitude_only,9.829725327513094e-16,2.1481472860498533e-15,1.413245459513883e-15,1.0,0.0,0.0,0.0,1.0,1.9659450655026247e-15,4.296294572099703e-15,2.8264909190277705e-15,0.0,0.0,0.0,9.468861110157496e-18,-2.0083044893323532e-16,1.1381034110812525e-15,-1.017354793858209e-18,-1.0062347514870468e-18,-3.1294316576448207e-21,0.034127142,0.034127142,0.0085317855,0.008531785499999984,0.0085317855,0.008531785500000015,533.2849613480583,533.2849613480578,533.2849613480583,533.2849613480588,1.0151274743489531,1.0199706000001014,1.7467376900978916e-14,-5.417211318608599e-15,1.477609859750383
6.07,attitude_only,9.841388126031054e-16,2.147003310908619e-15,1.4176406682005964e-15,1.0,0.0,0.0,0.0,1.0,1.9682776252062167e-15,4.2940066218172345e-15,2.835281336401197e-15,0.0,0.0,0.0,3.735936478459275e-16,-2.7553799017755756e-16,5.66859294565326e-16,-1.4580404744195925e-18,-9.138303220920845e-19,-3.1294316576448207e-21,0.034127142,0.034127142,0.008531785499999996,0.00853178549999998,0.008531785500000003,0.008531785500000017,533.2849613480582,533.2849613480577,533.2849613480585,533.2849613480588,0.926923621633373,1.0199706000001014,1.768820957891457e-14,-5.518151292742261e-15,1.4833509418580935
6.08,attitude_only,9.86807591474813e-16,2.144542143491665e-15,1.4183398357722149e-15,1.0,0.0,0.0,0.0,1.0,1.9736151829496318e-15,4.289084286983327e-15,2.836679671544434e-15,0.0,0.0,0.0,4.797730025044604e-16,-5.587981377923937e-16,-1.746340668089485e-16,-1.5902534300348766e-18,-5.683301635763574e-19,-3.1294316576448207e-21,0.034127142,0.034127142,0.008531785499999993,0.008531785499999982,0.008531785500000008,0.008531785500000015,533.2849613480581,533.2849613480578,533.2849613480586,533.2849613480588,0.8387223653587096,1.0199706000001014,1.7909458598003083e-14,-5.6192923486349024e-15,1.488210115260694
6.09,attitude_only,9.885135835964886e-16,2.141625736060419e-15,1.4162995873525572e-15,1.0,0.0,0.0,0.0,1.0,1.977027167192983e-15,4.2832514721208345e-15,2.8325991747051187e-15,0.0,0.0,0.0,3.7301050669702694e-16,-8.762015556453236e-16,-7.142181792516867e-16,-1.4658685401329265e-18,-1.7868404659638854e-19,-3.1294316576448207e-21,0.034127142,0.034127142,0.00853178549999999,0.008531785499999988,0.00853178550000001,0.008531785500000012,533.284961348058,533.2849613480579,533.2849613480586,533.2849613480587,0.7505230765391238,1.0199706000001014,1.8131118288812218e-14,-5.72062752797235e-15,1.4921873744733016
6.1,attitude_only,9.89782048528122e-16,2.1360865573027274e-15,1.4125616450757742e-15,1.0,0.0,0.0,0.0,1.0,1.9795640970562498e-15,4.2721731146054516e-15,2.8251232901515526e-15,0.0,0.0,0.0,1.694105847985983e-16,-1.289812561295852e-15,-6.607654572685622e-16,-1.223242739702798e-18,3.3054728579720377e-19,-3.1294316576448207e-21,0.034127142,0.034127142,0.008531785499999988,0.008531785499999993,0.008531785500000012,0.008531785500000007,533.2849613480579,533.2849613480581,533.2849613480587,533.2849613480586,0.6623252762531098,1.0199706000001014,1.8353183790353954e-14,-5.822150543422811e-15,1.4952827152243924
6.11,attitude_only,9.902512227119007e-16,2.1287116654339223e-15,1.4095780361365404e-15,1.0,0.0,0.0,0.0,1.0,1.9805024454238073e-15,4.2574233308678415e-15,2.819156072273085e-15,0.0,0.0,0.0,2.869680016438813e-17,-1.6208231244400137e-15,-5.722923006658471e-16,-1.0546731661433898e-18,7.439681928145991e-19,-3.1294316576448207e-21,0.034127142,0.034127142,0.008531785499999986,0.008531785499999998,0.008531785500000014,0.008531785500000002,533.2849613480579,533.2849613480582,533.2849613480587,533.2849613480583,0.5741286002619443,1.0199706000001014,1.8575655342155964e-14,-5.923861904715081e-15,1.4974961341873652
6.12,attitude_only,9.900328137767498e-16,2.1198872844052714e-15,1.4072441891253051e-15,1.0,0.0,0.0,0.0,1.0,1.9800656275535055e-15,4.2397745688105396e-15,2.8144883782506146e-15,0.0,0.0,0.0,-1.206576358185958e-16,-1.868013389520602e-15,-3.153771803048684e-16,-8.742412666056232e-19,1.0592766448065105e-18,-3.1294316576448207e-21,0.034127142,0.034127142,0.008531785499999986,0.008531785500000002,0.008531785500000015,0.008531785499999998,533.2849613480579,533.2849613480583,533.2849613480588,533.2849613480582,0.4859327718922551,1.0199706000001014,1.8798534206835566e-14,-6.02576274090495e-15,1.4988276287715
6.13,attitude_only,9.890129175182254e-16,2.1099475309110842e-15,1.4057216294721982e-15,1.0,0.0,0.0,0.0,1.0,1.9780258350364567e-15,4.219895061822165e-15,2.8114432589444008e-15,0.0,0.0,0.0,-2.692561923960343e-16,-2.091026650553804e-15,-3.1337772012207923e-16,-6.932304367887366e-19,1.34780282455189e-18,-3.1294316576448207e-21,0.034127142,0.034127142,0.008531785499999984,0.008531785500000005,0.008531785500000015,0.008531785499999995,533.2849613480578,533.2849613480585,533.2849613480588,533.2849613480581,0.39773758126713216,1.0199706000001014,1.9021821207290634e-14,-6.127852191086848e-15,1.4992771969591665
6.14,attitude_only,9.873918024654208e-16,2.0991205096207997e-15,1.4052950088934637e-15,1.0,0.0,0.0,0.0,1.0,1.9747836049308475e-15,4.198241019241596e-15,2.8105900177869318e-15,0.0,0.0,0.0,-3.865942672614184e-16,-2.204793811761428e-15,2.1675487925624802e-16,-5.485588042776616e-19,1.5063713561186532e-18,-3.1294316576448207e-21,0.034127142,0.034127142,0.008531785499999984,0.008531785500000007,0.008531785500000015,0.008531785499999993,533.2849613480578,533.2849613480586,533.2849613480588,533.2849613480581,0.30954286941130377,1.0199706000001014,1.9245515700482278e-14,-6.230131357087128e-15,1.4988448371790464
6.15,attitude_only,9.846662613890335e-16,2.0881900025984736e-15,1.4082357342590736e-15,1.0,0.0,0.0,0.0,1.0,1.969332522778073e-15,4.176380005196944e-15,2.816471468518151e-15,0.0,0.0,0.0,-6.833436780593681e-16,-2.1370804462204644e-15,8.960729285034542e-16,-1.856260745395279e-19,1.4464861219317028e-18,-3.1294316576448207e-21,0.034127142,0.034127142,0.008531785499999988,0.00853178550000001,0.008531785500000012,0.00853178549999999,533.2849613480579,533.2849613480586,533.2849613480587,533.284961348058,0.22134851609620276,1.0199706000001014,1.9469620780841872e-14,-6.3325971567921185e-15,1.4975305482074044
6.16,attitude_only,9.80231185178155e-16,2.0778918572491308e-15,1.412736730225275e-15,1.0,0.0,0.0,0.0,1.0,1.9604623703563157e-15,4.1557837144982584e-15,2.825473460450554e-15,0.0,0.0,0.0,-1.042997808316094e-15,-1.9903467178550784e-15,8.945806425712713e-16,2.5638885985170364e-19,1.2903091150717903e-18,-3.1294316576448207e-21,0.034127142,0.034127142,0.008531785499999991,0.008531785500000012,0.008531785500000008,0.008531785499999988,533.284961348058,533.2849613480587,533.2849613480586,533.2849613480579,0.13315443055288703,1.0199706000001014,1.9694139781641773e-14,-6.435244458492467e-15,1.4953343290912007
6.17,attitude_only,9.742978878257896e-16,2.0683066987556505e-15,1.4172809877696258e-15,1.0,0.0,0.0,0.0,1.0,1.948595775651585e-15,4.136613397511298e-15,2.8345619755392555e-15,0.0,0.0,0.0,-1.2962718837383589e-15,-1.857007061546741e-15,8.16734504954105e-16,5.732804691958049e-19,1.1488715981172525e-18,-3.1294316576448207e-21,0.034127142,0.034127142,0.008531785499999996,0.008531785500000014,0.008531785500000005,0.008531785499999986,533.2849613480582,533.2849613480587,533.2849613480585,533.2849613480579,0.04496054438249613,1.0199706000001014,1.9919071548303154e-14,-6.538073309401716e-15,1.49225617908821
6.18,attitude_only,9.673585949842398e-16,2.059298573986449e-15,1.421204019440029e-15,1.0,0.0,0.0,0.0,1.0,1.9347171899684855e-15,4.118597147972896e-15,2.842408038880062e-15,0.0,0.0,0.0,-1.4496814581964155e-15,-1.7601067040164446e-15,7.893578636509232e-16,7.718687731274367e-19,1.0501922361210604e-18,-3.1294316576448207e-21,0.034127142,0.034127142,0.008531785499999998,0.008531785500000014,0.008531785500000002,0.008531785499999986,533.2849613480582,533.2849613480587,533.2849613480583,533.2849613480579,-0.04323319385044494,1.0199706000001014,2.0144413317747055e-14,-6.6410860229163745e-15,1.488296097620388
6.19,attitude_only,9.597533197791054e-16,2.050737666702931e-15,1.4249240764471546e-15,1.0,0.0,0.0,0.0,1.0,1.9195066395582167e-15,4.1014753334058594e-15,2.8498481528943132e-15,0.0,0.0,0.0,-1.569775182096368e-15,-1.6794912767696453e-15,7.505616413452918e-16,9.316789936283445e-19,9.702486361925989e-19,-3.1294316576448207e-21,0.034127142,0.034127142,0.0085317855,0.008531785500000014,0.0085317855,0.008531785499999984,533.2849613480583,533.2849613480587,533.2849613480583,533.2849613480578,-0.1314268227369843,1.0199706000001014,2.037016233669154e-14,-6.7442838540364215e-15,1.4834540842375563
6.2,attitude_only,9.516297915251313e-16,2.0425940214119245e-15,1.4277448380276826e-15,1.0,0.0,0.0,0.0,1.0,1.9032595830502685e-15,4.085188042823847e-15,2.855489676055369e-15,0.0,0.0,0.0,-1.6498183386797996e-15,-1.5685926319575688e-15,2.668379754230872e-16,1.0442289649152601e-18,8.528561887376827e-19,-3.1294316576448207e-21,0.034127142,0.034127142,0.008531785500000002,0.008531785500000014,0.008531785499999998,0.008531785499999986,533.2849613480583,533.2849613480587,533.2849613480582,533.2849613480579,-0.21962037115842828,1.0199706000001014,2.0596316545053562e-14,-6.84766632841119e-15,1.4777301385891144
6.21,attitude_only,9.435752816454342e-16,2.035466290875183e-15,1.4279991456363221e-15,1.0,0.0,0.0,0.0,1.0,1.8871505632908743e-15,4.070932581750364e-15,2.855998291272648e-15,0.0,0.0,0.0,-1.5706391434603044e-15,-1.3041559426331213e-15,6.816393567237041e-18,9.649203220864686e-19,5.485737209746763e-19,-3.1294316576448207e-21,0.034127142,0.034127142,0.008531785500000003,0.008531785500000012,0.008531785499999996,0.008531785499999988,533.2849613480585,533.2849613480587,533.2849613480582,533.2849613480579,-0.30781386066871685,1.0199706000001014,2.0822878077324893e-14,-6.951235538376155e-15,1.4711242604020158
6.22,attitude_only,9.358903735868634e-16,2.0295130836567923e-15,1.4280017144151411e-15,1.0,0.0,0.0,0.0,1.0,1.8717807471737327e-15,4.059026167313582e-15,2.856003428830286e-15,0.0,0.0,0.0,-1.5027940630364423e-15,-1.1093082407469182e-15,2.8863764970634304e-17,8.985341662081982e-19,3.2584956111870167e-19,-3.1294316576448207e-21,0.034127142,0.034127142,0.008531785500000005,0.008531785500000008,0.008531785499999996,0.008531785499999991,533.2849613480585,533.2849613480586,533.2849613480582,533.284961348058,-0.3960073073030612,1.0199706000001014,2.10498473923912e-14,-7.054992585689612e-15,1.4636364494636116
6.23,attitude_only,9.285850717492431e-16,2.0244260271562787e-15,1.428283976739491e-15,1.0,0.0,0.0,0.0,1.0,1.857170143498492e-15,4.048852054312555e-15,2.856567953478986e-15,0.0,0.0,0.0,-1.4435801283899038e-15,-9.467924861687847e-16,6.233076275390427e-17,8.41913245916252e-19,1.4029858048662988e-19,-3.1294316576448207e-21,0.034127142,0.034127142,0.008531785500000005,0.008531785500000007,0.008531785499999995,0.008531785499999993,533.2849613480585,533.2849613480586,533.2849613480581,533.2849613480581,-0.4842007229488525,1.0199706000001014,2.1277221022782218e-14,-7.158936018134119e-15,1.4552667056082909
6.24,attitude_only,9.214340988316691e-16,2.0201617396223137e-15,1.4285070652392169e-15,1.0,0.0,0.0,0.0,1.0,1.842868197663344e-15,4.040323479244625e-15,2.8570141304784373e-15,0.0,0.0,0.0,-1.424491641284229e-15,-7.746395615847709e-16,2.9848352921707434e-17,8.332519778022842e-19,-5.853853339833887e-20,-3.1294316576448207e-21,0.034127142,0.034127142,0.008531785500000007,0.008531785500000005,0.008531785499999993,0.008531785499999993,533.2849613480586,533.2849613480585,533.2849613480581,533.2849613480581,-0.5723941163833856,1.0199706000001014,2.1504997505241235e-14,-7.263062934731666e-15,1.4460150287070759
6.25,attitude_only,9.144073573906766e-16,2.016733150644395e-15,1.4286797348272843e-15,1.0,0.0,0.0,0.0,1.0,1.828814714781359e-15,4.033466301288788e-15,2.857359469654572e-15,0.0,0.0,0.0,-1.3825035364693866e-15,-6.174637951915123e-16,7.092838705990289e-17,7.966912873891669e-19,-2.409748151183342e-19,-3.1294316576448207e-21,0.034127142,0.034127142,0.008531785500000008,0.008531785500000003,0.008531785499999991,0.008531785499999995,533.2849613480586,533.2849613480585,533.284961348058,533.2849613480581,-0.6605874940578589,1.0199706000001014,2.1733176162457897e-14,-7.367371501864235e-15,1.4358814186595186
6.26,attitude_only,9.077600114492274e-16,2.013975004671935e-15,1.4289722034243717e-15,1.0,0.0,0.0,0.0,1.0,1.8155200228984607e-15,4.027950009343868e-15,2.857944406848747e-15,0.0,0.0,0.0,-1.2936110322141891e-15,-4.993672183512963e-16,4.8596739635733596e-17,7.029563926050715e-19,-3.7769703514308064e-19,-3.1294316576448207e-21,0.034127142,0.034127142,0.008531785500000008,0.008531785500000002,0.008531785499999991,0.008531785499999996,533.2849613480586,533.2849613480583,533.284961348058,533.2849613480582,-0.7487808606888553,1.0199706000001014,2.1961755238410598e-14,-7.471862032679203e-15,1.4248658753873904
6.27,attitude_only,9.015115865860246e-16,2.0117198748660746e-15,1.4292282257187632e-15,1.0,0.0,0.0,0.0,1.0,1.803023173172055e-15,4.023439749732147e-15,2.85845645143753e-15,0.0,0.0,0.0,-1.2110276157998246e-15,-4.0907182650540217e-16,1.0008130859811634e-16,6.159665690658321e-19,-4.819607870930997e-19,-3.1294316576448207e-21,0.034127142,0.034127142,0.008531785500000008,0.008531785500000002,0.008531785499999991,0.008531785499999998,533.2849613480586,533.2849613480583,533.284961348058,533.2849613480582,-0.8369742197035497,1.0199706000001014,2.2190732973989996e-14,-7.5765335348786e-15,1.4129683988297663
6.28,attitude_only,8.956802194183152e-16,2.009879517718032e-15,1.4296776247675797e-15,1.0,0.0,0.0,0.0,1.0,1.7913604388366364e-15,4.019759035436062e-15,2.859355249535163e-15,0.0,0.0,0.0,-1.1482390469484064e-15,-3.416105538942328e-16,8.231750321762034e-17,5.521026769136152e-19,-5.5949820868756035e-19,-3.1294316576448207e-21,0.034127142,0.034127142,0.008531785500000008,0.0085317855,0.008531785499999991,0.0085317855,533.2849613480586,533.2849613480583,533.284961348058,533.2849613480583,-0.9251675735742013,1.0199706000001014,2.2420108285893728e-14,-7.681384949155337e-15,1.4001889889391985
6.29,attitude_only,8.901627817063077e-16,2.008444363991483e-15,1.4303077273473978e-15,1.0,0.0,0.0,0.0,1.0,1.7803255634126212e-15,4.016888727982964e-15,2.860615454694799e-15,0.0,0.0,0.0,-1.061925653753564e-15,-2.503206701773801e-16,1.4319151166721908e-16,4.591458616173396e-19,-6.665428624460099e-19,-3.1294316576448207e-21,0.034127142,0.034127142,0.008531785500000008,0.008531785499999998,0.008531785499999991,0.008531785500000002,533.2849613480586,533.2849613480582,533.284961348058,533.2849613480583,-1.013360924068651,1.0199706000001014,2.2649880576860806e-14,-7.786414254692647e-15,1.3865276456787343
6.3,attitude_only,8.849285749144131e-16,2.0073515287105113e-15,1.4310051597939758e-15,1.0,0.0,0.0,0.0,1.0,1.7698571498288318e-15,4.01470305742102e-15,2.862010319587955e-15,0.0,0.0,0.0,-1.033426137219557e-15,-1.936800063620046e-16,1.360859880024192e-16,4.352807031487266e-19,-7.325748589608404e-19,-3.1294316576448207e-21,0.034127142,0.034127142,0.008531785500000008,0.008531785499999998,0.008531785499999991,0.008531785500000002,533.2849613480586,533.2849613480582,533.284961348058,533.2849613480583,-1.1015542724377183,1.0199706000001014,2.288004932169297e-14,-7.891620432023484e-15,1.3719843690195948
6.31,attitude_only,8.799476648446433e-16,2.0065840845056307e-15,1.4316597053235493e-15,1.0,0.0,0.0,0.0,1.0,1.7598953296892923e-15,4.013168169011259e-15,2.863319410647102e-15,0.0,0.0,0.0,-9.74177196051153e-16,-1.1993928539012457e-16,1.2720408294875956e-16,3.7392374570715305e-19,-8.198643312731953e-19,-3.1294316576448207e-21,0.034127142,0.034127142,0.008531785500000008,0.008531785499999996,0.008531785499999991,0.008531785500000003,533.2849613480586,533.2849613480582,533.284961348058,533.2849613480585,-1.1897476195547163,1.0199706000001014,2.3110614002174235e-14,-7.997001933088161e-15,1.3565591589393666
6.32,attitude_only,8.752118357751539e-16,2.006105246961956e-15,1.432275297364374e-15,1.0,0.0,0.0,0.0,1.0,1.7504236715503135e-15,4.01221049392391e-15,2.8645505947287516e-15,0.0,0.0,0.0,-9.26765868187576e-16,-9.122566277682583e-17,1.1933725456129994e-16,3.262978109527372e-19,-8.534084217813854e-19,-3.1294316576448207e-21,0.034127142,0.034127142,0.008531785500000008,0.008531785499999996,0.008531785499999991,0.008531785500000003,533.2849613480586,533.2849613480582,533.284961348058,533.2849613480585,-1.2779409660192123,1.0199706000001014,2.3341574421580507e-14,-8.102557865324292e-15,1.340252015420595
6.33,attitude_only,8.707180167904677e-16,2.0057578366060203e-15,1.4328476218387879e-15,1.0,0.0,0.0,0.0,1.0,1.741436033580941e-15,4.011515673212038e-15,2.8656952436775793e-15,0.0,0.0,0.0,-8.857671215430671e-16,-5.4175736291276996e-17,1.1045534903503447e-16,2.8595698619475693e-19,-8.973265762011312e-19,-3.1294316576448207e-21,0.034127142,0.034127142,0.008531785500000008,0.008531785499999995,0.008531785499999991,0.008531785500000005,533.2849613480586,533.2849613480581,533.284961348058,533.2849613480585,-1.3661343122335725,1.0199706000001014,2.3572929200108734e-14,-8.208287256007674e-15,1.3230629384496853
6.34,attitude_only,8.664961955900649e-16,2.0055158066509418e-15,1.433376171210112e-15,1.0,0.0,0.0,0.0,1.0,1.7329923911801355e-15,4.011031613301881e-15,2.8667523424202275e-15,0.0,0.0,0.0,-8.098482446444516e-16,-3.8060051286657244e-17,1.010659071845084e-16,2.0295281636286275e-19,-9.162847976938083e-19,-3.1294316576448207e-21,0.034127142,0.034127142,0.008531785500000008,0.008531785499999995,0.008531785499999991,0.008531785500000005,533.2849613480586,533.2849613480581,533.284961348058,533.2849613480585,-1.4543276584595484,1.0199706000001014,2.3804678186425724e-14,-8.314189283888241e-15,1.3049919280160511
6.35,attitude_only,8.6261542486596685e-16,2.0054178529176413e-15,1.4338559969978255e-15,1.0,0.0,0.0,0.0,1.0,1.7252308497319394e-15,4.01083570583528e-15,2.8677119939956545e-15,0.0,0.0,0.0,-7.488489738609715e-16,-9.26878824549115e-18,9.26915414093551e-17,1.372421811612964e-19,-9.507416254607527e-19,-3.1294316576448207e-21,0.034127142,0.034127142,0.008531785500000008,0.008531785499999993,0.008531785499999991,0.008531785500000007,533.2849613480586,533.2849613480581,533.284961348058,533.2849613480586,-1.5425210048596956,1.0199706000001014,2.4036821484841936e-14,-8.420263769428168e-15,1.286038984111447
6.36,attitude_only,8.590360112800762e-16,2.005421901829498e-15,1.4342962348724851e-15,1.0,0.0,0.0,0.0,1.0,1.7180720225601581e-15,4.010843803658994e-15,2.8685924697449738e-15,0.0,0.0,0.0,-6.965670440827651e-16,2.4512420508966392e-18,8.457094403266504e-17,8.146953586827678e-20,-9.648301742369271e-19,-3.1294316576448207e-21,0.034127142,0.034127142,0.008531785500000008,0.008531785499999993,0.008531785499999991,0.008531785500000007,533.2849613480586,533.2849613480581,533.284961348058,533.2849613480586,-1.6307143515276732,1.0199706000001014,2.4269358883457785e-14,-8.526509647008766e-15,1.2662041067294516
6.37,attitude_only,8.556949223068672e-16,2.005490161335593e-15,1.434881806040654e-15,1.0,0.0,0.0,0.0,1.0,1.7113898446137402e-15,4.0109803226711835e-15,2.8697636120813117e-15,0.0,0.0,0.0,-6.458968523582779e-16,1.8677621993221526e-17,1.5229671672953248e-16,2.712427432247465e-20,-9.844886063876493e-19,-3.1294316576448207e-21,0.034127142,0.034127142,0.008531785500000008,0.008531785499999993,0.008531785499999993,0.008531785500000007,533.2849613480586,533.2849613480581,533.2849613480581,533.2849613480586,-1.7189076985099039,1.0199706000001014,2.450229004302145e-14,-8.632925744349331e-15,1.2454872958650638
6.38,attitude_only,8.526615123675228e-16,2.0056191715969603e-15,1.4356445584638716e-15,1.0,0.0,0.0,0.0,1.0,1.7053230247350513e-15,4.011238343193918e-15,2.871289116927747e-15,0.0,0.0,0.0,-5.811202064175492e-16,2.3386626659179622e-17,1.53311790205148e-16,-4.4796498742224475e-20,-9.903732782533908e-19,-3.1294316576448207e-21,0.034127142,0.034127142,0.008531785500000007,0.008531785499999991,0.008531785499999993,0.008531785500000008,533.2849613480586,533.284961348058,533.2849613480581,533.2849613480586,-1.8071010458214345,1.0199706000001014,2.4735615007718664e-14,-8.739511829727032e-15,1.2238885515143887
6.39,attitude_only,8.498872860935555e-16,2.0057291143241254e-15,1.436416446554013e-15,1.0,0.0,0.0,0.0,1.0,1.6997745721871166e-15,4.0114582286482484e-15,2.8728328931080296e-15,0.0,0.0,0.0,-5.372582109465226e-16,2.6603839049712746e-17,1.5534193875170546e-16,-9.205831119799134e-20,-9.944999715125279e-19,-3.1294316576448207e-21,0.034127142,0.034127142,0.008531785500000007,0.008531785499999991,0.008531785499999993,0.008531785500000008,533.2849613480586,533.284961348058,533.2849613480581,533.2849613480586,-1.8952943934570277,1.0199706000001014,2.4969333210353648e-14,-8.846267085814963e-15,1.2014078736743932
6.4,attitude_only,8.473076669957229e-16,2.0058542093779706e-15,1.4371964552387825e-15,1.0,0.0,0.0,0.0,1.0,1.6946153339914516e-15,4.011708418755939e-15,2.8743929104775685e-15,0.0,0.0,0.0,-5.015279622025825e-16,2.5216858228453245e-17,1.555957070319976e-16,-1.299193300686931e-19,-9.930877631093009e-19,-3.1294316576448207e-21,0.034127142,0.034127142,0.008531785500000007,0.008531785499999991,0.008531785499999993,0.008531785500000008,533.2849613480586,533.284961348058,533.2849613480581,533.2849613480586,-1.983487741399202,1.0199706000001014,2.5203444922465907e-14,-8.95319047006643e-15,1.1780452623427147
6.41,attitude_only,8.449085087091856e-16,2.006000622291176e-15,1.4379786209555157e-15,1.0,0.0,0.0,0.0,1.0,1.689817017418377e-15,4.01200124458235e-15,2.875957241911035e-15,0.0,0.0,0.0,-4.605455324660131e-16,3.119830189566431e-17,1.5711831851581016e-16,-1.7449279042791633e-19,-1.0005774785289109e-18,-3.1294316576448207e-21,0.034127142,0.034127142,0.008531785500000007,0.008531785499999991,0.008531785499999993,0.008531785500000008,533.2849613480586,533.284961348058,533.2849613480581,533.2849613480586,-2.0716810896233855,1.0199706000001014,2.5437950169608995e-14,-9.060281326944856e-15,1.153800717517514
6.42,attitude_only,8.427342319809644e-16,2.006164826156717e-15,1.4387631974727578e-15,1.0,0.0,0.0,0.0,1.0,1.6854684639619346e-15,4.012329652313432e-15,2.877526394945519e-15,0.0,0.0,0.0,-4.1443246653874e-16,3.5557470045842135e-17,1.5661078092129133e-16,-2.2568414487525684e-19,-1.0061640550095827e-18,-3.1294316576448207e-21,0.034127142,0.034127142,0.008531785500000007,0.00853178549999999,0.008531785499999995,0.008531785500000008,533.2849613480586,533.284961348058,533.2849613480581,533.2849613480586,-2.1598744381018506,1.0199706000001014,2.5672848986129996e-14,-9.167539492560076e-15,1.1286742391973574
6.43,attitude_only,8.407151443721936e-16,2.006361205894764e-15,1.4395471395670913e-15,1.0,0.0,0.0,0.0,1.0,1.681430288744393e-15,4.012722411789525e-15,2.879094279134186e-15,0.0,0.0,0.0,-3.8660806784163277e-16,4.3144875503808846e-17,1.5661078069977117e-16,-2.5520734263336924e-19,-1.0157003903141808e-18,-3.1294316576448207e-21,0.034127142,0.034127142,0.008531785500000005,0.00853178549999999,0.008531785499999995,0.00853178550000001,533.2849613480585,533.284961348058,533.2849613480581,533.2849613480586,-2.2480677868060392,1.0199706000001014,2.5908141487664576e-14,-9.274964131685717e-15,1.10266582738113
6.44,attitude_only,8.388836704052298e-16,2.006593602313133e-15,1.4403282902054308e-15,1.0,0.0,0.0,0.0,1.0,1.6777673408104654e-15,4.0131872046262635e-15,2.880656580410865e-15,0.0,0.0,0.0,-3.524243022717246e-16,5.156159048125448e-17,1.553419373633457e-16,-2.927036182945415e-19,-1.0263160641919281e-18,-3.1294316576448207e-21,0.034127142,0.034127142,0.008531785500000005,0.00853178549999999,0.008531785499999995,0.00853178550000001,533.2849613480585,533.284961348058,533.2849613480581,533.2849613480586,-2.336261135708158,1.0199706000001014,2.6143827746419837e-14,-9.382554987053716e-15,1.075775482067962
6.45,attitude_only,8.372105766383219e-16,2.006838251841581e-15,1.4411090601898424e-15,1.0,0.0,0.0,0.0,1.0,1.6744211532766494e-15,4.01367650368316e-15,2.8822181203796883e-15,0.0,0.0,0.0,-3.17175380722484e-16,4.7328498991420085e-17,1.5711831760005319e-16,-3.3183057034640547e-19,-1.021709639394041e-18,-3.1294316576448207e-21,0.034127142,0.034127142,0.008531785500000005,0.00853178549999999,0.008531785499999995,0.00853178550000001,533.2849613480585,533.284961348058,533.2849613480581,533.2849613480586,-2.4244544847822347,1.0199706000001014,2.637990768835972e-14,-9.49031151000944e-15,1.048003203257177
6.46,attitude_only,8.357161022028828e-16,2.007070842916667e-15,1.4418945248932632e-15,1.0,0.0,0.0,0.0,1.0,1.6714322044057714e-15,4.014141685833331e-15,2.88378904978653e-15,0.0,0.0,0.0,-2.835191073033097e-16,4.9365239046786484e-17,1.5686454887663482e-16,-3.6938290737638167e-19,-1.0246473798509487e-18,-3.1294316576448207e-21,0.034127142,0.034127142,0.008531785500000005,0.00853178549999999,0.008531785499999995,0.00853178550000001,533.2849613480585,533.284961348058,533.2849613480581,533.2849613480586,-2.5126478340043814,1.0199706000001014,2.6616381126777634e-14,-9.598233519489505e-15,1.019348990948248
6.47,attitude_only,8.343982960853974e-16,2.007328648015419e-15,1.4426807509021966e-15,1.0,0.0,0.0,0.0,1.0,1.6687965921708005e-15,4.0146572960308354e-15,2.8853615018043964e-15,0.0,0.0,0.0,-2.4059832582447976e-16,4.7396370787811114e-17,1.573720860945578e-16,-4.1848186189273287e-19,-1.0227587016480563e-18,-3.1294316576448207e-21,0.034127142,0.034127142,0.008531785500000005,0.00853178549999999,0.008531785499999995,0.00853178550000001,533.2849613480585,533.284961348058,533.2849613480581,533.2849613480586,-2.6008411833531913,1.0199706000001014,2.685324840296899e-14,-9.706320667553711e-15,0.9898128451407644
6.48,attitude_only,8.332887521331912e-16,2.0075714259735677e-15,1.4434621553068442e-15,1.0,0.0,0.0,0.0,1.0,1.6665775042663882e-15,4.015142851947133e-15,2.8869243106136916e-15,0.0,0.0,0.0,-2.0260185761862633e-16,4.5257592719034876e-17,1.5508816830016539e-16,-4.620516051635706e-19,-1.0206447438927152e-18,-3.1294316576448207e-21,0.034127142,0.034127142,0.008531785500000005,0.008531785499999988,0.008531785499999996,0.00853178550000001,533.2849613480585,533.2849613480579,533.2849613480582,533.2849613480586,-2.689034532809674,1.0199706000001014,2.7090509273004124e-14,-9.814572962281427e-15,0.9593947658344063
6.49,attitude_only,8.323232156371442e-16,2.0077957471238695e-15,1.4442350584618876e-15,1.0,0.0,0.0,0.0,1.0,1.6646464312742941e-15,4.015591494247737e-15,2.8884701169237783e-15,0.0,0.0,0.0,-1.8882112417284907e-16,4.876356335619656e-17,1.538193250893097e-16,-4.767002740567748e-19,-1.0253395442908711e-18,-3.1294316576448207e-21,0.034127142,0.034127142,0.008531785500000005,0.008531785499999988,0.008531785499999996,0.008531785500000012,533.2849613480585,533.2849613480579,533.2849613480582,533.2849613480587,-2.777227882357386,1.0199706000001014,2.732816374087298e-14,-9.922989801320225e-15,0.9280947530289246
6.5,attitude_only,8.313329656337511e-16,2.0080259277962397e-15,1.4450041550871644e-15,1.0,0.0,0.0,0.0,1.0,1.662665931267508e-15,4.016051855592477e-15,2.890008310174332e-15,0.0,0.0,0.0,-1.976860832406509e-16,5.3166391864252404e-17,1.5407309366872807e-16,-4.640854623430062e-19,-1.0311546024191807e-18,-3.1294316576448207e-21,0.034127142,0.034127142,0.008531785500000005,0.008531785499999988,0.008531785499999996,0.008531785500000012,533.2849613480585,533.2849613480579,533.2849613480582,533.2849613480587,-2.8654212319819004,1.0199706000001014,2.7566212036735514e-14,-1.0031569810970842e-14,0.8959128067241258
6.51,attitude_only,8.303715157357171e-16,2.0082816722303007e-15,1.4457729979435777e-15,1.0,0.0,0.0,0.0,1.0,1.6607430314714399e-15,4.016563344460599e-15,2.8915459958871586e-15,0.0,0.0,0.0,-1.8017715175375853e-16,5.170465356722791e-17,1.5331178773116858e-16,-4.832944086097394e-19,-1.0299175629984237e-18,-3.1294316576448207e-21,0.034127142,0.034127142,0.008531785500000003,0.008531785499999988,0.008531785499999996,0.008531785500000012,533.2849613480585,533.2849613480579,533.2849613480582,533.2849613480587,-2.953614581670878,1.0199706000001014,2.7804654366782645e-14,-1.0140313000422448e-14,0.8628489269198586
6.52,attitude_only,8.295526754878713e-16,2.0085218368084757e-15,1.4465357503526841e-15,1.0,0.0,0.0,0.0,1.0,1.6591053509757483e-15,4.017043673616949e-15,2.8930715007053714e-15,0.0,0.0,0.0,-1.5136221262787473e-16,4.779327041550774e-17,1.5280425044865173e-16,-5.163587134345212e-19,-1.0257018359205144e-18,-3.1294316576448207e-21,0.034127142,0.034127142,0.008531785500000003,0.008531785499999988,0.008531785499999996,0.008531785500000012,533.2849613480585,533.2849613480579,533.2849613480582,533.2849613480587,-3.04180793141372,1.0199706000001014,2.804349048233903e-14,-1.024922002581818e-14,0.8289031136160054
6.53,attitude_only,8.288989913041091e-16,2.008760222650225e-15,1.4473004060264914e-15,1.0,0.0,0.0,0.0,1.0,1.6577979826082238e-15,4.017520445300448e-15,2.894600812052986e-15,0.0,0.0,0.0,-1.0951483833450643e-16,4.88417120291862e-17,1.5331178771085625e-16,-5.65480414203218e-19,-1.0274483829772204e-18,-3.1294316576448207e-21,0.034127142,0.034127142,0.008531785500000003,0.008531785499999988,0.008531785499999996,0.008531785500000012,533.2849613480585,533.2849613480579,533.2849613480582,533.2849613480587,-3.1300012812016034,1.0199706000001014,2.8282720500919518e-14,-1.0358290874559556e-14,0.7940753668124748
6.54,attitude_only,8.283385043031511e-16,2.0089996461882917e-15,1.4480670918493351e-15,1.0,0.0,0.0,0.0,1.0,1.656677008606308e-15,4.017999292376581e-15,2.8961341836986734e-15,0.0,0.0,0.0,-1.0819401128424777e-16,5.2365899104424345e-17,1.5331178770346472e-16,-5.659834665506859e-19,-1.0322010664585506e-18,-3.1294316576448207e-21,0.034127142,0.034127142,0.008531785500000003,0.008531785499999988,0.008531785499999996,0.008531785500000012,533.2849613480585,533.2849613480579,533.2849613480582,533.2849613480587,-3.2181946310268854,1.0199706000001014,2.852234449742412e-14,-1.0467525099860655e-14,0.7583656865091954
6.55,attitude_only,8.278570859224576e-16,2.009291967725925e-15,1.4488365691271322e-15,1.0,0.0,0.0,0.0,1.0,1.6557141718449211e-15,4.018583935451848e-15,2.8976731382542676e-15,0.0,0.0,0.0,-9.167799028589972e-17,6.334399754470172e-17,1.543268622361991e-16,-5.848859118458446e-19,-1.0460082245623305e-18,-3.1294316576448207e-21,0.034127142,0.034127142,0.008531785500000003,0.008531785499999988,0.008531785499999996,0.008531785500000012,533.2849613480585,533.2849613480579,533.2849613480582,533.2849613480587,-3.306387980883201,1.0199706000001014,2.876236286282321e-14,-1.0576922298365142e-14,0.7217740727061116
6.5600000000000005,attitude_only,8.274457710298085e-16,2.009626646255606e-15,1.4496069345951073e-15,1.0,0.0,0.0,0.0,1.0,1.654891542059623e-15,4.0192532925112095e-15,2.899213869190218e-15,0.0,0.0,0.0,-6.297534728916279e-17,7.391217827284375e-17,1.5458063086175044e-16,-6.186993299690372e-19,-1.0594291632188292e-18,-3.1294316576448207e-21,0.034127142,0.034127142,0.008531785500000003,0.008531785499999986,0.008531785499999996,0.008531785500000012,533.2849613480585,533.2849613480579,533.2849613480582,533.2849613480587,-3.3945813307651425,1.0199706000001014,2.900277560716427e-14,-1.0686482321197166e-14,0.68430052540318
6.57,attitude_only,8.272840857196574e-16,2.0100245985820713e-15,1.4503797108650731e-15,1.0,0.0,0.0,0.0,1.0,1.6545681714393206e-15,4.02004919716414e-15,2.9007594217301494e-15,0.0,0.0,0.0,-9.992595752362369e-18,7.74130283629501e-17,1.5432686221956232e-16,-6.82178705855674e-19,-1.0644043136105864e-18,-3.1294316576448207e-21,0.034127142,0.034127142,0.008531785500000003,0.008531785499999986,0.008531785499999996,0.008531785500000014,533.2849613480585,533.2849613480579,533.2849613480582,533.2849613480587,-3.4827746806683892,1.0199706000001014,2.9243582964442286e-14,-1.0796206295238191e-14,0.6459450446003671
6.58,attitude_only,8.27295954709618e-16,2.0104473779712847e-15,1.4511510914075035e-15,1.0,0.0,0.0,0.0,1.0,1.654591909419242e-15,4.020894755942567e-15,2.90230218281501e-15,0.0,0.0,0.0,-1.4954213614262725e-18,8.81026390262235e-17,1.5458063084420226e-16,-6.923603609111831e-19,-1.0781128727967767e-18,-3.1294316576448207e-21,0.034127142,0.034127142,0.008531785500000003,0.008531785499999986,0.008531785499999996,0.008531785500000014,533.2849613480585,533.2849613480579,533.2849613480582,533.2849613480587,-3.570968030589135,1.0199706000001014,2.948478469418501e-14,-1.0906093892873635e-14,0.6067076302976467
6.59,attitude_only,8.274117152477747e-16,2.010819089196992e-15,1.4519214568753688e-15,1.0,0.0,0.0,0.0,1.0,1.6548234304955552e-15,4.021638178393982e-15,2.9038429137507407e-15,0.0,0.0,0.0,6.298569748843142e-17,6.716889947241884e-17,1.528042504002497e-16,-7.703675605058967e-19,-1.053664074326935e-18,-3.1294316576448207e-21,0.034127142,0.034127142,0.008531785500000002,0.008531785499999986,0.008531785499999998,0.008531785500000014,533.2849613480583,533.2849613480579,533.2849613480582,533.2849613480587,-3.659161380524297,1.0199706000001014,2.972638048510119e-14,-1.101614427855843e-14,0.5665882824949982
6.6,attitude_only,8.277414643740753e-16,2.0111241344884003e-15,1.4526825597880616e-15,1.0,0.0,0.0,0.0,1.0,1.6554829287481565e-15,4.022248268976798e-15,2.9053651195761263e-15,0.0,0.0,0.0,5.895319822666803e-17,6.07411361799041e-17,1.517891758579297e-16,-7.661180933740472e-19,-1.0465581697377166e-18,-3.1294316576448207e-21,0.034127142,0.034127142,0.008531785500000002,0.008531785499999986,0.008531785499999998,0.008531785500000014,533.2849613480583,533.2849613480579,533.2849613480582,533.2849613480587,-3.7473547304712325,1.0199706000001014,2.996837014250557e-14,-1.1126358672680407e-14,0.5255870011924056
6.61,attitude_only,8.280677341886094e-16,2.0114322163645267e-15,1.4534409981300733e-15,1.0,0.0,0.0,0.0,1.0,1.6561354683772247e-15,4.022864432729051e-15,2.9068819962601497e-15,0.0,0.0,0.0,6.087840252573107e-17,6.427471704822437e-17,1.5102786995141137e-16,-7.690371225581802e-19,-1.051441213950183e-18,-3.1294316576448207e-21,0.034127142,0.034127142,0.008531785500000002,0.008531785499999986,0.008531785499999998,0.008531785500000014,533.2849613480583,533.2849613480579,533.2849613480582,533.2849613480587,-3.8355480804279805,1.0199706000001014,3.0210754228240616e-14,-1.1236735362750219e-14,0.48370378638985684
6.62,attitude_only,8.28471127418607e-16,2.0117299275771144e-15,1.4541966450170895e-15,1.0,0.0,0.0,0.0,1.0,1.65694225483722e-15,4.023459855154226e-15,2.9083932900341822e-15,0.0,0.0,0.0,8.035312986105694e-17,5.353719334545001e-17,1.505203326788575e-16,-7.932103266591819e-19,-1.0390915574403085e-18,-3.1294316576448207e-21,0.034127142,0.034127142,0.008531785500000002,0.008531785499999986,0.008531785499999998,0.008531785500000014,533.2849613480583,533.2849613480579,533.2849613480582,533.2849613480587,-3.923741430392699,1.0199706000001014,3.045353279350186e-14,-1.13472749339956e-14,0.440938638087342
6.63,attitude_only,8.288462646503859e-16,2.0120354338930517e-15,1.454949246680477e-15,1.0,0.0,0.0,0.0,1.0,1.6576925293007778e-15,4.024070867786101e-15,2.909898493360957e-15,0.0,0.0,0.0,7.522333632513666e-17,6.376673922912663e-17,1.5077410131156853e-16,-7.8780680777932885e-19,-1.0520046798930118e-18,-3.1294316576448207e-21,0.034127142,0.034127142,0.008531785500000002,0.008531785499999986,0.008531785499999998,0.008531785500000014,533.2849613480583,533.2849613480579,533.2849613480582,533.2849613480587,-4.011934780363943,1.0199706000001014,3.069670590115127e-14,-1.1457976875764368e-14,0.39729155628485374
6.64,attitude_only,8.291934574104038e-16,2.0122892599307238e-15,1.4557015945752227e-15,1.0,0.0,0.0,0.0,1.0,1.6583869148208135e-15,4.024578519861445e-15,2.9114031891504486e-15,0.0,0.0,0.0,6.521277946827005e-17,4.614148562810175e-17,1.4950525813654037e-16,-7.764462673457716e-19,-1.0313157904280626e-18,-3.1294316576448207e-21,0.034127142,0.034127142,0.008531785500000002,0.008531785499999986,0.008531785499999998,0.008531785500000014,533.2849613480583,533.2849613480579,533.2849613480582,533.2849613480587,-4.100128130340448,1.0199706000001014,3.094027336619741e-14,-1.156884119648397e-14,0.3527625409823861
6.65,attitude_only,8.294293778782102e-16,2.0124893796025575e-15,1.4564441723775257e-15,1.0,0.0,0.0,0.0,1.0,1.6588587557564262e-15,4.0249787592051126e-15,2.9128883447550545e-15,0.0,0.0,0.0,4.248402367767888e-17,3.947051115642731e-17,1.482364149623403e-16,-7.495966006338391e-19,-1.0237053261736178e-18,-3.1294316576448207e-21,0.034127142,0.034127142,0.008531785500000002,0.008531785499999986,0.008531785499999998,0.008531785500000014,533.2849613480583,533.2849613480579,533.2849613480582,533.2849613480587,-4.1883214803214095,1.0199706000001014,3.1184235090974526e-14,-1.1679867411218445e-14,0.3073515921799345
6.66,attitude_only,8.296251355581672e-16,2.0126717846202527e-15,1.4571820554600832e-15,1.0,0.0,0.0,0.0,1.0,1.6592502711163404e-15,4.025343569240503e-15,2.9143641109201695e-15,0.0,0.0,0.0,4.641965337106538e-17,2.6284962679853475e-17,1.4747510905767723e-16,-7.547835527996134e-19,-1.0081455176285277e-18,-3.1294316576448207e-21,0.034127142,0.034127142,0.008531785500000002,0.008531785499999986,0.008531785499999998,0.008531785500000014,533.2849613480583,533.2849613480579,533.2849613480582,533.2849613480587,-4.276514830305931,1.0199706000001014,3.1428591426972416e-14,-1.1791055927651765e-14,0.26105870987749535
6.67,attitude_only,9.603815732914497e-16,2.3120746920343236e-15,1.4579231106505735e-15,1.0,0.0,0.0,0.0,1.0,1.920763146582906e-15,4.624149384068644e-15,2.9158462213011512e-15,0.0,0.0,0.0,9.073194487317009e-14,2.079853592874619e-13,1.4849018359579514e-16,-1.1048473326529011e-16,-2.5263888830024156e-16,-3.1294316576448207e-21,0.034127142,0.034127142,0.008531785500001093,0.008531785499997209,0.008531785499998907,0.008531785500002791,533.2849613480925,533.284961347971,533.2849613480241,533.2849613481455,-4.3619276622749545,1.0199706000001014,3.167206776892232e-14,-1.1901840344860341e-14,0.2140229199759859
6.68,zero_thrust,1.519633342493089e-15,3.5943301701169014e-15,1.4598743935386208e-15,1.0,0.0,0.0,0.0,1.0,3.0392666849861886e-15,7.188660340233798e-15,2.9197487870772526e-15,0.0,0.0,0.0,1.2774762026532256e-13,2.929391474244556e-13,7.413038666039364e-16,0.0,0.0,0.0,0.0,0.0,0.0,0.0,0.0,0.0,0.0,0.0,0.0,0.0,-4.631988219948787,1.0199706000001014,3.1974670410587163e-14,-1.2037119805432339e-14,0.17974953727211992
6.69,zero_thrust,2.190651233747647e-15,5.1336831375002225e-15,1.4638959452208759e-15,1.0,0.0,0.0,0.0,1.0,4.381302467495309e-15,1.0267366275000439e-14,2.927791890441774e-15,0.0,0.0,0.0,1.3199993893257628e-13,3.0288412700699954e-13,7.407500167334922e-16,0.0,0.0,0.0,0.0,0.0,0.0,0.0,0.0,0.0,0.0,0.0,0.0,0.0,-3.7451822191690756,1.0199706000001014,3.249938819246127e-14,-1.2266126457973758e-14,0.17697812224741666
6.7,zero_thrust,2.7686281349421636e-15,6.460211294031792e-15,1.4676865793408787e-15,1.0,0.0,0.0,0.0,1.0,5.537256269884346e-15,1.2920422588063577e-14,2.9353731586817933e-15,0.0,0.0,0.0,9.973462568669214e-14,2.28971109622155e-13,7.090368676549103e-16,0.0,0.0,0.0,0.0,0.0,0.0,0.0,0.0,0.0,0.0,0.0,0.0,0.0,-2.430797496211957,1.0199706000001014,3.333309542548044e-14,-1.2626782800260071e-14,0.20524553620358124
6.71,zero_thrust,3.2063992735830614e-15,7.465623656475705e-15,1.4708235847603684e-15,1.0,0.0,0.0,0.0,1.0,6.412798547166145e-15,1.49312473129514e-14,2.9416471695207845e-15,0.0,0.0,0.0,8.496380346154062e-14,1.9512112911850321e-13,6.178744507425302e-16,0.0,0.0,0.0,0.0,0.0,0.0,0.0,0.0,0.0,0.0,0.0,0.0,0.0,-1.0862891413558837,1.0199706000001014,3.4354303452321043e-14,-1.3067669432010364e-14,0.24816297898426443
6.72,zero_thrust,3.6289384049308095e-15,8.435972386972026e-15,1.4738795091184756e-15,1.0,0.0,0.0,0.0,1.0,7.257876809861644e-15,1.6871944773944043e-14,2.9477590182370124e-15,0.0,0.0,0.0,8.41979470811088e-14,1.9334598763134434e-13,6.1245807644386015e-16,0.0,0.0,0.0,0.0,0.0,0.0,0.0,0.0,0.0,0.0,0.0,0.0,0.0,-0.024830946649916585,1.0199706000001014,3.5379049758401405e-14,-1.3510072211934978e-14,0.2903729973060068
6.722,attitude_only,4.0485639993588885e-15,9.39954443503526e-15,1.4769328878599655e-15,1.0,0.0,0.0,0.0,1.0,8.097127998717805e-15,1.8799088870070506e-14,2.953865775720007e-15,0.0,0.0,0.0,8.372997810919962e-14,1.9228229246206265e-13,5.688534877445448e-16,-1.02249833104744e-16,-2.341797726946867e-16,-3.1294316576448207e-21,0.034127142,0.034127142,0.008531785500001015,0.008531785499997413,0.008531785499998987,0.008531785500002586,533.2849613480901,533.2849613479775,533.2849613480266,533.2849613481392,2.7298524875832157,1.0199706000001014,3.6404006472073285e-14,-1.395256551423169e-14,0.3316187559795434
6.74,attitude_only,4.465474426600473e-15,1.0356867258355295e-14,1.479552926919045e-15,1.0,0.0,0.0,0.0,1.0,8.930948853200976e-15,2.0713734516710577e-14,2.9591058538381827e-15,0.0,0.0,0.0,8.27499764967638e-14,1.8999009237837527e-13,4.333767229824128e-16,-1.0256333074676276e-16,-2.3484895425707254e-16,-3.1294316576448207e-21,0.034127142,0.034127142,0.008531785500001016,0.008531785499997406,0.008531785499998983,0.008531785500002593,533.2849613480901,533.2849613479773,533.2849613480265,533.2849613481393,2.6577194592623377,1.0199706000001014,3.7429117668518804e-14,-1.4395125121237938e-14,0.37189494086118424
6.75,attitude_only,4.868305706845965e-15,1.1281681404260178e-14,1.4813930398001841e-15,1.0,0.0,0.0,0.0,1.0,9.736611413691963e-15,2.256336280852034e-14,2.962786079600478e-15,0.0,0.0,0.0,7.816841768317598e-14,1.7945620457014487e-13,2.3917234494161726e-16,-9.784714434728913e-17,-2.2400285093289746e-16,-3.1294316576448207e-21,0.034127142,0.034127142,0.00853178550000097,0.008531785499997526,0.00853178549999903,0.008531785500002474,533.2849613480886,533.2849613479809,533.284961348028,533.2849613481355,2.9125340183891866,1.0199706000001014,3.845448447937134e-14,-1.4837794682932022e-14,0.41121286341014923
6.76,attitude_only,5.237637814097777e-15,1.2129832601081727e-14,1.482779059482749e-15,1.0,0.0,0.0,0.0,1.0,1.047527562819559e-14,2.4259665202163438e-14,2.965558118965625e-15,0.0,0.0,0.0,6.988758464691483e-14,1.6051616092244216e-13,3.1587787994099533e-16,-8.860902055024487e-17,-2.0287996016487862e-16,-3.1294316576448207e-21,0.034127142,0.034127142,0.008531785500000878,0.008531785499997759,0.008531785499999122,0.00853178550000224,533.2849613480857,533.2849613479882,533.2849613480308,533.2849613481283,3.0976736680295507,1.0199706000001014,3.94803470370761e-14,-1.5280675508879725e-14,0.4495951860760585
6.77,attitude_only,5.558337168659604e-15,1.2866464221275139e-14,1.4846758073772139e-15,1.0,0.0,0.0,0.0,1.0,1.1116674337319246e-14,2.5732928442550262e-14,2.969351614754571e-15,0.0,0.0,0.0,5.917582934567898e-14,1.3595779519551321e-13,4.219928206312634e-16,-7.634667248221864e-17,-1.7476949924451897e-16,-3.1294316576448207e-21,0.034127142,0.034127142,0.008531785500000756,0.008531785499998069,0.008531785499999243,0.00853178550000193,533.2849613480819,533.284961347998,533.2849613480347,533.2849613481186,3.2274424607292693,1.0199706000001014,4.05069713493686e-14,-1.5723881920989282e-14,0.4870603623913424
6.78,attitude_only,5.821995352513648e-15,1.3472223253580648e-14,1.4869139791615428e-15,1.0,0.0,0.0,0.0,1.0,1.1643990705027336e-14,2.694444650716128e-14,2.9738279583232426e-15,0.0,0.0,0.0,4.739319681627325e-14,1.0891067184919055e-13,4.683551606664141e-16,-6.268144541509452e-17,-1.4340205794742378e-16,-3.1294316576448207e-21,0.034127142,0.034127142,0.00853178550000062,0.008531785499998416,0.008531785499999379,0.008531785500001584,533.2849613480777,533.2849613480088,533.2849613480389,533.2849613481078,3.313172081515424,1.0199706000001014,4.1534633397420115e-14,-1.616753308513789e-14,0.5236212680379421
6.79,attitude_only,6.0263884282933026e-15,1.394227642761855e-14,1.48882093380893e-15,1.0,0.0,0.0,0.0,1.0,1.2052776856586646e-14,2.788455285523708e-14,2.977641867618028e-15,0.0,0.0,0.0,3.56617698778633e-14,8.205863049777169e-14,3.3229651235498467e-16,-4.89603507877812e-17,-1.1200019463069884e-16,-3.1294316576448207e-21,0.034127142,0.034127142,0.008531785500000484,0.008531785499998763,0.008531785499999516,0.008531785500001237,533.2849613480735,533.2849613480196,533.2849613480432,533.2849613480969,3.363838937868514,1.0199706000001014,4.2563608814875996e-14,-1.6611747589202377e-14,0.55928633167075
6.8,attitude_only,6.1743050363812284e-15,1.4283043865778256e-14,1.489921509872052e-15,1.0,0.0,0.0,0.0,1.0,1.23486100727625e-14,2.856608773155649e-14,2.9798430197442803e-15,0.0,0.0,0.0,2.479678009158544e-14,5.722258124715562e-14,1.4103525570749277e-16,-3.617033084516362e-17,-8.27691613424311e-17,-3.1294316576448207e-21,0.034127142,0.034127142,0.008531785500000359,0.008531785499999086,0.008531785499999642,0.008531785500000914,533.2849613480695,533.2849613480297,533.2849613480471,533.2849613480869,3.38656238294496,1.0199706000001014,4.359416508468997e-14,-1.705664125996639e-14,0.5940608933032567
6.8100000000000005,attitude_only,6.271549728957728e-15,1.4508196698235642e-14,1.4904407275184326e-15,1.0,0.0,0.0,0.0,1.0,1.2543099457915498e-14,2.9016393396471266e-14,2.980881455037047e-15,0.0,0.0,0.0,1.5322197460136744e-14,3.562167495902302e-14,1.124714150379982e-16,-2.4954053662026563e-17,-5.720429054626225e-17,-3.1294316576448207e-21,0.034127142,0.034127142,0.008531785500000248,0.008531785499999368,0.008531785499999752,0.008531785500000631,533.2849613480661,533.2849613480386,533.2849613480505,533.284961348078,3.386997552519389,1.0199706000001014,4.462655078508882e-14,-1.750232094860174e-14,0.6279482756114301
6.82,attitude_only,6.3258875180853805e-15,1.4635498735227395e-14,1.4910096882780083e-15,1.0,0.0,0.0,0.0,1.0,1.2651775036170805e-14,2.927099747045477e-14,2.9820193765562017e-15,0.0,0.0,0.0,7.495230186465458e-15,1.7755030096875388e-14,1.6226161421024418e-16,-1.5636645235485676e-17,-3.5941867012653844e-17,-3.1294316576448207e-21,0.034127142,0.034127142,0.008531785500000156,0.008531785499999603,0.008531785499999844,0.008531785500000395,533.2849613480631,533.2849613480458,533.2849613480533,533.2849613480706,3.3696430243115296,1.0199706000001014,4.5660990894433444e-14,-1.7948884360370428e-14,0.6609505247262303
6.83,attitude_only,6.345705878022275e-15,1.4684079059975038e-14,1.4916261080472003e-15,1.0,0.0,0.0,0.0,1.0,1.2691411756044594e-14,2.936815811995006e-14,2.983252216094587e-15,0.0,0.0,0.0,1.3470529167886787e-15,3.703398499522408e-15,7.089747105885865e-17,-8.272303041041426e-18,-1.9116943080825495e-17,-3.1294316576448207e-21,0.034127142,0.034127142,0.008531785500000083,0.00853178549999979,0.008531785499999917,0.00853178550000021,533.2849613480608,533.2849613480518,533.2849613480557,533.2849613480648,3.3380817855068634,1.0199706000001014,4.6697680858242794e-14,-1.839641669661696e-14,0.6930688930291116
6.84,attitude_only,6.339307518838547e-15,1.4672122726127798e-14,1.4923672131566977e-15,1.0,0.0,0.0,0.0,1.0,1.2678615037677139e-14,2.9344245452255576e-14,2.9847344263135815e-15,0.0,0.0,0.0,-3.1896416827838325e-15,-6.863081299538684e-15,1.983888258264403e-16,-2.796373104726576e-18,-6.368536508956797e-18,-3.1294316576448207e-21,0.034127142,0.034127142,0.008531785500000028,0.008531785499999929,0.008531785499999972,0.008531785500000071,533.2849613480591,533.2849613480561,533.2849613480574,533.2849613480605,3.2951704538169513,1.0199706000001014,4.773678165772218e-14,-1.884499014019304e-14,0.7243041442996839
6.85,attitude_only,6.314216228989868e-15,1.4616212648521776e-14,1.4935563054667716e-15,1.0,0.0,0.0,0.0,1.0,1.262843245797978e-14,2.9232425297043533e-14,2.9871126109337278e-15,0.0,0.0,0.0,-6.332775535907855e-15,-1.4217574439852707e-14,1.9546751267520562e-16,1.038715274381329e-18,2.5990310038185537e-18,-3.1294316576448207e-21,0.034127142,0.034127142,0.008531785499999988,0.008531785500000028,0.008531785500000012,0.008531785499999972,533.2849613480579,533.2849613480591,533.2849613480587,533.2849613480574,3.2431883436286464,1.0199706000001014,4.877842216389505e-14,-1.9294662980683784e-14,0.7546567433284402
6.86,attitude_only,6.276575212836162e-15,1.4531357590454512e-14,1.4950026356568653e-15,1.0,0.0,0.0,0.0,1.0,1.2553150425672367e-14,2.9062715180909006e-14,2.990005271313913e-15,0.0,0.0,0.0,-8.360639602599041e-15,-1.8866822048081637e-14,3.421213732203903e-16,3.5557585504367474e-18,8.366796354174098e-18,-3.1294316576448207e-21,0.034127142,0.034127142,0.008531785499999963,0.008531785500000092,0.008531785500000036,0.008531785499999908,533.2849613480572,533.2849613480612,533.2849613480595,533.2849613480554,3.1839552601274232,1.0199706000001014,4.9822706848414616e-14,-1.974547799447946e-14,0.7841269725896649
6.87,attitude_only,6.231320491736874e-15,1.4429418350086075e-14,1.4969584335331753e-15,1.0,0.0,0.0,0.0,1.0,1.246264098347379e-14,2.885883670017213e-14,2.9939168670665305e-15,0.0,0.0,0.0,-9.487250363692857e-15,-2.137335914875242e-14,4.2563583480412585e-16,5.0025639673862535e-18,1.1588374466466558e-17,-3.1294316576448207e-21,0.034127142,0.034127142,0.00853178549999995,0.008531785500000126,0.00853178550000005,0.008531785499999871,533.2849613480568,533.2849613480622,533.2849613480599,533.2849613480543,3.118924828716179,1.0199706000001014,5.086970921423183e-14,-2.0197465335592265e-14,0.8127150036203763
6.88,attitude_only,6.182529861237021e-15,1.4319186392132385e-14,1.4980823831566755e-15,1.0,0.0,0.0,0.0,1.0,1.2365059722474085e-14,2.863837278426475e-14,2.996164766313528e-15,0.0,0.0,0.0,-9.868321142460934e-15,-2.2389196371307456e-14,1.3469141156918413e-16,5.558532113332553e-18,1.3031271097245669e-17,-3.1294316576448207e-21,0.034127142,0.034127142,0.008531785499999943,0.008531785500000142,0.008531785500000057,0.008531785499999858,533.2849613480565,533.2849613480627,533.28496134806,533.2849613480538,3.0492586013543437,1.0199706000001014,5.191947612430867e-14,-2.0650646526659954e-14,0.8404209405394457
6.89,attitude_only,6.133193065919746e-15,1.4207420844464537e-14,1.4987496666349803e-15,1.0,0.0,0.0,0.0,1.0,1.2266386131839535e-14,2.8414841688929055e-14,2.997499333270135e-15,0.0,0.0,0.0,-9.819080500044969e-15,-2.2194994391109103e-14,4.820336210626528e-17,5.597634147433842e-18,1.3020178664918732e-17,-3.1294316576448207e-21,0.034127142,0.034127142,0.008531785499999943,0.008531785500000142,0.008531785500000057,0.008531785499999856,533.2849613480565,533.2849613480627,533.28496134806,533.2849613480538,2.975885000819944,1.0199706000001014,5.2972035995303476e-14,-2.1105034772517237e-14,0.867244846526271
6.9,attitude_only,6.0849020298998915e-15,1.4098639287253196e-14,1.4995129456172734e-15,1.0,0.0,0.0,0.0,1.0,1.2169804059799826e-14,2.8197278574506373e-14,2.9990258912347185e-15,0.0,0.0,0.0,-9.504306298221492e-15,-2.1317739969986945e-14,2.5061748616852337e-16,5.314948168227891e-18,1.2180650759272025e-17,-3.1294316576448207e-21,0.034127142,0.034127142,0.008531785499999948,0.008531785500000133,0.008531785500000052,0.008531785499999864,533.2849613480566,533.2849613480624,533.2849613480599,533.284961348054,2.899546268359234,1.0199706000001014,5.40274013251481e-14,-2.1560632541124762e-14,0.8931867599114344
6.91,attitude_only,6.038734328416276e-15,1.3995605651221416e-14,1.5008728137026263e-15,1.0,0.0,0.0,0.0,1.0,1.2077468656832595e-14,2.7991211302442814e-14,3.001745627405422e-15,0.0,0.0,0.0,-8.989861039260323e-15,-1.998315398973523e-14,3.2417761400240335e-16,4.7875124678670886e-18,1.0778979122867316e-17,-3.1294316576448207e-21,0.034127142,0.034127142,0.008531785499999955,0.00853178550000012,0.008531785500000047,0.00853178549999988,533.2849613480569,533.284961348062,533.2849613480598,533.2849613480545,2.820835895406993,1.0199706000001014,5.508557141317625e-14,-2.2017438359170952e-14,0.9182467039474141
6.92,attitude_only,5.99552352620716e-15,1.3900063838196554e-14,1.5025239089526326e-15,1.0,0.0,0.0,0.0,1.0,1.1991047052414361e-14,2.780012767639309e-14,3.005047817905432e-15,0.0,0.0,0.0,-8.348908341811415e-15,-1.8380456555457735e-14,4.053551571071596e-16,4.101858314346513e-18,9.039546767288895e-18,-3.1294316576448207e-21,0.034127142,0.034127142,0.008531785499999962,0.0085317855000001,0.008531785500000038,0.0085317854999999,533.2849613480571,533.2849613480614,533.2849613480595,533.2849613480552,2.7402284921563314,1.0199706000001014,5.614653913704231e-14,-2.2475449360485905e-14,0.9424246927389505
6.93,attitude_only,5.955583181345286e-15,1.3812660852325474e-14,1.504767583632227e-15,1.0,0.0,0.0,0.0,1.0,1.1911166362690613e-14,2.762532170465093e-14,3.0095351672646186e-15,0.0,0.0,0.0,-7.705164612887202e-15,-1.6751822096105897e-14,5.646616315226386e-16,3.4064174857663267e-18,7.252703637027745e-18,-3.1294316576448207e-21,0.034127142,0.034127142,0.00853178549999997,0.008531785500000081,0.00853178550000003,0.008531785499999918,533.2849613480573,533.2849613480608,533.2849613480593,533.2849613480557,2.6581036357763743,1.0199706000001014,5.721029119671989e-14,-2.2934659727993048e-14,0.9657207348415154
6.94,attitude_only,5.918767983009947e-15,1.3733185133749544e-14,1.5074133603852086e-15,1.0,0.0,0.0,0.0,1.0,1.1837535966019935e-14,2.746637026749907e-14,3.0148267207705798e-15,0.0,0.0,0.0,-7.0806849750969956e-15,-1.522039230063451e-14,5.885160647021894e-16,2.727848770169054e-18,5.5671918054684384e-18,-3.1294316576448207e-21,0.034127142,0.034127142,0.008531785499999977,0.008531785500000064,0.008531785500000022,0.008531785499999936,533.2849613480575,533.2849613480603,533.284961348059,533.2849613480563,2.5747649206798497,1.0199706000001014,5.827680939017196e-14,-2.339506069154871e-14,0.9881348354444545
6.95,attitude_only,5.885235761540382e-15,1.3660899039720375e-14,1.510165991195494e-15,1.0,0.0,0.0,0.0,1.0,1.1770471523080805e-14,2.732179807944073e-14,3.020331982391149e-15,0.0,0.0,0.0,-6.411711369039315e-15,-1.3885998598435331e-14,4.771729210669895e-16,1.9891975565902303e-18,4.104779348813775e-18,-3.1294316576448207e-21,0.034127142,0.034127142,0.008531785499999984,0.008531785500000047,0.008531785500000015,0.008531785499999953,533.2849613480578,533.2849613480598,533.2849613480588,533.2849613480569,2.490455181561495,1.0199706000001014,5.93460732748286e-14,-2.38566458859491e-14,1.0096669976953347
6.96,attitude_only,5.854707740192504e-15,1.3594591349652684e-14,1.512214495932486e-15,1.0,0.0,0.0,0.0,1.0,1.1709415480385049e-14,2.718918269930535e-14,3.0244289918651314e-15,0.0,0.0,0.0,-5.8586662565591916e-15,-1.2772456161951183e-14,4.842785033443281e-16,1.3841300841796725e-18,2.8962529866523044e-18,-3.1294316576448207e-21,0.034127142,0.034127142,0.008531785499999988,0.008531785500000033,0.008531785500000012,0.008531785499999967,533.2849613480579,533.2849613480594,533.2849613480587,533.2849613480572,2.4053686614080663,1.0199706000001014,6.041806023389478e-14,-2.431940730663578e-14,1.0303172235032778
6.97,attitude_only,5.826843991679013e-15,1.353346294623032e-14,1.5146114303060257e-15,1.0,0.0,0.0,0.0,1.0,1.1653687983358067e-14,2.7066925892460623e-14,3.029222860612209e-15,0.0,0.0,0.0,-5.362228553279566e-15,-1.1805272433413308e-14,4.300025228858891e-16,8.420271257769154e-19,1.853685236740984e-18,-3.1294316576448207e-21,0.034127142,0.034127142,0.008531785499999993,0.00853178550000002,0.008531785500000008,0.008531785499999979,533.2849613480581,533.2849613480589,533.2849613480586,533.2849613480577,2.3196607395855358,1.0199706000001014,6.149275135583025e-14,-2.4783336350045337e-14,1.0500855140262333
6.98,attitude_only,5.8008340114614714e-15,1.3476599334450496e-14,1.5169260785210748e-15,1.0,0.0,0.0,0.0,1.0,1.1601668022922984e-14,2.6953198668900973e-14,3.033852157042306e-15,0.0,0.0,0.0,-5.1060810478219015e-15,-1.1034725978407114e-14,5.819492001784202e-16,5.8571092970594125e-19,1.0393767505176324e-18,-3.1294316576448207e-21,0.034127142,0.034127142,0.008531785499999996,0.008531785500000012,0.008531785500000003,0.008531785499999988,533.2849613480582,533.2849613480587,533.2849613480585,533.2849613480579,2.233455710474514,1.0199706000001014,6.257012837713176e-14,-2.5248422501913656e-14,1.0689718699665371
6.99,attitude_only,5.77580871568701e-15,1.3423113162371203e-14,1.5196884765145823e-15,1.0,0.0,0.0,0.0,1.0,1.1551617431374061e-14,2.6846226324742387e-14,3.0393769530293196e-15,0.0,0.0,0.0,-4.918828946235015e-15,-1.046406665631393e-14,5.340174469340805e-16,4.1019669726402756e-19,4.592262305689474e-19,-3.1294316576448207e-21,0.034127142,0.034127142,0.0085317855,0.008531785500000007,0.0085317855,0.008531785499999993,533.2849613480583,533.2849613480586,533.2849613480583,533.2849613480581,2.146853004052462,1.0199706000001014,6.365017390785663e-14,-2.571465398483644e-14,1.0869762917501793
7.0,attitude_only,5.751538005191506e-15,1.3372048649227272e-14,1.522043154777064e-15,1.0,0.0,0.0,0.0,1.0,1.1503076010383053e-14,2.6744097298454526e-14,3.0440863095542818e-15,0.0,0.0,0.0,-4.811060384179295e-15,-1.0027275459498437e-14,3.3033258897427524e-16,3.289850266389545e-19,3.534954898533925e-20,-3.1294316576448207e-21,0.034127142,0.034127142,0.008531785500000002,0.008531785500000003,0.008531785499999998,0.008531785499999996,533.2849613480583,533.2849613480585,533.2849613480582,533.2849613480582,2.0599321609491055,1.0199706000001014,6.473287051406684e-14,-2.6182024310110386e-14,1.1040987796355357
7.01,attitude_only,5.727674554015606e-15,1.332286809211766e-14,1.523252666593052e-15,1.0,0.0,0.0,0.0,1.0,1.1455349108031253e-14,2.6645736184235302e-14,3.0465053331862565e-15,0.0,0.0,0.0,-4.72842259946004e-15,-9.698062057733518e-15,3.115537421422853e-16,2.7710391097044806e-19,-2.6272591255523143e-19,-3.1294316576448207e-21,0.034127142,0.034127142,0.008531785500000003,0.0085317855,0.008531785499999996,0.0085317855,533.2849613480585,533.2849613480583,533.2849613480582,533.2849613480583,1.9727568116349625,1.0199706000001014,6.58182043038956e-14,-2.6650526096376376e-14,1.1203393337793193
7.02,attitude_only,5.704476370251298e-15,1.3274937991781695e-14,1.5257090301154424e-15,1.0,0.0,0.0,0.0,1.0,1.1408952740502637e-14,2.654987598356337e-14,3.0514180602310362e-15,0.0,0.0,0.0,-4.5650098234531436e-15,-9.516525174538864e-15,6.765745665693462e-16,1.2665867799670314e-19,-3.854049206434296e-19,-3.1294316576448207e-21,0.034127142,0.034127142,0.008531785500000003,0.008531785499999998,0.008531785499999996,0.008531785500000002,533.2849613480585,533.2849613480582,533.2849613480582,533.2849613480583,1.8853778592531938,1.0199706000001014,6.690616132564974e-14,-2.7120156086385244e-14,1.1356979542765815
7.03,attitude_only,5.682040415714934e-15,1.3227413226080928e-14,1.5289355611750296e-15,1.0,0.0,0.0,0.0,1.0,1.1364080831429909e-14,2.6454826452161836e-14,3.0578711223502094e-15,0.0,0.0,0.0,-4.4352254062944515e-15,-9.510998293478489e-15,5.639622006698759e-16,1.5269631469220087e-20,-2.969271949810885e-19,-3.1294316576448207e-21,0.034127142,0.034127142,0.008531785500000002,0.008531785499999998,0.008531785499999998,0.008531785500000002,533.2849613480583,533.2849613480582,533.2849613480582,533.2849613480583,1.7978360255704122,1.0199706000001014,6.799672637039935e-14,-2.759091078951163e-14,1.150174641184974
7.04,attitude_only,5.659975613400673e-15,1.3179712927843358e-14,1.5315684360746584e-15,1.0,0.0,0.0,0.0,1.0,1.1319951226801387e-14,2.63594258556867e-14,3.0631368721494658e-15,0.0,0.0,0.0,-4.3852600210366096e-15,-9.58878725775435e-15,5.025806511692181e-16,-8.36230629825973e-22,-1.0769256527251413e-19,-3.1294316576448207e-21,0.034127142,0.034127142,0.008531785500000002,0.008531785499999998,0.0085317855,0.0085317855,533.2849613480583,533.2849613480582,533.2849613480583,533.2849613480583,1.7101638875461447,1.0199706000001014,6.908988574618285e-14,-2.8062783226727705e-14,1.1637693945394645
7.05,attitude_only,5.638117636553265e-15,1.3131312782691084e-14,1.5332954990756754e-15,1.0,0.0,0.0,0.0,1.0,1.1276235273106572e-14,2.6262625565382152e-14,3.0665909981514987e-15,0.0,0.0,0.0,-4.393015441389907e-15,-9.750363921816958e-15,1.3933622798361835e-16,5.24004282080304e-20,1.837030708207829e-19,-3.1294316576448207e-21,0.034127142,0.034127142,0.008531785499999998,0.008531785500000002,0.008531785500000002,0.008531785499999998,533.2849613480582,533.2849613480583,533.2849613480583,533.2849613480582,1.622387506472856,1.0199706000001014,7.018562645100403e-14,-2.8535767844842277e-14,1.1764822143612612
7.06,attitude_only,5.615917419876036e-15,1.3082095245936375e-14,1.5341634943550847e-15,1.0,0.0,0.0,0.0,1.0,1.123183483975211e-14,2.6164190491872734e-14,3.0683269887103166e-15,0.0,0.0,0.0,-4.474228952089011e-15,-9.879429334844743e-15,1.8320775267365953e-16,1.945989305678445e-19,4.373758598025705e-19,-3.1294316576448207e-21,0.034127142,0.034127142,0.008531785499999998,0.008531785500000005,0.008531785500000002,0.008531785499999995,533.2849613480582,533.2849613480585,533.2849613480583,533.2849613480581,1.5345277312176164,1.0199706000001014,7.12839377842083e-14,-2.900985658286341e-14,1.1883131006632286
7.07,attitude_only,5.593324791098121e-15,1.303292481393557e-14,1.5353086912726582e-15,1.0,0.0,0.0,0.0,1.0,1.1186649582196282e-14,2.6065849627871124e-14,3.0706173825454623e-15,0.0,0.0,0.0,-4.54033169986053e-15,-9.782180499103719e-15,3.0926986106172007e-16,3.193255448922747e-19,4.1849906190438527e-19,-3.1294316576448207e-21,0.034127142,0.034127142,0.0085317855,0.008531785500000005,0.008531785500000002,0.008531785499999995,533.2849613480583,533.2849613480585,533.2849613480583,533.2849613480581,1.4466012407729025,1.0199706000001014,7.238481545803121e-14,-2.948504443780848e-14,1.1992620534531688
7.08,attitude_only,5.570587533842153e-15,1.2984467208166607e-14,1.536501170368759e-15,1.0,0.0,0.0,0.0,1.0,1.1141175067684345e-14,2.59689344163332e-14,3.0730023407376627e-15,0.0,0.0,0.0,-4.545967035721515e-15,-9.632976837802375e-15,1.5123290599014945e-16,3.7154761828267063e-19,3.357844367207953e-19,-3.1294316576448207e-21,0.034127142,0.034127142,0.0085317855,0.008531785500000005,0.0085317855,0.008531785499999995,533.2849613480583,533.2849613480585,533.2849613480583,533.2849613480581,1.3586213782712324,1.0199706000001014,7.348825506641522e-14,-2.9961328554944613e-14,1.2093290727358141
7.09,attitude_only,5.54807086120551e-15,1.2936647236835906e-14,1.5368929180642455e-15,1.0,0.0,0.0,0.0,1.0,1.1096141722411059e-14,2.5873294473671797e-14,3.0737858361286345e-15,0.0,0.0,0.0,-4.463569150280257e-15,-9.50164784817406e-15,4.9502135877268196e-17,3.173058472559629e-19,2.7320612764855476e-19,-3.1294316576448207e-21,0.034127142,0.034127142,0.0085317855,0.008531785500000005,0.0085317855,0.008531785499999995,533.2849613480583,533.2849613480585,533.2849613480583,533.2849613480581,1.2705988181814094,1.0199706000001014,7.459424680827328e-14,-3.043870692512456e-14,1.218514158514035
7.1,attitude_only,5.526077912112011e-15,1.288966893980337e-14,1.5364553701621803e-15,1.0,0.0,0.0,0.0,1.0,1.105215582422406e-14,2.5779337879606725e-14,3.072910740324503e-15,0.0,0.0,0.0,-4.3295966853194325e-15,-9.31986103368721e-15,-2.100118211745441e-16,1.998348561561668e-19,1.4826056060120478e-19,-3.1294316576448207e-21,0.034127142,0.034127142,0.0085317855,0.008531785500000002,0.0085317855,0.008531785499999996,533.2849613480583,533.2849613480583,533.2849613480583,533.2849613480582,1.1825421000558611,1.0199706000001014,7.570278247635267e-14,-3.091717736332817e-14,1.2268173107895723
7.11,attitude_only,5.504754751880971e-15,1.2843496008405364e-14,1.534802285724429e-15,1.0,0.0,0.0,0.0,1.0,1.1009509503761982e-14,2.5686992016810712e-14,3.069604571448999e-15,0.0,0.0,0.0,-4.202195836171797e-15,-9.158724973011939e-15,-4.185487346720313e-16,8.897579554072509e-20,4.648453752100373e-20,-3.1294316576448207e-21,0.034127142,0.034127142,0.0085317855,0.008531785500000002,0.0085317855,0.008531785499999998,533.2849613480583,533.2849613480583,533.2849613480583,533.2849613480582,1.0944580555228698,1.0199706000001014,7.681385283203934e-14,-3.13967367643395e-14,1.2342385295634812
7.12,attitude_only,5.484211715282516e-15,1.2798189656594971e-14,1.5322465208749726e-15,1.0,0.0,0.0,0.0,1.0,1.0968423430565072e-14,2.5596379313189926e-14,3.0644930417500856e-15,0.0,0.0,0.0,-4.022276438085012e-15,-8.964266416075967e-15,-5.695106202662008e-16,-8.670471778256788e-20,-9.722306664140473e-20,-3.1294316576448207e-21,0.034127142,0.034127142,0.0085317855,0.008531785499999998,0.0085317855,0.008531785500000002,533.2849613480583,533.2849613480582,533.2849613480583,533.2849613480583,1.0063521498767436,1.0199706000001014,7.792744904320812e-14,-3.1877381495598327e-14,1.2407778148364035
7.13,attitude_only,5.4645306544141276e-15,1.275382774025084e-14,1.5298353026414452e-15,1.0,0.0,0.0,0.0,1.0,1.0929061308828295e-14,2.5507655480501664e-14,3.0596706052830297e-15,0.0,0.0,0.0,-3.886202205436891e-15,-8.8266054203613e-15,-4.972474634095638e-16,-2.1113177490594566e-19,-1.741502072953926e-19,-3.1294316576448207e-21,0.034127142,0.034127142,0.0085317855,0.008531785499999996,0.0085317855,0.008531785500000003,533.2849613480583,533.2849613480582,533.2849613480583,533.2849613480585,0.9182287553478632,1.0199706000001014,7.904356306362859e-14,-3.2359108417734726e-14,1.2464351666087268
7.14,attitude_only,5.445205786334894e-15,1.2709720799718694e-14,1.5264841152327208e-15,1.0,0.0,0.0,0.0,1.0,1.0890411572669827e-14,2.5419441599437372e-14,3.05296823046558e-15,0.0,0.0,0.0,-3.858463810630308e-15,-8.82718002910442e-15,-6.517621099237644e-16,-2.0583321056754315e-19,-8.518887651260687e-20,-3.1294316576448207e-21,0.034127142,0.034127142,0.0085317855,0.008531785499999998,0.008531785500000002,0.008531785500000002,533.2849613480583,533.2849613480582,533.2849613480583,533.2849613480583,0.8300913697174916,1.0199706000001014,8.016218165472815e-14,-3.284191035558856e-14,1.2512105848806871
7.15,attitude_only,5.425801246317187e-15,1.2665567941809897e-14,1.5227466767357387e-15,1.0,0.0,0.0,0.0,1.0,1.0851602492634411e-14,2.5331135883619778e-14,3.0454933534716146e-15,0.0,0.0,0.0,-3.8811081593353776e-15,-8.843696730997094e-15,-8.067842937275983e-16,-1.3984891052810312e-19,2.3068133068577822e-20,-3.1294316576448207e-21,0.034127142,0.034127142,0.008531785499999998,0.008531785499999998,0.008531785500000002,0.0085317855,533.2849613480582,533.2849613480582,533.2849613480583,533.2849613480583,0.7419427912087951,1.0199706000001014,8.128329364237673e-14,-3.3325780276219865e-14,1.2551040696524272
7.16,attitude_only,5.406239563290264e-15,1.262111313680851e-14,1.5196779845738846e-15,1.0,0.0,0.0,0.0,1.0,1.0812479126580566e-14,2.5242226273617003e-14,3.0393559691479057e-15,0.0,0.0,0.0,-3.997504841937195e-15,-8.91133530081028e-15,-5.072357963270393e-16,3.980215701344877e-20,1.9334776985250258e-19,-3.1294316576448207e-21,0.034127142,0.034127142,0.008531785499999998,0.008531785500000002,0.008531785500000002,0.008531785499999998,533.2849613480582,533.2849613480583,533.2849613480583,533.2849613480582,0.6537852583991622,1.0199706000001014,8.240688870551565e-14,-3.381071399036985e-14,1.2581156209240334
7.17,attitude_only,5.3854651764426156e-15,1.2576554692492604e-14,1.5176251181093531e-15,1.0,0.0,0.0,0.0,1.0,1.0770930352885269e-14,2.515310938498519e-14,3.0352502362188415e-15,0.0,0.0,0.0,-4.277522306192152e-15,-8.886772412780693e-15,-3.2258358638454634e-16,4.1859833718131877e-19,2.527400283448038e-19,-3.1294316576448207e-21,0.034127142,0.034127142,0.008531785500000002,0.008531785500000005,0.008531785499999998,0.008531785499999995,533.2849613480583,533.2849613480585,533.2849613480582,533.2849613480581,0.565620562149837,1.0199706000001014,8.353295901534731e-14,-3.429670055399647e-14,1.2602452386955587
7.18,attitude_only,5.363617062789191e-15,1.2532433074555918e-14,1.516423503306394e-15,1.0,0.0,0.0,0.0,1.0,1.072723412557842e-14,2.506486614911182e-14,3.0328470066129225e-15,0.0,0.0,0.0,-4.407638077953428e-15,-8.78062054480304e-15,-2.566341933922592e-16,6.188136440743815e-19,2.1316399221964709e-19,-3.1294316576448207e-21,0.034127142,0.034127142,0.008531785500000003,0.008531785500000007,0.008531785499999996,0.008531785499999993,533.2849613480585,533.2849613480586,533.2849613480582,533.2849613480581,0.4774501351493931,1.0199706000001014,8.466149963578946e-14,-3.478373579748397e-14,1.2614929229670349
7.19,attitude_only,5.341805957809782e-15,1.2488733770923967e-14,1.5154575329829697e-15,1.0,0.0,0.0,0.0,1.0,1.0683611915619602e-14,2.497746754184792e-14,3.0309150659660726e-15,0.0,0.0,0.0,-4.293429658468228e-15,-8.69790188740619e-15,-1.8611696497913856e-16,5.246978372768272e-19,2.0088062221749562e-19,-3.1294316576448207e-21,0.034127142,0.034127142,0.008531785500000003,0.008531785500000005,0.008531785499999998,0.008531785499999995,533.2849613480585,533.2849613480585,533.2849613480582,533.2849613480581,0.38927512354843546,1.0199706000001014,8.579250216586488e-14,-3.5271822861798225e-14,1.261858673738481
7.2,attitude_only,5.321038498591127e-15,1.2445536523784447e-14,1.514382107171739e-15,1.0,0.0,0.0,0.0,1.0,1.0642076997182292e-14,2.489107304756888e-14,3.0287642143436105e-15,0.0,0.0,0.0,-4.008491468367849e-15,-8.599339787060969e-15,-1.878933454200158e-16,2.2285692384004943e-19,1.6859949967383863e-19,-3.1294316576448207e-21,0.034127142,0.034127142,0.0085317855,0.008531785500000003,0.0085317855,0.008531785499999996,533.2849613480583,533.2849613480585,533.2849613480583,533.2849613480582,0.30109644426731236,1.0199706000001014,8.692595844640613e-14,-3.57609647308147e-14,1.2613424910099091
7.21,attitude_only,5.301765783437866e-15,1.240263706750091e-14,1.5126310426703134e-15,1.0,0.0,0.0,0.0,1.0,1.060353156687577e-14,2.4805274135001805e-14,3.025262085340758e-15,0.0,0.0,0.0,-3.738238680201328e-15,-8.54399116022484e-15,-4.892486753018026e-16,-6.406403515776193e-20,1.8762105907272975e-19,-3.1294316576448207e-21,0.034127142,0.034127142,0.008531785499999998,0.0085317855,0.008531785500000002,0.008531785499999998,533.2849613480582,533.2849613480583,533.2849613480583,533.2849613480582,0.21291483084218504,1.0199706000001014,8.806185877604549e-14,-3.625116109581358e-14,1.259944374781326
7.22,attitude_only,5.283778917160327e-15,1.2360379532663873e-14,1.5095674664854788e-15,1.0,0.0,0.0,0.0,1.0,1.0567557834320693e-14,2.472075906532773e-14,3.019134932971088e-15,0.0,0.0,0.0,-3.5245207232259913e-15,-8.365407480338221e-15,-6.041754147990174e-16,-2.852803762959079e-19,5.697471801216654e-20,-3.1294316576448207e-21,0.034127142,0.034127142,0.008531785499999998,0.008531785499999998,0.008531785500000003,0.008531785500000002,533.2849613480582,533.2849613480582,533.2849613480585,533.2849613480583,0.12473087010195652,1.0199706000001014,8.920019655514846e-14,-3.674240683905998e-14,1.2576643250527364
7.23,attitude_only,5.2664220381017456e-15,1.2319162700724692e-14,1.5068632368396493e-15,1.0,0.0,0.0,0.0,1.0,1.0532844076203529e-14,2.463832540144937e-14,3.0137264736794283e-15,0.0,0.0,0.0,-3.4733158924635382e-15,-8.148766604190663e-15,-4.2637495799622443e-16,-3.119930142862139e-19,-1.215066673229905e-19,-3.1294316576448207e-21,0.034127142,0.034127142,0.008531785499999998,0.008531785499999996,0.008531785500000002,0.008531785500000003,533.2849613480582,533.2849613480582,533.2849613480583,533.2849613480585,0.03654503150970145,1.0199706000001014,9.034096655444348e-14,-3.723469420834955e-14,1.254502341824143
7.24,attitude_only,5.248665696620655e-15,1.2278740902948209e-14,1.5048328085994596e-15,1.0,0.0,0.0,0.0,1.0,1.0497331393241346e-14,2.45574818058964e-14,3.0096656171990482e-15,0.0,0.0,0.0,-3.638155836227631e-15,-8.039073035638157e-15,-3.700687731349698e-16,-7.780352340702715e-20,-1.7274821922961815e-19,-3.1294316576448207e-21,0.034127142,0.034127142,0.0085317855,0.008531785499999998,0.0085317855,0.008531785500000002,533.2849613480583,533.2849613480582,533.2849613480583,533.2849613480583,-0.051642309364159394,1.0199706000001014,9.148415946151048e-14,-3.7728012804833425e-14,1.250458425095547
7.25,attitude_only,5.229753026369954e-15,1.2238732915895226e-14,1.5025973962064837e-15,1.0,0.0,0.0,0.0,1.0,1.0459506052739944e-14,2.4477465831790437e-14,3.0051947924130957e-15,0.0,0.0,0.0,-3.889302913228711e-15,-7.975958033289521e-15,-5.273444225807241e-16,2.6246599812655587e-19,-1.6872664171508669e-19,-3.1294316576448207e-21,0.034127142,0.034127142,0.008531785500000003,0.0085317855,0.008531785499999996,0.0085317855,533.2849613480585,533.2849613480583,533.2849613480582,533.2849613480583,-0.13983085206327708,1.0199706000001014,9.262976447011828e-14,-3.8222353434646366e-14,1.2455325748669497
7.26,attitude_only,5.209647192510527e-15,1.219871924124996e-14,1.4999582328394882e-15,1.0,0.0,0.0,0.0,1.0,1.041929438502109e-14,2.4397438482499903e-14,2.9999164656791034e-15,0.0,0.0,0.0,-4.110199974660888e-15,-8.030145774014873e-15,-4.0661145654435773e-16,5.686444715917761e-19,-2.3399895104516208e-20,-3.1294316576448207e-21,0.034127142,0.034127142,0.008531785500000005,0.008531785500000003,0.008531785499999995,0.008531785499999996,533.2849613480585,533.2849613480585,533.2849613480581,533.2849613480582,-0.22802035622259137,1.0199706000001014,9.377777104934317e-14,-3.871771175163743e-14,1.2397247911383513
7.27,attitude_only,5.188842615808896e-15,1.21582270655917e-14,1.49825810985565e-15,1.0,0.0,0.0,0.0,1.0,1.0377685231617828e-14,2.4316454131183383e-14,2.9965162197114263e-15,0.0,0.0,0.0,-4.1613393131761276e-15,-8.126852524612627e-15,-4.022973897529162e-16,6.716250709418233e-19,1.7391673085891202e-19,-3.1294316576448207e-21,0.034127142,0.034127142,0.008531785500000003,0.008531785500000007,0.008531785499999996,0.008531785499999993,533.2849613480585,533.2849613480586,533.2849613480582,533.2849613480581,-0.3162106295500421,1.0199706000001014,9.492816779900814e-14,-3.921408679355104e-14,1.2330350739097524
7.28,attitude_only,5.1682101320861604e-15,1.2117460710027401e-14,1.496189413305771e-15,1.0,0.0,0.0,0.0,1.0,1.0336420264172357e-14,2.4234921420054787e-14,2.9923788266116674e-15,0.0,0.0,0.0,-4.051778258117379e-15,-8.16299835012145e-15,-4.106717547009917e-16,5.806695874525011e-19,2.9892170497071845e-19,-3.1294316576448207e-21,0.034127142,0.034127142,0.008531785500000002,0.008531785500000007,0.008531785499999998,0.008531785499999993,533.2849613480583,533.2849613480586,533.2849613480582,533.2849613480581,-0.4044015182120169,1.0199706000001014,9.60809478538047e-14,-3.971148058769348e-14,1.2254634231811534
7.29,attitude_only,5.148646659637574e-15,1.2076658125486322e-14,1.4941132153551355e-15,1.0,0.0,0.0,0.0,1.0,1.0297293319275184e-14,2.415331625097263e-14,2.988226430710395e-15,0.0,0.0,0.0,-3.788195326743264e-15,-8.168946895293867e-15,-4.1803104510969847e-16,3.0225202307099585e-19,3.877494281305572e-19,-3.1294316576448207e-21,0.034127142,0.034127142,0.0085317855,0.008531785500000005,0.0085317855,0.008531785499999995,533.2849613480583,533.2849613480585,533.2849613480583,533.2849613480581,-0.4925928991416036,1.0199706000001014,9.723610498614614e-14,-4.020989535216076e-14,1.217009838952554
7.3,attitude_only,5.130437886091943e-15,1.2035700510452894e-14,1.4916788331264572e-15,1.0,0.0,0.0,0.0,1.0,1.0260875772183922e-14,2.4071401020905772e-14,2.9833576662530378e-15,0.0,0.0,0.0,-3.5289478671919927e-15,-8.189736572534452e-15,-6.437937738866159e-16,2.644455028138931e-20,4.945944065446015e-19,-3.1294316576448207e-21,0.034127142,0.034127142,0.008531785499999996,0.008531785500000003,0.008531785500000003,0.008531785499999996,533.2849613480582,533.2849613480585,533.2849613480585,533.2849613480582,-0.5807846738852798,1.0199706000001014,9.839363052152778e-14,-4.07093297664509e-14,1.2076743212239545
7.31,attitude_only,5.1133410938152715e-15,1.1995060627409058e-14,1.4884607067691549e-15,1.0,0.0,0.0,0.0,1.0,1.022668218763058e-14,2.39901212548181e-14,2.9769214135384324e-15,0.0,0.0,0.0,-3.3467266303993313e-15,-8.053954869673246e-15,-5.337190905110244e-16,-1.5875366756581123e-19,4.121959118078873e-19,-3.1294316576448207e-21,0.034127142,0.034127142,0.008531785499999996,0.008531785500000002,0.008531785500000005,0.008531785499999998,533.2849613480582,533.2849613480583,533.2849613480585,533.2849613480582,-0.6689767636802049,1.0199706000001014,9.955351912725453e-14,-4.1209778795219046e-14,1.1974568699953547
7.32,attitude_only,5.096902665617457e-15,1.1955507554592153e-14,1.4861898378235787e-15,1.0,0.0,0.0,0.0,1.0,1.019380533123495e-14,2.391101510918429e-14,2.9723796756472794e-15,0.0,0.0,0.0,-3.238049087952928e-15,-7.795140172334252e-15,-4.008052300049781e-16,-2.567862276219646e-19,1.7956967672443993e-19,-3.1294316576448207e-21,0.034127142,0.034127142,0.008531785499999996,0.0085317855,0.008531785500000003,0.0085317855,533.2849613480582,533.2849613480583,533.2849613480585,533.2849613480583,-0.7571691055161566,1.0199706000001014,1.0071576829721097e-13,-4.171123589213683e-14,1.1863574852667553
7.33,attitude_only,5.081021318738982e-15,1.1917257077797379e-14,1.4847861115312886e-15,1.0,0.0,0.0,0.0,1.0,1.0162042637477998e-14,2.383451415559474e-14,2.9695722230626983e-15,0.0,0.0,0.0,-3.155774660943547e-15,-7.53664180745433e-15,-2.4505219236803807e-16,-3.2395779342378625e-19,-5.526194305692458e-20,-3.1294316576448207e-21,0.034127142,0.034127142,0.008531785499999998,0.008531785499999996,0.008531785500000002,0.008531785500000003,533.2849613480582,533.2849613480582,533.2849613480583,533.2849613480585,-0.8453616489849203,1.0199706000001014,1.0188037218140424e-13,-4.2213696953286485e-14,1.1743761670381558
7.34,attitude_only,5.065190629450832e-15,1.1880240547145328e-14,1.4838308959249965e-15,1.0,0.0,0.0,0.0,1.0,1.0130381258901698e-14,2.376048109429064e-14,2.9676617918501134e-15,0.0,0.0,0.0,-3.186870851857529e-15,-7.307130810677968e-15,-1.5347216727063412e-16,-2.5477365580843375e-19,-2.5760383108178025e-19,-3.1294316576448207e-21,0.034127142,0.034127142,0.0085317855,0.008531785499999996,0.0085317855,0.008531785500000003,533.2849613480583,533.2849613480582,533.2849613480583,533.2849613480585,-0.933554353759938,1.0199706000001014,1.0304732287411304e-13,-4.2717155627823093e-14,1.161512915309556
7.35,attitude_only,5.049022633634575e-15,1.1844088703128164e-14,1.4825478670706094e-15,1.0,0.0,0.0,0.0,1.0,1.0098045267269185e-14,2.3688177406256312e-14,2.9650957341413383e-15,0.0,0.0,0.0,-3.2844015680729075e-15,-7.195100859966499e-15,-4.25136566883308e-16,-1.0489278066925126e-19,-3.200887633358793e-19,-3.1294316576448207e-21,0.034127142,0.034127142,0.008531785500000002,0.008531785499999996,0.008531785499999998,0.008531785500000003,533.2849613480583,533.2849613480582,533.2849613480582,533.2849613480585,-1.0217471875799213,1.0199706000001014,1.0421661082804988e-13,-4.32216059467264e-14,1.1477677300809566
7.36,attitude_only,5.0321915801778116e-15,1.1808137978440598e-14,1.4795720136293756e-15,1.0,0.0,0.0,0.0,1.0,1.0064383160355658e-14,2.361627595688118e-14,2.95914402725887e-15,0.0,0.0,0.0,-3.430432719462276e-15,-7.226937632458488e-15,-5.930704989900999e-16,1.0464892819261661e-19,-2.0961526002090152e-19,-3.1294316576448207e-21,0.034127142,0.034127142,0.008531785500000002,0.008531785499999998,0.008531785499999998,0.0085317855,533.2849613480583,533.2849613480582,533.2849613480582,533.2849613480583,-1.1099401246359346,1.0199706000001014,1.0538822440735236e-13,-4.372704241501076e-14,1.133140611352357
7.37,attitude_only,5.014793628559914e-15,1.1771528051634054e-14,1.47694819311483e-15,1.0,0.0,0.0,0.0,1.0,1.0029587257119862e-14,2.3543056103268092e-14,2.9538963862297777e-15,0.0,0.0,0.0,-3.518562407281505e-15,-7.428447667074793e-15,-4.677696975271597e-16,2.4559017764850524e-19,1.064812581894105e-19,-3.1294316576448207e-21,0.034127142,0.034127142,0.008531785500000002,0.008531785500000002,0.008531785499999998,0.008531785499999996,533.2849613480583,533.2849613480583,533.2849613480582,533.2849613480582,-1.1981331442807521,1.0199706000001014,1.0656215065666278e-13,-4.423346204493079e-14,1.1176315591237571
7.38,attitude_only,4.997059582017943e-15,1.173370556169007e-14,1.4747053503773687e-15,1.0,0.0,0.0,0.0,1.0,9.994119164035921e-15,2.3467411123380123e-14,2.9494107007548545e-15,0.0,0.0,0.0,-3.544105834390285e-15,-7.664703463439536e-15,-5.438698359024161e-16,3.1168334852294363e-19,4.666352484614967e-19,-3.1294316576448207e-21,0.034127142,0.034127142,0.008531785499999998,0.008531785500000005,0.008531785500000002,0.008531785499999993,533.2849613480582,533.2849613480585,533.2849613480583,533.2849613480581,-1.286326229996595,1.0199706000001014,1.0773837808754542e-13,-4.474086302518363e-14,1.1012405733951578
7.39,attitude_only,4.979699720560298e-15,1.1695069531855877e-14,1.4718737390290238e-15,1.0,0.0,0.0,0.0,1.0,9.95939944112063e-15,2.3390139063711738e-14,2.943747478058164e-15,0.0,0.0,0.0,-3.4097161094435304e-15,-7.762991711907236e-15,-6.329121746516529e-16,1.8451283968127337e-19,6.622110637418072e-19,-3.1294316576448207e-21,0.034127142,0.034127142,0.008531785499999996,0.008531785500000007,0.008531785500000003,0.008531785499999993,533.2849613480582,533.2849613480586,533.2849613480585,533.2849613480581,-1.3745193685692454,1.0199706000001014,1.089169014856932e-13,-4.5249246492788735e-14,1.0839676541665582
7.4,attitude_only,4.962869567776933e-15,1.1656231132786995e-14,1.4701291784779621e-15,1.0,0.0,0.0,0.0,1.0,9.925739135553901e-15,2.3312462265573973e-14,2.94025835695604e-15,0.0,0.0,0.0,-3.3393096828863445e-15,-7.724138224965886e-15,-2.722340208990755e-16,1.3341822464151572e-19,6.928282616618513e-19,-3.1294316576448207e-21,0.034127142,0.034127142,0.008531785499999996,0.008531785500000007,0.008531785500000005,0.008531785499999993,533.2849613480582,533.2849613480586,533.2849613480585,533.2849613480581,-1.462712549427399,1.0199706000001014,1.1009771754536088e-13,-4.5758610894300404e-14,1.0658128014379584
7.41,attitude_only,4.9462925439278486e-15,1.1618536515456886e-14,1.4683275459428314e-15,1.0,0.0,0.0,0.0,1.0,9.892585087855732e-15,2.3237073030913756e-14,2.9366550918857775e-15,0.0,0.0,0.0,-3.3030448925961977e-15,-7.350768247462929e-15,-4.0973250971849557e-16,1.2293092521930092e-19,3.1829197113293106e-19,-3.1294316576448207e-21,0.034127142,0.034127142,0.008531785499999998,0.008531785500000003,0.008531785500000002,0.008531785499999996,533.2849613480582,533.2849613480585,533.2849613480583,533.2849613480582,-1.5509057641139152,1.0199706000001014,1.1128082734048643e-13,-4.626895088976001e-14,1.046776015209359
7.42,attitude_only,4.929858539119728e-15,1.158286284456568e-14,1.4662806597746829e-15,1.0,0.0,0.0,0.0,1.0,9.85971707823949e-15,2.3165725689131343e-14,2.93256131954948e-15,0.0,0.0,0.0,-3.2641956804679504e-15,-6.947966819183873e-15,-4.089712038140133e-16,1.089538274700827e-19,-9.559007461010077e-20,-3.1294316576448207e-21,0.034127142,0.034127142,0.008531785500000002,0.0085317855,0.008531785499999998,0.0085317855,533.2849613480583,533.2849613480583,533.2849613480582,533.2849613480583,-1.6390990058631305,1.0199706000001014,1.1246623061943776e-13,-4.678026232733647e-14,1.0268572954807595
7.43,attitude_only,4.913599377263581e-15,1.1549133047123514e-14,1.4642350424497084e-15,1.0,0.0,0.0,0.0,1.0,9.827198754527196e-15,2.309826609424701e-14,2.9284700848995303e-15,0.0,0.0,0.0,-3.2575213966011714e-15,-6.631205123027811e-15,-4.0820989790971996e-16,1.3351990079595905e-19,-4.093920587670987e-19,-3.1294316576448207e-21,0.034127142,0.034127142,0.008531785500000003,0.008531785499999998,0.008531785499999996,0.008531785500000002,533.2849613480585,533.2849613480582,533.2849613480582,533.2849613480583,-1.7272922692625094,1.0199706000001014,1.1365392021141106e-13,-4.7292542324496964e-14,1.0060566422521597
7.44,attitude_only,4.897221229001411e-15,1.1516051827333067e-14,1.4621875218599725e-15,1.0,0.0,0.0,0.0,1.0,9.794442458002855e-15,2.3032103654666118e-14,2.924375043720058e-15,0.0,0.0,0.0,-3.2875071511891666e-15,-6.6166599453552214e-15,-4.0973250971830127e-16,2.0237787781344738e-19,-3.606796725206474e-19,-3.1294316576448207e-21,0.034127142,0.034127142,0.008531785500000005,0.008531785499999998,0.008531785499999996,0.008531785500000002,533.2849613480585,533.2849613480582,533.2849613480582,533.2849613480583,-1.8154855499819675,1.0199706000001014,1.1484388119163546e-13,-4.780578565803505e-14,0.9843740555235603
7.45,attitude_only,4.8807480594635405e-15,1.1482937844225043e-14,1.460136321625034e-15,1.0,0.0,0.0,0.0,1.0,9.761496118927114e-15,2.296587568845007e-14,2.92027264325018e-15,0.0,0.0,0.0,-3.297561511504025e-15,-6.616973952652343e-15,-4.1024004698768176e-16,2.4741872530631677e-19,-2.9413312423757908e-19,-3.1294316576448207e-21,0.034127142,0.034127142,0.008531785500000003,0.0085317855,0.008531785499999996,0.0085317855,533.2849613480585,533.2849613480583,533.2849613480582,533.2849613480583,-1.903678844557575,1.0199706000001014,1.1603610132111414e-13,-4.8319989089360155e-14,0.9618095352949607
7.46,attitude_only,4.864249968190925e-15,1.1449898488250856e-14,1.4580851213900967e-15,1.0,0.0,0.0,0.0,1.0,9.728499936381883e-15,2.28997969765017e-14,2.9161702427803045e-15,0.0,0.0,0.0,-3.30023122473888e-15,-6.604685572880666e-15,-4.092249724482735e-16,2.8362469343553116e-19,-2.428323242347879e-19,-3.1294316576448207e-21,0.034127142,0.034127142,0.008531785500000003,0.0085317855,0.008531785499999996,0.0085317855,533.2849613480585,533.2849613480583,533.2849613480582,533.2849613480583,-1.991872150218061,1.0199706000001014,1.1723057475909448e-13,-4.883514992094139e-14,0.9383630815663612
7.47,attitude_only,4.84778772829472e-15,1.1416905417036971e-14,1.4560377276846817e-15,1.0,0.0,0.0,0.0,1.0,9.695575456589472e-15,2.283381083407393e-14,2.9120754553694743e-15,0.0,0.0,0.0,-3.2871411894634864e-15,-6.606486002723207e-15,-4.104938156219772e-16,3.0078806299969266e-19,-1.74606948396507e-19,-3.1294316576448207e-21,0.034127142,0.034127142,0.008531785500000003,0.0085317855,0.008531785499999996,0.008531785499999998,533.2849613480585,533.2849613480583,533.2849613480582,533.2849613480582,-2.0800654647464523,1.0199706000001014,1.1842729491964932e-13,-4.93512653105014e-14,0.9140346943377615
7.48,attitude_only,4.83134605541889e-15,1.1383767559179321e-14,1.4539862736811098e-15,1.0,0.0,0.0,0.0,1.0,9.662692110837813e-15,2.276753511835863e-14,2.9079725473623297e-15,0.0,0.0,0.0,-3.269600374925545e-15,-6.634423465774497e-15,-4.099862783528514e-16,3.1243508930342077e-19,-7.473775807721127e-20,-3.1294316576448207e-21,0.034127142,0.034127142,0.008531785500000003,0.008531785500000002,0.008531785499999996,0.008531785499999998,533.2849613480585,533.2849613480583,533.2849613480582,533.2849613480582,-2.168258786369118,1.0199706000001014,1.1962625404121834e-13,-4.986833196053609e-14,0.888824373609162
7.49,attitude_only,4.815010801330409e-15,1.1350647963736745e-14,1.4519353272148066e-15,1.0,0.0,0.0,0.0,1.0,9.630021602660851e-15,2.2701295927473476e-14,2.9038706544297225e-15,0.0,0.0,0.0,-3.251040572878235e-15,-6.6174758603476135e-15,-4.0947874108318696e-16,3.2267373257542995e-19,-2.8900125985996815e-20,-3.1294316576448207e-21,0.034127142,0.034127142,0.008531785500000003,0.008531785500000002,0.008531785499999998,0.008531785499999998,533.2849613480585,533.2849613480583,533.2849613480582,533.2849613480582,-2.256452113667298,1.0199706000001014,1.2082744651686605e-13,-5.038634725607058e-14,0.8627321193805624
7.5,attitude_only,4.798846162491487e-15,1.1317631288112743e-14,1.4498880603937094e-15,1.0,0.0,0.0,0.0,1.0,9.597692324983007e-15,2.2635262576225474e-14,2.8997761207875272e-15,0.0,0.0,0.0,-3.2399537118701686e-15,-6.589495783133756e-15,-4.0998627835233247e-16,3.417690364844514e-19,3.418739188711379e-21,-3.1294316576448207e-21,0.034127142,0.034127142,0.008531785500000003,0.008531785500000002,0.008531785499999998,0.008531785499999996,533.2849613480585,533.2849613480583,533.2849613480582,533.2849613480582,-2.3446454455058445,1.0199706000001014,1.220308665565109e-13,-5.0905308469424285e-14,0.8357579316519627
7.51,attitude_only,4.782572701318471e-15,1.128464321844165e-14,1.4478434581432782e-15,1.0,0.0,0.0,0.0,1.0,9.565145402636975e-15,2.2569286436883287e-14,2.8956869162866646e-15,0.0,0.0,0.0,-3.276064167047447e-15,-6.612477727988573e-15,-4.084636665434445e-16,4.1786222436765917e-19,9.712185029437709e-20,-3.1294316576448207e-21,0.034127142,0.034127142,0.008531785500000002,0.008531785500000003,0.008531785499999998,0.008531785499999996,533.2849613480583,533.2849613480585,533.2849613480582,533.2849613480582,-2.4328387809766796,1.0199706000001014,1.2323650738049207e-13,-5.142521061790748e-14,0.8079018104233631
7.52,attitude_only,4.766203549665461e-15,1.125160346522646e-14,1.4457987290085296e-15,1.0,0.0,0.0,0.0,1.0,9.532407099330955e-15,2.2503206930452908e-14,2.8915974580171665e-15,0.0,0.0,0.0,-3.26011972244767e-15,-6.595547996693777e-15,-4.0922497244822604e-16,4.313300880724029e-19,1.4276165270755695e-19,-3.1294316576448207e-21,0.034127142,0.034127142,0.008531785500000002,0.008531785500000003,0.008531785499999998,0.008531785499999995,533.2849613480583,533.2849613480585,533.2849613480582,533.2849613480581,-2.5210321193532965,1.0199706000001014,1.244443616436071e-13,-5.1946050258750056e-14,0.7791637556947635
7.53,attitude_only,4.7499260551319435e-15,1.1218674906124481e-14,1.4437592021307937e-15,1.0,0.0,0.0,0.0,1.0,9.49985211026392e-15,2.243734981224895e-14,2.887518404261694e-15,0.0,0.0,0.0,-3.2546620590316286e-15,-6.569803593694417e-15,-4.066872861001059e-16,4.573275125634715e-19,1.7756640504527343e-19,-3.1294316576448207e-21,0.034127142,0.034127142,0.008531785500000002,0.008531785500000005,0.008531785499999998,0.008531785499999995,533.2849613480583,533.2849613480585,533.2849613480582,533.2849613480581,-2.6092254600546436,1.0199706000001014,1.2565442410874662e-13,-5.2467825704943217e-14,0.7495437674661638
7.54,attitude_only,4.733634060619935e-15,1.1185959223960739e-14,1.4417316023788923e-15,1.0,0.0,0.0,0.0,1.0,9.467268121239901e-15,2.2371918447921465e-14,2.8834632047578902e-15,0.0,0.0,0.0,-3.2633255452410804e-15,-6.533700554217672e-15,-4.0491090565667685e-16,5.003569514672239e-19,1.9957976321535567e-19,-3.1294316576448207e-21,0.034127142,0.034127142,0.008531785500000002,0.008531785500000005,0.008531785499999998,0.008531785499999995,533.2849613480583,533.2849613480585,533.2849613480582,533.2849613480581,-2.697418802615719,1.0199706000001014,1.2686668901863747e-13,-5.2990533035342636e-14,0.7190418457375642
7.55,attitude_only,4.717362258441162e-15,1.1153189708179781e-14,1.4397194825137127e-15,1.0,0.0,0.0,0.0,1.0,9.434724516882356e-15,2.230637941635955e-14,2.8794389650275307e-15,0.0,0.0,0.0,-3.2537682823857638e-15,-6.5693302595152495e-15,-4.013581447698649e-16,5.214259188647012e-19,3.0802871216760036e-19,-3.1294316576448207e-21,0.034127142,0.034127142,0.008531785500000002,0.008531785500000007,0.008531785499999998,0.008531785499999993,533.2849613480583,533.2849613480586,533.2849613480582,533.2849613480581,-2.785612146664582,1.0199706000001014,1.2808114837885613e-13,-5.3514169184161974e-14,0.6876579905089646
7.5600000000000005,attitude_only,4.701181271847057e-15,1.1120350303337766e-14,1.4377130724428158e-15,1.0,0.0,0.0,0.0,1.0,9.402362543694146e-15,2.224070060667552e-14,2.875426144885736e-15,0.0,0.0,0.0,-3.2205857094488234e-15,-6.551178501856858e-15,-4.0135814476969163e-16,5.138126884348631e-19,3.517583879961029e-19,-3.1294316576448207e-21,0.034127142,0.034127142,0.008531785500000002,0.008531785500000007,0.008531785499999998,0.008531785499999993,533.2849613480583,533.2849613480586,533.2849613480582,533.2849613480581,-2.8738054919036147,1.0199706000001014,1.2929779521658878e-13,-5.4038731431984306e-14,0.655392201780365
7.57,attitude_only,4.685103596257572e-15,1.1087562355607236e-14,1.435702221420809e-15,1.0,0.0,0.0,0.0,1.0,9.370207192515175e-15,2.217512471121446e-14,2.8714044428417216e-15,0.0,0.0,0.0,-3.199066038417694e-15,-6.548926131798612e-15,-4.0262698794422256e-16,5.199797435816838e-19,4.1454480524419237e-19,-3.1294316576448207e-21,0.034127142,0.034127142,0.008531785500000002,0.008531785500000007,0.0085317855,0.008531785499999993,533.2849613480583,533.2849613480586,533.2849613480583,533.2849613480581,-2.9619988380948987,1.0199706000001014,1.3051662417885396e-13,-5.456421681247159e-14,0.6222444795517653
7.58,attitude_only,4.669027976165539e-15,1.1054846801552399e-14,1.4336873101006438e-15,1.0,0.0,0.0,0.0,1.0,9.33805595233111e-15,2.2109693603104784e-14,2.867374620201391e-15,0.0,0.0,0.0,-3.225312257893252e-15,-6.54445811032151e-15,-4.038958311182141e-16,5.837283295312854e-19,4.746277605748827e-19,-3.1294316576448207e-21,0.034127142,0.034127142,0.008531785500000002,0.008531785500000008,0.0085317855,0.008531785499999991,533.2849613480583,533.2849613480586,533.2849613480583,533.284961348058,-3.050192185047928,1.0199706000001014,1.317376289175988e-13,-5.50906215915299e-14,0.5882148238231656
7.59,attitude_only,4.652827565497271e-15,1.1022005413973649e-14,1.4316699879784475e-15,1.0,0.0,0.0,0.0,1.0,9.305655130994574e-15,2.2044010827947285e-14,2.8633399759569976e-15,0.0,0.0,0.0,-3.2462093036984297e-15,-6.581166104753399e-15,-4.0262698794431747e-16,6.412668775344826e-19,5.844890149406829e-19,-3.1294316576448207e-21,0.034127142,0.034127142,0.0085317855,0.008531785500000008,0.0085317855,0.00853178549999999,533.2849613480583,533.2849613480586,533.2849613480583,533.284961348058,-3.1383855326103522,1.0199706000001014,1.329608017844599e-13,-5.5617941549083413e-14,0.5533032345945659
7.6,attitude_only,4.636588837275662e-15,1.098907314489279e-14,1.4296511432444428e-15,1.0,0.0,0.0,0.0,1.0,9.273177674551355e-15,2.1978146289785568e-14,2.8593022864889873e-15,0.0,0.0,0.0,-3.239288461100006e-15,-6.588171982209859e-15,-4.0465713702268677e-16,6.653547510273732e-19,6.587777877105322e-19,-3.1294316576448207e-21,0.034127142,0.034127142,0.0085317855,0.00853178550000001,0.0085317855,0.00853178549999999,533.2849613480583,533.2849613480586,533.2849613480583,533.284961348058,-3.226578880660228,1.0199706000001014,1.3418613633902548e-13,-5.6146174033846e-14,0.5175097118659662
7.61,attitude_only,4.620376546272364e-15,1.0956213983044774e-14,1.4276236703768557e-15,1.0,0.0,0.0,0.0,1.0,9.24075309254476e-15,2.1912427966089536e-14,2.8552473407538127e-15,0.0,0.0,0.0,-3.240297143802951e-15,-6.573473851993434e-15,-4.056722115616965e-16,6.989681417089382e-19,7.068747699707611e-19,-3.1294316576448207e-21,0.034127142,0.034127142,0.0085317855,0.00853178550000001,0.0085317855,0.00853178549999999,533.2849613480583,533.2849613480586,533.2849613480583,533.284961348058,-3.314772229100193,1.0199706000001014,1.3541362729388016e-13,-5.6675316436486554e-14,0.4808342556373664
7.62,attitude_only,4.6041952554089804e-15,1.092318072500445e-14,1.4255898532933982e-15,1.0,0.0,0.0,0.0,1.0,9.208390510817992e-15,2.184636145000889e-14,2.851179706586897e-15,0.0,0.0,0.0,-3.2359032532709e-15,-6.623762359456622e-15,-4.0694105473587593e-16,7.260545056031856e-19,8.33458602521151e-19,-3.1294316576448207e-21,0.034127142,0.034127142,0.0085317855,0.008531785500000012,0.008531785500000002,0.008531785499999988,533.2849613480583,533.2849613480587,533.2849613480583,533.2849613480579,-3.4029655778521657,1.0199706000001014,1.3664326678031166e-13,-5.720536556290451e-14,0.4432768659087667
7.63,attitude_only,4.588129627645165e-15,1.0890069277057531e-14,1.4235494382254374e-15,1.0,0.0,0.0,0.0,1.0,9.176259255290361e-15,2.178013855411505e-14,2.8470988764509746e-15,0.0,0.0,0.0,-3.1975507245353794e-15,-6.622744012666913e-15,-4.0820989790966937e-16,7.12006978365914e-19,8.984640265001683e-19,-3.1294316576448207e-21,0.034127142,0.034127142,0.008531785499999998,0.008531785500000012,0.008531785500000002,0.008531785499999988,533.2849613480582,533.2849613480587,533.2849613480583,533.2849613480579,-3.491158926853745,1.0199706000001014,1.3787504858888027e-13,-5.773631872919154e-14,0.4048375426801669
7.64,attitude_only,4.572247657529474e-15,1.0857038234494991e-14,1.4215034402475097e-15,1.0,0.0,0.0,0.0,1.0,9.14449531505898e-15,2.171407646898997e-14,2.843006880495119e-15,0.0,0.0,0.0,-3.1611810794946167e-15,-6.58877906017812e-15,-4.104938156231195e-16,6.99975215111945e-19,9.235938741153964e-19,-3.1294316576448207e-21,0.034127142,0.034127142,0.008531785499999998,0.008531785500000012,0.008531785500000002,0.008531785499999988,533.2849613480582,533.2849613480587,533.2849613480583,533.2849613480579,-3.579352276054937,1.0199706000001014,1.3910896739438488e-13,-5.826817337987724e-14,0.3655162859515672
7.65,attitude_only,4.556558629893254e-15,1.0824054395174044e-14,1.4194569347323105e-15,1.0,0.0,0.0,0.0,1.0,9.113117259786538e-15,2.1648108790348076e-14,2.8389138694647195e-15,0.0,0.0,0.0,-3.1179928585262653e-15,-6.617235599957837e-15,-4.087174351798572e-16,6.793292785351877e-19,1.0239140778506394e-18,-3.1294316576448207e-21,0.034127142,0.034127142,0.008531785499999998,0.008531785500000012,0.008531785500000003,0.008531785499999986,533.2849613480582,533.2849613480587,533.2849613480585,533.2849613480579,-3.667545625415962,1.0199706000001014,1.4034501681666644e-13,-5.880092643024372e-14,0.32531309572296746
7.66,attitude_only,4.54090202970479e-15,1.0790936097388016e-14,1.4174142357466327e-15,1.0,0.0,0.0,0.0,1.0,9.08180405940961e-15,2.158187219477602e-14,2.8348284714933632e-15,0.0,0.0,0.0,-3.141752881979592e-15,-6.621013082299265e-15,-4.082098979101406e-16,7.392588354989752e-19,1.0946571874833438e-18,-3.1294316576448207e-21,0.034127142,0.034127142,0.008531785499999998,0.008531785500000014,0.008531785500000003,0.008531785499999986,533.2849613480582,533.2849613480587,533.2849613480585,533.2849613480579,-3.755738974904782,1.0199706000001014,1.4158318881801568e-13,-5.933457393734053e-14,0.2842279719943677
7.67,attitude_only,4.525204020453007e-15,1.0757835069485006e-14,1.415375216406161e-15,1.0,0.0,0.0,0.0,1.0,9.050408040906044e-15,2.151567013897e-14,2.8307504328124193e-15,0.0,0.0,0.0,-3.1542737785587795e-15,-6.621057769010379e-15,-4.0719482337077995e-16,7.858266491795867e-19,1.160921389226782e-18,-3.1294316576448207e-21,0.034127142,0.034127142,0.008531785499999996,0.008531785500000015,0.008531785500000003,0.008531785499999984,533.2849613480582,533.2849613480588,533.2849613480585,533.2849613480578,-3.8439323244958388,1.0199706000001014,1.4282347803507486e-13,-5.986911204601863e-14,0.24226091476576797
7.68,zero_thrust,5.871071689856084e-15,1.3914886862479184e-14,1.4133368314872757e-15,1.0,0.0,0.0,0.0,1.0,1.1742143379712207e-14,2.7829773724958353e-14,2.8266736629747148e-15,0.0,0.0,0.0,4.935101252779772e-13,1.1571101654834728e-12,-4.0820989791015265e-16,0.0,0.0,0.0,0.0,0.0,0.0,0.0,0.0,0.0,0.0,0.0,0.0,0.0,-5.8266435357515505,1.0199706000001014,1.4407785157061318e-13,-6.040943777136315e-14,0.20098844962344323
7.69,zero_thrust,8.755820746562509e-15,2.0679114287136375e-14,1.4112688864875707e-15,1.0,0.0,0.0,0.0,1.0,1.7511641493125074e-14,4.1358228574272725e-14,2.8225377729755036e-15,0.0,0.0,0.0,6.280308705248323e-13,1.4726653611558614e-12,-4.21025213967063e-16,0.0,0.0,0.0,0.0,0.0,0.0,0.0,0.0,0.0,0.0,0.0,0.0,0.0,-4.926698595380545,1.0199706000001014,1.4586248074838386e-13,-6.117339552856429e-14,0.17843082944720196
7.7,zero_thrust,1.1858794243933509e-14,2.7955562470898368e-14,1.4092264016191785e-15,1.0,0.0,0.0,0.0,1.0,2.3717588487867096e-14,5.5911124941796704e-14,2.81845280323902e-15,0.0,0.0,0.0,5.861146567594305e-13,1.3744739774189976e-12,-3.972344044558342e-16,0.0,0.0,0.0,0.0,0.0,0.0,0.0,0.0,0.0,0.0,0.0,0.0,0.0,-3.7851307512226864,1.0199706000001014,1.4889099116791738e-13,-6.246390681207883e-14,0.18624223570128928
7.71,zero_thrust,1.4386560905645006e-14,3.3883750671100264e-14,1.4072244166388436e-15,1.0,0.0,0.0,0.0,1.0,2.877312181129011e-14,6.776750134220049e-14,2.814448833278662e-15,0.0,0.0,0.0,4.3882580267371523e-13,1.029217041187915e-12,-4.0362620194465835e-16,0.0,0.0,0.0,0.0,0.0,0.0,0.0,0.0,0.0,0.0,0.0,0.0,0.0,-2.3762905669994483,1.0199706000001014,1.5329867459404322e-13,-6.433934703396347e-14,0.21883293740022364
7.72,zero_thrust,1.6548039598630767e-14,3.8953349633590344e-14,1.4051875721748719e-15,1.0,0.0,0.0,0.0,1.0,3.309607919726164e-14,7.790669926718064e-14,2.810375144351033e-15,0.0,0.0,0.0,4.3229000796925484e-13,1.013898102981437e-12,-4.1341215492368116e-16,0.0,0.0,0.0,0.0,0.0,0.0,0.0,0.0,0.0,0.0,0.0,0.0,0.0,-1.137537569145177,1.0199706000001014,1.5811547944593714e-13,-6.638842459221163e-14,0.2570076816229453
7.721,hover,1.8709454285829973e-14,4.402275153350148e-14,1.4032405181911307e-15,1.0,0.0,0.0,0.0,1.0,3.741890857166007e-14,8.804550306700291e-14,2.8064810363839086e-15,0.0,0.0,0.0,4.322802513137002e-13,1.013881882523274e-12,-3.8575137373185847e-16,-5.22167883712845e-16,-1.2244564888440378e-15,4.601579681943173e-19,0.34127141999999994,0.34127141999999994,0.08531785500000537,0.08531785499998658,0.08531785499999457,0.08531785500001343,1686.3951197747754,1686.3951197745898,1686.3951197746687,1686.3951197748552,1.5666120317325105,1.0199706000001014,1.629294366691679e-13,-6.84362935942353e-14,0.2941573129286655
7.74,hover,2.0866763879549055e-14,4.908273520528463e-14,1.4015480318168625e-15,1.0,0.0,0.0,0.0,1.0,4.173352775909825e-14,9.816547041056919e-14,2.803096063635773e-15,0.0,0.0,0.0,4.2926260162828723e-13,1.0068710908510916e-12,-3.0174206021247907e-16,-5.267026935212869e-16,-1.2351740895635899e-15,3.6507989111509915e-19,0.34127141999999994,0.34127141999999994,0.08531785500000541,0.08531785499998645,0.08531785499999453,0.08531785500001354,1686.3951197747758,1686.3951197745885,1686.3951197746683,1686.3951197748563,1.6790233714313487,1.0199706000001014,1.6774494034389597e-13,-7.048481927597694e-14,0.33034468134252015
7.75,hover,2.2966372998566345e-14,5.4007868912062135e-14,1.4000539607939187e-15,1.0,0.0,0.0,0.0,1.0,4.593274599713284e-14,1.0801573782412421e-13,2.800107921590318e-15,0.0,0.0,0.0,4.091372612943989e-13,9.59838311939512e-13,-1.8405685583003489e-16,-5.066436577335649e-16,-1.1883331379890894e-15,2.256982144144665e-19,0.34127141999999994,0.34127141999999994,0.08531785500000522,0.08531785499998697,0.08531785499999474,0.08531785500001302,1686.395119774774,1686.3951197745937,1686.3951197746703,1686.395119774851,2.050085301414198,1.0199706000001014,1.725731982023829e-13,-7.253876518741503e-14,0.36568801155597536
7.76,hover,2.4910827576954038e-14,5.856861914919469e-14,1.3993133209173877e-15,1.0,0.0,0.0,0.0,1.0,4.982165515390824e-14,1.171372382983893e-13,2.7986266418376934e-15,0.0,0.0,0.0,3.6988278706452215e-13,8.670686984868132e-13,-8.944873667373011e-17,-4.632371165283579e-16,-1.0856802888307187e-15,1.1306295879363802e-19,0.34127141999999994,0.34127141999999994,0.08531785500000476,0.08531785499998809,0.0853178549999952,0.08531785500001189,1686.3951197747695,1686.3951197746046,1686.3951197746749,1686.39511977484,2.3346229366444726,1.0199706000001014,1.7743843547256705e-13,-7.460843371830632e-14,0.4004157463316303
7.77,hover,2.661924561048863e-14,6.256856529125509e-14,1.3981941058193723e-15,1.0,0.0,0.0,0.0,1.0,5.3238491220977436e-14,1.251371305825101e-13,2.7963882116420755e-15,0.0,0.0,0.0,3.1710930150210425e-13,7.415390557578782e-13,-3.1653994372907135e-16,-4.030800268684774e-16,-9.424601081135755e-16,3.887378066973381e-19,0.34127141999999994,0.34127141999999994,0.08531785500000412,0.08531785499998966,0.08531785499999582,0.08531785500001034,1686.395119774763,1686.39511977462,1686.395119774681,1686.3951197748245,2.5540271349137376,1.0199706000001014,1.8236621283631078e-13,-7.670471804955013e-14,0.4347321856115406
7.78,hover,2.8042026492262948e-14,6.588985092587754e-14,1.3968437590418187e-15,1.0,0.0,0.0,0.0,1.0,5.608405298452608e-14,1.31779701851755e-13,2.793687518087333e-15,0.0,0.0,0.0,2.575792849336659e-13,6.002448272158199e-13,-4.3907847325178637e-16,-3.342197998356882e-16,-7.78909482135264e-16,5.401748268571143e-19,0.34127141999999994,0.34127141999999994,0.08531785500000338,0.08531785499999145,0.08531785499999654,0.08531785500000856,1686.3951197747558,1686.3951197746378,1686.3951197746883,1686.395119774807,2.7242855499684264,1.0199706000001014,1.87378556289615e-13,-7.883700148564938e-14,0.46878537771341167
7.79,hover,2.9164047451548566e-14,6.849903396853009e-14,1.3931507431470898e-15,1.0,0.0,0.0,0.0,1.0,5.832809490309732e-14,1.369980679370601e-13,2.7863014862981752e-15,0.0,0.0,0.0,1.9755406267054158e-13,4.583879704202505e-13,-8.454334299751597e-16,-2.641650737466444e-16,-6.132651336847832e-16,1.0362551092249137e-18,0.34127141999999994,0.34127141999999994,0.08531785500000262,0.08531785499999328,0.08531785499999726,0.08531785500000677,1686.3951197747483,1686.395119774656,1686.3951197746953,1686.3951197747892,2.8572008243994267,1.0199706000001014,1.9249289998832325e-13,-8.101271092126266e-14,0.5026739969346452
7.8,hover,2.9993317623867046e-14,7.041815153921473e-14,1.3903500699616596e-15,1.0,0.0,0.0,0.0,1.0,5.99866352477343e-14,1.4083630307842938e-13,2.780700139927543e-15,0.0,0.0,0.0,1.407242763508644e-13,3.2509269519767287e-13,-6.02576846483762e-16,-1.9737657292654039e-16,-4.565617303696667e-16,7.508529775000739e-19,0.34127141999999994,0.34127141999999994,0.08531785500000194,0.08531785499999499,0.08531785499999796,0.08531785500000504,1686.3951197747415,1686.3951197746728,1686.3951197747022,1686.3951197747722,2.9615038900764095,1.0199706000001014,1.9772230835291196e-13,-8.323741729318374e-14,0.5364611584624879
7.8100000000000005,hover,3.063740466686498e-14,7.19052841461362e-14,1.3871987408116621e-15,1.0,0.0,0.0,0.0,1.0,6.127480933373017e-14,1.4381056829227233e-13,2.77439748162773e-15,0.0,0.0,0.0,8.105543967515813e-14,1.866014406855792e-13,-6.31294336131176e-16,-1.2658452331244455e-16,-2.9223823936201023e-16,7.91626908438283e-19,0.34127141999999994,0.34127141999999994,0.08531785500000122,0.08531785499999679,0.08531785499999868,0.08531785500000323,1686.3951197747344,1686.3951197746908,1686.3951197747094,1686.3951197747544,3.043706846033931,1.0199706000001014,2.0307623648423708e-13,-8.551514114330707e-14,0.5701863451611303
7.82,hover,3.0886495862550486e-14,7.247549008710183e-14,1.385654101185503e-15,1.0,0.0,0.0,0.0,1.0,6.177299172510117e-14,1.449509801742036e-13,2.771308202375483e-15,0.0,0.0,0.0,4.86385233935068e-14,1.10615910529734e-13,-3.406291296430262e-16,-8.8170609008398e-17,-2.021617622802933e-16,4.462349519489334e-19,0.34127141999999994,0.34127141999999994,0.08531785500000084,0.08531785499999778,0.0853178549999991,0.08531785500000223,1686.3951197747308,1686.3951197747003,1686.3951197747135,1686.3951197747444,3.1087175062128205,1.0199706000001014,2.085612813274267e-13,-8.784871605854918e-14,0.6038739466304134
7.83,hover,3.103703038182261e-14,7.281419035556393e-14,1.383474159215273e-15,1.0,0.0,0.0,0.0,1.0,6.207406076364542e-14,1.4562838071112778e-13,2.7669483184350657e-15,0.0,0.0,0.0,1.6227606285571778e-14,3.5940381622493583e-14,-4.782604495913047e-16,-4.943978454173168e-17,-1.1291053140782977e-16,6.161751403827805e-19,0.34127141999999994,0.34127141999999994,0.08531785500000044,0.08531785499999876,0.08531785499999947,0.08531785500000126,1686.3951197747267,1686.39511977471,1686.3951197747172,1686.395119774735,3.1602734428613797,1.0199706000001014,2.1418190303308954e-13,-9.024005950151934e-14,0.6375389185249688
7.839,attitude_only,3.098054072492152e-14,7.267405325133222e-14,1.385008819444601e-15,1.0,0.0,0.0,0.0,1.0,6.196108144984325e-14,1.4534810650266437e-13,2.7700176388937046e-15,0.0,0.0,0.0,-2.266398393080365e-14,-5.399487193024788e-14,7.172889401226219e-16,-2.565900426703935e-18,-4.502273297167755e-18,4.226260087321493e-20,0.034127142,0.034127142,0.008531785500000014,0.008531785499999948,0.008531785499999982,0.008531785500000055,533.2849613480587,533.2849613480566,533.2849613480578,533.28496134806,3.1400637216608716,1.0199706000001014,2.199408974556606e-13,-9.269035577234949e-14,0.6711903917304164
7.85,attitude_only,3.0955551072521675e-14,7.261446511667681e-14,1.3858464599564729e-15,1.0,0.0,0.0,0.0,1.0,6.191110214504355e-14,1.4522893023335354e-13,2.7716929199174415e-15,0.0,0.0,0.0,-2.57570482290028e-14,-6.14251197459633e-14,9.294770636759417e-16,1.429104261654062e-18,5.0897003988962974e-18,4.226260087321493e-20,0.034127142,0.034127142,0.00853178549999997,0.008531785500000052,0.008531785500000026,0.008531785499999951,533.2849613480573,533.2849613480599,533.2849613480591,533.2849613480568,9.240757914507402,1.0199706000001014,2.2583976951079348e-13,-9.52002700027639e-14,0.7048339264163211
7.86,attitude_only,3.079106720889524e-14,7.222024119599664e-14,1.388909829386778e-15,1.0,0.0,0.0,0.0,1.0,6.158213441779068e-14,1.444404823919932e-13,2.7778196587780035e-15,0.0,0.0,0.0,-3.7989164819648155e-14,-9.121307098300558e-14,6.707440799700612e-16,1.648753581862499e-17,4.174737259317715e-17,4.226260087321493e-20,0.034127142,0.034127142,0.008531785499999804,0.008531785500000449,0.008531785500000192,0.008531785499999554,533.2849613480521,533.2849613480723,533.2849613480643,533.2849613480444,7.7659644144598055,1.0199706000001014,2.318737456395611e-13,-9.776779293629636e-14,0.7384361538731703
7.87,attitude_only,3.057792536414667e-14,7.170822470256213e-14,1.3924379364203462e-15,1.0,0.0,0.0,0.0,1.0,6.115585072829354e-14,1.4341644940512419e-13,2.7848758728450777e-15,0.0,0.0,0.0,-4.5737553543703864e-14,-1.0996352650221521e-13,6.603871475628614e-16,2.6242977822928867e-17,6.534755448125083e-17,4.226260087321493e-20,0.034127142,0.034127142,0.008531785499999698,0.008531785500000706,0.008531785500000298,0.008531785499999297,533.2849613480489,533.2849613480804,533.2849613480677,533.2849613480363,6.879885977033499,1.0199706000001014,2.380128966454832e-13,-1.0038016796773205e-13,0.7717918761464523
7.88,attitude_only,3.033783392497101e-14,7.112954822810269e-14,1.3983271028668421e-15,1.0,0.0,0.0,0.0,1.0,6.067566784994222e-14,1.422590964562053e-13,2.796654205738e-15,0.0,0.0,0.0,-4.93180618070196e-14,-1.191177059348628e-13,1.6785386314090362e-15,3.103276835697793e-17,7.752374685977654e-17,4.226260087321493e-20,0.034127142,0.034127142,0.00853178549999964,0.008531785500000836,0.008531785500000355,0.008531785499999167,533.2849613480471,533.2849613480845,533.2849613480694,533.2849613480323,6.162261230104999,1.0199706000001014,2.442293491622837e-13,-1.0302551522745787e-13,0.8047094985703616
7.89,attitude_only,3.0088757547261617e-14,7.052715483530193e-14,1.4088565993012264e-15,1.0,0.0,0.0,0.0,1.0,6.017751509452344e-14,1.4105430967060378e-13,2.817713198606697e-15,0.0,0.0,0.0,-4.986850148889726e-14,-1.2064555691450447e-13,2.079857866785575e-15,3.219198099012009e-17,8.056362360449157e-17,4.226260087321493e-20,0.034127142,0.034127142,0.008531785499999627,0.008531785500000869,0.00853178550000037,0.008531785499999134,533.2849613480466,533.2849613480854,533.2849613480698,533.2849613480312,5.576816795126781,1.0199706000001014,2.5050439820962215e-13,-1.0569586265724e-13,0.8370598891225028
7.9,attitude_only,2.9842477170069965e-14,6.99321114091119e-14,1.4188476304136714e-15,1.0,0.0,0.0,0.0,1.0,5.968495434014013e-14,1.3986422281822373e-13,2.8376952608315166e-15,0.0,0.0,0.0,-4.851470227795588e-14,-1.1706454003879986e-13,1.9385721793686378e-15,3.105256895977002e-17,7.743704875403412e-17,4.226260087321493e-20,0.034127142,0.034127142,0.00853178549999964,0.008531785500000836,0.008531785500000354,0.008531785499999167,533.2849613480471,533.2849613480845,533.2849613480694,533.2849613480323,5.0953488549272254,1.0199706000001014,2.568252897665188e-13,-1.0838576558999929e-13,0.8687546600637922
7.91,attitude_only,2.960654908470362e-14,6.93644690652741e-14,1.4281816921994376e-15,1.0,0.0,0.0,0.0,1.0,5.921309816940744e-14,1.3872893813054813e-13,2.8563633844029825e-15,0.0,0.0,0.0,-4.59632291226644e-14,-1.1026107345587737e-13,1.7980517629901195e-15,2.845043346464689e-17,7.037549958908587e-17,4.226260087321493e-20,0.034127142,0.034127142,0.008531785499999675,0.008531785500000761,0.00853178550000032,0.008531785499999242,533.2849613480481,533.2849613480821,533.2849613480684,533.2849613480346,4.695833137233689,1.0199706000001014,2.6318317721142244e-13,-1.110914467020453e-13,0.899732362728387
7.92,attitude_only,2.938535937762604e-14,6.883661860132058e-14,1.4377461184111356e-15,1.0,0.0,0.0,0.0,1.0,5.877071875525228e-14,1.3767323720264107e-13,2.875492236826317e-15,0.0,0.0,0.0,-4.2745150388090614e-14,-1.0151465285951518e-13,1.993298971514899e-15,2.5016190487039244e-17,6.08949414020464e-17,4.226260087321493e-20,0.034127142,0.034127142,0.008531785499999722,0.008531785500000662,0.008531785500000274,0.00853178549999934,533.2849613480496,533.284961348079,533.2849613480669,533.2849613480377,4.361011690399106,1.0199706000001014,2.6957182570274095e-13,-1.1381024198552271e-13,0.9299496217589941
7.93,attitude_only,2.918166962272467e-14,6.835562819333316e-14,1.4475848130051501e-15,1.0,0.0,0.0,0.0,1.0,5.836333924544954e-14,1.3671125638666625e-13,2.8951696260142895e-15,0.0,0.0,0.0,-3.9031253860580996e-14,-9.179992495814015e-14,1.9571726272725684e-15,2.0949827192633504e-17,5.015526716997772e-17,4.226260087321493e-20,0.034127142,0.034127142,0.008531785499999774,0.008531785500000548,0.008531785500000222,0.008531785499999455,533.2849613480513,533.2849613480754,533.2849613480653,533.2849613480413,4.077324401214777,1.0199706000001014,2.759867721972744e-13,-1.165402455864227e-13,0.9593753742037681
7.94,attitude_only,2.899737507182971e-14,6.792331289191723e-14,1.4576036783734467e-15,1.0,0.0,0.0,0.0,1.0,5.799475014365963e-14,1.3584662578383438e-13,2.9152073567508326e-15,0.0,0.0,0.0,-3.510257752275412e-14,-8.215782479862579e-14,2.0389693955069415e-15,1.658644136246882e-17,3.9406325226546805e-17,4.226260087321493e-20,0.034127142,0.034127142,0.008531785499999823,0.008531785500000432,0.008531785500000173,0.008531785499999571,533.2849613480528,533.2849613480718,533.2849613480637,533.2849613480449,3.8340935698326253,1.0199706000001014,2.8242476416318404e-13,-1.192800769621722e-13,0.9879870766468102
7.95,attitude_only,2.883216660040479e-14,6.753795800928123e-14,1.4691738175282233e-15,1.0,0.0,0.0,0.0,1.0,5.766433320080978e-14,1.3507591601856238e-13,2.9383476350603413e-15,0.0,0.0,0.0,-3.1413501801260684e-14,-7.299163957877682e-14,2.646965340809986e-15,1.2473685514689294e-17,2.913681935851579e-17,4.226260087321493e-20,0.034127142,0.034127142,0.00853178549999987,0.00853178550000032,0.008531785500000126,0.008531785499999682,533.2849613480543,533.2849613480684,533.2849613480622,533.2849613480483,3.6228967646244916,1.0199706000001014,2.8888339425595157e-13,-1.2202871245074784e-13,1.0157681720847291
7.96,attitude_only,2.86845478967644e-14,6.71967839139578e-14,1.4831277254148861e-15,1.0,0.0,0.0,0.0,1.0,5.7369095793529e-14,1.3439356782791552e-13,2.9662554508336274e-15,0.0,0.0,0.0,-2.799632692669363e-14,-6.44860631030869e-14,2.8048570132661257e-15,8.653038934475761e-18,1.957498821871874e-17,4.226260087321493e-20,0.034127142,0.034127142,0.008531785499999915,0.008531785500000218,0.008531785500000081,0.008531785499999785,533.2849613480556,533.2849613480652,533.2849613480608,533.2849613480516,3.437081416720709,1.0199706000001014,2.9536086573866904e-13,-1.2478538252009443e-13,1.0427063723357843
7.97,attitude_only,2.855348216739368e-14,6.689562551407587e-14,1.4971106739496901e-15,1.0,0.0,0.0,0.0,1.0,5.710696433478756e-14,1.3379125102815167e-13,2.9942213479032003e-15,0.0,0.0,0.0,-2.4795189607529422e-14,-5.692218154491308e-14,2.7993187110684018e-15,5.059626047554005e-18,1.106755216435928e-17,4.226260087321493e-20,0.034127142,0.034127142,0.008531785499999951,0.008531785500000125,0.008531785500000045,0.008531785499999878,533.2849613480568,533.2849613480622,533.2849613480597,533.2849613480545,3.271387190061862,1.0199706000001014,3.0185581800643586e-13,-1.2754951040955628e-13,1.0687924751700508
7.98,attitude_only,2.8437142486723607e-14,6.662924688434847e-14,1.5110774665422698e-15,1.0,0.0,0.0,0.0,1.0,5.687428497344742e-14,1.3325849376869686e-13,3.0221549330883292e-15,0.0,0.0,0.0,-2.2126700455185907e-14,-5.0492552173509264e-14,2.701339235947689e-15,2.0787060692936572e-18,3.856922440409831e-18,4.226260087321493e-20,0.034127142,0.034127142,0.008531785499999984,0.008531785500000047,0.008531785500000012,0.008531785499999956,533.2849613480578,533.2849613480598,533.2849613480587,533.284961348057,3.1216509881508485,1.0199706000001014,3.0836720749097966e-13,-1.3032065370637253e-13,1.0940195369751182
7.99,attitude_only,2.8332450324361746e-14,6.639170150763903e-14,1.52355615019544e-15,1.0,0.0,0.0,0.0,1.0,5.6664900648723694e-14,1.32783403015278e-13,3.047112300394642e-15,0.0,0.0,0.0,-2.0064855790615943e-14,-4.522478710345352e-14,2.417010810700341e-15,-1.9485897028414473e-19,-2.0121477726225475e-18,4.226260087321493e-20,0.034127142,0.034127142,0.008531785500000012,0.008531785499999984,0.008531785499999984,0.008531785500000019,533.2849613480587,533.2849613480578,533.2849613480578,533.2849613480589,2.984575758458649,1.0199706000001014,3.1489422452864236e-13,-1.3309846265886016e-13,1.1183822853720162
8.0,attitude_only,2.8236663706310486e-14,6.617770251941973e-14,1.534962310204372e-15,1.0,0.0,0.0,0.0,1.0,5.6473327412621174e-14,1.323554050388394e-13,3.069924620412481e-15,0.0,0.0,0.0,-1.8482475932475564e-14,-4.101918114907215e-14,2.1672583619446754e-15,-1.9088900407278495e-18,-6.648683106389481e-18,4.226260087321493e-20,0.034127142,0.034127142,0.008531785500000034,0.008531785499999936,0.008531785499999962,0.008531785500000067,533.2849613480594,533.2849613480563,533.2849613480571,533.2849613480604,2.857548825299311,1.0199706000001014,3.2143624169005365e-13,-1.3588266507941604e-13,1.1418766962986353
8.01,attitude_only,2.8147728512228108e-14,6.598108273743479e-14,1.5454716833312262e-15,1.0,0.0,0.0,0.0,1.0,5.629545702445642e-14,1.319621654748695e-13,3.0909433666661668e-15,0.0,0.0,0.0,-1.72706611474224e-14,-3.811910680855904e-14,2.035443399279957e-15,-3.190361171317422e-18,-9.747581246919618e-18,4.226260087321493e-20,0.034127142,0.034127142,0.008531785500000048,0.008531785499999903,0.008531785499999948,0.0085317855000001,533.2849613480598,533.2849613480553,533.2849613480566,533.2849613480614,2.738498846080494,1.0199706000001014,3.2799276014011806e-13,-1.3867305042991203e-13,1.164499685590687
8.02,attitude_only,2.8063962794590284e-14,6.579596209803964e-14,1.5554250384751443e-15,1.0,0.0,0.0,0.0,1.0,5.612792558918077e-14,1.315919241960792e-13,3.1108500769539817e-15,0.0,0.0,0.0,-1.637615919558383e-14,-3.625537360738168e-14,1.958697717290596e-15,-4.1000019215678715e-18,-1.162150735225864e-17,4.226260087321493e-20,0.034127142,0.034127142,0.008531785500000055,0.00853178549999988,0.00853178549999994,0.008531785500000123,533.28496134806,533.2849613480545,533.2849613480564,533.2849613480621,2.625782994865755,1.0199706000001014,3.345633818020509e-13,-1.4146945376864127e-13,1.1862488814907546
8.03,attitude_only,2.798413593507237e-14,6.561801885130238e-14,1.5651216322987002e-15,1.0,0.0,0.0,0.0,1.0,5.5968271870144946e-14,1.312360377026047e-13,3.130243264601073e-15,0.0,0.0,0.0,-1.5646290207507713e-14,-3.515716065579798e-14,1.8756137671336923e-15,-4.819381805184141e-18,-1.2587791287601112e-17,4.226260087321493e-20,0.034127142,0.034127142,0.008531785500000057,0.008531785499999868,0.008531785499999939,0.008531785500000135,533.28496134806,533.2849613480541,533.2849613480564,533.2849613480626,2.5180978697728618,1.0199706000001014,3.4114779532228774e-13,-1.44271745401012e-13,1.207122455184767
8.04,attitude_only,2.7907393273924187e-14,6.54437038938471e-14,1.5750415669312307e-15,1.0,0.0,0.0,0.0,1.0,5.581478654784858e-14,1.3088740778769413e-13,3.150083133866114e-15,0.0,0.0,0.0,-1.5158341641146244e-14,-3.472113334748476e-14,2.227351716383655e-15,-5.253336668406443e-18,-1.276381272410214e-17,4.226260087321493e-20,0.034127142,0.034127142,0.008531785500000055,0.008531785499999863,0.00853178549999994,0.00853178550000014,533.28496134806,533.284961348054,533.2849613480564,533.2849613480627,2.4144090620821497,1.0199706000001014,3.4774575280318825e-13,-1.4707982377384584e-13,1.2271189934979632
8.05,attitude_only,2.7832221618590035e-14,6.526989484759789e-14,1.5879375382854773e-15,1.0,0.0,0.0,0.0,1.0,5.566444323718028e-14,1.3053978969519567e-13,3.1758750765745876e-15,0.0,0.0,0.0,-1.4971371256132695e-14,-3.487913094984542e-14,2.923389393507804e-15,-5.327987417861353e-18,-1.2225424291770837e-17,4.226260087321493e-20,0.034127142,0.034127142,0.008531785500000052,0.008531785499999866,0.008531785499999944,0.008531785500000137,533.2849613480599,533.2849613480541,533.2849613480565,533.2849613480626,2.3138954314166975,1.0199706000001014,3.5435705307375194e-13,-1.4989360161080716e-13,1.2462374025855116
8.06,attitude_only,2.775742034249415e-14,6.509379195403308e-14,1.6043533715545044e-15,1.0,0.0,0.0,0.0,1.0,5.551484068498851e-14,1.3018758390806605e-13,3.2087067431126225e-15,0.0,0.0,0.0,-1.49855740840186e-14,-3.55499762989211e-14,3.4803442634826865e-15,-5.161088283558082e-18,-1.1064910109890819e-17,4.226260087321493e-20,0.034127142,0.034127142,0.008531785500000043,0.008531785499999877,0.008531785499999953,0.008531785500000126,533.2849613480597,533.2849613480545,533.2849613480569,533.2849613480622,2.2159049863484004,1.0199706000001014,3.609815302255677e-13,-1.5271300764879948e-13,1.2644768346462634
8.07,attitude_only,2.7682079348152786e-14,6.491347206860361e-14,1.6224709217765261e-15,1.0,0.0,0.0,0.0,1.0,5.536415869630578e-14,1.2982694413720713e-13,3.2449418435566463e-15,0.0,0.0,0.0,-1.511873302262953e-14,-3.6508594674463106e-14,3.564522466967749e-15,-4.850110226998676e-18,-9.549482112495792e-18,4.226260087321493e-20,0.034127142,0.034127142,0.008531785500000034,0.00853178549999989,0.008531785499999962,0.008531785500000113,533.2849613480594,533.2849613480548,533.2849613480571,533.2849613480618,2.1199199339602877,1.0199706000001014,3.67619048888464e-13,-1.5553798361287253e-13,1.2818366318903414
8.08,attitude_only,2.760627709939726e-14,6.472809476572222e-14,1.6396645939207131e-15,1.0,0.0,0.0,0.0,1.0,5.5212554198794734e-14,1.2945618953144434e-13,3.279329187845e-15,0.0,0.0,0.0,-1.5189687523589013e-14,-3.754885929880072e-14,3.397014289094502e-15,-4.6130679506114055e-18,-7.925675970302657e-18,4.226260087321493e-20,0.034127142,0.034127142,0.008531785500000024,0.008531785499999904,0.008531785499999972,0.008531785500000099,533.284961348059,533.2849613480553,533.2849613480574,533.2849613480613,2.025528980034484,1.0199706000001014,3.742695000474317e-13,-1.5836848602120793e-13,1.2983162835336537
8.09,attitude_only,2.7530314687100604e-14,6.453725122682946e-14,1.6566160563250207e-15,1.0,0.0,0.0,0.0,1.0,5.506062937420142e-14,1.2907450245365882e-13,3.3132321126535948e-15,0.0,0.0,0.0,-1.5195691462403044e-14,-3.8690938859047285e-14,3.356666253313515e-15,-4.453906309410544e-18,-6.1682711094163095e-18,4.226260087321493e-20,0.034127142,0.034127142,0.008531785500000012,0.00853178549999992,0.008531785499999984,0.008531785500000083,533.2849613480587,533.2849613480558,533.2849613480578,533.2849613480608,1.932405367131965,1.0199706000001014,3.8093279260675816e-13,-1.6120447990945453e-13,1.3139153926888723
8.1,attitude_only,2.7454165207242955e-14,6.434043911663417e-14,1.6727522718420241e-15,1.0,0.0,0.0,0.0,1.0,5.4908330414486125e-14,1.2868087823326823e-13,3.345504543687581e-15,0.0,0.0,0.0,-1.524196276601789e-14,-3.9937358836683415e-14,3.2148616908187394e-15,-4.245961117412556e-18,-4.27319354788613e-18,4.226260087321493e-20,0.034127142,0.034127142,0.008531785499999998,0.008531785499999936,0.008531785499999998,0.008531785500000067,533.2849613480582,533.2849613480563,533.2849613480582,533.2849613480604,1.8402894561846272,1.0199706000001014,3.8760884538370296e-13,-1.640459333515962e-13,1.3286336508128247
8.11,attitude_only,2.737794609627037e-14,6.413730810075152e-14,1.68716830666235e-15,1.0,0.0,0.0,0.0,1.0,5.4755892192540954e-14,1.2827461620150294e-13,3.374336613328212e-15,0.0,0.0,0.0,-1.528143189121464e-14,-4.1167714017444003e-14,2.533519949875011e-15,-4.045783848264311e-18,-2.3850901907989922e-18,4.226260087321493e-20,0.034127142,0.034127142,0.008531785499999986,0.008531785499999953,0.00853178550000001,0.008531785500000052,533.2849613480579,533.2849613480569,533.2849613480586,533.2849613480599,1.7489749076362313,1.0199706000001014,3.942975857210133e-13,-1.6689281872703392e-13,1.3424708179472509
8.12,attitude_only,2.7301023992459174e-14,6.392831592785503e-14,1.6983917606733932e-15,1.0,0.0,0.0,0.0,1.0,5.460204798491856e-14,1.2785663185570997e-13,3.396783521350277e-15,0.0,0.0,0.0,-1.5469806730970685e-14,-4.229989994344838e-14,1.91989066304663e-15,-3.665035973247352e-18,-6.034680801592644e-19,4.226260087321493e-20,0.034127142,0.034127142,0.008531785499999974,0.008531785499999969,0.008531785500000022,0.008531785500000034,533.2849613480574,533.2849613480573,533.284961348059,533.2849613480594,1.6582977154819782,1.0199706000001014,4.009989525080768e-13,-1.697451068618518e-13,1.3554267074159025
8.13,attitude_only,2.7222757024241407e-14,6.371407381722507e-14,1.7076491086144307e-15,1.0,0.0,0.0,0.0,1.0,5.444551404848303e-14,1.2742814763445003e-13,3.4152982172323304e-15,0.0,0.0,0.0,-1.5850730116774156e-14,-4.324986285352676e-14,1.9038445674492918e-15,-3.0494206091154208e-18,9.689860404701351e-19,4.226260087321493e-20,0.034127142,0.034127142,0.008531785499999967,0.008531785499999986,0.00853178550000003,0.008531785500000017,533.2849613480572,533.2849613480579,533.2849613480593,533.2849613480588,1.5681275032387385,1.0199706000001014,4.0771288997696916e-13,-1.7260277033382898e-13,1.36750117395856
8.14,attitude_only,2.714202697164305e-14,6.349582830137454e-14,1.7188390656613237e-15,1.0,0.0,0.0,0.0,1.0,5.428405394328632e-14,1.2699165660274898e-13,3.4376781313260943e-15,0.0,0.0,0.0,-1.6398837457503586e-14,-4.392758059001441e-14,2.6488003309070693e-15,-2.227703425665073e-18,2.2215231301554515e-18,4.226260087321493e-20,0.034127142,0.034127142,0.008531785499999963,0.008531785500000002,0.008531785500000033,0.008531785500000002,533.2849613480572,533.2849613480583,533.2849613480594,533.2849613480583,1.478360613845584,1.0199706000001014,4.14439349946168e-13,-1.754657797058787e-13,1.3786941045212895
8.15,attitude_only,2.7058115433708915e-14,6.327512205446302e-14,1.7343465695637644e-15,1.0,0.0,0.0,0.0,1.0,5.411623086741805e-14,1.2655024410892595e-13,3.4686931391309528e-15,0.0,0.0,0.0,-1.7096260105105396e-14,-4.4286649374354476e-14,3.4914589548595563e-15,-1.219833647491849e-18,3.0952721651070596e-18,4.226260087321493e-20,0.034127142,0.034127142,0.008531785499999965,0.008531785500000015,0.008531785500000031,0.008531785499999988,533.2849613480572,533.2849613480588,533.2849613480593,533.2849613480579,1.3889146227105025,1.0199706000001014,4.2117828891421823e-13,-1.7833410928694056e-13,1.389005411102991
8.16,attitude_only,2.697084035396715e-14,6.305320082359068e-14,1.7532518825572627e-15,1.0,0.0,0.0,0.0,1.0,5.394168070793452e-14,1.2610640164718125e-13,3.5065037651179266e-15,0.0,0.0,0.0,-1.7757595423286898e-14,-4.4430507610050186e-14,3.9785301263416406e-15,-2.486553114411819e-19,3.7122071240424014e-18,4.226260087321493e-20,0.034127142,0.034127142,0.008531785499999967,0.008531785500000028,0.00853178550000003,0.008531785499999976,533.2849613480572,533.2849613480591,533.2849613480593,533.2849613480575,1.299723980025984,1.0199706000001014,4.2792966386109084e-13,-1.8120773701181442e-13,1.39843502519587
8.17,attitude_only,2.688030407787258e-14,6.283134410132403e-14,1.7732913069367636e-15,1.0,0.0,0.0,0.0,1.0,5.3760608155745383e-14,1.2566268820264795e-13,3.546582613876905e-15,0.0,0.0,0.0,-1.837645406166229e-14,-4.426762094713098e-14,3.977570439780278e-15,6.777395952259073e-19,3.959419338010651e-18,4.226260087321493e-20,0.034127142,0.034127142,0.008531785499999972,0.008531785500000038,0.008531785500000024,0.008531785499999965,533.2849613480574,533.2849613480595,533.284961348059,533.2849613480572,1.2107365493574322,1.0199706000001014,4.3469343303756245e-13,-1.8408664359713144e-13,1.406982893462702
8.18,attitude_only,2.6786889500701168e-14,6.261121674654343e-14,1.7929922439340714e-15,1.0,0.0,0.0,0.0,1.0,5.3573779001402564e-14,1.2522243349308677e-13,3.585984487871497e-15,0.0,0.0,0.0,-1.8924157933882386e-14,-4.377832579458601e-14,3.8878271694374574e-15,1.5242258212288404e-18,3.8100484129025446e-18,4.226260087321493e-20,0.034127142,0.034127142,0.00853178549999998,0.008531785500000043,0.008531785500000015,0.00853178549999996,533.2849613480577,533.2849613480597,533.2849613480588,533.2849613480571,1.1219108577227594,1.0199706000001014,4.41469559146928e-13,-1.8697081164985798e-13,1.4146489743745425
8.19,attitude_only,2.6690988833951828e-14,6.239412502645853e-14,1.8120996862898926e-15,1.0,0.0,0.0,0.0,1.0,5.3381977667903884e-14,1.2478825005291696e-13,3.624199372583116e-15,0.0,0.0,0.0,-1.9398246897300213e-14,-4.310331610160207e-14,3.841185740438847e-15,2.2871150463032304e-18,3.4310699423378233e-18,4.226260087321493e-20,0.034127142,0.034127142,0.00853178549999999,0.008531785500000045,0.008531785500000007,0.008531785499999958,533.284961348058,533.2849613480597,533.2849613480586,533.284961348057,1.0332139105825755,1.0199706000001014,4.4825800444732036e-13,-1.8986022386758668e-13,1.4214332355947608
8.2,attitude_only,2.6593063076127546e-14,6.218090902863588e-14,1.830487909796639e-15,1.0,0.0,0.0,0.0,1.0,5.318612615225532e-14,1.2436181805727166e-13,3.660975819596585e-15,0.0,0.0,0.0,-1.9698101341100684e-14,-4.227018838906022e-14,3.483302753649198e-15,2.843921392274799e-18,2.8540185711781905e-18,4.226260087321493e-20,0.034127142,0.034127142,0.008531785499999998,0.008531785500000045,0.008531785499999998,0.008531785499999958,533.2849613480582,533.2849613480597,533.2849613480582,533.284961348057,0.944619455436622,1.0199706000001014,4.550587290505079e-13,-1.9275486298096253e-13,1.4273356519432887
8.21,attitude_only,2.6494104541641874e-14,6.197179099007658e-14,1.8461214471426703e-15,1.0,0.0,0.0,0.0,1.0,5.2988209083283975e-14,1.2394358198015307e-13,3.692242894288625e-15,0.0,0.0,0.0,-1.9822185554571926e-14,-4.1444363276642004e-14,2.844581938167374e-15,3.191044303986041e-18,2.2774720690428184e-18,4.226260087321493e-20,0.034127142,0.034127142,0.008531785500000005,0.008531785500000043,0.008531785499999991,0.00853178549999996,533.2849613480585,533.2849613480597,533.284961348058,533.2849613480571,0.8561066017261216,1.0199706000001014,4.618716907026236e-13,-1.9565471566537087e-13,1.4323562038121307
8.22,attitude_only,2.6395129145759233e-14,6.176685082384793e-14,1.858365734716383e-15,1.0,0.0,0.0,0.0,1.0,5.2790258291518694e-14,1.2353370164769576e-13,3.7167314694360265e-15,0.0,0.0,0.0,-1.9751708290501032e-14,-4.062151657993156e-14,2.1327798700802863e-15,3.303988670005975e-18,1.696271198789598e-18,4.226260087321493e-20,0.034127142,0.034127142,0.00853178550000001,0.00853178550000004,0.008531785499999986,0.008531785499999963,533.2849613480586,533.2849613480596,533.2849613480579,533.2849613480572,0.7676587237769527,1.0199706000001014,4.686968469292836e-13,-1.9855976871695782e-13,1.4364948759319334
8.23,attitude_only,2.629684692253429e-14,6.156590870308203e-14,1.868217273945812e-15,1.0,0.0,0.0,0.0,1.0,5.259369384506881e-14,1.2313181740616395e-13,3.736434547894862e-15,0.0,0.0,0.0,-1.957903366684997e-14,-3.981475619457669e-14,1.872980774278005e-15,3.2925694582931943e-18,1.1263062983095078e-18,4.226260087321493e-20,0.034127142,0.034127142,0.008531785500000015,0.008531785500000036,0.00853178549999998,0.008531785499999967,533.2849613480588,533.2849613480595,533.2849613480577,533.2849613480572,0.6792625886177999,1.0199706000001014,4.755341547535188e-13,-2.014700073485688e-13,1.4397516564117452
8.24,attitude_only,2.6199701336094127e-14,6.136903318637079e-14,1.8776440561401382e-15,1.0,0.0,0.0,0.0,1.0,5.239940267218849e-14,1.2273806637274147e-13,3.755288112283492e-15,0.0,0.0,0.0,-1.926116711438953e-14,-3.9035261967060966e-14,1.9716048577804584e-15,3.103741266484557e-18,5.812658449612372e-19,4.226260087321493e-20,0.034127142,0.034127142,0.008531785500000017,0.00853178550000003,0.008531785499999979,0.008531785499999974,533.2849613480588,533.2849613480593,533.2849613480577,533.2849613480574,0.5909076624870919,1.0199706000001014,4.823835740454186e-13,-2.0438541471018366e-13,1.4421265359913877
8.25,attitude_only,2.6104873701222795e-14,6.117557030359639e-14,1.8880451876262955e-15,1.0,0.0,0.0,0.0,1.0,5.220974740244582e-14,1.2235114060719268e-13,3.776090375255785e-15,0.0,0.0,0.0,-1.8675913587028798e-14,-3.845093655362418e-14,2.1742431203867598e-15,2.588196169521964e-18,2.645847143733269e-19,4.226260087321493e-20,0.034127142,0.034127142,0.008531785500000015,0.008531785500000024,0.00853178549999998,0.008531785499999979,533.2849613480588,533.284961348059,533.2849613480577,533.2849613480577,0.5025855593485747,1.0199706000001014,4.892450612427645e-13,-2.0730597914191163e-13,1.4436195074593328
8.26,attitude_only,2.6013645085308836e-14,6.098456508346446e-14,1.899219075209328e-15,1.0,0.0,0.0,0.0,1.0,5.2027290170617906e-14,1.2196913016692883e-13,3.798438150421829e-15,0.0,0.0,0.0,-1.784889430232772e-14,-3.803745275765749e-14,2.189183903647852e-15,1.7742619709039455e-18,1.4877868678987403e-19,4.226260087321493e-20,0.034127142,0.034127142,0.00853178550000001,0.008531785500000017,0.008531785499999986,0.008531785499999986,533.2849613480586,533.2849613480588,533.2849613480579,533.2849613480579,0.4142896022806238,1.0199706000001014,4.961185709049624e-13,-2.102316907083271e-13,1.444230565199421
8.27,attitude_only,2.5926924168468007e-14,6.079525339675603e-14,1.9096659682742643e-15,1.0,0.0,0.0,0.0,1.0,5.1853848336936247e-14,1.2159050679351197e-13,3.819331936551681e-15,0.0,0.0,0.0,-1.694504476553824e-14,-3.772944470301149e-14,2.123711474867771e-15,8.590929744119506e-19,1.5646346824478251e-19,4.226260087321493e-20,0.034127142,0.034127142,0.008531785500000003,0.00853178550000001,0.008531785499999993,0.008531785499999995,533.2849613480585,533.2849613480586,533.2849613480581,533.2849613480581,0.32601447459401417,1.0199706000001014,5.030040594327603e-13,-2.1316253811463377e-13,1.4439597048378967
8.28,attitude_only,2.5844116793548813e-14,6.060730002427986e-14,1.920829837894084e-15,1.0,0.0,0.0,0.0,1.0,5.168823358709786e-14,1.2121460004855963e-13,3.8416596757913e-15,0.0,0.0,0.0,-1.6304253865734597e-14,-3.74937015941813e-14,2.36619201816904e-15,2.5318643330492197e-19,2.4850875359036004e-19,4.226260087321493e-20,0.034127142,0.034127142,0.008531785499999998,0.008531785500000005,0.008531785499999998,0.008531785499999998,533.2849613480582,533.2849613480585,533.2849613480582,533.2849613480582,0.23775594228814922,1.0199706000001014,5.099014867944218e-13,-2.1609850112653823e-13,1.4428069229685436
8.29,attitude_only,2.5763775581545676e-14,6.042045193426252e-14,1.9330762722720532e-15,1.0,0.0,0.0,0.0,1.0,5.1527551163091585e-14,1.2084090386852494e-13,3.86615254454722e-15,0.0,0.0,0.0,-1.5882321170267485e-14,-3.7279079759176955e-14,2.493014836765122e-15,-9.43095895529432e-20,3.6375334917690537e-19,4.226260087321493e-20,0.034127142,0.034127142,0.008531785499999995,0.008531785500000003,0.008531785500000002,0.0085317855,533.2849613480581,533.2849613480585,533.2849613480583,533.2849613480583,0.14951063323242422,1.0199706000001014,5.168108138342528e-13,-2.1903955305522227e-13,1.4407722169386386
8.3,attitude_only,2.56853445225765e-14,6.023456843787491e-14,1.9459677482295026e-15,1.0,0.0,0.0,0.0,1.0,5.137068904515323e-14,1.2046913687574973e-13,3.891935496462099e-15,0.0,0.0,0.0,-1.5528641686213283e-14,-3.7095683875684876e-14,2.6381093600854513e-15,-3.634385535558281e-19,5.146351277433204e-19,4.226260087321493e-20,0.034127142,0.034127142,0.008531785499999991,0.008531785500000003,0.008531785500000005,0.0085317855,533.284961348058,533.2849613480585,533.2849613480585,533.2849613480583,0.06127586145846131,1.0199706000001014,5.237320026856914e-13,-2.219856735946482e-13,1.4378555846822647
8.31,attitude_only,2.5608709280562568e-14,6.004946285316829e-14,1.9592512704398063e-15,1.0,0.0,0.0,0.0,1.0,5.121741856112537e-14,1.2009892570633649e-13,3.9185025408826884e-15,0.0,0.0,0.0,-1.5160280523912556e-14,-3.6969864680449296e-14,2.646991171548795e-15,-6.538691430775765e-19,7.333507402651098e-19,4.226260087321493e-20,0.034127142,0.034127142,0.008531785499999988,0.008531785500000002,0.008531785500000008,0.008531785500000002,533.2849613480579,533.2849613480583,533.2849613480586,533.2849613480583,-0.026950512668549045,1.0199706000001014,5.306650154676728e-13,-2.2493684615713789e-13,1.4340570245904989
8.32,attitude_only,2.553373708747778e-14,5.986489478784162e-14,1.9724341070025937e-15,1.0,0.0,0.0,0.0,1.0,5.106747417495579e-14,1.1972978957568314e-13,3.944868214008244e-15,0.0,0.0,0.0,-1.487615137623838e-14,-3.6874752649464325e-14,2.6533353269146777e-15,-8.460626065242093e-19,9.879638295777814e-19,4.226260087321493e-20,0.034127142,0.034127142,0.008531785499999984,0.008531785500000003,0.008531785500000012,0.0085317855,533.2849613480578,533.2849613480585,533.2849613480587,533.2849613480583,-0.11517019373841776,1.0199706000001014,5.376098139401849e-13,-2.2789305503163934e-13,1.42937653541032
8.33,attitude_only,2.5459777678820623e-14,5.968073131071725e-14,1.9870530757618026e-15,1.0,0.0,0.0,0.0,1.0,5.0919555357641486e-14,1.193614626214344e-13,3.974106151526644e-15,0.0,0.0,0.0,-1.4742857187640732e-14,-3.677598990489018e-14,3.2585834724424687e-15,-8.585870609649807e-19,1.2372084351377004e-18,4.226260087321493e-20,0.034127142,0.034127142,0.008531785499999982,0.008531785500000005,0.008531785500000014,0.008531785499999998,533.2849613480578,533.2849613480585,533.2849613480587,533.2849613480582,-0.20338453987953456,1.0199706000001014,5.445663607291747e-13,-2.3085428113409977e-13,1.4238141161658802
8.34,attitude_only,2.5386169967410747e-14,5.949753666731391e-14,2.0053308747262653e-15,1.0,0.0,0.0,0.0,1.0,5.0772339934821733e-14,1.1899507333462772e-13,4.010661749455551e-15,0.0,0.0,0.0,-1.4746829073195074e-14,-3.651202053746901e-14,3.937932029076202e-15,-7.063525075678235e-19,1.2855653996069783e-18,4.226260087321493e-20,0.034127142,0.034127142,0.008531785499999982,0.008531785500000007,0.008531785500000014,0.008531785499999996,533.2849613480578,533.2849613480586,533.2849613480587,533.2849613480582,-0.2915946332774157,1.0199706000001014,5.515346229828489e-13,-2.3382050525112443e-13,1.417369766097191
8.35,attitude_only,2.5311896111056426e-14,5.931589337581275e-14,2.0266319705864155e-15,1.0,0.0,0.0,0.0,1.0,5.062379222211309e-14,1.186317867516254e-13,4.0532639411758335e-15,0.0,0.0,0.0,-1.495459710829319e-14,-3.615906113751266e-14,4.45749789820175e-15,-3.074848943671542e-19,1.2236047310344748e-18,4.226260087321493e-20,0.034127142,0.034127142,0.008531785499999986,0.008531785500000008,0.00853178550000001,0.008531785499999995,533.2849613480579,533.2849613480586,533.2849613480586,533.2849613480581,-0.37980133631823926,1.0199706000001014,5.585145689978912e-13,-2.3679170605178793e-13,1.4100434846123757
8.36,attitude_only,2.5236282263085855e-14,5.913616434631493e-14,2.0487223171434395e-15,1.0,0.0,0.0,0.0,1.0,5.047256452617195e-14,1.1827232869262977e-13,4.097444634289864e-15,0.0,0.0,0.0,-1.526226696709326e-14,-3.577936080215649e-14,4.3393634338580865e-15,2.1434160586385567e-19,1.1257579366286306e-18,4.226260087321493e-20,0.034127142,0.034127142,0.008531785499999991,0.008531785500000012,0.008531785500000005,0.008531785499999991,533.284961348058,533.2849613480587,533.2849613480585,533.284961348058,-0.4680053362924912,1.0199706000001014,5.65506165805338e-13,-2.397678639086317e-13,1.401835271250481
8.37,attitude_only,2.5159402968379066e-14,5.895806730952033e-14,2.069822047053448e-15,1.0,0.0,0.0,0.0,1.0,5.031880593675838e-14,1.1791613461904055e-13,4.139644094109863e-15,0.0,0.0,0.0,-1.5462263407033538e-14,-3.549574150640152e-14,4.1816410851756324e-15,6.08959967862523e-19,1.1403721967866733e-18,4.226260087321493e-20,0.034127142,0.034127142,0.008531785499999995,0.008531785500000015,0.008531785500000002,0.008531785499999988,533.2849613480581,533.2849613480588,533.2849613480583,533.2849613480579,-0.5562071809932525,1.0199706000001014,5.725093765342405e-13,-2.427489637989536e-13,1.3927451256525165
8.38,attitude_only,2.5081478715728335e-14,5.878133189308734e-14,2.0904873703634833e-15,1.0,0.0,0.0,0.0,1.0,5.0162957431456916e-14,1.1756266378617457e-13,4.180974740729915e-15,0.0,0.0,0.0,-1.567937528332525e-14,-3.5232448848521546e-14,4.142875324877619e-15,1.0262879722458536e-18,1.1767454958159736e-18,4.226260087321493e-20,0.034127142,0.034127142,0.008531785499999996,0.008531785500000019,0.0085317855,0.008531785499999984,533.2849613480582,533.2849613480589,533.2849613480583,533.2849613480578,-0.6444073070669019,1.0199706000001014,5.795241640440314e-13,-2.457349926214473e-13,1.3827730475389017
8.39,attitude_only,2.5002654966547756e-14,5.860586150303877e-14,2.109601877855594e-15,1.0,0.0,0.0,0.0,1.0,5.000530993309576e-14,1.1721172300607745e-13,4.2192037557141184e-15,0.0,0.0,0.0,-1.5785586975622343e-14,-3.4963310858638695e-14,3.4955622831061685e-15,1.3115978727585843e-18,1.20341301654293e-18,4.226260087321493e-20,0.034127142,0.034127142,0.008531785499999998,0.00853178550000002,0.008531785499999998,0.008531785499999982,533.2849613480582,533.2849613480589,533.2849613480582,533.2849613480578,-0.7326060625935905,1.0199706000001014,5.865504928539895e-13,-2.487259356684913e-13,1.3719190366918985
8.4,attitude_only,2.492397655038473e-14,5.843208369369844e-14,2.1250883159951026e-15,1.0,0.0,0.0,0.0,1.0,4.9847953100769704e-14,1.1686416738739677e-13,4.250176631993118e-15,0.0,0.0,0.0,-1.5685637314257027e-14,-3.456750147081948e-14,2.7594302078138502e-15,1.348514652262775e-18,1.0741167658680668e-18,4.226260087321493e-20,0.034127142,0.034127142,0.0085317855,0.00853178550000002,0.008531785499999996,0.008531785499999982,533.2849613480583,533.2849613480589,533.2849613480582,533.2849613480578,-0.8208037250741842,1.0199706000001014,5.935883310617698e-13,-2.5172178443479513e-13,1.3601830929419332
8.41,attitude_only,2.4846142828482823e-14,5.826046564378818e-14,2.1366644331956636e-15,1.0,0.0,0.0,0.0,1.0,4.969228565696589e-14,1.1652093128757626e-13,4.273328866394222e-15,0.0,0.0,0.0,-1.5428494350196564e-14,-3.4123268012340987e-14,2.011848104637075e-15,1.1942280388921811e-18,8.822692958172728e-19,4.226260087321493e-20,0.034127142,0.034127142,0.0085317855,0.008531785500000017,0.008531785499999996,0.008531785499999986,533.2849613480583,533.2849613480588,533.2849613480582,533.2849613480579,-0.9090005157591936,1.0199706000001014,6.00637648060426e-13,-2.5472252851572656e-13,1.3475652161569411
8.42,attitude_only,2.476988086986608e-14,5.809132768173905e-14,2.1463397217177006e-15,1.0,0.0,0.0,0.0,1.0,4.953976173973241e-14,1.16182655363478e-13,4.292679443438279e-15,0.0,0.0,0.0,-1.511035372882936e-14,-3.358611755987675e-14,2.016101245521629e-15,9.635628305398258e-19,5.735499284589544e-19,4.226260087321493e-20,0.034127142,0.034127142,0.008531785500000002,0.008531785500000014,0.008531785499999995,0.00853178549999999,533.2849613480583,533.2849613480587,533.2849613480581,533.284961348058,-0.9971966110647791,1.0199706000001014,6.076984122103291e-13,-2.577281580210822e-13,1.3340654062340702
8.43,attitude_only,2.4695071503560018e-14,5.792459558741212e-14,2.1568274757838915e-15,1.0,0.0,0.0,0.0,1.0,4.939014300712029e-14,1.1584919117482413e-13,4.313654951570644e-15,0.0,0.0,0.0,-1.4836432012960652e-14,-3.3173876278633726e-14,2.1220851620731547e-15,7.8322109162697795e-19,4.105991537536547e-19,4.226260087321493e-20,0.034127142,0.034127142,0.008531785500000002,0.00853178550000001,0.008531785499999995,0.008531785499999993,533.2849613480583,533.2849613480586,533.2849613480581,533.2849613480581,-1.085392151668846,1.0199706000001014,6.147705905186693e-13,-2.607386574923847e-13,1.3196836630932194
8.44,attitude_only,2.4621426997288037e-14,5.775974153312511e-14,2.16756030427167e-15,1.0,0.0,0.0,0.0,1.0,4.9242853994576326e-14,1.1551948306625012e-13,4.3351206085461846e-15,0.0,0.0,0.0,-1.463570895505161e-14,-3.281463140687816e-14,2.1704940463542237e-15,6.887105116866387e-19,3.076516217157481e-19,4.226260087321493e-20,0.034127142,0.034127142,0.008531785500000002,0.008531785500000008,0.008531785499999995,0.008531785499999995,533.2849613480583,533.2849613480586,533.2849613480581,533.2849613480581,-1.1735872497593447,1.0199706000001014,6.21854146304944e-13,-2.6375401032301487e-13,1.3044199866720063
8.45,attitude_only,2.454876101175535e-14,5.759649155206688e-14,2.1782899047817267e-15,1.0,0.0,0.0,0.0,1.0,4.909752202351095e-14,1.1519298310413366e-13,4.3565798095662814e-15,0.0,0.0,0.0,-1.4440663691833393e-14,-3.2503530460037416e-14,2.230068761907506e-15,5.990628327431129e-19,2.5936579010721964e-19,4.226260087321493e-20,0.034127142,0.034127142,0.0085317855,0.008531785500000008,0.008531785499999995,0.008531785499999995,533.2849613480583,533.2849613480586,533.2849613480581,533.2849613480581,-1.2617819948106692,1.0199706000001014,6.289490452682058e-13,-2.6677420051224233e-13,1.288274376921847
8.46,attitude_only,2.447694272973704e-14,5.743451338767589e-14,2.1898518714381427e-15,1.0,0.0,0.0,0.0,1.0,4.8953885459474335e-14,1.1486902677535167e-13,4.379703742879097e-15,0.0,0.0,0.0,-1.4316105121384003e-14,-3.2320139546410907e-14,2.3178117949805326e-15,5.9275359941770475e-19,3.624980892195756e-19,4.226260087321493e-20,0.034127142,0.034127142,0.0085317855,0.008531785500000008,0.008531785499999996,0.008531785499999995,533.2849613480583,533.2849613480586,533.2849613480582,533.2849613480581,-1.3499764581873264,1.0199706000001014,6.360552533180561e-13,-2.6979921310090054e-13,1.2712468338049048
8.47,attitude_only,2.4405719956987287e-14,5.727343811611129e-14,2.2013074480773495e-15,1.0,0.0,0.0,0.0,1.0,4.881143991397483e-14,1.1454687623222248e-13,4.402614896157495e-15,0.0,0.0,0.0,-1.4207460273054291e-14,-3.213886835657561e-14,2.269088205755713e-15,6.044543841525883e-19,4.663613449829638e-19,4.226260087321493e-20,0.034127142,0.034127142,0.0085317855,0.00853178550000001,0.008531785499999996,0.008531785499999993,533.2849613480583,533.2849613480586,533.2849613480582,533.2849613480581,-1.4381706968137302,1.0199706000001014,6.431727356525846e-13,-2.728290320403897e-13,1.2533373572917117
8.48,attitude_only,2.4334972256351805e-14,5.711323111618275e-14,2.2130352321407668e-15,1.0,0.0,0.0,0.0,1.0,4.866994451270386e-14,1.142264622323654e-13,4.4260704642843135e-15,0.0,0.0,0.0,-1.4108435875761171e-14,-3.1983761373036884e-14,2.3720573635337997e-15,6.267094661584564e-19,6.0007057846685115e-19,4.226260087321493e-20,0.034127142,0.034127142,0.008531785499999998,0.00853178550000001,0.008531785499999998,0.008531785499999993,533.2849613480582,533.2849613480586,533.2849613480582,533.2849613480581,-1.5263647560988507,1.0199706000001014,6.503014605028126e-13,-2.758636424882816e-13,1.2345459473593188
8.49,attitude_only,2.4264631410417765e-14,5.695356548974899e-14,2.2248025127477644e-15,1.0,0.0,0.0,0.0,1.0,4.852926282083578e-14,1.1390713097949788e-13,4.449605025498293e-15,0.0,0.0,0.0,-1.4042952009779133e-14,-3.188679619363501e-14,2.337544825187271e-15,6.88558347077798e-19,8.025803251209482e-19,4.226260087321493e-20,0.034127142,0.034127142,0.008531785499999996,0.008531785500000014,0.008531785499999998,0.00853178549999999,533.2849613480582,533.2849613480587,533.2849613480582,533.284961348058,-1.6145586722683962,1.0199706000001014,6.574413942611125e-13,-2.789030301670706e-13,1.2148726039898534
8.5,attitude_only,2.419460873956535e-14,5.6794494414345766e-14,2.236399387700201e-15,1.0,0.0,0.0,0.0,1.0,4.838921747913095e-14,1.1358898882869142e-13,4.47279877540315e-15,0.0,0.0,0.0,-1.3965753936736958e-14,-3.176365976499801e-14,2.3045549003006884e-15,7.35578198794556e-19,9.724532084065185e-19,4.226260087321493e-20,0.034127142,0.034127142,0.008531785499999996,0.008531785500000015,0.0085317855,0.008531785499999988,533.2849613480582,533.2849613480588,533.2849613480583,533.2849613480579,-1.7027524742238769,1.0199706000001014,6.645925056782439e-13,-2.819471804968204e-13,1.1943173271693959
8.51,attitude_only,2.4125001877110605e-14,5.663590835764717e-14,2.248169068933063e-15,1.0,0.0,0.0,0.0,1.0,4.8250003754221463e-14,1.1327181671529423e-13,4.496338137868859e-15,0.0,0.0,0.0,-1.3897005495919783e-14,-3.1678593643175517e-14,2.3494414953930207e-15,7.920501247731375e-19,1.1871597986512785e-18,4.226260087321493e-20,0.034127142,0.034127142,0.008531785499999995,0.008531785500000017,0.008531785500000002,0.008531785499999986,533.2849613480581,533.2849613480588,533.2849613480583,533.2849613480579,-1.7909461850249186,1.0199706000001014,6.717547630024371e-13,-2.8499608048770895e-13,1.1728801168871055
8.52,attitude_only,2.4055748442186983e-14,5.6477731265807964e-14,2.259851184753495e-15,1.0,0.0,0.0,0.0,1.0,4.811149688437422e-14,1.1295546253161581e-13,4.519702369509707e-15,0.0,0.0,0.0,-1.3815537011293002e-14,-3.1603860693695766e-14,2.3250797056270683e-15,8.324433133339285e-19,1.4135188662125318e-18,4.226260087321493e-20,0.034127142,0.034127142,0.008531785499999993,0.008531785500000019,0.008531785500000003,0.008531785499999984,533.2849613480581,533.2849613480589,533.2849613480585,533.2849613480578,-1.8791398230712566,1.0199706000001014,6.789281344943775e-13,-2.880497159707798e-13,1.1505609731345399
8.53,attitude_only,2.3986848559572513e-14,5.631992007415209e-14,2.2706436537107953e-15,1.0,0.0,0.0,0.0,1.0,4.7973697119145285e-14,1.1263984014830406e-13,4.5412873074242924e-15,0.0,0.0,0.0,-1.3718018767166838e-14,-3.1512357535419676e-14,1.9280840509421374e-15,8.526016080541944e-19,1.6188386516354132e-18,4.226260087321493e-20,0.034127142,0.034127142,0.008531785499999993,0.00853178550000002,0.008531785500000003,0.008531785499999982,533.2849613480581,533.2849613480589,533.2849613480585,533.2849613480578,-1.9673334030453398,1.0199706000001014,6.861125887256816e-13,-2.911080733435228e-13,1.1273598959051236
8.54,attitude_only,2.391884020977601e-14,5.616292339961573e-14,2.278471440126539e-15,1.0,0.0,0.0,0.0,1.0,4.783768041955228e-14,1.1232584679923135e-13,4.556942880255765e-15,0.0,0.0,0.0,-1.348249872272357e-14,-3.129911072630034e-14,1.259901081562099e-15,7.04802541949505e-19,1.6759335879552025e-18,4.226260087321493e-20,0.034127142,0.034127142,0.008531785499999991,0.00853178550000002,0.008531785500000005,0.008531785499999982,533.284961348058,533.2849613480589,533.2849613480585,533.2849613480578,-2.0555269366639406,1.0199706000001014,6.933080974966064e-13,-2.9417114240855503e-13,1.1032768851937365
8.55,attitude_only,2.385217451613733e-14,5.6007231385699415e-14,2.283528605953965e-15,1.0,0.0,0.0,0.0,1.0,4.770434903227492e-14,1.1201446277139872e-13,4.5670572119106016e-15,0.0,0.0,0.0,-1.3184683922437168e-14,-3.09815016356034e-14,7.55815064595385e-16,4.792716208302142e-19,1.6046176954749605e-18,4.226260087321493e-20,0.034127142,0.034127142,0.00853178549999999,0.008531785500000017,0.008531785500000007,0.008531785499999986,533.284961348058,533.2849613480588,533.2849613480586,533.2849613480579,-2.143720433278089,1.0199706000001014,7.005146334709082e-13,-2.9723891321189517e-13,1.0783119409963902
8.56,attitude_only,2.378745837013143e-14,5.5853421668841694e-14,2.2868913433823537e-15,1.0,0.0,0.0,0.0,1.0,4.7574916740263114e-14,1.1170684333768327e-13,4.573782686767364e-15,0.0,0.0,0.0,-1.2750234350429964e-14,-3.059305650518183e-14,7.983568394650971e-16,8.543447792586964e-20,1.4444141040208852e-18,4.226260087321493e-20,0.034127142,0.034127142,0.008531785499999988,0.008531785500000014,0.008531785500000008,0.00853178549999999,533.2849613480579,533.2849613480587,533.2849613480586,533.284961348058,-2.231913900350705,1.0199706000001014,7.077321702256883e-13,-3.003113766204353e-13,1.052465063309979
8.57,attitude_only,2.372467386034045e-14,5.5701381498918824e-14,2.291103393680317e-15,1.0,0.0,0.0,0.0,1.0,4.744934772068115e-14,1.1140276299783754e-13,4.582206787363276e-15,0.0,0.0,0.0,-1.2426586918368031e-14,-3.026681009026343e-14,9.477047569077573e-16,-1.7867657136477362e-19,1.3555865070214263e-18,4.226260087321493e-20,0.034127142,0.034127142,0.008531785499999986,0.00853178550000001,0.00853178550000001,0.008531785499999993,533.2849613480579,533.2849613480586,533.2849613480586,533.2849613480581,-2.32010734383847,1.0199706000001014,7.149606772318882e-13,-3.033885206355764e-13,1.0257362521320843
8.58,attitude_only,2.3663239742224437e-14,5.5550695373447814e-14,2.296339095898253e-15,1.0,0.0,0.0,0.0,1.0,4.7326479484449127e-14,1.1110139074689552e-13,4.592678191799135e-15,0.0,0.0,0.0,-1.2185689357539907e-14,-3.0037132297692386e-14,1.0623168229372327e-15,-3.45896750783125e-19,1.380344478913094e-18,4.226260087321493e-20,0.034127142,0.034127142,0.008531785499999984,0.00853178550000001,0.008531785500000012,0.008531785499999993,533.2849613480578,533.2849613480586,533.2849613480587,533.2849613480581,-2.408300768496026,1.0199706000001014,7.22200121860757e-13,-3.0647032876111047e-13,0.9981255074608224
8.59,attitude_only,2.3602767214520928e-14,5.540112749397845e-14,2.3030263242580698e-15,1.0,0.0,0.0,0.0,1.0,4.720553442904211e-14,1.1080225498795679e-13,4.6060526485187546e-15,0.0,0.0,0.0,-1.2033851165052158e-14,-2.97958559486889e-14,1.6457106142369155e-15,-4.077640701179055e-19,1.3887714195958028e-18,4.226260087321493e-20,0.034127142,0.034127142,0.008531785499999984,0.008531785500000008,0.008531785500000012,0.008531785499999995,533.2849613480578,533.2849613480586,533.2849613480587,533.2849613480581,-2.4964941781187777,1.0199706000001014,7.294504725131453e-13,-3.095567862370445e-13,0.9696328292947252
8.6,attitude_only,2.3542559764296127e-14,5.525305012486882e-14,2.3130265782830713e-15,1.0,0.0,0.0,0.0,1.0,4.708511952859251e-14,1.1050610024973753e-13,4.626053156568744e-15,0.0,0.0,0.0,-1.206483337120471e-14,-2.9458539664718514e-14,2.235732842123637e-15,-2.499370890227954e-19,1.2785772754785103e-18,4.226260087321493e-20,0.034127142,0.034127142,0.008531785499999986,0.00853178550000001,0.00853178550000001,0.008531785499999993,533.2849613480579,533.2849613480586,533.2849613480586,533.2849613480581,-2.584687575736519,1.0199706000001014,7.36711702131148e-13,-3.126478766608509e-13,0.9402582176326509
8.61,attitude_only,2.348188491602232e-14,5.510685206312942e-14,2.3250161398657946e-15,1.0,0.0,0.0,0.0,1.0,4.69637698320449e-14,1.1021370412625872e-13,4.6500322797341775e-15,0.0,0.0,0.0,-1.2199784809641747e-14,-2.906768622067862e-14,2.3704535349364674e-15,3.400248519806156e-20,1.1002300048374157e-18,4.226260087321493e-20,0.034127142,0.034127142,0.00853178549999999,0.00853178550000001,0.008531785500000007,0.008531785499999993,533.284961348058,533.2849613480586,533.2849613480586,533.2849613480581,-2.6728809637680535,1.0199706000001014,7.439837844974035e-13,-3.1574358284640514e-13,0.9100016724737097
8.62,attitude_only,2.3420458826848804e-14,5.4962469534040447e-14,2.33702358706028e-15,1.0,0.0,0.0,0.0,1.0,4.684091765369787e-14,1.0992493906808078e-13,4.6740471741231346e-15,0.0,0.0,0.0,-1.2344696355554678e-14,-2.872533372866846e-14,2.4267901716795927e-15,3.313433038491199e-19,9.766603517118996e-19,4.226260087321493e-20,0.034127142,0.034127142,0.008531785499999993,0.008531785500000012,0.008531785500000003,0.008531785499999991,533.2849613480581,533.2849613480587,533.2849613480585,533.284961348058,-2.761074344144372,1.0199706000001014,7.512666908098209e-13,-3.1884389059963206e-13,0.8788631938172083
8.63,attitude_only,2.3358440482688496e-14,5.481968229095799e-14,2.348986127355652e-15,1.0,0.0,0.0,0.0,1.0,4.671688096537725e-14,1.0963936458191587e-13,4.697972254713865e-15,0.0,0.0,0.0,-1.245911085704581e-14,-2.844187369312945e-14,2.3360019044752376e-15,5.932318142089593e-19,9.209270459964273e-19,4.226260087321493e-20,0.034127142,0.034127142,0.008531785499999996,0.008531785500000014,0.0085317855,0.00853178549999999,533.2849613480582,533.2849613480587,533.2849613480583,533.284961348058,-2.8492677184075323,1.0199706000001014,7.585603912176154e-13,-3.219487888550621e-13,0.8468427816626073
8.64,attitude_only,2.3295866711858364e-14,5.4678149461806973e-14,2.3607799521105675e-15,1.0,0.0,0.0,0.0,1.0,4.6591733423716987e-14,1.0935629892361383e-13,4.721559904223682e-15,0.0,0.0,0.0,-1.256098399693876e-14,-2.8205981341349326e-14,2.376604885976471e-15,8.410894220498828e-19,9.199160372737663e-19,4.226260087321493e-20,0.034127142,0.034127142,0.008531785499999998,0.008531785500000015,0.008531785499999998,0.008531785499999988,533.2849613480582,533.2849613480588,533.2849613480582,533.2849613480579,-2.937461087788465,1.0199706000001014,7.658648552707484e-13,-3.250582657784316e-13,0.8139404360094861
8.65,attitude_only,2.3232902357442453e-14,5.453758023258043e-14,2.372551536581511e-15,1.0,0.0,0.0,0.0,1.0,4.6465804714885166e-14,1.0907516046516074e-13,4.745103073165556e-15,0.0,0.0,0.0,-1.2630907009787315e-14,-2.804547910724846e-14,2.198043123220944e-15,1.0513061075660194e-18,1.007768147425206e-18,4.226260087321493e-20,0.034127142,0.034127142,0.008531785499999998,0.008531785500000017,0.008531785499999998,0.008531785499999986,533.2849613480582,533.2849613480588,533.2849613480582,533.2849613480579,-3.0256544532701577,1.0199706000001014,7.731800532575064e-13,-3.2817231018861586e-13,0.7801561568575175
8.66,attitude_only,2.3169620097054857e-14,5.439777180975113e-14,2.383584765981001e-15,1.0,0.0,0.0,0.0,1.0,4.633924019410997e-14,1.0879554361950215e-13,4.767169531964522e-15,0.0,0.0,0.0,-1.2677937745280961e-14,-2.7908967110865743e-14,2.212761703969559e-15,1.2345223676112024e-18,1.1230434228745997e-18,4.226260087321493e-20,0.034127142,0.034127142,0.008531785499999998,0.008531785500000019,0.008531785499999996,0.008531785499999984,533.2849613480582,533.2849613480589,533.2849613480582,533.2849613480578,-3.11384781563756,1.0199706000001014,7.805059560001026e-13,-3.312909102800785e-13,0.7454899442064465
8.67,attitude_only,2.310617254520357e-14,5.4258517765647293e-14,2.3934809799337753e-15,1.0,0.0,0.0,0.0,1.0,4.62123450904074e-14,1.0851703553129447e-13,4.7869619598700585e-15,0.0,0.0,0.0,-1.2667838231613161e-14,-2.7794335716801547e-14,1.7067064419225328e-15,1.3490813335259735e-18,1.2634291071655755e-18,4.226260087321493e-20,0.034127142,0.034127142,0.008531785499999998,0.008531785500000022,0.008531785499999998,0.00853178549999998,533.2849613480582,533.284961348059,533.2849613480582,533.2849613480577,-3.2020411755175,1.0199706000001014,7.878425346175555e-13,-3.344140545898349e-13,0.7099417980560747
8.68,attitude_only,2.3043219702900373e-14,5.412025437343065e-14,2.4001577682443722e-15,1.0,0.0,0.0,0.0,1.0,4.6086439405801005e-14,1.0824050874686119e-13,4.800315536491239e-15,0.0,0.0,0.0,-1.2491866254251855e-14,-2.7522963794962608e-14,1.1331487230521089e-15,1.262833623234919e-18,1.2130124389084719e-18,4.226260087321493e-20,0.034127142,0.034127142,0.008531785499999998,0.00853178550000002,0.008531785499999998,0.008531785499999982,533.2849613480582,533.2849613480589,533.2849613480582,533.2849613480578,-3.2902345334105654,1.0199706000001014,7.951897642047086e-13,-3.3754173489516017e-13,0.6735117184062472
8.69,attitude_only,2.2981416906221955e-14,5.398364160883767e-14,2.4046702450706137e-15,1.0,0.0,0.0,0.0,1.0,4.596283381244417e-14,1.0796728321767522e-13,4.8093404901437084e-15,0.0,0.0,0.0,-1.2248265674505128e-14,-2.7146933558622712e-14,5.905203255935481e-16,1.0929955842838976e-18,1.033245490886814e-18,4.226260087321493e-20,0.034127142,0.034127142,0.008531785499999998,0.008531785500000017,0.008531785499999998,0.008531785499999986,533.2849613480582,533.2849613480588,533.2849613480582,533.2849613480579,-3.3784278897165376,1.0199706000001014,8.025476223986323e-13,-3.4067394374343027e-13,0.6361997052568438
8.7,attitude_only,2.2921018079763782e-14,5.3849158820937207e-14,2.4075800613076588e-15,1.0,0.0,0.0,0.0,1.0,4.584203615952782e-14,1.076983176418743e-13,4.815160122617786e-15,0.0,0.0,0.0,-1.194527516070099e-14,-2.670012288586801e-14,6.647831794065212e-16,8.488597193259397e-19,7.640739124398515e-19,4.226260087321493e-20,0.034127142,0.034127142,0.008531785499999998,0.008531785500000014,0.008531785499999998,0.00853178549999999,533.2849613480582,533.2849613480587,533.2849613480582,533.284961348058,-3.46662124475471,1.0199706000001014,8.099160858277625e-13,-3.4381067078691965e-13,0.5980057586077706
8.71,attitude_only,2.286202536620213e-14,5.3716744198622525e-14,2.4110437326683602e-15,1.0,0.0,0.0,0.0,1.0,4.572405073240452e-14,1.0743348839724494e-13,4.822087465339177e-15,0.0,0.0,0.0,-1.1682919435793494e-14,-2.6307954458003733e-14,7.651842025865465e-16,6.508620437948983e-19,5.565513435827927e-19,4.226260087321493e-20,0.034127142,0.034127142,0.008531785499999998,0.00853178550000001,0.008531785499999998,0.008531785499999993,533.2849613480582,533.2849613480586,533.2849613480582,533.2849613480581,-3.5548145987799686,1.0199706000001014,8.172951280776787e-13,-3.4695190451252347e-13,0.5589298784589545
8.72,attitude_only,2.2804191663100256e-14,5.358614499702213e-14,2.415270334055667e-15,1.0,0.0,0.0,0.0,1.0,4.560838332620077e-14,1.0717228999404414e-13,4.830540668113778e-15,0.0,0.0,0.0,-1.1475396929876475e-14,-2.5985770811942195e-14,8.95529924671235e-16,5.165890059932367e-19,4.297886764283694e-19,4.226260087321493e-20,0.034127142,0.034127142,0.008531785499999998,0.008531785500000008,0.008531785499999998,0.008531785499999995,533.2849613480582,533.2849613480586,533.2849613480582,533.2849613480581,-3.6430079519963066,1.0199706000001014,8.246847214323247e-13,-3.5009763165054463e-13,0.5189720648103388
8.73,attitude_only,2.274726114364601e-14,5.3456878342658326e-14,2.419543573043681e-15,1.0,0.0,0.0,0.0,1.0,4.549452228729228e-14,1.0691375668531654e-13,4.839087146089794e-15,0.0,0.0,0.0,-1.1311590566040592e-14,-2.5745328509200588e-14,8.204144087640435e-16,4.3313727505058036e-19,3.9871119823043797e-19,4.226260087321493e-20,0.034127142,0.034127142,0.008531785499999998,0.008531785500000008,0.008531785499999998,0.008531785499999995,533.2849613480582,533.2849613480586,533.2849613480582,533.2849613480581,-3.7312013045662584,1.0199706000001014,8.320848369193363e-13,-3.5324783901581917e-13,0.47813231766187897
8.74,attitude_only,2.2691169296405028e-14,5.3328780024946815e-14,2.4235505630556665e-15,1.0,0.0,0.0,0.0,1.0,4.5382338592810315e-14,1.0665756004989352e-13,4.847101126113753e-15,0.0,0.0,0.0,-1.1131589693143407e-14,-2.552905126467461e-14,8.909011851063536e-16,3.2845212450539105e-19,3.9446901744600425e-19,4.226260087321493e-20,0.034127142,0.034127142,0.008531785499999998,0.008531785500000007,0.008531785499999998,0.008531785499999996,533.2849613480582,533.2849613480586,533.2849613480582,533.2849613480582,-3.819394656619792,1.0199706000001014,8.394954478175353e-13,-3.5640251476853764e-13,0.4364106370135406
8.75,attitude_only,2.263588243902648e-14,5.320157239967841e-14,2.4284452408303628e-15,1.0,0.0,0.0,0.0,1.0,4.527176487805322e-14,1.064031447993567e-13,4.856890481663134e-15,0.0,0.0,0.0,-1.1002981047819967e-14,-2.5374093210902788e-14,1.0603272769525837e-15,2.841515605954616e-19,4.622602850288423e-19,4.226260087321493e-20,0.034127142,0.034127142,0.008531785499999996,0.008531785500000007,0.0085317855,0.008531785499999996,533.2849613480582,533.2849613480586,533.2849613480583,533.2849613480582,-3.907588008260726,1.0199706000001014,8.46916527175023e-13,-3.5956164789088293e-13,0.3938070228652969
8.76,attitude_only,2.2569990136102185e-14,5.304962986685735e-14,2.435615711364683e-15,1.0,0.0,0.0,0.0,1.0,4.513998027220463e-14,1.0609925973371459e-13,4.871231422731761e-15,0.0,0.0,0.0,-1.0968652405126802e-14,-2.5316122220795014e-14,1.253861389107159e-15,3.52643713414929e-19,6.458563191074593e-19,4.226260087321493e-20,0.034127142,0.034127142,0.008531785499999996,0.008531785500000008,0.0085317855,0.008531785499999995,533.2849613480582,533.2849613480586,533.2849613480583,533.2849613480581,-3.9957813595720024,1.0199706000001014,8.543480479674863e-13,-3.6272522461748756e-13,0.35032147521712675
8.77,attitude_only,2.2526157632376313e-14,5.2948441934776306e-14,2.4406197373325523e-15,1.0,0.0,0.0,0.0,1.0,4.5052315264752885e-14,1.058968838695525e-13,4.88123947466749e-15,0.0,0.0,0.0,-1.0954433746262931e-14,-2.5294620311738793e-14,1.248024710507063e-15,4.451256602409104e-19,8.730002313573773e-19,4.226260087321493e-20,0.034127142,0.034127142,0.008531785499999995,0.008531785500000012,0.008531785500000002,0.008531785499999991,533.2849613480581,533.2849613480587,533.2849613480583,533.284961348058,-4.0839747106198745,1.0199706000001014,8.61789982023002e-13,-3.658932321730237e-13,0.3059539940690141
8.78,attitude_only,2.247144813176417e-14,5.282207845302691e-14,2.4469417824760213e-15,1.0,0.0,0.0,0.0,1.0,4.49428962635286e-14,1.056441569060537e-13,4.893883564954416e-15,0.0,0.0,0.0,-1.0947125323666219e-14,-2.5267202075757122e-14,1.3116901857739266e-15,5.45826806361515e-19,1.0927703689369365e-18,4.226260087321493e-20,0.034127142,0.034127142,0.008531785499999995,0.008531785500000014,0.008531785500000002,0.00853178549999999,533.2849613480581,533.2849613480587,533.2849613480583,533.284961348058,-4.172168061457279,1.0199706000001014,8.692423044278386e-13,-3.6906565960999894e-13,0.26070457942094605
8.79,attitude_only,2.603296262629478e-14,6.119226084314629e-14,2.4535015022480562e-15,1.0,0.0,0.0,0.0,1.0,5.206592525258986e-14,1.2238452168629245e-13,4.907003004499299e-15,0.0,0.0,0.0,2.499021556691628e-12,5.87203539858723e-12,1.3116901857711019e-15,-3.0364068071789065e-15,-7.134390704412517e-15,4.226260087321493e-20,0.034127142,0.034127142,0.008531785500031495,0.00853178549992183,0.0085317854999685,0.008531785500078173,533.2849613490426,533.2849613456152,533.2849613470738,533.2849613505015,-4.257591637395298,1.0199706000001014,8.766676191049672e-13,-3.722265874689679e-13,0.21471172000946515
8.8,zero_thrust,4.133606152544253e-14,9.715042140304338e-14,2.459914350884657e-15,1.0,0.0,0.0,0.0,1.0,8.267212305088553e-14,1.9430084280608655e-13,4.919828701777346e-15,0.0,0.0,0.0,3.4792581149319514e-12,8.175378469789392e-12,1.2378739651064542e-15,0.0,0.0,0.0,0.0,0.0,0.0,0.0,0.0,0.0,0.0,0.0,0.0,0.0,-4.741175792878098,1.0199706000001014,8.856279089438824e-13,-3.76040537532888e-13,0.1813341579354253
8.81,zero_thrust,5.954884879553096e-14,1.399457605940869e-13,2.466054973341499e-15,1.0,0.0,0.0,0.0,1.0,1.190976975910626e-13,2.798915211881735e-13,4.932109946699665e-15,0.0,0.0,0.0,3.5781070317049963e-12,8.407651788263546e-12,1.2135914788638482e-15,0.0,0.0,0.0,0.0,0.0,0.0,0.0,0.0,0.0,0.0,0.0,0.0,0.0,-3.8252146837421765,1.0199706000001014,9.004665548511227e-13,-3.82355594516228e-13,0.17891360422744787
8.82,zero_thrust,7.525040203301015e-14,1.7684034259042918e-13,2.472288189628951e-15,1.0,0.0,0.0,0.0,1.0,1.505008040660212e-13,3.53680685180858e-13,4.944576379284517e-15,0.0,0.0,0.0,2.718530912390525e-12,6.387824902527708e-12,1.275820306275549e-15,0.0,0.0,0.0,0.0,0.0,0.0,0.0,0.0,0.0,0.0,0.0,0.0,0.0,-2.5021704028419482,1.0199706000001014,9.235089769586837e-13,-3.921614500777965e-13,0.20681367143503693
8.83,zero_thrust,8.725499888300927e-14,2.0504811344883553e-13,2.478612810206546e-15,1.0,0.0,0.0,0.0,1.0,1.7450999776601956e-13,4.100962268976706e-13,4.957225620448875e-15,0.0,0.0,0.0,2.3359934327624797e-12,5.489029237237132e-12,1.2227390451198658e-15,0.0,0.0,0.0,0.0,0.0,0.0,0.0,0.0,0.0,0.0,0.0,0.0,0.0,-1.160280873718675,1.0199706000001014,9.515077242847236e-13,-4.040763681742897e-13,0.24888644386278022
8.84,zero_thrust,9.887185657794654e-14,2.3234504821167735e-13,2.4846221173077094e-15,1.0,0.0,0.0,0.0,1.0,1.9774371315589424e-13,4.646900964233542e-13,4.9692442346613636e-15,0.0,0.0,0.0,2.314638146387195e-12,5.438886455737914e-12,1.2137104329099366e-15,0.0,0.0,0.0,0.0,0.0,0.0,0.0,0.0,0.0,0.0,0.0,0.0,0.0,-0.10083869968655923,1.0199706000001014,9.796043441887218e-13,-4.1603293465567527e-13,0.2902557438271984
8.85,hover,1.1040677639373306e-13,2.594496134148341e-13,2.4909519163515014e-15,1.0,0.0,0.0,0.0,1.0,2.208135527874674e-13,5.188992268296677e-13,4.981903832760293e-15,0.0,0.0,0.0,2.301689438645261e-12,5.408472244424251e-12,1.2969743010644775e-15,-2.822625159909719e-15,-6.632199641861185e-15,-1.5270763034148024e-18,0.34127141999999994,0.34127141999999994,0.08531785500002932,0.08531785499992725,0.08531785499997077,0.08531785500007259,1686.395119775012,1686.3951197740034,1686.3951197744334,1686.3951197754398,2.612998394664962,1.0199706000001014,1.0077067156213261e-12,-4.279919480549109e-13,0.33066078414341304
8.86,hover,1.218565963508898e-13,2.863542486848126e-13,2.4965876680919883e-15,1.0,0.0,0.0,0.0,1.0,2.43713192701781e-13,5.727084973696246e-13,4.993175336253765e-15,0.0,0.0,0.0,2.2691909355253002e-12,5.3321273002848905e-12,1.0543397651294106e-15,-2.8063188655210186e-15,-6.5939069818968e-15,-1.246458257944016e-18,0.34127141999999994,0.34127141999999994,0.08531785500002914,0.08531785499992768,0.08531785499997092,0.08531785500007218,1686.3951197750105,1686.3951197740078,1686.395119774435,1686.3951197754357,2.5544245894911506,1.0199706000001014,1.0358169002977149e-12,-4.399542861908768e-13,0.3701029834129422
8.870000000000001,hover,1.3288029164708399e-13,3.1225795016273936e-13,2.5011905596806496e-15,1.0,0.0,0.0,0.0,1.0,2.6576058329416954e-13,6.24515900325478e-13,5.002381119444285e-15,0.0,0.0,0.0,2.135413418016805e-12,5.0178583444457225e-12,8.16336506777764e-16,-2.667139978690996e-15,-6.266962818334263e-15,-9.690177129898191e-19,0.34127141999999994,0.34127141999999994,0.0853178550000277,0.08531785499993128,0.08531785499997235,0.08531785500006861,1686.3951197749961,1686.3951197740432,1686.3951197744493,1686.3951197754004,2.8154820292499503,1.0199706000001014,1.0639993063940858e-12,-4.519473566481019e-13,0.4087001012957997
8.88,hover,1.4295072223349098e-13,3.3592254141416443e-13,2.5042168105321854e-15,1.0,0.0,0.0,0.0,1.0,2.8590144446698363e-13,6.718450828283282e-13,5.008433621160411e-15,0.0,0.0,0.0,1.9022764753224516e-12,4.4705176168029035e-12,5.313860509897676e-16,-2.4063984122109958e-15,-5.654859121330909e-15,-6.32391026554121e-19,0.34127141999999994,0.34127141999999994,0.08531785500002498,0.085317854999938,0.08531785499997505,0.08531785500006192,1686.3951197749693,1686.3951197741096,1686.3951197744757,1686.3951197753343,3.0119930191770643,1.0199706000001014,1.0923937602297056e-12,-4.640306609813551e-13,0.4466804710846541
8.89,hover,1.5165922876752414e-13,3.563927695359838e-13,2.5055254759607816e-15,1.0,0.0,0.0,0.0,1.0,3.0331845753505005e-13,7.127855390719668e-13,5.011050952029664e-15,0.0,0.0,0.0,1.6037608930219754e-12,3.770637815047704e-12,3.509390404395129e-17,-2.0642173223806433e-15,-4.852709737375146e-15,-3.719138925958098e-20,0.34127141999999994,0.34127141999999994,0.08531785500002141,0.08531785499994682,0.08531785499997856,0.08531785500005315,1686.395119774934,1686.395119774197,1686.3951197745105,1686.3951197752476,3.1609580524857246,1.0199706000001014,1.12114649394497e-12,-4.762664136611501e-13,0.4842486529418569
8.9,hover,1.5878564357271918e-13,3.731521299469076e-13,2.5053383259624317e-15,1.0,0.0,0.0,0.0,1.0,3.1757128714544023e-13,7.463042598938144e-13,5.010676652043366e-15,0.0,0.0,0.0,1.2781763509068378e-12,3.006401815208623e-12,7.460250837189102e-17,-1.6862976353515464e-15,-3.965690555720334e-15,-8.534773953682753e-20,0.34127141999999994,0.34127141999999994,0.08531785500001751,0.08531785499995655,0.08531785499998247,0.08531785500004342,1686.3951197748954,1686.3951197742929,1686.3951197745491,1686.3951197751514,3.2748528874478957,1.0199706000001014,1.1503817267427261e-12,-4.887074670523964e-13,0.5215529752148219
8.905,attitude_only,1.6683250049538628e-13,3.9207919408580087e-13,2.5058141539025044e-15,1.0,0.0,0.0,0.0,1.0,3.3366500099077453e-13,7.841583881716009e-13,5.011628307935832e-15,0.0,0.0,0.0,7.731846802640215e-13,1.8184967018949495e-12,1.1825666125812964e-16,-1.0841735539814865e-15,-2.549296903253399e-15,4.175270509441672e-21,0.034127142,0.034127142,0.00853178550001126,0.008531785499972074,0.008531785499988738,0.008531785500027927,533.2849613484102,533.2849613471856,533.2849613477063,533.2849613489311,5.09583909575211,1.0199706000001014,1.1801960257599032e-12,-5.013949282540703e-13,0.5586923270017302
8.92,attitude_only,1.6822910226034904e-13,3.953632228283768e-13,2.5062260253167936e-15,1.0,0.0,0.0,0.0,1.0,3.3645820452070006e-13,7.907264456567528e-13,5.01245205076661e-15,0.0,0.0,0.0,6.534090464565273e-13,1.5361337416460491e-12,3.677845842502871e-16,-9.502439291093416e-16,-2.2335033570794104e-15,4.175270509441672e-21,0.034127142,0.034127142,0.008531785500009863,0.00853178549997553,0.008531785499990136,0.00853178550002447,533.2849613483666,533.2849613472936,533.28496134775,533.284961348823,4.512404338764991,1.0199706000001014,1.2106603480773714e-12,-5.143589940551806e-13,0.5957296372856098
8.93,attitude_only,1.7068003626627116e-13,4.0111737058971325e-13,2.5050632855928143e-15,1.0,0.0,0.0,0.0,1.0,3.4136007253254433e-13,8.022347411794257e-13,5.010126571322554e-15,0.0,0.0,0.0,3.5896168886055533e-13,8.411303215310714e-13,-1.0485457481155584e-15,-6.004967168827807e-16,-1.4079105561567475e-15,4.175270509441672e-21,0.034127142,0.034127142,0.008531785500006205,0.008531785499984564,0.008531785499993795,0.008531785500015437,533.2849613482522,533.2849613475759,533.2849613478644,533.2849613485407,4.34771801707006,1.0199706000001014,1.2417561354958948e-12,-5.275917877851208e-13,0.6326193645885123
8.94,attitude_only,1.717210347205874e-13,4.035446674870171e-13,2.500306420694339e-15,1.0,0.0,0.0,0.0,1.0,3.4344206944117683e-13,8.070893349740333e-13,5.000612841527272e-15,0.0,0.0,0.0,9.143369188690268e-14,2.102293068117177e-13,-2.1004659716041496e-16,-2.803774574332666e-16,-6.529316315616401e-16,4.175270509441672e-21,0.034127142,0.034127142,0.008531785500002864,0.008531785499992827,0.008531785499997136,0.008531785500007173,533.2849613481478,533.2849613478342,533.2849613479688,533.2849613482824,4.208941699150113,1.0199706000001014,1.2733317205871423e-12,-5.410287812913167e-13,0.6691577288632148
8.95,attitude_only,1.7155123746077793e-13,4.0312099791939986e-13,2.5004739083979646e-15,1.0,0.0,0.0,0.0,1.0,3.431024749215579e-13,8.062419958387989e-13,5.000947816934241e-15,0.0,0.0,0.0,-1.2819519807399984e-13,-3.0625335008886804e-13,8.155735501924951e-17,-1.554083749944368e-17,-3.008990978004865e-17,4.175270509441672e-21,0.034127142,0.034127142,0.00853178550000011,0.00853178549999965,0.008531785499999887,0.00853178550000035,533.2849613480618,533.2849613480473,533.2849613480547,533.2849613480693,4.0877500679179954,1.0199706000001014,1.3052672210112973e-12,-5.546189483510922e-13,0.7051875642931092
8.96,attitude_only,1.7043235545627997e-13,4.0046746893957583e-13,2.50043547474986e-15,1.0,0.0,0.0,0.0,1.0,3.4086471091256197e-13,8.009349378791509e-13,5.000870949636226e-15,0.0,0.0,0.0,-2.9363350584633034e-13,-6.946628326186077e-13,1.1556863166655131e-17,1.859214668858167e-16,4.42948097581826e-16,4.175270509441672e-21,0.034127142,0.034127142,0.008531785499998024,0.008531785500004833,0.008531785500001976,0.008531785499995167,533.2849613479965,533.2849613482093,533.2849613481201,533.2849613479073,3.9784914022315556,1.0199706000001014,1.3374808440540335e-12,-5.683274715712499e-13,0.7406021316879727
8.97,attitude_only,1.6862975161578031e-13,3.962107809721969e-13,2.5004214782282573e-15,1.0,0.0,0.0,0.0,1.0,3.372595032315626e-13,7.92421561944393e-13,5.0008429565901405e-15,0.0,0.0,0.0,-4.0783836454830137e-13,-9.620554017363204e-13,-4.475598294714168e-17,3.2704568097366483e-16,7.734397345404443e-16,4.175270509441672e-21,0.034127142,0.034127142,0.008531785499996569,0.008531785500008458,0.008531785500003431,0.008531785499991541,533.284961347951,533.2849613483227,533.2849613481656,533.2849613477939,3.8773065233540525,1.0199706000001014,1.3699162415793478e-12,-5.821303684050584e-13,0.7753278017664124
8.98,attitude_only,1.663814713748198e-13,3.9091299363777517e-13,2.4997779233576584e-15,1.0,0.0,0.0,0.0,1.0,3.3276294274964154e-13,7.818259872755495e-13,4.999555846845398e-15,0.0,0.0,0.0,-4.777036465957852e-13,-1.1247638728754663e-12,-2.106572279408242e-16,4.1566105589660317e-16,9.799375386361738e-16,4.175270509441672e-21,0.034127142,0.034127142,0.008531785499995663,0.008531785500010726,0.008531785500004337,0.008531785499989274,533.2849613479227,533.2849613483935,533.2849613481939,533.2849613477231,3.7815490552176545,1.0199706000001014,1.4025340917822456e-12,-5.960109004411837e-13,0.8093129935931322
8.99,attitude_only,1.638873028778055e-13,3.8504534282497514e-13,2.499165187498208e-15,1.0,0.0,0.0,0.0,1.0,3.2777460575561293e-13,7.700906856499495e-13,4.9983303751226245e-15,0.0,0.0,0.0,-5.112454528226354e-13,-1.2019240452091297e-12,-7.700046010896256e-17,4.610236778970495e-16,1.084548985888661e-15,4.175270509441672e-21,0.034127142,0.034127142,0.008531785499995207,0.00853178550001188,0.008531785500004793,0.00853178549998812,533.2849613479085,533.2849613484295,533.2849613482081,533.284961347687,3.6893999820405217,1.0199706000001014,1.4353065356695447e-12,-6.099572077660987e-13,0.8425210304864514
9.0,attitude_only,1.6130667473806887e-13,3.7898292664006024e-13,2.4986202088555217e-15,1.0,0.0,0.0,0.0,1.0,3.2261334947613965e-13,7.579658532801197e-13,4.997240417833308e-15,0.0,0.0,0.0,-5.163825846940414e-13,-1.212354577078707e-12,-8.379868392689496e-17,4.723520619896772e-16,1.1091891699029405e-15,4.175270509441672e-21,0.034127142,0.034127142,0.008531785499995104,0.008531785500012155,0.008531785500004893,0.008531785499987845,533.2849613479053,533.2849613484382,533.2849613482113,533.2849613476784,3.599608739795672,1.0199706000001014,1.4682134874723685e-12,-6.239607409012514e-13,0.8749254681946135
9.01,attitude_only,1.5876196161314222e-13,3.730126735735825e-13,2.4979325210419936e-15,1.0,0.0,0.0,0.0,1.0,3.175239232262863e-13,7.460253471471642e-13,4.995865042202428e-15,0.0,0.0,0.0,-5.001410571404367e-13,-1.172678500638123e-12,-9.29105639663218e-17,4.578636394967558e-16,1.0733046631806204e-15,4.175270509441672e-21,0.034127142,0.034127142,0.00853178549999527,0.008531785500011768,0.00853178550000473,0.008531785499988231,533.2849613479104,533.2849613484261,533.2849613482061,533.2849613476905,3.511317577981689,1.0199706000001014,1.5012402012142447e-12,-6.380152251309164e-13,0.9065069975018704
9.02,attitude_only,1.5634257937182696e-13,3.673450465683843e-13,2.4982527893591643e-15,1.0,0.0,0.0,0.0,1.0,3.1268515874365575e-13,7.346900931367678e-13,4.996505578833192e-15,0.0,0.0,0.0,-4.68734873558727e-13,-1.0971400717134759e-12,2.1190125262827881e-16,4.248635679342913e-16,9.936299491881787e-16,4.175270509441672e-21,0.034127142,0.034127142,0.008531785499995628,0.008531785500010903,0.008531785500004371,0.008531785499989097,533.2849613479217,533.2849613483991,533.2849613481949,533.2849613477175,3.4239413148390248,1.0199706000001014,1.5343756499888125e-12,-6.521159655338505e-13,0.9372513601245533
9.03,attitude_only,1.5410981353132404e-13,3.6212462885912024e-13,2.5009623235721506e-15,1.0,0.0,0.0,0.0,1.0,3.082196270626499e-13,7.242492577182397e-13,5.001924647255915e-15,0.0,0.0,0.0,-4.272155791967314e-13,-9.980014040495532e-13,9.224752382749336e-16,3.793125704918638e-16,8.846435620319667e-16,4.175270509441672e-21,0.034127142,0.034127142,0.008531785499996116,0.008531785500009714,0.008531785500003884,0.008531785499990285,533.2849613479369,533.2849613483619,533.2849613481796,533.2849613477547,3.337084342213255,1.0199706000001014,1.5676114252840134e-12,-6.662593791426467e-13,0.9671479246416544
9.04,attitude_only,1.52103253303044e-13,3.574412218120055e-13,2.508015027675541e-15,1.0,0.0,0.0,0.0,1.0,3.042065066060898e-13,7.148824436240102e-13,5.016030055459818e-15,0.0,0.0,0.0,-3.7951941659669145e-13,-8.851397905349809e-13,1.7825704965648437e-15,3.258723695377827e-16,7.580610237198296e-16,4.175270509441672e-21,0.034127142,0.034127142,0.008531785499996678,0.008531785500008332,0.008531785500003322,0.00853178549999167,533.2849613479544,533.2849613483187,533.2849613481621,533.2849613477979,3.250482943890926,1.0199706000001014,1.600940991843469e-12,-6.804426905216177e-13,0.9961886981476751
9.05,attitude_only,1.50343776282844e-13,3.5334117512156113e-13,2.5172844667241685e-15,1.0,0.0,0.0,0.0,1.0,3.0068755256568975e-13,7.066823502431215e-13,5.034568933554582e-15,0.0,0.0,0.0,-3.2916484488287035e-13,-7.664831875615908e-13,1.7450999715860758e-15,2.6873853193002667e-16,6.233379320273786e-16,4.175270509441672e-21,0.034127142,0.034127142,0.008531785499997275,0.008531785500006857,0.008531785500002725,0.008531785499993144,533.2849613479731,533.2849613482726,533.2849613481434,533.284961347844,3.163964987099272,1.0199706000001014,1.634359187774701e-12,-6.946637083045049e-13,1.024367629747001
9.06,attitude_only,1.4883681452521625e-13,3.4983490040836205e-13,2.526121622303197e-15,1.0,0.0,0.0,0.0,1.0,2.9767362905043427e-13,6.996698008167234e-13,5.052243244710531e-15,0.0,0.0,0.0,-2.7891802337048505e-13,-6.48475102297857e-13,1.7454365124105631e-15,2.1123152634886908e-16,4.882129807338765e-16,4.175270509441672e-21,0.034127142,0.034127142,0.008531785499997871,0.008531785500005376,0.008531785500002128,0.008531785499994624,533.2849613479917,533.2849613482263,533.2849613481249,533.2849613478903,3.077421645237343,1.0199706000001014,1.6678618629900995e-12,-7.089206702044084e-13,1.0516801125248967
9.07,attitude_only,1.475756783103864e-13,3.46904960354243e-13,2.534241763774018e-15,1.0,0.0,0.0,0.0,1.0,2.9515135662077456e-13,6.938099207084853e-13,5.068483527650425e-15,0.0,0.0,0.0,-2.308972073038095e-13,-5.360805252110751e-13,1.5702181916479701e-15,1.5591551914189643e-16,3.5870029348184886e-16,4.175270509441672e-21,0.034127142,0.034127142,0.00853178549999844,0.008531785500003955,0.008531785500001558,0.008531785499996045,533.2849613480096,533.2849613481819,533.284961348107,533.2849613479347,2.990787518056523,1.0199706000001014,1.7014456335674861e-12,-7.232121381606175e-13,1.0781226226182286
9.08,attitude_only,1.465445836446343e-13,3.445131893451492e-13,2.5421246499100627e-15,1.0,0.0,0.0,0.0,1.0,2.9308916728927037e-13,6.890263786902976e-13,5.084249299921099e-15,0.0,0.0,0.0,-1.8673729117253747e-13,-4.3281215278048077e-13,1.5893291506698136e-15,1.0479099269609533e-16,2.391063680929404e-16,4.175270509441672e-21,0.034127142,0.034127142,0.008531785499998968,0.008531785500002644,0.008531785500001032,0.008531785499997356,533.2849613480261,533.2849613481409,533.2849613480905,533.2849613479757,2.904026651301228,1.0199706000001014,1.735107708487068e-12,-7.375369252219015e-13,1.1036924544610285
9.09,attitude_only,1.4572123630788977e-13,3.4260701674193903e-13,2.550003922445195e-15,1.0,0.0,0.0,0.0,1.0,2.914424726157813e-13,6.852140334838773e-13,5.1000078449902404e-15,0.0,0.0,0.0,-1.4740844008654716e-13,-3.4089230689829674e-13,1.5221882645603443e-15,5.907045579377244e-17,1.3221147610330245e-16,4.175270509441672e-21,0.034127142,0.034127142,0.008531785499999438,0.00853178550000147,0.008531785500000562,0.00853178549999853,533.2849613480407,533.2849613481043,533.2849613480759,533.2849613480123,2.8171227218758794,1.0199706000001014,1.7688457670245169e-12,-7.518940418093001e-13,1.1283875245027728
9.1,attitude_only,1.4507989549374617e-13,3.41125102580505e-13,2.558384248015209e-15,1.0,0.0,0.0,0.0,1.0,2.901597909874941e-13,6.822502051610093e-13,5.116768496129399e-15,0.0,0.0,0.0,-1.1349415260748043e-13,-2.621119611972254e-13,1.8865940764121208e-15,1.9508252344967153e-17,4.0296180873989086e-17,4.175270509441672e-21,0.034127142,0.034127142,0.00853178549999984,0.00853178550000046,0.00853178550000016,0.00853178549999954,533.2849613480532,533.2849613480727,533.2849613480632,533.2849613480439,2.7300721745307666,1.0199706000001014,1.8026578736569817e-12,-7.662826638134826e-13,1.1522062243542754
9.11,attitude_only,1.4459236034490483e-13,3.399987572353391e-13,2.5674047199596397e-15,1.0,0.0,0.0,0.0,1.0,2.891847206898114e-13,6.799975144706775e-13,5.134809440017602e-15,0.0,0.0,0.0,-8.53318515048314e-14,-1.9725194091309314e-13,1.5444728184465508e-15,-1.3433190463163382e-17,-3.556332405783874e-17,4.175270509441672e-21,0.034127142,0.034127142,0.00853178550000017,0.008531785499999623,0.00853178549999983,0.008531785500000376,533.2849613480636,533.2849613480465,533.284961348053,533.28496134807,2.6428794537992317,1.0199706000001014,1.83654238753548e-12,-7.807020981195784e-13,1.1751473100630059
9.12,attitude_only,1.4422964152645526e-13,3.3915884355476854e-13,2.5743597715876697e-15,1.0,0.0,0.0,0.0,1.0,2.884592830529123e-13,6.783176871095364e-13,5.148719543273173e-15,0.0,0.0,0.0,-6.296458732340886e-14,-1.461410485921191e-13,1.4341447979980958e-15,-3.964426160763635e-17,-9.543498435708639e-17,4.175270509441672e-21,0.034127142,0.034127142,0.008531785500000428,0.008531785499998962,0.008531785499999571,0.008531785500001039,533.2849613480716,533.2849613480258,533.2849613480449,533.2849613480907,2.5555537236124732,1.0199706000001014,1.8704979331903096e-12,-7.951517612477567e-13,1.1972098180916637
9.13,attitude_only,1.4396308948488414e-13,3.3853742479607874e-13,2.581918063415366e-15,1.0,0.0,0.0,0.0,1.0,2.8792617896977005e-13,6.770748495921568e-13,5.163836126928206e-15,0.0,0.0,0.0,-4.6263110271324264e-14,-1.0833205434817256e-13,1.6179846850940544e-15,-5.922340296742455e-17,-1.3972245690634037e-16,4.175270509441672e-21,0.034127142,0.034127142,0.008531785500000619,0.008531785499998472,0.00853178549999938,0.00853178550000153,533.2849613480777,533.2849613480106,533.2849613480389,533.2849613481061,2.468106641522713,1.0199706000001014,1.9045233528260145e-12,-8.096311615412124e-13,1.2183930012233
9.14,attitude_only,1.4376508062647603e-13,3.38071140322214e-13,2.5906662150668826e-15,1.0,0.0,0.0,0.0,1.0,2.875301612529538e-13,6.761422806444273e-13,5.181332430230971e-15,0.0,0.0,0.0,-3.4893167369647827e-14,-8.270958328660705e-14,1.7486478380230415e-15,-7.251840277573981e-17,-1.6964232634735289e-16,4.175270509441672e-21,0.034127142,0.034127142,0.008531785500000746,0.008531785499998138,0.008531785499999254,0.008531785500001861,533.2849613480817,533.2849613480001,533.284961348035,533.2849613481164,2.380550877903633,1.0199706000001014,1.9386176791129665e-12,-8.241398828667068e-13,1.2386962794575727
9.15,attitude_only,1.436107097925208e-13,3.37701959430747e-13,2.5976074178416723e-15,1.0,0.0,0.0,0.0,1.0,2.8722141958504334e-13,6.754039188614933e-13,5.19521483578034e-15,0.0,0.0,0.0,-2.8262009089685832e-14,-6.811831944972138e-14,1.054774628919294e-15,-8.019317262079733e-17,-1.864706597571185e-16,4.175270509441672e-21,0.034127142,0.034127142,0.008531785500000817,0.008531785499997951,0.008531785499999183,0.00853178550000205,533.2849613480838,533.2849613479943,533.2849613480328,533.2849613481224,2.2928991584127854,1.0199706000001014,1.9727801028990843e-12,-8.386775792032893e-13,1.2581192022620662
9.16,attitude_only,1.4347786034329403e-13,3.373792330174639e-13,2.6039137362548752e-15,1.0,0.0,0.0,0.0,1.0,2.8695572068658983e-13,6.747584660349271e-13,5.2078274726065634e-15,0.0,0.0,0.0,-2.5771047731933144e-14,-6.291813060199312e-14,1.5491371181725513e-15,-8.292461577278124e-17,-1.9208170506837254e-16,4.175270509441672e-21,0.034127142,0.034127142,0.00853178550000084,0.008531785499997887,0.00853178549999916,0.008531785500002114,533.2849613480845,533.2849613479923,533.2849613480321,533.2849613481244,2.2051636709453453,1.0199706000001014,2.0070099538440977e-12,-8.532439622803565e-13,1.2766614194728216
9.17,attitude_only,1.4334734161589285e-13,3.3706018565035366e-13,2.612990268206124e-15,1.0,0.0,0.0,0.0,1.0,2.8669468323178746e-13,6.741203713007066e-13,5.225980536508881e-15,0.0,0.0,0.0,-2.6850264327210088e-14,-6.557975034011309e-14,1.8215667001481776e-15,-8.13610532151768e-17,-1.8823196387922744e-16,4.175270509441672e-21,0.034127142,0.034127142,0.00853178550000082,0.008531785499997929,0.008531785499999178,0.008531785500002073,533.2849613480839,533.2849613479935,533.2849613480325,533.284961348123,2.1173557235626648,1.0199706000001014,2.041306680102689e-12,-8.67838791572011e-13,1.2943226588131407
9.18,attitude_only,1.4320350734286007e-13,3.367102191308896e-13,2.6233228971882627e-15,1.0,0.0,0.0,0.0,1.0,2.864070146857219e-13,6.734204382617785e-13,5.246645794472961e-15,0.0,0.0,0.0,-3.069122427058106e-14,-7.439600397398076e-14,2.3263188031933702e-15,-7.644498904042583e-17,-1.7690849947884646e-16,4.175270509441672e-21,0.034127142,0.034127142,0.008531785500000772,0.008531785499998053,0.008531785499999228,0.008531785500001948,533.2849613480824,533.2849613479974,533.2849613480341,533.2849613481192,2.0294855724931784,1.0199706000001014,2.0756698288535878e-12,-8.824618687328475e-13,1.3111027084952926
9.19,attitude_only,1.4303485333739563e-13,3.363027815170621e-13,2.6349816456097964e-15,1.0,0.0,0.0,0.0,1.0,2.8606970667479303e-13,6.726055630341235e-13,5.269963291315799e-15,0.0,0.0,0.0,-3.643285589303113e-14,-8.787986628421367e-14,2.3531607840204722e-15,-6.919070253455544e-17,-1.5984906604372485e-16,4.175270509441672e-21,0.034127142,0.034127142,0.008531785500000697,0.008531785499998239,0.008531785499999302,0.00853178550000176,533.2849613480801,533.2849613480032,533.2849613480365,533.2849613481133,1.9415623628383454,1.0199706000001014,2.1100990305685955e-12,-8.971130353277604e-13,1.3270014037374824
9.2,attitude_only,1.4283346768107766e-13,3.358183836539542e-13,2.649157995731739e-15,1.0,0.0,0.0,0.0,1.0,2.856669353621571e-13,6.716367673079076e-13,5.29831599155941e-15,0.0,0.0,0.0,-4.357860249879443e-14,-1.0458724119688694e-13,3.2067862586742917e-15,-6.018002058265155e-17,-1.387543437365481e-16,4.175270509441672e-21,0.034127142,0.034127142,0.008531785500000603,0.008531785499998472,0.008531785499999396,0.00853178550000153,533.2849613480771,533.2849613480106,533.2849613480395,533.2849613481061,1.8535941415959847,1.0199706000001014,2.144593979050897e-12,-9.117921650847338e-13,1.3420186163037475
9.21,attitude_only,1.4259395780515235e-13,3.3524531493970387e-13,2.664227084030988e-15,1.0,0.0,0.0,0.0,1.0,2.8518791561030647e-13,6.704906298794069e-13,5.328454168157584e-15,0.0,0.0,0.0,-5.1526884633779745e-14,-1.2297890255238343e-13,2.6457231062178034e-15,-5.0126813174331313e-17,-1.1545456108442828e-16,4.175270509441672e-21,0.034127142,0.034127142,0.008531785500000501,0.008531785499998727,0.008531785499999497,0.008531785500001273,533.2849613480739,533.2849613480186,533.2849613480425,533.2849613480981,1.7655879148454834,1.0199706000001014,2.1791544264666605e-12,-9.264991508250366e-13,1.3561542463821845
9.22,attitude_only,1.4231361576501793e-13,3.3457798159316683e-13,2.676677804044351e-15,1.0,0.0,0.0,0.0,1.0,2.8462723153003763e-13,6.691559631863329e-13,5.353355608183932e-15,0.0,0.0,0.0,-5.977589121123139e-14,-1.4203452333020352e-13,2.438762548393085e-15,-3.9630246369277034e-17,-9.116747091774216e-17,4.175270509441672e-21,0.034127142,0.034127142,0.008531785500000395,0.008531785499998995,0.008531785499999604,0.008531785500001006,533.2849613480706,533.284961348027,533.284961348046,533.2849613480897,1.6775497297248347,1.0199706000001014,2.213780167175173e-12,-9.4123390339966e-13,1.3694082162746066
9.23,attitude_only,1.4199254209943274e-13,3.3381623339548293e-13,2.6894953122535343e-15,1.0,0.0,0.0,0.0,1.0,2.839850841988673e-13,6.676324667909651e-13,5.3789906246018676e-15,0.0,0.0,0.0,-6.776637405098286e-14,-1.6062908414906246e-13,2.585150644227282e-15,-2.936400322106545e-17,-6.724770709362087e-17,4.175270509441672e-21,0.034127142,0.034127142,0.008531785500000291,0.008531785499999257,0.008531785499999708,0.008531785500000742,533.2849613480674,533.2849613480352,533.2849613480491,533.2849613480815,1.5894847681092634,1.0199706000001014,2.2484710263461038e-12,-9.559963500140325e-13,1.3817804654910761
9.24,attitude_only,1.4163281733414933e-13,3.3296470483582475e-13,2.70218036696619e-15,1.0,0.0,0.0,0.0,1.0,2.8326563466830047e-13,6.659294096716487e-13,5.404360734026698e-15,0.0,0.0,0.0,-7.525173006168329e-14,-1.7797912866110865e-13,2.507293253020871e-15,-1.9629058707608114e-17,-4.4647862392554345e-17,4.175270509441672e-21,0.034127142,0.034127142,0.008531785500000192,0.008531785499999505,0.008531785499999807,0.008531785500000494,533.2849613480643,533.2849613480429,533.2849613480522,533.2849613480737,1.5013974433660036,1.0199706000001014,2.283226854201573e-12,-9.70786428609975e-13,1.3932709469350055
9.25,attitude_only,1.4123777480569504e-13,3.320309322112757e-13,2.7147301896914404e-15,1.0,0.0,0.0,0.0,1.0,2.824755496113919e-13,6.640618644225506e-13,5.429460379476672e-15,0.0,0.0,0.0,-8.195094263826798e-14,-1.936411576864859e-13,2.4910753981501222e-15,-1.0770494189323822e-17,-2.391701598523683e-17,4.175270509441672e-21,0.034127142,0.034127142,0.0085317855000001,0.008531785499999733,0.0085317854999999,0.008531785500000267,533.2849613480614,533.2849613480499,533.2849613480552,533.2849613480666,1.4132914947013697,1.0199706000001014,2.3180475117083243e-12,-9.856040811130415e-13,1.4038796239354336
9.26,attitude_only,1.408116281661978e-13,3.3102417745454227e-13,2.7272115071447e-15,1.0,0.0,0.0,0.0,1.0,2.816232563323974e-13,6.620483549090837e-13,5.454423014382624e-15,0.0,0.0,0.0,-8.776393862526232e-14,-2.0729647481711074e-13,2.394708385417209e-15,-2.917259618678006e-18,-5.457670680315932e-18,4.175270509441672e-21,0.034127142,0.034127142,0.008531785500000019,0.008531785499999936,0.00853178549999998,0.008531785500000064,533.2849613480589,533.2849613480563,533.2849613480577,533.2849613480603,1.3251700758080138,1.0199706000001014,2.3529328614986876e-12,-1.0004492515504642e-12,1.4136064679377793
9.27,attitude_only,1.4035932507492892e-13,3.299557924819568e-13,2.7386523676754967e-15,1.0,0.0,0.0,0.0,1.0,2.8071865014985966e-13,6.599115849639128e-13,5.477304735443618e-15,0.0,0.0,0.0,-9.250128156969999e-14,-2.1853649718948519e-13,2.201675472414947e-15,3.692564730344168e-18,1.0215721138428175e-17,4.175270509441672e-21,0.034127142,0.034127142,0.00853178549999995,0.008531785500000107,0.00853178550000005,0.008531785499999892,533.2849613480568,533.2849613480616,533.2849613480599,533.2849613480549,1.2370358360231881,1.0199706000001014,2.387882770229797e-12,-1.015321884387607e-12,1.422451456706618
9.28,attitude_only,1.398863455147118e-13,3.2883766047607933e-13,2.7505626530879145e-15,1.0,0.0,0.0,0.0,1.0,2.797726910294254e-13,6.576753209521579e-13,5.501125306267829e-15,0.0,0.0,0.0,-9.617212173381683e-14,-2.274040150258253e-13,2.5096284445009776e-15,9.059294144622538e-18,2.313078269229456e-17,4.175270509441672e-21,0.034127142,0.034127142,0.008531785499999892,0.008531785500000248,0.008531785500000107,0.008531785499999752,533.2849613480549,533.2849613480661,533.2849613480616,533.2849613480505,1.1488909932210987,1.0199706000001014,2.4228971008372147e-12,-1.0302219246741019e-12,1.4304145729267452
9.29,attitude_only,1.3939739173244197e-13,3.2768191766009783e-13,2.7631876920992924e-15,1.0,0.0,0.0,0.0,1.0,2.7879478346488575e-13,6.553638353201948e-13,5.5263753842899405e-15,0.0,0.0,0.0,-9.895328570452479e-14,-2.3387762973247e-13,2.55124480652299e-15,1.3386223766517314e-17,3.323789663759291e-17,4.175270509441672e-21,0.034127142,0.034127142,0.008531785499999847,0.008531785500000359,0.008531785500000152,0.008531785499999642,533.2849613480535,533.2849613480695,533.284961348063,533.2849613480471,1.0607373983246866,1.0199706000001014,2.4579757103995315e-12,-1.0451493095618386e-12,1.4374958031141367
9.3,attitude_only,1.3889741959375254e-13,3.26499887251049e-13,2.775077825675776e-15,1.0,0.0,0.0,0.0,1.0,2.777948391875069e-13,6.529997745020972e-13,5.550155651442252e-15,0.0,0.0,0.0,-1.006890035507023e-13,-2.3811880703861545e-13,2.0058819445904138e-15,1.647597521743751e-17,4.0708497475353914e-17,4.175270509441672e-21,0.034127142,0.034127142,0.008531785499999814,0.008531785500000439,0.008531785500000185,0.008531785499999561,533.2849613480524,533.284961348072,533.284961348064,533.2849613480446,0.9725765917384251,1.0199706000001014,2.493118445362684e-12,-1.0601039744498162e-12,1.4436951367680704
9.31,attitude_only,1.3839121894241065e-13,3.2530287754610235e-13,2.7858782126805337e-15,1.0,0.0,0.0,0.0,1.0,2.767824378848231e-13,6.506057550922039e-13,5.571756425451106e-15,0.0,0.0,0.0,-1.0158769468890537e-13,-2.4012367491262086e-13,2.424670008766832e-15,1.8570281530170234e-17,4.5515575673286576e-17,4.175270509441672e-21,0.034127142,0.034127142,0.008531785499999793,0.008531785500000492,0.008531785500000206,0.008531785499999507,533.2849613480519,533.2849613480737,533.2849613480647,533.2849613480429,0.8844098522487356,1.0199706000001014,2.528325147687574e-12,-1.0750858532515693e-12,1.44901256571097
9.32,attitude_only,1.3788247838869422e-13,3.241014789410723e-13,2.7980688102025163e-15,1.0,0.0,0.0,0.0,1.0,2.7576495677739026e-13,6.482029578821438e-13,5.596137620494408e-15,0.0,0.0,0.0,-1.0176166691389145e-13,-2.4011798074496215e-13,2.4495383669201492e-15,1.979666486929242e-17,4.790992247954571e-17,4.175270509441672e-21,0.034127142,0.034127142,0.008531785499999783,0.00853178550000052,0.008531785500000215,0.00853178549999948,533.2849613480515,533.2849613480746,533.284961348065,533.2849613480421,0.7962382390670196,1.0199706000001014,2.563595653187835e-12,-1.0900948710789523e-12,1.4534480835743715
9.33,attitude_only,1.3737493622366321e-13,3.2290515497472243e-13,2.8096011937709077e-15,1.0,0.0,0.0,0.0,1.0,2.7474987244732825e-13,6.45810309949444e-13,5.619202387630534e-15,0.0,0.0,0.0,-1.012039193823831e-13,-2.3834025856311937e-13,2.3153554713804642e-15,2.0139407025306218e-17,4.816005844696546e-17,4.175270509441672e-21,0.034127142,0.034127142,0.008531785499999785,0.008531785500000525,0.008531785500000215,0.008531785499999474,533.2849613480516,533.2849613480747,533.284961348065,533.2849613480419,0.7080626277392728,1.0199706000001014,2.598929789752079e-12,-1.1051309528107027e-12,1.4570016853986543
9.34,attitude_only,1.3687177839144848e-13,3.217213448270118e-13,2.8221813576372596e-15,1.0,0.0,0.0,0.0,1.0,2.737435567828988e-13,6.434426896540228e-13,5.6443627153625885e-15,0.0,0.0,0.0,-1.0007604517412106e-13,-2.352902381097522e-13,2.4881109574031617e-15,1.978671842713296e-17,4.6852936284022364e-17,4.175270509441672e-21,0.034127142,0.034127142,0.008531785499999792,0.008531785500000512,0.008531785500000208,0.008531785499999488,533.2849613480518,533.2849613480743,533.2849613480648,533.2849613480423,0.6198837406453251,1.0199706000001014,2.634327373623563e-12,-1.1201940205366095e-12,1.4596733673213496
9.35,attitude_only,1.3637557268921743e-13,3.2055584126993594e-13,2.833961019084982e-15,1.0,0.0,0.0,0.0,1.0,2.727511453784367e-13,6.411116825398711e-13,5.667922038257396e-15,0.0,0.0,0.0,-9.849364691218643e-14,-2.3117828750063836e-13,2.2864545090573367e-15,1.8872776981933256e-17,4.4230378428092106e-17,4.175270509441672e-21,0.034127142,0.034127142,0.008531785499999806,0.008531785500000486,0.008531785500000194,0.008531785499999516,533.2849613480522,533.2849613480735,533.2849613480644,533.2849613480432,0.5317021727776252,1.0199706000001014,2.6697882114608195e-12,-1.13528399292384e-12,1.4614631263344178
9.36,attitude_only,1.3588829653436253e-13,3.194131310907792e-13,2.8448070733189543e-15,1.0,0.0,0.0,0.0,1.0,2.717765930687269e-13,6.388262621815576e-13,5.689614146724717e-15,0.0,0.0,0.0,-9.65618892440125e-14,-2.263011940456255e-13,1.990173986625703e-15,1.7520286672564644e-17,4.0640878222532884e-17,4.175270509441672e-21,0.034127142,0.034127142,0.008531785499999821,0.008531785500000447,0.008531785500000177,0.008531785499999552,533.2849613480527,533.2849613480722,533.2849613480638,533.2849613480442,0.44351841343827275,1.0199706000001014,2.705312105047694e-12,-1.1504007859946923e-12,1.4623709600952264
9.37,attitude_only,1.35411322741648e-13,3.1829647253365034e-13,2.8555816755815e-15,1.0,0.0,0.0,0.0,1.0,2.708226454832978e-13,6.365929450672999e-13,5.711163351249202e-15,0.0,0.0,0.0,-9.443488913151434e-14,-2.208319657774591e-13,2.401096342430665e-15,1.591223542888198e-17,3.628612395850777e-17,4.175270509441672e-21,0.034127142,0.034127142,0.008531785499999844,0.0085317855000004,0.008531785500000156,0.008531785499999599,533.2849613480533,533.2849613480709,533.2849613480631,533.2849613480457,0.3553328644331281,1.0199706000001014,2.7408988519097124e-12,-1.1655443135908036e-12,1.4623968667793519
9.38,attitude_only,1.3494502659078002e-13,3.1720792611498285e-13,2.8674639014157027e-15,1.0,0.0,0.0,0.0,1.0,2.6989005318156186e-13,6.344158522299649e-13,5.734927802917017e-15,0.0,0.0,0.0,-9.231510178018709e-14,-2.151660353045361e-13,2.1994415881679512e-15,1.42916416250913e-17,3.1638667744045856e-17,4.175270509441672e-21,0.034127142,0.034127142,0.008531785499999866,0.008531785500000354,0.008531785500000133,0.008531785499999648,533.2849613480541,533.2849613480694,533.2849613480624,533.2849613480473,0.26714585527832563,1.0199706000001014,2.776548247320938e-12,-1.180714484883489e-12,1.461540844965943
9.39,attitude_only,1.344894056131298e-13,3.1614753490061033e-13,2.8778772872364102e-15,1.0,0.0,0.0,0.0,1.0,2.689788112262614e-13,6.322950698012199e-13,5.755754574557857e-15,0.0,0.0,0.0,-9.013261888311264e-14,-2.0957672809990565e-13,2.0378513472938497e-15,1.2573988337433065e-17,2.702726637948833e-17,4.175270509441672e-21,0.034127142,0.034127142,0.008531785499999889,0.008531785500000305,0.00853178550000011,0.008531785499999696,533.2849613480548,533.2849613480679,533.2849613480618,533.2849613480488,0.17895765587273538,1.0199706000001014,2.8122600777632728e-12,-1.195911207642725e-12,1.4598028935484468
9.4,attitude_only,1.3404494022306462e-13,3.1511451753339316e-13,2.88802732200965e-15,1.0,0.0,0.0,0.0,1.0,2.6808988044613105e-13,6.302290350667855e-13,5.7760546441037795e-15,0.0,0.0,0.0,-8.78625556173065e-14,-2.0420019352576195e-13,2.0862908004115737e-15,1.0728537974638719e-17,2.2617426825773483e-17,4.175270509441672e-21,0.034127142,0.034127142,0.008531785499999908,0.008531785500000257,0.008531785500000092,0.008531785499999743,533.2849613480554,533.2849613480663,533.2849613480612,533.2849613480503,0.09076848703093306,1.0199706000001014,2.8480341291849938e-12,-1.2111343953195813e-12,1.4571830116650841
9.41,attitude_only,1.3361188746229121e-13,3.1410736064672406e-13,2.8992396673995388e-15,1.0,0.0,0.0,0.0,1.0,2.6722377492458425e-13,6.282147212934473e-13,5.798479334883015e-15,0.0,0.0,0.0,-8.561047119180533e-14,-1.9923107095966946e-13,2.2293552805298014e-15,8.882141375955367e-18,1.864679045605913e-17,4.175270509441672e-21,0.034127142,0.034127142,0.008531785499999925,0.008531785500000211,0.008531785500000074,0.008531785499999788,533.284961348056,533.2849613480649,533.2849613480606,533.2849613480518,0.002578529217116182,1.0199706000001014,2.8838701881510655e-12,-1.2263839624944835e-12,1.4536811986447027
9.42,attitude_only,1.3318961317735246e-13,3.131238487783317e-13,2.910617535487428e-15,1.0,0.0,0.0,0.0,1.0,2.6637922635470675e-13,6.262476975566626e-13,5.8212350710582656e-15,0.0,0.0,0.0,-8.351314923210586e-14,-1.946774977720488e-13,2.232907996043505e-15,7.200486516637066e-18,1.5129277608634793e-17,4.175270509441672e-21,0.034127142,0.034127142,0.008531785499999939,0.008531785500000172,0.00853178550000006,0.008531785499999828,533.2849613480564,533.2849613480637,533.2849613480602,533.2849613480529,-0.08561207022813683,1.0199706000001014,2.9197680408890626e-12,-1.2416598199242635e-12,1.4492974539646113
9.43,attitude_only,1.3277749945299745e-13,3.1216214792420897e-13,2.921723866145206e-15,1.0,0.0,0.0,0.0,1.0,2.655549989059967e-13,6.243242958484171e-13,5.843447732373308e-15,0.0,0.0,0.0,-8.154351248732982e-14,-1.904594905046168e-13,2.091366052101522e-15,5.652357547779084e-18,1.1972263792762534e-17,4.175270509441672e-21,0.034127142,0.034127142,0.008531785499999951,0.008531785500000135,0.008531785500000048,0.008531785499999864,533.2849613480568,533.2849613480626,533.2849613480598,533.284961348054,-0.17380319111999512,1.0199706000001014,2.9557274807331134e-12,-1.2569618800713147e-12,1.4440317772177371
9.44,attitude_only,1.3237487732923295e-13,3.112206120833941e-13,2.9333116363545444e-15,1.0,0.0,0.0,0.0,1.0,2.647497546584677e-13,6.224412241667874e-13,5.8666232727914846e-15,0.0,0.0,0.0,-7.971446042339117e-14,-1.8662000581212274e-13,2.5951372964708658e-15,4.2546396752865946e-18,9.231082219890808e-18,4.175270509441672e-21,0.034127142,0.034127142,0.008531785499999962,0.008531785500000104,0.008531785500000038,0.008531785499999896,533.2849613480571,533.2849613480615,533.2849613480595,533.284961348055,-0.2619947355096968,1.0199706000001014,2.991748307125276e-12,-1.272290057209603e-12,1.4378841680870522
9.45,attitude_only,1.3198073774657965e-13,3.102971196096745e-13,2.9462570585395037e-15,1.0,0.0,0.0,0.0,1.0,2.639614754931611e-13,6.205942392193482e-13,5.892514117160914e-15,0.0,0.0,0.0,-7.816757872605912e-14,-1.8318617331624336e-13,2.562685392130675e-15,3.180057425748725e-18,6.942344957997932e-18,4.175270509441672e-21,0.034127142,0.034127142,0.00853178549999997,0.008531785500000078,0.00853178550000003,0.008531785499999922,533.2849613480573,533.2849613480607,533.2849613480593,533.2849613480558,-0.3501866236356789,1.0199706000001014,3.0278303201710862e-12,-1.2876442655871628e-12,1.4308546263256563
9.46,attitude_only,1.3159328020208515e-13,3.0938954430823316e-13,2.9589464839103065e-15,1.0,0.0,0.0,0.0,1.0,2.631865604041721e-13,6.187790886164655e-13,5.91789296790204e-15,0.0,0.0,0.0,-7.697142379114638e-14,-1.801953738113773e-13,2.52185906233688e-15,2.514385741765024e-18,5.15533929027271e-18,4.175270509441672e-21,0.034127142,0.034127142,0.008531785499999979,0.008531785500000059,0.00853178550000002,0.00853178549999994,533.2849613480577,533.28496134806,533.2849613480589,533.2849613480564,-0.4383787905963852,1.0199706000001014,3.0639733235963672e-12,-1.303024415383654e-12,1.422943151741263
9.47,attitude_only,1.312112350408597e-13,3.084961274334025e-13,2.971064330760502e-15,1.0,0.0,0.0,0.0,1.0,2.624224700817212e-13,6.169922548668042e-13,5.94212866160196e-15,0.0,0.0,0.0,-7.598771721386129e-14,-1.7749030657740313e-13,2.4625076184223136e-15,2.0938150211615058e-18,3.684161675277732e-18,4.175270509441672e-21,0.034127142,0.034127142,0.008531785499999988,0.008531785500000045,0.008531785500000012,0.008531785499999956,533.2849613480579,533.2849613480597,533.2849613480587,533.284961348057,-0.5265711836199802,1.0199706000001014,3.100177126201544e-12,-1.3184304211177079e-12,1.4141497441841195
9.48,attitude_only,1.3083349198466748e-13,3.0761544662233863e-13,2.9819226375089505e-15,1.0,0.0,0.0,0.0,1.0,2.616669839693368e-13,6.152308932446765e-13,5.963845275098394e-15,0.0,0.0,0.0,-7.519761263908039e-14,-1.750807171703694e-13,1.7385564584010482e-15,1.897665657815201e-18,2.5434615585408854e-18,4.175270509441672e-21,0.034127142,0.034127142,0.008531785499999995,0.008531785500000034,0.008531785500000005,0.008531785499999965,533.2849613480581,533.2849613480594,533.2849613480585,533.2849613480572,-0.6147637598264057,1.0199706000001014,3.1364415425393442e-12,-1.3338621999243586e-12,1.4044744035375987
9.49,attitude_only,1.3045972256308136e-13,3.0674566518084627e-13,2.989590544670689e-15,1.0,0.0,0.0,0.0,1.0,2.6091944512616454e-13,6.134913303616917e-13,5.979181089421414e-15,0.0,0.0,0.0,-7.440148164897653e-14,-1.7307424439843555e-13,1.3740127309808542e-15,1.6863232861802995e-18,1.866436676204581e-18,4.175270509441672e-21,0.034127142,0.034127142,0.008531785499999998,0.008531785500000028,0.008531785500000002,0.008531785499999972,533.2849613480582,533.2849613480591,533.2849613480583,533.2849613480574,-0.7029564843956824,1.0199706000001014,3.1727663871590085e-12,-1.3493196746306838e-12,1.393917129710871
9.5,attitude_only,1.3008973371836617e-13,3.058851925975678e-13,2.9945606780783228e-15,1.0,0.0,0.0,0.0,1.0,2.6017946743673416e-13,6.117703851951348e-13,5.9891213562362306e-15,0.0,0.0,0.0,-7.367381268457252e-14,-1.7131846838165443e-13,7.443721388189681e-16,1.5498586557412132e-18,1.4726901398837356e-18,4.175270509441672e-21,0.034127142,0.034127142,0.0085317855,0.008531785500000022,0.0085317855,0.008531785499999977,533.2849613480583,533.284961348059,533.2849613480583,533.2849613480575,-0.7911493290700106,1.0199706000001014,3.2091514776102273e-12,-1.3648027707458442e-12,1.382477922633198
9.51,attitude_only,1.2972346855803797e-13,3.0503288832938035e-13,2.9967039353894693e-15,1.0,0.0,0.0,0.0,1.0,2.5944693711607775e-13,6.100657766587599e-13,5.993407870858079e-15,0.0,0.0,0.0,-7.291909863432568e-14,-1.6977173978459302e-13,2.1008763876918119e-16,1.3733927817882557e-18,1.3143332212559196e-18,4.175270509441672e-21,0.034127142,0.034127142,0.0085317855,0.00853178550000002,0.0085317855,0.008531785499999979,533.2849613480583,533.2849613480589,533.2849613480583,533.2849613480577,-0.8793422709301829,1.0199706000001014,3.2455966368245342e-12,-1.3803114148870145e-12,1.3701567822494896
9.52,attitude_only,1.2936099628981953e-13,3.041877814055203e-13,2.9964038980617392e-15,1.0,0.0,0.0,0.0,1.0,2.587219925796409e-13,6.083755628110397e-13,5.992807796202178e-15,0.0,0.0,0.0,-7.213504412363414e-14,-1.684364774697986e-13,-2.8768463231169543e-16,1.1538778101947349e-18,1.3963832182005815e-18,4.175270509441672e-21,0.034127142,0.034127142,0.008531785499999998,0.008531785500000019,0.008531785500000002,0.00853178549999998,533.2849613480582,533.2849613480589,533.2849613480583,533.2849613480577,-0.967535291397131,1.0199706000001014,3.282101690700049e-12,-1.3958455356055276e-12,1.3569537085168406
9.53,attitude_only,1.290024844801066e-13,3.0334902451536577e-13,2.993642360757942e-15,1.0,0.0,0.0,0.0,1.0,2.58004968960215e-13,6.066980490307307e-13,5.9872847215941495e-15,0.0,0.0,0.0,-7.135263960355998e-14,-1.672194796445312e-13,-8.141327444700771e-16,9.285187821413293e-19,1.608180624325004e-18,4.175270509441672e-21,0.034127142,0.034127142,0.008531785499999995,0.008531785500000019,0.008531785500000005,0.00853178549999998,533.2849613480581,533.2849613480589,533.2849613480585,533.2849613480577,-1.0557283754177784,1.0199706000001014,3.3186664670997147e-12,-1.4114050630005757e-12,1.3428687014018372
9.54,attitude_only,1.2864784134256555e-13,3.0251598470469914e-13,2.9884378993547994e-15,1.0,0.0,0.0,0.0,1.0,2.572956826851329e-13,6.050319694093975e-13,5.976875798787435e-15,0.0,0.0,0.0,-7.058605058706675e-14,-1.6612851131914312e-13,-1.228222258899925e-15,7.144724682201089e-19,1.9603037470506767e-18,4.175270509441672e-21,0.034127142,0.034127142,0.00853178549999999,0.00853178550000002,0.008531785500000008,0.008531785499999979,533.284961348058,533.2849613480589,533.2849613480586,533.2849613480577,-1.143921510801809,1.0199706000001014,3.3552907969954627e-12,-1.4269899260815693e-12,1.3279017608784556
9.55,attitude_only,1.282970257726561e-13,3.016881025437267e-13,2.981148256591345e-15,1.0,0.0,0.0,0.0,1.0,2.5659405154531403e-13,6.033762050874526e-13,5.9622965132601015e-15,0.0,0.0,0.0,-6.981198646127691e-14,-1.6511266613810425e-13,-1.586005583276201e-15,4.837153818851795e-19,2.3924161911853503e-18,4.175270509441672e-21,0.034127142,0.034127142,0.008531785499999984,0.008531785500000022,0.008531785500000014,0.008531785499999977,533.2849613480578,533.284961348059,533.2849613480587,533.2849613480575,-1.2321146876819684,1.0199706000001014,3.39197451280398e-12,-1.4426000548421785e-12,1.3120528869264299
9.56,attitude_only,1.2794988179955485e-13,3.008652120582131e-13,2.9732676171185277e-15,1.0,0.0,0.0,0.0,1.0,2.5589976359911146e-13,6.017304241164253e-13,5.946535234314047e-15,0.0,0.0,0.0,-6.913155718636785e-14,-1.6412309550050386e-13,-1.4296130507009167e-15,3.585158238579709e-19,2.846162381069888e-18,4.175270509441672e-21,0.034127142,0.034127142,0.00853178549999998,0.008531785500000024,0.008531785500000019,0.008531785499999976,533.2849613480577,533.284961348059,533.2849613480589,533.2849613480575,-1.3203078980746674,1.0199706000001014,3.428717450715891e-12,-1.4582353796631976e-12,1.2953220795299756
9.57,attitude_only,1.2760581241215435e-13,3.000476624137676e-13,2.966794916476339e-15,1.0,0.0,0.0,0.0,1.0,2.5521162482431046e-13,6.000953248275345e-13,5.933589833029254e-15,0.0,0.0,0.0,-6.85675913828518e-14,-1.6300616779807348e-13,-1.1428138931192907e-15,3.674327734671997e-19,3.1359108161341287e-18,4.175270509441672e-21,0.034127142,0.034127142,0.008531785499999979,0.008531785500000028,0.00853178550000002,0.008531785499999974,533.2849613480577,533.2849613480591,533.2849613480589,533.2849613480574,-1.4085011355232502,1.0199706000001014,3.4655194511295148e-12,-1.4738958283058752e-12,1.2777093386768001
9.58,attitude_only,1.27264178777029e-13,2.99235777748154e-13,2.961554617832278e-15,1.0,0.0,0.0,0.0,1.0,2.5452835755405976e-13,5.984715554963073e-13,5.923109235740719e-15,0.0,0.0,0.0,-6.814736006958015e-14,-1.6184888470461403e-13,-1.0168126887679164e-15,5.446287982370051e-19,3.3656599510289063e-18,4.175270509441672e-21,0.034127142,0.034127142,0.008531785499999977,0.00853178550000003,0.00853178550000002,0.00853178549999997,533.2849613480575,533.2849613480593,533.2849613480589,533.2849613480573,-1.4966943948079914,1.0199706000001014,3.5023803561416913e-12,-1.4895813288713036e-12,1.259214664357331
9.59,attitude_only,1.2692446273179738e-13,2.9842990267536596e-13,2.9567404170293328e-15,1.0,0.0,0.0,0.0,1.0,2.538489254635965e-13,5.968598053507312e-13,5.9134808341344214e-15,0.0,0.0,0.0,-6.778242387302956e-14,-1.6061523223344633e-13,-9.35444313495772e-16,7.845296011065868e-19,3.491429307962105e-18,4.175270509441672e-21,0.034127142,0.034127142,0.008531785499999979,0.008531785500000033,0.00853178550000002,0.008531785499999967,533.2849613480577,533.2849613480594,533.2849613480589,533.2849613480572,-1.5848876717107798,1.0199706000001014,3.5393000086738192e-12,-1.505291810389608e-12,1.239838056564112
9.6,attitude_only,1.265863271738847e-13,2.976303954252561e-13,2.9522875523116608e-15,1.0,0.0,0.0,0.0,1.0,2.5317265434777115e-13,5.952607908505115e-13,5.9045751046986736e-15,0.0,0.0,0.0,-6.751179313635875e-14,-1.593170932490382e-13,-8.322518363302643e-16,1.1348906484651855e-18,3.526833459162696e-18,4.175270509441672e-21,0.034127142,0.034127142,0.00853178549999998,0.008531785500000036,0.008531785500000017,0.008531785499999963,533.2849613480577,533.2849613480595,533.2849613480588,533.2849613480572,-1.6730809628241445,1.0199706000001014,3.5762782530817833e-12,-1.5210272039810483e-12,1.2195795152913365
9.61,attitude_only,1.2624936076879148e-13,2.9683747229067015e-13,2.948043995959362e-15,1.0,0.0,0.0,0.0,1.0,2.5249872153758473e-13,5.936749445813396e-13,5.896087991993675e-15,0.0,0.0,0.0,-6.730333495653824e-14,-1.579740229644797e-13,-7.830816264096306e-16,1.5577741822459557e-18,3.494889347337252e-18,4.175270509441672e-21,0.034127142,0.034127142,0.008531785499999984,0.008531785500000038,0.008531785500000014,0.008531785499999962,533.2849613480578,533.2849613480595,533.2849613480587,533.2849613480571,-1.7612742653963958,1.0199706000001014,3.613314934000918e-12,-1.5367874403192903e-12,1.198439040534483
9.62,attitude_only,1.2591337737693645e-13,2.9605139317646867e-13,2.944302251853031e-15,1.0,0.0,0.0,0.0,1.0,2.5182675475387467e-13,5.921027863529366e-13,5.888604503780615e-15,0.0,0.0,0.0,-6.712510475719979e-14,-1.5658510299764745e-13,-6.446153090066678e-16,2.015148990611788e-18,3.3940364171150107e-18,4.175270509441672e-21,0.034127142,0.034127142,0.00853178549999999,0.008531785500000041,0.00853178550000001,0.008531785499999958,533.284961348058,533.2849613480596,533.2849613480586,533.284961348057,-1.8494675772061324,1.0199706000001014,3.650409897588008e-12,-1.5525724518841659e-12,1.1764166322900287
9.63,attitude_only,1.2557819713557108e-13,2.9527237713827427e-13,2.9406268276396304e-15,1.0,0.0,0.0,0.0,1.0,2.511563942711439e-13,5.905447542765478e-13,5.88125365535342e-15,0.0,0.0,0.0,-6.69616573853231e-14,-1.5515573998923966e-13,-9.934253738023106e-16,2.488628718213089e-18,3.230358206918314e-18,4.175270509441672e-21,0.034127142,0.034127142,0.008531785499999995,0.008531785500000043,0.008531785500000005,0.008531785499999956,533.2849613480581,533.2849613480597,533.2849613480585,533.284961348057,-1.9376608964608635,1.0199706000001014,3.6875629910749056e-12,-1.5683821714517614e-12,1.1535122905552313
9.64,attitude_only,1.252440938578438e-13,2.9450007372627025e-13,2.9336694745693146e-15,1.0,0.0,0.0,0.0,1.0,2.504881877156893e-13,5.890001474525398e-13,5.867338949212398e-15,0.0,0.0,0.0,-6.668113915232666e-14,-1.5389901535657226e-13,-1.6162142079647609e-15,2.8188182301406192e-18,3.2612788012831022e-18,4.175270509441672e-21,0.034127142,0.034127142,0.008531785499999996,0.008531785500000047,0.008531785500000003,0.008531785499999953,533.2849613480582,533.2849613480598,533.2849613480585,533.2849613480569,-2.025854221714233,1.0199706000001014,3.724774059830073e-12,-1.5842165347140806e-12,1.1297260153279547
9.65,attitude_only,1.249117350106006e-13,2.937337362072904e-13,2.9240772874366644e-15,1.0,0.0,0.0,0.0,1.0,2.498234700212029e-13,5.874674724145801e-13,5.84815457494671e-15,0.0,0.0,0.0,-6.628471387896226e-14,-1.5276325870902276e-13,-2.140855484578561e-15,3.0059550408929466e-18,3.4260034113139035e-18,4.175270509441672e-21,0.034127142,0.034127142,0.008531785499999996,0.00853178550000005,0.008531785500000003,0.008531785499999951,533.2849613480582,533.2849613480599,533.2849613480585,533.2849613480568,-2.1140475517997848,1.0199706000001014,3.762042946868805e-12,-1.6000754807720172e-12,1.1050578066065353
9.66,attitude_only,1.2458161526602309e-13,2.92972836614117e-13,2.9119200576925773e-15,1.0,0.0,0.0,0.0,1.0,2.491632305320479e-13,5.859456732282333e-13,5.823840115458153e-15,0.0,0.0,0.0,-6.58032129068968e-14,-1.517081457125722e-13,-2.6340599025502545e-15,3.0861860034833344e-18,3.67694927269894e-18,4.175270509441672e-21,0.034127142,0.034127142,0.008531785499999995,0.008531785500000052,0.008531785500000005,0.008531785499999948,533.2849613480581,533.2849613480599,533.2849613480585,533.2849613480566,-2.202240885776995,1.0199706000001014,3.799369497953875e-12,-1.615958947955908e-12,1.0795076643896775
9.67,attitude_only,1.2425400797408127e-13,2.9221702050781034e-13,2.897476240585297e-15,1.0,0.0,0.0,0.0,1.0,2.4850801594816426e-13,5.8443404101562e-13,5.794952481243213e-15,0.0,0.0,0.0,-6.528942873307991e-14,-1.5072776991281453e-13,-3.0075464290687647e-15,3.1225392822338533e-18,4.0077760121178315e-18,4.175270509441672e-21,0.034127142,0.034127142,0.008531785499999993,0.008531785500000055,0.008531785500000007,0.008531785499999946,533.2849613480581,533.28496134806,533.2849613480586,533.2849613480566,-2.2904342228877024,1.0199706000001014,3.836753561253299e-12,-1.6318668735601433e-12,1.0530755886763727
9.68,attitude_only,1.2392910507403523e-13,2.9146591417375764e-13,2.8814809074200267e-15,1.0,0.0,0.0,0.0,1.0,2.478582101480721e-13,5.829318283475146e-13,5.762961814912296e-15,0.0,0.0,0.0,-6.472076857136195e-14,-1.4980858157429283e-13,-3.323457927537538e-15,3.0873547738858897e-18,4.4028358216346885e-18,4.175270509441672e-21,0.034127142,0.034127142,0.00853178549999999,0.008531785500000057,0.00853178550000001,0.008531785499999943,533.284961348058,533.28496134806,533.2849613480586,533.2849613480565,-2.378627562520937,1.0199706000001014,3.874194985777688e-12,-1.6477991945380101e-12,1.0257615794658346
9.69,attitude_only,1.236071065185966e-13,2.9071946531575314e-13,2.863217182103663e-15,1.0,0.0,0.0,0.0,1.0,2.4721421303719486e-13,5.814389306315056e-13,5.726434364279196e-15,0.0,0.0,0.0,-6.412317524041093e-14,-1.4887191827377492e-13,-3.80222798522927e-15,3.0114745291487624e-18,4.767559043750918e-18,4.175270509441672e-21,0.034127142,0.034127142,0.008531785499999986,0.00853178550000006,0.008531785500000014,0.00853178549999994,533.2849613480579,533.2849613480602,533.2849613480587,533.2849613480564,-2.4668209041844307,1.0199706000001014,3.911693623481629e-12,-1.6637558485938168e-12,0.9975656367574511
9.7,attitude_only,1.2328824744670494e-13,2.8997761254380147e-13,2.8434377728612785e-15,1.0,0.0,0.0,0.0,1.0,2.4657649489341154e-13,5.799552250876022e-13,5.6868755457940586e-15,0.0,0.0,0.0,-6.349591348201541e-14,-1.4796119572695835e-13,-4.140217354807715e-15,2.8937195538942814e-18,5.154303944840567e-18,4.175270509441672e-21,0.034127142,0.034127142,0.008531785499999982,0.008531785500000062,0.008531785500000017,0.008531785499999937,533.2849613480578,533.2849613480602,533.2849613480588,533.2849613480563,-2.5550142474816657,1.0199706000001014,3.949249327592496e-12,-1.6797367741515157e-12,0.9684877605507457
9.71,attitude_only,1.2297253278694437e-13,2.8924035836121584e-13,2.8229925660791914e-15,1.0,0.0,0.0,0.0,1.0,2.4594506557389035e-13,5.78480716722431e-13,5.64598513222952e-15,0.0,0.0,0.0,-6.287282333514453e-14,-1.4700270518756415e-13,-3.901634234026397e-15,2.7747396110007716e-18,5.474142349443418e-18,4.175270509441672e-21,0.034127142,0.034127142,0.008531785499999979,0.008531785500000064,0.00853178550000002,0.008531785499999937,533.2849613480577,533.2849613480603,533.2849613480589,533.2849613480563,-2.6432075920932037,1.0199706000001014,3.986861952279136e-12,-1.695741908761369e-12,0.9385279508453475
9.72,attitude_only,1.2265947246126812e-13,2.885083137719764e-13,2.804401144256327e-15,1.0,0.0,0.0,0.0,1.0,2.4531894492253786e-13,5.770166275439521e-13,5.608802288583431e-15,0.0,0.0,0.0,-6.241257562879284e-14,-1.4591005004619124e-13,-3.664797041578371e-15,2.8465681196666604e-18,5.622056680257784e-18,4.175270509441672e-21,0.034127142,0.034127142,0.008531785499999979,0.008531785500000066,0.00853178550000002,0.008531785499999936,533.2849613480577,533.2849613480603,533.2849613480589,533.2849613480563,-2.7314009377621904,1.0199706000001014,4.024531356806958e-12,-1.7117711875769665e-12,0.9076862076409667
9.73,attitude_only,1.223484170635843e-13,2.877819169621516e-13,2.7860893957732154e-15,1.0,0.0,0.0,0.0,1.0,2.446968341271702e-13,5.755638339243025e-13,5.57217879161685e-15,0.0,0.0,0.0,-6.20442531276431e-14,-1.4473591497262775e-13,-3.6849056678481264e-15,3.0250236495633936e-18,5.660453741707834e-18,4.175270509441672e-21,0.034127142,0.034127142,0.008531785499999979,0.008531785500000067,0.00853178550000002,0.008531785499999934,533.2849613480577,533.2849613480604,533.2849613480589,533.2849613480562,-2.819594284281524,1.0199706000001014,4.062257400727417e-12,-1.727824544378066e-12,0.8759625309373789
9.74,attitude_only,1.2203914653175167e-13,2.8706163647154735e-13,2.767943469868874e-15,1.0,0.0,0.0,0.0,1.0,2.440782930635049e-13,5.74123272943094e-13,5.535886939807814e-15,0.0,0.0,0.0,-6.169719443370815e-14,-1.4349031574843586e-13,-3.6136880377075995e-15,3.2255251611785167e-18,5.600637830161921e-18,4.175270509441672e-21,0.034127142,0.034127142,0.00853178549999998,0.008531785500000067,0.008531785500000017,0.008531785499999932,533.2849613480577,533.2849613480604,533.2849613480588,533.2849613480562,-2.907787631484645,1.0199706000001014,4.100039944756531e-12,-1.7439019163412466e-12,0.8433569207344083
9.75,attitude_only,1.2173141141363396e-13,2.8634763185740915e-13,2.750141227904401e-15,1.0,0.0,0.0,0.0,1.0,2.434628228272695e-13,5.726952637148176e-13,5.500282455878517e-15,0.0,0.0,0.0,-6.143580293447495e-14,-1.4222739457478068e-13,-3.4486064646878648e-15,3.526213391443413e-18,5.5074063675234755e-18,4.175270509441672e-21,0.034127142,0.034127142,0.008531785499999984,0.00853178550000007,0.008531785500000015,0.00853178549999993,533.2849613480578,533.2849613480604,533.2849613480588,533.2849613480561,-2.995980979237525,1.0199706000001014,4.137878848801407e-12,-1.7600032412610828e-12,0.8098693770319185
9.76,attitude_only,1.2142482765034023e-13,2.8564015347637846e-13,2.7330001851961045e-15,1.0,0.0,0.0,0.0,1.0,2.4284965530068203e-13,5.712803069527562e-13,5.466000370461577e-15,0.0,0.0,0.0,-6.122715917948771e-14,-1.4087967988299815e-13,-3.395883492786839e-15,3.888112477253597e-18,5.2989455362143706e-18,4.175270509441672e-21,0.034127142,0.034127142,0.00853178549999999,0.008531785500000071,0.00853178550000001,0.008531785499999929,533.284961348058,533.2849613480605,533.2849613480586,533.2849613480561,-3.08417432743234,1.0199706000001014,4.175773974207927e-12,-1.776128455961877e-12,0.7754998998298033
9.77,attitude_only,1.2111924783453775e-13,2.8493942392245676e-13,2.715392604078741e-15,1.0,0.0,0.0,0.0,1.0,2.4223849566907707e-13,5.698788478449128e-13,5.430785208226505e-15,0.0,0.0,0.0,-6.102853683244975e-14,-1.3955681361540725e-13,-3.699553192458181e-15,4.2600510291325394e-18,5.107074151259333e-18,4.175270509441672e-21,0.034127142,0.034127142,0.008531785499999993,0.008531785500000073,0.008531785500000007,0.008531785499999929,533.2849613480581,533.2849613480605,533.2849613480586,533.2849613480561,-3.172367675982359,1.0199706000001014,4.2137251840187e-12,-1.7922774991157872e-12,0.7402484891279797
9.78,attitude_only,1.2081492473297228e-13,2.8424520526916457e-13,2.6952739315614896e-15,1.0,0.0,0.0,0.0,1.0,2.416298494659461e-13,5.684904105383285e-13,5.3905478631916614e-15,0.0,0.0,0.0,-6.072284593999743e-14,-1.3828776585180353e-13,-4.329193779596277e-15,4.500450417589712e-18,4.967094493452854e-18,4.175270509441672e-21,0.034127142,0.034127142,0.008531785499999996,0.008531785500000073,0.008531785500000003,0.008531785499999927,533.2849613480582,533.2849613480605,533.2849613480585,533.284961348056,-3.260561024817838,1.0199706000001014,4.251732339109174e-12,-1.8084503121218256e-12,0.7041151449263829
9.79,attitude_only,1.2051253274403685e-13,2.835569662760047e-13,2.6722494914371524e-15,1.0,0.0,0.0,0.0,1.0,2.410250654880752e-13,5.671139325520088e-13,5.344498982942649e-15,0.0,0.0,0.0,-6.027770211764627e-14,-1.3714715138873252e-13,-4.7952449534575064e-15,4.569054851944764e-18,4.96982865165497e-18,4.175270509441672e-21,0.034127142,0.034127142,0.008531785499999996,0.008531785500000073,0.008531785500000003,0.008531785499999927,533.2849613480582,533.2849613480605,533.2849613480585,533.284961348056,-3.3487543738825503,1.0199706000001014,4.289795299753095e-12,-1.8246468398505837e-12,0.6670998672249632
9.8,attitude_only,1.202124232184948e-13,2.828739961511676e-13,2.6464663172536317e-15,1.0,0.0,0.0,0.0,1.0,2.404248464369911e-13,5.657479923023346e-13,5.2929326345752735e-15,0.0,0.0,0.0,-5.979454406045037e-14,-1.3616004471347237e-13,-5.374700255000122e-15,4.5872106239142695e-18,5.146901088477708e-18,4.175270509441672e-21,0.034127142,0.034127142,0.008531785499999995,0.008531785500000074,0.008531785500000003,0.008531785499999925,533.2849613480581,533.2849613480606,533.2849613480585,533.284961348056,-3.4369477231316985,1.0199706000001014,4.3279139259856985e-12,-1.8408670257513e-12,0.6292026560236811
9.81,attitude_only,1.199149672290638e-13,2.821957586552035e-13,2.618492911659181e-15,1.0,0.0,0.0,0.0,1.0,2.398299344581291e-13,5.643915173104064e-13,5.236985823386041e-15,0.0,0.0,0.0,-5.922971601172441e-14,-1.3522800967535298e-13,-5.764935511193832e-15,4.5017141255603685e-18,5.380739139487934e-18,4.175270509441672e-21,0.034127142,0.034127142,0.008531785499999993,0.008531785500000076,0.008531785500000007,0.008531785499999923,533.2849613480581,533.2849613480606,533.2849613480586,533.2849613480558,-3.5251410725288697,1.0199706000001014,4.366088079675291e-12,-1.8571108133502383e-12,0.5904235113225064
9.82,attitude_only,1.1962037577634683e-13,2.8152218047034667e-13,2.5884492158617822e-15,1.0,0.0,0.0,0.0,1.0,2.3924075155269513e-13,5.630443609406927e-13,5.176898431790916e-15,0.0,0.0,0.0,-5.865004260490382e-14,-1.3429571313893658e-13,-6.172173265907936e-15,4.392606463424661e-18,5.6049404271776024e-18,4.175270509441672e-21,0.034127142,0.034127142,0.008531785499999991,0.008531785500000076,0.008531785500000008,0.008531785499999923,533.284961348058,533.2849613480606,533.2849613480586,533.2849613480558,-3.613334422044935,1.0199706000001014,4.404317627002127e-12,-1.873378145955042e-12,0.5507624331214153
9.83,attitude_only,1.193288447101943e-13,2.808532527073976e-13,2.556444147360062e-15,1.0,0.0,0.0,0.0,1.0,2.3865768942039e-13,5.617065054147946e-13,5.1128882947871516e-15,0.0,0.0,0.0,-5.800984397239926e-14,-1.3338933585326513e-13,-6.592353220982305e-15,4.204466544143191e-18,5.851181042904484e-18,4.175270509441672e-21,0.034127142,0.034127142,0.008531785499999988,0.008531785500000078,0.008531785500000012,0.008531785499999923,533.2849613480579,533.2849613480607,533.2849613480587,533.2849613480558,-3.7015277716564863,1.0199706000001014,4.442602435794121e-12,-1.88966896693515e-12,0.5102194214203892
9.84,attitude_only,1.19040629404837e-13,2.801887222236096e-13,2.522624419952979e-15,1.0,0.0,0.0,0.0,1.0,2.380812588096754e-13,5.603774444472186e-13,5.045248839972666e-15,0.0,0.0,0.0,-5.73352754163911e-14,-1.3251306623291039e-13,-6.9514053871449695e-15,3.968337031097291e-18,6.124788160807841e-18,4.175270509441672e-21,0.034127142,0.034127142,0.008531785499999982,0.008531785500000078,0.008531785500000015,0.008531785499999922,533.2849613480578,533.2849613480607,533.2849613480588,533.2849613480558,-3.7897211213447157,1.0199706000001014,4.480942373012098e-12,-1.9059832209204742e-12,0.4687944762194138
9.85,attitude_only,1.1875575712959547e-13,2.7952844681127996e-13,2.488230175584995e-15,1.0,0.0,0.0,0.0,1.0,2.3751151425919236e-13,5.590568936225593e-13,4.976460351236381e-15,0.0,0.0,0.0,-5.67091366862686e-14,-1.3165252511240141e-13,-6.724749392068725e-15,3.784061921812959e-18,6.408664067321058e-18,4.175270509441672e-21,0.034127142,0.034127142,0.008531785499999979,0.008531785500000078,0.00853178550000002,0.008531785499999922,533.2849613480577,533.2849613480607,533.2849613480589,533.2849613480558,-3.87791447109451,1.0199706000001014,4.51933730719271e-12,-1.9223208517960784e-12,0.4264875975184778
9.86,attitude_only,1.1847363177486407e-13,2.788729268976214e-13,2.4551330188461315e-15,1.0,0.0,0.0,0.0,1.0,2.369472635497295e-13,5.577458537952422e-13,4.910266037758341e-15,0.0,0.0,0.0,-5.620499074111487e-14,-1.306333489802794e-13,-6.440487916895798e-15,3.741136695039632e-18,6.491986198577407e-18,4.175270509441672e-21,0.034127142,0.034127142,0.008531785499999979,0.008531785500000078,0.00853178550000002,0.008531785499999922,533.2849613480577,533.2849613480607,533.2849613480589,533.2849613480558,-3.9661078208937317,1.0199706000001014,4.557787111631038e-12,-1.9386817997269345e-12,0.38329878531757255
9.870000000000001,attitude_only,1.1819354587206613e-13,2.782229597109091e-13,2.4238192211948002e-15,1.0,0.0,0.0,0.0,1.0,2.363870917441336e-13,5.564459194218176e-13,4.8476384424553685e-15,0.0,0.0,0.0,-5.588013318564032e-14,-1.2945812384851262e-13,-6.2345800457570994e-15,3.910108960326653e-18,6.376297278942629e-18,4.175270509441672e-21,0.034127142,0.034127142,0.00853178549999998,0.00853178550000008,0.008531785500000019,0.008531785499999922,533.2849613480577,533.2849613480607,533.2849613480589,533.2849613480558,-4.054301170732473,1.0199706000001014,4.596291663223659e-12,-1.955066004598814e-12,0.3392280396166913
9.88,attitude_only,1.179149968836024e-13,2.775790632229985e-13,2.3934081699379718e-15,1.0,0.0,0.0,0.0,1.0,2.358299937672061e-13,5.551581264459964e-13,4.786816339941405e-15,0.0,0.0,0.0,-5.5599838294538696e-14,-1.282131456162774e-13,-5.923896180512439e-15,4.12975347395007e-18,6.164454856423097e-18,4.175270509441672e-21,0.034127142,0.034127142,0.008531785499999984,0.00853178550000008,0.008531785500000015,0.00853178549999992,533.2849613480578,533.2849613480607,533.2849613480588,533.2849613480558,-4.142494520603249,1.0199706000001014,4.6348508382860715e-12,-1.9714734074731493e-12,0.29427536041582875
9.89,attitude_only,1.1763753080544147e-13,2.769416377162349e-13,2.3638752139899347e-15,1.0,0.0,0.0,0.0,1.0,2.3527506161088425e-13,5.538832754324692e-13,4.727750428045027e-15,0.0,0.0,0.0,-5.541814040035539e-14,-1.2688899476017527e-13,-5.936868832949636e-15,4.465897404933658e-18,5.844363776702267e-18,4.175270509441672e-21,0.034127142,0.034127142,0.00853178549999999,0.00853178550000008,0.00853178550000001,0.00853178549999992,533.284961348058,533.2849613480607,533.2849613480586,533.2849613480558,-4.230687870499581,1.0199706000001014,4.673464513164248e-12,-1.9879039507126935e-12,0.2484407477149806
9.9,zero_thrust,1.507009556575086e-13,3.5470953680133616e-13,2.3332295181042784e-15,1.0,0.0,0.0,0.0,1.0,3.014019113150189e-13,7.094190736026716e-13,4.666459036315467e-15,0.0,0.0,0.0,1.4403952389303216e-11,3.38752941545983e-11,-6.31816128279129e-15,0.0,0.0,0.0,0.0,0.0,0.0,0.0,0.0,0.0,0.0,0.0,0.0,0.0,-5.216212564885331,1.0199706000001014,4.7120991838422595e-12,-2.004343118971541e-12,0.20264919100284806
9.91,zero_thrust,2.3779089901750093e-13,5.595291383037552e-13,2.301534014522469e-15,1.0,0.0,0.0,0.0,1.0,4.755817980350045e-13,1.1190582766075093e-12,4.60306802931104e-15,0.0,0.0,0.0,1.9474644957723747e-11,4.580097375013731e-11,-6.2833090158776986e-15,0.0,0.0,0.0,0.0,0.0,0.0,0.0,0.0,0.0,0.0,0.0,0.0,0.0,-4.551365211883172,1.0199706000001014,4.763327903568747e-12,-2.0261327253453587e-12,0.17426955400472893
9.92,zero_thrust,3.364253230253776e-13,7.915006266950249e-13,2.2706817795143817e-15,1.0,0.0,0.0,0.0,1.0,6.728506460507588e-13,1.5830012533900482e-12,4.541363559561325e-15,0.0,0.0,0.0,1.8862241741393195e-11,4.43609058552688e-11,-6.067486722265231e-15,0.0,0.0,0.0,0.0,0.0,0.0,0.0,0.0,0.0,0.0,0.0,0.0,0.0,-3.558030225280212,1.0199706000001014,4.850616251962827e-12,-2.0632467969906114e-12,0.17842265121604514
9.93,zero_thrust,4.1740277277281085e-13,9.819468132137594e-13,2.240693791260803e-15,1.0,0.0,0.0,0.0,1.0,8.348055455456262e-13,1.9638936264275167e-12,4.481387583341341e-15,0.0,0.0,0.0,1.3838492607956422e-11,3.254606164038011e-11,-5.930749044606915e-15,0.0,0.0,0.0,0.0,0.0,0.0,0.0,0.0,0.0,0.0,0.0,0.0,0.0,-2.191312473424132,1.0199706000001014,4.982665177418839e-12,-2.1193859974067395e-12,0.21117823655604634
9.94,zero_thrust,4.820048243358884e-13,1.1338826038646778e-12,2.2110613388122838e-15,1.0,0.0,0.0,0.0,1.0,9.640096486717818e-13,2.2677652077293536e-12,4.4221226787176416e-15,0.0,0.0,0.0,1.2867759561599197e-11,3.02633870165562e-11,-5.908702894454201e-15,0.0,0.0,0.0,0.0,0.0,0.0,0.0,0.0,0.0,0.0,0.0,0.0,0.0,-0.9011701235473335,1.0199706000001014,5.134547372331165e-12,-2.183955699049159e-12,0.253772229315644
9.95,zero_thrust,5.463436173092399e-13,1.2852000096158797e-12,2.1817959884673695e-15,1.0,0.0,0.0,0.0,1.0,1.0926872346184855e-12,2.570400019231757e-12,4.3635919783390605e-15,0.0,0.0,0.0,1.2867766496829533e-11,3.0263531905490205e-11,-5.800625211978671e-15,0.0,0.0,0.0,0.0,0.0,0.0,0.0,0.0,0.0,0.0,0.0,0.0,0.0,0.10850270193210698,1.0199706000001014,5.2861607112217694e-12,-2.248411115032259e-12,0.2952441693541418
9.952,hover,6.106825015614997e-13,1.436517922233479e-12,2.1528361735761763e-15,1.0,0.0,0.0,0.0,1.0,1.2213650031230057e-12,2.873035844466955e-12,4.305672348906865e-15,-1.2213650031229994e-12,-2.873035844466958e-12,-4.3056723471523525e-15,1.2867788006180719e-11,3.0263622168006985e-11,-5.776412115598104e-15,-3.020992439204319e-14,-7.105718712637278e-14,-4.4806758979312934e-17,0.34127141999999994,0.34127141999999994,0.0853178550003158,0.08531785499921979,0.0853178549996879,0.08531785500077645,1686.3951197778433,1686.3951197670115,1686.395119771638,1686.395119782396,2.7869012978426464,1.0199706000001014,5.437798067159242e-12,-2.3128767397163746e-12,0.33574565639859777
9.97,hover,6.748069087346864e-13,1.5873312361626466e-12,2.086819363573034e-15,1.0,0.0,0.0,0.0,1.0,1.3496138174693795e-12,3.1746624723252904e-12,4.173638729288352e-15,-1.3496138174693729e-12,-3.1746624723252933e-12,-4.173638727146068e-15,1.2705789674053955e-11,2.9882538568598644e-11,-2.1637150046547465e-14,-3.2026146866925025e-14,-7.532873128063614e-14,-2.4551256292146735e-17,0.34127141999999994,0.34127141999999994,0.08531785500033383,0.08531785499917384,0.08531785499966818,0.08531785500082409,1686.3951197780216,1686.3951197665574,1686.395119771443,1686.395119782867,2.6946281587418572,1.0199706000001014,5.589470359543576e-12,-2.3773572165692055e-12,0.3752797616383585
9.98,hover,7.356908817736837e-13,1.7305229825401353e-12,1.9502416295483862e-15,1.0,0.0,0.0,0.0,1.0,1.471381763547374e-12,3.4610459650802677e-12,3.9004832616430324e-15,-1.4713817635473673e-12,-3.4610459650802705e-12,-3.9004832590967724e-15,1.1555989820617908e-11,2.717818169603635e-11,-3.049500768595795e-14,-3.2370300470298615e-14,-7.61379913600895e-14,-1.072905975731271e-17,0.34127141999999994,0.34127141999999994,0.08531785500033683,0.08531785499916555,0.08531785499966403,0.08531785500083353,1686.3951197780511,1686.3951197664755,1686.395119771402,1686.3951197829601,2.9293054118510673,1.0199706000001014,5.741503941624703e-12,-2.441991283498023e-12,0.41395990588123677
9.99,hover,7.874345859014961e-13,1.8522148894923035e-12,1.790570370848409e-15,1.0,0.0,0.0,0.0,1.0,1.5748691718029989e-12,3.704429778984605e-12,3.581140744613814e-15,-1.5748691718029922e-12,-3.704429778984607e-12,-3.581140741696818e-15,9.19225381727528e-12,2.161759319056051e-11,-3.237329209687927e-14,-3.1025075620708e-14,-7.297250983017459e-14,-4.6773894086085605e-18,0.34127141999999994,0.34127141999999994,0.08531785500032259,0.08531785499920047,0.08531785499967777,0.08531785500079911,1686.3951197779104,1686.3951197668207,1686.3951197715378,1686.39511978262,3.104512558672987,1.0199706000001014,5.894620213117569e-12,-2.507085628258028e-12,0.4520133173408426
10.0,hover,8.245934237493374e-13,1.939593204099149e-12,1.6310373327865207e-15,1.0,0.0,0.0,0.0,1.0,1.6491868474986811e-12,3.879186408198295e-12,3.262074668771793e-15,-1.6491868474986749e-12,-3.879186408198298e-12,-3.2620746655730413e-15,5.878945625114714e-12,1.3822609539265512e-11,-3.1426132388621307e-14,-2.8164626039464525e-14,-6.624175373539735e-14,-1.997134287703887e-18,0.34127141999999994,0.34127141999999994,0.08531785500029272,0.0853178549992743,0.08531785499970741,0.0853178550007255,1686.3951197776153,1686.3951197675503,1686.3951197718307,1686.3951197818926,3.236279198725166,1.0199706000001014,6.049571585386968e-12,-2.572960150755819e-12,0.4896467749301806
10.01,hover,8.434798143069445e-13,1.983989420286572e-12,1.4757050379600286e-15,1.0,0.0,0.0,0.0,1.0,1.6869596286138948e-12,3.967978840573142e-12,2.951410079266967e-15,-1.686959628613889e-12,-3.967978840573144e-12,-2.951410075920057e-15,2.007515585923162e-12,4.716613256183267e-12,-3.074611968035692e-14,-2.416095448453785e-14,-5.682403140081596e-14,9.271457274262158e-19,0.34127141999999994,0.34127141999999994,0.08531785500025099,0.08531785499937758,0.0853178549997489,0.08531785500062247,1686.3951197772028,1686.395119768571,1686.3951197722408,1686.3951197808742,3.336308532607845,1.0199706000001014,6.206974051537527e-12,-2.639876732113955e-12,0.5270110336115654
10.017,attitude_only,8.320643371181252e-13,1.9570959722008054e-12,1.2382515784948211e-15,1.0,0.0,0.0,0.0,1.0,1.6641286742362552e-12,3.914191944401608e-12,2.476503160246502e-15,-1.6641286742362503e-12,-3.914191944401611e-12,-0.0,-4.435803873720671e-12,-1.044000049273849e-11,-2.898806609043892e-14,-1.6240438060514077e-14,-3.8191565580710383e-14,-5.512769779613977e-19,0.034127142,0.034127142,0.008531785500168738,0.008531785499581617,0.008531785499831308,0.008531785500418337,533.2849613533318,533.2849613349827,533.2849613427861,533.2849613611326,5.1487680473858966,1.0199706000001014,6.367261872503054e-12,-2.708019994747685e-12,0.5642068519310611
10.03,attitude_only,8.212052555376223e-13,1.9315397534636176e-12,1.1805058979728204e-15,1.0,0.0,0.0,0.0,1.0,1.6424105110752492e-12,3.8630795069272336e-12,2.361011799118022e-15,-1.6424105110752446e-12,-3.863079506927235e-12,-0.0,-6.026883169816028e-12,-1.4183544518247479e-11,-2.899036586869706e-14,-1.4205688832499749e-14,-3.340377775757041e-14,-5.512769779613977e-19,0.034127142,0.034127142,0.008531785500147578,0.008531785499634055,0.008531785499852469,0.0085317855003659,533.2849613526705,533.2849613366214,533.2849613434475,533.2849613594936,4.6896593628896,1.0199706000001014,6.530689661463908e-12,-2.7774982256517376e-12,0.6012987720548182
10.04,attitude_only,7.799575540182752e-13,1.8344765533684956e-12,1.0296601969231847e-15,1.0,0.0,0.0,0.0,1.0,1.5599151080365543e-12,3.66895310673699e-12,2.059320396707997e-15,-1.5599151080365505e-12,-3.668953106736991e-12,-0.0,-1.0059771308452717e-11,-2.3670921497464087e-11,-3.0966715996401265e-14,-8.431672027390524e-15,-1.9819594675926614e-14,-5.512769779613977e-19,0.034127142,0.034127142,0.00853178550008755,0.00853178549978284,0.008531785499912497,0.008531785500217114,533.2849613507944,533.2849613412715,533.2849613453236,533.2849613548437,4.2797497604372445,1.0199706000001014,6.697080648488129e-12,-2.848236312675861e-12,0.6382603309636107
10.05,attitude_only,7.19090613001918e-13,1.6912685179660756e-12,8.730815610635168e-16,1.0,0.0,0.0,0.0,1.0,1.438181226003839e-12,3.38253703593215e-12,1.7461631245593843e-15,-1.438181226003836e-12,-3.382537035932151e-12,-0.0,-1.3812844143370768e-11,-3.2496988668088555e-11,-3.1129286528061614e-14,-2.472867722262964e-15,-5.8046050384315e-15,-5.512769779613977e-19,0.034127142,0.034127142,0.00853178550002563,0.008531785499936356,0.008531785499974416,0.008531785500063596,533.2849613488593,533.2849613460692,533.2849613472587,533.2849613500458,4.156416289029997,1.0199706000001014,6.865548427679873e-12,-2.9198573821814473e-12,0.67489115499762
10.06,attitude_only,6.412737809781167e-13,1.5082019554733191e-12,7.181179880983464e-16,1.0,0.0,0.0,0.0,1.0,1.2825475619562356e-12,3.0164039109466374e-12,1.4362359781310335e-15,-1.2825475619562334e-12,-3.0164039109466382e-12,-0.0,-1.6864274625864247e-11,-3.9672326588515537e-11,-3.096580401535945e-14,3.096840815363459e-15,7.29448084069752e-15,-5.512769779613977e-19,0.034127142,0.034127142,0.00853178549996776,0.008531785500079844,0.008531785500032285,0.00853178549992011,533.2849613470507,533.2849613505537,533.2849613490673,533.2849613455616,4.04785689083793,1.0199706000001014,7.035394574137085e-12,-2.9920644807996636e-12,0.7110273479783158
10.07,attitude_only,5.505876716993094e-13,1.2948750565659089e-12,5.613932290866799e-16,1.0,0.0,0.0,0.0,1.0,1.1011753433986202e-12,2.589750113131817e-12,1.1227864595992442e-15,-1.1011753433986188e-12,-2.5897501131318178e-12,-0.0,-1.9036005099301796e-11,-4.477860602834127e-11,-3.160929783101655e-14,7.959626522833045e-15,1.8730672791236473e-14,-5.512769779613977e-19,0.034127142,0.034127142,0.008531785499917238,0.008531785500205117,0.008531785500082809,0.008531785499794838,533.2849613454717,533.2849613544688,533.2849613506463,533.2849613416464,3.94889419154013,1.0199706000001014,7.206170755436842e-12,-3.0646669997760974e-12,0.7465577819218043
10.08,attitude_only,4.5154299167459523e-13,1.0618964433363246e-12,4.022119222829354e-16,1.0,0.0,0.0,0.0,1.0,9.030859833491913e-13,2.1237928866726488e-12,8.044238455248546e-16,-9.030859833491905e-13,-2.123792886672649e-12,-0.0,-2.03042017907392e-11,-4.77599233826948e-11,-3.212155361116125e-14,1.197126829272354e-14,2.8164960279130407e-14,-5.512769779613977e-19,0.034127142,0.034127142,0.00853178549987556,0.008531785500308461,0.008531785500124487,0.008531785499691493,533.2849613441691,533.2849613576985,533.2849613519488,533.2849613384166,3.8560782510097216,1.0199706000001014,7.377590838980883e-12,-3.1375432898371684e-12,0.7814059268106844
10.09,attitude_only,3.485169910370046e-13,8.195613590847003e-13,2.398576233193442e-16,1.0,0.0,0.0,0.0,1.0,6.970339820740096e-13,1.6391227181694003e-12,4.797152472099505e-16,0.0,0.0,0.0,-2.07282170510042e-11,-4.8755598551243674e-11,-3.2675062654966255e-14,2.352440057574186e-14,5.5332841106973264e-14,-5.512769779613977e-19,0.034127142,0.034127142,0.008531785499755546,0.008531785500606067,0.0085317855002445,0.008531785499393886,533.2849613404184,533.2849613669996,533.2849613556996,533.2849613291155,3.7671091915580606,1.0199706000001014,7.549472300034307e-12,-3.2106157483573803e-12,0.8155182563481979
10.1,attitude_only,2.4565616138678276e-13,5.776239416469846e-13,7.597698928521479e-17,1.0,0.0,0.0,0.0,1.0,4.913123227735656e-13,1.1552478832939693e-12,1.5195397885422335e-16,0.0,0.0,0.0,-2.028447132951613e-11,-4.7709950788183815e-11,-3.267646234762182e-14,2.3194750423251338e-14,5.4555163299183264e-14,-5.512769779613977e-19,0.034127142,0.034127142,0.00853178549975899,0.008531785500597557,0.008531785500241057,0.008531785499402396,533.284961340526,533.2849613667337,533.284961355592,533.2849613293815,3.680457608141127,1.0199706000001014,7.721699980050031e-12,-3.2838354081369123e-12,0.8488567690929311
10.11,attitude_only,1.477348146131827e-13,3.473136766517314e-13,-8.927587088560961e-17,1.0,0.0,0.0,0.0,1.0,2.9546962922636533e-13,6.946273533034628e-13,-1.7855174166859858e-16,0.0,0.0,0.0,-1.8894187788166228e-11,-4.443818742758589e-11,-3.362891947612322e-14,2.1715352051513114e-14,5.1073429140741606e-14,-5.512769779613977e-19,0.034127142,0.034127142,0.008531785499774378,0.008531785500559426,0.008531785500225667,0.008531785499440527,533.284961341007,533.2849613655419,533.284961355111,533.2849613305732,3.5951127943643617,1.0199706000001014,7.894218032240338e-12,-3.3571785212371174e-12,0.8813941044855034
10.12,attitude_only,5.8629002244801e-14,1.3774581927979048e-13,-2.576939495691198e-16,1.0,0.0,0.0,0.0,1.0,1.1725800448960192e-13,2.75491638559581e-13,-5.153878991220878e-16,0.0,0.0,0.0,-1.6871083264206177e-11,-3.967840732880849e-11,-3.359838198952454e-14,1.945633745540311e-14,4.57584770954968e-14,-5.512769779613977e-19,0.034127142,0.034127142,0.008531785499797866,0.008531785500501213,0.008531785500202178,0.008531785499498741,533.2849613417411,533.2849613637227,533.284961354377,533.2849613323925,3.510414339633163,1.0199706000001014,8.066994350072326e-12,-3.4306314375506752e-12,0.913110309692592
10.13,attitude_only,-1.924804746507068e-14,-4.540681483039073e-14,-4.2646847207368604e-16,1.0,0.0,0.0,0.0,1.0,-3.849609493014132e-14,-9.081362966078148e-14,-8.529369441456241e-16,0.0,0.0,0.0,-1.4478526877950169e-11,-3.405036776716092e-11,-3.400470522518884e-14,1.6730055060675427e-14,3.9345333299191375e-14,-5.512769779613977e-19,0.034127142,0.034127142,0.008531785499826203,0.008531785500430968,0.008531785500173842,0.008531785499568985,533.2849613426266,533.2849613615273,533.2849613534913,533.2849613345878,3.425938630653473,1.0199706000001014,8.239998226954164e-12,-3.504181107291113e-12,0.9439906676399384
10.14,attitude_only,-8.463776437649393e-14,-1.991870068927072e-13,-5.976790793001718e-16,1.0,0.0,0.0,0.0,1.0,-1.6927552875298764e-13,-3.983740137854145e-13,-1.195358158566626e-15,0.0,0.0,0.0,-1.1922471946576034e-11,-2.8038229589935668e-11,-3.448895129222634e-14,1.378201386249222e-14,3.241114978242043e-14,-5.512769779613977e-19,0.034127142,0.034127142,0.00853178549985684,0.008531785500355014,0.008531785500143205,0.00853178549964494,533.2849613435842,533.2849613591535,533.2849613525339,533.2849613369616,3.341421858782424,1.0199706000001014,8.413198644383972e-12,-3.577814348426231e-12,0.97402421535292
10.15,attitude_only,-1.3717541682595215e-13,-3.2273734356068285e-13,-7.716006700873349e-16,1.0,0.0,0.0,0.0,1.0,-2.743508336519038e-13,-6.454746871213659e-13,-1.5432013400861265e-15,0.0,0.0,0.0,-9.360811571157605e-12,-2.2012856714675898e-11,-3.4917741973594996e-14,1.080162952770168e-14,2.5400830899255463e-14,-5.512769779613977e-19,0.034127142,0.034127142,0.008531785499887815,0.008531785500278227,0.008531785500112231,0.008531785499721728,533.2849613445522,533.2849613567537,533.2849613515658,533.2849613393615,3.2567075266019585,1.0199706000001014,8.586563918687965e-12,-3.6515176893485266e-12,1.0032027173317204
10.16,attitude_only,-1.771721469159001e-13,-4.1679037232012707e-13,-9.458851277183734e-16,1.0,0.0,0.0,0.0,1.0,-3.543442938317994e-13,-8.335807446402544e-13,-1.8917702552890595e-15,0.0,0.0,0.0,-6.911347082796356e-12,-1.6251616514129603e-11,-3.473902838639442e-14,7.931385612496143e-15,1.8649858823741203e-14,-5.512769779613977e-19,0.034127142,0.034127142,0.008531785499917642,0.008531785500204277,0.008531785500082404,0.008531785499795675,533.2849613454844,533.2849613544425,533.2849613506337,533.2849613416726,3.171710539087693,1.0199706000001014,8.76006199791156e-12,-3.72527750181989e-12,1.0315199432220261
10.17,attitude_only,-2.0543449739363337e-13,-4.832446657627736e-13,-1.1204987282250348e-15,1.0,0.0,0.0,0.0,1.0,-4.108689947872657e-13,-9.664893315255475e-13,-2.240997456251519e-15,0.0,0.0,0.0,-4.658793292287477e-12,-1.095387180597587e-11,-3.5093880701250784e-14,5.2749089968083624e-15,1.2402103892016478e-14,-5.512769779613977e-19,0.034127142,0.034127142,0.008531785499945243,0.00853178550013584,0.008531785500054801,0.008531785499864112,533.284961346347,533.2849613523038,533.284961349771,533.2849613438115,3.086392608684969,1.0199706000001014,8.933661086663594e-12,-3.799080269638322e-12,1.0589711520927663
10.18,attitude_only,-2.2311496002811017e-13,-5.248121292563309e-13,-1.2969754291538546e-15,1.0,0.0,0.0,0.0,1.0,-4.4622992005621897e-13,-1.0496242585126625e-12,-2.5939508580735225e-15,0.0,0.0,0.0,-2.66038829341398e-12,-6.2540538538994984e-12,-3.545377022440797e-14,2.903426881094306e-15,6.8248628880638266e-15,-5.512769779613977e-19,0.034127142,0.034127142,0.008531785499969883,0.008531785500074747,0.008531785500030163,0.008531785499925205,533.284961347117,533.2849613503944,533.2849613490009,533.2849613457207,3.0007454289736426,1.0199706000001014,9.107330384778074e-12,-3.8729128994373725e-12,1.085552719194049
10.19,attitude_only,-2.315871463717324e-13,-5.447241331837578e-13,-1.4735240948032597e-15,1.0,0.0,0.0,0.0,1.0,-4.631742927434632e-13,-1.0894482663675162e-12,-2.947048189354217e-15,0.0,0.0,0.0,-9.504157830608358e-13,-2.232677722632391e-12,-3.5142160184003855e-14,8.609640265011413e-16,2.0215383077696216e-15,-5.512769779613977e-19,0.034127142,0.034127142,0.008531785499991102,0.008531785500022131,0.008531785500008942,0.008531785499977821,533.2849613477803,533.28496134875,533.2849613483378,533.2849613473652,2.9147792093608436,1.0199706000001014,9.281040809516032e-12,-3.946763026442239e-12,1.111261862503145
10.2,attitude_only,-2.323424411887285e-13,-5.464887097928848e-13,-1.6485361498589294e-15,1.0,0.0,0.0,0.0,1.0,-4.646848823774551e-13,-1.0929774195857705e-12,-3.297072299463914e-15,0.0,0.0,0.0,4.558387722596476e-13,1.0742032961859553e-12,-3.497924518122689e-14,-8.31099827606035e-16,-1.9574609477742533e-15,-5.512769779613977e-19,0.034127142,0.034127142,0.00853178550000868,0.008531785499978545,0.008531785499991366,0.00853178550002141,533.2849613483296,533.2849613473877,533.2849613477885,533.2849613487274,2.828514921567815,1.0199706000001014,9.454765615926009e-12,-4.020619278806343e-12,1.1360964402071014
10.21,attitude_only,-2.2690480810369092e-13,-5.336908973601124e-13,-1.8236394869049893e-15,1.0,0.0,0.0,0.0,1.0,-4.538096162073799e-13,-1.0673817947202256e-12,-3.647278973567785e-15,0.0,0.0,0.0,1.5584827569791426e-12,3.66694846500497e-12,-3.5290982105931e-14,-2.1698574368392227e-15,-5.105424635007126e-15,-5.512769779613977e-19,0.034127142,0.034127142,0.008531785500022586,0.00853178549994406,0.00853178549997746,0.008531785500055894,533.2849613487641,533.28496134631,533.2849613473538,533.2849613498051,2.7419791195037266,1.0199706000001014,9.628480883673702e-12,-4.094471487359277e-12,1.1600547993195789
10.22,attitude_only,-2.1676256604202716e-13,-5.098314126405911e-13,-2.001469243782009e-15,1.0,0.0,0.0,0.0,1.0,-4.335251320840523e-13,-1.019662825281183e-12,-4.002938487342993e-15,0.0,0.0,0.0,2.369951894530694e-12,5.574812137749159e-12,-3.578342435465871e-14,-3.1673199208463905e-15,-7.450609163677644e-15,-5.512769779613977e-19,0.034127142,0.034127142,0.008531785500032944,0.008531785499918369,0.008531785499967103,0.008531785500081586,533.2849613490879,533.2849613455071,533.2849613470302,533.2849613506081,2.655200541759938,1.0199706000001014,9.802165856154734e-12,-4.168310826792943e-12,1.1831356616274262
10.23,attitude_only,-2.0330967217012097e-13,-4.781881990981849e-13,-2.180998456555719e-15,1.0,0.0,0.0,0.0,1.0,-4.066193443402399e-13,-9.563763981963706e-13,-4.361996912916997e-15,0.0,0.0,0.0,2.9146155522393142e-12,6.855343681466494e-12,-3.5725784303545855e-14,-3.850062465619128e-15,-9.055800452953109e-15,-5.512769779613977e-19,0.034127142,0.034127142,0.008531785500040034,0.008531785499900784,0.008531785499960013,0.00853178550009917,533.2849613493095,533.2849613449575,533.2849613468086,533.2849613511577,2.5682079448041373,1.0199706000001014,9.975803190321042e-12,-4.24212992133081e-12,1.205338037197235
10.24,attitude_only,-1.8780583163736229e-13,-4.4172377866711745e-13,-2.3592938743547735e-15,1.0,0.0,0.0,0.0,1.0,-3.756116632747225e-13,-8.834475573342358e-13,-4.718587748543631e-15,0.0,0.0,0.0,3.2188362236692913e-12,7.57034365275623e-12,-3.5612584410217144e-14,-4.247315633571792e-15,-9.989503855028352e-15,-5.512769779613977e-19,0.034127142,0.034127142,0.008531785500044157,0.008531785499890554,0.00853178549995589,0.0085317855001094,533.2849613494383,533.2849613446377,533.2849613466797,533.2849613514774,2.4810287804639515,1.0199706000001014,1.0149379053231696e-11,-4.315922888216927e-12,1.2266611584282667
10.25,attitude_only,-1.7136994977198542e-13,-4.0306959080883583e-13,-2.536300694956433e-15,1.0,0.0,0.0,0.0,1.0,-3.4273989954396883e-13,-8.061391816176726e-13,-5.072601389774718e-15,0.0,0.0,0.0,3.3141909526454603e-12,7.794164260876993e-12,-3.524126278351019e-14,-4.394883217869649e-15,-1.0336030227382036e-14,-5.512769779613977e-19,0.034127142,0.034127142,0.008531785500045685,0.008531785499886755,0.00853178549995436,0.008531785500113197,533.284961349486,533.284961344519,533.2849613466319,533.284961351596,2.393688446816134,1.0199706000001014,1.0322882649712081e-11,-4.389685137146882e-12,1.247104429550515
10.26,attitude_only,-1.549499010046506e-13,-3.6445470249400666e-13,-2.7139091859670126e-15,1.0,0.0,0.0,0.0,1.0,-3.098998020092992e-13,-7.289094049880141e-13,-5.427818371821081e-15,0.0,0.0,0.0,3.2358997500924542e-12,7.609675500468895e-12,-3.585851124722188e-14,-4.3332927723069655e-15,-1.0190740469897006e-14,-5.512769779613977e-19,0.034127142,0.034127142,0.008531785500045042,0.008531785499888346,0.008531785499955003,0.008531785500111607,533.284961349466,533.2849613445688,533.284961346652,533.2849613515464,2.3062099227220667,1.0199706000001014,1.0496306251038207e-11,-4.4634133813926224e-12,1.2666673878139725
10.27,attitude_only,-1.3931585756690762e-13,-3.2768989719569746e-13,-2.8928246946738662e-15,1.0,0.0,0.0,0.0,1.0,-2.786317151338133e-13,-6.553797943913957e-13,-5.785649389256427e-15,0.0,0.0,0.0,3.0195629536048977e-12,7.1006284820991194e-12,-3.564401566298703e-14,-4.103884246057946e-15,-9.650890332674265e-15,-5.512769779613977e-19,0.034127142,0.034127142,0.008531785500042657,0.008531785499894258,0.008531785499957388,0.008531785500105695,533.2849613493914,533.2849613447536,533.2849613467266,533.2849613513615,2.2186136534647556,1.0199706000001014,1.0669644926748687e-11,-4.5371055231479055e-12,1.2853496735783272
10.28,attitude_only,-1.2506199297627868e-13,-2.9417224396994894e-13,-3.0702800464896264e-15,1.0,0.0,0.0,0.0,1.0,-2.5012398595255553e-13,-5.883444879398987e-13,-6.1405600929056734e-15,0.0,0.0,0.0,2.6998281105904155e-12,6.348432371612089e-12,-3.545212813189431e-14,-3.7472007155464705e-15,-8.811739323805946e-15,-5.512769779613977e-19,0.034127142,0.034127142,0.008531785500038948,0.00853178549990345,0.008531785499961097,0.008531785500096504,533.2849613492755,533.2849613450409,533.2849613468425,533.2849613510743,2.13091759540873,1.0199706000001014,1.084289619554646e-11,-4.610760506584967e-12,1.303151007210173
10.29,attitude_only,-1.1261519015829675e-13,-2.649054262713005e-13,-3.248386917290996e-15,1.0,0.0,0.0,0.0,1.0,-2.252303803165918e-13,-5.298108525426017e-13,-6.4967738345223275e-15,0.0,0.0,0.0,2.3090094069006667e-12,5.429167642992578e-12,-3.583272839119808e-14,-3.3013083651877784e-15,-7.762913325892459e-15,-5.512769779613977e-19,0.034127142,0.034127142,0.008531785500034314,0.008531785499914938,0.008531785499965732,0.008531785500085015,533.2849613491306,533.2849613453999,533.2849613469873,533.2849613507153,2.0431373562557673,1.0199706000001014,1.1016059640849316e-11,-4.684378154291897e-12,1.3200711712066149
10.3,attitude_only,-1.0224937943310112e-13,-2.405321482306185e-13,-3.427985258227079e-15,1.0,0.0,0.0,0.0,1.0,-2.044987588662006e-13,-4.810642964612377e-13,-6.855970516404969e-15,0.0,0.0,0.0,1.8762034176728854e-12,4.41165163861593e-12,-3.5878446056019925e-14,-2.800703212291173e-15,-6.586010637026648e-15,-5.512769779613977e-19,0.034127142,0.034127142,0.008531785500029117,0.008531785499927832,0.00853178549997093,0.008531785500072123,533.2849613489683,533.2849613458028,533.2849613471498,533.2849613503123,1.9552863877427258,1.0199706000001014,1.1189136510128922e-11,-4.757958993211109e-12,1.3361099963435201
10.31,attitude_only,-9.410249961148888e-14,-2.2137406100996417e-13,-3.606819246664404e-15,1.0,0.0,0.0,0.0,1.0,-1.8820499922297618e-13,-4.42748122019929e-13,-7.213638493287144e-15,0.0,0.0,0.0,1.4270472308119797e-12,3.3561325950080894e-12,-3.568446254837532e-14,-2.2759862603662054e-15,-5.352949110647319e-15,-5.512769779613977e-19,0.034127142,0.034127142,0.008531785500023672,0.008531785499941342,0.008531785499976373,0.008531785500058613,533.2849613487981,533.284961346225,533.2849613473198,533.2849613498901,1.8673762019332072,1.0199706000001014,1.1362129325765202e-11,-4.831504088076105e-12,1.3512673509304711
10.32,attitude_only,-8.819452818396929e-14,-2.0747796397421092e-13,-3.786092367807518e-15,1.0,0.0,0.0,0.0,1.0,-1.76389056367937e-13,-4.149559279484225e-13,-7.572184735578438e-15,0.0,0.0,0.0,9.832922699862748e-13,2.3131346820796928e-12,-3.619690902673825e-14,-1.7533132300752223e-15,-4.1244829619540406e-15,-5.512769779613977e-19,0.034127142,0.034127142,0.008531785500018247,0.0085317854999548,0.008531785499981797,0.008531785500045153,533.2849613486286,533.2849613466457,533.2849613474895,533.2849613494694,1.7794165923053624,1.0199706000001014,1.1535041510946703e-11,-4.9050148931436626e-12,1.3655431324684106
10.33,attitude_only,-8.44493134883229e-14,-1.9866504578521183e-13,-3.96768418116023e-15,1.0,0.0,0.0,0.0,1.0,-1.6889862697664423e-13,-3.973300915704243e-13,-7.935368362286904e-15,0.0,0.0,0.0,5.622090403169487e-13,1.323446801882027e-12,-3.625357359266841e-14,-1.2536354448752003e-15,-2.9500919737356613e-15,-5.512769779613977e-19,0.034127142,0.034127142,0.008531785500013062,0.008531785499967668,0.008531785499986984,0.008531785500032286,533.2849613484665,533.2849613470479,533.2849613476515,533.2849613490673,1.6914158478425219,1.0199706000001014,1.1707877041675747e-11,-4.9784931000021595e-12,1.378937261168322
10.34,attitude_only,-8.271793230390055e-14,-1.945853919392109e-13,-4.148789489314076e-15,1.0,0.0,0.0,0.0,1.0,-1.654358646077995e-13,-3.8917078387842253e-13,-8.29757897859596e-15,0.0,0.0,0.0,1.7576099461629894e-13,4.1516054645267914e-13,-3.607378660784032e-14,-7.916553999805837e-16,-1.864300072684971e-15,-5.512769779613977e-19,0.034127142,0.034127142,0.008531785500008267,0.008531785499979563,0.008531785499991779,0.00853178550002039,533.2849613483166,533.2849613474195,533.2849613478014,533.2849613486956,1.6033809531694867,1.0199706000001014,1.1880640114872324e-11,-5.051940493712461e-12,1.3914496749130951
10.35,attitude_only,-8.279905504525665e-14,-1.9476567146959634e-13,-4.330407315361388e-15,1.0,0.0,0.0,0.0,1.0,-1.655981100905116e-13,-3.895313429391934e-13,-8.660814630690523e-15,0.0,0.0,0.0,-1.6565439010172556e-13,-3.872622008187492e-13,-3.660170813264178e-14,-3.803003944179371e-16,-8.975201539510694e-16,-5.512769779613977e-19,0.034127142,0.034127142,0.008531785500003998,0.008531785499990155,0.008531785499996048,0.008531785500009798,533.2849613481833,533.2849613477506,533.2849613479348,533.2849613483645,1.5153177710658925,1.0199706000001014,1.2053334854662538e-11,-5.1253588277243044e-12,1.40308032533961
10.36,attitude_only,-8.444724566630604e-14,-1.986296086313071e-13,-4.515105541414521e-15,1.0,0.0,0.0,0.0,1.0,-1.688944913326103e-13,-3.97259217262615e-13,-9.030211082795495e-15,0.0,0.0,0.0,-4.555735079242343e-13,-1.0688940324963566e-12,-3.7184432065946875e-14,-2.784171795168436e-17,-6.887301561297699e-17,-5.512769779613977e-19,0.034127142,0.034127142,0.008531785500000338,0.008531785499999233,0.008531785499999707,0.00853178550000072,533.2849613480688,533.2849613480344,533.2849613480491,533.2849613480807,1.4272312058797125,1.0199706000001014,1.2225965283987764e-11,-5.198749814143014e-12,1.4138291747909597
10.37,attitude_only,-8.739676378037223e-14,-2.05553466877165e-13,-4.70337063952444e-15,1.0,0.0,0.0,0.0,1.0,-1.747935275607425e-13,-4.111069337543308e-13,-9.406741279012951e-15,0.0,0.0,0.0,-6.914579004345905e-13,-1.6235556637084482e-12,-3.811470050854288e-14,2.621341320650887e-16,6.129564984786167e-16,-5.512769779613977e-19,0.034127142,0.034127142,0.008531785499997327,0.008531785500006703,0.00853178550000272,0.008531785499993252,533.2849613479748,533.2849613482678,533.2849613481433,533.2849613478473,1.339125347783886,1.0199706000001014,1.2398535048645839e-11,-5.2721150061290185e-12,1.423696193944967
10.38,attitude_only,-9.137703846555271e-14,-2.1490039436943557e-13,-4.89427077959137e-15,1.0,0.0,0.0,0.0,1.0,-1.8275407693110333e-13,-4.2980078873887205e-13,-9.788541559143465e-15,0.0,0.0,0.0,-8.73524847123351e-13,-2.0514224557611643e-12,-3.815641084309665e-14,4.893497165628361e-16,1.1469108734994909e-15,-5.512769779613977e-19,0.034127142,0.034127142,0.008531785499994969,0.008531785500012552,0.008531785500005077,0.0085317854999874,533.2849613479011,533.2849613484506,533.2849613482169,533.2849613476645,1.2510035986990105,1.0199706000001014,1.257104729266138e-11,-5.345455738420273e-12,1.432681359968562
10.39,attitude_only,-9.612448713398219e-14,-2.2604972752722706e-13,-5.084152237027375e-15,1.0,0.0,0.0,0.0,1.0,-1.9224897426796207e-13,-4.5209945505445507e-13,-1.0168304474011291e-14,0.0,0.0,0.0,-1.0040305949031577e-12,-2.357954857570585e-12,-3.779428079407729e-14,6.559969198476355e-16,1.538329304246501e-15,-5.512769779613977e-19,0.034127142,0.034127142,0.008531785499993241,0.008531785500016842,0.008531785500006805,0.008531785499983112,533.284961347847,533.2849613485847,533.2849613482709,533.2849613475305,1.1628687812117604,1.0199706000001014,1.2743504576100075e-11,-5.418773095915321e-12,1.4407846550811894
10.4,attitude_only,-1.0139218816395239e-13,-2.384207073401549e-13,-5.273831569502653e-15,1.0,0.0,0.0,0.0,1.0,-2.0278437632790226e-13,-4.768414146803109e-13,-1.0547663138956958e-14,0.0,0.0,0.0,-1.087266156146775e-12,-2.5533976445844347e-12,-3.80454838065022e-14,7.667522549014437e-16,1.798394625108964e-15,-5.512769779613977e-19,0.034127142,0.034127142,0.008531785499992093,0.008531785500019692,0.008531785500007952,0.008531785499980262,533.2849613478112,533.2849613486737,533.2849613483069,533.2849613474415,1.0747232320749518,1.0199706000001014,1.2915908830865255e-11,-5.492067898405259e-12,1.4480060654364664
10.41,attitude_only,-1.0695727994104863e-13,-2.5149015594798634e-13,-5.465107459505474e-15,1.0,0.0,0.0,0.0,1.0,-2.139145598820945e-13,-5.029803118959739e-13,-1.0930214918957151e-14,0.0,0.0,0.0,-1.1281109779167241e-12,-2.6492526872721168e-12,-3.852219388876586e-14,8.270471508045497e-16,1.9399132032069036e-15,-5.512769779613977e-19,0.034127142,0.034127142,0.00853178549999147,0.008531785500021243,0.008531785500008576,0.00853178549997871,533.2849613477918,533.2849613487222,533.2849613483263,533.2849613473929,0.986568881960707,1.0199706000001014,1.3088261340408456e-11,-5.565340692939801e-12,1.4543455802515035
10.42,attitude_only,-1.126235439004326e-13,-2.647962202321076e-13,-5.657926798741738e-15,1.0,0.0,0.0,0.0,1.0,-2.252470878008622e-13,-5.295924404642165e-13,-1.1315853597423832e-14,0.0,0.0,0.0,-1.1323897923108205e-12,-2.659135842598404e-12,-3.865672283135675e-14,8.435056260005732e-16,1.9783643480244313e-15,-5.512769779613977e-19,0.034127142,0.034127142,0.0085317854999913,0.008531785500021665,0.008531785500008745,0.008531785499978288,533.2849613477864,533.2849613487354,533.2849613483316,533.2849613473797,0.8984073231183453,1.0199706000001014,1.3260562820662351e-11,-5.638591781374554e-12,1.4598031911289924
10.43,attitude_only,-1.1822481162876309e-13,-2.779497227720534e-13,-5.853145091281992e-15,1.0,0.0,0.0,0.0,1.0,-2.3644962325752294e-13,-5.558994455441082e-13,-1.1706290182498263e-14,0.0,0.0,0.0,-1.1062426629265795e-12,-2.5979048799269956e-12,-3.9246329357942646e-14,8.231914973687495e-16,1.9308662416180106e-15,-5.512769779613977e-19,0.034127142,0.034127142,0.00853178549999151,0.008531785500021144,0.008531785500008536,0.00853178549997881,533.284961347793,533.2849613487191,533.284961348325,533.284961347396,0.8102398665019213,1.0199706000001014,1.3432813429918718e-11,-5.711821233544489e-12,1.4643788915293545
10.44,attitude_only,-1.2362700286974954e-13,-2.906368902494697e-13,-6.050686557536075e-15,1.0,0.0,0.0,0.0,1.0,-2.4725400573949554e-13,-5.812737804989409e-13,-1.210137311500029e-14,0.0,0.0,0.0,-1.056279115802363e-12,-2.4807272818433938e-12,-3.971926241978915e-14,7.737980319777132e-16,1.815060396736122e-15,-5.512769779613977e-19,0.034127142,0.034127142,0.00853178549999202,0.008531785500019875,0.008531785500008026,0.008531785499980078,533.2849613478089,533.2849613486794,533.2849613483091,533.2849613474357,0.7220675898087027,1.0199706000001014,1.3605012824463873e-11,-5.785028906831127e-12,1.4680726763597127
10.45,attitude_only,-1.2872873924217535e-13,-3.026183245547368e-13,-6.2503266252174674e-15,1.0,0.0,0.0,0.0,1.0,-2.574574784843469e-13,-6.052366491094752e-13,-1.2500653250357024e-14,0.0,0.0,0.0,-9.887689132935623e-13,-2.322076747576582e-12,-4.0065372723525716e-14,7.026734781000878e-16,1.6479005230917132e-15,-5.512769779613977e-19,0.034127142,0.034127142,0.008531785499992757,0.008531785500018043,0.008531785500007287,0.00853178549998191,533.2849613478319,533.2849613486221,533.2849613482861,533.2849613474929,0.6338913777291686,1.0199706000001014,1.3777160225355411e-11,-5.858214466039408e-12,1.470884541653823
10.46,attitude_only,-1.3345781471793685e-13,-3.137241274282741e-13,-6.450446050310732e-15,1.0,0.0,0.0,0.0,1.0,-2.6691562943586967e-13,-6.2744825485655e-13,-1.2900892100537726e-14,0.0,0.0,0.0,-9.093613250822618e-13,-2.1354250414104195e-12,-3.9965540872110344e-14,6.164779854973512e-16,1.4452727261064258e-15,-5.512769779613977e-19,0.034127142,0.034127142,0.008531785499993652,0.008531785500015824,0.008531785500006392,0.00853178549998413,533.28496134786,533.2849613485529,533.2849613482581,533.2849613475623,0.5457119555634363,1.0199706000001014,1.3949254499770992e-11,-5.931377427555198e-12,1.4728144843228284
10.47,attitude_only,-1.3777010747186175e-13,-3.2384968783875116e-13,-6.650505487415083e-15,1.0,0.0,0.0,0.0,1.0,-2.755402149437192e-13,-6.476993756775041e-13,-1.3301010974740931e-14,0.0,0.0,0.0,-8.235168539617458e-13,-1.9336072112768372e-12,-4.0049345778389706e-14,5.216997886923495e-16,1.2224274020588953e-15,-5.512769779613977e-19,0.034127142,0.034127142,0.008531785499994638,0.008531785500013381,0.008531785500005409,0.008531785499986571,533.2849613478907,533.2849613484765,533.2849613482273,533.2849613476386,0.4575299172173464,1.0199706000001014,1.4121294226342825e-11,-6.0045171831641995e-12,1.4738625019611582
10.48,attitude_only,-1.4164546574954298e-13,-3.329495061516042e-13,-6.851729835393836e-15,1.0,0.0,0.0,0.0,1.0,-2.832909314990814e-13,-6.658990123032103e-13,-1.3703459670693352e-14,0.0,0.0,0.0,-7.354260711870726e-13,-1.7270418704712665e-12,-4.0421563895373355e-14,4.233451100746121e-16,9.918194117969223e-16,-5.512769779613977e-19,0.034127142,0.034127142,0.008531785499995654,0.008531785500010854,0.008531785500004392,0.0085317854999891,533.2849613479225,533.2849613483975,533.2849613481956,533.2849613477176,0.36934574845816226,1.0199706000001014,1.4293277753787394e-11,-6.077633034164589e-12,1.4740285926953725
10.49,attitude_only,-1.4508386096449874e-13,-3.41025160301637e-13,-7.054458009246123e-15,1.0,0.0,0.0,0.0,1.0,-2.901677219289927e-13,-6.82050320603276e-13,-1.4108916018393291e-14,0.0,0.0,0.0,-6.492314624867419e-13,-1.5250391427343757e-12,-4.04447485750227e-14,3.2640389425908254e-16,7.646665299399974e-16,-5.512769779613977e-19,0.034127142,0.034127142,0.008531785499996654,0.008531785500008363,0.008531785500003391,0.008531785499991592,533.2849613479536,533.2849613483197,533.2849613481643,533.2849613477955,0.28115984618801804,1.0199706000001014,1.4465203299372481e-11,-6.150724226831287e-12,1.4733127550664469
10.5,attitude_only,-1.48104209292076e-13,-3.4812109698349456e-13,-7.257175616414568e-15,1.0,0.0,0.0,0.0,1.0,-2.9620841858414696e-13,-6.962421939669912e-13,-1.451435123272602e-14,0.0,0.0,0.0,-5.681412932376175e-13,-1.3349404312461648e-12,-4.072538626846655e-14,2.3477710409250937e-16,5.498974804666053e-16,-5.512769779613977e-19,0.034127142,0.034127142,0.0085317854999976,0.008531785500006007,0.008531785500002444,0.008531785499993946,533.2849613479833,533.284961348246,533.2849613481346,533.2849613478691,0.19297253438349318,1.0199706000001014,1.46370689758423e-11,-6.2237899579467e-12,1.4717149879381008
10.51,attitude_only,-1.5073832936655914e-13,-3.5431072499461307e-13,-7.46145141919738e-15,1.0,0.0,0.0,0.0,1.0,-3.01476658733113e-13,-7.086214499892284e-13,-1.4922902838287944e-14,0.0,0.0,0.0,-4.942486094815921e-13,-1.161405917387744e-12,-4.094616502612678e-14,1.5104836968009477e-16,3.532701230103775e-16,-5.512769779613977e-19,0.034127142,0.034127142,0.008531785499998468,0.008531785500003853,0.008531785500001577,0.0085317854999961,533.2849613480105,533.2849613481787,533.2849613481076,533.2849613479365,0.1047840772528302,1.0199706000001014,1.4808872877916162e-11,-6.296829412910755e-12,1.4692352904254027
10.52,attitude_only,-1.5302608834943337e-13,-3.5968667624338747e-13,-7.666388980414962e-15,1.0,0.0,0.0,0.0,1.0,-3.0605217669886125e-13,-7.193733524867773e-13,-1.533277796071984e-14,0.0,0.0,0.0,-4.2892001656613303e-13,-1.0079518295839746e-12,-4.0944226550436005e-14,7.694325834720509e-17,1.792047359416938e-16,-5.512769779613977e-19,0.034127142,0.034127142,0.008531785499999237,0.008531785500001946,0.008531785500000808,0.008531785499998008,533.2849613480345,533.284961348119,533.2849613480836,533.284961347996,0.016594690077575858,1.0199706000001014,1.4980613141623258e-11,-6.369841794909189e-12,1.4658736618391683
10.53,attitude_only,-1.550133521082752e-13,-3.6435716815589626e-13,-7.870756725699466e-15,1.0,0.0,0.0,0.0,1.0,-3.1002670421654465e-13,-7.287143363117949e-13,-1.574151345128597e-14,0.0,0.0,0.0,-3.7326967591219296e-13,-8.773226980184653e-13,-4.076572589283192e-14,1.3895546321598793e-17,3.122300504326704e-17,-5.512769779613977e-19,0.034127142,0.034127142,0.008531785499999889,0.008531785500000324,0.008531785500000156,0.00853178549999963,533.2849613480548,533.2849613480684,533.2849613480631,533.2849613480467,-0.0715954518680403,1.0199706000001014,1.515228795314166e-11,-6.442826333173307e-12,1.4616301016426634
10.54,attitude_only,-1.5675015228972424e-13,-3.68439297790474e-13,-8.075044915119298e-15,1.0,0.0,0.0,0.0,1.0,-3.135003045794425e-13,-7.368785955809505e-13,-1.615008983012309e-14,0.0,0.0,0.0,-3.2767353238526265e-13,-7.701747078275352e-13,-4.106358942925237e-14,-3.7543090586865034e-17,-8.96528361075738e-17,-5.512769779613977e-19,0.034127142,0.034127142,0.008531785500000423,0.008531785499998999,0.008531785499999622,0.008531785500000954,533.2849613480715,533.2849613480271,533.2849613480464,533.2849613480881,-0.15978620599008914,1.0199706000001014,1.532389556999371e-11,-6.5157822851711805e-12,1.4565046094178797
10.55,attitude_only,-1.5828620868393837e-13,-3.7204971394349964e-13,-8.280525791768794e-15,1.0,0.0,0.0,0.0,1.0,-3.1657241736787057e-13,-7.440994278870019e-13,-1.6561051583419808e-14,0.0,0.0,0.0,-2.919419934694058e-13,-6.861946339730056e-13,-4.0946470054575956e-14,-7.75015173511987e-17,-1.8356697839327828e-16,-5.512769779613977e-19,0.034127142,0.034127142,0.008531785500000838,0.00853178549999797,0.008531785499999207,0.008531785500001983,533.2849613480845,533.2849613479948,533.2849613480336,533.2849613481202,-0.2479774563641968,1.0199706000001014,1.549543436709968e-11,-6.5887089586673805e-12,1.4504971848392736
10.56,attitude_only,-1.5967019380853608e-13,-3.7530222105033637e-13,-8.485346067947014e-15,1.0,0.0,0.0,0.0,1.0,-3.193403876170658e-13,-7.506044421006755e-13,-1.6970692135774177e-14,0.0,0.0,0.0,-2.658070980893578e-13,-6.246152609835243e-13,-4.093815664011862e-14,-1.0620532082636282e-16,-2.512160733708207e-16,-5.512769779613977e-19,0.034127142,0.034127142,0.008531785500001138,0.00853178549999723,0.008531785499998909,0.008531785500002723,533.2849613480938,533.2849613479717,533.2849613480242,533.2849613481434,-0.33616910881062834,1.0199706000001014,1.566690283237085e-11,-6.661605708772658e-12,1.4436078276533102
10.57,attitude_only,-1.60948024209148e-13,-3.7830461859641346e-13,-8.68942350787127e-15,1.0,0.0,0.0,0.0,1.0,-3.218960484182894e-13,-7.566092371928297e-13,-1.7378847015620765e-14,0.0,0.0,0.0,-2.484512533025968e-13,-5.837171604875807e-13,-4.054528225136185e-14,-1.245478220374501e-16,-2.9445662236107743e-16,-5.512769779613977e-19,0.034127142,0.034127142,0.008531785500001329,0.008531785499996756,0.008531785499998716,0.008531785500003197,533.2849613480998,533.2849613479569,533.2849613480182,533.2849613481583,-0.4243610868639822,1.0199706000001014,1.583829956460493e-11,-6.73447193864091e-12,1.4358365376625364
10.58,attitude_only,-1.6216071500759312e-13,-3.8115381337488176e-13,-8.892535302389051e-15,1.0,0.0,0.0,0.0,1.0,-3.243214300151795e-13,-7.623076267497664e-13,-1.7785070604654484e-14,0.0,0.0,0.0,-2.3874850185925944e-13,-5.610293252697578e-13,-4.082814295363735e-14,-1.3380363875086243e-16,-3.1607173136976744e-16,-5.512769779613977e-19,0.034127142,0.034127142,0.008531785500001424,0.00853178549999652,0.008531785499998622,0.008531785500003435,533.2849613481028,533.2849613479495,533.2849613480153,533.2849613481657,-0.5125533284783561,1.0199706000001014,1.6009623286958474e-11,-6.807307106182875e-12,1.427183314713178
10.59,attitude_only,-1.63343228424568e-13,-3.8393351089596085e-13,-9.096783676043989e-15,1.0,0.0,0.0,0.0,1.0,-3.2668645684912905e-13,-7.678670217919246e-13,-1.8193567351962553e-14,0.0,0.0,0.0,-2.355898947589385e-13,-5.53929218879842e-13,-4.077338986393047e-14,-1.352380683236582e-16,-3.1905256684886805e-16,-5.512769779613977e-19,0.034127142,0.034127142,0.008531785500001436,0.008531785499996485,0.00853178549999861,0.00853178550000347,533.2849613481031,533.2849613479484,533.2849613480148,533.2849613481667,-0.6007457833367678,1.0199706000001014,1.6180872845892005e-11,-6.880110725080424e-12,1.4176481586854741
10.6,attitude_only,-1.645255179155122e-13,-3.867139572188646e-13,-9.300514108050814e-15,1.0,0.0,0.0,0.0,1.0,-3.2905103583101725e-13,-7.734279144377323e-13,-1.860102821597438e-14,0.0,0.0,0.0,-2.37879056311123e-13,-5.595387604249677e-13,-4.076834496458813e-14,-1.301122838979256e-16,-3.0672572939046753e-16,-5.512769779613977e-19,0.034127142,0.034127142,0.00853178550000138,0.008531785499996619,0.008531785499998666,0.008531785500003334,533.2849613481014,533.2849613479526,533.2849613480166,533.2849613481625,-0.6889384106558241,1.0199706000001014,1.6352047195925592e-11,-6.9528823505168125e-12,1.4072310694861538
10.61,attitude_only,-1.6573117598229572e-13,-3.8955043816852975e-13,-9.505125903954617e-15,1.0,0.0,0.0,0.0,1.0,-3.31462351964584e-13,-7.791008763370626e-13,-1.9010251807780114e-14,0.0,0.0,0.0,-2.443416111702846e-13,-5.748896893409223e-13,-4.106110261527439e-14,-1.199138019552289e-16,-2.825557177979129e-16,-5.512769779613977e-19,0.034127142,0.034127142,0.008531785500001273,0.008531785499996884,0.008531785499998773,0.00853178550000307,533.2849613480981,533.2849613479609,533.2849613480199,533.2849613481543,-0.7771311773961497,1.0199706000001014,1.6523145396629066e-11,-7.02562158196991e-12,1.3959320470425796
10.62,attitude_only,-1.6697783191962787e-13,-3.924844057647146e-13,-9.712342624796765e-15,1.0,0.0,0.0,0.0,1.0,-3.339556638392481e-13,-7.849688115294325e-13,-1.942468524946246e-14,0.0,0.0,0.0,-2.537900075443859e-13,-5.973853586883889e-13,-4.175390115531356e-14,-1.0603782623086356e-16,-2.495870609940693e-16,-5.512769779613977e-19,0.034127142,0.034127142,0.008531785500001126,0.008531785499997243,0.008531785499998919,0.00853178550000271,533.2849613480935,533.2849613479722,533.2849613480245,533.2849613481429,-0.8653240568048536,1.0199706000001014,1.669416659524587e-11,-7.098328056603786e-12,1.383751091298181
10.63,attitude_only,-1.6827777480031479e-13,-3.9554472107643936e-13,-9.92139907692758e-15,1.0,0.0,0.0,0.0,1.0,-3.3655554960062175e-13,-7.910894421528821e-13,-1.9842798153722038e-14,0.0,0.0,0.0,-2.6529228958950647e-13,-6.245950703320318e-13,-4.169359558167876e-14,-8.95821648808234e-17,-2.1068945631837667e-16,-5.512769779613977e-19,0.034127142,0.034127142,0.008531785500000954,0.008531785499997668,0.008531785499999093,0.008531785500002284,533.2849613480881,533.2849613479855,533.2849613480299,533.2849613481296,-0.9535170272295084,1.0199706000001014,1.6865110008931606e-11,-7.1710014419452715e-12,1.3706882022089
10.64,attitude_only,-1.6963866919487596e-13,-3.987488322405816e-13,-1.012873572888308e-14,1.0,0.0,0.0,0.0,1.0,-3.3927733838974384e-13,-7.974976644811667e-13,-2.0257471457630872e-14,0.0,0.0,0.0,-2.7787010143509815e-13,-6.542869641794252e-13,-4.1367431832190864e-14,-7.17100896517624e-17,-1.6851631405971024e-16,-5.512769779613977e-19,0.034127142,0.034127142,0.008531785500000767,0.00853178549999813,0.008531785499999278,0.008531785500001823,533.2849613480822,533.2849613479998,533.2849613480357,533.2849613481153,-1.0417100711531273,1.0199706000001014,1.7035974910756514e-11,-7.243641427337734e-12,1.3567433797404242
10.65,attitude_only,-1.710630902989577e-13,-4.021034607004116e-13,-1.0336420216447157e-14,1.0,0.0,0.0,0.0,1.0,-3.4212618059790707e-13,-8.042069214008267e-13,-2.0672840432756744e-14,0.0,0.0,0.0,-2.9058981028900804e-13,-6.844313999108097e-13,-4.167414675587264e-14,-5.354054092418051e-17,-1.2549867718294084e-16,-5.512769779613977e-19,0.034127142,0.034127142,0.008531785500000576,0.008531785499998602,0.008531785499999469,0.008531785500001353,533.2849613480763,533.2849613480146,533.2849613480417,533.2849613481006,-1.1299031744103387,1.0199706000001014,1.7206760621298517e-11,-7.316247725905546e-12,1.3419166238660327
10.66,attitude_only,-1.725500656025612e-13,-4.056061600175659e-13,-1.0545939156873592e-14,1.0,0.0,0.0,0.0,1.0,-3.451001312051139e-13,-8.112123200351354e-13,-2.1091878313607208e-14,0.0,0.0,0.0,-3.028363019145936e-13,-7.134437588522323e-13,-4.2154378522987955e-14,-3.581638795433198e-17,-8.354940886471157e-17,-5.512769779613977e-19,0.034127142,0.034127142,0.00853178550000039,0.00853178549999906,0.008531785499999656,0.008531785500000895,533.2849613480705,533.2849613480289,533.2849613480475,533.2849613480862,-1.2180963255506647,1.0199706000001014,1.737746649711064e-11,-7.388820064161334e-12,1.3262079345649134
10.67,attitude_only,-1.740958971190866e-13,-4.092483473648862e-13,-1.075730568017505e-14,1.0,-0.0,-0.0,0.0,1.0,-3.481917942381644e-13,-8.184966947297762e-13,-2.1514611360207604e-14,0.0,0.0,0.0,-3.141626196871127e-13,-7.402424042337563e-13,-4.2305370865154186e-14,-1.9083180430438034e-17,-4.398861036454545e-17,-5.512769779613977e-19,0.034127142,0.034127142,0.008531785500000215,0.008531785499999492,0.008531785499999832,0.008531785500000461,533.284961348065,533.2849613480424,533.284961348053,533.2849613480727,-1.306289515321632,1.0199706000001014,1.7548091910109256e-11,-7.461358175885651e-12,1.3096173118208587
10.68,attitude_only,-1.7569498253176274e-13,-4.1301586422047007e-13,-1.09681611236035e-14,1.0,-0.0,-0.0,0.0,1.0,-3.5138996506351643e-13,-8.26031728440944e-13,-2.1936322247061872e-14,0.0,0.0,0.0,-3.242080400974647e-13,-7.637902922483201e-13,-4.207510120921575e-14,-3.786595537041003e-18,-8.093241824585879e-18,-5.512769779613977e-19,0.034127142,0.034127142,0.008531785500000055,0.008531785499999885,0.00853178549999999,0.008531785500000067,533.28496134806,533.2849613480547,533.284961348058,533.2849613480604,-1.3944827362495682,1.0199706000001014,1.7718636243655093e-11,-7.533861796797327e-12,1.292144755621246
10.69,attitude_only,-1.7733992059429296e-13,-4.168904395350102e-13,-1.1179670625249972e-14,1.0,-0.0,-0.0,0.0,1.0,-3.546798411885766e-13,-8.337808790700244e-13,-2.235934125035208e-14,0.0,0.0,0.0,-3.3262768403999604e-13,-7.833618773543804e-13,-4.25522877522096e-14,9.643254034396437e-18,2.322627907622994e-17,-5.512769779613977e-19,0.034127142,0.034127142,0.008531785499999918,0.008531785500000229,0.008531785500000126,0.008531785499999724,533.2849613480557,533.2849613480654,533.2849613480622,533.2849613480497,-1.4826759822996862,1.0199706000001014,1.788909888595486e-11,-7.606330664638333e-12,1.2737902659562448
10.7,attitude_only,-1.7902203204316058e-13,-4.2085086653014154e-13,-1.139285319306207e-14,1.0,-0.0,-0.0,0.0,1.0,-3.5804406408631156e-13,-8.417017330602871e-13,-2.2785706385973457e-14,0.0,0.0,0.0,-3.39236867552382e-13,-7.985828539155247e-13,-4.263124025054717e-14,2.0966642924783342e-17,4.947727948875844e-17,-5.512769779613977e-19,0.034127142,0.034127142,0.008531785499999804,0.008531785500000518,0.008531785500000243,0.008531785499999436,533.2849613480521,533.2849613480745,533.2849613480658,533.2849613480407,-1.5708692486006766,1.0199706000001014,1.805947922551609e-11,-7.67876451746285e-12,1.2545538428181988
10.71,attitude_only,-1.8073200791420856e-13,-4.2487558569692366e-13,-1.1605353067415282e-14,1.0,-0.0,-0.0,0.0,1.0,-3.6146401582840727e-13,-8.497511713938516e-13,-2.3210706134676986e-14,0.0,0.0,0.0,-3.4398883519438305e-13,-8.094970334574806e-13,-4.239335753075274e-14,3.0108892447128977e-17,7.066926527368144e-17,-5.512769779613977e-19,0.034127142,0.034127142,0.008531785499999712,0.008531785500000751,0.008531785500000335,0.008531785499999202,533.2849613480493,533.2849613480818,533.2849613480687,533.2849613480333,-1.6590625312215312,1.0199706000001014,1.8229776637491572e-11,-7.751163090727498e-12,1.2344354862011462
10.72,attitude_only,-1.8246078076650976e-13,-4.2894318114575374e-13,-1.1817981008647679e-14,1.0,-0.0,-0.0,0.0,1.0,-3.6492156153300937e-13,-8.578863622915118e-13,-2.3635962017138826e-14,0.0,0.0,0.0,-3.469164039122844e-13,-8.16174658670664e-13,-4.278454695807031e-14,3.709113894773333e-17,8.684416211620801e-17,-5.512769779613977e-19,0.034127142,0.034127142,0.00853178549999964,0.00853178550000093,0.008531785500000406,0.008531785499999025,533.2849613480471,533.2849613480873,533.284961348071,533.2849613480278,-1.74725582699131,1.0199706000001014,1.8399990483094302e-11,-7.823526112831953e-12,1.2134351961004424
10.73,attitude_only,-1.8419906353579212e-13,-4.3303280750364723e-13,-1.2032120395872972e-14,1.0,-0.0,-0.0,0.0,1.0,-3.6839812707157383e-13,-8.660656150072989e-13,-2.4064240791586414e-14,0.0,0.0,0.0,-3.479927628271764e-13,-8.187419552934771e-13,-4.276988928139278e-14,4.186269727387545e-17,9.811233761651851e-17,-5.512769779613977e-19,0.034127142,0.034127142,0.00853178549999959,0.008531785500001053,0.008531785500000454,0.008531785499998902,533.2849613480455,533.2849613480912,533.2849613480724,533.284961348024,-1.8354491333524727,1.0199706000001014,1.8570120110928357e-11,-7.895853309635055e-12,1.1915529725124716
10.74,attitude_only,-1.8593806292399681e-13,-4.371247059755836e-13,-1.2247240065958945e-14,1.0,-0.0,-0.0,0.0,1.0,-3.718761258479829e-13,-8.742494119511717e-13,-2.4494480131755333e-14,0.0,0.0,0.0,-3.474047806657226e-13,-8.175446678964581e-13,-4.3331296558557846e-14,4.4631166486788073e-17,1.0485103941906008e-16,-5.512769779613977e-19,0.034127142,0.034127142,0.00853178549999956,0.008531785500001126,0.008531785500000486,0.008531785499998827,533.2849613480445,533.2849613480935,533.2849613480735,533.2849613480216,-1.9236424482430705,1.0199706000001014,1.87401648580667e-11,-7.968144402251465e-12,1.1687888154344175
10.75,attitude_only,-1.876701267633535e-13,-4.412012670759979e-13,-1.2464558285997824e-14,1.0,-0.0,-0.0,0.0,1.0,-3.75340253526696e-13,-8.824025341520004e-13,-2.4929116571830047e-14,0.0,0.0,0.0,-3.45427591078019e-13,-8.130537091988864e-13,-4.356828601217618e-14,4.571281489232383e-17,1.0759242607396283e-16,-5.512769779613977e-19,0.034127142,0.034127142,0.008531785499999547,0.008531785500001155,0.008531785500000498,0.0085317854999988,533.2849613480441,533.2849613480944,533.2849613480738,533.2849613480207,-2.0118357700010967,1.0199706000001014,1.891012404622015e-11,-8.040399103846233e-12,1.145142724864086
10.76,attitude_only,-1.8938906829922275e-13,-4.452479555424362e-13,-1.2684645345165337e-14,1.0,-0.0,-0.0,0.0,1.0,-3.787781365984342e-13,-8.904959110848773e-13,-2.5369290690162026e-14,0.0,0.0,0.0,-3.422675593000653e-13,-8.059262290394561e-13,-4.4487131487165956e-14,4.534345235177997e-17,1.0709871217304066e-16,-5.512769779613977e-19,0.034127142,0.034127142,0.008531785499999549,0.008531785500001148,0.008531785500000498,0.008531785499998805,533.2849613480441,533.2849613480942,533.2849613480738,533.2849613480209,-2.10002909728723,1.0199706000001014,1.90799969790042e-11,-8.112617118350359e-12,1.1206147007997689
10.77,attitude_only,-1.9108926934251694e-13,-4.4925287809825494e-13,-1.2910178781708278e-14,1.0,-0.0,-0.0,0.0,1.0,-3.8217853868502226e-13,-8.985057561965148e-13,-2.5820357563244862e-14,0.0,0.0,0.0,-3.380975290472664e-13,-7.966534290159309e-13,-4.556988104774573e-14,4.3720391338893853e-17,1.039378864349696e-16,-5.512769779613977e-19,0.034127142,0.034127142,0.00853178549999956,0.008531785500001112,0.008531785500000486,0.008531785499998843,533.2849613480445,533.284961348093,533.2849613480735,533.2849613480221,-2.1882224290224492,1.0199706000001014,1.924978294664399e-11,-8.184798148077574e-12,1.0952047432401362
10.78,attitude_only,-1.9276662920451807e-13,-4.532067637819246e-13,-1.3139715443847974e-14,1.0,-0.0,-0.0,0.0,1.0,-3.8553325840902423e-13,-9.064135275638543e-13,-2.6279430887521222e-14,0.0,0.0,0.0,-3.3323797119449854e-13,-7.857712720120096e-13,-4.61407691199509e-14,4.1221301627517344e-17,9.873701075038387e-17,-5.512769779613977e-19,0.034127142,0.034127142,0.00853178549999958,0.008531785500001053,0.008531785500000465,0.008531785499998902,533.2849613480452,533.2849613480912,533.2849613480728,533.284961348024,-2.276415764337672,1.0199706000001014,1.941948122922255e-11,-8.256941888852466e-12,1.068912852184151
10.79,attitude_only,-1.9441831948312354e-13,-4.571029205774219e-13,-1.337173039017598e-14,1.0,-0.0,-0.0,0.0,1.0,-3.8883663896623485e-13,-9.14205841154849e-13,-2.674346078017422e-14,0.0,0.0,0.0,-3.279115554005113e-13,-7.737425243391847e-13,-4.6586610159383115e-14,3.810871822873775e-17,9.203993878638574e-17,-5.512769779613977e-19,0.034127142,0.034127142,0.008531785499999608,0.008531785500000976,0.008531785500000437,0.008531785499998976,533.2849613480461,533.2849613480888,533.284961348072,533.2849613480263,-2.364609102532926,1.0199706000001014,1.9589091098441988e-11,-8.329048031704327e-12,1.0417390276310075
10.8,attitude_only,-1.9604254422769968e-13,-4.609364284411748e-13,-1.360525718852213e-14,1.0,-0.0,-0.0,0.0,1.0,-3.9208508845538683e-13,-9.218728568823548e-13,-2.7210514376863534e-14,0.0,0.0,0.0,-3.2234224879231116e-13,-7.608638788103487e-13,-4.666743039353802e-14,3.4648972786821215e-17,8.41942029398873e-17,-5.512769779613977e-19,0.034127142,0.034127142,0.008531785499999642,0.00853178550000089,0.008531785500000404,0.008531785499999063,533.2849613480471,533.2849613480861,533.2849613480709,533.284961348029,-2.452802443044974,1.0199706000001014,1.975861182428498e-11,-8.401116265459102e-12,1.0136832695800764
10.81,attitude_only,-1.9763897530272651e-13,-4.647044923036504e-13,-1.3838285260440529e-14,1.0,-0.0,-0.0,0.0,1.0,-3.9527795060544015e-13,-9.294089846073062e-13,-2.767657052069737e-14,0.0,0.0,0.0,-3.1677750424940685e-13,-7.476440584316428e-13,-4.6556969981196284e-14,3.113905437783001e-17,7.58068590697564e-17,-5.512769779613977e-19,0.034127142,0.034127142,0.008531785499999679,0.0085317855000008,0.008531785500000366,0.008531785499999155,533.2849613480482,533.2849613480832,533.2849613480697,533.2849613480319,-2.5409957854201473,1.0199706000001014,1.992804267486703e-11,-8.473146274154255e-12,0.9847455780308686
10.82,attitude_only,-1.9920754207968557e-13,-4.684061654894216e-13,-1.4070444910708193e-14,1.0,-0.0,-0.0,0.0,1.0,-3.9841508415935796e-13,-9.368123309788488e-13,-2.8140889821229766e-14,0.0,0.0,0.0,-3.1124154174779184e-13,-7.34382816960903e-13,-4.632650745659548e-14,2.7608314793369844e-17,6.723719747447768e-17,-5.512769779613977e-19,0.034127142,0.034127142,0.008531785499999719,0.008531785500000706,0.008531785500000328,0.008531785499999249,533.2849613480495,533.2849613480804,533.2849613480685,533.2849613480348,-2.6291891292934477,1.0199706000001014,2.0097382917495033e-11,-8.54513774471046e-12,0.9549259529830028
10.83,attitude_only,-2.0074901483824962e-13,-4.720424023435309e-13,-1.4304132649112732e-14,1.0,-0.0,-0.0,0.0,1.0,-4.0149802967648576e-13,-9.440848046870674e-13,-2.860826529803594e-14,0.0,0.0,0.0,-3.059225305751402e-13,-7.214901177272923e-13,-4.7090391651587625e-14,2.4284726691939215e-17,5.898085957141756e-17,-5.512769779613977e-19,0.034127142,0.034127142,0.008531785499999757,0.008531785500000617,0.00853178550000029,0.008531785499999337,533.2849613480507,533.2849613480776,533.2849613480673,533.2849613480375,-2.717382474371182,1.0199706000001014,2.0266631819624885e-11,-8.617090364222523e-12,0.9242243944361822
10.84,attitude_only,-2.0226469147010948e-13,-4.756156338731087e-13,-1.4541460150448614e-14,1.0,-0.0,-0.0,0.0,1.0,-4.0452938294020514e-13,-9.512312677462233e-13,-2.908292030070483e-14,0.0,0.0,0.0,-3.008812883346976e-13,-7.09128790910868e-13,-4.783273596467898e-14,2.124404888675499e-17,5.1238555300816806e-17,-5.512769779613977e-19,0.034127142,0.034127142,0.008531785499999792,0.008531785500000534,0.008531785500000253,0.00853178549999942,533.2849613480518,533.284961348075,533.2849613480662,533.2849613480402,-2.8055758204170917,1.0199706000001014,2.0435788650426683e-11,-8.68900382100077e-12,0.8926409023901756
10.85,attitude_only,-2.0375580758798002e-13,-4.791287432270329e-13,-1.4780282029294748e-14,1.0,-0.0,-0.0,0.0,1.0,-4.0751161517594586e-13,-9.582574864540719e-13,-2.9560564058394244e-14,0.0,0.0,0.0,-2.9611294338637533e-13,-6.974382714568515e-13,-4.7651250786598465e-14,1.8483164382631912e-17,4.4184314670565446e-17,-5.512769779613977e-19,0.034127142,0.034127142,0.008531785499999825,0.008531785500000458,0.00853178550000022,0.008531785499999495,533.2849613480528,533.2849613480726,533.2849613480652,533.2849613480425,-2.893769167241143,1.0199706000001014,2.060485268825192e-11,-8.760877808648996e-12,0.8601754768448028
10.86,attitude_only,-2.0522416398907736e-13,-4.825857036010362e-13,-1.5018082398023137e-14,1.0,-0.0,-0.0,0.0,1.0,-4.1044832797814023e-13,-9.651714072020786e-13,-3.00361647958482e-14,0.0,0.0,0.0,-2.917272861836032e-13,-6.86559597558633e-13,-4.7272648283399946e-14,1.6137648601141337e-17,3.7995501968289456e-17,-5.512769779613977e-19,0.034127142,0.034127142,0.008531785499999854,0.008531785500000394,0.00853178550000019,0.008531785499999561,533.2849613480537,533.2849613480706,533.2849613480643,533.2849613480446,-2.9819625146905078,1.0199706000001014,2.0773823215713165e-11,-8.83271202207156e-12,0.8268281177999238
10.870000000000001,attitude_only,-2.066716271364641e-13,-4.859905652095174e-13,-1.5255200778767136e-14,1.0,-0.0,-0.0,0.0,1.0,-4.133432542729134e-13,-9.71981130419041e-13,-3.051040155733339e-14,0.0,0.0,0.0,-2.877387003346537e-13,-6.765726548780951e-13,-4.770370983769712e-14,1.4228732585748902e-17,3.277689730042606e-17,-5.512769779613977e-19,0.034127142,0.034127142,0.00853178549999988,0.008531785500000338,0.008531785500000165,0.008531785499999615,533.2849613480545,533.2849613480688,533.2849613480635,533.2849613480463,-3.070155862642193,1.0199706000001014,2.0942699525769806e-11,-8.904506159886824e-12,0.7925988252554291
10.88,attitude_only,-2.081003199104583e-13,-4.893483852670194e-13,-1.5494996286652024e-14,1.0,-0.0,-0.0,0.0,1.0,-4.1620063982090143e-13,-9.786967705340452e-13,-3.098999257310038e-14,0.0,0.0,0.0,-2.841442704798522e-13,-6.675989944071167e-13,-4.82370096997731e-14,1.2756859464785592e-17,2.86844946793229e-17,-5.512769779613977e-19,0.034127142,0.034127142,0.008531785499999901,0.008531785500000295,0.008531785500000146,0.008531785499999658,533.2849613480552,533.2849613480676,533.2849613480628,533.2849613480477,-3.158349210997666,1.0199706000001014,2.1111480914807012e-11,-8.976259922999137e-12,0.7574875992112343
10.89,attitude_only,-2.0951192149965093e-13,-4.926636808322057e-13,-1.573695886702191e-14,1.0,-0.0,-0.0,0.0,1.0,-4.1902384299928635e-13,-9.85327361664418e-13,-3.147391773383738e-14,0.0,0.0,0.0,-2.8087383648796253e-13,-6.594517943142706e-13,-4.85788055987972e-14,1.1641077039397608e-17,2.5502372511050154e-17,-5.512769779613977e-19,0.034127142,0.034127142,0.008531785499999917,0.008531785500000262,0.00853178550000013,0.008531785499999691,533.2849613480557,533.2849613480665,533.2849613480623,533.2849613480487,-3.246542559677386,1.0199706000001014,2.1280166691230072e-11,-9.04797301889474e-12,0.7214944396672724
10.9,attitude_only,-2.109076324019456e-13,-4.959403576210206e-13,-1.5979282590609158e-14,1.0,-0.0,-0.0,0.0,1.0,-4.218152648038753e-13,-9.918807152420478e-13,-3.1958565181009123e-14,0.0,0.0,0.0,-2.7778399106837213e-13,-6.521246303230723e-13,-4.833057926980024e-14,1.0711102446572748e-17,2.3231022024842845e-17,-5.512769779613977e-19,0.034127142,0.034127142,0.008531785499999927,0.008531785500000237,0.00853178550000012,0.008531785499999715,533.284961348056,533.2849613480657,533.284961348062,533.2849613480494,-3.3347359086175272,1.0199706000001014,2.1448756176757404e-11,-9.119645161523802e-12,0.6846193466234923
10.91,attitude_only,-2.1228886300356306e-13,-4.991830796300248e-13,-1.6220409896585183e-14,1.0,-0.0,-0.0,0.0,1.0,-4.245777260071099e-13,-9.983661592600564e-13,-3.244081979295842e-14,0.0,0.0,0.0,-2.750239582711375e-13,-6.457447830969087e-13,-4.803261428835435e-14,1.0149302672602524e-17,2.2032653184415426e-17,-5.512769779613977e-19,0.034127142,0.034127142,0.008531785499999932,0.008531785500000224,0.008531785500000114,0.00853178549999973,533.2849613480562,533.2849613480653,533.2849613480619,533.2849613480498,-3.4229292577668136,1.0199706000001014,2.1617248695938472e-11,-9.191276067526958e-12,0.6468623200798536
10.92,attitude_only,-2.1365698756301655e-13,-5.023959413621336e-13,-1.6460578352996345e-14,1.0,-0.0,-0.0,0.0,1.0,-4.2731397512601655e-13,-1.0047918827242742e-12,-3.2921156705778005e-14,0.0,0.0,0.0,-2.725062424800546e-13,-6.400719123504354e-13,-4.8115627083999455e-14,9.853106148103512e-18,2.1625927412151623e-17,-5.512769779613977e-19,0.034127142,0.034127142,0.008531785499999932,0.008531785500000218,0.008531785500000113,0.008531785499999734,533.2849613480562,533.2849613480652,533.2849613480618,533.28496134805,-3.5111226070840376,1.0199706000001014,2.178564358276599e-11,-9.262865455845306e-12,0.608223360036325
10.93,attitude_only,-2.1501317314021356e-13,-5.055822992492315e-13,-1.670070539943974e-14,1.0,-0.0,-0.0,0.0,1.0,-4.3002634628041026e-13,-1.0111645984984702e-12,-3.3401410798662067e-14,0.0,0.0,0.0,-2.70240016582015e-13,-6.350618303163072e-13,-4.789880716153731e-14,9.83603523627607e-18,2.1964447274360788e-17,-5.512769779613977e-19,0.034127142,0.034127142,0.00853178549999993,0.008531785500000222,0.008531785500000116,0.008531785499999733,533.2849613480561,533.2849613480653,533.2849613480619,533.2849613480499,-3.599315956536103,1.0199706000001014,2.1953940182987324e-11,-9.334413049796242e-12,0.5687024664928823
10.94,attitude_only,-2.1635868386541226e-13,-5.087447941992466e-13,-1.6939694516868263e-14,1.0,-0.0,-0.0,0.0,1.0,-4.327173677308073e-13,-1.0174895883985004e-12,-3.3879389033516383e-14,0.0,0.0,0.0,-2.6818672207888166e-13,-6.304468671479201e-13,-4.778292625162017e-14,1.0053949053304854e-17,2.2730960143775325e-17,-5.512769779613977e-19,0.034127142,0.034127142,0.008531785499999925,0.008531785500000229,0.00853178550000012,0.008531785499999726,533.284961348056,533.2849613480654,533.284961348062,533.2849613480497,-3.6875093060964166,1.0199706000001014,2.2122137851818513e-11,-9.40591857421797e-12,0.5282996394495064
10.95,attitude_only,-2.176941922172565e-13,-5.11885058750166e-13,-1.7178030763727393e-14,1.0,-0.0,-0.0,0.0,1.0,-4.353883844344954e-13,-1.0237701175003396e-12,-3.435606152723192e-14,0.0,0.0,0.0,-2.662407658411221e-13,-6.261405323403157e-13,-4.764039963506318e-14,1.0381209226404551e-17,2.3824763698053106e-17,-5.512769779613977e-19,0.034127142,0.034127142,0.00853178549999992,0.00853178550000024,0.008531785500000126,0.008531785499999714,533.2849613480558,533.2849613480657,533.2849613480622,533.2849613480494,-3.775702655743631,1.0199706000001014,2.2290235956858636e-11,-9.477381759955258e-12,0.48701487890618245
10.96,attitude_only,-2.1902024351157286e-13,-5.150045970520745e-13,-1.7416176643506386e-14,1.0,-0.0,-0.0,0.0,1.0,-4.380404870231278e-13,-1.0300091941041566e-12,-3.483235328678718e-14,0.0,0.0,0.0,-2.6436131801295956e-13,-6.221203719832403e-13,-4.7628249192659e-14,1.0769485012739531e-17,2.5221774989395954e-17,-5.512769779613977e-19,0.034127142,0.034127142,0.008531785499999911,0.008531785500000253,0.008531785500000133,0.0085317854999997,533.2849613480555,533.2849613480662,533.2849613480624,533.2849613480489,-3.863896005460442,1.0199706000001014,2.2458233871213863e-11,-9.548802340935112e-12,0.444848184862899
10.97,attitude_only,-2.2033690001392911e-13,-5.181046133683834e-13,-1.765484405335795e-14,1.0,-0.0,-0.0,0.0,1.0,-4.4067380002783995e-13,-1.0362092267367746e-12,-3.5309688106487585e-14,0.0,0.0,0.0,-2.6252917338246636e-13,-6.182804372809473e-13,-4.783475595727233e-14,1.1196203189972317e-17,2.679665771945368e-17,-5.512769779613977e-19,0.034127142,0.034127142,0.008531785499999903,0.008531785500000269,0.008531785500000142,0.008531785499999684,533.2849613480553,533.2849613480668,533.2849613480627,533.2849613480485,-3.952089355233409,1.0199706000001014,2.2626130973881148e-11,-9.62018005639286e-12,0.40179955731964717
10.98,attitude_only,-2.2164506050779618e-13,-5.211855872733398e-13,-1.789582830994537e-14,1.0,-0.0,-0.0,0.0,1.0,-4.432901210155737e-13,-1.0423711745466875e-12,-3.5791656619659704e-14,0.0,0.0,0.0,-2.6090868520744515e-13,-6.144713065215468e-13,-4.872108859453868e-14,1.186070423202126e-17,2.8370413873388525e-17,-5.512769779613977e-19,0.034127142,0.034127142,0.008531785499999896,0.008531785500000286,0.008531785500000149,0.008531785499999668,533.284961348055,533.2849613480672,533.2849613480629,533.2849613480479,-4.0402827050512915,1.0199706000001014,2.279392665260479e-11,-9.691514642214354e-12,0.3578689962764199
10.99,attitude_only,-2.2294514318536966e-13,-5.242470989421468e-13,-1.8141924669711338e-14,1.0,-0.0,-0.0,0.0,1.0,-4.458902863707203e-13,-1.0484941978843017e-12,-3.628384933918892e-14,0.0,0.0,0.0,-2.5927340201286517e-13,-6.104931427824639e-13,-4.9566371617089145e-14,1.2491098418653897e-17,2.970154881431345e-17,-5.512769779613977e-19,0.034127142,0.034127142,0.00853178549999989,0.008531785500000302,0.008531785500000154,0.008531785499999653,533.2849613480548,533.2849613480678,533.2849613480631,533.2849613480474,-4.1284760549052155,1.0199706000001014,2.296162030496067e-11,-9.76280583796323e-12,0.31305650173321176
11.0,attitude_only,-2.242364618052942e-13,-5.272879976553328e-13,-1.8391211682828853e-14,1.0,-0.0,-0.0,0.0,1.0,-4.48472923610569e-13,-1.054575995310674e-12,-3.678242336542123e-14,0.0,0.0,0.0,-2.57410473787036e-13,-6.062468125466272e-13,-5.003169193709008e-14,1.2829689285529181e-17,3.0668420656775566e-17,-5.512769779613977e-19,0.034127142,0.034127142,0.008531785499999885,0.00853178550000031,0.00853178550000016,0.008531785499999642,533.2849613480547,533.284961348068,533.2849613480632,533.2849613480471,-4.216669404788056,1.0199706000001014,2.312921133777063e-11,-9.834053392531298e-12,0.2673620736900186
11.01,attitude_only,-2.143190461010839e-13,-5.039601634138695e-13,-1.8642056094360208e-14,1.0,-0.0,-0.0,0.0,1.0,-4.28638092202149e-13,-1.007920326827747e-12,-3.72841121885044e-14,0.0,0.0,0.0,2.2142744163263334e-11,5.2091846998353204e-11,-5.0220780022079855e-14,-2.7088783316807542e-14,-6.372796262240653e-14,-5.512769779613977e-19,0.034127142,0.034127142,0.008531785500281629,0.008531785499301966,0.008531785499718416,0.008531785500697987,533.28496135686,533.2849613262428,533.284961339258,533.2849613698723,-4.304862754694096,1.0199706000001014,2.329669916347155e-11,-9.905257059006456e-12,0.220785712146837
11.02,zero_thrust,-7.667625117950522e-14,-1.8014837495858252e-13,-1.8892980057280448e-14,1.0,0.0,0.0,0.0,1.0,-1.5335250235900362e-13,-3.602967499171679e-13,-3.778596011453327e-14,0.0,0.0,0.0,3.191865453515124e-11,7.509037695269481e-11,-5.0031651332930315e-14,0.0,0.0,0.0,0.0,0.0,0.0,0.0,0.0,0.0,0.0,0.0,0.0,0.0,-4.215512888081753,1.0199706000001014,2.3453781231644388e-11,-9.97203576627646e-12,0.182204577930514
11.03,zero_thrust,9.736735680651712e-14,2.292993784232592e-13,-1.9141904075928413e-14,1.0,0.0,0.0,0.0,1.0,1.9473471361302545e-13,4.585987568465221e-13,-3.828380815181218e-14,0.0,0.0,0.0,3.532890580419564e-11,8.31134834754531e-11,-4.973238293299649e-14,0.0,0.0,0.0,0.0,0.0,0.0,0.0,0.0,0.0,0.0,0.0,0.0,0.0,-3.561318016045446,1.0199706000001014,2.3598718349667444e-11,-1.0033645990879218e-11,0.17275919265151207
11.04,zero_thrust,2.56241494306876e-13,6.030614891762455e-13,-1.9390308264753945e-14,1.0,0.0,0.0,0.0,1.0,5.124829886137286e-13,1.2061229783525008e-12,-3.8780616529198834e-14,0.0,0.0,0.0,2.784191007241942e-11,6.550013148412879e-11,-4.95978379749277e-14,0.0,0.0,0.0,0.0,0.0,0.0,0.0,0.0,0.0,0.0,0.0,0.0,0.0,-2.3937955471076204,1.0199706000001014,2.3755158067705477e-11,-1.0100138892665923e-11,0.19552213593795245
11.05,zero_thrust,3.7403080538692047e-13,8.801700291006028e-13,-1.9637886323666885e-14,1.0,0.0,0.0,0.0,1.0,7.480616107738064e-13,1.7603400582012203e-12,-3.927577264667535e-14,0.0,0.0,0.0,2.2098930714478158e-11,5.1989452810852397e-11,-4.9486524742353415e-14,0.0,0.0,0.0,0.0,0.0,0.0,0.0,0.0,0.0,0.0,0.0,0.0,0.0,-1.0824286458301708,1.0199706000001014,2.3932291021649988e-11,-1.0175423764861694e-11,0.23715252553074784
11.06,zero_thrust,4.839633997881057e-13,1.138794720453495e-12,-1.9884740005959473e-14,1.0,0.0,0.0,0.0,1.0,9.679267995761661e-13,2.2775894409070094e-12,-3.9769480010816674e-14,0.0,0.0,0.0,2.190874769039267e-11,5.15419318336436e-11,-4.931091684708221e-14,0.0,0.0,0.0,0.0,0.0,0.0,0.0,0.0,0.0,0.0,0.0,0.0,0.0,-0.02489960727909324,1.0199706000001014,2.411139136040748e-11,-1.0251544626031926e-11,0.2792046909999991
11.07,zero_thrust,5.93166178670104e-13,1.3957021776622863e-12,-2.013088917299261e-14,1.0,0.0,0.0,0.0,1.0,1.186332357340152e-12,2.7914043553245964e-12,-4.0261778344329454e-14,0.0,0.0,0.0,2.179337038942517e-11,5.1270502147268955e-11,-4.919470270775697e-14,0.0,0.0,0.0,0.0,0.0,0.0,0.0,0.0,0.0,0.0,0.0,0.0,0.0,0.8018384305976582,1.0199706000001014,2.4290513512326907e-11,-1.0327674757108701e-11,0.3202925968210449
11.08,zero_thrust,7.019262466699874e-13,1.6515681308997645e-12,-2.0376583067199546e-14,1.0,0.0,0.0,0.0,1.0,1.4038524933399076e-12,3.3031362617995576e-12,-4.0753166132080535e-14,0.0,0.0,0.0,2.1723396128177358e-11,5.110587573150556e-11,-4.907732678389836e-14,0.0,0.0,0.0,0.0,0.0,0.0,0.0,0.0,0.0,0.0,0.0,0.0,0.0,1.4438198010182175,1.0199706000001014,2.4469653806299928e-11,-1.040381259782133e-11,0.36041004964804857
11.09,zero_thrust,8.104178820018859e-13,1.9068023631881796e-12,-2.0621739593435627e-14,1.0,0.0,0.0,0.0,1.0,1.6208357640036931e-12,3.813604726376392e-12,-4.124347918378064e-14,0.0,0.0,0.0,2.168099536839981e-11,5.100600963452307e-11,-4.8987550181642374e-14,0.0,0.0,0.0,0.0,0.0,0.0,0.0,0.0,0.0,0.0,0.0,0.0,0.0,1.9379207083911045,1.0199706000001014,2.4648808069331778e-11,-1.04799563756252e-11,0.39955329302687426
11.1,zero_thrust,9.187466549816367e-13,2.1616533645610373e-12,-2.0866508594149427e-14,1.0,0.0,0.0,0.0,1.0,1.8374933099631832e-12,4.323306729122113e-12,-4.173301718432683e-14,0.0,0.0,0.0,2.165520295524113e-11,5.094542852212041e-11,-4.893999433599578e-14,0.0,0.0,0.0,0.0,0.0,0.0,0.0,0.0,0.0,0.0,0.0,0.0,0.0,2.3136716772337462,1.0199706000001014,2.4827972598144707e-11,-1.0556104516933132e-11,0.4377200485529166
11.11,zero_thrust,1.026976403052664e-12,2.416271994740957e-12,-2.1111008093068733e-14,1.0,0.0,0.0,0.0,1.0,2.053952806105226e-12,4.832543989481958e-12,-4.222201618117456e-14,0.0,0.0,0.0,2.163952837113932e-11,5.090871955258497e-11,-4.8873998630410617e-14,0.0,0.0,0.0,0.0,0.0,0.0,0.0,0.0,0.0,0.0,0.0,0.0,0.0,2.594715056807227,1.0199706000001014,2.5007144439877132e-11,-1.0632255764644958e-11,0.4749089343039273
11.12,zero_thrust,1.1351459645832196e-12,2.6707497546254352e-12,-2.1355258743590032e-14,1.0,0.0,0.0,0.0,1.0,2.2702919291663253e-12,5.341499509250919e-12,-4.2710517481116683e-14,0.0,0.0,0.0,2.1630031089061208e-11,5.088642822421589e-11,-4.883708421560296e-14,0.0,0.0,0.0,0.0,0.0,0.0,0.0,0.0,0.0,0.0,0.0,0.0,0.0,2.79997560140099,1.0199706000001014,2.5186321375887183e-11,-1.0708409175198705e-11,0.5111191121016934
11.13,zero_thrust,1.2432791814665673e-12,2.9251419000677796e-12,-2.15993685604493e-14,1.0,0.0,0.0,0.0,1.0,2.486558362933008e-12,5.8502838001356125e-12,-4.3198737113625065e-14,0.0,0.0,0.0,2.162431284705005e-11,5.0872888887298045e-11,-4.880338849906591e-14,0.0,0.0,0.0,0.0,0.0,0.0,0.0,0.0,0.0,0.0,0.0,0.0,0.0,2.944599710395544,1.0199706000001014,2.536550179940066e-11,-1.0784564068139724e-11,0.5463500735654302
11.14,zero_thrust,1.3513904832119196e-12,3.179482162878081e-12,-2.1843308580566335e-14,1.0,0.0,0.0,0.0,1.0,2.7027809664237002e-12,6.358964325756221e-12,-4.368661715253922e-14,0.0,0.0,0.0,2.162083182366577e-11,5.0864705172359096e-11,-4.87801448781725e-14,0.0,0.0,0.0,0.0,0.0,0.0,0.0,0.0,0.0,0.0,0.0,0.0,0.0,3.0407085039399573,1.0199706000001014,2.554468458019033e-11,-1.0860719964083482e-11,0.5806015103466056
11.15,zero_thrust,1.4594883609849906e-12,3.433790937797481e-12,-2.2087181026110627e-14,1.0,0.0,0.0,0.0,1.0,2.9189767219698293e-12,6.867581875595027e-12,-4.41743620421981e-14,0.0,0.0,0.0,2.1618727284207e-11,5.085971175668959e-11,-4.8769407788456715e-14,0.0,0.0,0.0,0.0,0.0,0.0,0.0,0.0,0.0,0.0,0.0,0.0,0.0,3.098001304667476,1.0199706000001014,2.572386893746189e-11,-1.0936876529732976e-11,0.6138732354223804
11.16,zero_thrust,1.5675781150895093e-12,3.688080534956886e-12,-2.233100815908437e-14,1.0,0.0,0.0,0.0,1.0,3.135156230178854e-12,7.376161069913842e-12,-4.466201630660603e-14,0.0,0.0,0.0,2.1617428341883525e-11,5.085668083439545e-11,-4.875892099788068e-14,0.0,0.0,0.0,0.0,0.0,0.0,0.0,0.0,0.0,0.0,0.0,0.0,0.0,3.1242390424397644,1.0199706000001014,2.5903054339209054e-11,-1.1013033539613913e-11,0.6461651353576688
11.17,zero_thrust,1.6756630055045843e-12,3.942358521649962e-12,-2.257475688671933e-14,1.0,0.0,0.0,0.0,1.0,3.3513260110089905e-12,7.8847170433e-12,-4.514951376022653e-14,0.0,0.0,0.0,2.1616658068927295e-11,5.0854841304826267e-11,-4.8744922336873615e-14,0.0,0.0,0.0,0.0,0.0,0.0,0.0,0.0,0.0,0.0,0.0,0.0,0.0,3.1256313538107148,1.0199706000001014,2.6082240428547444e-11,-1.1089190842165422e-11,0.6774771413506133
11.18,zero_thrust,1.7837448595255044e-12,4.196629471903888e-12,-2.2818455726451732e-14,1.0,0.0,0.0,0.0,1.0,3.5674897190508173e-12,8.393258943807857e-12,-4.563691143793203e-14,0.0,0.0,0.0,2.1616167384491384e-11,5.0853739588630814e-11,-4.8736289866425245e-14,0.0,0.0,0.0,0.0,0.0,0.0,0.0,0.0,0.0,0.0,0.0,0.0,0.0,3.1071464894518814,1.0199706000001014,2.626142696763181e-11,-1.116534833567816e-11,0.7078092116707781
11.19,zero_thrust,1.891824930709709e-12,4.450896160967376e-12,-2.3062124351391376e-14,1.0,0.0,0.0,0.0,1.0,3.783649861419213e-12,8.90179232193484e-12,-4.612424868594212e-14,0.0,0.0,0.0,2.1615906689311483e-11,5.08530546585465e-11,-4.8731500107352943e-14,0.0,0.0,0.0,0.0,0.0,0.0,0.0,0.0,0.0,0.0,0.0,0.0,0.0,3.072759378293439,1.0199706000001014,2.644061379949537e-11,-1.124150595364777e-11,0.7371613210073742
11.2,zero_thrust,1.99990396268179e-12,4.705160196369487e-12,-2.3305771492873798e-14,1.0,0.0,0.0,0.0,1.0,3.9998079253633614e-12,9.410320392739067e-12,-4.661154296692786e-14,0.0,0.0,0.0,2.161572415310544e-11,5.085264499773078e-11,-4.872776368017563e-14,0.0,0.0,0.0,0.0,0.0,0.0,0.0,0.0,0.0,0.0,0.0,0.0,0.0,3.025650162659918,1.0199706000001014,2.6619800820414002e-11,-1.1317663652725919e-11,0.7655334540086319
11.21,zero_thrust,2.1079822583435452e-12,4.959422716069728e-12,-2.3549397348303836e-14,1.0,0.0,0.0,0.0,1.0,4.215964516686857e-12,9.918845432139554e-12,-4.709879467569892e-14,0.0,0.0,0.0,2.1615616467620737e-11,5.085241088065858e-11,-4.8724015791280616e-14,0.0,0.0,0.0,0.0,0.0,0.0,0.0,0.0,0.0,0.0,0.0,0.0,0.0,2.968363077219859,1.0199706000001014,2.6798987963922037e-11,-1.139382140326896e-11,0.7929256013632324
11.22,zero_thrust,2.216060121336912e-12,5.213684299959783e-12,-2.3793009441478552e-14,1.0,0.0,0.0,0.0,1.0,4.432120242673576e-12,1.0427368599919671e-11,-4.758601885984943e-14,0.0,0.0,0.0,2.1615540832222165e-11,5.0852253068022195e-11,-4.872105976770901e-14,0.0,0.0,0.0,0.0,0.0,0.0,0.0,0.0,0.0,0.0,0.0,0.0,0.0,2.9029335829827607,1.0199706000001014,2.697817518620161e-11,-1.1469979187052096e-11,0.8193377574235755
11.23,zero_thrust,2.3241377278910125e-12,5.467945359847281e-12,-2.4036608527674818e-14,1.0,0.0,0.0,0.0,1.0,4.6482754557817625e-12,1.0935890719694674e-11,-4.807321702993312e-14,0.0,0.0,0.0,2.1615492256401734e-11,5.085218212444699e-11,-4.8719145110928745e-14,0.0,0.0,0.0,0.0,0.0,0.0,0.0,0.0,0.0,0.0,0.0,0.0,0.0,2.830990093199077,1.0199706000001014,2.7157362459105734e-11,-1.154613699215288e-11,0.8447699187642184
11.24,zero_thrust,2.4322151511168117e-12,5.722206133652591e-12,-2.4280201073415877e-14,1.0,0.0,0.0,0.0,1.0,4.8644303022333455e-12,1.1444412267305299e-11,-4.856040211899648e-14,0.0,0.0,0.0,2.1615471972319527e-11,5.085213481030796e-11,-4.871835120882624e-14,0.0,0.0,0.0,0.0,0.0,0.0,0.0,0.0,0.0,0.0,0.0,0.0,0.0,2.7538353654254095,1.0199706000001014,2.7336549764665595e-11,-1.1622294810641187e-11,0.8692220833075253
11.25,zero_thrust,2.5402924230259388e-12,5.976466742666881e-12,-2.4523789886447062e-14,1.0,0.0,0.0,0.0,1.0,5.080584846051584e-12,1.1952933485333886e-11,-4.904757974253018e-14,0.0,0.0,0.0,2.16154431427264e-11,5.0852107522737957e-11,-4.871738963263008e-14,0.0,0.0,0.0,0.0,0.0,0.0,0.0,0.0,0.0,0.0,0.0,0.0,0.0,2.672511622056748,1.0199706000001014,2.751573709106085e-11,-1.1698452637479687e-11,0.8926942497933458
11.26,zero_thrust,2.648369639573815e-12,6.23072722726509e-12,-2.4767374171714292e-14,1.0,0.0,0.0,0.0,1.0,5.2967392791473215e-12,1.2461454454530311e-11,-4.9534748310426045e-14,0.0,0.0,0.0,2.1615441403481242e-11,5.085208991704217e-11,-4.871642330717777e-14,0.0,0.0,0.0,0.0,0.0,0.0,0.0,0.0,0.0,0.0,0.0,0.0,0.0,2.5878526509256985,1.0199706000001014,2.7694924430530993e-11,-1.1774610469778534e-11,0.9151864174573603
11.27,zero_thrust,2.7564468631688832e-12,6.4849876648550685e-12,-2.5010954250848482e-14,1.0,0.0,0.0,0.0,1.0,5.512893726337442e-12,1.2969975329710274e-11,-5.0021908465945914e-14,0.0,0.0,0.0,2.1615448569761884e-11,5.085208226136765e-11,-4.8715874554188295e-14,0.0,0.0,0.0,0.0,0.0,0.0,0.0,0.0,0.0,0.0,0.0,0.0,0.0,2.5005254883130776,1.0199706000001014,2.7874111778478543e-11,-1.1850768305852396e-11,0.9366985858359858
11.28,zero_thrust,2.8645241021111717e-12,6.739248093818521e-12,-2.5254531895749464e-14,1.0,0.0,0.0,0.0,1.0,5.729048204222003e-12,1.3478496187637187e-11,-5.050906375288945e-14,0.0,0.0,0.0,2.16154479347784e-11,5.085208787942515e-11,-4.8715193745555276e-14,0.0,0.0,0.0,0.0,0.0,0.0,0.0,0.0,0.0,0.0,0.0,0.0,0.0,2.411063766891649,1.0199706000001014,2.805329913190142e-11,-1.1926926144432513e-11,0.9572307546480446
11.29,zero_thrust,2.9726013527766947e-12,6.9935085267320234e-12,-2.5498106197790257e-14,1.0,0.0,0.0,0.0,1.0,5.945202705553032e-12,1.3987017053464199e-11,-5.099621235400269e-14,0.0,0.0,0.0,2.1615452555784583e-11,5.085208076198773e-11,-4.8714659809548153e-14,0.0,0.0,0.0,0.0,0.0,0.0,0.0,0.0,0.0,0.0,0.0,0.0,0.0,2.3198943950122484,1.0199706000001014,2.8232486488915065e-11,-1.200308398457164e-11,0.9767829237229941
11.3,zero_thrust,3.0806785689672895e-12,7.247768914559321e-12,-2.5741677595395615e-14,1.0,0.0,0.0,0.0,1.0,6.161357137934206e-12,1.44955378291188e-11,-5.148335514613514e-14,0.0,0.0,0.0,2.161542868676301e-11,5.085207635996688e-11,-4.871412183265603e-14,0.0,0.0,0.0,0.0,0.0,0.0,0.0,0.0,0.0,0.0,0.0,0.0,0.0,2.227358900697824,1.0199706000001014,2.8411673847821216e-11,-1.2079241825511777e-11,0.995355092957395
11.31,zero_thrust,3.1887556781150085e-12,7.502029343480972e-12,-2.598524695817404e-14,1.0,0.0,0.0,0.0,1.0,6.377511356229627e-12,1.500405868696211e-11,-5.197049386850381e-14,0.0,0.0,0.0,2.1615420123475264e-11,5.085208957371419e-11,-4.8713719280949234e-14,0.0,0.0,0.0,0.0,0.0,0.0,0.0,0.0,0.0,0.0,0.0,0.0,0.0,2.133730507180524,1.0199706000001014,2.859086120834482e-11,-1.2155399666246391e-11,1.0129472622885078
11.32,zero_thrust,3.296832796284103e-12,7.75628981573243e-12,-2.6228814838511783e-14,1.0,0.0,0.0,0.0,1.0,6.593665592567799e-12,1.5512579631465036e-11,-5.2457629625881184e-14,0.0,0.0,0.0,2.1615423144616493e-11,5.085210122139579e-11,-4.871344542139359e-14,0.0,0.0,0.0,0.0,0.0,0.0,0.0,0.0,0.0,0.0,0.0,0.0,0.0,2.0392277935398635,1.0199706000001014,2.877004857004987e-11,-1.2231557507375246e-11,1.0295594316782797
11.33,zero_thrust,3.404909943832795e-12,8.01055033246368e-12,-2.647238121052683e-14,1.0,0.0,0.0,0.0,1.0,6.809819887665166e-12,1.602110066492754e-11,-5.2944762366503256e-14,0.0,0.0,0.0,2.1615434898299362e-11,5.085209900911113e-11,-4.871313522200816e-14,0.0,0.0,0.0,0.0,0.0,0.0,0.0,0.0,0.0,0.0,0.0,0.0,0.0,1.9440256233388944,1.0199706000001014,2.8949235932661048e-11,-1.2307715348911238e-11,1.0451916011036295
11.34,zero_thrust,3.5129870912202443e-12,8.26481084444562e-12,-2.6715946196275118e-14,1.0,0.0,0.0,0.0,1.0,7.025974182440047e-12,1.6529621688891428e-11,-5.343189233448189e-14,0.0,0.0,0.0,2.1615426773568292e-11,5.085211050420864e-11,-4.871291260387867e-14,0.0,0.0,0.0,0.0,0.0,0.0,0.0,0.0,0.0,0.0,0.0,0.0,0.0,1.848263887609707,1.0199706000001014,2.912842329553526e-11,-1.2383873190661326e-11,1.0598437705505588
11.35,zero_thrust,3.6210641999644336e-12,8.519071403814434e-12,-2.6959510330750343e-14,1.0,0.0,0.0,0.0,1.0,7.2421283999284075e-12,1.7038142807629062e-11,-5.3919020599804475e-14,0.0,0.0,0.0,2.161542564597072e-11,5.085211323434726e-11,-4.8712720950024264e-14,0.0,0.0,0.0,0.0,0.0,0.0,0.0,0.0,0.0,0.0,0.0,0.0,0.0,1.7520544992881255,1.0199706000001014,2.930761065898462e-11,-1.2460031032209806e-11,1.0735159400105765
11.36,zero_thrust,3.7291412839724175e-12,8.77333199429375e-12,-2.7203073679120735e-14,1.0,0.0,0.0,0.0,1.0,7.458282567944358e-12,1.7546663988587703e-11,-5.440614729280748e-14,0.0,0.0,0.0,2.161542176179125e-11,5.0852121014636e-11,-4.871263577257516e-14,0.0,0.0,0.0,0.0,0.0,0.0,0.0,0.0,0.0,0.0,0.0,0.0,0.0,1.6554869887896357,1.0199706000001014,2.948679802276729e-11,-1.253618887365303e-11,1.086208109478533
11.37,zero_thrust,3.837218365008535e-12,9.02759259869817e-12,-2.7446636631964286e-14,1.0,0.0,0.0,0.0,1.0,7.674436730016573e-12,1.805518519739655e-11,-5.489327319464688e-14,0.0,0.0,0.0,2.1615413654355545e-11,5.0852113503066306e-11,-4.8712559303542526e-14,0.0,0.0,0.0,0.0,0.0,0.0,0.0,0.0,0.0,0.0,0.0,0.0,0.0,1.5586329804871029,1.0199706000001014,2.9665985386783995e-11,-1.2612346715125997e-11,1.0979202789513045
11.38,zero_thrust,3.9452953724547466e-12,9.281853192682739e-12,-2.7690199162038365e-14,1.0,0.0,0.0,0.0,1.0,7.89059074490898e-12,1.8563706385365697e-11,-5.5380398250837425e-14,0.0,0.0,0.0,2.1615397130654057e-11,5.0852124418820345e-11,-4.87124738771161e-14,0.0,0.0,0.0,0.0,0.0,0.0,0.0,0.0,0.0,0.0,0.0,0.0,0.0,1.4615497739035248,1.0199706000001014,2.984517275071662e-11,-1.2688504556138777e-11,1.1086524484269964
11.39,zero_thrust,4.0533723568770325e-12,9.536113785814227e-12,-2.7933761408004678e-14,1.0,0.0,0.0,0.0,1.0,8.106744713753532e-12,1.907222757162868e-11,-5.5867522738702514e-14,0.0,0.0,0.0,2.1615387945899498e-11,5.085210735392804e-11,-4.8712427655125966e-14,0.0,0.0,0.0,0.0,0.0,0.0,0.0,0.0,0.0,0.0,0.0,0.0,0.0,1.3642832086720917,1.0199706000001014,3.002436011477335e-11,-1.276466239697984e-11,1.1184046179044598
11.4,zero_thrust,4.161449364820776e-12,9.790374375742333e-12,-2.8177323454924673e-14,1.0,0.0,0.0,0.0,1.0,8.322898729640999e-12,1.9580748751484902e-11,-5.635464682836505e-14,0.0,0.0,0.0,2.1615394078968955e-11,5.085212798316721e-11,-4.8712402245195625e-14,0.0,0.0,0.0,0.0,0.0,0.0,0.0,0.0,0.0,0.0,0.0,0.0,0.0,1.2668699565084347,1.0199706000001014,3.020354747869711e-11,-1.2840820237939879e-11,1.1271767873829976
11.41,zero_thrust,4.269526321894193e-12,1.0044634958103528e-11,-2.842088545266127e-14,1.0,0.0,0.0,0.0,1.0,8.539052643787815e-12,2.00892699162073e-11,-5.6841770819550874e-14,0.0,0.0,0.0,2.161538443379307e-11,5.085210772554734e-11,-4.871238911698671e-14,0.0,0.0,0.0,0.0,0.0,0.0,0.0,0.0,0.0,0.0,0.0,0.0,0.0,1.1693393547905342,1.0199706000001014,3.0382734842723134e-11,-1.2916978078606422e-11,1.1349689568621868
11.42,zero_thrust,4.377603223308906e-12,1.0298895506148401e-11,-2.866444732258885e-14,1.0,0.0,0.0,0.0,1.0,8.755206446617222e-12,2.0597791012297054e-11,-5.732889455500874e-14,0.0,0.0,0.0,2.1615387384118118e-11,5.0852111897691376e-11,-4.871236316174542e-14,0.0,0.0,0.0,0.0,0.0,0.0,0.0,0.0,0.0,0.0,0.0,0.0,0.0,1.0717148734241229,1.0199706000001014,3.0561922206433475e-11,-1.2993135918845476e-11,1.1417811263417714
11.43,zero_thrust,4.485680151704974e-12,1.055315605644101e-11,-2.890800906927376e-14,1.0,0.0,0.0,0.0,1.0,8.971360303409337e-12,2.1106312112882277e-11,-5.781601804387135e-14,0.0,0.0,0.0,2.161537987879881e-11,5.0852105460948546e-11,-4.871234416410517e-14,0.0,0.0,0.0,0.0,0.0,0.0,0.0,0.0,0.0,0.0,0.0,0.0,0.0,0.97401528833579,1.0199706000001014,3.074110957020123e-11,-1.3069293759310605e-11,1.1476132958215959
11.44,zero_thrust,4.593757018278531e-12,1.0807416629625675e-11,-2.9151570765954217e-14,1.0,0.0,0.0,0.0,1.0,9.187514036556432e-12,2.1614833259251618e-11,-5.830314143261514e-14,0.0,0.0,0.0,2.1615370254300014e-11,5.0852115358861604e-11,-4.8712334877096434e-14,0.0,0.0,0.0,0.0,0.0,0.0,0.0,0.0,0.0,0.0,0.0,0.0,0.0,0.876255620268028,1.0199706000001014,3.092029693407445e-11,-1.3145451599354483e-11,1.1524654653015656
11.45,zero_thrust,4.701833798529996e-12,1.1061677162324722e-11,-2.9395132413643115e-14,1.0,0.0,0.0,0.0,1.0,9.403667597059341e-12,2.2123354324649722e-11,-5.87902647232659e-14,0.0,0.0,0.0,2.1615353227622195e-11,5.085209890256321e-11,-4.871232347239682e-14,0.0,0.0,0.0,0.0,0.0,0.0,0.0,0.0,0.0,0.0,0.0,0.0,0.0,0.7784478858155858,1.0199706000001014,3.1099484297759656e-11,-1.3221609438824623e-11,1.1563376347816237
11.46,zero_thrust,4.809910518775918e-12,1.1315937680773143e-11,-2.963869401311157e-14,1.0,0.0,0.0,0.0,1.0,9.619821037551166e-12,2.263187536154657e-11,-5.927738791736585e-14,0.0,0.0,0.0,2.161533080459843e-11,5.085210770163674e-11,-4.871231597009746e-14,0.0,0.0,0.0,0.0,0.0,0.0,0.0,0.0,0.0,0.0,0.0,0.0,0.0,0.6806016982546831,1.0199706000001014,3.127867166125914e-11,-1.3297767277896743e-11,1.1592298042617348
11.47,zero_thrust,4.9179871943319425e-12,1.1570198231559532e-11,-2.98822555676114e-14,1.0,0.0,0.0,0.0,1.0,9.835974388663194e-12,2.3140396463119357e-11,-5.976451102141863e-14,0.0,0.0,0.0,2.161534191297161e-11,5.085210278636268e-11,-4.871230733332553e-14,0.0,0.0,0.0,0.0,0.0,0.0,0.0,0.0,0.0,0.0,0.0,0.0,0.0,0.5827247482066195,1.0199706000001014,3.145785902503191e-11,-1.3373925116541811e-11,1.1611419737418784
11.48,zero_thrust,5.026063890032878e-12,1.1824458777664003e-11,-3.012581708406253e-14,1.0,0.0,0.0,0.0,1.0,1.0052127780065043e-11,2.364891755532831e-11,-6.025163404926409e-14,0.0,0.0,0.0,2.161533920399322e-11,5.0852116355065046e-11,-4.871230037549727e-14,0.0,0.0,0.0,0.0,0.0,0.0,0.0,0.0,0.0,0.0,0.0,0.0,0.0,0.48482318816856823,1.0199706000001014,3.1637046388708314e-11,-1.3450082955375206e-11,1.162074143222042
11.49,zero_thrust,5.134140571307043e-12,1.2078719303592416e-11,-3.03693785733025e-14,1.0,0.0,0.0,0.0,1.0,1.0268281142613353e-11,2.4157438607185145e-11,-6.07387570225773e-14,0.0,0.0,0.0,2.161533521950739e-11,5.085209753295529e-11,-4.8712295610894104e-14,0.0,0.0,0.0,0.0,0.0,0.0,0.0,0.0,0.0,0.0,0.0,0.0,0.0,0.38690194013836265,1.0199706000001014,3.1816233752357315e-11,-1.352624079411283e-11,1.1620263127022175
11.5,zero_thrust,5.2422172327521435e-12,1.2332979803303836e-11,-3.0612940038776145e-14,1.0,0.0,0.0,0.0,1.0,1.0484434465503533e-11,2.466595960660799e-11,-6.122587994824797e-14,0.0,0.0,0.0,2.161532703880307e-11,5.085209927983765e-11,-4.871229187483742e-14,0.0,0.0,0.0,0.0,0.0,0.0,0.0,0.0,0.0,0.0,0.0,0.0,0.0,0.28896494171434023,1.0199706000001014,3.199542111575267e-11,-1.3602398632727225e-11,1.1609984821824
11.51,zero_thrust,5.350293863036437e-12,1.25872402864401e-11,-3.085650148892743e-14,1.0,0.0,0.0,0.0,1.0,1.0700587726072097e-11,2.517448057288053e-11,-6.171300284316399e-14,0.0,0.0,0.0,2.1615323334207176e-11,5.0852089996792583e-11,-4.8712288902627484e-14,0.0,0.0,0.0,0.0,0.0,0.0,0.0,0.0,0.0,0.0,0.0,0.0,0.0,0.1910153429752155,1.0199706000001014,3.21746084790712e-11,-1.3678556471109414e-11,1.1589906516625872
11.52,zero_thrust,5.458370491858376e-12,1.284150076142021e-11,-3.110006292731465e-14,1.0,0.0,0.0,0.0,1.0,1.0916740983715953e-11,2.568300152284076e-11,-6.220012571444196e-14,0.0,0.0,0.0,2.1615328913827268e-11,5.085210068085928e-11,-4.871228678502021e-14,0.0,0.0,0.0,0.0,0.0,0.0,0.0,0.0,0.0,0.0,0.0,0.0,0.0,0.09305566398396453,1.0199706000001014,3.235379584226366e-11,-1.3754714309449178e-11,1.1560028211427769
11.53,zero_thrust,5.566447114211127e-12,1.3095761224206747e-11,-3.134362435490017e-14,1.0,0.0,0.0,0.0,1.0,1.1132894228421433e-11,2.6191522448413843e-11,-6.268724856400662e-14,0.0,0.0,0.0,2.1615327010603456e-11,5.085208953409987e-11,-4.871228478841653e-14,0.0,0.0,0.0,0.0,0.0,0.0,0.0,0.0,0.0,0.0,0.0,0.0,0.0,-0.004912079209000761,1.0199706000001014,3.2532983205447275e-11,-1.3830872147769994e-11,1.1520349906229683
11.54,zero_thrust,5.674523775391343e-12,1.3350021722247188e-11,-3.1587185775597796e-14,1.0,0.0,0.0,0.0,1.0,1.1349047550781843e-11,2.6700043444494735e-11,-6.317437139968557e-14,0.0,0.0,0.0,2.161532520440372e-11,5.0852103221796994e-11,-4.8712283733395906e-14,0.0,0.0,0.0,0.0,0.0,0.0,0.0,0.0,0.0,0.0,0.0,0.0,0.0,-0.10288627376333326,1.0199706000001014,3.271217056878972e-11,-1.3907029986360488e-11,1.147087160103161
11.55,zero_thrust,5.7826004205586874e-12,1.3604282256060231e-11,-3.183074719119899e-14,1.0,0.0,0.0,0.0,1.0,1.1565200841116509e-11,2.720856451212083e-11,-6.366149422506171e-14,0.0,0.0,0.0,2.161533266181122e-11,5.085211446851191e-11,-4.8712282924167894e-14,0.0,0.0,0.0,0.0,0.0,0.0,0.0,0.0,0.0,0.0,0.0,0.0,0.0,-0.20086562940681246,1.0199706000001014,3.2891357932389434e-11,-1.3983187824807424e-11,1.1411593295833538
11.56,zero_thrust,5.890677089517801e-12,1.3858542834491496e-11,-3.2074308603508433e-14,1.0,0.0,0.0,0.0,1.0,1.1781354179034713e-11,2.771708566898337e-11,-6.414861704374447e-14,0.0,0.0,0.0,2.1615332731979387e-11,5.085211866953853e-11,-4.8712282113049354e-14,0.0,0.0,0.0,0.0,0.0,0.0,0.0,0.0,0.0,0.0,0.0,0.0,0.0,-0.298849113921587,1.0199706000001014,3.307054529632393e-11,-1.4059345663445499e-11,1.134251499063547
11.57,zero_thrust,5.998753727650454e-12,1.4112803403589123e-11,-3.231787001206008e-14,1.0,0.0,0.0,0.0,1.0,1.1997507455299995e-11,2.8225606807178635e-11,-6.463573985480169e-14,0.0,0.0,0.0,2.1615319472538668e-11,5.08521097783693e-11,-4.871228144751659e-14,0.0,0.0,0.0,0.0,0.0,0.0,0.0,0.0,0.0,0.0,0.0,0.0,0.0,-0.39683590153340215,1.0199706000001014,3.3249732660239036e-11,-1.4135503501915556e-11,1.1263636685437406
11.58,zero_thrust,6.106830346649338e-12,1.4367064025919641e-11,-3.256143141788959e-14,1.0,0.0,0.0,0.0,1.0,1.221366069329774e-11,2.873412805183968e-11,-6.512286266030473e-14,0.0,0.0,0.0,2.1615331040033743e-11,5.085212149019313e-11,-4.8712281010761206e-14,0.0,0.0,0.0,0.0,0.0,0.0,0.0,0.0,0.0,0.0,0.0,0.0,0.0,-0.4948253316228499,1.0199706000001014,3.3428920024452704e-11,-1.4211661340166233e-11,1.1174958380239344
11.59,zero_thrust,6.21490698741023e-12,1.4621324581606126e-11,-3.2804992822351617e-14,1.0,0.0,0.0,0.0,1.0,1.24298139748195e-11,2.924264916321266e-11,-6.560998546296288e-14,0.0,0.0,0.0,2.1615325191202196e-11,5.085210295972326e-11,-4.871228078103754e-14,0.0,0.0,0.0,0.0,0.0,0.0,0.0,0.0,0.0,0.0,0.0,0.0,0.0,-0.5928168756944125,1.0199706000001014,3.360810738830807e-11,-1.4287819178628801e-11,1.107648007504128
11.6,zero_thrust,6.322983615082194e-12,1.487558514298183e-11,-3.3048554225934916e-14,1.0,0.0,0.0,0.0,1.0,1.2645967230163404e-11,2.975117028596408e-11,-6.609710826375367e-14,0.0,0.0,0.0,2.1615336260426078e-11,5.0852119287793357e-11,-4.871228061843401e-14,0.0,0.0,0.0,0.0,0.0,0.0,0.0,0.0,0.0,0.0,0.0,0.0,0.0,-0.6908101109516583,1.0199706000001014,3.3787294752081805e-11,-1.4363977016941526e-11,1.0968201769843218
11.61,zero_thrust,6.431060209069837e-12,1.5129845668305142e-11,-3.329211562863125e-14,1.0,0.0,0.0,0.0,1.0,1.2862120418138666e-11,3.025969133661071e-11,-6.65842310626606e-14,0.0,0.0,0.0,2.161531273678708e-11,5.085209735040078e-11,-4.871228048703352e-14,0.0,0.0,0.0,0.0,0.0,0.0,0.0,0.0,0.0,0.0,0.0,0.0,0.0,-0.7888046991574504,1.0199706000001014,3.396648211573789e-11,-1.4440134855140289e-11,1.0850123464645158
11.62,zero_thrust,6.539136779781433e-12,1.5384106213190915e-11,-3.353567703067954e-14,1.0,0.0,0.0,0.0,1.0,1.3078273559561833e-11,3.076821242638227e-11,-6.707135386016154e-14,0.0,0.0,0.0,2.1615327985356748e-11,5.085211242969881e-11,-4.8712280373118405e-14,0.0,0.0,0.0,0.0,0.0,0.0,0.0,0.0,0.0,0.0,0.0,0.0,0.0,-0.8868003697220432,1.0199706000001014,3.414566947940129e-11,-1.451629269304238e-11,1.0722245159447097
11.63,zero_thrust,6.647213418377037e-12,1.5638366790361764e-11,-3.3779238432275967e-14,1.0,0.0,0.0,0.0,1.0,1.3294426836753017e-11,3.1276733580723973e-11,-6.755847665664882e-14,0.0,0.0,0.0,2.161533087588718e-11,5.085211728929609e-11,-4.871228027432736e-14,0.0,0.0,0.0,0.0,0.0,0.0,0.0,0.0,0.0,0.0,0.0,0.0,0.0,-0.984796906173763,1.0199706000001014,3.432485684332474e-11,-1.4592450531459502e-11,1.0584566854249036
11.64,zero_thrust,6.755290022918425e-12,1.589262739552494e-11,-3.402279983352612e-14,1.0,0.0,0.0,0.0,1.0,1.3510580045835768e-11,3.178525479105034e-11,-6.804559945233363e-14,0.0,0.0,0.0,2.1615314412083278e-11,5.0852123090672813e-11,-4.871228020885971e-14,0.0,0.0,0.0,0.0,0.0,0.0,0.0,0.0,0.0,0.0,0.0,0.0,0.0,-1.082794135335139,1.0199706000001014,3.450404420743958e-11,-1.4668608369707112e-11,1.0437088549050975
11.65,zero_thrust,6.863366639059264e-12,1.614688799301677e-11,-3.4266361234322266e-14,1.0,0.0,0.0,0.0,1.0,1.3726733278117422e-11,3.229377598603401e-11,-6.85327222470005e-14,0.0,0.0,0.0,2.1615332447905366e-11,5.0852120053791064e-11,-4.871228012519846e-14,0.0,0.0,0.0,0.0,0.0,0.0,0.0,0.0,0.0,0.0,0.0,0.0,0.0,-1.1807919186642395,1.0199706000001014,3.46832315715318e-11,-1.4744766207915424e-11,1.0279810243852914
11.66,zero_thrust,6.971443282904849e-12,1.6401148578492477e-11,-3.450992263475343e-14,1.0,0.0,0.0,0.0,1.0,1.3942886565808565e-11,3.280229715698543e-11,-6.90198450408275e-14,0.0,0.0,0.0,2.1615327612802668e-11,5.085210983005742e-11,-4.871228006706154e-14,0.0,0.0,0.0,0.0,0.0,0.0,0.0,0.0,0.0,0.0,0.0,0.0,0.0,-1.2787901453275201,1.0199706000001014,3.4862418935565445e-11,-1.4820924046395918e-11,1.0112731938654853
11.67,zero_thrust,7.079519923106121e-12,1.6655409128416116e-11,-3.475348403499422e-14,1.0,0.0,0.0,0.0,1.0,1.4159039846211084e-11,3.3310818256832723e-11,-6.950696783416383e-14,0.0,0.0,0.0,2.1615322222893238e-11,5.085211400267768e-11,-4.871228003574655e-14,0.0,0.0,0.0,0.0,0.0,0.0,0.0,0.0,0.0,0.0,0.0,0.0,0.0,-1.3767887266581447,1.0199706000001014,3.504160629930181e-11,-1.4897081884853e-11,0.9935853633456793
11.68,zero_thrust,7.1875965072970305e-12,1.6909669726894566e-11,-3.499704543509139e-14,1.0,0.0,0.0,0.0,1.0,1.4375193014592877e-11,3.3819339453789635e-11,-6.999409062710302e-14,0.0,0.0,0.0,2.1615315670953326e-11,5.085211967899196e-11,-4.871228000195262e-14,0.0,0.0,0.0,0.0,0.0,0.0,0.0,0.0,0.0,0.0,0.0,0.0,0.0,-1.4747875917226487,1.0199706000001014,3.522079366337059e-11,-1.4973239722924623e-11,0.974917532825873
11.69,zero_thrust,7.295673056344974e-12,1.7163930309130968e-11,-3.5240606835060886e-14,1.0,0.0,0.0,0.0,1.0,1.459134611268874e-11,3.4327860618262453e-11,-7.048121341967693e-14,0.0,0.0,0.0,2.16153100416065e-11,5.085211872766337e-11,-4.8712279983755847e-14,0.0,0.0,0.0,0.0,0.0,0.0,0.0,0.0,0.0,0.0,0.0,0.0,0.0,-1.57278668377425,1.0199706000001014,3.539998102734947e-11,-1.5049397560748658e-11,0.9552697023060669
11.7,zero_thrust,7.403749587799058e-12,1.7418190918125132e-11,-3.5484168234935625e-14,1.0,0.0,0.0,0.0,1.0,1.480749917559688e-11,3.483638183625079e-11,-7.09683362119514e-14,0.0,0.0,0.0,2.1615306904599858e-11,5.0852121278894885e-11,-4.871227996756563e-14,0.0,0.0,0.0,0.0,0.0,0.0,0.0,0.0,0.0,0.0,0.0,0.0,0.0,-1.6707859574155308,1.0199706000001014,3.5579168391502244e-11,-1.5125555398441673e-11,0.9346418717862608
11.71,zero_thrust,7.51182615169607e-12,1.7672451504045422e-11,-3.572772963471404e-14,1.0,0.0,0.0,0.0,1.0,1.5023652303390877e-11,3.534490300809138e-11,-7.145545900392331e-14,0.0,0.0,0.0,2.161531688916714e-11,5.085212137111519e-11,-4.871227994854141e-14,0.0,0.0,0.0,0.0,0.0,0.0,0.0,0.0,0.0,0.0,0.0,0.0,0.0,-1.7687853763284789,1.0199706000001014,3.575835575550312e-11,-1.520171323631468e-11,0.9130340412664547
11.72,zero_thrust,7.619902730400368e-12,1.7926712107032236e-11,-3.5971291034428046e-14,1.0,0.0,0.0,0.0,1.0,1.5239805460799447e-11,3.585342421406502e-11,-7.194258179565648e-14,0.0,0.0,0.0,2.1615318733805305e-11,5.0852120674100016e-11,-4.8712279938051796e-14,0.0,0.0,0.0,0.0,0.0,0.0,0.0,0.0,0.0,0.0,0.0,0.0,0.0,-1.866784911458914,1.0199706000001014,3.5937543119625404e-11,-1.5277871074318957e-11,0.8904462107466486
11.73,zero_thrust,7.727979286600366e-12,1.8180972700066e-11,-3.621485243408966e-14,1.0,0.0,0.0,0.0,1.0,1.5455958573199413e-11,3.6361945400132565e-11,-7.242970458717496e-14,0.0,0.0,0.0,2.1615291544408776e-11,5.085212607196415e-11,-4.871227992744507e-14,0.0,0.0,0.0,0.0,0.0,0.0,0.0,0.0,0.0,0.0,0.0,0.0,0.0,-1.9647845395632644,1.0199706000001014,3.611673048365729e-11,-1.5354028912267693e-11,0.8668783802268425
11.74,zero_thrust,7.836055803916414e-12,1.8435233335377042e-11,-3.6458413833709647e-14,1.0,0.0,0.0,0.0,1.0,1.5672111607831484e-11,3.6870466670754654e-11,-7.291682737850026e-14,0.0,0.0,0.0,2.1615299307145512e-11,5.085211826511767e-11,-4.871227992135555e-14,0.0,0.0,0.0,0.0,0.0,0.0,0.0,0.0,0.0,0.0,0.0,0.0,0.0,-2.062784242046743,1.0199706000001014,3.6295917848029094e-11,-1.54301867498245e-11,0.8423305497070365
11.75,zero_thrust,7.94413226164329e-12,1.868949395407218e-11,-3.67019752333005e-14,1.0,0.0,0.0,0.0,1.0,1.5888264523285208e-11,3.737898790814494e-11,-7.340395016965738e-14,0.0,0.0,0.0,2.161529239449909e-11,5.085212973700626e-11,-4.871227991617022e-14,0.0,0.0,0.0,0.0,0.0,0.0,0.0,0.0,0.0,0.0,0.0,0.0,0.0,-2.160784004035555,1.0199706000001014,3.6475105212214535e-11,-1.550634458701634e-11,0.816802719187129
11.76,zero_thrust,8.052208710845201e-12,1.894375460685012e-11,-3.694553663286894e-14,1.0,0.0,0.0,0.0,1.0,1.6104417421689004e-11,3.788750921370083e-11,-7.389107296065975e-14,0.0,0.0,0.0,2.16152868370477e-11,5.085212702474101e-11,-4.871227991209422e-14,0.0,0.0,0.0,0.0,0.0,0.0,0.0,0.0,0.0,0.0,0.0,0.0,0.0,-2.2587838136205187,1.0199706000001014,3.6654292576697696e-11,-1.5582502424149027e-11,0.7902948886675258
11.77,zero_thrust,8.160285128333673e-12,1.9198015214431633e-11,-3.718909803241538e-14,1.0,0.0,0.0,0.0,1.0,1.632057025666592e-11,3.8396030428863873e-11,-7.437819575150821e-14,0.0,0.0,0.0,2.1615283149919422e-11,5.085211832566217e-11,-4.871227990694468e-14,0.0,0.0,0.0,0.0,0.0,0.0,0.0,0.0,0.0,0.0,0.0,0.0,0.0,-2.3567836612945756,1.0199706000001014,3.683347994087593e-11,-1.565866026104981e-11,0.7628070581476184
11.78,zero_thrust,8.268361567696098e-12,1.9452275760510885e-11,-3.743265943194051e-14,1.0,0.0,0.0,0.0,1.0,1.653672313539074e-11,3.890455152102239e-11,-7.486531854220412e-14,0.0,0.0,0.0,2.1615294344593756e-11,5.0852102462356535e-11,-4.87122799040511e-14,0.0,0.0,0.0,0.0,0.0,0.0,0.0,0.0,0.0,0.0,0.0,0.0,0.0,-2.4547835394338193,1.0199706000001014,3.7012667304651284e-11,-1.5734818098050916e-11,0.7343392276277111
11.79,zero_thrust,8.376438014711003e-12,1.9706536230431406e-11,-3.767622083145607e-14,1.0,0.0,0.0,0.0,1.0,1.675287602942052e-11,3.9413072460863445e-11,-7.535244133277099e-14,0.0,0.0,0.0,2.1615284608820903e-11,5.0852096645088755e-11,-4.8712279902233415e-14,0.0,0.0,0.0,0.0,0.0,0.0,0.0,0.0,0.0,0.0,0.0,0.0,0.0,-2.5527834419390274,1.0199706000001014,3.719185466787397e-11,-1.5810975935183054e-11,0.7048913971081079
11.8,zero_thrust,8.484514452959555e-12,1.9960796726762866e-11,-3.7919782230964317e-14,1.0,0.0,0.0,0.0,1.0,1.6969028905917594e-11,3.992159345352638e-11,-7.583956412321329e-14,0.0,0.0,0.0,2.1615286755388487e-11,5.085209972074586e-11,-4.8712279901320097e-14,0.0,0.0,0.0,0.0,0.0,0.0,0.0,0.0,0.0,0.0,0.0,0.0,0.0,-2.6507833639493827,1.0199706000001014,3.7371042031237497e-11,-1.588713377220786e-11,0.6744635665882005
11.81,zero_thrust,8.59259087703628e-12,2.0215057227035318e-11,-3.81633436304674e-14,1.0,0.0,0.0,0.0,1.0,1.7185181754071015e-11,4.043011445407129e-11,-7.632668691353537e-14,0.0,0.0,0.0,2.161528227291195e-11,5.0852103171284965e-11,-4.8712279900150185e-14,0.0,0.0,0.0,0.0,0.0,0.0,0.0,0.0,0.0,0.0,0.0,0.0,0.0,-2.7487833015576646,1.0199706000001014,3.755022939462701e-11,-1.5963291609157115e-11,0.6430557360682932
11.82,zero_thrust,8.700667279187454e-12,2.046931776710409e-11,-3.840690502996507e-14,1.0,0.0,0.0,0.0,1.0,1.7401334558373335e-11,4.093863553420884e-11,-7.68138097037367e-14,0.0,0.0,0.0,2.161527548508276e-11,5.085210556068457e-11,-4.8712279899099876e-14,0.0,0.0,0.0,0.0,0.0,0.0,0.0,0.0,0.0,0.0,0.0,0.0,0.0,-2.846783251638206,1.0199706000001014,3.772941675830928e-11,-1.6039449445967153e-11,0.6106679055486902
11.83,zero_thrust,8.808743725975586e-12,2.0723578266843106e-11,-3.865046642945817e-14,1.0,0.0,0.0,0.0,1.0,1.761748745194957e-11,4.144715653368689e-11,-7.730093249381895e-14,0.0,0.0,0.0,2.161529521215043e-11,5.0852099735508626e-11,-4.871227989831772e-14,0.0,0.0,0.0,0.0,0.0,0.0,0.0,0.0,0.0,0.0,0.0,0.0,0.0,-2.944783211708726,1.0199706000001014,3.790860412172728e-11,-1.6115607282990145e-11,0.5773000750287829
11.84,zero_thrust,8.916820172124249e-12,2.0977838767853633e-11,-3.889402782894733e-14,1.0,0.0,0.0,0.0,1.0,1.7833640344246866e-11,4.195567753570796e-11,-7.778805528378344e-14,0.0,0.0,0.0,2.1615291050875832e-11,5.085210252186021e-11,-4.8712279897469017e-14,0.0,0.0,0.0,0.0,0.0,0.0,0.0,0.0,0.0,0.0,0.0,0.0,0.0,-3.0427831797651415,1.0199706000001014,3.8087791485124083e-11,-1.619176512009171e-11,0.5429522445088756
11.85,zero_thrust,9.024896598098074e-12,2.1232099243197544e-11,-3.9137589228433484e-14,1.0,0.0,0.0,0.0,1.0,1.8049793196194486e-11,4.246419848639579e-11,-7.827517807363197e-14,0.0,0.0,0.0,2.1615285160727133e-11,5.085209263535979e-11,-4.8712279897011616e-14,0.0,0.0,0.0,0.0,0.0,0.0,0.0,0.0,0.0,0.0,0.0,0.0,0.0,-3.140783154204188,1.0199706000001014,3.8266978848399244e-11,-1.6267922957064414e-11,0.5076244139892726
11.86,zero_thrust,9.132973000031282e-12,2.1486359709122365e-11,-3.938115062791735e-14,1.0,0.0,0.0,0.0,1.0,1.826594600006087e-11,4.2972719418245447e-11,-7.876230086336602e-14,0.0,0.0,0.0,2.1615277680209678e-11,5.0852089082144335e-11,-4.871227989661257e-14,0.0,0.0,0.0,0.0,0.0,0.0,0.0,0.0,0.0,0.0,0.0,0.0,0.0,-3.2387831337615114,1.0199706000001014,3.844616621157406e-11,-1.6344080793870015e-11,0.47131658346936534
11.870000000000001,zero_thrust,9.241049381629721e-12,2.1740620137578867e-11,-3.9624712027399446e-14,1.0,0.0,0.0,0.0,1.0,1.848209876325772e-11,4.3481240275158464e-11,-7.924942365298661e-14,0.0,0.0,0.0,2.1615268980986754e-11,5.085208739782939e-11,-4.8712279896314446e-14,0.0,0.0,0.0,0.0,0.0,0.0,0.0,0.0,0.0,0.0,0.0,0.0,0.0,-3.3367831174072364,1.0199706000001014,3.862535357448171e-11,-1.6420238630538408e-11,0.43402875294945814
11.88,zero_thrust,9.349125697025864e-12,2.1994880565922472e-11,-3.986827342688025e-14,1.0,0.0,0.0,0.0,1.0,1.8698251394049973e-11,4.398976113184569e-11,-7.97365464424947e-14,0.0,0.0,0.0,2.1615260894507346e-11,5.085207700167168e-11,-4.8712279896058445e-14,0.0,0.0,0.0,0.0,0.0,0.0,0.0,0.0,0.0,0.0,0.0,0.0,0.0,-3.434783104317864,1.0199706000001014,3.880454093743212e-11,-1.6496396466749933e-11,0.3957609224298552
11.89,zero_thrust,9.457201986257465e-12,2.224914094525781e-11,-4.011183482636005e-14,1.0,0.0,0.0,0.0,1.0,1.8914403972513145e-11,4.4498281890516376e-11,-8.022366923189086e-14,0.0,0.0,0.0,2.161525430103801e-11,5.0852077056956595e-11,-4.8712279895883204e-14,0.0,0.0,0.0,0.0,0.0,0.0,0.0,0.0,0.0,0.0,0.0,0.0,0.0,-3.5327830938524527,1.0199706000001014,3.898372829999208e-11,-1.6572554302768656e-11,0.356513091909948
11.9,zero_thrust,9.565278316698583e-12,2.250340134053131e-11,-4.035539622583922e-14,1.0,0.0,0.0,0.0,1.0,1.913055663339535e-11,4.500680268106339e-11,-8.071079202117585e-14,0.0,0.0,0.0,2.161526995401226e-11,5.085207282941727e-11,-4.871227989577025e-14,0.0,0.0,0.0,0.0,0.0,0.0,0.0,0.0,0.0,0.0,0.0,0.0,0.0,-3.6307830854801235,1.0199706000001014,3.916291566267766e-11,-1.6648712138996562e-11,0.3162852613900408
11.91,zero_thrust,9.673354664419451e-12,2.2757661723006172e-11,-4.059895762531759e-14,1.0,0.0,0.0,0.0,1.0,1.9346709328837054e-11,4.551532344601313e-11,-8.119791481034932e-14,0.0,0.0,0.0,2.161526826700163e-11,5.085208339039118e-11,-4.871227989560686e-14,0.0,0.0,0.0,0.0,0.0,0.0,0.0,0.0,0.0,0.0,0.0,0.0,0.0,-3.7287830787761758,1.0199706000001014,3.934210302523653e-11,-1.6724869975410753e-11,0.27507743087043784
11.92,zero_thrust,9.781430940513209e-12,2.3011922127289236e-11,-4.0842519024795426e-14,1.0,0.0,0.0,0.0,1.0,1.9562861881024537e-11,4.602384425457927e-11,-8.16850375994118e-14,0.0,0.0,0.0,2.1615251249348588e-11,5.0852081741726034e-11,-4.871227989552126e-14,0.0,0.0,0.0,0.0,0.0,0.0,0.0,0.0,0.0,0.0,0.0,0.0,0.0,-3.8267830734191026,1.0199706000001014,3.952129038797575e-11,-1.6801027811374297e-11,0.23288960035053066
11.93,zero_thrust,1.1687270542552909e-11,2.7495660389663323e-11,-4.108608042427259e-14,1.0,0.0,0.0,0.0,1.0,2.337454108510356e-11,5.499132077932761e-11,-8.217216020584673e-14,0.0,0.0,0.0,5.339242576488838e-10,1.2561271465748244e-09,-4.871227989547237e-14,0.0,0.0,0.0,0.0,0.0,0.0,0.0,0.0,0.0,0.0,0.0,0.0,0.0,-3.85292320419641,1.0199706000001014,3.984179694842572e-11,-1.6937254775469445e-11,0.1933147630774751
11.94,zero_thrust,1.4745936591969127e-11,3.469157458193632e-11,-4.1329641823749226e-14,1.0,0.0,0.0,0.0,1.0,2.9491873183935385e-11,6.938314916387385e-11,-8.265928262437894e-14,0.0,0.0,0.0,6.519709299491138e-10,1.5338472855404344e-09,-4.87122798954095e-14,0.0,0.0,0.0,0.0,0.0,0.0,0.0,0.0,0.0,0.0,0.0,0.0,0.0,-3.421368034672942,1.0199706000001014,4.144270979679049e-11,-1.7617729664327456e-11,0.17636328951168478
11.95,zero_thrust,1.7878356511485427e-11,4.206100358728138e-11,-4.157320322322558e-14,1.0,0.0,0.0,0.0,1.0,3.575671302296736e-11,8.412200717456425e-11,-8.314640494248791e-14,0.0,0.0,0.0,5.798155068320408e-10,1.3640920045295482e-09,-4.871227989535528e-14,0.0,0.0,0.0,0.0,0.0,0.0,0.0,0.0,0.0,0.0,0.0,0.0,0.0,-2.4669735036767797,1.0199706000001014,4.5169272617666844e-11,-1.9201729516080674e-11,0.18986933571476322
11.96,zero_thrust,2.0370937492692355e-11,4.7925126802054446e-11,-4.181676462270179e-14,1.0,0.0,0.0,0.0,1.0,4.0741874985380703e-11,9.58502536041106e-11,-8.363352729284406e-14,0.0,0.0,0.0,4.5002394576123675e-10,1.0587402274009534e-09,-4.871227989531001e-14,0.0,0.0,0.0,0.0,0.0,0.0,0.0,0.0,0.0,0.0,0.0,0.0,0.0,-1.263808417554731,1.0199706000001014,5.0769388579017244e-11,-2.1582097791792162e-11,0.2253578549841034
11.97,zero_thrust,2.2621057182691748e-11,5.3218827950972314e-11,-4.20603260221778e-14,1.0,0.0,0.0,0.0,1.0,4.524211436537902e-11,1.0643765590194653e-10,-8.41206496366233e-14,0.0,0.0,0.0,4.5002393192629617e-10,1.0587402365767623e-09,-4.871227989526913e-14,0.0,0.0,0.0,0.0,0.0,0.0,0.0,0.0,0.0,0.0,0.0,0.0,0.0,-0.25118252622216597,1.0199706000001014,5.668116688121624e-11,-2.4094940533155777e-11,0.26335106537518355
11.98,zero_thrust,2.4871176868343008e-11,5.851252917856133e-11,-4.230388742165367e-14,1.0,0.0,0.0,0.0,1.0,4.9742353736681065e-11,1.1702505835712475e-10,-8.460777193275641e-14,0.0,0.0,0.0,4.5002394895806865e-10,1.0587402563974941e-09,-4.8712279895243703e-14,0.0,0.0,0.0,0.0,0.0,0.0,0.0,0.0,0.0,0.0,0.0,0.0,0.0,0.5393181868432984,1.0199706000001014,6.259294518392039e-11,-2.660778327437975e-11,0.3003642757662343
11.99,zero_thrust,2.7121296591940015e-11,6.380623047717501e-11,-4.254744882112945e-14,1.0,0.0,0.0,0.0,1.0,5.42425931838746e-11,1.2761246095435233e-10,-8.509489418124349e-14,0.0,0.0,0.0,4.500239411105216e-10,1.0587402596581105e-09,-4.871227989522553e-14,0.0,0.0,0.0,0.0,0.0,0.0,0.0,0.0,0.0,0.0,0.0,0.0,0.0,1.1521187573017548,1.0199706000001014,6.850472348721207e-11,-2.9120626015969424e-11,0.33639748615758935
12.0,zero_thrust,2.937141629135744e-11,6.909993176241322e-11,-4.279101022060519e-14,1.0,0.0,0.0,0.0,1.0,5.874283258270896e-11,1.3819986352482894e-10,-8.558201638208467e-14,0.0,0.0,0.0,4.500239376251357e-10,1.0587402551281692e-09,-4.871227989521779e-14,0.0,0.0,0.0,0.0,0.0,0.0,0.0,0.0,0.0,0.0,0.0,0.0,0.0,1.6227592136624351,1.0199706000001014,7.441650179040071e-11,-3.163346875736001e-11,0.37145069654864016
12.01,zero_thrust,3.162153591506047e-11,7.43936330255323e-11,-4.3034571620080875e-14,1.0,0.0,0.0,0.0,1.0,6.324307183011455e-11,1.487872660510673e-10,-8.606913853527987e-14,0.0,0.0,0.0,4.5002392148445435e-10,1.0587402549903782e-09,-4.871227989521896e-14,0.0,0.0,0.0,0.0,0.0,0.0,0.0,0.0,0.0,0.0,0.0,0.0,0.0,1.979671578750978,1.0199706000001014,8.032828009341812e-11,-3.414631149826717e-11,0.4055239069396909
12.02,zero_thrust,3.387165547220911e-11,7.96873342864639e-11,-4.327813301955657e-14,1.0,0.0,0.0,0.0,1.0,6.774331094441131e-11,1.5937466857293072e-10,-8.655626064082928e-14,0.0,0.0,0.0,4.5002391599216507e-10,1.0587402517710236e-09,-4.871227989523165e-14,0.0,0.0,0.0,0.0,0.0,0.0,0.0,0.0,0.0,0.0,0.0,0.0,0.0,2.2456014708278973,1.0199706000001014,8.624005839647674e-11,-3.66591542386939e-11,0.43861711733104597
12.03,zero_thrust,3.6121775037648154e-11,8.498103551742647e-11,-4.352169441903236e-14,1.0,0.0,0.0,0.0,1.0,7.224355007528891e-11,1.6996207103485609e-10,-8.704338269873303e-14,0.0,0.0,0.0,4.500239057615318e-10,1.0587402446329381e-09,-4.871227989524499e-14,0.0,0.0,0.0,0.0,0.0,0.0,0.0,0.0,0.0,0.0,0.0,0.0,0.0,2.438745384483349,1.0199706000001014,9.21518366992938e-11,-3.917199697917488e-11,0.47073032772209683
12.04,zero_thrust,3.837189453888835e-11,9.027473679520668e-11,-4.3765255818508187e-14,1.0,0.0,0.0,0.0,1.0,7.67437890777688e-11,1.8054947359041672e-10,-8.753050470899101e-14,0.0,0.0,0.0,4.500238996432277e-10,1.0587402588226928e-09,-4.871227989525025e-14,0.0,0.0,0.0,0.0,0.0,0.0,0.0,0.0,0.0,0.0,0.0,0.0,0.0,2.573660515407601,1.0199706000001014,9.806361500236012e-11,-4.1684839719194226e-11,0.5018635381131478
12.05,zero_thrust,4.062201398006371e-11,9.55684380597172e-11,-4.400881721798399e-14,1.0,0.0,0.0,0.0,1.0,8.1244027960119e-11,1.9113687611943796e-10,-8.801762667160313e-14,0.0,0.0,0.0,4.50023888538058e-10,1.0587402533753151e-09,-4.871227989524132e-14,0.0,0.0,0.0,0.0,0.0,0.0,0.0,0.0,0.0,0.0,0.0,0.0,0.0,2.6619926201531956,1.0199706000001014,1.039753933054578e-10,-4.4197682458836736e-11,0.5320167485045029
12.06,zero_thrust,4.287213342478379e-11,1.0086213931217618e-10,-4.4252378617459784e-14,1.0,0.0,0.0,0.0,1.0,8.574426684955865e-11,2.0172427862435616e-10,-8.850474858656938e-14,0.0,0.0,0.0,4.500238928871175e-10,1.058740256022723e-09,-4.871227989524207e-14,0.0,0.0,0.0,0.0,0.0,0.0,0.0,0.0,0.0,0.0,0.0,0.0,0.0,2.7130583039435874,1.0199706000001014,1.0988717160838711e-10,-4.671052519842618e-11,0.5611899588955538
12.07,zero_thrust,4.51222529034023e-11,1.0615584057026933e-10,-4.449594001693561e-14,1.0,0.0,0.0,0.0,1.0,9.024450580679515e-11,2.1231168114054266e-10,-8.899187045388985e-14,0.0,0.0,0.0,4.5002389968466626e-10,1.0587402426882444e-09,-4.871227989525629e-14,0.0,0.0,0.0,0.0,0.0,0.0,0.0,0.0,0.0,0.0,0.0,0.0,0.0,2.7343108509759007,1.0199706000001014,1.1579894991140901e-10,-4.922336793824192e-11,0.5893831692866047
12.08,zero_thrust,4.7372372384414495e-11,1.114495417996659e-10,-4.473950141641152e-14,1.0,0.0,0.0,0.0,1.0,9.474474476881901e-11,2.2289908359933603e-10,-8.947899227356465e-14,0.0,0.0,0.0,4.5002389096142745e-10,1.0587402369984288e-09,-4.8712279895274355e-14,0.0,0.0,0.0,0.0,0.0,0.0,0.0,0.0,0.0,0.0,0.0,0.0,0.0,2.7317128886078375,1.0199706000001014,1.217107282142698e-10,-5.173621067815592e-11,0.61659637967796
12.09,zero_thrust,4.9622491869528036e-11,1.1674324298812525e-10,-4.49830628158875e-14,1.0,0.0,0.0,0.0,1.0,9.924498373904556e-11,2.3348648597625494e-10,-8.996611404559375e-14,0.0,0.0,0.0,4.500238927915606e-10,1.0587402448715413e-09,-4.871227989525994e-14,0.0,0.0,0.0,0.0,0.0,0.0,0.0,0.0,0.0,0.0,0.0,0.0,0.0,2.7100345187073005,1.0199706000001014,1.2762250651673268e-10,-5.424905341803365e-11,0.642829590069011
12.1,zero_thrust,5.187261128816883e-11,1.220369441960731e-10,-4.522662421536341e-14,1.0,0.0,0.0,0.0,1.0,1.0374522257632663e-10,2.440738883921509e-10,-9.045323576997688e-14,0.0,0.0,0.0,4.5002387394358185e-10,1.0587402451265716e-09,-4.871227989525869e-14,0.0,0.0,0.0,0.0,0.0,0.0,0.0,0.0,0.0,0.0,0.0,0.0,0.0,2.6730918227868687,1.0199706000001014,1.335342848193554e-10,-5.676189615752012e-11,0.6680828004600619
12.11,zero_thrust,5.4122730654872715e-11,1.2733064536948327e-10,-4.5470185614839287e-14,1.0,0.0,0.0,0.0,1.0,1.0824546130973385e-10,2.5466129073897145e-10,-9.094035744671413e-14,0.0,0.0,0.0,4.5002387386881e-10,1.0587402344154601e-09,-4.871227989526263e-14,0.0,0.0,0.0,0.0,0.0,0.0,0.0,0.0,0.0,0.0,0.0,0.0,0.0,2.6239376660566123,1.0199706000001014,1.394460631218508e-10,-5.927473889661189e-11,0.6923560108514172
12.12,zero_thrust,5.637285003095698e-11,1.3262434655792243e-10,-4.571374701431516e-14,1.0,0.0,0.0,0.0,1.0,1.1274570006190184e-10,2.6524869311585003e-10,-9.142747907580552e-14,0.0,0.0,0.0,4.500238691530315e-10,1.0587402277567923e-09,-4.8712279895254324e-14,0.0,0.0,0.0,0.0,0.0,0.0,0.0,0.0,0.0,0.0,0.0,0.0,0.0,2.5650143406662376,1.0199706000001014,1.4535784142436086e-10,-6.178758163575281e-11,0.7156492212424682
12.13,zero_thrust,5.862296938675127e-11,1.3791804771739497e-10,-4.5957308413791023e-14,1.0,0.0,0.0,0.0,1.0,1.1724593877348987e-10,2.758360954347953e-10,-9.191460065725106e-14,0.0,0.0,0.0,4.5002387319968457e-10,1.0587402307588609e-09,-4.871227989525972e-14,0.0,0.0,0.0,0.0,0.0,0.0,0.0,0.0,0.0,0.0,0.0,0.0,0.0,2.498275680354019,1.0199706000001014,1.5126961972663374e-10,-6.430042437472127e-11,0.7379624316335192
12.14,zero_thrust,6.087308873051705e-11,1.432117488374064e-10,-4.620086981326692e-14,1.0,0.0,0.0,0.0,1.0,1.2174617746102087e-10,2.864234976748184e-10,-9.240172219105085e-14,0.0,0.0,0.0,4.5002386503516713e-10,1.05874022024062e-09,-4.871227989526417e-14,0.0,0.0,0.0,0.0,0.0,0.0,0.0,0.0,0.0,0.0,0.0,0.0,0.0,2.42528475211033,1.0199706000001014,1.571813980287636e-10,-6.681326711368439e-11,0.7592956420248744
12.15,zero_thrust,6.312320801755872e-11,1.485054498615848e-10,-4.644443121274287e-14,1.0,0.0,0.0,0.0,1.0,1.2624641603510363e-10,2.9701089972317545e-10,-9.288884367720492e-14,0.0,0.0,0.0,4.500238562163596e-10,1.0587402000762942e-09,-4.871227989527015e-14,0.0,0.0,0.0,0.0,0.0,0.0,0.0,0.0,0.0,0.0,0.0,0.0,0.0,2.3472920095092946,1.0199706000001014,1.6309317633017511e-10,-6.9326109852219e-11,0.7796488524159255
12.16,zero_thrust,6.537332729633458e-11,1.537991508018977e-10,-4.6687992612218795e-14,1.0,0.0,0.0,0.0,1.0,1.3074665459265478e-10,3.075983016038015e-10,-9.337596511571315e-14,0.0,0.0,0.0,4.500238559777027e-10,1.0587401755102756e-09,-4.8712279895261797e-14,0.0,0.0,0.0,0.0,0.0,0.0,0.0,0.0,0.0,0.0,0.0,0.0,0.0,2.2652978154284664,1.0199706000001014,1.6900495463101663e-10,-7.183895259066541e-11,0.7990220628069766
12.17,zero_thrust,6.762344656452609e-11,1.5909285165810499e-10,-4.693155401169472e-14,1.0,0.0,0.0,0.0,1.0,1.3524689312903724e-10,3.1818570331621633e-10,-9.386308650657553e-14,0.0,0.0,0.0,4.5002385736557527e-10,1.0587401603632302e-09,-4.871227989526905e-14,0.0,0.0,0.0,0.0,0.0,0.0,0.0,0.0,0.0,0.0,0.0,0.0,0.0,2.1801024601698877,1.0199706000001014,1.7491673293133452e-10,-7.435179532907252e-11,0.817415273198332
12.18,zero_thrust,6.987356587281407e-11,1.6438655240954106e-10,-4.717511541117066e-14,1.0,0.0,0.0,0.0,1.0,1.3974713174561263e-10,3.2877310481908875e-10,-9.435020784979212e-14,0.0,0.0,0.0,4.5002386351168573e-10,1.0587401442361669e-09,-4.871227989527072e-14,0.0,0.0,0.0,0.0,0.0,0.0,0.0,0.0,0.0,0.0,0.0,0.0,0.0,2.0923461759569384,1.0199706000001014,1.808285112308321e-10,-7.68646380677015e-11,0.834828483589383
12.19,zero_thrust,7.212368515721233e-11,1.6968025306025906e-10,-4.7418676810646605e-14,1.0,0.0,0.0,0.0,1.0,1.4424737031440855e-10,3.3936050612052495e-10,-9.483732914536292e-14,0.0,0.0,0.0,4.500238505182078e-10,1.058740126985729e-09,-4.871227989526962e-14,0.0,0.0,0.0,0.0,0.0,0.0,0.0,0.0,0.0,0.0,0.0,0.0,0.0,2.002541148586581,1.0199706000001014,1.867402895296311e-10,-7.937748080622997e-11,0.8512616939804342
12.2,zero_thrust,7.43738044197156e-11,1.749739536188584e-10,-4.766223821012256e-14,1.0,0.0,0.0,0.0,1.0,1.4874760883941453e-10,3.499479072377239e-10,-9.53244503932879e-14,0.0,0.0,0.0,4.5002384964045137e-10,1.0587401014971064e-09,-4.871227989527242e-14,0.0,0.0,0.0,0.0,0.0,0.0,0.0,0.0,0.0,0.0,0.0,0.0,0.0,1.9110971266963772,1.0199706000001014,1.926520678279218e-10,-8.189032354460813e-11,0.8667149043717894
12.21,zero_thrust,7.662392364937487e-11,1.8026765409186067e-10,-4.790579960959857e-14,1.0,0.0,0.0,0.0,1.0,1.5324784729873247e-10,3.605353081837287e-10,-9.581157159356722e-14,0.0,0.0,0.0,4.5002384005382935e-10,1.0587400815340097e-09,-4.871227989528613e-14,0.0,0.0,0.0,0.0,0.0,0.0,0.0,0.0,0.0,0.0,0.0,0.0,0.0,1.8183419091780761,1.0199706000001014,1.985638461254933e-10,-8.440316628274364e-11,0.8811881147628404
12.22,zero_thrust,7.887404289787695e-11,1.855613544660022e-10,-4.814936100907461e-14,1.0,0.0,0.0,0.0,1.0,1.5774808579573604e-10,3.71122708932012e-10,-9.629869274620076e-14,0.0,0.0,0.0,4.5002385621193434e-10,1.0587400670629225e-09,-4.871227989529179e-14,0.0,0.0,0.0,0.0,0.0,0.0,0.0,0.0,0.0,0.0,0.0,0.0,0.0,1.724537735163489,1.0199706000001014,2.0447562442235608e-10,-8.691600902091977e-11,0.8946813251538915
12.23,zero_thrust,8.112416217347237e-11,1.9085505473620688e-10,-4.8392922408550735e-14,1.0,0.0,0.0,0.0,1.0,1.6224832434692627e-10,3.817101094724216e-10,-9.678581385118864e-14,0.0,0.0,0.0,4.5002385292318566e-10,1.0587400510448309e-09,-4.87122798952989e-14,0.0,0.0,0.0,0.0,0.0,0.0,0.0,0.0,0.0,0.0,0.0,0.0,0.0,1.629894395957901,1.0199706000001014,2.103874027186148e-10,-8.94288517594001e-11,0.9071945355452468
12.24,zero_thrust,8.337428142165607e-11,1.9614875490545328e-10,-4.863648380802693e-14,1.0,0.0,0.0,0.0,1.0,1.6674856284329306e-10,3.922975098109147e-10,-9.727293490853088e-14,0.0,0.0,0.0,4.500238513004797e-10,1.0587400211915546e-09,-4.8712279895315004e-14,0.0,0.0,0.0,0.0,0.0,0.0,0.0,0.0,0.0,0.0,0.0,0.0,0.0,1.5345797245873467,1.0199706000001014,2.1629918101410514e-10,-9.194169449763538e-11,0.9187277459362978
12.25,zero_thrust,8.562440067101971e-11,2.014424549594251e-10,-4.888004520750319e-14,1.0,0.0,0.0,0.0,1.0,1.7124880134201972e-10,4.0288490991885856e-10,-9.776005591822743e-14,0.0,0.0,0.0,4.500238442557889e-10,1.0587399948149263e-09,-4.871227989534014e-14,0.0,0.0,0.0,0.0,0.0,0.0,0.0,0.0,0.0,0.0,0.0,0.0,0.0,1.4387279874909031,1.0199706000001014,2.2221095930877966e-10,-9.445453723589678e-11,0.9292809563273489
12.26,zero_thrust,8.787451986565656e-11,2.0673615489441498e-10,-4.9123606606979675e-14,1.0,0.0,0.0,0.0,1.0,1.757490397312928e-10,4.134723097888386e-10,-9.824717688027865e-14,0.0,0.0,0.0,4.500238424054411e-10,1.0587399787395502e-09,-4.871227989538463e-14,0.0,0.0,0.0,0.0,0.0,0.0,0.0,0.0,0.0,0.0,0.0,0.0,0.0,1.342446597819832,1.0199706000001014,2.2812273760271394e-10,-9.696737997381185e-11,0.9388541667187041
12.27,zero_thrust,9.012463909997053e-11,2.120298547187764e-10,-4.936716800645634e-14,1.0,0.0,0.0,0.0,1.0,1.8024927819992013e-10,4.240597094375617e-10,-9.873429779468442e-14,0.0,0.0,0.0,4.500238488600971e-10,1.0587399606468766e-09,-4.871227989540887e-14,0.0,0.0,0.0,0.0,0.0,0.0,0.0,0.0,0.0,0.0,0.0,0.0,0.0,1.2458214860768893,1.0199706000001014,2.340345158957618e-10,-9.94802227119212e-11,0.9474473771097551
12.28,zero_thrust,9.237475832216346e-11,2.173235544315482e-10,-4.96107294059332e-14,1.0,0.0,0.0,0.0,1.0,1.8474951664430536e-10,4.3464710886310554e-10,-9.922141866144476e-14,0.0,0.0,0.0,4.5002384644944473e-10,1.058739933474123e-09,-4.8712279895450587e-14,0.0,0.0,0.0,0.0,0.0,0.0,0.0,0.0,0.0,0.0,0.0,0.0,0.0,1.148921396682535,1.0199706000001014,2.3994629418806306e-10,-1.019930654499762e-10,0.9550605875008061
12.29,zero_thrust,9.462487756410344e-11,2.226172540399819e-10,-4.985429080541013e-14,1.0,0.0,0.0,0.0,1.0,1.8924975512818468e-10,4.4523450807997323e-10,-9.970853948055944e-14,0.0,0.0,0.0,4.5002384549982996e-10,1.0587399040233728e-09,-4.871227989544846e-14,0.0,0.0,0.0,0.0,0.0,0.0,0.0,0.0,0.0,0.0,0.0,0.0,0.0,1.051801325173114,1.0199706000001014,2.4585807247977943e-10,-1.0450590818821982e-10,0.9616937978921615
12.3,zero_thrust,9.68749967691812e-11,2.2791095355060938e-10,-5.009785220488715e-14,1.0,0.0,0.0,0.0,1.0,1.9374999353833958e-10,4.558219071012285e-10,-1.0019566025202852e-13,0.0,0.0,0.0,4.500238357363942e-10,1.0587398929780116e-09,-4.871227989548078e-14,0.0,0.0,0.0,0.0,0.0,0.0,0.0,0.0,0.0,0.0,0.0,0.0,0.0,0.9545052679595145,1.0199706000001014,2.517698507706178e-10,-1.0701875092618088e-10,0.9673470082832125
12.31,zero_thrust,9.912511595575418e-11,2.332046529579562e-10,-5.034141360436428e-14,1.0,0.0,0.0,0.0,1.0,1.982502319114849e-10,4.664093059159225e-10,-1.0068278097585204e-13,0.0,0.0,0.0,4.5002384137336984e-10,1.0587398776796137e-09,-4.8712279895476846e-14,0.0,0.0,0.0,0.0,0.0,0.0,0.0,0.0,0.0,0.0,0.0,0.0,0.0,0.8570684221886327,1.0199706000001014,2.5768162906075064e-10,-1.0953159366395882e-10,0.9720202186742635
12.32,zero_thrust,1.0136038830396857e-10,2.384634231908056e-10,-5.058497500384138e-14,1.0,0.0,0.0,0.0,1.0,2.0272077660791303e-10,4.769268463816214e-10,-1.0116990166619241e-13,0.0,0.0,0.0,4.352283798168951e-10,1.0239316959753487e-09,-4.871227989547407e-14,0.0,0.0,0.0,0.0,0.0,0.0,0.0,0.0,0.0,0.0,0.0,0.0,0.0,0.7595189455780134,1.0199706000001014,2.6359328548113805e-10,-1.1204438460055146e-10,0.9757134290656188
12.33,zero_thrust,1.0341119539114495e-10,2.4328821591209763e-10,-5.0828536403318367e-14,1.0,0.0,0.0,0.0,1.0,2.0682239078226516e-10,4.865764318242058e-10,-1.0165702248918627e-13,0.0,0.0,0.0,3.9085308522168827e-10,9.195332716397401e-10,-4.871227989548819e-14,0.0,0.0,0.0,0.0,0.0,0.0,0.0,0.0,0.0,0.0,0.0,0.0,0.0,0.6618793642834339,1.0199706000001014,2.695021659778637e-10,-1.1455599561083682e-10,0.9784266394566699
12.34,zero_thrust,1.0526508885372714e-10,2.476497447401991e-10,-5.107209780279539e-14,1.0,0.0,0.0,0.0,1.0,2.1053017770742897e-10,4.952994894804089e-10,-1.0214414346784601e-13,0.0,0.0,0.0,3.559373225484643e-10,8.373895893457039e-10,-4.871227989551714e-14,0.0,0.0,0.0,0.0,0.0,0.0,0.0,0.0,0.0,0.0,0.0,0.0,0.0,0.5641676992477681,1.0199706000001014,2.754077475468306e-10,-1.1706620438834795e-10,0.9801598498477209
12.35,zero_thrust,1.0697639806732675e-10,2.516758262564337e-10,-5.1315659202272464e-14,1.0,0.0,0.0,0.0,1.0,2.1395279613462768e-10,5.033516525128784e-10,-1.0263126455779818e-13,0.0,0.0,0.0,3.3306479076168535e-10,7.835790818676427e-10,-4.871227989552331e-14,0.0,0.0,0.0,0.0,0.0,0.0,0.0,0.0,0.0,0.0,0.0,0.0,0.0,0.46639836722531947,1.0199706000001014,2.813108978928559e-10,-1.1957537975732587e-10,0.9809130602390761
12.36,zero_thrust,1.0861681211539923e-10,2.5553511796403327e-10,-5.1559220601749515e-14,1.0,0.0,0.0,0.0,1.0,2.1723362423077213e-10,5.110702359280777e-10,-1.0311838569267924e-13,0.0,0.0,0.0,3.270411347932556e-10,7.694076714822533e-10,-4.871227989553697e-14,0.0,0.0,0.0,0.0,0.0,0.0,0.0,0.0,0.0,0.0,0.0,0.0,0.0,0.36858290160127644,1.0199706000001014,2.8721275055296955e-10,-1.2208400353589348e-10,0.9806862706301271
12.37,zero_thrust,1.1055868894043713e-10,2.601036409103703e-10,-5.1851494281122275e-14,1.0,0.0,0.0,0.0,1.0,2.211173778808473e-10,5.202072818207521e-10,-1.037029310488095e-13,0.0,0.0,0.0,3.154865186550214e-10,7.422239448876723e-10,-4.871227989559701e-14,0.0,0.0,0.0,0.0,0.0,0.0,0.0,0.0,0.0,0.0,0.0,0.0,0.0,0.27073052910204626,1.0199706000001014,2.93114366088028e-10,-1.2459252652302137e-10,0.9794794810211782
12.38,zero_thrust,1.1176657904982694e-10,2.629453631623267e-10,-5.204634340070422e-14,1.0,0.0,0.0,0.0,1.0,2.2353315809962652e-10,5.258907263246651e-10,-1.04092628024401e-13,0.0,0.0,0.0,2.8934423833646325e-10,6.807209257783374e-10,-4.871227989562891e-14,0.0,0.0,0.0,0.0,0.0,0.0,0.0,0.0,0.0,0.0,0.0,0.0,0.0,0.17284863110874182,1.0199706000001014,2.99014521498824e-10,-1.2710042887466323e-10,0.9772926914125335
12.39,zero_thrust,1.1307493891344428e-10,2.660234551319082e-10,-5.228990480018186e-14,1.0,0.0,0.0,0.0,1.0,2.2614987782686074e-10,5.320469102638281e-10,-1.0457974943919184e-13,0.0,0.0,0.0,2.351084320420793e-10,5.531242981928902e-10,-4.871227989566535e-14,0.0,0.0,0.0,0.0,0.0,0.0,0.0,0.0,0.0,0.0,0.0,0.0,0.0,0.07494311270801199,1.0199706000001014,3.049113360587825e-10,-1.296069111749986e-10,0.9741259018035845
12.4,zero_thrust,1.1403848931801008e-10,2.6829033924358565e-10,-5.253346619965953e-14,1.0,0.0,0.0,0.0,1.0,2.2807697863599198e-10,5.365806784871833e-10,-1.0506687120846909e-13,0.0,0.0,0.0,1.535888146479103e-10,3.613390825748655e-10,-4.871227989570121e-14,0.0,0.0,0.0,0.0,0.0,0.0,0.0,0.0,0.0,0.0,0.0,0.0,0.0,-0.02298130201256969,1.0199706000001014,3.1080273264510596e-10,-1.3211109052855333e-10,0.9699791121946356
12.41,zero_thrust,1.1451241007981087e-10,2.694053074594743e-10,-5.277702759913733e-14,1.0,0.0,0.0,0.0,1.0,2.290248201595933e-10,5.388106149189607e-10,-1.0555399349777257e-13,0.0,0.0,0.0,4.18920788102293e-11,9.855830392161202e-11,-4.871227989577809e-14,0.0,0.0,0.0,0.0,0.0,0.0,0.0,0.0,0.0,0.0,0.0,0.0,0.0,-0.12092083378295326,1.0199706000001014,3.1668636563436125e-10,-1.3461196991257355e-10,0.9648523225859909
12.42,zero_thrust,1.1433656446374405e-10,2.689916176113437e-10,-5.3020588998615226e-14,1.0,0.0,0.0,0.0,1.0,2.2867312892745958e-10,5.379832352226995e-10,-1.060411164860756e-13,0.0,0.0,0.0,-1.0332603845706063e-10,-2.430857809042765e-10,-4.871227989583396e-14,0.0,0.0,0.0,0.0,0.0,0.0,0.0,0.0,0.0,0.0,0.0,0.0,0.0,-0.2188724592053442,1.0199706000001014,3.2255964250875626e-10,-1.371084473604239e-10,0.9587455329770419
12.43,zero_thrust,1.1333665764218168e-10,2.666392189747445e-10,-5.326415039809312e-14,1.0,0.0,0.0,0.0,1.0,2.2667331528433495e-10,5.332784379495011e-10,-1.0652824035619048e-13,0.0,0.0,0.0,-2.8459819835566123e-10,-6.695516139414134e-10,-4.871227989587281e-14,0.0,0.0,0.0,0.0,0.0,0.0,0.0,0.0,0.0,0.0,0.0,0.0,0.0,-0.316833759543257,1.0199706000001014,3.2841973248386216e-10,-1.3959931962802813e-10,0.951658743368093
12.44,zero_thrust,1.1132616106056115e-10,2.6190927919292657e-10,-5.3507711797570857e-14,1.0,0.0,0.0,0.0,1.0,2.226523221210943e-10,5.23818558385865e-10,-1.0701536528043252e-13,0.0,0.0,0.0,-5.0402751597461e-10,-1.1857870566543953e-09,-4.871227989589693e-14,0.0,0.0,0.0,0.0,0.0,0.0,0.0,0.0,0.0,0.0,0.0,0.0,0.0,-0.41480279980750323,1.0199706000001014,3.342636011133146e-10,-1.4208329690415373e-10,0.9435919537594483
12.45,zero_thrust,1.0811066597146781e-10,2.5434442659820687e-10,-5.375127319704842e-14,1.0,0.0,0.0,0.0,1.0,2.1622133194290828e-10,5.086888531964253e-10,-1.0750249139940614e-13,0.0,0.0,0.0,-7.628537103774655e-10,-1.7947087340562229e-09,-4.871227989594542e-14,0.0,0.0,0.0,0.0,0.0,0.0,0.0,0.0,0.0,0.0,0.0,0.0,0.0,-0.5127780320249865,1.0199706000001014,3.40088077964838e-10,-1.4455903157628226e-10,0.9345451641504993
12.46,zero_thrust,1.0349246895039641e-10,2.434795384847907e-10,-5.39948345965258e-14,1.0,0.0,0.0,0.0,1.0,2.0698493790076654e-10,4.869590769695926e-10,-1.0798961879645445e-13,0.0,0.0,0.0,-1.0610961809386611e-09,-2.4963622634978196e-09,-4.871227989596136e-14,0.0,0.0,0.0,0.0,0.0,0.0,0.0,0.0,0.0,0.0,0.0,0.0,0.0,-0.6107582177989354,1.0199706000001014,3.4588992872322054e-10,-1.470251488777765e-10,0.9245183745415504
12.47,zero_thrust,9.727811415374853e-11,2.288594850124466e-10,-5.423839599600288e-14,1.0,0.0,0.0,0.0,1.0,1.9455622830747225e-10,4.5771897002490373e-10,-1.0847674746596755e-13,0.0,0.0,0.0,-1.3971626861037836e-09,-3.287001727343842e-09,-4.871227989599299e-14,0.0,0.0,0.0,0.0,0.0,0.0,0.0,0.0,0.0,0.0,0.0,0.0,0.0,-0.708742366412046,1.0199706000001014,3.51665975380635e-10,-1.494802979760716e-10,0.9135115849329057
12.48,zero_thrust,8.930691137490991e-11,2.101062217714926e-10,-5.448195739547953e-14,1.0,0.0,0.0,0.0,1.0,1.7861382274979692e-10,4.2021244354299494e-10,-1.0896387726308361e-13,0.0,0.0,0.0,-1.7289340356375435e-09,-4.067536312182106e-09,-4.871227989598104e-14,0.0,0.0,0.0,0.0,0.0,0.0,0.0,0.0,0.0,0.0,0.0,0.0,0.0,-0.8067296853086209,1.0199706000001014,3.5741324446737777e-10,-1.5192321497874454e-10,0.9015247953239568
12.49,zero_thrust,8.066224120934586e-11,1.8976854014220133e-10,-5.472551879495601e-14,1.0,0.0,0.0,0.0,1.0,1.6132448241867093e-10,3.795370802844115e-10,-1.094510069756005e-13,0.0,0.0,0.0,-1.7289340314260868e-09,-4.0675363382146465e-09,-4.871227989599759e-14,0.0,0.0,0.0,0.0,0.0,0.0,0.0,0.0,0.0,0.0,0.0,0.0,0.0,-0.904719540425883,1.0199706000001014,3.631467815445998e-10,-1.5436029510092102e-10,0.8885580057150078
12.5,zero_thrust,7.201757107175173e-11,1.6943085839316315e-10,-5.496908019443268e-14,1.0,0.0,0.0,0.0,1.0,1.4403514214348482e-10,3.388617167863342e-10,-1.099381359848676e-13,0.0,0.0,0.0,-1.7289340272102512e-09,-4.067536360788133e-09,-4.87122798960432e-14,0.0,0.0,0.0,0.0,0.0,0.0,0.0,0.0,0.0,0.0,0.0,0.0,0.0,-1.0027114245136042,1.0199706000001014,3.6888031862109085e-10,-1.5679737522334032e-10,0.8746112161063632
12.51,zero_thrust,6.337290095524785e-11,1.4909317655118624e-10,-5.5212641593909454e-14,1.0,0.0,0.0,0.0,1.0,1.2674580191047923e-10,2.9818635310237946e-10,-1.1042526429088468e-13,0.0,0.0,0.0,-1.7289340229972053e-09,-4.067536376419825e-09,-4.87122798960297e-14,0.0,0.0,0.0,0.0,0.0,0.0,0.0,0.0,0.0,0.0,0.0,0.0,0.0,-1.1007049317898676,1.0199706000001014,3.746138556968017e-10,-1.592344553458597e-10,0.8596844264974143
12.52,zero_thrust,5.472823082474533e-11,1.287554945987489e-10,-5.545620299338625e-14,1.0,0.0,0.0,0.0,1.0,1.0945646164947638e-10,2.5751098919750384e-10,-1.1091239189365163e-13,0.0,0.0,0.0,-1.7289340258962036e-09,-4.067536402606635e-09,-4.871227989605187e-14,0.0,0.0,0.0,0.0,0.0,0.0,0.0,0.0,0.0,0.0,0.0,0.0,0.0,-1.1986997376108806,1.0199706000001014,3.803473927717894e-10,-1.6167153546830997e-10,0.8437776368884653
12.53,zero_thrust,4.608356067386751e-11,1.0841781253434534e-10,-5.569976439286322e-14,1.0,0.0,0.0,0.0,1.0,9.216712134772295e-11,2.1683562506869582e-10,-1.1139951879316876e-13,0.0,0.0,0.0,-1.7289340290548253e-09,-4.067536423937068e-09,-4.8712279896084244e-14,0.0,0.0,0.0,0.0,0.0,0.0,0.0,0.0,0.0,0.0,0.0,0.0,0.0,-1.2966955822616069,1.0199706000001014,3.8608092984605836e-10,-1.6410861559065204e-10,0.8268908472798205
