sim_time,cmd_speed,pos_x,pos_y,pos_z,qx,qy,qz,qw,p0,p1,p2,p3,v0,v1,v2,v3
15.583,0.0,5.72304754154373e-20,-1.011201927501801e-20,0.04099942866928528,5.907350849298922e-19,2.7241822099949167e-18,-1.3257389876278937e-19,1.0,-2.338434726197753e-20,-2.3384347070542374e-20,-2.3384348943368266e-20,-2.338434881179793e-20,3.302923859351533e-26,3.364458494627845e-26,3.419844550671054e-26,3.357245439778218e-26
15.603,0.0017999999999999794,5.72304754154373e-20,-1.011201927501801e-20,0.04099942866928528,5.907350849298922e-19,2.7241822099949167e-18,-1.3257389876278937e-19,1.0,-2.3384347323516495e-20,-2.338434712759405e-20,-2.3384349006487458e-20,-2.3384348872181866e-20,-2.8691529419950217e-26,-2.773035776446617e-26,-2.896072220404273e-26,-2.866375345722667e-26
15.623,0.0017999999999999794,5.72304754154373e-20,-1.011201927501801e-20,0.04099942866928528,5.907350849298922e-19,2.7241822099949167e-18,-1.3257389876278937e-19,1.0,-2.338434731877054e-20,-2.3384347116458394e-20,-2.3384349000583005e-20,-2.3384348862667986e-20,-3.019026605999081e-26,-2.997996595599515e-26,-3.0215654173340587e-26,-2.93629099527517e-26
15.643,0.0017999999999999794,5.72304754154373e-20,-1.011201927501801e-20,0.04099942866928528,5.907350849298922e-19,2.7241822099949167e-18,-1.3257389876278937e-19,1.0,-2.338434730723549e-20,-2.3384347108028e-20,-2.3384348983383906e-20,-2.338434884838663e-20,-6.9153926560388645e-28,-1.546368884467922e-27,-1.3102283017354324e-27,-4.583249126373343e-28
15.663,0.004300000000000015,5.72304754154373e-20,-1.011201927501801e-20,0.04099942866928528,5.907350849298922e-19,2.7241822099949167e-18,-1.3257389876278937e-19,1.0,-2.3384347298441094e-20,-2.338434709825077e-20,-2.3384348976260192e-20,-2.3384348842830435e-20,-1.0115525050724337e-26,-1.0651012747536889e-26,-9.81479483876994e-27,-1.0624625191503051e-26
15.683,0.004300000000000015,5.72304754154373e-20,-1.011201927501801e-20,0.04099942866928528,5.907350849298922e-19,2.7241822099949167e-18,-1.3257389876278937e-19,1.0,-2.338434731865857e-20,-2.3384347113727395e-20,-2.3384348997331674e-20,-2.338434886335598e-20,-1.4737233353335592e-26,-1.552474354955637e-26,-1.515813318045287e-26,-1.5903001931532622e-26
15.703,0.0067999999999999615,5.72304754154373e-20,-1.011201927501801e-20,0.04099942866928528,5.907350849298922e-19,2.7241822099949167e-18,-1.3257389876278937e-19,1.0,-2.3384347282062703e-20,-2.3384347071274534e-20,-2.3384348966779892e-20,-2.33843488286824e-20,-1.8504184586140022e-26,-1.7999673283983086e-26,-1.8253101427162417e-26,-1.9045323558771327e-26
15.723,0.0067999999999999615,5.72304754154373e-20,-1.011201927501801e-20,0.04099942866928528,5.907350849298922e-19,2.7241822099949167e-18,-1.3257389876278937e-19,1.0,-2.33843473002821e-20,-2.3384347088697387e-20,-2.3384348986028728e-20,-2.3384348845760503e-20,-9.889391238407719e-27,-9.417629257934513e-27,-8.903433283161203e-27,-8.820898971633374e-27
15.743,0.0067999999999999615,5.72304754154373e-20,-1.011201927501801e-20,0.04099942866928528,5.907350849298922e-19,2.7241822099949167e-18,-1.3257389876278937e-19,1.0,-2.33843472820816e-20,-2.338434706312496e-20,-2.338434896427109e-20,-2.338434882366127e-20,1.2842615283092736e-26,1.4796180733522998e-26,1.429862453597996e-26,1.4510407766999894e-26
15.763,0.009299999999999998,5.72304754154373e-20,-1.011201927501801e-20,0.04099942866928528,5.907350849298922e-19,2.7241822099949167e-18,-1.3257389876278937e-19,1.0,-2.3384347302949522e-20,-2.338434707925366e-20,-2.3384348985014248e-20,-2.3384348849396923e-20,-6.020459819151507e-27,-6.550965653274088e-27,-6.3539912910310326e-27,-6.1243018420728295e-27
15.783,0.009299999999999998,5.72304754154373e-20,-1.011201927501801e-20,0.04099942866928528,5.907350849298922e-19,2.7241822099949167e-18,-1.3257389876278937e-19,1.0,-2.3384347268739845e-20,-2.3384347039179113e-20,-2.3384348954713264e-20,-2.3384348814580356e-20,1.4314199412937544e-26,1.4659119279519242e-26,1.3440312652339512e-26,1.4273615519887384e-26
15.803,0.011800000000000033,5.72304754154373e-20,-1.011201927501801e-20,0.04099942866928528,5.907350849298922e-19,2.7241822099949167e-18,-1.3257389876278937e-19,1.0,-2.3384347290928917e-20,-2.3384347053219967e-20,-2.3384348974444512e-20,-2.3384348833889976e-20,-2.6237438103510357e-26,-2.4851631551623375e-26,-2.5339024336956187e-26,-2.611805103674097e-26
15.823,0.011800000000000033,5.72304754154373e-20,-1.011201927501801e-20,0.04099942866928528,5.907350849298922e-19,2.7241822099949167e-18,-1.3257389876278937e-19,1.0,-2.338434727340121e-20,-2.3384347031506256e-20,-2.3384348962053798e-20,-2.3384348815492552e-20,3.100069694609499e-26,3.2191386122609614e-26,3.0720596865235203e-26,3.1010526651285425e-26
15.843,0.011800000000000033,5.72304754154373e-20,-1.011201927501801e-20,0.04099942866928528,5.907350849298922e-19,2.7241822099949167e-18,-1.3257389876278937e-19,1.0,-2.3384347310044687e-20,-2.3384347066399993e-20,-2.3384348995769128e-20,-2.3384348846661335e-20,-2.4667143742590543e-26,-2.4638882037730588e-26,-2.4629315128714013e-26,-2.5045684135695943e-26
15.863,0.01429999999999998,5.72304754154373e-20,-1.011201927501801e-20,0.04099942866928528,5.907350849298922e-19,2.7241822099949167e-18,-1.3257389876278937e-19,1.0,-2.3384347307151176e-20,-2.3384347059421422e-20,-2.3384348995304458e-20,-2.3384348841559517e-20,-2.5644930199107454e-26,-2.540331776892829e-26,-2.571130573817571e-26,-2.58558655299056e-26
15.883,0.01429999999999998,5.72304754154373e-20,-1.011201927501801e-20,0.04099942866928528,5.907350849298922e-19,2.7241822099949167e-18,-1.3257389876278937e-19,1.0,-2.3384347277718383e-20,-2.3384347029230595e-20,-2.3384348966846132e-20,-2.3384348812949485e-20,8.951599938219868e-27,8.710272836336035e-27,9.266461315847916e-27,9.037506236580104e-27
15.903,0.016800000000000016,5.72304754154373e-20,-1.011201927501801e-20,0.04099942866928528,5.907350849298922e-19,2.7241822099949167e-18,-1.3257389876278937e-19,1.0,-2.3384347268758217e-20,-2.3384347024027265e-20,-2.3384348960263117e-20,-2.3384348807236367e-20,-1.6136402428189017e-26,-1.5395869385802774e-26,-1.5941028402031518e-26,-1.6375252342194107e-26
15.923,0.016800000000000016,5.72304754154373e-20,-1.011201927501801e-20,0.04099942866928528,5.907350849298922e-19,2.7241822099949167e-18,-1.3257389876278937e-19,1.0,-2.3384347230771623e-20,-2.3384346988677525e-20,-2.338434892507565e-20,-2.3384348770271825e-20,1.0865532417186503e-26,1.0835952753017379e-26,1.1457075913944401e-26,1.1887386904700485e-26
15.943,0.016800000000000016,5.72304754154373e-20,-1.011201927501801e-20,0.04099942866928528,5.907350849298922e-19,2.7241822099949167e-18,-1.3257389876278937e-19,1.0,-2.3384347255653813e-20,-2.3384347012842406e-20,-2.3384348950513978e-20,-2.3384348791017533e-20,7.829692705863023e-27,8.449449973732455e-27,8.254318117531721e-27,8.117489545604488e-27
15.963000000000001,0.019299999999999963,5.72304754154373e-20,-1.011201927501801e-20,0.04099942866928528,5.907350849298922e-19,2.7241822099949167e-18,-1.3257389876278937e-19,1.0,-2.3384347251540945e-20,-2.3384347007280922e-20,-2.3384348946609805e-20,-2.3384348779463494e-20,2.0890532217980363e-27,1.6864396464289317e-27,2.157021427683672e-27,2.479768006394322e-27
15.983,0.019299999999999963,5.72304754154373e-20,-1.011201927501801e-20,0.04099942866928528,5.907350849298922e-19,2.7241822099949167e-18,-1.3257389876278937e-19,1.0,-2.3384347257043567e-20,-2.338434701020785e-20,-2.3384348951730046e-20,-2.338434878177138e-20,1.325587546139554e-26,1.2791235484839133e-26,1.280461876357455e-26,1.380043327361321e-26
16.003,0.021799999999999996,5.72304754154373e-20,-1.011201927501801e-20,0.04099942866928528,5.907350849298922e-19,2.7241822099949167e-18,-1.3257389876278937e-19,1.0,-2.3384347288548167e-20,-2.3384347037459348e-20,-2.338434898057864e-20,-2.3384348813485606e-20,-2.911259361791307e-26,-2.900306887190196e-26,-2.8424155451812955e-26,-2.90036458106049e-26
16.023,0.021799999999999996,5.72304754154373e-20,-1.011201927501801e-20,0.04099942866928528,5.907350849298922e-19,2.7241822099949167e-18,-1.3257389876278937e-19,1.0,-2.338434722758225e-20,-2.338434698135428e-20,-2.3384348921839505e-20,-2.3384348750109863e-20,3.544799943877611e-26,3.450219376939695e-26,3.5317077900529544e-26,3.618330400642653e-26
16.043,0.021799999999999996,5.72304754154373e-20,-1.011201927501801e-20,0.04099942866928528,5.907350849298922e-19,2.7241822099949167e-18,-1.3257389876278937e-19,1.0,-2.338434728615826e-20,-2.3384347039881415e-20,-2.338434898141591e-20,-2.3384348809353187e-20,-5.350171023069402e-28,-1.8919297981239388e-28,2.0160829018167655e-28,-6.315565846617981e-28
16.063,0.024300000000000033,5.72304754154373e-20,-1.011201927501801e-20,0.04099942866928528,5.907350849298922e-19,2.7241822099949167e-18,-1.3257389876278937e-19,1.0,-2.3384347231670593e-20,-2.3384346982496163e-20,-2.338434892605495e-20,-2.3384348756011957e-20,-3.605021278652787e-27,-3.037463161975456e-27,-3.102906770619446e-27,-3.553086787477036e-27
16.083,0.024300000000000033,5.72304754154373e-20,-1.011201927501801e-20,0.04099942866928528,5.907350849298922e-19,2.7241822099949167e-18,-1.3257389876278937e-19,1.0,-2.3384347257982296e-20,-2.3384347008114636e-20,-2.338434895190414e-20,-2.338434878451937e-20,4.106139304574926e-27,4.572697543369604e-27,4.263209367176604e-27,3.247649911184987e-27
16.103,0.026800000000000067,5.72304754154373e-20,-1.011201927501801e-20,0.04099942866928528,5.907350849298922e-19,2.7241822099949167e-18,-1.3257389876278937e-19,1.0,-2.338434726253823e-20,-2.338434700946678e-20,-2.3384348957829554e-20,-2.3384348795229644e-20,-3.6065931754825144e-26,-3.555260633220732e-26,-3.5550572958142923e-26,-3.6453883071330375e-26
16.123,0.026800000000000067,5.72304754154373e-20,-1.011201927501801e-20,0.04099942866928528,5.907350849298922e-19,2.7241822099949167e-18,-1.3257389876278937e-19,1.0,-2.3384347250615207e-20,-2.3384347001639846e-20,-2.3384348949493997e-20,-2.3384348782836983e-20,-1.5425635832276191e-27,-2.220870512711476e-27,-2.0643117341015494e-27,-2.1845485794687724e-27
16.143,0.026800000000000067,5.72304754154373e-20,-1.011201927501801e-20,0.04099942866928528,5.907350849298922e-19,2.7241822099949167e-18,-1.3257389876278937e-19,1.0,-2.33843472394551e-20,-2.3384346997799136e-20,-2.3384348941800767e-20,-2.3384348771407648e-20,4.59713165156886e-27,4.256700631806872e-27,4.6112056257570865e-27,4.228200164881141e-27
16.163,0.029299999999999927,5.72304754154373e-20,-1.011201927501801e-20,0.04099942866928528,5.907350849298922e-19,2.7241822099949167e-18,-1.3257389876278937e-19,1.0,-2.338434722127799e-20,-2.3384346981086912e-20,-2.3384348927700914e-20,-2.3384348752854993e-20,-3.7766172017430604e-27,-3.1366059900346674e-27,-4.009557369987964e-27,-3.615385947117025e-27
16.183,0.029299999999999927,5.72304754154373e-20,-1.011201927501801e-20,0.04099942866928528,5.907350849298922e-19,2.7241822099949167e-18,-1.3257389876278937e-19,1.0,-2.3384347217836382e-20,-2.3384346970720732e-20,-2.338434892325767e-20,-2.338434874819849e-20,2.1295131007752715e-26,2.1491763851635416e-26,2.135708194406508e-26,2.157854197843239e-26
16.203,0.03179999999999996,5.72304754154373e-20,-1.011201927501801e-20,0.04099942866928528,5.907350849298922e-19,2.7241822099949167e-18,-1.3257389876278937e-19,1.0,-2.3384347256101414e-20,-2.338434700301547e-20,-2.3384348955516674e-20,-2.3384348786568108e-20,-2.639985322323411e-26,-2.507764092083794e-26,-2.463790491929663e-26,-2.5859125666807434e-26
16.223,0.03179999999999996,5.72304754154373e-20,-1.011201927501801e-20,0.04099942866928528,5.907350849298922e-19,2.7241822099949167e-18,-1.3257389876278937e-19,1.0,-2.3384347196519988e-20,-2.3384346942404735e-20,-2.3384348894693607e-20,-2.3384348727047908e-20,4.497725941664969e-26,4.410332156139484e-26,4.3849995135824496e-26,4.4258643726101596e-26
16.243,0.03179999999999996,5.72304754154373e-20,-1.011201927501801e-20,0.04099942866928528,5.907350849298922e-19,2.7241822099949167e-18,-1.3257389876278937e-19,1.0,-2.3384347220728933e-20,-2.33843469702641e-20,-2.338434892199546e-20,-2.338434874938103e-20,-4.2601055887363666e-27,-5.1518072232007405e-27,-5.316057647410438e-27,-4.724827482558434e-27
16.263,0.0343,5.72304754154373e-20,-1.011201927501801e-20,0.04099942866928528,5.907350849298922e-19,2.7241822099949167e-18,-1.3257389876278937e-19,1.0,-2.3384347199359916e-20,-2.3384346953832572e-20,-2.3384348906555602e-20,-2.338434873590145e-20,1.43075171730984e-26,1.3084494195771523e-26,1.2369315303716123e-26,1.2991662537834033e-26
16.283,0.0343,5.72304754154373e-20,-1.011201927501801e-20,0.04099942866928528,5.907350849298922e-19,2.7241822099949167e-18,-1.3257389876278937e-19,1.0,-2.3384347198291115e-20,-2.338434695354075e-20,-2.338434890750526e-20,-2.338434873030345e-20,4.005412009686839e-26,3.9931708312690904e-26,3.945787140072619e-26,3.994771807430109e-26
16.303,0.036800000000000034,5.72304754154373e-20,-1.011201927501801e-20,0.04099942866928528,5.907350849298922e-19,2.7241822099949167e-18,-1.3257389876278937e-19,1.0,-2.3384347198350275e-20,-2.3384346953113144e-20,-2.3384348911234866e-20,-2.3384348730319814e-20,9.235814210944138e-27,9.47433603165556e-27,8.89623294796942e-27,9.201999373455122e-27
16.323,0.036800000000000034,5.72304754154373e-20,-1.011201927501801e-20,0.04099942866928528,5.907350849298922e-19,2.7241822099949167e-18,-1.3257389876278937e-19,1.0,-2.3384347193525134e-20,-2.338434695060242e-20,-2.3384348909663713e-20,-2.3384348730149405e-20,3.3679068651682196e-26,3.42755350789354e-26,3.368740880681146e-26,3.379550009353274e-26
16.343,0.036800000000000034,5.72304754154373e-20,-1.011201927501801e-20,0.04099942866928528,5.907350849298922e-19,2.7241822099949167e-18,-1.3257389876278937e-19,1.0,-2.3384347211171013e-20,-2.3384346971141172e-20,-2.3384348934824143e-20,-2.3384348753074688e-20,-2.2948036197625443e-26,-2.2518438444897654e-26,-2.2791806476668406e-26,-2.2869036835856413e-26
16.363,0.03930000000000007,5.72304754154373e-20,-1.011201927501801e-20,0.04099942866928528,5.907350849298922e-19,2.7241822099949167e-18,-1.3257389876278937e-19,1.0,-2.3384347205543707e-20,-2.338434696514595e-20,-2.338434893646208e-20,-2.3384348749692243e-20,1.0381609768253636e-26,1.1144948703610482e-26,1.0158926487634685e-26,1.006262331005907e-26
16.383,0.03930000000000007,5.72304754154373e-20,-1.011201927501801e-20,0.04099942866928528,5.907350849298922e-19,2.7241822099949167e-18,-1.3257389876278937e-19,1.0,-2.338434715965546e-20,-2.3384346921200584e-20,-2.338434889313464e-20,-2.3384348706139215e-20,4.071026092807266e-26,3.986774461338534e-26,4.04664991009385e-26,4.054693989539725e-26
16.403,0.04179999999999993,5.72304754154373e-20,-1.011201927501801e-20,0.04099942866928528,5.907350849298922e-19,2.7241822099949167e-18,-1.3257389876278937e-19,1.0,-2.3384347186948315e-20,-2.3384346945996583e-20,-2.3384348924403466e-20,-2.3384348734888213e-20,-5.762752630750613e-27,-5.424378023952261e-27,-5.76067381634179e-27,-5.746511159489644e-27
16.423000000000002,0.04179999999999993,5.72304754154373e-20,-1.011201927501801e-20,0.04099942866928528,5.907350849298922e-19,2.7241822099949167e-18,-1.3257389876278937e-19,1.0,-2.3384347165135383e-20,-2.3384346927467605e-20,-2.338434890868885e-20,-2.3384348714744668e-20,2.3003112720311337e-26,2.3316859739063945e-26,2.264452389496945e-26,2.322738152497693e-26
16.443,0.04179999999999993,5.72304754154373e-20,-1.011201927501801e-20,0.04099942866928528,5.907350849298922e-19,2.7241822099949167e-18,-1.3257389876278937e-19,1.0,-2.3384347175703508e-20,-2.338434693600329e-20,-2.338434892056016e-20,-2.3384348724634195e-20,9.66331059751621e-27,9.924258850846888e-27,9.304644759847293e-27,9.191985492986579e-27
16.463,0.044299999999999964,5.72304754154373e-20,-1.011201927501801e-20,0.04099942866928528,5.907350849298922e-19,2.7241822099949167e-18,-1.3257389876278937e-19,1.0,-2.3384347146247625e-20,-2.3384346904703303e-20,-2.338434889409671e-20,-2.3384348693227468e-20,5.985678081532791e-26,6.034880319283002e-26,5.95293690334535e-26,5.957080751418957e-26
16.483,0.044299999999999964,5.72304754154373e-20,-1.011201927501801e-20,0.04099942866928528,5.907350849298922e-19,2.7241822099949167e-18,-1.3257389876278937e-19,1.0,-2.338434715917465e-20,-2.3384346916171298e-20,-2.3384348911965223e-20,-2.3384348707520197e-20,1.4968918724506866e-26,1.2476720074879351e-26,1.3066368791859328e-26,1.1804013430523861e-26
16.503,0.046799999999999994,5.72304754154373e-20,-1.011201927501801e-20,0.04099942866928528,5.907350849298922e-19,2.7241822099949167e-18,-1.3257389876278937e-19,1.0,-2.338434718346542e-20,-2.338434693345047e-20,-2.3384348936390598e-20,-2.3384348731056097e-20,6.668803857020171e-27,7.490247144872457e-27,6.1475015299961985e-27,6.971063040998689e-27
16.523,0.046799999999999994,5.72304754154373e-20,-1.011201927501801e-20,0.04099942866928528,5.907350849298922e-19,2.7241822099949167e-18,-1.3257389876278937e-19,1.0,-2.338434716369538e-20,-2.338434691568026e-20,-2.338434892471695e-20,-2.3384348716246746e-20,9.279015774669848e-27,8.052365124863417e-27,8.761195188580926e-27,8.388433070021208e-27
16.543,0.046799999999999994,5.72304754154373e-20,-1.011201927501801e-20,0.04099942866928528,5.907350849298922e-19,2.7241822099949167e-18,-1.3257389876278937e-19,1.0,-2.3384347151719698e-20,-2.3384346910277832e-20,-2.338434892200429e-20,-2.3384348716514453e-20,4.860555923162692e-26,4.6945776601875977e-26,4.721134824617092e-26,4.571607864311579e-26
16.563,0.04930000000000003,5.72304754154373e-20,-1.011201927501801e-20,0.04099942866928528,5.907350849298922e-19,2.7241822099949167e-18,-1.3257389876278937e-19,1.0,-2.3384347165063052e-20,-2.338434692503518e-20,-2.3384348942231327e-20,-2.3384348734875044e-20,-2.043793177411324e-26,-2.035105131445296e-26,-2.1277030750401308e-26,-2.13469914739026e-26
16.583,0.04930000000000003,5.72304754154373e-20,-1.011201927501801e-20,0.04099942866928528,5.907350849298922e-19,2.7241822099949167e-18,-1.3257389876278937e-19,1.0,-2.338434715798683e-20,-2.338434691967124e-20,-2.3384348941231914e-20,-2.3384348734302727e-20,2.3008573876884633e-26,2.2705001838556977e-26,2.2798682650469846e-26,2.2466263234961714e-26
16.603,0.05180000000000007,5.72304754154373e-20,-1.011201927501801e-20,0.04099942866928528,5.907350849298922e-19,2.7241822099949167e-18,-1.3257389876278937e-19,1.0,-2.3384347122449734e-20,-2.338434688156781e-20,-2.3384348910394164e-20,-2.3384348703350568e-20,1.0570248450179452e-26,1.1448800808429167e-26,1.0705938625719794e-26,1.0298836165322169e-26
16.623,0.05180000000000007,5.72304754154373e-20,-1.011201927501801e-20,0.04099942866928528,5.907350849298922e-19,2.7241822099949167e-18,-1.3257389876278937e-19,1.0,-2.3384347118580733e-20,-2.338434688057197e-20,-2.338434891429915e-20,-2.338434870263428e-20,1.72683163865713e-26,1.8026792342758447e-26,1.7038994157776674e-26,1.7580239936065735e-26
16.643,0.05180000000000007,5.72304754154373e-20,-1.011201927501801e-20,0.04099942866928528,5.907350849298922e-19,2.7241822099949167e-18,-1.3257389876278937e-19,1.0,-2.3384347119794156e-20,-2.3384346881699198e-20,-2.338434891703472e-20,-2.3384348703385388e-20,-4.202778806652653e-27,-3.3729401102724546e-27,-4.3211419472878534e-27,-3.9915720252889144e-27
16.663,0.054299999999999925,5.72304754154373e-20,-1.011201927501801e-20,0.04099942866928528,5.907350849298922e-19,2.7241822099949167e-18,-1.3257389876278937e-19,1.0,-2.3384347125397222e-20,-2.3384346888523126e-20,-2.3384348929756317e-20,-2.338434870922932e-20,-2.2771960173607974e-26,-2.3995687123683085e-26,-2.3572825383416988e-26,-2.308948748673927e-26
16.683,0.054299999999999925,5.72304754154373e-20,-1.011201927501801e-20,0.04099942866928528,5.907350849298922e-19,2.7241822099949167e-18,-1.3257389876278937e-19,1.0,-2.3384347151632342e-20,-2.3384346915181752e-20,-2.3384348964524532e-20,-2.3384348737407377e-20,6.253611451497983e-28,5.3553507405636825e-28,8.058952444324454e-29,1.0260335852939421e-27
16.703,0.05679999999999996,5.72304754154373e-20,-1.011201927501801e-20,0.04099942866928528,5.907350849298922e-19,2.7241822099949167e-18,-1.3257389876278937e-19,1.0,-2.3384347140661493e-20,-2.3384346903486428e-20,-2.3384348955449336e-20,-2.3384348728335925e-20,-3.2008484101956125e-27,-3.394485053536028e-27,-2.900747778274024e-27,-3.238405927510924e-27
16.723,0.05679999999999996,5.72304754154373e-20,-1.011201927501801e-20,0.04099942866928528,5.907350849298922e-19,2.7241822099949167e-18,-1.3257389876278937e-19,1.0,-2.3384347152781496e-20,-2.338434690982934e-20,-2.33843489658326e-20,-2.3384348735551617e-20,-4.744423764561518e-26,-4.630031942260896e-26,-4.566465319932551e-26,-4.647570680427516e-26
16.743,0.05679999999999996,5.72304754154373e-20,-1.011201927501801e-20,0.04099942866928528,5.907350849298922e-19,2.7241822099949167e-18,-1.3257389876278937e-19,1.0,-2.3384347132866038e-20,-2.3384346890298586e-20,-2.3384348950268672e-20,-2.338434872235024e-20,-1.0650733769610012e-26,-1.0514458804587417e-26,-1.0664600468258385e-26,-1.0653371989584725e-26
16.763,0.0593,5.72304754154373e-20,-1.011201927501801e-20,0.04099942866928528,5.907350849298922e-19,2.7241822099949167e-18,-1.3257389876278937e-19,1.0,-2.3384347154736122e-20,-2.3384346908879038e-20,-2.3384348974881355e-20,-2.338434875016752e-20,-2.6145491227628085e-26,-2.531347625148457e-26,-2.5368577292029117e-26,-2.6041041506735505e-26
16.783,0.0593,5.72304754154373e-20,-1.011201927501801e-20,0.04099942866928528,5.907350849298922e-19,2.7241822099949167e-18,-1.3257389876278937e-19,1.0,-2.3384347130545245e-20,-2.3384346879956956e-20,-2.3384348948875743e-20,-2.3384348722755336e-20,4.776055687199618e-26,4.807064439957001e-26,4.8069555324169815e-26,4.834721335777162e-26
16.803,0.061800000000000035,5.72304754154373e-20,-1.011201927501801e-20,0.04099942866928528,5.907350849298922e-19,2.7241822099949167e-18,-1.3257389876278937e-19,1.0,-2.33843471417794e-20,-2.3384346887730768e-20,-2.338434895994135e-20,-2.338434873484322e-20,1.1727253283094045e-26,1.1786124896118336e-26,1.1591894101181945e-26,1.1997798105021435e-26
16.823,0.061800000000000035,5.72304754154373e-20,-1.011201927501801e-20,0.04099942866928528,5.907350849298922e-19,2.7241822099949167e-18,-1.3257389876278937e-19,1.0,-2.3384347147196627e-20,-2.338434688654925e-20,-2.3384348966665787e-20,-2.3384348732796575e-20,-1.0173851524907104e-26,-8.720963253524458e-27,-9.183164659240357e-27,-8.815218191271135e-27
16.843,0.061800000000000035,5.72304754154373e-20,-1.011201927501801e-20,0.04099942866928528,5.907350849298922e-19,2.7241822099949167e-18,-1.3257389876278937e-19,1.0,-2.3384347160337235e-20,-2.3384346901042083e-20,-2.338434897917575e-20,-2.3384348748059684e-20,7.923155487360935e-27,7.43720049640578e-27,6.918377310680199e-27,8.036200303611724e-27
16.863,0.06430000000000007,5.72304754154373e-20,-1.011201927501801e-20,0.04099942866928528,5.907350849298922e-19,2.7241822099949167e-18,-1.3257389876278937e-19,1.0,-2.3384347158449373e-20,-2.3384346897096707e-20,-2.3384348972193172e-20,-2.3384348741733227e-20,-1.5358902401350548e-26,-1.46603949389639e-26,-1.4893501965494688e-26,-1.4293450353787924e-26
16.883,0.06430000000000007,5.72304754154373e-20,-1.011201927501801e-20,0.04099942866928528,5.907350849298922e-19,2.7241822099949167e-18,-1.3257389876278937e-19,1.0,-2.33843471638206e-20,-2.3384346900839005e-20,-2.338434897739573e-20,-2.3384348748905477e-20,-2.883409592175276e-26,-2.841913523923841e-26,-2.8607162963843427e-26,-2.8376188158701633e-26
16.903,0.06679999999999993,5.72304754154373e-20,-1.011201927501801e-20,0.04099942866928528,5.907350849298922e-19,2.7241822099949167e-18,-1.3257389876278937e-19,1.0,-2.338434715365092e-20,-2.3384346888431572e-20,-2.3384348970572012e-20,-2.3384348740201516e-20,3.6170094315398603e-26,3.6283356608500646e-26,3.552268839203059e-26,3.630833924330545e-26
16.923000000000002,0.06679999999999993,5.72304754154373e-20,-1.011201927501801e-20,0.04099942866928528,5.907350849298922e-19,2.7241822099949167e-18,-1.3257389876278937e-19,1.0,-2.338434716101515e-20,-2.3384346897982568e-20,-2.338434898412206e-20,-2.3384348751851494e-20,1.6941010270287318e-26,1.7751601379708187e-26,1.7051243271453884e-26,1.6572903407573515e-26
16.943,0.06679999999999993,5.72304754154373e-20,-1.011201927501801e-20,0.04099942866928528,5.907350849298922e-19,2.7241822099949167e-18,-1.3257389876278937e-19,1.0,-2.338434716603611e-20,-2.3384346905907277e-20,-2.3384348992464268e-20,-2.3384348761327424e-20,1.3176247890733219e-27,2.2556962179696146e-27,1.1594859742014093e-27,5.603726785464675e-28
16.963,0.06929999999999996,5.72304754154373e-20,-1.011201927501801e-20,0.04099942866928528,5.907350849298922e-19,2.7241822099949167e-18,-1.3257389876278937e-19,1.0,-2.3384347182105916e-20,-2.338434692581452e-20,-2.338434901712666e-20,-2.3384348781554013e-20,-2.754403938220784e-26,-2.737933357877724e-26,-2.718687559763692e-26,-2.724798656969755e-26
16.983,0.06929999999999996,5.72304754154373e-20,-1.011201927501801e-20,0.04099942866928528,5.907350849298922e-19,2.7241822099949167e-18,-1.3257389876278937e-19,1.0,-2.3384347171215592e-20,-2.3384346916462215e-20,-2.3384349013851702e-20,-2.338434877658665e-20,-2.771166284569055e-26,-2.773244872866115e-26,-2.767697693535021e-26,-2.7502420645381484e-26
17.003,0.0718,5.72304754154373e-20,-1.011201927501801e-20,0.04099942866928528,5.907350849298922e-19,2.7241822099949167e-18,-1.3257389876278937e-19,1.0,-2.3384347159135305e-20,-2.3384346904014265e-20,-2.3384349001207593e-20,-2.3384348765682575e-20,2.242529834088574e-26,2.2854154764775392e-26,2.4012457520814273e-26,2.228395789568199e-26
17.023,0.0718,5.72304754154373e-20,-1.011201927501801e-20,0.04099942866928528,5.907350849298922e-19,2.7241822099949167e-18,-1.3257389876278937e-19,1.0,-2.3384347142759862e-20,-2.3384346891253125e-20,-2.3384348989754385e-20,-2.3384348750378958e-20,1.1511015729484239e-26,1.1255577417831184e-26,1.1363434759426672e-26,1.1606837812199065e-26
17.043,0.0718,5.72304754154373e-20,-1.011201927501801e-20,0.04099942866928528,5.907350849298922e-19,2.7241822099949167e-18,-1.3257389876278937e-19,1.0,-2.338434713754332e-20,-2.338434689210707e-20,-2.3384348989069603e-20,-2.338434874770349e-20,3.9468047615539326e-27,3.437423412992312e-27,2.3737204217405464e-27,3.307988707562287e-27
17.063,0.07430000000000003,5.72304754154373e-20,-1.011201927501801e-20,0.04099942866928528,5.907350849298922e-19,2.7241822099949167e-18,-1.3257389876278937e-19,1.0,-2.3384347114860917e-20,-2.3384346864417822e-20,-2.3384348974377812e-20,-2.3384348721390956e-20,8.365089815358894e-27,8.582335426002283e-27,7.086333725628622e-27,8.142486329004067e-27
17.083,0.07430000000000003,5.72304754154373e-20,-1.011201927501801e-20,0.04099942866928528,5.907350849298922e-19,2.7241822099949167e-18,-1.3257389876278937e-19,1.0,-2.3384347175637136e-20,-2.338434692805989e-20,-2.338434903980787e-20,-2.3384348785775007e-20,-3.2135188700628306e-26,-3.224947093492781e-26,-3.2059141548097176e-26,-3.2394567276947413e-26
17.103,0.07680000000000006,5.72304754154373e-20,-1.011201927501801e-20,0.04099942866928528,5.907350849298922e-19,2.7241822099949167e-18,-1.3257389876278937e-19,1.0,-2.3384347146761027e-20,-2.3384346896871496e-20,-2.3384349014016095e-20,-2.3384348753783554e-20,-6.477485603333504e-28,-6.639567888425231e-28,-7.765667206958018e-28,-2.649717744896951e-28
17.123,0.07680000000000006,5.72304754154373e-20,-1.011201927501801e-20,0.04099942866928528,5.907350849298922e-19,2.7241822099949167e-18,-1.3257389876278937e-19,1.0,-2.3384347124772044e-20,-2.33843468723556e-20,-2.338434899147902e-20,-2.338434872246656e-20,4.852626290662058e-26,4.9965587999539025e-26,4.902911757212105e-26,5.1229335063022783e-26
17.143,0.07680000000000006,5.72304754154373e-20,-1.011201927501801e-20,0.04099942866928528,5.907350849298922e-19,2.7241822099949167e-18,-1.3257389876278937e-19,1.0,-2.3384347159727745e-20,-2.3384346907418626e-20,-2.3384349031201346e-20,-2.3384348751473226e-20,9.17453466822954e-28,6.957798426419707e-28,1.5934840653173472e-27,1.4950144474958806e-27
17.163,0.07929999999999993,5.72304754154373e-20,-1.011201927501801e-20,0.04099942866928528,5.907350849298922e-19,2.7241822099949167e-18,-1.3257389876278937e-19,1.0,-2.3384347130651324e-20,-2.3384346871159823e-20,-2.3384349010681242e-20,-2.3384348716346e-20,3.8148823067505625e-26,3.8478517154044385e-26,3.794561317160351e-26,3.906766374941151e-26
17.183,0.07929999999999993,5.72304754154373e-20,-1.011201927501801e-20,0.04099942866928528,5.907350849298922e-19,2.7241822099949167e-18,-1.3257389876278937e-19,1.0,-2.3384347176293697e-20,-2.3384346918025207e-20,-2.338434906574549e-20,-2.3384348765189383e-20,-7.608904627918972e-26,-7.677372994009865e-26,-7.585751545534262e-26,-7.633007121639632e-26
17.203,0.08179999999999996,5.72304754154373e-20,-1.011201927501801e-20,0.04099942866928528,5.907350849298922e-19,2.7241822099949167e-18,-1.3257389876278937e-19,1.0,-2.3384347142375573e-20,-2.3384346884937026e-20,-2.3384349036945606e-20,-2.3384348729506292e-20,2.2059302986178932e-26,2.2510296258448226e-26,2.2852176661669832e-26,2.3667675923389838e-26
17.223,0.08179999999999996,5.72304754154373e-20,-1.011201927501801e-20,0.04099942866928528,5.907350849298922e-19,2.7241822099949167e-18,-1.3257389876278937e-19,1.0,-2.3384347133946464e-20,-2.3384346880106734e-20,-2.338434903876564e-20,-2.3384348721172817e-20,5.423495471280413e-26,5.527536421525333e-26,5.519088767873306e-26,5.639166495974282e-26
17.243,0.08179999999999996,5.72304754154373e-20,-1.011201927501801e-20,0.04099942866928528,5.907350849298922e-19,2.7241822099949167e-18,-1.3257389876278937e-19,1.0,-2.3384347140285617e-20,-2.3384346889243706e-20,-2.33843490504283e-20,-2.3384348727229794e-20,1.1646697201177042e-26,1.163497809276992e-26,1.0571141756888893e-26,1.160693103166008e-26
17.263,0.0843,5.72304754154373e-20,-1.011201927501801e-20,0.04099942866928528,5.907350849298922e-19,2.7241822099949167e-18,-1.3257389876278937e-19,1.0,-2.338434715465605e-20,-2.338434690559009e-20,-2.33843490716257e-20,-2.3384348745511194e-20,3.083775044596821e-26,3.177961926837107e-26,3.1283110425697034e-26,3.220396118772945e-26
17.284,0.0843,5.72304754154373e-20,-1.011201927501801e-20,0.04099942866928528,5.907350849298922e-19,2.7241822099949167e-18,-1.3257389876278937e-19,1.0,-2.3384347139698783e-20,-2.3384346895382954e-20,-2.3384349070060443e-20,-2.338434874063321e-20,1.8755352542169267e-28,1.1325970617390404e-27,6.117231885323927e-28,1.1551604744093973e-27
17.303,0.08680000000000003,5.72304754154373e-20,-1.011201927501801e-20,0.04099942866928528,5.907350849298922e-19,2.7241822099949167e-18,-1.3257389876278937e-19,1.0,-2.338434716476004e-20,-2.3384346920869378e-20,-2.3384349101283318e-20,-2.3384348762508603e-20,-2.0581573581497132e-26,-2.0937233235188256e-26,-2.039152667434406e-26,-2.1918474731600874e-26
17.323,0.08680000000000003,5.72304754154373e-20,-1.011201927501801e-20,0.04099942866928528,5.907350849298922e-19,2.7241822099949167e-18,-1.3257389876278937e-19,1.0,-2.3384347155978146e-20,-2.338434691226361e-20,-2.338434909449635e-20,-2.3384348755599155e-20,-5.67077798115502e-27,-4.695470218940994e-27,-4.968331600753997e-27,-4.94809757828008e-27
17.343,0.08680000000000003,5.72304754154373e-20,-1.011201927501801e-20,0.04099942866928528,5.907350849298922e-19,2.7241822099949167e-18,-1.3257389876278937e-19,1.0,-2.3384347173635023e-20,-2.338434693067855e-20,-2.3384349111607082e-20,-2.338434876882455e-20,-6.796680610312908e-27,-6.50091394664191e-27,-6.322820106243074e-27,-5.995107382513105e-27
17.363,0.08930000000000007,5.72304754154373e-20,-1.011201927501801e-20,0.04099942866928528,5.907350849298922e-19,2.7241822099949167e-18,-1.3257389876278937e-19,1.0,-2.3384347125757732e-20,-2.3384346882343635e-20,-2.3384349068947575e-20,-2.3384348721168706e-20,5.56145277038151e-27,4.3607792772397914e-27,4.6145261430098175e-27,5.024051515222477e-27
17.383,0.08930000000000007,5.72304754154373e-20,-1.011201927501801e-20,0.04099942866928528,5.907350849298922e-19,2.7241822099949167e-18,-1.3257389876278937e-19,1.0,-2.3384347178374093e-20,-2.3384346931786012e-20,-2.3384349125410195e-20,-2.3384348776446705e-20,-5.177441234928197e-26,-5.015650538173728e-26,-5.242519812559489e-26,-5.0935263580384394e-26
17.403,0.09179999999999992,5.72304754154373e-20,-1.011201927501801e-20,0.04099942866928528,5.907350849298922e-19,2.7241822099949167e-18,-1.3257389876278937e-19,1.0,0.1616335359851353,0.1616335359851353,-0.1616335359851353,-0.1616335359851353,33.94384805662972,33.94384805662972,-33.94384805662972,-33.94384805662972
17.423000000000002,0.09179999999999992,5.72304754154373e-20,-1.011201927501801e-20,0.04099942866928528,5.907350849298922e-19,2.7241822099949167e-18,-1.3257389876278937e-19,1.0,1.369934459931029,1.369934459931029,-1.369934459931029,-1.369934459931029,77.57037659126955,77.57037659126955,-77.57037659126955,-77.57037659126955
17.443,0.09179999999999992,5.72304754154373e-20,-1.011201927501801e-20,0.04099942866928528,5.907350849298922e-19,2.7241822099949167e-18,-1.3257389876278937e-19,1.0,3.116106183338947,3.116106183338947,-3.116106183338947,-3.116106183338947,93.61967952884284,93.61967952884284,-93.61967952884284,-93.61967952884284
17.463,0.09429999999999997,5.72304754154373e-20,-1.011201927501801e-20,0.04099942866928528,5.907350849298922e-19,2.7241822099949167e-18,-1.3257389876278937e-19,1.0,5.060149515875393,5.060149515875393,-5.060149515875393,-5.060149515875393,99.5238881247085,99.5238881247085,-99.5238881247085,-99.5238881247085
17.483,0.09429999999999997,5.72304754154373e-20,-1.011201927501801e-20,0.04099942866928528,5.907350849298922e-19,2.7241822099949167e-18,-1.3257389876278937e-19,1.0,7.076985745401735,7.076985745401735,-7.076985745401735,-7.076985745401735,101.69592508351516,101.69592508351516,-101.69592508351516,-101.69592508351516
17.503,0.0968,5.72304754154373e-20,-1.011201927501801e-20,0.04099942866928528,5.907350849298922e-19,2.7241822099949167e-18,-1.3257389876278937e-19,1.0,9.12060098519397,9.12060098519397,-9.12060098519397,-9.12060098519397,102.4949728261247,102.4949728261247,-102.4949728261247,-102.4949728261247
17.523,0.0968,5.72304754154373e-20,-1.011201927501801e-20,0.04099942866928528,5.907350849298922e-19,2.7241822099949167e-18,-1.3257389876278937e-19,1.0,11.174067672317948,11.174067672317948,-11.174067672317948,-11.174067672317948,102.7889260631452,102.7889260631452,-102.7889260631452,-102.7889260631452
17.543,0.0968,5.72304754154373e-20,-1.011201927501801e-20,0.04099942866928528,5.907350849298922e-19,2.7241822099949167e-18,-1.3257389876278937e-19,1.0,13.231158504381055,13.231158504381055,-13.231158504381055,-13.231158504381055,102.89706541571084,102.89706541571084,-102.89706541571084,-102.89706541571084
17.563,0.09930000000000003,5.72304754154373e-20,-1.011201927501801e-20,0.04099942866928528,5.907350849298922e-19,2.7241822099949167e-18,-1.3257389876278937e-19,1.0,15.289582584859096,15.289582584859096,-15.289582584859096,-15.289582584859096,102.93684766030128,102.93684766030128,-102.93684766030128,-102.93684766030128
17.583,0.09930000000000003,5.72304754154373e-20,-1.011201927501801e-20,0.04099942866928528,5.907350849298922e-19,2.7241822099949167e-18,-1.3257389876278937e-19,1.0,17.348497140018953,17.348497140018953,-17.348497140018953,-17.348497140018953,102.95148273020979,102.95148273020979,-102.95148273020979,-102.95148273020979
17.603,0.10180000000000007,5.72304754154373e-20,-1.011201927501801e-20,0.04099942866928528,5.907350849298922e-19,2.7241822099949167e-18,-1.3257389876278937e-19,1.0,19.407592130730677,19.407592130730677,-19.407592130730677,-19.407592130730677,102.95686667154925,102.95686667154925,-102.95686667154925,-102.95686667154925
17.623,0.10180000000000007,5.72304754154373e-20,-1.011201927501801e-20,0.04099942866928528,5.907350849298922e-19,2.7241822099949167e-18,-1.3257389876278937e-19,1.0,21.466753499972395,21.466753499972395,-21.466753499972395,-21.466753499972395,102.95884731288051,102.95884731288051,-102.95884731288051,-102.95884731288051
17.643,0.10180000000000007,5.72304754154373e-20,-1.011201927501801e-20,0.04099942866928528,5.907350849298922e-19,2.7241822099949167e-18,-1.3257389876278937e-19,1.0,23.52593928851062,23.52593928851062,-23.52593928851062,-23.52593928851062,102.9595759501066,102.9595759501066,-102.9595759501066,-102.9595759501066
17.663,0.10429999999999992,5.72304754154373e-20,-1.011201927501801e-20,0.04099942866928528,5.907350849298922e-19,2.7241822099949167e-18,-1.3257389876278937e-19,1.0,25.58513406040601,25.58513406040601,-25.58513406040601,-25.58513406040601,102.95984400076215,102.95984400076215,-102.95984400076215,-102.95984400076215
17.683,0.10429999999999992,5.72304754154373e-20,-1.011201927501801e-20,0.04099942866928528,5.907350849298922e-19,2.7241822099949167e-18,-1.3257389876278937e-19,1.0,27.644332137093805,27.644332137093805,-27.644332137093805,-27.644332137093805,102.95994261108754,102.95994261108754,-102.95994261108754,-102.95994261108754
17.703,0.10679999999999996,5.72304754154373e-20,-1.011201927501801e-20,0.04099942866928528,5.907350849298922e-19,2.7241822099949167e-18,-1.3257389876278937e-19,1.0,29.703531429546782,29.703531429546782,-29.703531429546782,-29.703531429546782,102.95997888779893,102.95997888779893,-102.95997888779893,-102.95997888779893
17.723,0.10679999999999996,5.72304754154373e-20,-1.011201927501801e-20,0.04099942866928528,5.907350849298922e-19,2.7241822099949167e-18,-1.3257389876278937e-19,1.0,31.762731169254785,31.762731169254785,-31.762731169254785,-31.762731169254785,102.95999223325525,102.95999223325525,-102.95999223325525,-102.95999223325525
17.743,0.10679999999999996,5.72304754154373e-20,-1.011201927501801e-20,0.04099942866928528,5.907350849298922e-19,2.7241822099949167e-18,-1.3257389876278937e-19,1.0,33.821931073498725,33.821931073498725,-33.821931073498725,-33.821931073498725,102.95999714277426,102.95999714277426,-102.95999714277426,-102.95999714277426
17.763,0.1093,5.72304754154373e-20,-1.011201927501801e-20,0.04099942866928528,5.907350849298922e-19,2.7241822099949167e-18,-1.3257389876278937e-19,1.0,35.88113103827202,35.88113103827202,-35.88113103827202,-35.88113103827202,102.95999894888536,102.95999894888536,-102.95999894888536,-102.95999894888536
17.783,0.1093,5.72304754154373e-20,-1.011201927501801e-20,0.04099942866928528,5.907350849298922e-19,2.7241822099949167e-18,-1.3257389876278937e-19,1.0,37.940331025312844,37.940331025312844,-37.940331025312844,-37.940331025312844,102.9599996133165,102.9599996133165,-102.9599996133165,-102.9599996133165
17.803,0.11180000000000004,5.72304754154373e-20,-1.011201927501801e-20,0.04099942866928528,5.907350849298922e-19,2.7241822099949167e-18,-1.3257389876278937e-19,1.0,39.99953102054544,39.99953102054544,-39.99953102054544,-39.99953102054544,102.95999985774708,102.95999985774708,-102.95999985774708,-102.95999985774708
17.823,0.11180000000000004,5.72304754154373e-20,-1.011201927501801e-20,0.04099942866928528,5.907350849298922e-19,2.7241822099949167e-18,-1.3257389876278937e-19,1.0,42.05873101879162,42.05873101879162,-42.05873101879162,-42.05873101879162,102.95999994766804,102.95999994766804,-102.95999994766804,-102.95999994766804
17.843,0.11180000000000004,5.72304754154373e-20,-1.011201927501801e-20,0.04099942866928528,5.907350849298922e-19,2.7241822099949167e-18,-1.3257389876278937e-19,1.0,44.117931018146415,44.117931018146415,-44.117931018146415,-44.117931018146415,102.9599999807481,102.9599999807481,-102.9599999807481,-102.9599999807481
17.863,0.11430000000000007,5.72304754154373e-20,-1.011201927501801e-20,0.04099942866928528,5.907350849298922e-19,2.7241822099949167e-18,-1.3257389876278937e-19,1.0,46.177131017909055,46.177131017909055,-46.177131017909055,-46.177131017909055,102.9599999929176,102.9599999929176,-102.9599999929176,-102.9599999929176
17.883,0.11430000000000007,5.72304754154373e-20,-1.011201927501801e-20,0.04099942866928528,5.907350849298922e-19,2.7241822099949167e-18,-1.3257389876278937e-19,1.0,48.23633101782173,48.23633101782173,-48.23633101782173,-48.23633101782173,102.95999999739449,102.95999999739449,-102.95999999739449,-102.95999999739449
17.903,0.11679999999999993,5.72304754154373e-20,-1.011201927501801e-20,0.04099942866928528,5.907350849298922e-19,2.7241822099949167e-18,-1.3257389876278937e-19,1.0,50.29553101778961,50.29553101778961,-50.29553101778961,-50.29553101778961,102.95999999904144,102.95999999904144,-102.95999999904144,-102.95999999904144
17.923000000000002,0.11679999999999993,5.72304754154373e-20,-1.011201927501801e-20,0.04099942866928528,5.907350849298922e-19,2.7241822099949167e-18,-1.3257389876278937e-19,1.0,52.35473101777781,52.35473101777781,-52.35473101777781,-52.35473101777781,102.95999999964732,102.95999999964732,-102.95999999964732,-102.95999999964732
17.943,0.11679999999999993,5.72304754154373e-20,-1.011201927501801e-20,0.04099942866928528,5.907350849298922e-19,2.7241822099949167e-18,-1.3257389876278937e-19,1.0,54.41393101777345,54.41393101777345,-54.41393101777345,-54.41393101777345,102.95999999987025,102.95999999987025,-102.95999999987025,-102.95999999987025
17.963,0.11929999999999996,5.72304754154373e-20,-1.011201927501801e-20,0.04099942866928528,5.907350849298922e-19,2.7241822099949167e-18,-1.3257389876278937e-19,1.0,56.47313101777185,56.47313101777185,-56.47313101777185,-56.47313101777185,102.95999999995222,102.95999999995222,-102.95999999995222,-102.95999999995222
17.983,0.11929999999999996,5.72304754154373e-20,-1.011201927501801e-20,0.04099942866928528,5.907350849298922e-19,2.7241822099949167e-18,-1.3257389876278937e-19,1.0,58.532331017771256,58.532331017771256,-58.532331017771256,-58.532331017771256,102.95999999998239,102.95999999998239,-102.95999999998239,-102.95999999998239
18.003,0.12179999999999999,5.72304754154373e-20,-1.011201927501801e-20,0.04099942866928528,5.907350849298922e-19,2.7241822099949167e-18,-1.3257389876278937e-19,1.0,60.59153101777104,60.59153101777104,-60.59153101777104,-60.59153101777104,102.95999999999349,102.95999999999349,-102.95999999999349,-102.95999999999349
18.023,0.12179999999999999,5.72304754154373e-20,-1.011201927501801e-20,0.04099942866928528,5.907350849298922e-19,2.7241822099949167e-18,-1.3257389876278937e-19,1.0,62.65073101777096,62.65073101777096,-62.65073101777096,-62.65073101777096,102.95999999999758,102.95999999999758,-102.95999999999758,-102.95999999999758
18.043,0.12179999999999999,5.72304754154373e-20,-1.011201927501801e-20,0.04099942866928528,5.907350849298922e-19,2.7241822099949167e-18,-1.3257389876278937e-19,1.0,64.70993101777088,64.70993101777088,-64.70993101777088,-64.70993101777088,102.95999999999907,102.95999999999907,-102.95999999999907,-102.95999999999907
18.063,0.12430000000000004,5.72304754154373e-20,-1.011201927501801e-20,0.04099942866928528,5.907350849298922e-19,2.7241822099949167e-18,-1.3257389876278937e-19,1.0,66.7691310177708,66.7691310177708,-66.7691310177708,-66.7691310177708,102.95999999999961,102.95999999999961,-102.95999999999961,-102.95999999999961
18.083,0.12430000000000004,5.72304754154373e-20,-1.011201927501801e-20,0.04099942866928528,5.907350849298922e-19,2.7241822099949167e-18,-1.3257389876278937e-19,1.0,68.82833101777072,68.82833101777072,-68.82833101777072,-68.82833101777072,102.95999999999982,102.95999999999982,-102.95999999999982,-102.95999999999982
18.103,0.12680000000000008,5.72304754154373e-20,-1.011201927501801e-20,0.04099942866928528,5.907350849298922e-19,2.7241822099949167e-18,-1.3257389876278937e-19,1.0,70.88753101777064,70.88753101777064,-70.88753101777064,-70.88753101777064,102.95999999999982,102.95999999999982,-102.95999999999982,-102.95999999999982
18.123,0.12680000000000008,5.72304754154373e-20,-1.011201927501801e-20,0.04099942866928528,5.907350849298922e-19,2.7241822099949167e-18,-1.3257389876278937e-19,1.0,72.94673101777056,72.94673101777056,-72.94673101777056,-72.94673101777056,102.95999999999982,102.95999999999982,-102.95999999999982,-102.95999999999982
18.143,0.12680000000000008,5.72304754154373e-20,-1.011201927501801e-20,0.04099942866928528,5.907350849298922e-19,2.7241822099949167e-18,-1.3257389876278937e-19,1.0,75.00593101777048,75.00593101777048,-75.00593101777048,-75.00593101777048,102.95999999999982,102.95999999999982,-102.95999999999982,-102.95999999999982
18.163,0.12929999999999992,5.72304754154373e-20,-1.011201927501801e-20,0.04099942866928528,5.907350849298922e-19,2.7241822099949167e-18,-1.3257389876278937e-19,1.0,77.0651310177704,77.0651310177704,-77.0651310177704,-77.0651310177704,102.95999999999982,102.95999999999982,-102.95999999999982,-102.95999999999982
18.183,0.12929999999999992,5.72304754154373e-20,-1.011201927501801e-20,0.04099942866928528,5.907350849298922e-19,2.7241822099949167e-18,-1.3257389876278937e-19,1.0,79.12433101777032,79.12433101777032,-79.12433101777032,-79.12433101777032,102.95999999999982,102.95999999999982,-102.95999999999982,-102.95999999999982
18.203,0.13179999999999997,5.72304754154373e-20,-1.011201927501801e-20,0.04099942866928528,5.907350849298922e-19,2.7241822099949167e-18,-1.3257389876278937e-19,1.0,81.18353101777024,81.18353101777024,-81.18353101777024,-81.18353101777024,102.95999999999982,102.95999999999982,-102.95999999999982,-102.95999999999982
18.223,0.13179999999999997,5.72304754154373e-20,-1.011201927501801e-20,0.04099942866928528,5.907350849298922e-19,2.7241822099949167e-18,-1.3257389876278937e-19,1.0,83.24273101777015,83.24273101777015,-83.24273101777015,-83.24273101777015,102.95999999999982,102.95999999999982,-102.95999999999982,-102.95999999999982
18.243,0.13179999999999997,5.72304754154373e-20,-1.011201927501801e-20,0.04099942866928528,5.907350849298922e-19,2.7241822099949167e-18,-1.3257389876278937e-19,1.0,85.30193101777007,85.30193101777007,-85.30193101777007,-85.30193101777007,102.95999999999982,102.95999999999982,-102.95999999999982,-102.95999999999982
18.263,0.1343,5.72304754154373e-20,-1.011201927501801e-20,0.04099942866928528,5.907350849298922e-19,2.7241822099949167e-18,-1.3257389876278937e-19,1.0,87.36113101776999,87.36113101776999,-87.36113101776999,-87.36113101776999,102.95999999999982,102.95999999999982,-102.95999999999982,-102.95999999999982
18.283,0.1343,5.72304754154373e-20,-1.011201927501801e-20,0.04099942866928528,5.907350849298922e-19,2.7241822099949167e-18,-1.3257389876278937e-19,1.0,89.42033101776991,89.42033101776991,-89.42033101776991,-89.42033101776991,102.95999999999982,102.95999999999982,-102.95999999999982,-102.95999999999982
18.303,0.13680000000000003,5.72304754154373e-20,-1.011201927501801e-20,0.04099942866928528,5.907350849298922e-19,2.7241822099949167e-18,-1.3257389876278937e-19,1.0,92.00023344060541,92.00023344060541,-92.00023344060541,-92.00023344060541,157.47643255011275,157.47643255011275,-157.47643255011275,-157.47643255011275
18.323,0.13680000000000003,5.72304754154373e-20,-1.011201927501801e-20,0.04099942866928528,5.907350849298922e-19,2.7241822099949167e-18,-1.3257389876278937e-19,1.0,95.4909962215359,95.4909962215359,-95.4909962215359,-95.4909962215359,185.59541006522338,185.59541006522338,-185.59541006522338,-185.59541006522338
18.343,0.13680000000000003,5.72304754154373e-20,-1.011201927501801e-20,0.04099942866928528,5.907350849298922e-19,2.7241822099949167e-18,-1.3257389876278937e-19,1.0,99.32843744386699,99.32843744386699,-99.32843744386699,-99.32843744386699,195.93980379979456,195.93980379979456,-195.93980379979456,-195.93980379979456
18.363,0.13930000000000006,5.72304754154373e-20,-1.011201927501801e-20,0.04099942866928528,5.907350849298922e-19,2.7241822099949167e-18,-1.3257389876278937e-19,1.0,103.29341453748673,103.29341453748673,-103.29341453748673,-103.29341453748673,199.74529358612602,199.74529358612602,-199.74529358612602,-199.74529358612602
18.383,0.13930000000000006,5.72304754154373e-20,-1.011201927501801e-20,0.04099942866928528,5.907350849298922e-19,2.7241822099949167e-18,-1.3257389876278937e-19,1.0,107.30530945616542,107.30530945616542,-107.30530945616542,-107.30530945616542,201.1452550421053,201.1452550421053,-201.1452550421053,-201.1452550421053
18.403,0.14179999999999993,5.72304754154373e-20,-1.011201927501801e-20,0.04099942866928528,5.907350849298922e-19,2.7241822099949167e-18,-1.3257389876278937e-19,1.0,111.3344644781078,111.3344644781078,-111.3344644781078,-111.3344644781078,201.66027208019256,201.66027208019256,-201.66027208019256,-201.66027208019256
18.423000000000002,0.14179999999999993,5.72304754154373e-20,-1.011201927501801e-20,0.04099942866928528,5.907350849298922e-19,2.7241822099949167e-18,-1.3257389876278937e-19,1.0,115.3699691371934,115.3699691371934,-115.3699691371934,-115.3699691371934,201.84973626035782,201.84973626035782,-201.84973626035782,-201.84973626035782
18.443,0.14179999999999993,5.72304754154373e-20,-1.011201927501801e-20,0.04099942866928528,5.907350849298922e-19,2.7241822099949167e-18,-1.3257389876278937e-19,1.0,119.40780969724284,119.40780969724284,-119.40780969724284,-119.40780969724284,201.91943623707905,201.91943623707905,-201.91943623707905,-201.91943623707905
18.463,0.14429999999999996,5.72304754154373e-20,-1.011201927501801e-20,0.04099942866928528,5.907350849298922e-19,2.7241822099949167e-18,-1.3257389876278937e-19,1.0,123.44650958723354,123.44650958723354,-123.44650958723354,-123.44650958723354,201.9450774255649,201.9450774255649,-201.9450774255649,-201.9450774255649
18.483,0.14429999999999996,5.72304754154373e-20,-1.011201927501801e-20,0.04099942866928528,5.907350849298922e-19,2.7241822099949167e-18,-1.3257389876278937e-19,1.0,127.4855256070428,127.4855256070428,-127.4855256070428,-127.4855256070428,201.95451029165602,201.95451029165602,-201.95451029165602,-201.95451029165602
18.503,0.14679999999999999,5.72304754154373e-20,-1.011201927501801e-20,0.04099942866928528,5.907350849298922e-19,2.7241822099949167e-18,-1.3257389876278937e-19,1.0,131.52465792451304,131.52465792451304,-131.52465792451304,-131.52465792451304,201.95798044916228,201.95798044916228,-201.95798044916228,-201.95798044916228
18.523,0.14679999999999999,5.72304754154373e-20,-1.011201927501801e-20,0.04099942866928528,5.907350849298922e-19,2.7241822099949167e-18,-1.3257389876278937e-19,1.0,135.5638330255018,135.5638330255018,-135.5638330255018,-135.5638330255018,201.95925704876646,201.95925704876646,-201.95925704876646,-201.95925704876646
18.543,0.14679999999999999,5.72304754154373e-20,-1.011201927501801e-20,0.04099942866928528,5.907350849298922e-19,2.7241822099949167e-18,-1.3257389876278937e-19,1.0,139.60302386566752,139.60302386566752,-139.60302386566752,-139.60302386566752,201.9597266835155,201.9597266835155,-201.9597266835155,-201.9597266835155
18.564,0.14930000000000004,5.72304754154373e-20,-1.011201927501801e-20,0.04099942866928528,5.907350849298922e-19,2.7241822099949167e-18,-1.3257389876278937e-19,1.0,143.64222049595276,143.64222049595276,-143.64222049595276,-143.64222049595276,201.95989945248445,201.95989945248445,-201.95989945248445,-201.95989945248445
18.583,0.14930000000000004,5.72304754154373e-20,-1.011201927501801e-20,0.04099942866928528,5.907350849298922e-19,2.7241822099949167e-18,-1.3257389876278937e-19,1.0,147.681419256304,147.681419256304,-147.681419256304,-147.681419256304,201.95996301063622,201.95996301063622,-201.95996301063622,-201.95996301063622
18.603,0.15180000000000007,5.72304754154373e-20,-1.011201927501801e-20,0.04099942866928528,5.907350849298922e-19,2.7241822099949167e-18,-1.3257389876278937e-19,1.0,151.72061880026263,151.72061880026263,-151.72061880026263,-151.72061880026263,201.95998639237357,201.95998639237357,-201.95998639237357,-201.95998639237357
18.623,0.15180000000000007,5.72304754154373e-20,-1.011201927501801e-20,0.04099942866928528,5.907350849298922e-19,2.7241822099949167e-18,-1.3257389876278937e-19,1.0,155.75981863249444,155.75981863249444,-155.75981863249444,-155.75981863249444,201.95999499403405,201.95999499403405,-201.95999499403405,-201.95999499403405
18.643,0.15180000000000007,5.72304754154373e-20,-1.011201927501801e-20,0.04099942866928528,5.907350849298922e-19,2.7241822099949167e-18,-1.3257389876278937e-19,1.0,159.79901857077596,159.79901857077596,-159.79901857077596,-159.79901857077596,201.95999815840807,201.95999815840807,-201.95999815840807,-201.95999815840807
18.663,0.15429999999999994,5.72304754154373e-20,-1.011201927501801e-20,0.04099942866928528,5.907350849298922e-19,2.7241822099949167e-18,-1.3257389876278937e-19,1.0,163.83821854807098,163.83821854807098,-163.83821854807098,-163.83821854807098,201.95999932251624,201.95999932251624,-201.95999932251624,-201.95999932251624
18.683,0.15429999999999994,5.72304754154373e-20,-1.011201927501801e-20,0.04099942866928528,5.907350849298922e-19,2.7241822099949167e-18,-1.3257389876278937e-19,1.0,167.8774185397183,167.8774185397183,-167.8774185397183,-167.8774185397183,201.9599997507677,201.9599997507677,-201.9599997507677,-201.9599997507677
18.703,0.15679999999999997,5.72304754154373e-20,-1.011201927501801e-20,0.04099942866928528,5.907350849298922e-19,2.7241822099949167e-18,-1.3257389876278937e-19,1.0,171.91661853664547,171.91661853664547,-171.91661853664547,-171.91661853664547,201.9599999083126,201.9599999083126,-201.9599999083126,-201.9599999083126
18.723,0.15679999999999997,5.72304754154373e-20,-1.011201927501801e-20,0.04099942866928528,5.907350849298922e-19,2.7241822099949167e-18,-1.3257389876278937e-19,1.0,175.9558185355151,175.9558185355151,-175.9558185355151,-175.9558185355151,201.95999996627015,201.95999996627015,-201.95999996627015,-201.95999996627015
18.743,0.15679999999999997,5.72304754154373e-20,-1.011201927501801e-20,0.04099942866928528,5.907350849298922e-19,2.7241822099949167e-18,-1.3257389876278937e-19,1.0,179.99501853509926,179.99501853509926,-179.99501853509926,-179.99501853509926,201.9599999875915,201.9599999875915,-201.9599999875915,-201.9599999875915
18.763,0.1593,5.72304754154373e-20,-1.011201927501801e-20,0.04099942866928528,5.907350849298922e-19,2.7241822099949167e-18,-1.3257389876278937e-19,1.0,184.0342185349463,184.0342185349463,-184.0342185349463,-184.0342185349463,201.95999999543528,201.95999999543528,-201.95999999543528,-201.95999999543528
18.783,0.1593,5.72304754154373e-20,-1.011201927501801e-20,0.04099942866928528,5.907350849298922e-19,2.7241822099949167e-18,-1.3257389876278937e-19,1.0,188.07341853488998,188.07341853488998,-188.07341853488998,-188.07341853488998,201.95999999832082,201.95999999832082,-201.95999999832082,-201.95999999832082
18.803,0.16180000000000003,5.72304754154373e-20,-1.011201927501801e-20,0.04099942866928528,5.907350849298922e-19,2.7241822099949167e-18,-1.3257389876278937e-19,1.0,192.11261853486928,192.11261853486928,-192.11261853486928,-192.11261853486928,201.95999999938232,201.95999999938232,-201.95999999938232,-201.95999999938232
18.823,0.16180000000000003,5.72304754154373e-20,-1.011201927501801e-20,0.04099942866928528,5.907350849298922e-19,2.7241822099949167e-18,-1.3257389876278937e-19,1.0,196.15181853486172,196.15181853486172,-196.15181853486172,-196.15181853486172,201.9599999997728,201.9599999997728,-201.9599999997728,-201.9599999997728
18.843,0.16180000000000003,5.72304754154373e-20,-1.011201927501801e-20,0.04099942866928528,5.907350849298922e-19,2.7241822099949167e-18,-1.3257389876278937e-19,1.0,200.19101853485893,200.19101853485893,-200.19101853485893,-200.19101853485893,201.9599999999165,201.9599999999165,-201.9599999999165,-201.9599999999165
18.863,0.16430000000000006,5.72304754154373e-20,-1.011201927501801e-20,0.04099942866928528,5.907350849298922e-19,2.7241822099949167e-18,-1.3257389876278937e-19,1.0,204.23021853485787,204.23021853485787,-204.23021853485787,-204.23021853485787,201.9599999999693,201.9599999999693,-201.9599999999693,-201.9599999999693
18.883,0.16430000000000006,5.72304754154373e-20,-1.011201927501801e-20,0.04099942866928528,5.907350849298922e-19,2.7241822099949167e-18,-1.3257389876278937e-19,1.0,208.26941853485755,208.26941853485755,-208.26941853485755,-208.26941853485755,201.95999999998872,201.95999999998872,-201.95999999998872,-201.95999999998872
18.903,0.16679999999999992,5.72304754154373e-20,-1.011201927501801e-20,0.04099942866928528,5.907350849298922e-19,2.7241822099949167e-18,-1.3257389876278937e-19,1.0,212.30861853485726,212.30861853485726,-212.30861853485726,-212.30861853485726,201.95999999999592,201.95999999999592,-201.95999999999592,-201.95999999999592
18.924,0.16679999999999992,5.72304754154373e-20,-1.011201927501801e-20,0.04099942866928528,5.907350849298922e-19,2.7241822099949167e-18,-1.3257389876278937e-19,1.0,216.34781853485697,216.34781853485697,-216.34781853485697,-216.34781853485697,201.95999999999856,201.95999999999856,-201.95999999999856,-201.95999999999856
18.943,0.16679999999999992,5.72304754154373e-20,-1.011201927501801e-20,0.04099942866928528,5.907350849298922e-19,2.7241822099949167e-18,-1.3257389876278937e-19,1.0,220.38701853485668,220.38701853485668,-220.38701853485668,-220.38701853485668,201.95999999999947,201.95999999999947,-201.95999999999947,-201.95999999999947
18.963,0.16929999999999995,5.72304754154373e-20,-1.011201927501801e-20,0.04099942866928528,5.907350849298922e-19,2.7241822099949167e-18,-1.3257389876278937e-19,1.0,224.42621853485673,224.42621853485673,-224.42621853485673,-224.42621853485673,201.95999999999978,201.95999999999978,-201.95999999999978,-201.95999999999978
18.983,0.16929999999999995,5.72304754154373e-20,-1.011201927501801e-20,0.04099942866928528,5.907350849298922e-19,2.7241822099949167e-18,-1.3257389876278937e-19,1.0,228.465418534857,228.465418534857,-228.465418534857,-228.465418534857,201.95999999999978,201.95999999999978,-201.95999999999978,-201.95999999999978
19.003,0.1718,5.72304754154373e-20,-1.011201927501801e-20,0.04099942866928528,5.907350849298922e-19,2.7241822099949167e-18,-1.3257389876278937e-19,1.0,232.5046185348573,232.5046185348573,-232.5046185348573,-232.5046185348573,201.95999999999978,201.95999999999978,-201.95999999999978,-201.95999999999978
19.023,0.1718,5.72304754154373e-20,-1.011201927501801e-20,0.04099942866928528,5.907350849298922e-19,2.7241822099949167e-18,-1.3257389876278937e-19,1.0,236.54381853485756,236.54381853485756,-236.54381853485756,-236.54381853485756,201.95999999999978,201.95999999999978,-201.95999999999978,-201.95999999999978
19.043,0.1718,5.72304754154373e-20,-1.011201927501801e-20,0.04099942866928528,5.907350849298922e-19,2.7241822099949167e-18,-1.3257389876278937e-19,1.0,240.58301853485784,240.58301853485784,-240.58301853485784,-240.58301853485784,201.95999999999978,201.95999999999978,-201.95999999999978,-201.95999999999978
19.063,0.17430000000000004,5.72304754154373e-20,-1.011201927501801e-20,0.04099942866928528,5.907350849298922e-19,2.7241822099949167e-18,-1.3257389876278937e-19,1.0,244.62221853485812,244.62221853485812,-244.62221853485812,-244.62221853485812,201.95999999999978,201.95999999999978,-201.95999999999978,-201.95999999999978
19.083,0.17430000000000004,5.72304754154373e-20,-1.011201927501801e-20,0.04099942866928528,5.907350849298922e-19,2.7241822099949167e-18,-1.3257389876278937e-19,1.0,248.6614185348584,248.6614185348584,-248.6614185348584,-248.6614185348584,201.95999999999978,201.95999999999978,-201.95999999999978,-201.95999999999978
19.103,0.17680000000000007,5.72304754154373e-20,-1.011201927501801e-20,0.04099942866928528,5.907350849298922e-19,2.7241822099949167e-18,-1.3257389876278937e-19,1.0,252.70061853485868,252.70061853485868,-252.70061853485868,-252.70061853485868,201.95999999999978,201.95999999999978,-201.95999999999978,-201.95999999999978
19.123,0.17680000000000007,5.72304754154373e-20,-1.011201927501801e-20,0.04099942866928528,5.907350849298922e-19,2.7241822099949167e-18,-1.3257389876278937e-19,1.0,256.73981853485884,256.73981853485884,-256.73981853485884,-256.73981853485884,201.95999999999978,201.95999999999978,-201.95999999999978,-201.95999999999978
19.143,0.17680000000000007,5.72304754154373e-20,-1.011201927501801e-20,0.04099942866928528,5.907350849298922e-19,2.7241822099949167e-18,-1.3257389876278937e-19,1.0,260.77901853485855,260.77901853485855,-260.77901853485855,-260.77901853485855,201.95999999999978,201.95999999999978,-201.95999999999978,-201.95999999999978
19.163,0.17929999999999993,5.72304754154373e-20,-1.011201927501801e-20,0.04099942866928528,5.907350849298922e-19,2.7241822099949167e-18,-1.3257389876278937e-19,1.0,264.81821853485826,264.81821853485826,-264.81821853485826,-264.81821853485826,201.95999999999978,201.95999999999978,-201.95999999999978,-201.95999999999978
19.183,0.17929999999999993,5.72304754154373e-20,-1.011201927501801e-20,0.04099942866928528,5.907350849298922e-19,2.7241822099949167e-18,-1.3257389876278937e-19,1.0,268.9509612018288,268.9509612018288,-268.9509612018288,-268.9509612018288,227.61899614874707,227.61899614874707,-227.61899614874707,-227.61899614874707
19.203,0.18179999999999996,5.72304754154373e-20,-1.011201927501801e-20,0.04099942866928528,5.907350849298922e-19,2.7241822099949167e-18,-1.3257389876278937e-19,1.0,274.06594109310544,274.06594109310544,-274.06594109310544,-274.06594109310544,273.97935248824837,273.97935248824837,-273.97935248824837,-273.97935248824837
19.224,0.18179999999999996,5.72304754154373e-20,-1.011201927501801e-20,0.04099942866928528,5.907350849298922e-19,2.7241822099949167e-18,-1.3257389876278937e-19,1.0,279.7524971048124,279.7524971048124,-279.7524971048124,-279.7524971048124,291.0343744709329,291.0343744709329,-291.0343744709329,-291.0343744709329
19.243,0.18179999999999996,5.72304754154373e-20,-1.011201927501801e-20,0.04099942866928528,5.907350849298922e-19,2.7241822099949167e-18,-1.3257389876278937e-19,1.0,285.64932422029005,285.64932422029005,-285.64932422029005,-285.64932422029005,297.30856642708954,297.30856642708954,-297.30856642708954,-297.30856642708954
19.263,0.1843,5.72304754154373e-20,-1.011201927501801e-20,0.04099942866928528,5.907350849298922e-19,2.7241822099949167e-18,-1.3257389876278937e-19,1.0,291.62350575191743,291.62350575191743,-291.62350575191743,-291.62350575191743,299.61671265772276,299.61671265772276,-299.61671265772276,-299.61671265772276
19.283,0.1843,5.72304754154373e-20,-1.011201927501801e-20,0.04099942866928528,5.907350849298922e-19,2.7241822099949167e-18,-1.3257389876278937e-19,1.0,297.62614438293025,297.62614438293025,-297.62614438293025,-297.62614438293025,300.4658322031901,300.4658322031901,-300.4658322031901,-300.4658322031901
19.303,0.18680000000000002,5.72304754154373e-20,-1.011201927501801e-20,0.04099942866928528,5.907350849298922e-19,2.7241822099949167e-18,-1.3257389876278937e-19,1.0,303.6392517957621,303.6392517957621,-303.6392517957621,-303.6392517957621,300.7782058270643,300.7782058270643,-300.7782058270643,-300.7782058270643
19.323,0.18680000000000002,5.72304754154373e-20,-1.011201927501801e-20,0.04099942866928528,5.907350849298922e-19,2.7241822099949167e-18,-1.3257389876278937e-19,1.0,309.6562104581994,309.6562104581994,-309.6562104581994,-309.6562104581994,300.89312166125194,300.89312166125194,-300.89312166125194,-300.89312166125194
19.343,0.18680000000000002,5.72304754154373e-20,-1.011201927501801e-20,0.04099942866928528,5.907350849298922e-19,2.7241822099949167e-18,-1.3257389876278937e-19,1.0,315.67458591618936,315.67458591618936,-315.67458591618936,-315.67458591618936,300.9353968341146,300.9353968341146,-300.9353968341146,-300.9353968341146
19.363,0.18930000000000008,5.72304754154373e-20,-1.011201927501801e-20,0.04099942866928528,5.907350849298922e-19,2.7241822099949167e-18,-1.3257389876278937e-19,1.0,321.6934825841355,321.6934825841355,-321.6934825841355,-321.6934825841355,300.95094900108273,300.95094900108273,-300.95094900108273,-300.95094900108273
19.383,0.18930000000000008,5.72304754154373e-20,-1.011201927501801e-20,0.04099942866928528,5.907350849298922e-19,2.7241822099949167e-18,-1.3257389876278937e-19,1.0,327.712570994509,327.712570994509,-327.712570994509,-327.712570994509,300.95667032357596,300.95667032357596,-300.95667032357596,-300.95667032357596
19.403,0.19179999999999992,5.72304754154373e-20,-1.011201927501801e-20,0.04099942866928528,5.907350849298922e-19,2.7241822099949167e-18,-1.3257389876278937e-19,1.0,333.73172994297965,333.73172994297965,-333.73172994297965,-333.73172994297965,300.9587750804976,300.9587750804976,-300.9587750804976,-300.9587750804976
19.423000000000002,0.19179999999999992,5.72304754154373e-20,-1.011201927501801e-20,0.04099942866928528,5.907350849298922e-19,2.7241822099949167e-18,-1.3257389876278937e-19,1.0,339.7509148409659,339.7509148409659,-339.7509148409659,-339.7509148409659,300.9595493772978,300.9595493772978,-300.9595493772978,-300.9595493772978
19.443,0.19179999999999992,5.72304754154373e-20,-1.011201927501801e-20,0.04099942866928528,5.907350849298922e-19,2.7241822099949167e-18,-1.3257389876278937e-19,1.0,345.77010928524567,345.77010928524567,-345.77010928524567,-345.77010928524567,300.9598342251719,300.9598342251719,-300.9598342251719,-300.9598342251719
19.463,0.19429999999999997,5.72304754154373e-20,-1.011201927501801e-20,0.04099942866928528,5.907350849298922e-19,2.7241822099949167e-18,-1.3257389876278937e-19,1.0,351.7893072414102,351.7893072414102,-351.7893072414102,-351.7893072414102,300.9599390148486,300.9599390148486,-300.9599390148486,-300.9599390148486
19.483,0.19429999999999997,5.72304754154373e-20,-1.011201927501801e-20,0.04099942866928528,5.907350849298922e-19,2.7241822099949167e-18,-1.3257389876278937e-19,1.0,357.80850648952514,357.80850648952514,-357.80850648952514,-357.80850648952514,300.9599775648163,300.9599775648163,-300.9599775648163,-300.9599775648163
19.503,0.1968,5.72304754154373e-20,-1.011201927501801e-20,0.04099942866928528,5.907350849298922e-19,2.7241822099949167e-18,-1.3257389876278937e-19,1.0,363.8277062129221,363.8277062129221,-363.8277062129221,-363.8277062129221,300.95999174655697,300.95999174655697,-300.95999174655697,-300.95999174655697
19.523,0.1968,5.72304754154373e-20,-1.011201927501801e-20,0.04099942866928528,5.907350849298922e-19,2.7241822099949167e-18,-1.3257389876278937e-19,1.0,369.84690611116565,369.84690611116565,-369.84690611116565,-369.84690611116565,300.9599969637277,300.9599969637277,-300.9599969637277,-300.9599969637277
19.543,0.1968,5.72304754154373e-20,-1.011201927501801e-20,0.04099942866928528,5.907350849298922e-19,2.7241822099949167e-18,-1.3257389876278937e-19,1.0,375.8661060737316,375.8661060737316,-375.8661060737316,-375.8661060737316,300.9599988830176,300.9599988830176,-300.9599988830176,-300.9599988830176
19.563,0.19930000000000003,5.72304754154373e-20,-1.011201927501801e-20,0.04099942866928528,5.907350849298922e-19,2.7241822099949167e-18,-1.3257389876278937e-19,1.0,381.88530605996027,381.88530605996027,-381.88530605996027,-381.88530605996027,300.9599995890848,300.9599995890848,-300.9599995890848,-300.9599995890848
19.583,0.19930000000000003,5.72304754154373e-20,-1.011201927501801e-20,0.04099942866928528,5.907350849298922e-19,2.7241822099949167e-18,-1.3257389876278937e-19,1.0,387.9045060548941,387.9045060548941,-387.9045060548941,-387.9045060548941,300.9599998488325,300.9599998488325,-300.9599998488325,-300.9599998488325
19.603,0.20180000000000006,5.72304754154373e-20,-1.011201927501801e-20,0.04099942866928528,5.907350849298922e-19,2.7241822099949167e-18,-1.3257389876278937e-19,1.0,393.92370605303034,393.92370605303034,-393.92370605303034,-393.92370605303034,300.9599999443883,300.9599999443883,-300.9599999443883,-300.9599999443883
19.623,0.20180000000000006,5.72304754154373e-20,-1.011201927501801e-20,0.04099942866928528,5.907350849298922e-19,2.7241822099949167e-18,-1.3257389876278937e-19,1.0,399.9429060523448,399.9429060523448,-399.9429060523448,-399.9429060523448,300.9599999795413,300.9599999795413,-300.9599999795413,-300.9599999795413
19.643,0.20180000000000006,5.72304754154373e-20,-1.011201927501801e-20,0.04099942866928528,5.907350849298922e-19,2.7241822099949167e-18,-1.3257389876278937e-19,1.0,405.9621060520927,405.9621060520927,-405.9621060520927,-405.9621060520927,300.9599999924733,300.9599999924733,-300.9599999924733,-300.9599999924733
19.663,0.20429999999999993,5.72304754154373e-20,-1.011201927501801e-20,0.04099942866928528,5.907350849298922e-19,2.7241822099949167e-18,-1.3257389876278937e-19,1.0,411.98130605199987,411.98130605199987,-411.98130605199987,-411.98130605199987,300.9599999972308,300.9599999972308,-300.9599999972308,-300.9599999972308
19.683,0.20429999999999993,5.72304754154373e-20,-1.011201927501801e-20,0.04099942866928528,5.907350849298922e-19,2.7241822099949167e-18,-1.3257389876278937e-19,1.0,418.0005060519658,418.0005060519658,-418.0005060519658,-418.0005060519658,300.95999999898106,300.95999999898106,-300.95999999898106,-300.95999999898106
19.703,0.20679999999999996,5.72304754154373e-20,-1.011201927501801e-20,0.04099942866928528,5.907350849298922e-19,2.7241822099949167e-18,-1.3257389876278937e-19,1.0,424.0197060519532,424.0197060519532,-424.0197060519532,-424.0197060519532,300.9599999996249,300.9599999996249,-300.9599999996249,-300.9599999996249
19.723,0.20679999999999996,5.72304754154373e-20,-1.011201927501801e-20,0.04099942866928528,5.907350849298922e-19,2.7241822099949167e-18,-1.3257389876278937e-19,1.0,430.0389060519486,430.0389060519486,-430.0389060519486,-430.0389060519486,300.9599999998617,300.9599999998617,-300.9599999998617,-300.9599999998617
19.743,0.20679999999999996,5.72304754154373e-20,-1.011201927501801e-20,0.04099942866928528,5.907350849298922e-19,2.7241822099949167e-18,-1.3257389876278937e-19,1.0,436.05810605194677,436.05810605194677,-436.05810605194677,-436.05810605194677,300.9599999999489,300.9599999999489,-300.9599999999489,-300.9599999999489
19.763,0.20929999999999999,5.72304754154373e-20,-1.011201927501801e-20,0.04099942866928528,5.907350849298922e-19,2.7241822099949167e-18,-1.3257389876278937e-19,1.0,442.07730605194627,442.07730605194627,-442.07730605194627,-442.07730605194627,300.95999999998105,300.95999999998105,-300.95999999998105,-300.95999999998105
19.783,0.20929999999999999,5.72304754154373e-20,-1.011201927501801e-20,0.04099942866928528,5.907350849298922e-19,2.7241822099949167e-18,-1.3257389876278937e-19,1.0,448.09650605194577,448.09650605194577,-448.09650605194577,-448.09650605194577,300.95999999999276,300.95999999999276,-300.95999999999276,-300.95999999999276
19.803,0.21180000000000004,5.72304754154373e-20,-1.011201927501801e-20,0.04099942866928528,5.907350849298922e-19,2.7241822099949167e-18,-1.3257389876278937e-19,1.0,454.11570605194527,454.11570605194527,-454.11570605194527,-454.11570605194527,300.9599999999971,300.9599999999971,-300.9599999999971,-300.9599999999971
19.823,0.21180000000000004,5.72304754154373e-20,-1.011201927501801e-20,0.04099942866928528,5.907350849298922e-19,2.7241822099949167e-18,-1.3257389876278937e-19,1.0,460.13490605194477,460.13490605194477,-460.13490605194477,-460.13490605194477,300.9599999999986,300.9599999999986,-300.9599999999986,-300.9599999999986
19.843,0.21180000000000004,5.72304754154373e-20,-1.011201927501801e-20,0.04099942866928528,5.907350849298922e-19,2.7241822099949167e-18,-1.3257389876278937e-19,1.0,466.15410605194427,466.15410605194427,-466.15410605194427,-466.15410605194427,300.95999999999907,300.95999999999907,-300.95999999999907,-300.95999999999907
19.863,0.21430000000000007,5.72304754154373e-20,-1.011201927501801e-20,0.04099942866928528,5.907350849298922e-19,2.7241822099949167e-18,-1.3257389876278937e-19,1.0,472.17330605194377,472.17330605194377,-472.17330605194377,-472.17330605194377,300.95999999999907,300.95999999999907,-300.95999999999907,-300.95999999999907
19.883,0.21430000000000007,5.72304754154373e-20,-1.011201927501801e-20,0.04099942866928528,5.907350849298922e-19,2.7241822099949167e-18,-1.3257389876278937e-19,1.0,478.19250605194327,478.19250605194327,-478.19250605194327,-478.19250605194327,300.95999999999907,300.95999999999907,-300.95999999999907,-300.95999999999907
19.903,0.21679999999999994,5.72304754154373e-20,-1.011201927501801e-20,0.04099942866928528,5.907350849298922e-19,2.7241822099949167e-18,-1.3257389876278937e-19,1.0,484.21170605194277,484.21170605194277,-484.21170605194277,-484.21170605194277,300.95999999999907,300.95999999999907,-300.95999999999907,-300.95999999999907
19.923000000000002,0.21679999999999994,5.72304754154373e-20,-1.011201927501801e-20,0.04099942866928528,5.907350849298922e-19,2.7241822099949167e-18,-1.3257389876278937e-19,1.0,490.23090605194227,490.23090605194227,-490.23090605194227,-490.23090605194227,300.95999999999907,300.95999999999907,-300.95999999999907,-300.95999999999907
19.943,0.21679999999999994,5.72304754154373e-20,-1.011201927501801e-20,0.04099942866928528,5.907350849298922e-19,2.7241822099949167e-18,-1.3257389876278937e-19,1.0,496.25010605194177,496.25010605194177,-496.25010605194177,-496.25010605194177,300.95999999999907,300.95999999999907,-300.95999999999907,-300.95999999999907
19.963,0.21929999999999997,5.72304754154373e-20,-1.011201927501801e-20,0.04099942866928528,5.907350849298922e-19,2.7241822099949167e-18,-1.3257389876278937e-19,1.0,502.26930605194127,502.26930605194127,-502.26930605194127,-502.26930605194127,300.95999999999907,300.95999999999907,-300.95999999999907,-300.95999999999907
19.983,0.21929999999999997,5.72304754154373e-20,-1.011201927501801e-20,0.04099942866928528,5.907350849298922e-19,2.7241822099949167e-18,-1.3257389876278937e-19,1.0,508.2885060519408,508.2885060519408,-508.2885060519408,-508.2885060519408,300.95999999999907,300.95999999999907,-300.95999999999907,-300.95999999999907
20.003,0.2218,5.72304754154373e-20,-1.011201927501801e-20,0.04099942866928528,5.907350849298922e-19,2.7241822099949167e-18,-1.3257389876278937e-19,1.0,514.3077060519407,514.3077060519407,-514.3077060519407,-514.3077060519407,300.95999999999907,300.95999999999907,-300.95999999999907,-300.95999999999907
20.023,0.2218,5.72304754154373e-20,-1.011201927501801e-20,0.04099942866928528,5.907350849298922e-19,2.7241822099949167e-18,-1.3257389876278937e-19,1.0,520.3269060519414,520.3269060519414,-520.3269060519414,-520.3269060519414,300.95999999999907,300.95999999999907,-300.95999999999907,-300.95999999999907
20.043,0.2218,5.72304754154373e-20,-1.011201927501801e-20,0.04099942866928528,5.907350849298922e-19,2.7241822099949167e-18,-1.3257389876278937e-19,1.0,526.346106051942,526.346106051942,-526.346106051942,-526.346106051942,300.95999999999907,300.95999999999907,-300.95999999999907,-300.95999999999907
20.063,0.22430000000000003,5.72304754154373e-20,-1.011201927501801e-20,0.04099942866928528,5.907350849298922e-19,2.7241822099949167e-18,-1.3257389876278937e-19,1.0,532.3653060519426,532.3653060519426,-532.3653060519426,-532.3653060519426,300.95999999999907,300.95999999999907,-300.95999999999907,-300.95999999999907
20.083,0.22430000000000003,5.72304754154373e-20,-1.011201927501801e-20,0.04099942866928528,5.907350849298922e-19,2.7241822099949167e-18,-1.3257389876278937e-19,1.0,538.3893343389128,538.3893343389128,-538.3893343389128,-538.3893343389128,305.7882869695969,305.7882869695969,-305.7882869695969,-305.7882869695969
20.103,0.22680000000000006,5.72304754154373e-20,-1.011201927501801e-20,0.04099942866928528,5.907350849298922e-19,2.7241822099949167e-18,-1.3257389876278937e-19,1.0,545.2274927370319,545.2274927370319,-545.2274927370319,-545.2274927370319,365.31616283621776,365.31616283621776,-365.31616283621776,-365.31616283621776
20.123,0.22680000000000006,5.72304754154373e-20,-1.011201927501801e-20,0.04099942866928528,5.907350849298922e-19,2.7241822099949167e-18,-1.3257389876278937e-19,1.0,552.7995694013549,552.7995694013549,-552.7995694013549,-552.7995694013549,387.21524454415317,387.21524454415317,-387.21524454415317,-387.21524454415317
20.143,0.22680000000000006,5.72304754154373e-20,-1.011201927501801e-20,0.04099942866928528,5.907350849298922e-19,2.7241822099949167e-18,-1.3257389876278937e-19,1.0,560.6416395073152,560.6416395073152,-560.6416395073152,-560.6416395073152,395.27146648503617,395.27146648503617,-395.27146648503617,-395.27146648503617
20.163,0.22929999999999992,5.72304754154373e-20,-1.011201927501801e-20,0.04099942866928528,5.907350849298922e-19,2.7241822099949167e-18,-1.3257389876278937e-19,1.0,568.5830346497046,568.5830346497046,-568.5830346497046,-568.5830346497046,398.23518491060133,398.23518491060133,-398.23518491060133,-398.23518491060133
20.183,0.22929999999999992,5.72304754154373e-20,-1.011201927501801e-20,0.04099942866928528,5.907350849298922e-19,2.7241822099949167e-18,-1.3257389876278937e-19,1.0,576.5609694309895,576.5609694309895,-576.5609694309895,-576.5609694309895,399.32547598878773,399.32547598878773,-399.32547598878773,-399.32547598878773
20.203,0.23179999999999995,5.72304754154373e-20,-1.011201927501801e-20,0.04099942866928528,5.907350849298922e-19,2.7241822099949167e-18,-1.3257389876278937e-19,1.0,584.5523463942123,584.5523463942123,-584.5523463942123,-584.5523463942123,399.7265716613451,399.7265716613451,-399.7265716613451,-399.7265716613451
20.223,0.23179999999999995,5.72304754154373e-20,-1.011201927501801e-20,0.04099942866928528,5.907350849298922e-19,2.7241822099949167e-18,-1.3257389876278937e-19,1.0,592.5486684598145,592.5486684598145,-592.5486684598145,-592.5486684598145,399.8741265132218,399.8741265132218,-399.8741265132218,-399.8741265132218
20.243,0.23179999999999995,5.72304754154373e-20,-1.011201927501801e-20,0.04099942866928528,5.907350849298922e-19,2.7241822099949167e-18,-1.3257389876278937e-19,1.0,600.5468097269166,600.5468097269166,-600.5468097269166,-600.5468097269166,399.9284089096724,399.9284089096724,-399.9284089096724,-399.9284089096724
20.263,0.2343,5.72304754154373e-20,-1.011201927501801e-20,0.04099942866928528,5.907350849298922e-19,2.7241822099949167e-18,-1.3257389876278937e-19,1.0,608.5456202408499,608.5456202408499,-608.5456202408499,-608.5456202408499,399.94837828734404,399.94837828734404,-399.94837828734404,-399.94837828734404
20.283,0.2343,5.72304754154373e-20,-1.011201927501801e-20,0.04099942866928528,5.907350849298922e-19,2.7241822099949167e-18,-1.3257389876278937e-19,1.0,616.5446769569332,616.5446769569332,-616.5446769569332,-616.5446769569332,399.9557246108424,399.9557246108424,-399.9557246108424,-399.9557246108424
20.303,0.23680000000000004,5.72304754154373e-20,-1.011201927501801e-20,0.04099942866928528,5.907350849298922e-19,2.7241822099949167e-18,-1.3257389876278937e-19,1.0,624.543824245726,624.543824245726,-624.543824245726,-624.543824245726,399.95842717222575,399.95842717222575,-399.95842717222575,-399.95842717222575
20.323,0.23680000000000004,5.72304754154373e-20,-1.011201927501801e-20,0.04099942866928528,5.907350849298922e-19,2.7241822099949167e-18,-1.3257389876278937e-19,1.0,632.5430048543564,632.5430048543564,-632.5430048543564,-632.5430048543564,399.95942138899716,399.95942138899716,-399.95942138899716,-399.95942138899716
20.343,0.23680000000000004,5.72304754154373e-20,-1.011201927501801e-20,0.04099942866928528,5.907350849298922e-19,2.7241822099949167e-18,-1.3257389876278937e-19,1.0,640.5421977206704,640.5421977206704,-640.5421977206704,-640.5421977206704,399.95978714090745,399.95978714090745,-399.95978714090745,-399.95978714090745
20.363,0.23930000000000007,5.72304754154373e-20,-1.011201927501801e-20,0.04099942866928528,5.907350849298922e-19,2.7241822099949167e-18,-1.3257389876278937e-19,1.0,648.5413950963339,648.5413950963339,-648.5413950963339,-648.5413950963339,399.9599216935158,399.9599216935158,-399.9599216935158,-399.9599216935158
20.383,0.23930000000000007,5.72304754154373e-20,-1.011201927501801e-20,0.04099942866928528,5.907350849298922e-19,2.7241822099949167e-18,-1.3257389876278937e-19,1.0,656.5405941308944,656.5405941308944,-656.5405941308944,-656.5405941308944,399.95997119265417,399.95997119265417,-399.95997119265417,-399.95997119265417
20.403,0.24179999999999993,5.72304754154373e-20,-1.011201927501801e-20,0.04099942866928528,5.907350849298922e-19,2.7241822099949167e-18,-1.3257389876278937e-19,1.0,664.5397937757292,664.5397937757292,-664.5397937757292,-664.5397937757292,399.95998940236956,399.95998940236956,-399.95998940236956,-399.95998940236956
20.423000000000002,0.24179999999999993,5.72304754154373e-20,-1.011201927501801e-20,0.04099942866928528,5.907350849298922e-19,2.7241822099949167e-18,-1.3257389876278937e-19,1.0,672.5389936450711,672.5389936450711,-672.5389936450711,-672.5389936450711,399.9599961013494,399.9599961013494,-399.9599961013494,-399.9599961013494
20.443,0.24179999999999993,5.72304754154373e-20,-1.011201927501801e-20,0.04099942866928528,5.907350849298922e-19,2.7241822099949167e-18,-1.3257389876278937e-19,1.0,680.5381935970049,680.5381935970049,-680.5381935970049,-680.5381935970049,399.9599985657664,399.9599985657664,-399.9599985657664,-399.9599985657664
20.463,0.24429999999999996,5.72304754154373e-20,-1.011201927501801e-20,0.04099942866928528,5.907350849298922e-19,2.7241822099949167e-18,-1.3257389876278937e-19,1.0,688.5373935793222,688.5373935793222,-688.5373935793222,-688.5373935793222,399.9599994723747,399.9599994723747,-399.9599994723747,-399.9599994723747
20.483,0.24429999999999996,5.72304754154373e-20,-1.011201927501801e-20,0.04099942866928528,5.907350849298922e-19,2.7241822099949167e-18,-1.3257389876278937e-19,1.0,696.5365935728171,696.5365935728171,-696.5365935728171,-696.5365935728171,399.9599998058974,399.9599998058974,-399.9599998058974,-399.9599998058974
20.503,0.2468,5.72304754154373e-20,-1.011201927501801e-20,0.04099942866928528,5.907350849298922e-19,2.7241822099949167e-18,-1.3257389876278937e-19,1.0,704.5357935704238,704.5357935704238,-704.5357935704238,-704.5357935704238,399.95999992859345,399.95999992859345,-399.95999992859345,-399.95999992859345
20.523,0.2468,5.72304754154373e-20,-1.011201927501801e-20,0.04099942866928528,5.907350849298922e-19,2.7241822099949167e-18,-1.3257389876278937e-19,1.0,712.5349935695434,712.5349935695434,-712.5349935695434,-712.5349935695434,399.95999997373076,399.95999997373076,-399.95999997373076,-399.95999997373076
20.543,0.2468,5.72304754154373e-20,-1.011201927501801e-20,0.04099942866928528,5.907350849298922e-19,2.7241822099949167e-18,-1.3257389876278937e-19,1.0,720.5341935692193,720.5341935692193,-720.5341935692193,-720.5341935692193,399.9599999903358,399.9599999903358,-399.9599999903358,-399.9599999903358
20.563,0.24930000000000002,5.72304754154373e-20,-1.011201927501801e-20,0.04099942866928528,5.907350849298922e-19,2.7241822099949167e-18,-1.3257389876278937e-19,1.0,728.5333935690999,728.5333935690999,-728.5333935690999,-728.5333935690999,399.9599999964446,399.9599999964446,-399.9599999964446,-399.9599999964446
20.583,0.24930000000000002,5.72304754154373e-20,-1.011201927501801e-20,0.04099942866928528,5.907350849298922e-19,2.7241822099949167e-18,-1.3257389876278937e-19,1.0,736.532593569056,736.532593569056,-736.532593569056,-736.532593569056,399.9599999986919,399.9599999986919,-399.9599999986919,-399.9599999986919
20.603,0.25,5.72304754154373e-20,-1.011201927501801e-20,0.04099942866928528,5.907350849298922e-19,2.7241822099949167e-18,-1.3257389876278937e-19,1.0,744.5317935690398,744.5317935690398,-744.5317935690398,-744.5317935690398,399.9599999995186,399.9599999995186,-399.9599999995186,-399.9599999995186
20.623,0.25,5.72304754154373e-20,-1.011201927501801e-20,0.04099942866928528,5.907350849298922e-19,2.7241822099949167e-18,-1.3257389876278937e-19,1.0,752.5309935690337,752.5309935690337,-752.5309935690337,-752.5309935690337,399.9599999998227,399.9599999998227,-399.9599999998227,-399.9599999998227
20.643,0.25,5.72304754154373e-20,-1.011201927501801e-20,0.04099942866928528,5.907350849298922e-19,2.7241822099949167e-18,-1.3257389876278937e-19,1.0,760.5301935690316,760.5301935690316,-760.5301935690316,-760.5301935690316,399.95999999993455,399.95999999993455,-399.95999999993455,-399.95999999993455
20.663,0.25,5.72304754154373e-20,-1.011201927501801e-20,0.04099942866928528,5.907350849298922e-19,2.7241822099949167e-18,-1.3257389876278937e-19,1.0,768.5293935690308,768.5293935690308,-768.5293935690308,-768.5293935690308,399.95999999997576,399.95999999997576,-399.95999999997576,-399.95999999997576
20.683,0.25,5.72304754154373e-20,-1.011201927501801e-20,0.04099942866928528,5.907350849298922e-19,2.7241822099949167e-18,-1.3257389876278937e-19,1.0,776.5285935690301,776.5285935690301,-776.5285935690301,-776.5285935690301,399.95999999999094,399.95999999999094,-399.95999999999094,-399.95999999999094
20.703,0.25,5.72304754154373e-20,-1.011201927501801e-20,0.04099942866928528,5.907350849298922e-19,2.7241822099949167e-18,-1.3257389876278937e-19,1.0,784.5277935690294,784.5277935690294,-784.5277935690294,-784.5277935690294,399.9599999999965,399.9599999999965,-399.9599999999965,-399.9599999999965
20.723,0.25,5.72304754154373e-20,-1.011201927501801e-20,0.04099942866928528,5.907350849298922e-19,2.7241822099949167e-18,-1.3257389876278937e-19,1.0,792.5269935690287,792.5269935690287,-792.5269935690287,-792.5269935690287,399.95999999999844,399.95999999999844,-399.95999999999844,-399.95999999999844
20.743,0.25,5.72304754154373e-20,-1.011201927501801e-20,0.04099942866928528,5.907350849298922e-19,2.7241822099949167e-18,-1.3257389876278937e-19,1.0,800.526193569028,800.526193569028,-800.526193569028,-800.526193569028,399.9599999999992,399.9599999999992,-399.9599999999992,-399.9599999999992
20.763,0.25,5.72304754154373e-20,-1.011201927501801e-20,0.04099942866928528,5.907350849298922e-19,2.7241822099949167e-18,-1.3257389876278937e-19,1.0,808.5253935690273,808.5253935690273,-808.5253935690273,-808.5253935690273,399.9599999999992,399.9599999999992,-399.9599999999992,-399.9599999999992
20.783,0.25,5.72304754154373e-20,-1.011201927501801e-20,0.04099942866928528,5.907350849298922e-19,2.7241822099949167e-18,-1.3257389876278937e-19,1.0,816.5245935690266,816.5245935690266,-816.5245935690266,-816.5245935690266,399.9599999999992,399.9599999999992,-399.9599999999992,-399.9599999999992
20.803,0.25,5.72304754154373e-20,-1.011201927501801e-20,0.04099942866928528,5.907350849298922e-19,2.7241822099949167e-18,-1.3257389876278937e-19,1.0,824.5237935690259,824.5237935690259,-824.5237935690259,-824.5237935690259,399.9599999999992,399.9599999999992,-399.9599999999992,-399.9599999999992
20.823,0.25,5.72304754154373e-20,-1.011201927501801e-20,0.04099942866928528,5.907350849298922e-19,2.7241822099949167e-18,-1.3257389876278937e-19,1.0,832.5229935690252,832.5229935690252,-832.5229935690252,-832.5229935690252,399.9599999999992,399.9599999999992,-399.9599999999992,-399.9599999999992
20.843,0.25,5.72304754154373e-20,-1.011201927501801e-20,0.04099942866928528,5.907350849298922e-19,2.7241822099949167e-18,-1.3257389876278937e-19,1.0,840.5221935690245,840.5221935690245,-840.5221935690245,-840.5221935690245,399.9599999999992,399.9599999999992,-399.9599999999992,-399.9599999999992
20.863,0.25,5.72304754154373e-20,-1.011201927501801e-20,0.04099942866928528,5.907350849298922e-19,2.7241822099949167e-18,-1.3257389876278937e-19,1.0,848.5213935690238,848.5213935690238,-848.5213935690238,-848.5213935690238,399.9599999999992,399.9599999999992,-399.9599999999992,-399.9599999999992
20.883,0.25,5.72304754154373e-20,-1.011201927501801e-20,0.04099942866928528,5.907350849298922e-19,2.7241822099949167e-18,-1.3257389876278937e-19,1.0,856.520593569023,856.520593569023,-856.520593569023,-856.520593569023,399.9599999999992,399.9599999999992,-399.9599999999992,-399.9599999999992
20.903,0.25,5.72304754154373e-20,-1.011201927501801e-20,0.04099942866928528,5.907350849298922e-19,2.7241822099949167e-18,-1.3257389876278937e-19,1.0,864.5197935690223,864.5197935690223,-864.5197935690223,-864.5197935690223,399.9599999999992,399.9599999999992,-399.9599999999992,-399.9599999999992
20.923000000000002,0.25,5.72304754154373e-20,-1.011201927501801e-20,0.04099942866928528,5.907350849298922e-19,2.7241822099949167e-18,-1.3257389876278937e-19,1.0,872.5189935690216,872.5189935690216,-872.5189935690216,-872.5189935690216,399.9599999999992,399.9599999999992,-399.9599999999992,-399.9599999999992
20.943,0.25,5.72304754154373e-20,-1.011201927501801e-20,0.04099942866928528,5.907350849298922e-19,2.7241822099949167e-18,-1.3257389876278937e-19,1.0,880.5181935690209,880.5181935690209,-880.5181935690209,-880.5181935690209,399.9599999999992,399.9599999999992,-399.9599999999992,-399.9599999999992
20.963,0.25,5.72304754154373e-20,-1.011201927501801e-20,0.04099942866928528,5.907350849298922e-19,2.7241822099949167e-18,-1.3257389876278937e-19,1.0,888.5173935690202,888.5173935690202,-888.5173935690202,-888.5173935690202,399.9599999999992,399.9599999999992,-399.9599999999992,-399.9599999999992
20.983,0.25,5.72304754154373e-20,-1.011201927501801e-20,0.04099942866928528,5.907350849298922e-19,2.7241822099949167e-18,-1.3257389876278937e-19,1.0,896.5165935690195,896.5165935690195,-896.5165935690195,-896.5165935690195,399.9599999999992,399.9599999999992,-399.9599999999992,-399.9599999999992
21.004,0.25,5.72304754154373e-20,-1.011201927501801e-20,0.04099942866928528,5.907350849298922e-19,2.7241822099949167e-18,-1.3257389876278937e-19,1.0,905.0364959918548,905.0364959918548,-905.0364959918548,-905.0364959918548,454.4764325501124,454.4764325501124,-454.4764325501124,-454.4764325501124
21.023,0.25,5.72304754154373e-20,-1.011201927501801e-20,0.04099942866928528,5.907350849298922e-19,2.7241822099949167e-18,-1.3257389876278937e-19,1.0,914.4672587727852,914.4672587727852,-914.4672587727852,-914.4672587727852,482.59541006522306,482.59541006522306,-482.59541006522306,-482.59541006522306
21.043,0.25,5.72304754154373e-20,-1.011201927501801e-20,0.04099942866928528,5.907350849298922e-19,2.7241822099949167e-18,-1.3257389876278937e-19,1.0,924.2446999951161,924.2446999951161,-924.2446999951161,-924.2446999951161,492.93980379979433,492.93980379979433,-492.93980379979433,-492.93980379979433
21.063,0.25,5.72304754154373e-20,-1.011201927501801e-20,0.04099942866928528,5.907350849298922e-19,2.7241822099949167e-18,-1.3257389876278937e-19,1.0,934.1496770887359,934.1496770887359,-934.1496770887359,-934.1496770887359,496.7452935861258,496.7452935861258,-496.7452935861258,-496.7452935861258
21.083,0.25,5.72304754154373e-20,-1.011201927501801e-20,0.04099942866928528,5.907350849298922e-19,2.7241822099949167e-18,-1.3257389876278937e-19,1.0,944.1015720074147,944.1015720074147,-944.1015720074147,-944.1015720074147,498.145255042105,498.145255042105,-498.145255042105,-498.145255042105
21.103,0.25,5.72304754154373e-20,-1.011201927501801e-20,0.04099942866928528,5.907350849298922e-19,2.7241822099949167e-18,-1.3257389876278937e-19,1.0,954.070727029357,954.070727029357,-954.070727029357,-954.070727029357,498.66027208019216,498.66027208019216,-498.66027208019216,-498.66027208019216
21.123,0.25,5.72304754154373e-20,-1.011201927501801e-20,0.04099942866928528,5.907350849298922e-19,2.7241822099949167e-18,-1.3257389876278937e-19,1.0,964.0462316884426,964.0462316884426,-964.0462316884426,-964.0462316884426,498.8497362603574,498.8497362603574,-498.8497362603574,-498.8497362603574
21.143,0.25,5.72304754154373e-20,-1.011201927501801e-20,0.04099942866928528,5.907350849298922e-19,2.7241822099949167e-18,-1.3257389876278937e-19,1.0,974.0240722484921,974.0240722484921,-974.0240722484921,-974.0240722484921,498.9194362370787,498.9194362370787,-498.9194362370787,-498.9194362370787
21.163,0.25,5.72304754154373e-20,-1.011201927501801e-20,0.04099942866928528,5.907350849298922e-19,2.7241822099949167e-18,-1.3257389876278937e-19,1.0,984.002772138483,984.002772138483,-984.002772138483,-984.002772138483,498.94507742556453,498.94507742556453,-498.94507742556453,-498.94507742556453
21.183,0.25,5.72304754154373e-20,-1.011201927501801e-20,0.04099942866928528,5.907350849298922e-19,2.7241822099949167e-18,-1.3257389876278937e-19,1.0,993.9817881582924,993.9817881582924,-993.9817881582924,-993.9817881582924,498.9545102916557,498.9545102916557,-498.9545102916557,-498.9545102916557
21.203,0.25,5.72304754154373e-20,-1.011201927501801e-20,0.04099942866928528,5.907350849298922e-19,2.7241822099949167e-18,-1.3257389876278937e-19,1.0,1003.9609204757626,1003.9609204757626,-1003.9609204757626,-1003.9609204757626,498.95798044916194,498.95798044916194,-498.95798044916194,-498.95798044916194
21.223,0.25,5.72304754154373e-20,-1.011201927501801e-20,0.04099942866928528,5.907350849298922e-19,2.7241822099949167e-18,-1.3257389876278937e-19,1.0,1013.9400955767514,1013.9400955767514,-1013.9400955767514,-1013.9400955767514,498.9592570487662,498.9592570487662,-498.9592570487662,-498.9592570487662
21.243,0.25,5.72304754154373e-20,-1.011201927501801e-20,0.04099942866928528,5.907350849298922e-19,2.7241822099949167e-18,-1.3257389876278937e-19,1.0,1023.9192864169171,1023.9192864169171,-1023.9192864169171,-1023.9192864169171,498.9597266835152,498.9597266835152,-498.9597266835152,-498.9597266835152
21.263,0.25,5.72304754154373e-20,-1.011201927501801e-20,0.04099942866928528,5.907350849298922e-19,2.7241822099949167e-18,-1.3257389876278937e-19,1.0,1033.8984830472025,1033.8984830472025,-1033.8984830472025,-1033.8984830472025,498.95989945248425,498.95989945248425,-498.95989945248425,-498.95989945248425
21.283,0.25,5.72304754154373e-20,-1.011201927501801e-20,0.04099942866928528,5.907350849298922e-19,2.7241822099949167e-18,-1.3257389876278937e-19,1.0,1043.8776818075532,1043.8776818075532,-1043.8776818075532,-1043.8776818075532,498.95996301063593,498.95996301063593,-498.95996301063593,-498.95996301063593
21.303,0.25,5.72304754154373e-20,-1.011201927501801e-20,0.04099942866928528,5.907350849298922e-19,2.7241822099949167e-18,-1.3257389876278937e-19,1.0,1053.8568813515117,1053.8568813515117,-1053.8568813515117,-1053.8568813515117,498.95998639237337,498.95998639237337,-498.95998639237337,-498.95998639237337
21.323,0.25,5.72304754154373e-20,-1.011201927501801e-20,0.04099942866928528,5.907350849298922e-19,2.7241822099949167e-18,-1.3257389876278937e-19,1.0,1063.8360811837435,1063.8360811837435,-1063.8360811837435,-1063.8360811837435,498.9599949940338,498.9599949940338,-498.9599949940338,-498.9599949940338
21.343,0.25,5.72304754154373e-20,-1.011201927501801e-20,0.04099942866928528,5.907350849298922e-19,2.7241822099949167e-18,-1.3257389876278937e-19,1.0,1073.8152811220252,1073.8152811220252,-1073.8152811220252,-1073.8152811220252,498.9599981584078,498.9599981584078,-498.9599981584078,-498.9599981584078
21.363,0.25,5.72304754154373e-20,-1.011201927501801e-20,0.04099942866928528,5.907350849298922e-19,2.7241822099949167e-18,-1.3257389876278937e-19,1.0,1083.79448109932,1083.79448109932,-1083.79448109932,-1083.79448109932,498.95999932251596,498.95999932251596,-498.95999932251596,-498.95999932251596
21.383,0.25,5.72304754154373e-20,-1.011201927501801e-20,0.04099942866928528,5.907350849298922e-19,2.7241822099949167e-18,-1.3257389876278937e-19,1.0,1093.773681090967,1093.773681090967,-1093.773681090967,-1093.773681090967,498.95999975076745,498.95999975076745,-498.95999975076745,-498.95999975076745
21.403,0.25,5.72304754154373e-20,-1.011201927501801e-20,0.04099942866928528,5.907350849298922e-19,2.7241822099949167e-18,-1.3257389876278937e-19,1.0,1103.7528810878948,1103.7528810878948,-1103.7528810878948,-1103.7528810878948,498.95999990831234,498.95999990831234,-498.95999990831234,-498.95999990831234
21.423000000000002,0.25,5.72304754154373e-20,-1.011201927501801e-20,0.04099942866928528,5.907350849298922e-19,2.7241822099949167e-18,-1.3257389876278937e-19,1.0,1113.732081086764,1113.732081086764,-1113.732081086764,-1113.732081086764,498.9599999662698,498.9599999662698,-498.9599999662698,-498.9599999662698
21.443,0.25,5.72304754154373e-20,-1.011201927501801e-20,0.04099942866928528,5.907350849298922e-19,2.7241822099949167e-18,-1.3257389876278937e-19,1.0,1123.7112810863482,1123.7112810863482,-1123.7112810863482,-1123.7112810863482,498.9599999875912,498.9599999875912,-498.9599999875912,-498.9599999875912
21.463,0.25,5.72304754154373e-20,-1.011201927501801e-20,0.04099942866928528,5.907350849298922e-19,2.7241822099949167e-18,-1.3257389876278937e-19,1.0,1133.6904810861952,1133.6904810861952,-1133.6904810861952,-1133.6904810861952,498.9599999954349,498.9599999954349,-498.9599999954349,-498.9599999954349
21.483,0.25,5.72304754154373e-20,-1.011201927501801e-20,0.04099942866928528,5.907350849298922e-19,2.7241822099949167e-18,-1.3257389876278937e-19,1.0,1143.6696810861386,1143.6696810861386,-1143.6696810861386,-1143.6696810861386,498.9599999983205,498.9599999983205,-498.9599999983205,-498.9599999983205
21.503,0.25,5.72304754154373e-20,-1.011201927501801e-20,0.04099942866928528,5.907350849298922e-19,2.7241822099949167e-18,-1.3257389876278937e-19,1.0,1153.6488810861179,1153.6488810861179,-1153.6488810861179,-1153.6488810861179,498.95999999938203,498.95999999938203,-498.95999999938203,-498.95999999938203
21.523,0.25,5.72304754154373e-20,-1.011201927501801e-20,0.04099942866928528,5.907350849298922e-19,2.7241822099949167e-18,-1.3257389876278937e-19,1.0,1163.62808108611,1163.62808108611,-1163.62808108611,-1163.62808108611,498.95999999977255,498.95999999977255,-498.95999999977255,-498.95999999977255
21.543,0.25,5.72304754154373e-20,-1.011201927501801e-20,0.04099942866928528,5.907350849298922e-19,2.7241822099949167e-18,-1.3257389876278937e-19,1.0,1173.6072810861078,1173.6072810861078,-1173.6072810861078,-1173.6072810861078,498.95999999991614,498.95999999991614,-498.95999999991614,-498.95999999991614
21.563,0.25,5.72304754154373e-20,-1.011201927501801e-20,0.04099942866928528,5.907350849298922e-19,2.7241822099949167e-18,-1.3257389876278937e-19,1.0,1183.5864810861058,1183.5864810861058,-1183.5864810861058,-1183.5864810861058,498.95999999996906,498.95999999996906,-498.95999999996906,-498.95999999996906
21.583,0.25,5.72304754154373e-20,-1.011201927501801e-20,0.04099942866928528,5.907350849298922e-19,2.7241822099949167e-18,-1.3257389876278937e-19,1.0,1193.5656810861037,1193.5656810861037,-1193.5656810861037,-1193.5656810861037,498.95999999998855,498.95999999998855,-498.95999999998855,-498.95999999998855
21.603,0.25,5.72304754154373e-20,-1.011201927501801e-20,0.04099942866928528,5.907350849298922e-19,2.7241822099949167e-18,-1.3257389876278937e-19,1.0,1203.5448810861017,1203.5448810861017,-1203.5448810861017,-1203.5448810861017,498.9599999999957,498.9599999999957,-498.9599999999957,-498.9599999999957
21.623,0.25,5.72304754154373e-20,-1.011201927501801e-20,0.04099942866928528,5.907350849298922e-19,2.7241822099949167e-18,-1.3257389876278937e-19,1.0,1213.5240810860996,1213.5240810860996,-1213.5240810860996,-1213.5240810860996,498.9599999999983,498.9599999999983,-498.9599999999983,-498.9599999999983
21.643,0.25,5.72304754154373e-20,-1.011201927501801e-20,0.04099942866928528,5.907350849298922e-19,2.7241822099949167e-18,-1.3257389876278937e-19,1.0,1223.5032810860976,1223.5032810860976,-1223.5032810860976,-1223.5032810860976,498.9599999999993,498.9599999999993,-498.9599999999993,-498.9599999999993
21.663,0.25,5.72304754154373e-20,-1.011201927501801e-20,0.04099942866928528,5.907350849298922e-19,2.7241822099949167e-18,-1.3257389876278937e-19,1.0,1233.4824810860955,1233.4824810860955,-1233.4824810860955,-1233.4824810860955,498.9599999999993,498.9599999999993,-498.9599999999993,-498.9599999999993
21.683,0.25,5.72304754154373e-20,-1.011201927501801e-20,0.04099942866928528,5.907350849298922e-19,2.7241822099949167e-18,-1.3257389876278937e-19,1.0,1243.4616810860934,1243.4616810860934,-1243.4616810860934,-1243.4616810860934,498.9599999999993,498.9599999999993,-498.9599999999993,-498.9599999999993
21.703,0.25,5.72304754154373e-20,-1.011201927501801e-20,0.04099942866928528,5.907350849298922e-19,2.7241822099949167e-18,-1.3257389876278937e-19,1.0,1253.4408810860914,1253.4408810860914,-1253.4408810860914,-1253.4408810860914,498.9599999999993,498.9599999999993,-498.9599999999993,-498.9599999999993
21.723,0.25,5.72304754154373e-20,-1.011201927501801e-20,0.04099942866928528,5.907350849298922e-19,2.7241822099949167e-18,-1.3257389876278937e-19,1.0,1263.4200810860893,1263.4200810860893,-1263.4200810860893,-1263.4200810860893,498.9599999999993,498.9599999999993,-498.9599999999993,-498.9599999999993
21.743,0.25,5.72304754154373e-20,-1.011201927501801e-20,0.04099942866928528,5.907350849298922e-19,2.7241822099949167e-18,-1.3257389876278937e-19,1.0,1273.3992810860873,1273.3992810860873,-1273.3992810860873,-1273.3992810860873,498.9599999999993,498.9599999999993,-498.9599999999993,-498.9599999999993
21.763,0.25,5.72304754154373e-20,-1.011201927501801e-20,0.04099942866928528,5.907350849298922e-19,2.7241822099949167e-18,-1.3257389876278937e-19,1.0,1283.3784810860852,1283.3784810860852,-1283.3784810860852,-1283.3784810860852,498.9599999999993,498.9599999999993,-498.9599999999993,-498.9599999999993
21.783,0.25,5.72304754154373e-20,-1.011201927501801e-20,0.04099942866928528,5.907350849298922e-19,2.7241822099949167e-18,-1.3257389876278937e-19,1.0,1293.3576810860832,1293.3576810860832,-1293.3576810860832,-1293.3576810860832,498.9599999999993,498.9599999999993,-498.9599999999993,-498.9599999999993
21.803,0.25,5.72304754154373e-20,-1.011201927501801e-20,0.04099942866928528,5.907350849298922e-19,2.7241822099949167e-18,-1.3257389876278937e-19,1.0,1303.3368810860811,1303.3368810860811,-1303.3368810860811,-1303.3368810860811,498.9599999999993,498.9599999999993,-498.9599999999993,-498.9599999999993
21.823,0.25,5.72304754154373e-20,-1.011201927501801e-20,0.04099942866928528,5.907350849298922e-19,2.7241822099949167e-18,-1.3257389876278937e-19,1.0,1313.316081086079,1313.316081086079,-1313.316081086079,-1313.316081086079,498.9599999999993,498.9599999999993,-498.9599999999993,-498.9599999999993
21.843,0.25,5.72304754154373e-20,-1.011201927501801e-20,0.04099942866928528,5.907350849298922e-19,2.7241822099949167e-18,-1.3257389876278937e-19,1.0,1323.295281086077,1323.295281086077,-1323.295281086077,-1323.295281086077,498.9599999999993,498.9599999999993,-498.9599999999993,-498.9599999999993
21.863,0.25,5.72304754154373e-20,-1.011201927501801e-20,0.04099942866928528,5.907350849298922e-19,2.7241822099949167e-18,-1.3257389876278937e-19,1.0,1333.274481086075,1333.274481086075,-1333.274481086075,-1333.274481086075,498.9599999999993,498.9599999999993,-498.9599999999993,-498.9599999999993
21.883,0.25,5.72304754154373e-20,-1.011201927501801e-20,0.04099942866928528,5.907350849298922e-19,2.7241822099949167e-18,-1.3257389876278937e-19,1.0,1343.253681086073,1343.253681086073,-1343.253681086073,-1343.253681086073,498.9599999999993,498.9599999999993,-498.9599999999993,-498.9599999999993
21.903,0.25,5.72304754154373e-20,-1.011201927501801e-20,0.04099942866928528,5.907350849298922e-19,2.7241822099949167e-18,-1.3257389876278937e-19,1.0,1353.2328810860708,1353.2328810860708,-1353.2328810860708,-1353.2328810860708,498.9599999999993,498.9599999999993,-498.9599999999993,-498.9599999999993
21.923000000000002,0.25,5.72304754154373e-20,-1.011201927501801e-20,0.04099942866928528,5.907350849298922e-19,2.7241822099949167e-18,-1.3257389876278937e-19,1.0,1363.2120810860688,1363.2120810860688,-1363.2120810860688,-1363.2120810860688,498.9599999999993,498.9599999999993,-498.9599999999993,-498.9599999999993
21.943,0.25,5.72304754154373e-20,-1.011201927501801e-20,0.04099942866928528,5.907350849298922e-19,2.7241822099949167e-18,-1.3257389876278937e-19,1.0,1373.1912810860667,1373.1912810860667,-1373.1912810860667,-1373.1912810860667,498.9599999999993,498.9599999999993,-498.9599999999993,-498.9599999999993
21.963,0.25,5.72304754154373e-20,-1.011201927501801e-20,0.04099942866928528,5.907350849298922e-19,2.7241822099949167e-18,-1.3257389876278937e-19,1.0,1383.4389321129509,1383.4389321129509,-1383.4389321129509,-1383.4389321129509,527.0662496702801,527.0662496702801,-527.0662496702801,-527.0662496702801
21.983,0.25,5.72304754154373e-20,-1.011201927501801e-20,0.04099942866928528,5.907350849298922e-19,2.7241822099949167e-18,-1.3257389876278937e-19,1.0,1394.1561822577858,1394.1561822577858,-1394.1561822577858,-1394.1561822577858,541.5631447447373,541.5631447447373,-541.5631447447373,-541.5631447447373
22.003,0.25,5.72304754154373e-20,-1.011201927501801e-20,0.04099942866928528,5.907350849298922e-19,2.7241822099949167e-18,-1.3257389876278937e-19,1.0,1405.0521643990764,1405.0521643990764,-1405.0521643990764,-1405.0521643990764,546.8962544034499,546.8962544034499,-546.8962544034499,-546.8962544034499
22.023,0.25,5.72304754154373e-20,-1.011201927501801e-20,0.04099942866928528,5.907350849298922e-19,2.7241822099949167e-18,-1.3257389876278937e-19,1.0,1416.0138983673426,1416.0138983673426,-1416.0138983673426,-1416.0138983673426,548.8581958044031,548.8581958044031,-548.8581958044031,-548.8581958044031
22.043,0.25,5.72304754154373e-20,-1.011201927501801e-20,0.04099942866928528,5.907350849298922e-19,2.7241822099949167e-18,-1.3257389876278937e-19,1.0,1426.9998210809729,1426.9998210809729,-1426.9998210809729,-1426.9998210809729,549.5799537105968,549.5799537105968,-549.5799537105968,-549.5799537105968
22.063,0.25,5.72304754154373e-20,-1.011201927501801e-20,0.04099942866928528,5.907350849298922e-19,2.7241822099949167e-18,-1.3257389876278937e-19,1.0,1437.9946423367303,1437.9946423367303,-1437.9946423367303,-1437.9946423367303,549.8454736057885,549.8454736057885,-549.8454736057885,-549.8454736057885
22.083,0.25,5.72304754154373e-20,-1.011201927501801e-20,0.04099942866928528,5.907350849298922e-19,2.7241822099949167e-18,-1.3257389876278937e-19,1.0,1448.992737183192,1448.992737183192,-1448.992737183192,-1448.992737183192,549.9431529164516,549.9431529164516,-549.9431529164516,-549.9431529164516
22.103,0.25,5.72304754154373e-20,-1.011201927501801e-20,0.04099942866928528,5.907350849298922e-19,2.7241822099949167e-18,-1.3257389876278937e-19,1.0,1459.9920363163735,1459.9920363163735,-1459.9920363163735,-1459.9920363163735,549.9790871266723,549.9790871266723,-549.9790871266723,-549.9790871266723
22.123,0.25,5.72304754154373e-20,-1.011201927501801e-20,0.04099942866928528,5.907350849298922e-19,2.7241822099949167e-18,-1.3257389876278937e-19,1.0,1470.99177848188,1470.99177848188,-1470.99177848188,-1470.99177848188,549.9923065838473,549.9923065838473,-549.9923065838473,-549.9923065838473
22.143,0.25,5.72304754154373e-20,-1.011201927501801e-20,0.04099942866928528,5.907350849298922e-19,2.7241822099949167e-18,-1.3257389876278937e-19,1.0,1481.9916836298705,1481.9916836298705,-1481.9916836298705,-1481.9916836298705,549.9971697503652,549.9971697503652,-549.9971697503652,-549.9971697503652
22.163,0.25,5.72304754154373e-20,-1.011201927501801e-20,0.04099942866928528,5.907350849298922e-19,2.7241822099949167e-18,-1.3257389876278937e-19,1.0,1492.9916487357661,1492.9916487357661,-1492.9916487357661,-1492.9916487357661,549.9989588093463,549.9989588093463,-549.9989588093463,-549.9989588093463
22.183,0.25,5.72304754154373e-20,-1.011201927501801e-20,0.04099942866928528,5.907350849298922e-19,2.7241822099949167e-18,-1.3257389876278937e-19,1.0,1503.9916358989426,1503.9916358989426,-1503.9916358989426,-1503.9916358989426,549.9996169673644,549.9996169673644,-549.9996169673644,-549.9996169673644
22.203,0.25,5.72304754154373e-20,-1.011201927501801e-20,0.04099942866928528,5.907350849298922e-19,2.7241822099949167e-18,-1.3257389876278937e-19,1.0,1514.9916311765392,1514.9916311765392,-1514.9916311765392,-1514.9916311765392,549.9998590901682,549.9998590901682,-549.9998590901682,-549.9998590901682
22.223,0.25,5.72304754154373e-20,-1.011201927501801e-20,0.04099942866928528,5.907350849298922e-19,2.7241822099949167e-18,-1.3257389876278937e-19,1.0,1525.9916294392635,1525.9916294392635,-1525.9916294392635,-1525.9916294392635,549.9999481621701,549.9999481621701,-549.9999481621701,-549.9999481621701
22.243,0.25,5.72304754154373e-20,-1.011201927501801e-20,0.04099942866928528,5.907350849298922e-19,2.7241822099949167e-18,-1.3257389876278937e-19,1.0,1536.9916288001557,1536.9916288001557,-1536.9916288001557,-1536.9916288001557,549.9999809299284,549.9999809299284,-549.9999809299284,-549.9999809299284
22.263,0.25,5.72304754154373e-20,-1.011201927501801e-20,0.04099942866928528,5.907350849298922e-19,2.7241822099949167e-18,-1.3257389876278937e-19,1.0,1547.9916285650415,1547.9916285650415,-1547.9916285650415,-1547.9916285650415,549.9999929845129,549.9999929845129,-549.9999929845129,-549.9999929845129
22.283,0.25,5.72304754154373e-20,-1.011201927501801e-20,0.04099942866928528,5.907350849298922e-19,2.7241822099949167e-18,-1.3257389876278937e-19,1.0,1558.9916284785484,1558.9916284785484,-1558.9916284785484,-1558.9916284785484,549.9999974191466,549.9999974191466,-549.9999974191466,-549.9999974191466
22.303,0.25,5.72304754154373e-20,-1.011201927501801e-20,0.04099942866928528,5.907350849298922e-19,2.7241822099949167e-18,-1.3257389876278937e-19,1.0,1569.9916284467295,1569.9916284467295,-1569.9916284467295,-1569.9916284467295,549.9999990505573,549.9999990505573,-549.9999990505573,-549.9999990505573
22.323,0.25,5.72304754154373e-20,-1.011201927501801e-20,0.04099942866928528,5.907350849298922e-19,2.7241822099949167e-18,-1.3257389876278937e-19,1.0,1580.9916284350238,1580.9916284350238,-1580.9916284350238,-1580.9916284350238,549.9999996507198,549.9999996507198,-549.9999996507198,-549.9999996507198
22.343,0.25,5.72304754154373e-20,-1.011201927501801e-20,0.04099942866928528,5.907350849298922e-19,2.7241822099949167e-18,-1.3257389876278937e-19,1.0,1591.9916284307176,1591.9916284307176,-1591.9916284307176,-1591.9916284307176,549.9999998715073,549.9999998715073,-549.9999998715073,-549.9999998715073
22.363,0.25,5.72304754154373e-20,-1.011201927501801e-20,0.04099942866928528,5.907350849298922e-19,2.7241822099949167e-18,-1.3257389876278937e-19,1.0,1602.9916284291335,1602.9916284291335,-1602.9916284291335,-1602.9916284291335,549.9999999527304,549.9999999527304,-549.9999999527304,-549.9999999527304
22.383,0.25,5.72304754154373e-20,-1.011201927501801e-20,0.04099942866928528,5.907350849298922e-19,2.7241822099949167e-18,-1.3257389876278937e-19,1.0,1613.9916284285507,1613.9916284285507,-1613.9916284285507,-1613.9916284285507,549.9999999826108,549.9999999826108,-549.9999999826108,-549.9999999826108
22.403,0.25,5.72304754154373e-20,-1.011201927501801e-20,0.04099942866928528,5.907350849298922e-19,2.7241822099949167e-18,-1.3257389876278937e-19,1.0,1624.9916284283363,1624.9916284283363,-1624.9916284283363,-1624.9916284283363,549.9999999936031,549.9999999936031,-549.9999999936031,-549.9999999936031
22.423000000000002,0.25,5.72304754154373e-20,-1.011201927501801e-20,0.04099942866928528,5.907350849298922e-19,2.7241822099949167e-18,-1.3257389876278937e-19,1.0,1635.9916284282572,1635.9916284282572,-1635.9916284282572,-1635.9916284282572,549.9999999976469,549.9999999976469,-549.9999999976469,-549.9999999976469
22.443,0.25,5.72304754154373e-20,-1.011201927501801e-20,0.04099942866928528,5.907350849298922e-19,2.7241822099949167e-18,-1.3257389876278937e-19,1.0,1646.9916284282283,1646.9916284282283,-1646.9916284282283,-1646.9916284282283,549.9999999991345,549.9999999991345,-549.9999999991345,-549.9999999991345
22.463,0.25,5.72304754154373e-20,-1.011201927501801e-20,0.04099942866928528,5.907350849298922e-19,2.7241822099949167e-18,-1.3257389876278937e-19,1.0,1657.9916284282178,1657.9916284282178,-1657.9916284282178,-1657.9916284282178,549.9999999996818,549.9999999996818,-549.9999999996818,-549.9999999996818
22.483,0.25,5.72304754154373e-20,-1.011201927501801e-20,0.04099942866928528,5.907350849298922e-19,2.7241822099949167e-18,-1.3257389876278937e-19,1.0,1668.991628428214,1668.991628428214,-1668.991628428214,-1668.991628428214,549.9999999998832,549.9999999998832,-549.9999999998832,-549.9999999998832
22.503,0.25,5.72304754154373e-20,-1.011201927501801e-20,0.04099942866928528,5.907350849298922e-19,2.7241822099949167e-18,-1.3257389876278937e-19,1.0,1679.991628428213,1679.991628428213,-1679.991628428213,-1679.991628428213,549.9999999999571,549.9999999999571,-549.9999999999571,-549.9999999999571
22.523,0.25,5.72304754154373e-20,-1.011201927501801e-20,0.04099942866928528,5.907350849298922e-19,2.7241822099949167e-18,-1.3257389876278937e-19,1.0,1690.9916284282122,1690.9916284282122,-1690.9916284282122,-1690.9916284282122,549.9999999999845,549.9999999999845,-549.9999999999845,-549.9999999999845
22.543,0.25,5.72304754154373e-20,-1.011201927501801e-20,0.04099942866928528,5.907350849298922e-19,2.7241822099949167e-18,-1.3257389876278937e-19,1.0,1701.9916284282112,1701.9916284282112,-1701.9916284282112,-1701.9916284282112,549.9999999999947,549.9999999999947,-549.9999999999947,-549.9999999999947
22.563,0.25,5.72304754154373e-20,-1.011201927501801e-20,0.04099942866928528,5.907350849298922e-19,2.7241822099949167e-18,-1.3257389876278937e-19,1.0,1712.9916284282103,1712.9916284282103,-1712.9916284282103,-1712.9916284282103,549.9999999999981,549.9999999999981,-549.9999999999981,-549.9999999999981
22.583,0.25,5.72304754154373e-20,-1.011201927501801e-20,0.04099942866928528,5.907350849298922e-19,2.7241822099949167e-18,-1.3257389876278937e-19,1.0,1723.9916284282094,1723.9916284282094,-1723.9916284282094,-1723.9916284282094,549.9999999999993,549.9999999999993,-549.9999999999993,-549.9999999999993
22.603,0.25,5.72304754154373e-20,-1.011201927501801e-20,0.04099942866928528,5.907350849298922e-19,2.7241822099949167e-18,-1.3257389876278937e-19,1.0,1734.9916284282085,1734.9916284282085,-1734.9916284282085,-1734.9916284282085,549.9999999999993,549.9999999999993,-549.9999999999993,-549.9999999999993
22.623,0.25,5.72304754154373e-20,-1.011201927501801e-20,0.04099942866928528,5.907350849298922e-19,2.7241822099949167e-18,-1.3257389876278937e-19,1.0,1745.9916284282076,1745.9916284282076,-1745.9916284282076,-1745.9916284282076,549.9999999999993,549.9999999999993,-549.9999999999993,-549.9999999999993
22.643,0.25,5.72304754154373e-20,-1.011201927501801e-20,0.04099942866928528,5.907350849298922e-19,2.7241822099949167e-18,-1.3257389876278937e-19,1.0,1756.9916284282067,1756.9916284282067,-1756.9916284282067,-1756.9916284282067,549.9999999999993,549.9999999999993,-549.9999999999993,-549.9999999999993
22.663,0.25,5.72304754154373e-20,-1.011201927501801e-20,0.04099942866928528,5.907350849298922e-19,2.7241822099949167e-18,-1.3257389876278937e-19,1.0,1767.9916284282058,1767.9916284282058,-1767.9916284282058,-1767.9916284282058,549.9999999999993,549.9999999999993,-549.9999999999993,-549.9999999999993
22.683,0.25,5.72304754154373e-20,-1.011201927501801e-20,0.04099942866928528,5.907350849298922e-19,2.7241822099949167e-18,-1.3257389876278937e-19,1.0,1778.9916284282049,1778.9916284282049,-1778.9916284282049,-1778.9916284282049,549.9999999999993,549.9999999999993,-549.9999999999993,-549.9999999999993
22.703,0.25,5.72304754154373e-20,-1.011201927501801e-20,0.04099942866928528,5.907350849298922e-19,2.7241822099949167e-18,-1.3257389876278937e-19,1.0,1789.991628428204,1789.991628428204,-1789.991628428204,-1789.991628428204,549.9999999999993,549.9999999999993,-549.9999999999993,-549.9999999999993
22.723,0.25,5.72304754154373e-20,-1.011201927501801e-20,0.04099942866928528,5.907350849298922e-19,2.7241822099949167e-18,-1.3257389876278937e-19,1.0,1800.991628428203,1800.991628428203,-1800.991628428203,-1800.991628428203,549.9999999999993,549.9999999999993,-549.9999999999993,-549.9999999999993
22.743,0.25,5.72304754154373e-20,-1.011201927501801e-20,0.04099942866928528,5.907350849298922e-19,2.7241822099949167e-18,-1.3257389876278937e-19,1.0,1811.9916284282021,1811.9916284282021,-1811.9916284282021,-1811.9916284282021,549.9999999999993,549.9999999999993,-549.9999999999993,-549.9999999999993
22.763,0.25,5.72304754154373e-20,-1.011201927501801e-20,0.04099942866928528,5.907350849298922e-19,2.7241822099949167e-18,-1.3257389876278937e-19,1.0,1822.9916284282012,1822.9916284282012,-1822.9916284282012,-1822.9916284282012,549.9999999999993,549.9999999999993,-549.9999999999993,-549.9999999999993
22.783,0.25,5.72304754154373e-20,-1.011201927501801e-20,0.04099942866928528,5.907350849298922e-19,2.7241822099949167e-18,-1.3257389876278937e-19,1.0,1833.9916284282003,1833.9916284282003,-1833.9916284282003,-1833.9916284282003,549.9999999999993,549.9999999999993,-549.9999999999993,-549.9999999999993
22.803,0.25,5.72304754154373e-20,-1.011201927501801e-20,0.04099942866928528,5.907350849298922e-19,2.7241822099949167e-18,-1.3257389876278937e-19,1.0,1844.9916284281994,1844.9916284281994,-1844.9916284281994,-1844.9916284281994,549.9999999999993,549.9999999999993,-549.9999999999993,-549.9999999999993
22.823,0.25,5.72304754154373e-20,-1.011201927501801e-20,0.04099942866928528,5.907350849298922e-19,2.7241822099949167e-18,-1.3257389876278937e-19,1.0,1855.9916284281985,1855.9916284281985,-1855.9916284281985,-1855.9916284281985,549.9999999999993,549.9999999999993,-549.9999999999993,-549.9999999999993
22.843,0.25,5.72304754154373e-20,-1.011201927501801e-20,0.04099942866928528,5.907350849298922e-19,2.7241822099949167e-18,-1.3257389876278937e-19,1.0,1866.9916284281976,1866.9916284281976,-1866.9916284281976,-1866.9916284281976,549.9999999999993,549.9999999999993,-549.9999999999993,-549.9999999999993
22.863,0.25,5.72304754154373e-20,-1.011201927501801e-20,0.04099942866928528,5.907350849298922e-19,2.7241822099949167e-18,-1.3257389876278937e-19,1.0,1877.9916284281967,1877.9916284281967,-1877.9916284281967,-1877.9916284281967,549.9999999999993,549.9999999999993,-549.9999999999993,-549.9999999999993
22.883,0.25,5.72304754154373e-20,-1.011201927501801e-20,0.04099942866928528,5.907350849298922e-19,2.7241822099949167e-18,-1.3257389876278937e-19,1.0,1888.9916284281958,1888.9916284281958,-1888.9916284281958,-1888.9916284281958,549.9999999999993,549.9999999999993,-549.9999999999993,-549.9999999999993
22.903,0.25,5.72304754154373e-20,-1.011201927501801e-20,0.04099942866928528,5.907350849298922e-19,2.7241822099949167e-18,-1.3257389876278937e-19,1.0,1899.9916284281949,1899.9916284281949,-1899.9916284281949,-1899.9916284281949,549.9999999999993,549.9999999999993,-549.9999999999993,-549.9999999999993
22.923000000000002,0.25,5.72304754154373e-20,-1.011201927501801e-20,0.04099942866928528,5.907350849298922e-19,2.7241822099949167e-18,-1.3257389876278937e-19,1.0,1910.991628428194,1910.991628428194,-1910.991628428194,-1910.991628428194,549.9999999999993,549.9999999999993,-549.9999999999993,-549.9999999999993
22.943,0.25,5.72304754154373e-20,-1.011201927501801e-20,0.04099942866928528,5.907350849298922e-19,2.7241822099949167e-18,-1.3257389876278937e-19,1.0,1921.991628428193,1921.991628428193,-1921.991628428193,-1921.991628428193,549.9999999999993,549.9999999999993,-549.9999999999993,-549.9999999999993
22.963,0.25,5.72304754154373e-20,-1.011201927501801e-20,0.04099942866928528,5.907350849298922e-19,2.7241822099949167e-18,-1.3257389876278937e-19,1.0,1932.9916284281921,1932.9916284281921,-1932.9916284281921,-1932.9916284281921,549.9999999999993,549.9999999999993,-549.9999999999993,-549.9999999999993
22.983,0.25,5.72304754154373e-20,-1.011201927501801e-20,0.04099942866928528,5.907350849298922e-19,2.7241822099949167e-18,-1.3257389876278937e-19,1.0,1943.9916284281912,1943.9916284281912,-1943.9916284281912,-1943.9916284281912,549.9999999999993,549.9999999999993,-549.9999999999993,-549.9999999999993
23.003,0.25,5.72304754154373e-20,-1.011201927501801e-20,0.04099942866928528,5.907350849298922e-19,2.7241822099949167e-18,-1.3257389876278937e-19,1.0,1954.9916284281903,1954.9916284281903,-1954.9916284281903,-1954.9916284281903,549.9999999999993,549.9999999999993,-549.9999999999993,-549.9999999999993
23.023,0.25,5.72304754154373e-20,-1.011201927501801e-20,0.04099942866928528,5.907350849298922e-19,2.7241822099949167e-18,-1.3257389876278937e-19,1.0,1965.9916284281894,1965.9916284281894,-1965.9916284281894,-1965.9916284281894,549.9999999999993,549.9999999999993,-549.9999999999993,-549.9999999999993
23.043,0.25,5.72304754154373e-20,-1.011201927501801e-20,0.04099942866928528,5.907350849298922e-19,2.7241822099949167e-18,-1.3257389876278937e-19,1.0,1976.9916284281885,1976.9916284281885,-1976.9916284281885,-1976.9916284281885,549.9999999999993,549.9999999999993,-549.9999999999993,-549.9999999999993
23.063,0.25,5.72304754154373e-20,-1.011201927501801e-20,0.04099942866928528,5.907350849298922e-19,2.7241822099949167e-18,-1.3257389876278937e-19,1.0,1987.9916284281876,1987.9916284281876,-1987.9916284281876,-1987.9916284281876,549.9999999999993,549.9999999999993,-549.9999999999993,-549.9999999999993
23.083,0.25,5.72304754154373e-20,-1.011201927501801e-20,0.04099942866928528,5.907350849298922e-19,2.7241822099949167e-18,-1.3257389876278937e-19,1.0,1998.9916284281867,1998.9916284281867,-1998.9916284281867,-1998.9916284281867,549.9999999999993,549.9999999999993,-549.9999999999993,-549.9999999999993
23.103,0.25,5.72304754154373e-20,-1.011201927501801e-20,0.04099942866928528,5.907350849298922e-19,2.7241822099949167e-18,-1.3257389876278937e-19,1.0,2009.9916284281858,2009.9916284281858,-2009.9916284281858,-2009.9916284281858,549.9999999999993,549.9999999999993,-549.9999999999993,-549.9999999999993
23.123,0.25,5.72304754154373e-20,-1.011201927501801e-20,0.04099942866928528,5.907350849298922e-19,2.7241822099949167e-18,-1.3257389876278937e-19,1.0,2020.9916284281849,2020.9916284281849,-2020.9916284281849,-2020.9916284281849,549.9999999999993,549.9999999999993,-549.9999999999993,-549.9999999999993
23.143,0.25,5.72304754154373e-20,-1.011201927501801e-20,0.04099942866928528,5.907350849298922e-19,2.7241822099949167e-18,-1.3257389876278937e-19,1.0,2031.991628428184,2031.991628428184,-2031.991628428184,-2031.991628428184,549.9999999999993,549.9999999999993,-549.9999999999993,-549.9999999999993
23.163,0.25,5.72304754154373e-20,-1.011201927501801e-20,0.04099942866928528,5.907350849298922e-19,2.7241822099949167e-18,-1.3257389876278937e-19,1.0,2042.991628428183,2042.991628428183,-2042.991628428183,-2042.991628428183,549.9999999999993,549.9999999999993,-549.9999999999993,-549.9999999999993
23.183,0.25,5.72304754154373e-20,-1.011201927501801e-20,0.04099942866928528,5.907350849298922e-19,2.7241822099949167e-18,-1.3257389876278937e-19,1.0,2053.9916284281844,2053.9916284281844,-2053.9916284281844,-2053.9916284281844,549.9999999999993,549.9999999999993,-549.9999999999993,-549.9999999999993
23.203,0.25,5.72304754154373e-20,-1.011201927501801e-20,0.04099942866928528,5.907350849298922e-19,2.7241822099949167e-18,-1.3257389876278937e-19,1.0,2064.991628428188,2064.991628428188,-2064.991628428188,-2064.991628428188,549.9999999999993,549.9999999999993,-549.9999999999993,-549.9999999999993
23.223,0.25,5.72304754154373e-20,-1.011201927501801e-20,0.04099942866928528,5.907350849298922e-19,2.7241822099949167e-18,-1.3257389876278937e-19,1.0,2075.9916284281917,2075.9916284281917,-2075.9916284281917,-2075.9916284281917,549.9999999999993,549.9999999999993,-549.9999999999993,-549.9999999999993
23.243,0.25,5.72304754154373e-20,-1.011201927501801e-20,0.04099942866928528,5.907350849298922e-19,2.7241822099949167e-18,-1.3257389876278937e-19,1.0,2086.9916284281953,2086.9916284281953,-2086.9916284281953,-2086.9916284281953,549.9999999999993,549.9999999999993,-549.9999999999993,-549.9999999999993
23.263,0.25,5.72304754154373e-20,-1.011201927501801e-20,0.04099942866928528,5.907350849298922e-19,2.7241822099949167e-18,-1.3257389876278937e-19,1.0,2097.991628428199,2097.991628428199,-2097.991628428199,-2097.991628428199,549.9999999999993,549.9999999999993,-549.9999999999993,-549.9999999999993
23.283,0.25,5.72304754154373e-20,-1.011201927501801e-20,0.04099942866928528,5.907350849298922e-19,2.7241822099949167e-18,-1.3257389876278937e-19,1.0,2108.9916284282026,2108.9916284282026,-2108.9916284282026,-2108.9916284282026,549.9999999999993,549.9999999999993,-549.9999999999993,-549.9999999999993
23.303,0.25,5.72304754154373e-20,-1.011201927501801e-20,0.04099942866928528,5.907350849298922e-19,2.7241822099949167e-18,-1.3257389876278937e-19,1.0,2119.9916284282062,2119.9916284282062,-2119.9916284282062,-2119.9916284282062,549.9999999999993,549.9999999999993,-549.9999999999993,-549.9999999999993
23.323,0.25,5.72304754154373e-20,-1.011201927501801e-20,0.04099942866928528,5.907350849298922e-19,2.7241822099949167e-18,-1.3257389876278937e-19,1.0,2130.99162842821,2130.99162842821,-2130.99162842821,-2130.99162842821,549.9999999999993,549.9999999999993,-549.9999999999993,-549.9999999999993
23.343,0.25,5.72304754154373e-20,-1.011201927501801e-20,0.04099942866928528,5.907350849298922e-19,2.7241822099949167e-18,-1.3257389876278937e-19,1.0,2141.9916284282135,2141.9916284282135,-2141.9916284282135,-2141.9916284282135,549.9999999999993,549.9999999999993,-549.9999999999993,-549.9999999999993
23.363,0.25,5.72304754154373e-20,-1.011201927501801e-20,0.04099942866928528,5.907350849298922e-19,2.7241822099949167e-18,-1.3257389876278937e-19,1.0,2152.991628428217,2152.991628428217,-2152.991628428217,-2152.991628428217,549.9999999999993,549.9999999999993,-549.9999999999993,-549.9999999999993
23.383,0.25,5.72304754154373e-20,-1.011201927501801e-20,0.04099942866928528,5.907350849298922e-19,2.7241822099949167e-18,-1.3257389876278937e-19,1.0,2163.991628428221,2163.991628428221,-2163.991628428221,-2163.991628428221,549.9999999999993,549.9999999999993,-549.9999999999993,-549.9999999999993
23.403,0.25,5.72304754154373e-20,-1.011201927501801e-20,0.04099942866928528,5.907350849298922e-19,2.7241822099949167e-18,-1.3257389876278937e-19,1.0,2174.9916284282244,2174.9916284282244,-2174.9916284282244,-2174.9916284282244,549.9999999999993,549.9999999999993,-549.9999999999993,-549.9999999999993
23.423000000000002,0.25,5.72304754154373e-20,-1.011201927501801e-20,0.04099942866928528,5.907350849298922e-19,2.7241822099949167e-18,-1.3257389876278937e-19,1.0,2185.991628428228,2185.991628428228,-2185.991628428228,-2185.991628428228,549.9999999999993,549.9999999999993,-549.9999999999993,-549.9999999999993
23.443,0.25,5.72304754154373e-20,-1.011201927501801e-20,0.04099942866928528,5.907350849298922e-19,2.7241822099949167e-18,-1.3257389876278937e-19,1.0,2196.9916284282317,2196.9916284282317,-2196.9916284282317,-2196.9916284282317,549.9999999999993,549.9999999999993,-549.9999999999993,-549.9999999999993
23.463,0.25,5.72304754154373e-20,-1.011201927501801e-20,0.04099942866928528,5.907350849298922e-19,2.7241822099949167e-18,-1.3257389876278937e-19,1.0,2207.9916284282353,2207.9916284282353,-2207.9916284282353,-2207.9916284282353,549.9999999999993,549.9999999999993,-549.9999999999993,-549.9999999999993
23.483,0.25,5.72304754154373e-20,-1.011201927501801e-20,0.04099942866928528,5.907350849298922e-19,2.7241822099949167e-18,-1.3257389876278937e-19,1.0,2218.991628428239,2218.991628428239,-2218.991628428239,-2218.991628428239,549.9999999999993,549.9999999999993,-549.9999999999993,-549.9999999999993
23.503,0.25,5.72304754154373e-20,-1.011201927501801e-20,0.04099942866928528,5.907350849298922e-19,2.7241822099949167e-18,-1.3257389876278937e-19,1.0,2229.9916284282426,2229.9916284282426,-2229.9916284282426,-2229.9916284282426,549.9999999999993,549.9999999999993,-549.9999999999993,-549.9999999999993
23.523,0.25,5.72304754154373e-20,-1.011201927501801e-20,0.04099942866928528,5.907350849298922e-19,2.7241822099949167e-18,-1.3257389876278937e-19,1.0,2240.9916284282463,2240.9916284282463,-2240.9916284282463,-2240.9916284282463,549.9999999999993,549.9999999999993,-549.9999999999993,-549.9999999999993
23.543,0.25,5.72304754154373e-20,-1.011201927501801e-20,0.04099942866928528,5.907350849298922e-19,2.7241822099949167e-18,-1.3257389876278937e-19,1.0,2251.99162842825,2251.99162842825,-2251.99162842825,-2251.99162842825,549.9999999999993,549.9999999999993,-549.9999999999993,-549.9999999999993
23.563,0.25,5.72304754154373e-20,-1.011201927501801e-20,0.04099942866928528,5.907350849298922e-19,2.7241822099949167e-18,-1.3257389876278937e-19,1.0,2262.9916284282535,2262.9916284282535,-2262.9916284282535,-2262.9916284282535,549.9999999999993,549.9999999999993,-549.9999999999993,-549.9999999999993
23.583,0.25,5.72304754154373e-20,-1.011201927501801e-20,0.04099942866928528,5.907350849298922e-19,2.7241822099949167e-18,-1.3257389876278937e-19,1.0,2273.991628428257,2273.991628428257,-2273.991628428257,-2273.991628428257,549.9999999999993,549.9999999999993,-549.9999999999993,-549.9999999999993
23.603,0.25,5.72304754154373e-20,-1.011201927501801e-20,0.04099942866928528,5.907350849298922e-19,2.7241822099949167e-18,-1.3257389876278937e-19,1.0,2284.991628428261,2284.991628428261,-2284.991628428261,-2284.991628428261,549.9999999999993,549.9999999999993,-549.9999999999993,-549.9999999999993
23.623,0.25,5.72304754154373e-20,-1.011201927501801e-20,0.04099942866928528,5.907350849298922e-19,2.7241822099949167e-18,-1.3257389876278937e-19,1.0,2295.9916284282644,2295.9916284282644,-2295.9916284282644,-2295.9916284282644,549.9999999999993,549.9999999999993,-549.9999999999993,-549.9999999999993
23.643,0.25,5.72304754154373e-20,-1.011201927501801e-20,0.04099942866928528,5.907350849298922e-19,2.7241822099949167e-18,-1.3257389876278937e-19,1.0,2306.991628428268,2306.991628428268,-2306.991628428268,-2306.991628428268,549.9999999999993,549.9999999999993,-549.9999999999993,-549.9999999999993
23.663,0.25,5.72304754154373e-20,-1.011201927501801e-20,0.04099942866928528,5.907350849298922e-19,2.7241822099949167e-18,-1.3257389876278937e-19,1.0,2317.9916284282717,2317.9916284282717,-2317.9916284282717,-2317.9916284282717,549.9999999999993,549.9999999999993,-549.9999999999993,-549.9999999999993
23.683,0.25,5.72304754154373e-20,-1.011201927501801e-20,0.04099942866928528,5.907350849298922e-19,2.7241822099949167e-18,-1.3257389876278937e-19,1.0,2328.9916284282754,2328.9916284282754,-2328.9916284282754,-2328.9916284282754,549.9999999999993,549.9999999999993,-549.9999999999993,-549.9999999999993
23.703,0.25,5.72304754154373e-20,-1.011201927501801e-20,0.04099942866928528,5.907350849298922e-19,2.7241822099949167e-18,-1.3257389876278937e-19,1.0,2339.991628428279,2339.991628428279,-2339.991628428279,-2339.991628428279,549.9999999999993,549.9999999999993,-549.9999999999993,-549.9999999999993
23.723,0.25,5.72304754154373e-20,-1.011201927501801e-20,0.04099942866928528,5.907350849298922e-19,2.7241822099949167e-18,-1.3257389876278937e-19,1.0,2350.9916284282826,2350.9916284282826,-2350.9916284282826,-2350.9916284282826,549.9999999999993,549.9999999999993,-549.9999999999993,-549.9999999999993
23.743,0.25,5.72304754154373e-20,-1.011201927501801e-20,0.04099942866928528,5.907350849298922e-19,2.7241822099949167e-18,-1.3257389876278937e-19,1.0,2361.9916284282863,2361.9916284282863,-2361.9916284282863,-2361.9916284282863,549.9999999999993,549.9999999999993,-549.9999999999993,-549.9999999999993
23.763,0.25,5.72304754154373e-20,-1.011201927501801e-20,0.04099942866928528,5.907350849298922e-19,2.7241822099949167e-18,-1.3257389876278937e-19,1.0,2372.99162842829,2372.99162842829,-2372.99162842829,-2372.99162842829,549.9999999999993,549.9999999999993,-549.9999999999993,-549.9999999999993
23.783,0.25,5.72304754154373e-20,-1.011201927501801e-20,0.04099942866928528,5.907350849298922e-19,2.7241822099949167e-18,-1.3257389876278937e-19,1.0,2383.9916284282936,2383.9916284282936,-2383.9916284282936,-2383.9916284282936,549.9999999999993,549.9999999999993,-549.9999999999993,-549.9999999999993
23.803,0.25,5.72304754154373e-20,-1.011201927501801e-20,0.04099942866928528,5.907350849298922e-19,2.7241822099949167e-18,-1.3257389876278937e-19,1.0,2394.991628428297,2394.991628428297,-2394.991628428297,-2394.991628428297,549.9999999999993,549.9999999999993,-549.9999999999993,-549.9999999999993
23.823,0.25,5.72304754154373e-20,-1.011201927501801e-20,0.04099942866928528,5.907350849298922e-19,2.7241822099949167e-18,-1.3257389876278937e-19,1.0,2405.991628428301,2405.991628428301,-2405.991628428301,-2405.991628428301,549.9999999999993,549.9999999999993,-549.9999999999993,-549.9999999999993
23.843,0.25,5.72304754154373e-20,-1.011201927501801e-20,0.04099942866928528,5.907350849298922e-19,2.7241822099949167e-18,-1.3257389876278937e-19,1.0,2416.9916284283045,2416.9916284283045,-2416.9916284283045,-2416.9916284283045,549.9999999999993,549.9999999999993,-549.9999999999993,-549.9999999999993
23.863,0.25,5.72304754154373e-20,-1.011201927501801e-20,0.04099942866928528,5.907350849298922e-19,2.7241822099949167e-18,-1.3257389876278937e-19,1.0,2427.991628428308,2427.991628428308,-2427.991628428308,-2427.991628428308,549.9999999999993,549.9999999999993,-549.9999999999993,-549.9999999999993
23.883,0.25,5.72304754154373e-20,-1.011201927501801e-20,0.04099942866928528,5.907350849298922e-19,2.7241822099949167e-18,-1.3257389876278937e-19,1.0,2438.9916284283117,2438.9916284283117,-2438.9916284283117,-2438.9916284283117,549.9999999999993,549.9999999999993,-549.9999999999993,-549.9999999999993
23.903,0.25,5.72304754154373e-20,-1.011201927501801e-20,0.04099942866928528,5.907350849298922e-19,2.7241822099949167e-18,-1.3257389876278937e-19,1.0,2449.9916284283154,2449.9916284283154,-2449.9916284283154,-2449.9916284283154,549.9999999999993,549.9999999999993,-549.9999999999993,-549.9999999999993
23.923000000000002,0.25,5.72304754154373e-20,-1.011201927501801e-20,0.04099942866928528,5.907350849298922e-19,2.7241822099949167e-18,-1.3257389876278937e-19,1.0,2460.991628428319,2460.991628428319,-2460.991628428319,-2460.991628428319,549.9999999999993,549.9999999999993,-549.9999999999993,-549.9999999999993
23.943,0.25,5.72304754154373e-20,-1.011201927501801e-20,0.04099942866928528,5.907350849298922e-19,2.7241822099949167e-18,-1.3257389876278937e-19,1.0,2471.9916284283227,2471.9916284283227,-2471.9916284283227,-2471.9916284283227,549.9999999999993,549.9999999999993,-549.9999999999993,-549.9999999999993
23.963,0.25,5.72304754154373e-20,-1.011201927501801e-20,0.04099942866928528,5.907350849298922e-19,2.7241822099949167e-18,-1.3257389876278937e-19,1.0,2482.9916284283263,2482.9916284283263,-2482.9916284283263,-2482.9916284283263,549.9999999999993,549.9999999999993,-549.9999999999993,-549.9999999999993
23.983,0.25,5.72304754154373e-20,-1.011201927501801e-20,0.04099942866928528,5.907350849298922e-19,2.7241822099949167e-18,-1.3257389876278937e-19,1.0,2493.99162842833,2493.99162842833,-2493.99162842833,-2493.99162842833,549.9999999999993,549.9999999999993,-549.9999999999993,-549.9999999999993
24.003,0.25,5.72304754154373e-20,-1.011201927501801e-20,0.04099942866928528,5.907350849298922e-19,2.7241822099949167e-18,-1.3257389876278937e-19,1.0,2504.9916284283336,2504.9916284283336,-2504.9916284283336,-2504.9916284283336,549.9999999999993,549.9999999999993,-549.9999999999993,-549.9999999999993
24.023,0.25,5.72304754154373e-20,-1.011201927501801e-20,0.04099942866928528,5.907350849298922e-19,2.7241822099949167e-18,-1.3257389876278937e-19,1.0,2515.991628428337,2515.991628428337,-2515.991628428337,-2515.991628428337,549.9999999999993,549.9999999999993,-549.9999999999993,-549.9999999999993
24.043,0.25,5.72304754154373e-20,-1.011201927501801e-20,0.04099942866928528,5.907350849298922e-19,2.7241822099949167e-18,-1.3257389876278937e-19,1.0,2526.991628428341,2526.991628428341,-2526.991628428341,-2526.991628428341,549.9999999999993,549.9999999999993,-549.9999999999993,-549.9999999999993
24.063,0.25,5.72304754154373e-20,-1.011201927501801e-20,0.04099942866928528,5.907350849298922e-19,2.7241822099949167e-18,-1.3257389876278937e-19,1.0,2537.9916284283445,2537.9916284283445,-2537.9916284283445,-2537.9916284283445,549.9999999999993,549.9999999999993,-549.9999999999993,-549.9999999999993
24.083,0.25,5.72304754154373e-20,-1.011201927501801e-20,0.04099942866928528,5.907350849298922e-19,2.7241822099949167e-18,-1.3257389876278937e-19,1.0,2548.991628428348,2548.991628428348,-2548.991628428348,-2548.991628428348,549.9999999999993,549.9999999999993,-549.9999999999993,-549.9999999999993
24.103,0.25,5.72304754154373e-20,-1.011201927501801e-20,0.04099942866928528,5.907350849298922e-19,2.7241822099949167e-18,-1.3257389876278937e-19,1.0,2559.9916284283518,2559.9916284283518,-2559.9916284283518,-2559.9916284283518,549.9999999999993,549.9999999999993,-549.9999999999993,-549.9999999999993
24.123,0.25,5.72304754154373e-20,-1.011201927501801e-20,0.04099942866928528,5.907350849298922e-19,2.7241822099949167e-18,-1.3257389876278937e-19,1.0,2570.9916284283554,2570.9916284283554,-2570.9916284283554,-2570.9916284283554,549.9999999999993,549.9999999999993,-549.9999999999993,-549.9999999999993
24.143,0.25,5.72304754154373e-20,-1.011201927501801e-20,0.04099942866928528,5.907350849298922e-19,2.7241822099949167e-18,-1.3257389876278937e-19,1.0,2581.991628428359,2581.991628428359,-2581.991628428359,-2581.991628428359,549.9999999999993,549.9999999999993,-549.9999999999993,-549.9999999999993
24.163,0.25,5.72304754154373e-20,-1.011201927501801e-20,0.04099942866928528,5.907350849298922e-19,2.7241822099949167e-18,-1.3257389876278937e-19,1.0,2592.9916284283627,2592.9916284283627,-2592.9916284283627,-2592.9916284283627,549.9999999999993,549.9999999999993,-549.9999999999993,-549.9999999999993
24.183,0.25,5.72304754154373e-20,-1.011201927501801e-20,0.04099942866928528,5.907350849298922e-19,2.7241822099949167e-18,-1.3257389876278937e-19,1.0,2603.9916284283663,2603.9916284283663,-2603.9916284283663,-2603.9916284283663,549.9999999999993,549.9999999999993,-549.9999999999993,-549.9999999999993
24.203,0.25,5.72304754154373e-20,-1.011201927501801e-20,0.04099942866928528,5.907350849298922e-19,2.7241822099949167e-18,-1.3257389876278937e-19,1.0,2614.99162842837,2614.99162842837,-2614.99162842837,-2614.99162842837,549.9999999999993,549.9999999999993,-549.9999999999993,-549.9999999999993
24.223,0.25,5.72304754154373e-20,-1.011201927501801e-20,0.04099942866928528,5.907350849298922e-19,2.7241822099949167e-18,-1.3257389876278937e-19,1.0,2625.9916284283736,2625.9916284283736,-2625.9916284283736,-2625.9916284283736,549.9999999999993,549.9999999999993,-549.9999999999993,-549.9999999999993
24.243,0.25,5.72304754154373e-20,-1.011201927501801e-20,0.04099942866928528,5.907350849298922e-19,2.7241822099949167e-18,-1.3257389876278937e-19,1.0,2636.991628428377,2636.991628428377,-2636.991628428377,-2636.991628428377,549.9999999999993,549.9999999999993,-549.9999999999993,-549.9999999999993
24.263,0.25,5.72304754154373e-20,-1.011201927501801e-20,0.04099942866928528,5.907350849298922e-19,2.7241822099949167e-18,-1.3257389876278937e-19,1.0,2647.991628428381,2647.991628428381,-2647.991628428381,-2647.991628428381,549.9999999999993,549.9999999999993,-549.9999999999993,-549.9999999999993
24.283,0.25,5.72304754154373e-20,-1.011201927501801e-20,0.04099942866928528,5.907350849298922e-19,2.7241822099949167e-18,-1.3257389876278937e-19,1.0,2658.9916284283845,2658.9916284283845,-2658.9916284283845,-2658.9916284283845,549.9999999999993,549.9999999999993,-549.9999999999993,-549.9999999999993
24.303,0.25,5.72304754154373e-20,-1.011201927501801e-20,0.04099942866928528,5.907350849298922e-19,2.7241822099949167e-18,-1.3257389876278937e-19,1.0,2669.991628428388,2669.991628428388,-2669.991628428388,-2669.991628428388,549.9999999999993,549.9999999999993,-549.9999999999993,-549.9999999999993
24.323,0.25,5.72304754154373e-20,-1.011201927501801e-20,0.04099942866928528,5.907350849298922e-19,2.7241822099949167e-18,-1.3257389876278937e-19,1.0,2680.991628428392,2680.991628428392,-2680.991628428392,-2680.991628428392,549.9999999999993,549.9999999999993,-549.9999999999993,-549.9999999999993
24.343,0.25,5.72304754154373e-20,-1.011201927501801e-20,0.04099942866928528,5.907350849298922e-19,2.7241822099949167e-18,-1.3257389876278937e-19,1.0,2691.9916284283954,2691.9916284283954,-2691.9916284283954,-2691.9916284283954,549.9999999999993,549.9999999999993,-549.9999999999993,-549.9999999999993
24.363,0.25,5.72304754154373e-20,-1.011201927501801e-20,0.04099942866928528,5.907350849298922e-19,2.7241822099949167e-18,-1.3257389876278937e-19,1.0,2702.991628428399,2702.991628428399,-2702.991628428399,-2702.991628428399,549.9999999999993,549.9999999999993,-549.9999999999993,-549.9999999999993
24.384,0.25,5.72304754154373e-20,-1.011201927501801e-20,0.04099942866928528,5.907350849298922e-19,2.7241822099949167e-18,-1.3257389876278937e-19,1.0,2713.9916284284027,2713.9916284284027,-2713.9916284284027,-2713.9916284284027,549.9999999999993,549.9999999999993,-549.9999999999993,-549.9999999999993
24.403,0.25,5.72304754154373e-20,-1.011201927501801e-20,0.04099942866928528,5.907350849298922e-19,2.7241822099949167e-18,-1.3257389876278937e-19,1.0,2724.9916284284063,2724.9916284284063,-2724.9916284284063,-2724.9916284284063,549.9999999999993,549.9999999999993,-549.9999999999993,-549.9999999999993
24.424,0.25,5.72304754154373e-20,-1.011201927501801e-20,0.04099942866928528,5.907350849298922e-19,2.7241822099949167e-18,-1.3257389876278937e-19,1.0,2735.99162842841,2735.99162842841,-2735.99162842841,-2735.99162842841,549.9999999999993,549.9999999999993,-549.9999999999993,-549.9999999999993
24.443,0.25,5.72304754154373e-20,-1.011201927501801e-20,0.04099942866928528,5.907350849298922e-19,2.7241822099949167e-18,-1.3257389876278937e-19,1.0,2746.9916284284136,2746.9916284284136,-2746.9916284284136,-2746.9916284284136,549.9999999999993,549.9999999999993,-549.9999999999993,-549.9999999999993
24.463,0.25,5.72304754154373e-20,-1.011201927501801e-20,0.04099942866928528,5.907350849298922e-19,2.7241822099949167e-18,-1.3257389876278937e-19,1.0,2757.9916284284172,2757.9916284284172,-2757.9916284284172,-2757.9916284284172,549.9999999999993,549.9999999999993,-549.9999999999993,-549.9999999999993
24.483,0.25,5.72304754154373e-20,-1.011201927501801e-20,0.04099942866928528,5.907350849298922e-19,2.7241822099949167e-18,-1.3257389876278937e-19,1.0,2768.991628428421,2768.991628428421,-2768.991628428421,-2768.991628428421,549.9999999999993,549.9999999999993,-549.9999999999993,-549.9999999999993
24.503,0.25,5.72304754154373e-20,-1.011201927501801e-20,0.04099942866928528,5.907350849298922e-19,2.7241822099949167e-18,-1.3257389876278937e-19,1.0,2779.9916284284245,2779.9916284284245,-2779.9916284284245,-2779.9916284284245,549.9999999999993,549.9999999999993,-549.9999999999993,-549.9999999999993
24.523,0.25,5.72304754154373e-20,-1.011201927501801e-20,0.04099942866928528,5.907350849298922e-19,2.7241822099949167e-18,-1.3257389876278937e-19,1.0,2790.991628428428,2790.991628428428,-2790.991628428428,-2790.991628428428,549.9999999999993,549.9999999999993,-549.9999999999993,-549.9999999999993
24.543,0.25,5.72304754154373e-20,-1.011201927501801e-20,0.04099942866928528,5.907350849298922e-19,2.7241822099949167e-18,-1.3257389876278937e-19,1.0,2801.991628428432,2801.991628428432,-2801.991628428432,-2801.991628428432,549.9999999999993,549.9999999999993,-549.9999999999993,-549.9999999999993
24.563,0.25,5.72304754154373e-20,-1.011201927501801e-20,0.04099942866928528,5.907350849298922e-19,2.7241822099949167e-18,-1.3257389876278937e-19,1.0,2812.9916284284354,2812.9916284284354,-2812.9916284284354,-2812.9916284284354,549.9999999999993,549.9999999999993,-549.9999999999993,-549.9999999999993
24.583,0.25,5.72304754154373e-20,-1.011201927501801e-20,0.04099942866928528,5.907350849298922e-19,2.7241822099949167e-18,-1.3257389876278937e-19,1.0,2823.991628428439,2823.991628428439,-2823.991628428439,-2823.991628428439,549.9999999999993,549.9999999999993,-549.9999999999993,-549.9999999999993
24.603,0.25,5.72304754154373e-20,-1.011201927501801e-20,0.04099942866928528,5.907350849298922e-19,2.7241822099949167e-18,-1.3257389876278937e-19,1.0,2834.9916284284427,2834.9916284284427,-2834.9916284284427,-2834.9916284284427,549.9999999999993,549.9999999999993,-549.9999999999993,-549.9999999999993
24.623,0.25,5.72304754154373e-20,-1.011201927501801e-20,0.04099942866928528,5.907350849298922e-19,2.7241822099949167e-18,-1.3257389876278937e-19,1.0,2845.9916284284463,2845.9916284284463,-2845.9916284284463,-2845.9916284284463,549.9999999999993,549.9999999999993,-549.9999999999993,-549.9999999999993
24.643,0.25,5.72304754154373e-20,-1.011201927501801e-20,0.04099942866928528,5.907350849298922e-19,2.7241822099949167e-18,-1.3257389876278937e-19,1.0,2856.99162842845,2856.99162842845,-2856.99162842845,-2856.99162842845,549.9999999999993,549.9999999999993,-549.9999999999993,-549.9999999999993
24.663,0.25,5.72304754154373e-20,-1.011201927501801e-20,0.04099942866928528,5.907350849298922e-19,2.7241822099949167e-18,-1.3257389876278937e-19,1.0,2867.9916284284536,2867.9916284284536,-2867.9916284284536,-2867.9916284284536,549.9999999999993,549.9999999999993,-549.9999999999993,-549.9999999999993
24.683,0.25,5.72304754154373e-20,-1.011201927501801e-20,0.04099942866928528,5.907350849298922e-19,2.7241822099949167e-18,-1.3257389876278937e-19,1.0,2878.9916284284573,2878.9916284284573,-2878.9916284284573,-2878.9916284284573,549.9999999999993,549.9999999999993,-549.9999999999993,-549.9999999999993
24.703,0.25,5.72304754154373e-20,-1.011201927501801e-20,0.04099942866928528,5.907350849298922e-19,2.7241822099949167e-18,-1.3257389876278937e-19,1.0,2889.991628428461,2889.991628428461,-2889.991628428461,-2889.991628428461,549.9999999999993,549.9999999999993,-549.9999999999993,-549.9999999999993
24.723,0.25,5.72304754154373e-20,-1.011201927501801e-20,0.04099942866928528,5.907350849298922e-19,2.7241822099949167e-18,-1.3257389876278937e-19,1.0,2900.9916284284645,2900.9916284284645,-2900.9916284284645,-2900.9916284284645,549.9999999999993,549.9999999999993,-549.9999999999993,-549.9999999999993
24.743,0.25,5.72304754154373e-20,-1.011201927501801e-20,0.04099942866928528,5.907350849298922e-19,2.7241822099949167e-18,-1.3257389876278937e-19,1.0,2911.991628428468,2911.991628428468,-2911.991628428468,-2911.991628428468,549.9999999999993,549.9999999999993,-549.9999999999993,-549.9999999999993
24.763,0.25,5.72304754154373e-20,-1.011201927501801e-20,0.04099942866928528,5.907350849298922e-19,2.7241822099949167e-18,-1.3257389876278937e-19,1.0,2922.991628428472,2922.991628428472,-2922.991628428472,-2922.991628428472,549.9999999999993,549.9999999999993,-549.9999999999993,-549.9999999999993
24.783,0.25,5.72304754154373e-20,-1.011201927501801e-20,0.04099942866928528,5.907350849298922e-19,2.7241822099949167e-18,-1.3257389876278937e-19,1.0,2933.9916284284755,2933.9916284284755,-2933.9916284284755,-2933.9916284284755,549.9999999999993,549.9999999999993,-549.9999999999993,-549.9999999999993
24.803,0.25,5.72304754154373e-20,-1.011201927501801e-20,0.04099942866928528,5.907350849298922e-19,2.7241822099949167e-18,-1.3257389876278937e-19,1.0,2944.991628428479,2944.991628428479,-2944.991628428479,-2944.991628428479,549.9999999999993,549.9999999999993,-549.9999999999993,-549.9999999999993
24.823,0.25,5.72304754154373e-20,-1.011201927501801e-20,0.04099942866928528,5.907350849298922e-19,2.7241822099949167e-18,-1.3257389876278937e-19,1.0,2955.9916284284827,2955.9916284284827,-2955.9916284284827,-2955.9916284284827,549.9999999999993,549.9999999999993,-549.9999999999993,-549.9999999999993
24.843,0.25,5.72304754154373e-20,-1.011201927501801e-20,0.04099942866928528,5.907350849298922e-19,2.7241822099949167e-18,-1.3257389876278937e-19,1.0,2966.9916284284864,2966.9916284284864,-2966.9916284284864,-2966.9916284284864,549.9999999999993,549.9999999999993,-549.9999999999993,-549.9999999999993
24.863,0.25,5.72304754154373e-20,-1.011201927501801e-20,0.04099942866928528,5.907350849298922e-19,2.7241822099949167e-18,-1.3257389876278937e-19,1.0,2977.99162842849,2977.99162842849,-2977.99162842849,-2977.99162842849,549.9999999999993,549.9999999999993,-549.9999999999993,-549.9999999999993
24.883,0.25,5.72304754154373e-20,-1.011201927501801e-20,0.04099942866928528,5.907350849298922e-19,2.7241822099949167e-18,-1.3257389876278937e-19,1.0,2988.9916284284936,2988.9916284284936,-2988.9916284284936,-2988.9916284284936,549.9999999999993,549.9999999999993,-549.9999999999993,-549.9999999999993
24.903,0.25,5.72304754154373e-20,-1.011201927501801e-20,0.04099942866928528,5.907350849298922e-19,2.7241822099949167e-18,-1.3257389876278937e-19,1.0,2999.9916284284973,2999.9916284284973,-2999.9916284284973,-2999.9916284284973,549.9999999999993,549.9999999999993,-549.9999999999993,-549.9999999999993
24.923000000000002,0.25,5.72304754154373e-20,-1.011201927501801e-20,0.04099942866928528,5.907350849298922e-19,2.7241822099949167e-18,-1.3257389876278937e-19,1.0,3010.991628428501,3010.991628428501,-3010.991628428501,-3010.991628428501,549.9999999999993,549.9999999999993,-549.9999999999993,-549.9999999999993
24.943,0.25,5.72304754154373e-20,-1.011201927501801e-20,0.04099942866928528,5.907350849298922e-19,2.7241822099949167e-18,-1.3257389876278937e-19,1.0,3021.9916284285046,3021.9916284285046,-3021.9916284285046,-3021.9916284285046,549.9999999999993,549.9999999999993,-549.9999999999993,-549.9999999999993
24.963,0.25,5.72304754154373e-20,-1.011201927501801e-20,0.04099942866928528,5.907350849298922e-19,2.7241822099949167e-18,-1.3257389876278937e-19,1.0,3032.991628428508,3032.991628428508,-3032.991628428508,-3032.991628428508,549.9999999999993,549.9999999999993,-549.9999999999993,-549.9999999999993
24.983,0.25,5.72304754154373e-20,-1.011201927501801e-20,0.04099942866928528,5.907350849298922e-19,2.7241822099949167e-18,-1.3257389876278937e-19,1.0,3043.991628428512,3043.991628428512,-3043.991628428512,-3043.991628428512,549.9999999999993,549.9999999999993,-549.9999999999993,-549.9999999999993
25.003,0.25,5.72304754154373e-20,-1.011201927501801e-20,0.04099942866928528,5.907350849298922e-19,2.7241822099949167e-18,-1.3257389876278937e-19,1.0,3054.9916284285155,3054.9916284285155,-3054.9916284285155,-3054.9916284285155,549.9999999999993,549.9999999999993,-549.9999999999993,-549.9999999999993
25.023,0.25,5.72304754154373e-20,-1.011201927501801e-20,0.04099942866928528,5.907350849298922e-19,2.7241822099949167e-18,-1.3257389876278937e-19,1.0,3065.991628428519,3065.991628428519,-3065.991628428519,-3065.991628428519,549.9999999999993,549.9999999999993,-549.9999999999993,-549.9999999999993
25.043,0.25,5.72304754154373e-20,-1.011201927501801e-20,0.04099942866928528,5.907350849298922e-19,2.7241822099949167e-18,-1.3257389876278937e-19,1.0,3076.9916284285227,3076.9916284285227,-3076.9916284285227,-3076.9916284285227,549.9999999999993,549.9999999999993,-549.9999999999993,-549.9999999999993
25.063,0.25,5.72304754154373e-20,-1.011201927501801e-20,0.04099942866928528,5.907350849298922e-19,2.7241822099949167e-18,-1.3257389876278937e-19,1.0,3087.9916284285264,3087.9916284285264,-3087.9916284285264,-3087.9916284285264,549.9999999999993,549.9999999999993,-549.9999999999993,-549.9999999999993
25.083,0.25,5.72304754154373e-20,-1.011201927501801e-20,0.04099942866928528,5.907350849298922e-19,2.7241822099949167e-18,-1.3257389876278937e-19,1.0,3098.99162842853,3098.99162842853,-3098.99162842853,-3098.99162842853,549.9999999999993,549.9999999999993,-549.9999999999993,-549.9999999999993
25.103,0.25,5.72304754154373e-20,-1.011201927501801e-20,0.04099942866928528,5.907350849298922e-19,2.7241822099949167e-18,-1.3257389876278937e-19,1.0,3109.9916284285337,3109.9916284285337,-3109.9916284285337,-3109.9916284285337,549.9999999999993,549.9999999999993,-549.9999999999993,-549.9999999999993
25.123,0.25,5.72304754154373e-20,-1.011201927501801e-20,0.04099942866928528,5.907350849298922e-19,2.7241822099949167e-18,-1.3257389876278937e-19,1.0,3120.9916284285373,3120.9916284285373,-3120.9916284285373,-3120.9916284285373,549.9999999999993,549.9999999999993,-549.9999999999993,-549.9999999999993
25.143,0.25,5.72304754154373e-20,-1.011201927501801e-20,0.04099942866928528,5.907350849298922e-19,2.7241822099949167e-18,-1.3257389876278937e-19,1.0,3131.991628428541,3131.991628428541,-3131.991628428541,-3131.991628428541,549.9999999999993,549.9999999999993,-549.9999999999993,-549.9999999999993
25.163,0.25,5.72304754154373e-20,-1.011201927501801e-20,0.04099942866928528,5.907350849298922e-19,2.7241822099949167e-18,-1.3257389876278937e-19,1.0,3142.9916284285446,3142.9916284285446,-3142.9916284285446,-3142.9916284285446,549.9999999999993,549.9999999999993,-549.9999999999993,-549.9999999999993
25.183,0.25,5.72304754154373e-20,-1.011201927501801e-20,0.04099942866928528,5.907350849298922e-19,2.7241822099949167e-18,-1.3257389876278937e-19,1.0,3153.991628428548,3153.991628428548,-3153.991628428548,-3153.991628428548,549.9999999999993,549.9999999999993,-549.9999999999993,-549.9999999999993
25.203,0.25,5.72304754154373e-20,-1.011201927501801e-20,0.04099942866928528,5.907350849298922e-19,2.7241822099949167e-18,-1.3257389876278937e-19,1.0,3164.991628428552,3164.991628428552,-3164.991628428552,-3164.991628428552,549.9999999999993,549.9999999999993,-549.9999999999993,-549.9999999999993
25.223,0.25,5.72304754154373e-20,-1.011201927501801e-20,0.04099942866928528,5.907350849298922e-19,2.7241822099949167e-18,-1.3257389876278937e-19,1.0,3175.9916284285555,3175.9916284285555,-3175.9916284285555,-3175.9916284285555,549.9999999999993,549.9999999999993,-549.9999999999993,-549.9999999999993
25.243,0.25,5.72304754154373e-20,-1.011201927501801e-20,0.04099942866928528,5.907350849298922e-19,2.7241822099949167e-18,-1.3257389876278937e-19,1.0,3186.991628428559,3186.991628428559,-3186.991628428559,-3186.991628428559,549.9999999999993,549.9999999999993,-549.9999999999993,-549.9999999999993
25.263,0.25,5.72304754154373e-20,-1.011201927501801e-20,0.04099942866928528,5.907350849298922e-19,2.7241822099949167e-18,-1.3257389876278937e-19,1.0,3197.9916284285628,3197.9916284285628,-3197.9916284285628,-3197.9916284285628,549.9999999999993,549.9999999999993,-549.9999999999993,-549.9999999999993
25.283,0.25,5.72304754154373e-20,-1.011201927501801e-20,0.04099942866928528,5.907350849298922e-19,2.7241822099949167e-18,-1.3257389876278937e-19,1.0,3208.9916284285664,3208.9916284285664,-3208.9916284285664,-3208.9916284285664,549.9999999999993,549.9999999999993,-549.9999999999993,-549.9999999999993
25.303,0.25,5.72304754154373e-20,-1.011201927501801e-20,0.04099942866928528,5.907350849298922e-19,2.7241822099949167e-18,-1.3257389876278937e-19,1.0,3219.99162842857,3219.99162842857,-3219.99162842857,-3219.99162842857,549.9999999999993,549.9999999999993,-549.9999999999993,-549.9999999999993
25.323,0.25,5.72304754154373e-20,-1.011201927501801e-20,0.04099942866928528,5.907350849298922e-19,2.7241822099949167e-18,-1.3257389876278937e-19,1.0,3230.9916284285737,3230.9916284285737,-3230.9916284285737,-3230.9916284285737,549.9999999999993,549.9999999999993,-549.9999999999993,-549.9999999999993
25.343,0.25,5.72304754154373e-20,-1.011201927501801e-20,0.04099942866928528,5.907350849298922e-19,2.7241822099949167e-18,-1.3257389876278937e-19,1.0,3241.9916284285773,3241.9916284285773,-3241.9916284285773,-3241.9916284285773,549.9999999999993,549.9999999999993,-549.9999999999993,-549.9999999999993
25.363,0.25,5.72304754154373e-20,-1.011201927501801e-20,0.04099942866928528,5.907350849298922e-19,2.7241822099949167e-18,-1.3257389876278937e-19,1.0,3252.991628428581,3252.991628428581,-3252.991628428581,-3252.991628428581,549.9999999999993,549.9999999999993,-549.9999999999993,-549.9999999999993
25.383,0.25,5.72304754154373e-20,-1.011201927501801e-20,0.04099942866928528,5.907350849298922e-19,2.7241822099949167e-18,-1.3257389876278937e-19,1.0,3263.9916284285846,3263.9916284285846,-3263.9916284285846,-3263.9916284285846,549.9999999999993,549.9999999999993,-549.9999999999993,-549.9999999999993
25.403,0.25,5.72304754154373e-20,-1.011201927501801e-20,0.04099942866928528,5.907350849298922e-19,2.7241822099949167e-18,-1.3257389876278937e-19,1.0,3274.9916284285882,3274.9916284285882,-3274.9916284285882,-3274.9916284285882,549.9999999999993,549.9999999999993,-549.9999999999993,-549.9999999999993
25.423000000000002,0.25,5.72304754154373e-20,-1.011201927501801e-20,0.04099942866928528,5.907350849298922e-19,2.7241822099949167e-18,-1.3257389876278937e-19,1.0,3285.991628428592,3285.991628428592,-3285.991628428592,-3285.991628428592,549.9999999999993,549.9999999999993,-549.9999999999993,-549.9999999999993
25.443,0.25,5.72304754154373e-20,-1.011201927501801e-20,0.04099942866928528,5.907350849298922e-19,2.7241822099949167e-18,-1.3257389876278937e-19,1.0,3296.9916284285955,3296.9916284285955,-3296.9916284285955,-3296.9916284285955,549.9999999999993,549.9999999999993,-549.9999999999993,-549.9999999999993
25.463,0.25,5.72304754154373e-20,-1.011201927501801e-20,0.04099942866928528,5.907350849298922e-19,2.7241822099949167e-18,-1.3257389876278937e-19,1.0,3307.991628428599,3307.991628428599,-3307.991628428599,-3307.991628428599,549.9999999999993,549.9999999999993,-549.9999999999993,-549.9999999999993
25.483,0.25,5.72304754154373e-20,-1.011201927501801e-20,0.04099942866928528,5.907350849298922e-19,2.7241822099949167e-18,-1.3257389876278937e-19,1.0,3318.991628428603,3318.991628428603,-3318.991628428603,-3318.991628428603,549.9999999999993,549.9999999999993,-549.9999999999993,-549.9999999999993
25.503,0.25,5.72304754154373e-20,-1.011201927501801e-20,0.04099942866928528,5.907350849298922e-19,2.7241822099949167e-18,-1.3257389876278937e-19,1.0,3329.9916284286064,3329.9916284286064,-3329.9916284286064,-3329.9916284286064,549.9999999999993,549.9999999999993,-549.9999999999993,-549.9999999999993
25.523,0.25,5.72304754154373e-20,-1.011201927501801e-20,0.04099942866928528,5.907350849298922e-19,2.7241822099949167e-18,-1.3257389876278937e-19,1.0,3340.99162842861,3340.99162842861,-3340.99162842861,-3340.99162842861,549.9999999999993,549.9999999999993,-549.9999999999993,-549.9999999999993
25.543,0.25,5.72304754154373e-20,-1.011201927501801e-20,0.04099942866928528,5.907350849298922e-19,2.7241822099949167e-18,-1.3257389876278937e-19,1.0,3351.9916284286137,3351.9916284286137,-3351.9916284286137,-3351.9916284286137,549.9999999999993,549.9999999999993,-549.9999999999993,-549.9999999999993
25.563,0.25,5.72304754154373e-20,-1.011201927501801e-20,0.04099942866928528,5.907350849298922e-19,2.7241822099949167e-18,-1.3257389876278937e-19,1.0,3362.9916284286173,3362.9916284286173,-3362.9916284286173,-3362.9916284286173,549.9999999999993,549.9999999999993,-549.9999999999993,-549.9999999999993
25.583,0.25,5.72304754154373e-20,-1.011201927501801e-20,0.04099942866928528,5.907350849298922e-19,2.7241822099949167e-18,-1.3257389876278937e-19,1.0,3373.991628428621,3373.991628428621,-3373.991628428621,-3373.991628428621,549.9999999999993,549.9999999999993,-549.9999999999993,-549.9999999999993
25.603,0.25,5.72304754154373e-20,-1.011201927501801e-20,0.04099942866928528,5.907350849298922e-19,2.7241822099949167e-18,-1.3257389876278937e-19,1.0,3384.9916284286246,3384.9916284286246,-3384.9916284286246,-3384.9916284286246,549.9999999999993,549.9999999999993,-549.9999999999993,-549.9999999999993
25.623,0.25,5.72304754154373e-20,-1.011201927501801e-20,0.04099942866928528,5.907350849298922e-19,2.7241822099949167e-18,-1.3257389876278937e-19,1.0,3395.9916284286282,3395.9916284286282,-3395.9916284286282,-3395.9916284286282,549.9999999999993,549.9999999999993,-549.9999999999993,-549.9999999999993
25.643,0.25,5.72304754154373e-20,-1.011201927501801e-20,0.04099942866928528,5.907350849298922e-19,2.7241822099949167e-18,-1.3257389876278937e-19,1.0,3406.991628428632,3406.991628428632,-3406.991628428632,-3406.991628428632,549.9999999999993,549.9999999999993,-549.9999999999993,-549.9999999999993
25.663,0.25,5.72304754154373e-20,-1.011201927501801e-20,0.04099942866928528,5.907350849298922e-19,2.7241822099949167e-18,-1.3257389876278937e-19,1.0,3417.9916284286355,3417.9916284286355,-3417.9916284286355,-3417.9916284286355,549.9999999999993,549.9999999999993,-549.9999999999993,-549.9999999999993
25.683,0.25,5.72304754154373e-20,-1.011201927501801e-20,0.04099942866928528,5.907350849298922e-19,2.7241822099949167e-18,-1.3257389876278937e-19,1.0,3428.991628428639,3428.991628428639,-3428.991628428639,-3428.991628428639,549.9999999999993,549.9999999999993,-549.9999999999993,-549.9999999999993
25.703,0.25,5.72304754154373e-20,-1.011201927501801e-20,0.04099942866928528,5.907350849298922e-19,2.7241822099949167e-18,-1.3257389876278937e-19,1.0,3439.991628428643,3439.991628428643,-3439.991628428643,-3439.991628428643,549.9999999999993,549.9999999999993,-549.9999999999993,-549.9999999999993
25.723,0.25,5.72304754154373e-20,-1.011201927501801e-20,0.04099942866928528,5.907350849298922e-19,2.7241822099949167e-18,-1.3257389876278937e-19,1.0,3450.9916284286464,3450.9916284286464,-3450.9916284286464,-3450.9916284286464,549.9999999999993,549.9999999999993,-549.9999999999993,-549.9999999999993
25.743,0.25,5.72304754154373e-20,-1.011201927501801e-20,0.04099942866928528,5.907350849298922e-19,2.7241822099949167e-18,-1.3257389876278937e-19,1.0,3461.99162842865,3461.99162842865,-3461.99162842865,-3461.99162842865,549.9999999999993,549.9999999999993,-549.9999999999993,-549.9999999999993
25.763,0.25,5.72304754154373e-20,-1.011201927501801e-20,0.04099942866928528,5.907350849298922e-19,2.7241822099949167e-18,-1.3257389876278937e-19,1.0,3472.9916284286537,3472.9916284286537,-3472.9916284286537,-3472.9916284286537,549.9999999999993,549.9999999999993,-549.9999999999993,-549.9999999999993
25.783,0.25,5.72304754154373e-20,-1.011201927501801e-20,0.04099942866928528,5.907350849298922e-19,2.7241822099949167e-18,-1.3257389876278937e-19,1.0,3483.9916284286574,3483.9916284286574,-3483.9916284286574,-3483.9916284286574,549.9999999999993,549.9999999999993,-549.9999999999993,-549.9999999999993
25.803,0.25,5.72304754154373e-20,-1.011201927501801e-20,0.04099942866928528,5.907350849298922e-19,2.7241822099949167e-18,-1.3257389876278937e-19,1.0,3494.991628428661,3494.991628428661,-3494.991628428661,-3494.991628428661,549.9999999999993,549.9999999999993,-549.9999999999993,-549.9999999999993
25.823,0.25,5.72304754154373e-20,-1.011201927501801e-20,0.04099942866928528,5.907350849298922e-19,2.7241822099949167e-18,-1.3257389876278937e-19,1.0,3505.9916284286646,3505.9916284286646,-3505.9916284286646,-3505.9916284286646,549.9999999999993,549.9999999999993,-549.9999999999993,-549.9999999999993
25.843,0.25,5.72304754154373e-20,-1.011201927501801e-20,0.04099942866928528,5.907350849298922e-19,2.7241822099949167e-18,-1.3257389876278937e-19,1.0,3516.9916284286683,3516.9916284286683,-3516.9916284286683,-3516.9916284286683,549.9999999999993,549.9999999999993,-549.9999999999993,-549.9999999999993
25.863,0.25,5.72304754154373e-20,-1.011201927501801e-20,0.04099942866928528,5.907350849298922e-19,2.7241822099949167e-18,-1.3257389876278937e-19,1.0,3527.991628428672,3527.991628428672,-3527.991628428672,-3527.991628428672,549.9999999999993,549.9999999999993,-549.9999999999993,-549.9999999999993
25.883,0.25,5.72304754154373e-20,-1.011201927501801e-20,0.04099942866928528,5.907350849298922e-19,2.7241822099949167e-18,-1.3257389876278937e-19,1.0,3538.9916284286755,3538.9916284286755,-3538.9916284286755,-3538.9916284286755,549.9999999999993,549.9999999999993,-549.9999999999993,-549.9999999999993
25.903,0.25,5.72304754154373e-20,-1.011201927501801e-20,0.04099942866928528,5.907350849298922e-19,2.7241822099949167e-18,-1.3257389876278937e-19,1.0,3549.991628428679,3549.991628428679,-3549.991628428679,-3549.991628428679,549.9999999999993,549.9999999999993,-549.9999999999993,-549.9999999999993
25.923000000000002,0.25,5.72304754154373e-20,-1.011201927501801e-20,0.04099942866928528,5.907350849298922e-19,2.7241822099949167e-18,-1.3257389876278937e-19,1.0,3560.991628428683,3560.991628428683,-3560.991628428683,-3560.991628428683,549.9999999999993,549.9999999999993,-549.9999999999993,-549.9999999999993
25.943,0.25,5.72304754154373e-20,-1.011201927501801e-20,0.04099942866928528,5.907350849298922e-19,2.7241822099949167e-18,-1.3257389876278937e-19,1.0,3571.9916284286865,3571.9916284286865,-3571.9916284286865,-3571.9916284286865,549.9999999999993,549.9999999999993,-549.9999999999993,-549.9999999999993
25.963,0.25,5.72304754154373e-20,-1.011201927501801e-20,0.04099942866928528,5.907350849298922e-19,2.7241822099949167e-18,-1.3257389876278937e-19,1.0,3582.99162842869,3582.99162842869,-3582.99162842869,-3582.99162842869,549.9999999999993,549.9999999999993,-549.9999999999993,-549.9999999999993
25.983,0.25,5.72304754154373e-20,-1.011201927501801e-20,0.04099942866928528,5.907350849298922e-19,2.7241822099949167e-18,-1.3257389876278937e-19,1.0,3593.9916284286937,3593.9916284286937,-3593.9916284286937,-3593.9916284286937,549.9999999999993,549.9999999999993,-549.9999999999993,-549.9999999999993
26.003,0.25,5.72304754154373e-20,-1.011201927501801e-20,0.04099942866928528,5.907350849298922e-19,2.7241822099949167e-18,-1.3257389876278937e-19,1.0,3604.9916284286974,3604.9916284286974,-3604.9916284286974,-3604.9916284286974,549.9999999999993,549.9999999999993,-549.9999999999993,-549.9999999999993
26.023,0.25,5.72304754154373e-20,-1.011201927501801e-20,0.04099942866928528,5.907350849298922e-19,2.7241822099949167e-18,-1.3257389876278937e-19,1.0,3615.991628428701,3615.991628428701,-3615.991628428701,-3615.991628428701,549.9999999999993,549.9999999999993,-549.9999999999993,-549.9999999999993
26.043,0.25,5.72304754154373e-20,-1.011201927501801e-20,0.04099942866928528,5.907350849298922e-19,2.7241822099949167e-18,-1.3257389876278937e-19,1.0,3626.9916284287046,3626.9916284287046,-3626.9916284287046,-3626.9916284287046,549.9999999999993,549.9999999999993,-549.9999999999993,-549.9999999999993
26.063,0.25,5.72304754154373e-20,-1.011201927501801e-20,0.04099942866928528,5.907350849298922e-19,2.7241822099949167e-18,-1.3257389876278937e-19,1.0,3637.9916284287083,3637.9916284287083,-3637.9916284287083,-3637.9916284287083,549.9999999999993,549.9999999999993,-549.9999999999993,-549.9999999999993
26.083,0.25,5.72304754154373e-20,-1.011201927501801e-20,0.04099942866928528,5.907350849298922e-19,2.7241822099949167e-18,-1.3257389876278937e-19,1.0,3648.991628428712,3648.991628428712,-3648.991628428712,-3648.991628428712,549.9999999999993,549.9999999999993,-549.9999999999993,-549.9999999999993
26.103,0.25,5.72304754154373e-20,-1.011201927501801e-20,0.04099942866928528,5.907350849298922e-19,2.7241822099949167e-18,-1.3257389876278937e-19,1.0,3659.9916284287156,3659.9916284287156,-3659.9916284287156,-3659.9916284287156,549.9999999999993,549.9999999999993,-549.9999999999993,-549.9999999999993
26.123,0.25,5.72304754154373e-20,-1.011201927501801e-20,0.04099942866928528,5.907350849298922e-19,2.7241822099949167e-18,-1.3257389876278937e-19,1.0,3670.991628428719,3670.991628428719,-3670.991628428719,-3670.991628428719,549.9999999999993,549.9999999999993,-549.9999999999993,-549.9999999999993
26.143,0.25,5.72304754154373e-20,-1.011201927501801e-20,0.04099942866928528,5.907350849298922e-19,2.7241822099949167e-18,-1.3257389876278937e-19,1.0,3681.991628428723,3681.991628428723,-3681.991628428723,-3681.991628428723,549.9999999999993,549.9999999999993,-549.9999999999993,-549.9999999999993
26.164,0.25,5.72304754154373e-20,-1.011201927501801e-20,0.04099942866928528,5.907350849298922e-19,2.7241822099949167e-18,-1.3257389876278937e-19,1.0,3692.9916284287265,3692.9916284287265,-3692.9916284287265,-3692.9916284287265,549.9999999999993,549.9999999999993,-549.9999999999993,-549.9999999999993
26.183,0.25,5.72304754154373e-20,-1.011201927501801e-20,0.04099942866928528,5.907350849298922e-19,2.7241822099949167e-18,-1.3257389876278937e-19,1.0,3703.99162842873,3703.99162842873,-3703.99162842873,-3703.99162842873,549.9999999999993,549.9999999999993,-549.9999999999993,-549.9999999999993
26.203,0.25,5.72304754154373e-20,-1.011201927501801e-20,0.04099942866928528,5.907350849298922e-19,2.7241822099949167e-18,-1.3257389876278937e-19,1.0,3714.9916284287337,3714.9916284287337,-3714.9916284287337,-3714.9916284287337,549.9999999999993,549.9999999999993,-549.9999999999993,-549.9999999999993
26.223,0.25,5.72304754154373e-20,-1.011201927501801e-20,0.04099942866928528,5.907350849298922e-19,2.7241822099949167e-18,-1.3257389876278937e-19,1.0,3725.9916284287374,3725.9916284287374,-3725.9916284287374,-3725.9916284287374,549.9999999999993,549.9999999999993,-549.9999999999993,-549.9999999999993
26.243,0.25,5.72304754154373e-20,-1.011201927501801e-20,0.04099942866928528,5.907350849298922e-19,2.7241822099949167e-18,-1.3257389876278937e-19,1.0,3736.991628428741,3736.991628428741,-3736.991628428741,-3736.991628428741,549.9999999999993,549.9999999999993,-549.9999999999993,-549.9999999999993
26.263,0.25,5.72304754154373e-20,-1.011201927501801e-20,0.04099942866928528,5.907350849298922e-19,2.7241822099949167e-18,-1.3257389876278937e-19,1.0,3747.9916284287447,3747.9916284287447,-3747.9916284287447,-3747.9916284287447,549.9999999999993,549.9999999999993,-549.9999999999993,-549.9999999999993
26.283,0.25,5.72304754154373e-20,-1.011201927501801e-20,0.04099942866928528,5.907350849298922e-19,2.7241822099949167e-18,-1.3257389876278937e-19,1.0,3758.9916284287483,3758.9916284287483,-3758.9916284287483,-3758.9916284287483,549.9999999999993,549.9999999999993,-549.9999999999993,-549.9999999999993
26.303,0.25,5.72304754154373e-20,-1.011201927501801e-20,0.04099942866928528,5.907350849298922e-19,2.7241822099949167e-18,-1.3257389876278937e-19,1.0,3769.991628428752,3769.991628428752,-3769.991628428752,-3769.991628428752,549.9999999999993,549.9999999999993,-549.9999999999993,-549.9999999999993
26.323,0.25,5.72304754154373e-20,-1.011201927501801e-20,0.04099942866928528,5.907350849298922e-19,2.7241822099949167e-18,-1.3257389876278937e-19,1.0,3780.9916284287556,3780.9916284287556,-3780.9916284287556,-3780.9916284287556,549.9999999999993,549.9999999999993,-549.9999999999993,-549.9999999999993
26.343,0.25,5.72304754154373e-20,-1.011201927501801e-20,0.04099942866928528,5.907350849298922e-19,2.7241822099949167e-18,-1.3257389876278937e-19,1.0,3791.991628428759,3791.991628428759,-3791.991628428759,-3791.991628428759,549.9999999999993,549.9999999999993,-549.9999999999993,-549.9999999999993
26.363,0.25,5.72304754154373e-20,-1.011201927501801e-20,0.04099942866928528,5.907350849298922e-19,2.7241822099949167e-18,-1.3257389876278937e-19,1.0,3802.991628428763,3802.991628428763,-3802.991628428763,-3802.991628428763,549.9999999999993,549.9999999999993,-549.9999999999993,-549.9999999999993
26.383,0.25,5.72304754154373e-20,-1.011201927501801e-20,0.04099942866928528,5.907350849298922e-19,2.7241822099949167e-18,-1.3257389876278937e-19,1.0,3813.9916284287665,3813.9916284287665,-3813.9916284287665,-3813.9916284287665,549.9999999999993,549.9999999999993,-549.9999999999993,-549.9999999999993
26.403,0.25,5.72304754154373e-20,-1.011201927501801e-20,0.04099942866928528,5.907350849298922e-19,2.7241822099949167e-18,-1.3257389876278937e-19,1.0,3824.99162842877,3824.99162842877,-3824.99162842877,-3824.99162842877,549.9999999999993,549.9999999999993,-549.9999999999993,-549.9999999999993
26.423000000000002,0.25,5.72304754154373e-20,-1.011201927501801e-20,0.04099942866928528,5.907350849298922e-19,2.7241822099949167e-18,-1.3257389876278937e-19,1.0,3835.9916284287738,3835.9916284287738,-3835.9916284287738,-3835.9916284287738,549.9999999999993,549.9999999999993,-549.9999999999993,-549.9999999999993
26.443,0.25,5.72304754154373e-20,-1.011201927501801e-20,0.04099942866928528,5.907350849298922e-19,2.7241822099949167e-18,-1.3257389876278937e-19,1.0,3846.9916284287774,3846.9916284287774,-3846.9916284287774,-3846.9916284287774,549.9999999999993,549.9999999999993,-549.9999999999993,-549.9999999999993
26.463,0.25,5.72304754154373e-20,-1.011201927501801e-20,0.04099942866928528,5.907350849298922e-19,2.7241822099949167e-18,-1.3257389876278937e-19,1.0,3857.991628428781,3857.991628428781,-3857.991628428781,-3857.991628428781,549.9999999999993,549.9999999999993,-549.9999999999993,-549.9999999999993
26.483,0.25,5.72304754154373e-20,-1.011201927501801e-20,0.04099942866928528,5.907350849298922e-19,2.7241822099949167e-18,-1.3257389876278937e-19,1.0,3868.9916284287847,3868.9916284287847,-3868.9916284287847,-3868.9916284287847,549.9999999999993,549.9999999999993,-549.9999999999993,-549.9999999999993
26.503,0.25,5.72304754154373e-20,-1.011201927501801e-20,0.04099942866928528,5.907350849298922e-19,2.7241822099949167e-18,-1.3257389876278937e-19,1.0,3879.9916284287883,3879.9916284287883,-3879.9916284287883,-3879.9916284287883,549.9999999999993,549.9999999999993,-549.9999999999993,-549.9999999999993
26.524,0.25,5.72304754154373e-20,-1.011201927501801e-20,0.04099942866928528,5.907350849298922e-19,2.7241822099949167e-18,-1.3257389876278937e-19,1.0,3890.991628428792,3890.991628428792,-3890.991628428792,-3890.991628428792,549.9999999999993,549.9999999999993,-549.9999999999993,-549.9999999999993
26.543,0.25,5.72304754154373e-20,-1.011201927501801e-20,0.04099942866928528,5.907350849298922e-19,2.7241822099949167e-18,-1.3257389876278937e-19,1.0,3901.9916284287956,3901.9916284287956,-3901.9916284287956,-3901.9916284287956,549.9999999999993,549.9999999999993,-549.9999999999993,-549.9999999999993
26.563,0.25,5.72304754154373e-20,-1.011201927501801e-20,0.04099942866928528,5.907350849298922e-19,2.7241822099949167e-18,-1.3257389876278937e-19,1.0,3912.9916284287992,3912.9916284287992,-3912.9916284287992,-3912.9916284287992,549.9999999999993,549.9999999999993,-549.9999999999993,-549.9999999999993
26.583,0.25,5.72304754154373e-20,-1.011201927501801e-20,0.04099942866928528,5.907350849298922e-19,2.7241822099949167e-18,-1.3257389876278937e-19,1.0,3923.991628428803,3923.991628428803,-3923.991628428803,-3923.991628428803,549.9999999999993,549.9999999999993,-549.9999999999993,-549.9999999999993
26.603,0.25,5.72304754154373e-20,-1.011201927501801e-20,0.04099942866928528,5.907350849298922e-19,2.7241822099949167e-18,-1.3257389876278937e-19,1.0,3934.9916284288065,3934.9916284288065,-3934.9916284288065,-3934.9916284288065,549.9999999999993,549.9999999999993,-549.9999999999993,-549.9999999999993
26.623,0.25,5.72304754154373e-20,-1.011201927501801e-20,0.04099942866928528,5.907350849298922e-19,2.7241822099949167e-18,-1.3257389876278937e-19,1.0,3945.99162842881,3945.99162842881,-3945.99162842881,-3945.99162842881,549.9999999999993,549.9999999999993,-549.9999999999993,-549.9999999999993
26.643,0.25,5.72304754154373e-20,-1.011201927501801e-20,0.04099942866928528,5.907350849298922e-19,2.7241822099949167e-18,-1.3257389876278937e-19,1.0,3956.991628428814,3956.991628428814,-3956.991628428814,-3956.991628428814,549.9999999999993,549.9999999999993,-549.9999999999993,-549.9999999999993
26.663,0.25,5.72304754154373e-20,-1.011201927501801e-20,0.04099942866928528,5.907350849298922e-19,2.7241822099949167e-18,-1.3257389876278937e-19,1.0,3967.9916284288174,3967.9916284288174,-3967.9916284288174,-3967.9916284288174,549.9999999999993,549.9999999999993,-549.9999999999993,-549.9999999999993
26.683,0.25,5.72304754154373e-20,-1.011201927501801e-20,0.04099942866928528,5.907350849298922e-19,2.7241822099949167e-18,-1.3257389876278937e-19,1.0,3978.991628428821,3978.991628428821,-3978.991628428821,-3978.991628428821,549.9999999999993,549.9999999999993,-549.9999999999993,-549.9999999999993
26.703,0.25,5.72304754154373e-20,-1.011201927501801e-20,0.04099942866928528,5.907350849298922e-19,2.7241822099949167e-18,-1.3257389876278937e-19,1.0,3989.9916284288247,3989.9916284288247,-3989.9916284288247,-3989.9916284288247,549.9999999999993,549.9999999999993,-549.9999999999993,-549.9999999999993
26.723,0.25,5.72304754154373e-20,-1.011201927501801e-20,0.04099942866928528,5.907350849298922e-19,2.7241822099949167e-18,-1.3257389876278937e-19,1.0,4000.9916284288283,4000.9916284288283,-4000.9916284288283,-4000.9916284288283,549.9999999999993,549.9999999999993,-549.9999999999993,-549.9999999999993
26.743,0.25,5.72304754154373e-20,-1.011201927501801e-20,0.04099942866928528,5.907350849298922e-19,2.7241822099949167e-18,-1.3257389876278937e-19,1.0,4011.991628428832,4011.991628428832,-4011.991628428832,-4011.991628428832,549.9999999999993,549.9999999999993,-549.9999999999993,-549.9999999999993
26.763,0.25,5.72304754154373e-20,-1.011201927501801e-20,0.04099942866928528,5.907350849298922e-19,2.7241822099949167e-18,-1.3257389876278937e-19,1.0,4022.9916284288356,4022.9916284288356,-4022.9916284288356,-4022.9916284288356,549.9999999999993,549.9999999999993,-549.9999999999993,-549.9999999999993
26.783,0.25,5.72304754154373e-20,-1.011201927501801e-20,0.04099942866928528,5.907350849298922e-19,2.7241822099949167e-18,-1.3257389876278937e-19,1.0,4033.9916284288392,4033.9916284288392,-4033.9916284288392,-4033.9916284288392,549.9999999999993,549.9999999999993,-549.9999999999993,-549.9999999999993
26.803,0.25,5.72304754154373e-20,-1.011201927501801e-20,0.04099942866928528,5.907350849298922e-19,2.7241822099949167e-18,-1.3257389876278937e-19,1.0,4044.991628428843,4044.991628428843,-4044.991628428843,-4044.991628428843,549.9999999999993,549.9999999999993,-549.9999999999993,-549.9999999999993
26.823,0.25,5.72304754154373e-20,-1.011201927501801e-20,0.04099942866928528,5.907350849298922e-19,2.7241822099949167e-18,-1.3257389876278937e-19,1.0,4055.9916284288465,4055.9916284288465,-4055.9916284288465,-4055.9916284288465,549.9999999999993,549.9999999999993,-549.9999999999993,-549.9999999999993
26.843,0.25,5.72304754154373e-20,-1.011201927501801e-20,0.04099942866928528,5.907350849298922e-19,2.7241822099949167e-18,-1.3257389876278937e-19,1.0,4066.99162842885,4066.99162842885,-4066.99162842885,-4066.99162842885,549.9999999999993,549.9999999999993,-549.9999999999993,-549.9999999999993
26.863,0.25,5.72304754154373e-20,-1.011201927501801e-20,0.04099942866928528,5.907350849298922e-19,2.7241822099949167e-18,-1.3257389876278937e-19,1.0,4077.991628428854,4077.991628428854,-4077.991628428854,-4077.991628428854,549.9999999999993,549.9999999999993,-549.9999999999993,-549.9999999999993
26.883,0.25,5.72304754154373e-20,-1.011201927501801e-20,0.04099942866928528,5.907350849298922e-19,2.7241822099949167e-18,-1.3257389876278937e-19,1.0,4088.9916284288574,4088.9916284288574,-4088.9916284288574,-4088.9916284288574,549.9999999999993,549.9999999999993,-549.9999999999993,-549.9999999999993
26.903,0.25,5.72304754154373e-20,-1.011201927501801e-20,0.04099942866928528,5.907350849298922e-19,2.7241822099949167e-18,-1.3257389876278937e-19,1.0,4099.991628428861,4099.991628428861,-4099.991628428861,-4099.991628428861,549.9999999999993,549.9999999999993,-549.9999999999993,-549.9999999999993
26.923000000000002,0.25,5.72304754154373e-20,-1.011201927501801e-20,0.04099942866928528,5.907350849298922e-19,2.7241822099949167e-18,-1.3257389876278937e-19,1.0,4110.991628428865,4110.991628428865,-4110.991628428865,-4110.991628428865,549.9999999999993,549.9999999999993,-549.9999999999993,-549.9999999999993
26.943,0.25,5.72304754154373e-20,-1.011201927501801e-20,0.04099942866928528,5.907350849298922e-19,2.7241822099949167e-18,-1.3257389876278937e-19,1.0,4121.991628428868,4121.991628428868,-4121.991628428868,-4121.991628428868,549.9999999999993,549.9999999999993,-549.9999999999993,-549.9999999999993
26.963,0.25,5.72304754154373e-20,-1.011201927501801e-20,0.04099942866928528,5.907350849298922e-19,2.7241822099949167e-18,-1.3257389876278937e-19,1.0,4132.991628428872,4132.991628428872,-4132.991628428872,-4132.991628428872,549.9999999999993,549.9999999999993,-549.9999999999993,-549.9999999999993
26.983,0.25,5.72304754154373e-20,-1.011201927501801e-20,0.04099942866928528,5.907350849298922e-19,2.7241822099949167e-18,-1.3257389876278937e-19,1.0,4143.991628428876,4143.991628428876,-4143.991628428876,-4143.991628428876,549.9999999999993,549.9999999999993,-549.9999999999993,-549.9999999999993
27.003,0.25,5.72304754154373e-20,-1.011201927501801e-20,0.04099942866928528,5.907350849298922e-19,2.7241822099949167e-18,-1.3257389876278937e-19,1.0,4154.991628428879,4154.991628428879,-4154.991628428879,-4154.991628428879,549.9999999999993,549.9999999999993,-549.9999999999993,-549.9999999999993
27.024,0.25,5.72304754154373e-20,-1.011201927501801e-20,0.04099942866928528,5.907350849298922e-19,2.7241822099949167e-18,-1.3257389876278937e-19,1.0,4165.991628428883,4165.991628428883,-4165.991628428883,-4165.991628428883,549.9999999999993,549.9999999999993,-549.9999999999993,-549.9999999999993
27.043,0.25,5.72304754154373e-20,-1.011201927501801e-20,0.04099942866928528,5.907350849298922e-19,2.7241822099949167e-18,-1.3257389876278937e-19,1.0,4176.9916284288865,4176.9916284288865,-4176.9916284288865,-4176.9916284288865,549.9999999999993,549.9999999999993,-549.9999999999993,-549.9999999999993
27.063,0.25,5.72304754154373e-20,-1.011201927501801e-20,0.04099942866928528,5.907350849298922e-19,2.7241822099949167e-18,-1.3257389876278937e-19,1.0,4187.99162842889,4187.99162842889,-4187.99162842889,-4187.99162842889,549.9999999999993,549.9999999999993,-549.9999999999993,-549.9999999999993
27.083,0.25,5.72304754154373e-20,-1.011201927501801e-20,0.04099942866928528,5.907350849298922e-19,2.7241822099949167e-18,-1.3257389876278937e-19,1.0,4198.991628428894,4198.991628428894,-4198.991628428894,-4198.991628428894,549.9999999999993,549.9999999999993,-549.9999999999993,-549.9999999999993
27.104,0.25,5.72304754154373e-20,-1.011201927501801e-20,0.04099942866928528,5.907350849298922e-19,2.7241822099949167e-18,-1.3257389876278937e-19,1.0,4209.9916284288975,4209.9916284288975,-4209.9916284288975,-4209.9916284288975,549.9999999999993,549.9999999999993,-549.9999999999993,-549.9999999999993
27.123,0.25,5.72304754154373e-20,-1.011201927501801e-20,0.04099942866928528,5.907350849298922e-19,2.7241822099949167e-18,-1.3257389876278937e-19,1.0,4220.991628428901,4220.991628428901,-4220.991628428901,-4220.991628428901,549.9999999999993,549.9999999999993,-549.9999999999993,-549.9999999999993
27.143,0.25,5.72304754154373e-20,-1.011201927501801e-20,0.04099942866928528,5.907350849298922e-19,2.7241822099949167e-18,-1.3257389876278937e-19,1.0,4231.991628428905,4231.991628428905,-4231.991628428905,-4231.991628428905,549.9999999999993,549.9999999999993,-549.9999999999993,-549.9999999999993
27.163,0.25,5.72304754154373e-20,-1.011201927501801e-20,0.04099942866928528,5.907350849298922e-19,2.7241822099949167e-18,-1.3257389876278937e-19,1.0,4242.991628428908,4242.991628428908,-4242.991628428908,-4242.991628428908,549.9999999999993,549.9999999999993,-549.9999999999993,-549.9999999999993
27.183,0.25,5.72304754154373e-20,-1.011201927501801e-20,0.04099942866928528,5.907350849298922e-19,2.7241822099949167e-18,-1.3257389876278937e-19,1.0,4253.991628428912,4253.991628428912,-4253.991628428912,-4253.991628428912,549.9999999999993,549.9999999999993,-549.9999999999993,-549.9999999999993
27.203,0.25,5.72304754154373e-20,-1.011201927501801e-20,0.04099942866928528,5.907350849298922e-19,2.7241822099949167e-18,-1.3257389876278937e-19,1.0,4264.991628428916,4264.991628428916,-4264.991628428916,-4264.991628428916,549.9999999999993,549.9999999999993,-549.9999999999993,-549.9999999999993
27.223,0.25,5.72304754154373e-20,-1.011201927501801e-20,0.04099942866928528,5.907350849298922e-19,2.7241822099949167e-18,-1.3257389876278937e-19,1.0,4275.991628428919,4275.991628428919,-4275.991628428919,-4275.991628428919,549.9999999999993,549.9999999999993,-549.9999999999993,-549.9999999999993
27.243,0.25,5.72304754154373e-20,-1.011201927501801e-20,0.04099942866928528,5.907350849298922e-19,2.7241822099949167e-18,-1.3257389876278937e-19,1.0,4286.991628428923,4286.991628428923,-4286.991628428923,-4286.991628428923,549.9999999999993,549.9999999999993,-549.9999999999993,-549.9999999999993
27.263,0.25,5.72304754154373e-20,-1.011201927501801e-20,0.04099942866928528,5.907350849298922e-19,2.7241822099949167e-18,-1.3257389876278937e-19,1.0,4297.991628428927,4297.991628428927,-4297.991628428927,-4297.991628428927,549.9999999999993,549.9999999999993,-549.9999999999993,-549.9999999999993
27.283,0.25,5.72304754154373e-20,-1.011201927501801e-20,0.04099942866928528,5.907350849298922e-19,2.7241822099949167e-18,-1.3257389876278937e-19,1.0,4308.99162842893,4308.99162842893,-4308.99162842893,-4308.99162842893,549.9999999999993,549.9999999999993,-549.9999999999993,-549.9999999999993
27.303,0.25,5.72304754154373e-20,-1.011201927501801e-20,0.04099942866928528,5.907350849298922e-19,2.7241822099949167e-18,-1.3257389876278937e-19,1.0,4319.991628428934,4319.991628428934,-4319.991628428934,-4319.991628428934,549.9999999999993,549.9999999999993,-549.9999999999993,-549.9999999999993
27.323,0.25,5.72304754154373e-20,-1.011201927501801e-20,0.04099942866928528,5.907350849298922e-19,2.7241822099949167e-18,-1.3257389876278937e-19,1.0,4330.9916284289375,4330.9916284289375,-4330.9916284289375,-4330.9916284289375,549.9999999999993,549.9999999999993,-549.9999999999993,-549.9999999999993
27.343,0.25,5.72304754154373e-20,-1.011201927501801e-20,0.04099942866928528,5.907350849298922e-19,2.7241822099949167e-18,-1.3257389876278937e-19,1.0,4341.991628428941,4341.991628428941,-4341.991628428941,-4341.991628428941,549.9999999999993,549.9999999999993,-549.9999999999993,-549.9999999999993
27.363,0.25,5.72304754154373e-20,-1.011201927501801e-20,0.04099942866928528,5.907350849298922e-19,2.7241822099949167e-18,-1.3257389876278937e-19,1.0,4352.991628428945,4352.991628428945,-4352.991628428945,-4352.991628428945,549.9999999999993,549.9999999999993,-549.9999999999993,-549.9999999999993
27.383,0.25,5.72304754154373e-20,-1.011201927501801e-20,0.04099942866928528,5.907350849298922e-19,2.7241822099949167e-18,-1.3257389876278937e-19,1.0,4363.991628428948,4363.991628428948,-4363.991628428948,-4363.991628428948,549.9999999999993,549.9999999999993,-549.9999999999993,-549.9999999999993
27.403,0.25,5.72304754154373e-20,-1.011201927501801e-20,0.04099942866928528,5.907350849298922e-19,2.7241822099949167e-18,-1.3257389876278937e-19,1.0,4374.991628428952,4374.991628428952,-4374.991628428952,-4374.991628428952,549.9999999999993,549.9999999999993,-549.9999999999993,-549.9999999999993
27.423000000000002,0.25,5.72304754154373e-20,-1.011201927501801e-20,0.04099942866928528,5.907350849298922e-19,2.7241822099949167e-18,-1.3257389876278937e-19,1.0,4385.991628428956,4385.991628428956,-4385.991628428956,-4385.991628428956,549.9999999999993,549.9999999999993,-549.9999999999993,-549.9999999999993
27.443,0.25,5.72304754154373e-20,-1.011201927501801e-20,0.04099942866928528,5.907350849298922e-19,2.7241822099949167e-18,-1.3257389876278937e-19,1.0,4396.991628428959,4396.991628428959,-4396.991628428959,-4396.991628428959,549.9999999999993,549.9999999999993,-549.9999999999993,-549.9999999999993
27.463,0.25,5.72304754154373e-20,-1.011201927501801e-20,0.04099942866928528,5.907350849298922e-19,2.7241822099949167e-18,-1.3257389876278937e-19,1.0,4407.991628428963,4407.991628428963,-4407.991628428963,-4407.991628428963,549.9999999999993,549.9999999999993,-549.9999999999993,-549.9999999999993
27.483,0.25,5.72304754154373e-20,-1.011201927501801e-20,0.04099942866928528,5.907350849298922e-19,2.7241822099949167e-18,-1.3257389876278937e-19,1.0,4418.991628428967,4418.991628428967,-4418.991628428967,-4418.991628428967,549.9999999999993,549.9999999999993,-549.9999999999993,-549.9999999999993
27.503,0.25,5.72304754154373e-20,-1.011201927501801e-20,0.04099942866928528,5.907350849298922e-19,2.7241822099949167e-18,-1.3257389876278937e-19,1.0,4429.99162842897,4429.99162842897,-4429.99162842897,-4429.99162842897,549.9999999999993,549.9999999999993,-549.9999999999993,-549.9999999999993
27.523,0.25,5.72304754154373e-20,-1.011201927501801e-20,0.04099942866928528,5.907350849298922e-19,2.7241822099949167e-18,-1.3257389876278937e-19,1.0,4440.991628428974,4440.991628428974,-4440.991628428974,-4440.991628428974,549.9999999999993,549.9999999999993,-549.9999999999993,-549.9999999999993
27.543,0.25,5.72304754154373e-20,-1.011201927501801e-20,0.04099942866928528,5.907350849298922e-19,2.7241822099949167e-18,-1.3257389876278937e-19,1.0,4451.9916284289775,4451.9916284289775,-4451.9916284289775,-4451.9916284289775,549.9999999999993,549.9999999999993,-549.9999999999993,-549.9999999999993
27.563,0.25,5.72304754154373e-20,-1.011201927501801e-20,0.04099942866928528,5.907350849298922e-19,2.7241822099949167e-18,-1.3257389876278937e-19,1.0,4462.991628428981,4462.991628428981,-4462.991628428981,-4462.991628428981,549.9999999999993,549.9999999999993,-549.9999999999993,-549.9999999999993
27.583,0.25,5.72304754154373e-20,-1.011201927501801e-20,0.04099942866928528,5.907350849298922e-19,2.7241822099949167e-18,-1.3257389876278937e-19,1.0,4473.991628428985,4473.991628428985,-4473.991628428985,-4473.991628428985,549.9999999999993,549.9999999999993,-549.9999999999993,-549.9999999999993
27.603,0.25,5.72304754154373e-20,-1.011201927501801e-20,0.04099942866928528,5.907350849298922e-19,2.7241822099949167e-18,-1.3257389876278937e-19,1.0,4484.991628428988,4484.991628428988,-4484.991628428988,-4484.991628428988,549.9999999999993,549.9999999999993,-549.9999999999993,-549.9999999999993
27.623,0.25,5.72304754154373e-20,-1.011201927501801e-20,0.04099942866928528,5.907350849298922e-19,2.7241822099949167e-18,-1.3257389876278937e-19,1.0,4495.991628428992,4495.991628428992,-4495.991628428992,-4495.991628428992,549.9999999999993,549.9999999999993,-549.9999999999993,-549.9999999999993
27.643,0.25,5.72304754154373e-20,-1.011201927501801e-20,0.04099942866928528,5.907350849298922e-19,2.7241822099949167e-18,-1.3257389876278937e-19,1.0,4506.991628428996,4506.991628428996,-4506.991628428996,-4506.991628428996,549.9999999999993,549.9999999999993,-549.9999999999993,-549.9999999999993
27.663,0.25,5.72304754154373e-20,-1.011201927501801e-20,0.04099942866928528,5.907350849298922e-19,2.7241822099949167e-18,-1.3257389876278937e-19,1.0,4517.991628428999,4517.991628428999,-4517.991628428999,-4517.991628428999,549.9999999999993,549.9999999999993,-549.9999999999993,-549.9999999999993
27.683,0.25,5.72304754154373e-20,-1.011201927501801e-20,0.04099942866928528,5.907350849298922e-19,2.7241822099949167e-18,-1.3257389876278937e-19,1.0,4528.991628429003,4528.991628429003,-4528.991628429003,-4528.991628429003,549.9999999999993,549.9999999999993,-549.9999999999993,-549.9999999999993
27.703,0.25,5.72304754154373e-20,-1.011201927501801e-20,0.04099942866928528,5.907350849298922e-19,2.7241822099949167e-18,-1.3257389876278937e-19,1.0,4539.991628429007,4539.991628429007,-4539.991628429007,-4539.991628429007,549.9999999999993,549.9999999999993,-549.9999999999993,-549.9999999999993
27.723,0.25,5.72304754154373e-20,-1.011201927501801e-20,0.04099942866928528,5.907350849298922e-19,2.7241822099949167e-18,-1.3257389876278937e-19,1.0,4550.99162842901,4550.99162842901,-4550.99162842901,-4550.99162842901,549.9999999999993,549.9999999999993,-549.9999999999993,-549.9999999999993
27.743,0.25,5.72304754154373e-20,-1.011201927501801e-20,0.04099942866928528,5.907350849298922e-19,2.7241822099949167e-18,-1.3257389876278937e-19,1.0,4561.991628429014,4561.991628429014,-4561.991628429014,-4561.991628429014,549.9999999999993,549.9999999999993,-549.9999999999993,-549.9999999999993
27.763,0.25,5.72304754154373e-20,-1.011201927501801e-20,0.04099942866928528,5.907350849298922e-19,2.7241822099949167e-18,-1.3257389876278937e-19,1.0,4572.9916284290175,4572.9916284290175,-4572.9916284290175,-4572.9916284290175,549.9999999999993,549.9999999999993,-549.9999999999993,-549.9999999999993
27.783,0.25,5.72304754154373e-20,-1.011201927501801e-20,0.04099942866928528,5.907350849298922e-19,2.7241822099949167e-18,-1.3257389876278937e-19,1.0,4583.991628429021,4583.991628429021,-4583.991628429021,-4583.991628429021,549.9999999999993,549.9999999999993,-549.9999999999993,-549.9999999999993
27.803,0.25,5.72304754154373e-20,-1.011201927501801e-20,0.04099942866928528,5.907350849298922e-19,2.7241822099949167e-18,-1.3257389876278937e-19,1.0,4594.991628429025,4594.991628429025,-4594.991628429025,-4594.991628429025,549.9999999999993,549.9999999999993,-549.9999999999993,-549.9999999999993
27.823,0.25,5.72304754154373e-20,-1.011201927501801e-20,0.04099942866928528,5.907350849298922e-19,2.7241822099949167e-18,-1.3257389876278937e-19,1.0,4605.991628429028,4605.991628429028,-4605.991628429028,-4605.991628429028,549.9999999999993,549.9999999999993,-549.9999999999993,-549.9999999999993
27.843,0.25,5.72304754154373e-20,-1.011201927501801e-20,0.04099942866928528,5.907350849298922e-19,2.7241822099949167e-18,-1.3257389876278937e-19,1.0,4616.991628429032,4616.991628429032,-4616.991628429032,-4616.991628429032,549.9999999999993,549.9999999999993,-549.9999999999993,-549.9999999999993
27.863,0.25,5.72304754154373e-20,-1.011201927501801e-20,0.04099942866928528,5.907350849298922e-19,2.7241822099949167e-18,-1.3257389876278937e-19,1.0,4627.991628429036,4627.991628429036,-4627.991628429036,-4627.991628429036,549.9999999999993,549.9999999999993,-549.9999999999993,-549.9999999999993
27.883,0.25,5.72304754154373e-20,-1.011201927501801e-20,0.04099942866928528,5.907350849298922e-19,2.7241822099949167e-18,-1.3257389876278937e-19,1.0,4638.991628429039,4638.991628429039,-4638.991628429039,-4638.991628429039,549.9999999999993,549.9999999999993,-549.9999999999993,-549.9999999999993
27.903,0.25,5.72304754154373e-20,-1.011201927501801e-20,0.04099942866928528,5.907350849298922e-19,2.7241822099949167e-18,-1.3257389876278937e-19,1.0,4649.991628429043,4649.991628429043,-4649.991628429043,-4649.991628429043,549.9999999999993,549.9999999999993,-549.9999999999993,-549.9999999999993
27.923000000000002,0.25,5.72304754154373e-20,-1.011201927501801e-20,0.04099942866928528,5.907350849298922e-19,2.7241822099949167e-18,-1.3257389876278937e-19,1.0,4660.991628429047,4660.991628429047,-4660.991628429047,-4660.991628429047,549.9999999999993,549.9999999999993,-549.9999999999993,-549.9999999999993
27.943,0.25,5.72304754154373e-20,-1.011201927501801e-20,0.04099942866928528,5.907350849298922e-19,2.7241822099949167e-18,-1.3257389876278937e-19,1.0,4671.99162842905,4671.99162842905,-4671.99162842905,-4671.99162842905,549.9999999999993,549.9999999999993,-549.9999999999993,-549.9999999999993
27.963,0.25,5.72304754154373e-20,-1.011201927501801e-20,0.04099942866928528,5.907350849298922e-19,2.7241822099949167e-18,-1.3257389876278937e-19,1.0,4682.991628429054,4682.991628429054,-4682.991628429054,-4682.991628429054,549.9999999999993,549.9999999999993,-549.9999999999993,-549.9999999999993
27.983,0.25,5.72304754154373e-20,-1.011201927501801e-20,0.04099942866928528,5.907350849298922e-19,2.7241822099949167e-18,-1.3257389876278937e-19,1.0,4693.9916284290575,4693.9916284290575,-4693.9916284290575,-4693.9916284290575,549.9999999999993,549.9999999999993,-549.9999999999993,-549.9999999999993
28.003,0.25,5.72304754154373e-20,-1.011201927501801e-20,0.04099942866928528,5.907350849298922e-19,2.7241822099949167e-18,-1.3257389876278937e-19,1.0,4704.991628429061,4704.991628429061,-4704.991628429061,-4704.991628429061,549.9999999999993,549.9999999999993,-549.9999999999993,-549.9999999999993
28.023,0.25,5.72304754154373e-20,-1.011201927501801e-20,0.04099942866928528,5.907350849298922e-19,2.7241822099949167e-18,-1.3257389876278937e-19,1.0,4715.991628429065,4715.991628429065,-4715.991628429065,-4715.991628429065,549.9999999999993,549.9999999999993,-549.9999999999993,-549.9999999999993
28.043,0.25,5.72304754154373e-20,-1.011201927501801e-20,0.04099942866928528,5.907350849298922e-19,2.7241822099949167e-18,-1.3257389876278937e-19,1.0,4726.991628429068,4726.991628429068,-4726.991628429068,-4726.991628429068,549.9999999999993,549.9999999999993,-549.9999999999993,-549.9999999999993
28.063,0.25,5.72304754154373e-20,-1.011201927501801e-20,0.04099942866928528,5.907350849298922e-19,2.7241822099949167e-18,-1.3257389876278937e-19,1.0,4737.991628429072,4737.991628429072,-4737.991628429072,-4737.991628429072,549.9999999999993,549.9999999999993,-549.9999999999993,-549.9999999999993
28.083,0.25,5.72304754154373e-20,-1.011201927501801e-20,0.04099942866928528,5.907350849298922e-19,2.7241822099949167e-18,-1.3257389876278937e-19,1.0,4748.991628429076,4748.991628429076,-4748.991628429076,-4748.991628429076,549.9999999999993,549.9999999999993,-549.9999999999993,-549.9999999999993
28.103,0.25,5.72304754154373e-20,-1.011201927501801e-20,0.04099942866928528,5.907350849298922e-19,2.7241822099949167e-18,-1.3257389876278937e-19,1.0,4759.991628429079,4759.991628429079,-4759.991628429079,-4759.991628429079,549.9999999999993,549.9999999999993,-549.9999999999993,-549.9999999999993
28.123,0.25,5.72304754154373e-20,-1.011201927501801e-20,0.04099942866928528,5.907350849298922e-19,2.7241822099949167e-18,-1.3257389876278937e-19,1.0,4770.991628429083,4770.991628429083,-4770.991628429083,-4770.991628429083,549.9999999999993,549.9999999999993,-549.9999999999993,-549.9999999999993
28.143,0.25,5.72304754154373e-20,-1.011201927501801e-20,0.04099942866928528,5.907350849298922e-19,2.7241822099949167e-18,-1.3257389876278937e-19,1.0,4781.991628429087,4781.991628429087,-4781.991628429087,-4781.991628429087,549.9999999999993,549.9999999999993,-549.9999999999993,-549.9999999999993
28.163,0.25,5.72304754154373e-20,-1.011201927501801e-20,0.04099942866928528,5.907350849298922e-19,2.7241822099949167e-18,-1.3257389876278937e-19,1.0,4792.99162842909,4792.99162842909,-4792.99162842909,-4792.99162842909,549.9999999999993,549.9999999999993,-549.9999999999993,-549.9999999999993
28.183,0.25,5.72304754154373e-20,-1.011201927501801e-20,0.04099942866928528,5.907350849298922e-19,2.7241822099949167e-18,-1.3257389876278937e-19,1.0,4803.991628429094,4803.991628429094,-4803.991628429094,-4803.991628429094,549.9999999999993,549.9999999999993,-549.9999999999993,-549.9999999999993
28.203,0.25,5.72304754154373e-20,-1.011201927501801e-20,0.04099942866928528,5.907350849298922e-19,2.7241822099949167e-18,-1.3257389876278937e-19,1.0,4814.991628429098,4814.991628429098,-4814.991628429098,-4814.991628429098,549.9999999999993,549.9999999999993,-549.9999999999993,-549.9999999999993
28.223,0.25,5.72304754154373e-20,-1.011201927501801e-20,0.04099942866928528,5.907350849298922e-19,2.7241822099949167e-18,-1.3257389876278937e-19,1.0,4825.991628429101,4825.991628429101,-4825.991628429101,-4825.991628429101,549.9999999999993,549.9999999999993,-549.9999999999993,-549.9999999999993
28.243,0.25,5.72304754154373e-20,-1.011201927501801e-20,0.04099942866928528,5.907350849298922e-19,2.7241822099949167e-18,-1.3257389876278937e-19,1.0,4836.991628429105,4836.991628429105,-4836.991628429105,-4836.991628429105,549.9999999999993,549.9999999999993,-549.9999999999993,-549.9999999999993
28.263,0.25,5.72304754154373e-20,-1.011201927501801e-20,0.04099942866928528,5.907350849298922e-19,2.7241822099949167e-18,-1.3257389876278937e-19,1.0,4847.9916284291085,4847.9916284291085,-4847.9916284291085,-4847.9916284291085,549.9999999999993,549.9999999999993,-549.9999999999993,-549.9999999999993
28.283,0.25,5.72304754154373e-20,-1.011201927501801e-20,0.04099942866928528,5.907350849298922e-19,2.7241822099949167e-18,-1.3257389876278937e-19,1.0,4858.991628429112,4858.991628429112,-4858.991628429112,-4858.991628429112,549.9999999999993,549.9999999999993,-549.9999999999993,-549.9999999999993
28.303,0.25,5.72304754154373e-20,-1.011201927501801e-20,0.04099942866928528,5.907350849298922e-19,2.7241822099949167e-18,-1.3257389876278937e-19,1.0,4869.991628429116,4869.991628429116,-4869.991628429116,-4869.991628429116,549.9999999999993,549.9999999999993,-549.9999999999993,-549.9999999999993
28.323,0.25,5.72304754154373e-20,-1.011201927501801e-20,0.04099942866928528,5.907350849298922e-19,2.7241822099949167e-18,-1.3257389876278937e-19,1.0,4880.991628429119,4880.991628429119,-4880.991628429119,-4880.991628429119,549.9999999999993,549.9999999999993,-549.9999999999993,-549.9999999999993
28.343,0.25,5.72304754154373e-20,-1.011201927501801e-20,0.04099942866928528,5.907350849298922e-19,2.7241822099949167e-18,-1.3257389876278937e-19,1.0,4891.991628429123,4891.991628429123,-4891.991628429123,-4891.991628429123,549.9999999999993,549.9999999999993,-549.9999999999993,-549.9999999999993
28.363,0.25,5.72304754154373e-20,-1.011201927501801e-20,0.04099942866928528,5.907350849298922e-19,2.7241822099949167e-18,-1.3257389876278937e-19,1.0,4902.991628429127,4902.991628429127,-4902.991628429127,-4902.991628429127,549.9999999999993,549.9999999999993,-549.9999999999993,-549.9999999999993
28.383,0.25,5.72304754154373e-20,-1.011201927501801e-20,0.04099942866928528,5.907350849298922e-19,2.7241822099949167e-18,-1.3257389876278937e-19,1.0,4913.99162842913,4913.99162842913,-4913.99162842913,-4913.99162842913,549.9999999999993,549.9999999999993,-549.9999999999993,-549.9999999999993
28.403,0.25,5.72304754154373e-20,-1.011201927501801e-20,0.04099942866928528,5.907350849298922e-19,2.7241822099949167e-18,-1.3257389876278937e-19,1.0,4924.991628429134,4924.991628429134,-4924.991628429134,-4924.991628429134,549.9999999999993,549.9999999999993,-549.9999999999993,-549.9999999999993
28.423000000000002,0.25,5.72304754154373e-20,-1.011201927501801e-20,0.04099942866928528,5.907350849298922e-19,2.7241822099949167e-18,-1.3257389876278937e-19,1.0,4935.991628429138,4935.991628429138,-4935.991628429138,-4935.991628429138,549.9999999999993,549.9999999999993,-549.9999999999993,-549.9999999999993
28.443,0.25,5.72304754154373e-20,-1.011201927501801e-20,0.04099942866928528,5.907350849298922e-19,2.7241822099949167e-18,-1.3257389876278937e-19,1.0,4946.991628429141,4946.991628429141,-4946.991628429141,-4946.991628429141,549.9999999999993,549.9999999999993,-549.9999999999993,-549.9999999999993
28.463,0.25,5.72304754154373e-20,-1.011201927501801e-20,0.04099942866928528,5.907350849298922e-19,2.7241822099949167e-18,-1.3257389876278937e-19,1.0,4957.991628429145,4957.991628429145,-4957.991628429145,-4957.991628429145,549.9999999999993,549.9999999999993,-549.9999999999993,-549.9999999999993
28.483,0.25,5.72304754154373e-20,-1.011201927501801e-20,0.04099942866928528,5.907350849298922e-19,2.7241822099949167e-18,-1.3257389876278937e-19,1.0,4968.9916284291485,4968.9916284291485,-4968.9916284291485,-4968.9916284291485,549.9999999999993,549.9999999999993,-549.9999999999993,-549.9999999999993
28.503,0.25,5.72304754154373e-20,-1.011201927501801e-20,0.04099942866928528,5.907350849298922e-19,2.7241822099949167e-18,-1.3257389876278937e-19,1.0,4979.991628429152,4979.991628429152,-4979.991628429152,-4979.991628429152,549.9999999999993,549.9999999999993,-549.9999999999993,-549.9999999999993
28.523,0.25,5.72304754154373e-20,-1.011201927501801e-20,0.04099942866928528,5.907350849298922e-19,2.7241822099949167e-18,-1.3257389876278937e-19,1.0,4990.991628429156,4990.991628429156,-4990.991628429156,-4990.991628429156,549.9999999999993,549.9999999999993,-549.9999999999993,-549.9999999999993
28.543,0.25,5.72304754154373e-20,-1.011201927501801e-20,0.04099942866928528,5.907350849298922e-19,2.7241822099949167e-18,-1.3257389876278937e-19,1.0,5001.991628429159,5001.991628429159,-5001.991628429159,-5001.991628429159,549.9999999999993,549.9999999999993,-549.9999999999993,-549.9999999999993
28.563,0.25,5.72304754154373e-20,-1.011201927501801e-20,0.04099942866928528,5.907350849298922e-19,2.7241822099949167e-18,-1.3257389876278937e-19,1.0,5012.991628429163,5012.991628429163,-5012.991628429163,-5012.991628429163,549.9999999999993,549.9999999999993,-549.9999999999993,-549.9999999999993
28.583,0.25,5.72304754154373e-20,-1.011201927501801e-20,0.04099942866928528,5.907350849298922e-19,2.7241822099949167e-18,-1.3257389876278937e-19,1.0,5023.991628429167,5023.991628429167,-5023.991628429167,-5023.991628429167,549.9999999999993,549.9999999999993,-549.9999999999993,-549.9999999999993
28.603,0.25,5.72304754154373e-20,-1.011201927501801e-20,0.04099942866928528,5.907350849298922e-19,2.7241822099949167e-18,-1.3257389876278937e-19,1.0,5034.99162842917,5034.99162842917,-5034.99162842917,-5034.99162842917,549.9999999999993,549.9999999999993,-549.9999999999993,-549.9999999999993
28.623,0.25,5.72304754154373e-20,-1.011201927501801e-20,0.04099942866928528,5.907350849298922e-19,2.7241822099949167e-18,-1.3257389876278937e-19,1.0,5045.991628429174,5045.991628429174,-5045.991628429174,-5045.991628429174,549.9999999999993,549.9999999999993,-549.9999999999993,-549.9999999999993
28.643,0.25,5.72304754154373e-20,-1.011201927501801e-20,0.04099942866928528,5.907350849298922e-19,2.7241822099949167e-18,-1.3257389876278937e-19,1.0,5056.991628429178,5056.991628429178,-5056.991628429178,-5056.991628429178,549.9999999999993,549.9999999999993,-549.9999999999993,-549.9999999999993
28.663,0.25,5.72304754154373e-20,-1.011201927501801e-20,0.04099942866928528,5.907350849298922e-19,2.7241822099949167e-18,-1.3257389876278937e-19,1.0,5067.991628429181,5067.991628429181,-5067.991628429181,-5067.991628429181,549.9999999999993,549.9999999999993,-549.9999999999993,-549.9999999999993
28.683,0.25,5.72304754154373e-20,-1.011201927501801e-20,0.04099942866928528,5.907350849298922e-19,2.7241822099949167e-18,-1.3257389876278937e-19,1.0,5078.991628429185,5078.991628429185,-5078.991628429185,-5078.991628429185,549.9999999999993,549.9999999999993,-549.9999999999993,-549.9999999999993
28.703,0.25,5.72304754154373e-20,-1.011201927501801e-20,0.04099942866928528,5.907350849298922e-19,2.7241822099949167e-18,-1.3257389876278937e-19,1.0,5089.9916284291885,5089.9916284291885,-5089.9916284291885,-5089.9916284291885,549.9999999999993,549.9999999999993,-549.9999999999993,-549.9999999999993
28.723,0.25,5.72304754154373e-20,-1.011201927501801e-20,0.04099942866928528,5.907350849298922e-19,2.7241822099949167e-18,-1.3257389876278937e-19,1.0,5100.991628429192,5100.991628429192,-5100.991628429192,-5100.991628429192,549.9999999999993,549.9999999999993,-549.9999999999993,-549.9999999999993
28.743,0.25,5.72304754154373e-20,-1.011201927501801e-20,0.04099942866928528,5.907350849298922e-19,2.7241822099949167e-18,-1.3257389876278937e-19,1.0,5111.991628429196,5111.991628429196,-5111.991628429196,-5111.991628429196,549.9999999999993,549.9999999999993,-549.9999999999993,-549.9999999999993
28.763,0.25,5.72304754154373e-20,-1.011201927501801e-20,0.04099942866928528,5.907350849298922e-19,2.7241822099949167e-18,-1.3257389876278937e-19,1.0,5122.991628429199,5122.991628429199,-5122.991628429199,-5122.991628429199,549.9999999999993,549.9999999999993,-549.9999999999993,-549.9999999999993
28.783,0.25,5.72304754154373e-20,-1.011201927501801e-20,0.04099942866928528,5.907350849298922e-19,2.7241822099949167e-18,-1.3257389876278937e-19,1.0,5133.991628429203,5133.991628429203,-5133.991628429203,-5133.991628429203,549.9999999999993,549.9999999999993,-549.9999999999993,-549.9999999999993
28.803,0.25,5.72304754154373e-20,-1.011201927501801e-20,0.04099942866928528,5.907350849298922e-19,2.7241822099949167e-18,-1.3257389876278937e-19,1.0,5144.991628429207,5144.991628429207,-5144.991628429207,-5144.991628429207,549.9999999999993,549.9999999999993,-549.9999999999993,-549.9999999999993
28.823,0.25,5.72304754154373e-20,-1.011201927501801e-20,0.04099942866928528,5.907350849298922e-19,2.7241822099949167e-18,-1.3257389876278937e-19,1.0,5155.99162842921,5155.99162842921,-5155.99162842921,-5155.99162842921,549.9999999999993,549.9999999999993,-549.9999999999993,-549.9999999999993
28.843,0.25,5.72304754154373e-20,-1.011201927501801e-20,0.04099942866928528,5.907350849298922e-19,2.7241822099949167e-18,-1.3257389876278937e-19,1.0,5166.991628429214,5166.991628429214,-5166.991628429214,-5166.991628429214,549.9999999999993,549.9999999999993,-549.9999999999993,-549.9999999999993
28.863,0.25,5.72304754154373e-20,-1.011201927501801e-20,0.04099942866928528,5.907350849298922e-19,2.7241822099949167e-18,-1.3257389876278937e-19,1.0,5177.991628429218,5177.991628429218,-5177.991628429218,-5177.991628429218,549.9999999999993,549.9999999999993,-549.9999999999993,-549.9999999999993
28.883,0.25,5.72304754154373e-20,-1.011201927501801e-20,0.04099942866928528,5.907350849298922e-19,2.7241822099949167e-18,-1.3257389876278937e-19,1.0,5188.991628429221,5188.991628429221,-5188.991628429221,-5188.991628429221,549.9999999999993,549.9999999999993,-549.9999999999993,-549.9999999999993
28.903,0.25,5.72304754154373e-20,-1.011201927501801e-20,0.04099942866928528,5.907350849298922e-19,2.7241822099949167e-18,-1.3257389876278937e-19,1.0,5199.991628429225,5199.991628429225,-5199.991628429225,-5199.991628429225,549.9999999999993,549.9999999999993,-549.9999999999993,-549.9999999999993
28.923000000000002,0.25,5.72304754154373e-20,-1.011201927501801e-20,0.04099942866928528,5.907350849298922e-19,2.7241822099949167e-18,-1.3257389876278937e-19,1.0,5210.9916284292285,5210.9916284292285,-5210.9916284292285,-5210.9916284292285,549.9999999999993,549.9999999999993,-549.9999999999993,-549.9999999999993
28.943,0.25,5.72304754154373e-20,-1.011201927501801e-20,0.04099942866928528,5.907350849298922e-19,2.7241822099949167e-18,-1.3257389876278937e-19,1.0,5221.991628429232,5221.991628429232,-5221.991628429232,-5221.991628429232,549.9999999999993,549.9999999999993,-549.9999999999993,-549.9999999999993
28.963,0.25,5.72304754154373e-20,-1.011201927501801e-20,0.04099942866928528,5.907350849298922e-19,2.7241822099949167e-18,-1.3257389876278937e-19,1.0,5232.991628429236,5232.991628429236,-5232.991628429236,-5232.991628429236,549.9999999999993,549.9999999999993,-549.9999999999993,-549.9999999999993
28.983,0.25,5.72304754154373e-20,-1.011201927501801e-20,0.04099942866928528,5.907350849298922e-19,2.7241822099949167e-18,-1.3257389876278937e-19,1.0,5243.991628429239,5243.991628429239,-5243.991628429239,-5243.991628429239,549.9999999999993,549.9999999999993,-549.9999999999993,-549.9999999999993
29.003,0.25,5.72304754154373e-20,-1.011201927501801e-20,0.04099942866928528,5.907350849298922e-19,2.7241822099949167e-18,-1.3257389876278937e-19,1.0,5254.991628429243,5254.991628429243,-5254.991628429243,-5254.991628429243,549.9999999999993,549.9999999999993,-549.9999999999993,-549.9999999999993
29.023,0.25,5.72304754154373e-20,-1.011201927501801e-20,0.04099942866928528,5.907350849298922e-19,2.7241822099949167e-18,-1.3257389876278937e-19,1.0,5265.991628429247,5265.991628429247,-5265.991628429247,-5265.991628429247,549.9999999999993,549.9999999999993,-549.9999999999993,-549.9999999999993
29.043,0.25,5.72304754154373e-20,-1.011201927501801e-20,0.04099942866928528,5.907350849298922e-19,2.7241822099949167e-18,-1.3257389876278937e-19,1.0,5276.99162842925,5276.99162842925,-5276.99162842925,-5276.99162842925,549.9999999999993,549.9999999999993,-549.9999999999993,-549.9999999999993
29.063,0.25,5.72304754154373e-20,-1.011201927501801e-20,0.04099942866928528,5.907350849298922e-19,2.7241822099949167e-18,-1.3257389876278937e-19,1.0,5287.991628429254,5287.991628429254,-5287.991628429254,-5287.991628429254,549.9999999999993,549.9999999999993,-549.9999999999993,-549.9999999999993
29.083,0.25,5.72304754154373e-20,-1.011201927501801e-20,0.04099942866928528,5.907350849298922e-19,2.7241822099949167e-18,-1.3257389876278937e-19,1.0,5298.991628429258,5298.991628429258,-5298.991628429258,-5298.991628429258,549.9999999999993,549.9999999999993,-549.9999999999993,-549.9999999999993
29.103,0.25,5.72304754154373e-20,-1.011201927501801e-20,0.04099942866928528,5.907350849298922e-19,2.7241822099949167e-18,-1.3257389876278937e-19,1.0,5309.991628429261,5309.991628429261,-5309.991628429261,-5309.991628429261,549.9999999999993,549.9999999999993,-549.9999999999993,-549.9999999999993
29.123,0.25,5.72304754154373e-20,-1.011201927501801e-20,0.04099942866928528,5.907350849298922e-19,2.7241822099949167e-18,-1.3257389876278937e-19,1.0,5320.991628429265,5320.991628429265,-5320.991628429265,-5320.991628429265,549.9999999999993,549.9999999999993,-549.9999999999993,-549.9999999999993
29.143,0.25,5.72304754154373e-20,-1.011201927501801e-20,0.04099942866928528,5.907350849298922e-19,2.7241822099949167e-18,-1.3257389876278937e-19,1.0,5331.9916284292685,5331.9916284292685,-5331.9916284292685,-5331.9916284292685,549.9999999999993,549.9999999999993,-549.9999999999993,-549.9999999999993
29.163,0.25,5.72304754154373e-20,-1.011201927501801e-20,0.04099942866928528,5.907350849298922e-19,2.7241822099949167e-18,-1.3257389876278937e-19,1.0,5342.991628429272,5342.991628429272,-5342.991628429272,-5342.991628429272,549.9999999999993,549.9999999999993,-549.9999999999993,-549.9999999999993
29.183,0.25,5.72304754154373e-20,-1.011201927501801e-20,0.04099942866928528,5.907350849298922e-19,2.7241822099949167e-18,-1.3257389876278937e-19,1.0,5353.991628429276,5353.991628429276,-5353.991628429276,-5353.991628429276,549.9999999999993,549.9999999999993,-549.9999999999993,-549.9999999999993
29.203,0.25,5.72304754154373e-20,-1.011201927501801e-20,0.04099942866928528,5.907350849298922e-19,2.7241822099949167e-18,-1.3257389876278937e-19,1.0,5364.991628429279,5364.991628429279,-5364.991628429279,-5364.991628429279,549.9999999999993,549.9999999999993,-549.9999999999993,-549.9999999999993
29.223,0.25,5.72304754154373e-20,-1.011201927501801e-20,0.04099942866928528,5.907350849298922e-19,2.7241822099949167e-18,-1.3257389876278937e-19,1.0,5375.991628429283,5375.991628429283,-5375.991628429283,-5375.991628429283,549.9999999999993,549.9999999999993,-549.9999999999993,-549.9999999999993
29.243,0.25,5.72304754154373e-20,-1.011201927501801e-20,0.04099942866928528,5.907350849298922e-19,2.7241822099949167e-18,-1.3257389876278937e-19,1.0,5386.991628429287,5386.991628429287,-5386.991628429287,-5386.991628429287,549.9999999999993,549.9999999999993,-549.9999999999993,-549.9999999999993
29.263,0.25,5.72304754154373e-20,-1.011201927501801e-20,0.04099942866928528,5.907350849298922e-19,2.7241822099949167e-18,-1.3257389876278937e-19,1.0,5397.99162842929,5397.99162842929,-5397.99162842929,-5397.99162842929,549.9999999999993,549.9999999999993,-549.9999999999993,-549.9999999999993
29.283,0.25,5.72304754154373e-20,-1.011201927501801e-20,0.04099942866928528,5.907350849298922e-19,2.7241822099949167e-18,-1.3257389876278937e-19,1.0,5408.991628429294,5408.991628429294,-5408.991628429294,-5408.991628429294,549.9999999999993,549.9999999999993,-549.9999999999993,-549.9999999999993
29.303,0.25,5.72304754154373e-20,-1.011201927501801e-20,0.04099942866928528,5.907350849298922e-19,2.7241822099949167e-18,-1.3257389876278937e-19,1.0,5419.991628429298,5419.991628429298,-5419.991628429298,-5419.991628429298,549.9999999999993,549.9999999999993,-549.9999999999993,-549.9999999999993
29.323,0.25,5.72304754154373e-20,-1.011201927501801e-20,0.04099942866928528,5.907350849298922e-19,2.7241822099949167e-18,-1.3257389876278937e-19,1.0,5430.991628429301,5430.991628429301,-5430.991628429301,-5430.991628429301,549.9999999999993,549.9999999999993,-549.9999999999993,-549.9999999999993
29.343,0.25,5.72304754154373e-20,-1.011201927501801e-20,0.04099942866928528,5.907350849298922e-19,2.7241822099949167e-18,-1.3257389876278937e-19,1.0,5441.991628429305,5441.991628429305,-5441.991628429305,-5441.991628429305,549.9999999999993,549.9999999999993,-549.9999999999993,-549.9999999999993
29.363,0.25,5.72304754154373e-20,-1.011201927501801e-20,0.04099942866928528,5.907350849298922e-19,2.7241822099949167e-18,-1.3257389876278937e-19,1.0,5452.991628429309,5452.991628429309,-5452.991628429309,-5452.991628429309,549.9999999999993,549.9999999999993,-549.9999999999993,-549.9999999999993
29.383,0.25,5.72304754154373e-20,-1.011201927501801e-20,0.04099942866928528,5.907350849298922e-19,2.7241822099949167e-18,-1.3257389876278937e-19,1.0,5463.991628429312,5463.991628429312,-5463.991628429312,-5463.991628429312,549.9999999999993,549.9999999999993,-549.9999999999993,-549.9999999999993
29.403,0.25,5.72304754154373e-20,-1.011201927501801e-20,0.04099942866928528,5.907350849298922e-19,2.7241822099949167e-18,-1.3257389876278937e-19,1.0,5474.991628429316,5474.991628429316,-5474.991628429316,-5474.991628429316,549.9999999999993,549.9999999999993,-549.9999999999993,-549.9999999999993
29.423000000000002,0.25,5.72304754154373e-20,-1.011201927501801e-20,0.04099942866928528,5.907350849298922e-19,2.7241822099949167e-18,-1.3257389876278937e-19,1.0,5485.9916284293195,5485.9916284293195,-5485.9916284293195,-5485.9916284293195,549.9999999999993,549.9999999999993,-549.9999999999993,-549.9999999999993
29.443,0.25,5.72304754154373e-20,-1.011201927501801e-20,0.04099942866928528,5.907350849298922e-19,2.7241822099949167e-18,-1.3257389876278937e-19,1.0,5496.991628429323,5496.991628429323,-5496.991628429323,-5496.991628429323,549.9999999999993,549.9999999999993,-549.9999999999993,-549.9999999999993
29.463,0.25,5.72304754154373e-20,-1.011201927501801e-20,0.04099942866928528,5.907350849298922e-19,2.7241822099949167e-18,-1.3257389876278937e-19,1.0,5507.991628429327,5507.991628429327,-5507.991628429327,-5507.991628429327,549.9999999999993,549.9999999999993,-549.9999999999993,-549.9999999999993
29.483,0.25,5.72304754154373e-20,-1.011201927501801e-20,0.04099942866928528,5.907350849298922e-19,2.7241822099949167e-18,-1.3257389876278937e-19,1.0,5518.99162842933,5518.99162842933,-5518.99162842933,-5518.99162842933,549.9999999999993,549.9999999999993,-549.9999999999993,-549.9999999999993
29.503,0.25,5.72304754154373e-20,-1.011201927501801e-20,0.04099942866928528,5.907350849298922e-19,2.7241822099949167e-18,-1.3257389876278937e-19,1.0,5529.991628429334,5529.991628429334,-5529.991628429334,-5529.991628429334,549.9999999999993,549.9999999999993,-549.9999999999993,-549.9999999999993
29.523,0.25,5.72304754154373e-20,-1.011201927501801e-20,0.04099942866928528,5.907350849298922e-19,2.7241822099949167e-18,-1.3257389876278937e-19,1.0,5540.991628429338,5540.991628429338,-5540.991628429338,-5540.991628429338,549.9999999999993,549.9999999999993,-549.9999999999993,-549.9999999999993
29.543,0.25,5.72304754154373e-20,-1.011201927501801e-20,0.04099942866928528,5.907350849298922e-19,2.7241822099949167e-18,-1.3257389876278937e-19,1.0,5551.991628429341,5551.991628429341,-5551.991628429341,-5551.991628429341,549.9999999999993,549.9999999999993,-549.9999999999993,-549.9999999999993
29.563,0.25,5.72304754154373e-20,-1.011201927501801e-20,0.04099942866928528,5.907350849298922e-19,2.7241822099949167e-18,-1.3257389876278937e-19,1.0,5562.991628429345,5562.991628429345,-5562.991628429345,-5562.991628429345,549.9999999999993,549.9999999999993,-549.9999999999993,-549.9999999999993
29.583,0.25,5.72304754154373e-20,-1.011201927501801e-20,0.04099942866928528,5.907350849298922e-19,2.7241822099949167e-18,-1.3257389876278937e-19,1.0,5573.991628429349,5573.991628429349,-5573.991628429349,-5573.991628429349,549.9999999999993,549.9999999999993,-549.9999999999993,-549.9999999999993
29.603,0.25,5.72304754154373e-20,-1.011201927501801e-20,0.04099942866928528,5.907350849298922e-19,2.7241822099949167e-18,-1.3257389876278937e-19,1.0,5584.991628429352,5584.991628429352,-5584.991628429352,-5584.991628429352,549.9999999999993,549.9999999999993,-549.9999999999993,-549.9999999999993
29.623,0.25,5.72304754154373e-20,-1.011201927501801e-20,0.04099942866928528,5.907350849298922e-19,2.7241822099949167e-18,-1.3257389876278937e-19,1.0,5595.991628429356,5595.991628429356,-5595.991628429356,-5595.991628429356,549.9999999999993,549.9999999999993,-549.9999999999993,-549.9999999999993
29.643,0.25,5.72304754154373e-20,-1.011201927501801e-20,0.04099942866928528,5.907350849298922e-19,2.7241822099949167e-18,-1.3257389876278937e-19,1.0,5606.9916284293595,5606.9916284293595,-5606.9916284293595,-5606.9916284293595,549.9999999999993,549.9999999999993,-549.9999999999993,-549.9999999999993
29.663,0.25,5.72304754154373e-20,-1.011201927501801e-20,0.04099942866928528,5.907350849298922e-19,2.7241822099949167e-18,-1.3257389876278937e-19,1.0,5617.991628429363,5617.991628429363,-5617.991628429363,-5617.991628429363,549.9999999999993,549.9999999999993,-549.9999999999993,-549.9999999999993
29.683,0.25,5.72304754154373e-20,-1.011201927501801e-20,0.04099942866928528,5.907350849298922e-19,2.7241822099949167e-18,-1.3257389876278937e-19,1.0,5628.991628429367,5628.991628429367,-5628.991628429367,-5628.991628429367,549.9999999999993,549.9999999999993,-549.9999999999993,-549.9999999999993
29.703,0.25,5.72304754154373e-20,-1.011201927501801e-20,0.04099942866928528,5.907350849298922e-19,2.7241822099949167e-18,-1.3257389876278937e-19,1.0,5639.99162842937,5639.99162842937,-5639.99162842937,-5639.99162842937,549.9999999999993,549.9999999999993,-549.9999999999993,-549.9999999999993
29.723,0.25,5.72304754154373e-20,-1.011201927501801e-20,0.04099942866928528,5.907350849298922e-19,2.7241822099949167e-18,-1.3257389876278937e-19,1.0,5650.991628429374,5650.991628429374,-5650.991628429374,-5650.991628429374,549.9999999999993,549.9999999999993,-549.9999999999993,-549.9999999999993
29.743,0.25,5.72304754154373e-20,-1.011201927501801e-20,0.04099942866928528,5.907350849298922e-19,2.7241822099949167e-18,-1.3257389876278937e-19,1.0,5661.991628429378,5661.991628429378,-5661.991628429378,-5661.991628429378,549.9999999999993,549.9999999999993,-549.9999999999993,-549.9999999999993
29.763,0.25,5.72304754154373e-20,-1.011201927501801e-20,0.04099942866928528,5.907350849298922e-19,2.7241822099949167e-18,-1.3257389876278937e-19,1.0,5672.991628429381,5672.991628429381,-5672.991628429381,-5672.991628429381,549.9999999999993,549.9999999999993,-549.9999999999993,-549.9999999999993
29.783,0.25,5.72304754154373e-20,-1.011201927501801e-20,0.04099942866928528,5.907350849298922e-19,2.7241822099949167e-18,-1.3257389876278937e-19,1.0,5683.991628429385,5683.991628429385,-5683.991628429385,-5683.991628429385,549.9999999999993,549.9999999999993,-549.9999999999993,-549.9999999999993
29.803,0.25,5.72304754154373e-20,-1.011201927501801e-20,0.04099942866928528,5.907350849298922e-19,2.7241822099949167e-18,-1.3257389876278937e-19,1.0,5694.991628429389,5694.991628429389,-5694.991628429389,-5694.991628429389,549.9999999999993,549.9999999999993,-549.9999999999993,-549.9999999999993
29.823,0.25,5.72304754154373e-20,-1.011201927501801e-20,0.04099942866928528,5.907350849298922e-19,2.7241822099949167e-18,-1.3257389876278937e-19,1.0,5705.991628429392,5705.991628429392,-5705.991628429392,-5705.991628429392,549.9999999999993,549.9999999999993,-549.9999999999993,-549.9999999999993
29.843,0.25,5.72304754154373e-20,-1.011201927501801e-20,0.04099942866928528,5.907350849298922e-19,2.7241822099949167e-18,-1.3257389876278937e-19,1.0,5716.991628429396,5716.991628429396,-5716.991628429396,-5716.991628429396,549.9999999999993,549.9999999999993,-549.9999999999993,-549.9999999999993
29.863,0.25,5.72304754154373e-20,-1.011201927501801e-20,0.04099942866928528,5.907350849298922e-19,2.7241822099949167e-18,-1.3257389876278937e-19,1.0,5727.9916284293995,5727.9916284293995,-5727.9916284293995,-5727.9916284293995,549.9999999999993,549.9999999999993,-549.9999999999993,-549.9999999999993
29.883,0.25,5.72304754154373e-20,-1.011201927501801e-20,0.04099942866928528,5.907350849298922e-19,2.7241822099949167e-18,-1.3257389876278937e-19,1.0,5738.991628429403,5738.991628429403,-5738.991628429403,-5738.991628429403,549.9999999999993,549.9999999999993,-549.9999999999993,-549.9999999999993
29.903,0.25,5.72304754154373e-20,-1.011201927501801e-20,0.04099942866928528,5.907350849298922e-19,2.7241822099949167e-18,-1.3257389876278937e-19,1.0,5749.991628429407,5749.991628429407,-5749.991628429407,-5749.991628429407,549.9999999999993,549.9999999999993,-549.9999999999993,-549.9999999999993
29.923000000000002,0.25,5.72304754154373e-20,-1.011201927501801e-20,0.04099942866928528,5.907350849298922e-19,2.7241822099949167e-18,-1.3257389876278937e-19,1.0,5760.99162842941,5760.99162842941,-5760.99162842941,-5760.99162842941,549.9999999999993,549.9999999999993,-549.9999999999993,-549.9999999999993
29.943,0.25,5.72304754154373e-20,-1.011201927501801e-20,0.04099942866928528,5.907350849298922e-19,2.7241822099949167e-18,-1.3257389876278937e-19,1.0,5771.991628429414,5771.991628429414,-5771.991628429414,-5771.991628429414,549.9999999999993,549.9999999999993,-549.9999999999993,-549.9999999999993
29.963,0.25,5.72304754154373e-20,-1.011201927501801e-20,0.04099942866928528,5.907350849298922e-19,2.7241822099949167e-18,-1.3257389876278937e-19,1.0,5782.991628429418,5782.991628429418,-5782.991628429418,-5782.991628429418,549.9999999999993,549.9999999999993,-549.9999999999993,-549.9999999999993
29.983,0.25,5.72304754154373e-20,-1.011201927501801e-20,0.04099942866928528,5.907350849298922e-19,2.7241822099949167e-18,-1.3257389876278937e-19,1.0,5793.991628429421,5793.991628429421,-5793.991628429421,-5793.991628429421,549.9999999999993,549.9999999999993,-549.9999999999993,-549.9999999999993
30.003,0.25,5.72304754154373e-20,-1.011201927501801e-20,0.04099942866928528,5.907350849298922e-19,2.7241822099949167e-18,-1.3257389876278937e-19,1.0,5804.991628429425,5804.991628429425,-5804.991628429425,-5804.991628429425,549.9999999999993,549.9999999999993,-549.9999999999993,-549.9999999999993
30.023,0.25,5.72304754154373e-20,-1.011201927501801e-20,0.04099942866928528,5.907350849298922e-19,2.7241822099949167e-18,-1.3257389876278937e-19,1.0,5815.991628429429,5815.991628429429,-5815.991628429429,-5815.991628429429,549.9999999999993,549.9999999999993,-549.9999999999993,-549.9999999999993
30.043,0.25,5.72304754154373e-20,-1.011201927501801e-20,0.04099942866928528,5.907350849298922e-19,2.7241822099949167e-18,-1.3257389876278937e-19,1.0,5826.991628429432,5826.991628429432,-5826.991628429432,-5826.991628429432,549.9999999999993,549.9999999999993,-549.9999999999993,-549.9999999999993
30.063,0.25,5.72304754154373e-20,-1.011201927501801e-20,0.04099942866928528,5.907350849298922e-19,2.7241822099949167e-18,-1.3257389876278937e-19,1.0,5837.991628429436,5837.991628429436,-5837.991628429436,-5837.991628429436,549.9999999999993,549.9999999999993,-549.9999999999993,-549.9999999999993
30.083,0.25,5.72304754154373e-20,-1.011201927501801e-20,0.04099942866928528,5.907350849298922e-19,2.7241822099949167e-18,-1.3257389876278937e-19,1.0,5848.9916284294395,5848.9916284294395,-5848.9916284294395,-5848.9916284294395,549.9999999999993,549.9999999999993,-549.9999999999993,-549.9999999999993
30.103,0.25,5.72304754154373e-20,-1.011201927501801e-20,0.04099942866928528,5.907350849298922e-19,2.7241822099949167e-18,-1.3257389876278937e-19,1.0,5859.991628429443,5859.991628429443,-5859.991628429443,-5859.991628429443,549.9999999999993,549.9999999999993,-549.9999999999993,-549.9999999999993
30.123,0.25,5.72304754154373e-20,-1.011201927501801e-20,0.04099942866928528,5.907350849298922e-19,2.7241822099949167e-18,-1.3257389876278937e-19,1.0,5870.991628429447,5870.991628429447,-5870.991628429447,-5870.991628429447,549.9999999999993,549.9999999999993,-549.9999999999993,-549.9999999999993
30.143,0.25,5.72304754154373e-20,-1.011201927501801e-20,0.04099942866928528,5.907350849298922e-19,2.7241822099949167e-18,-1.3257389876278937e-19,1.0,5881.99162842945,5881.99162842945,-5881.99162842945,-5881.99162842945,549.9999999999993,549.9999999999993,-549.9999999999993,-549.9999999999993
30.163,0.25,5.72304754154373e-20,-1.011201927501801e-20,0.04099942866928528,5.907350849298922e-19,2.7241822099949167e-18,-1.3257389876278937e-19,1.0,5892.991628429454,5892.991628429454,-5892.991628429454,-5892.991628429454,549.9999999999993,549.9999999999993,-549.9999999999993,-549.9999999999993
30.183,0.25,5.72304754154373e-20,-1.011201927501801e-20,0.04099942866928528,5.907350849298922e-19,2.7241822099949167e-18,-1.3257389876278937e-19,1.0,5903.991628429458,5903.991628429458,-5903.991628429458,-5903.991628429458,549.9999999999993,549.9999999999993,-549.9999999999993,-549.9999999999993
30.203,0.25,5.72304754154373e-20,-1.011201927501801e-20,0.04099942866928528,5.907350849298922e-19,2.7241822099949167e-18,-1.3257389876278937e-19,1.0,5914.991628429461,5914.991628429461,-5914.991628429461,-5914.991628429461,549.9999999999993,549.9999999999993,-549.9999999999993,-549.9999999999993
30.223,0.25,5.72304754154373e-20,-1.011201927501801e-20,0.04099942866928528,5.907350849298922e-19,2.7241822099949167e-18,-1.3257389876278937e-19,1.0,5925.991628429465,5925.991628429465,-5925.991628429465,-5925.991628429465,549.9999999999993,549.9999999999993,-549.9999999999993,-549.9999999999993
30.243,0.25,5.72304754154373e-20,-1.011201927501801e-20,0.04099942866928528,5.907350849298922e-19,2.7241822099949167e-18,-1.3257389876278937e-19,1.0,5936.991628429469,5936.991628429469,-5936.991628429469,-5936.991628429469,549.9999999999993,549.9999999999993,-549.9999999999993,-549.9999999999993
30.263,0.25,5.72304754154373e-20,-1.011201927501801e-20,0.04099942866928528,5.907350849298922e-19,2.7241822099949167e-18,-1.3257389876278937e-19,1.0,5947.991628429472,5947.991628429472,-5947.991628429472,-5947.991628429472,549.9999999999993,549.9999999999993,-549.9999999999993,-549.9999999999993
30.283,0.25,5.72304754154373e-20,-1.011201927501801e-20,0.04099942866928528,5.907350849298922e-19,2.7241822099949167e-18,-1.3257389876278937e-19,1.0,5958.991628429476,5958.991628429476,-5958.991628429476,-5958.991628429476,549.9999999999993,549.9999999999993,-549.9999999999993,-549.9999999999993
30.303,0.25,5.72304754154373e-20,-1.011201927501801e-20,0.04099942866928528,5.907350849298922e-19,2.7241822099949167e-18,-1.3257389876278937e-19,1.0,5969.9916284294795,5969.9916284294795,-5969.9916284294795,-5969.9916284294795,549.9999999999993,549.9999999999993,-549.9999999999993,-549.9999999999993
30.323,0.25,5.72304754154373e-20,-1.011201927501801e-20,0.04099942866928528,5.907350849298922e-19,2.7241822099949167e-18,-1.3257389876278937e-19,1.0,5980.991628429483,5980.991628429483,-5980.991628429483,-5980.991628429483,549.9999999999993,549.9999999999993,-549.9999999999993,-549.9999999999993
30.343,0.25,5.72304754154373e-20,-1.011201927501801e-20,0.04099942866928528,5.907350849298922e-19,2.7241822099949167e-18,-1.3257389876278937e-19,1.0,5991.991628429487,5991.991628429487,-5991.991628429487,-5991.991628429487,549.9999999999993,549.9999999999993,-549.9999999999993,-549.9999999999993
30.363,0.25,5.72304754154373e-20,-1.011201927501801e-20,0.04099942866928528,5.907350849298922e-19,2.7241822099949167e-18,-1.3257389876278937e-19,1.0,6002.99162842949,6002.99162842949,-6002.99162842949,-6002.99162842949,549.9999999999993,549.9999999999993,-549.9999999999993,-549.9999999999993
30.383,0.25,5.72304754154373e-20,-1.011201927501801e-20,0.04099942866928528,5.907350849298922e-19,2.7241822099949167e-18,-1.3257389876278937e-19,1.0,6013.991628429494,6013.991628429494,-6013.991628429494,-6013.991628429494,549.9999999999993,549.9999999999993,-549.9999999999993,-549.9999999999993
30.403,0.25,5.72304754154373e-20,-1.011201927501801e-20,0.04099942866928528,5.907350849298922e-19,2.7241822099949167e-18,-1.3257389876278937e-19,1.0,6024.991628429498,6024.991628429498,-6024.991628429498,-6024.991628429498,549.9999999999993,549.9999999999993,-549.9999999999993,-549.9999999999993
30.423000000000002,0.25,5.72304754154373e-20,-1.011201927501801e-20,0.04099942866928528,5.907350849298922e-19,2.7241822099949167e-18,-1.3257389876278937e-19,1.0,6035.991628429501,6035.991628429501,-6035.991628429501,-6035.991628429501,549.9999999999993,549.9999999999993,-549.9999999999993,-549.9999999999993
30.443,0.25,5.72304754154373e-20,-1.011201927501801e-20,0.04099942866928528,5.907350849298922e-19,2.7241822099949167e-18,-1.3257389876278937e-19,1.0,6046.991628429505,6046.991628429505,-6046.991628429505,-6046.991628429505,549.9999999999993,549.9999999999993,-549.9999999999993,-549.9999999999993
30.463,0.25,5.72304754154373e-20,-1.011201927501801e-20,0.04099942866928528,5.907350849298922e-19,2.7241822099949167e-18,-1.3257389876278937e-19,1.0,6057.991628429509,6057.991628429509,-6057.991628429509,-6057.991628429509,549.9999999999993,549.9999999999993,-549.9999999999993,-549.9999999999993
30.483,0.25,5.72304754154373e-20,-1.011201927501801e-20,0.04099942866928528,5.907350849298922e-19,2.7241822099949167e-18,-1.3257389876278937e-19,1.0,6068.991628429512,6068.991628429512,-6068.991628429512,-6068.991628429512,549.9999999999993,549.9999999999993,-549.9999999999993,-549.9999999999993
30.503,0.25,5.72304754154373e-20,-1.011201927501801e-20,0.04099942866928528,5.907350849298922e-19,2.7241822099949167e-18,-1.3257389876278937e-19,1.0,6079.991628429516,6079.991628429516,-6079.991628429516,-6079.991628429516,549.9999999999993,549.9999999999993,-549.9999999999993,-549.9999999999993
30.523,0.25,5.72304754154373e-20,-1.011201927501801e-20,0.04099942866928528,5.907350849298922e-19,2.7241822099949167e-18,-1.3257389876278937e-19,1.0,6090.99162842952,6090.99162842952,-6090.99162842952,-6090.99162842952,549.9999999999993,549.9999999999993,-549.9999999999993,-549.9999999999993
30.543,0.25,5.72304754154373e-20,-1.011201927501801e-20,0.04099942866928528,5.907350849298922e-19,2.7241822099949167e-18,-1.3257389876278937e-19,1.0,6101.991628429523,6101.991628429523,-6101.991628429523,-6101.991628429523,549.9999999999993,549.9999999999993,-549.9999999999993,-549.9999999999993
30.563,0.25,5.72304754154373e-20,-1.011201927501801e-20,0.04099942866928528,5.907350849298922e-19,2.7241822099949167e-18,-1.3257389876278937e-19,1.0,6112.991628429527,6112.991628429527,-6112.991628429527,-6112.991628429527,549.9999999999993,549.9999999999993,-549.9999999999993,-549.9999999999993
30.583,0.25,5.72304754154373e-20,-1.011201927501801e-20,0.04099942866928528,5.907350849298922e-19,2.7241822099949167e-18,-1.3257389876278937e-19,1.0,6123.9916284295305,6123.9916284295305,-6123.9916284295305,-6123.9916284295305,549.9999999999993,549.9999999999993,-549.9999999999993,-549.9999999999993
30.603,0.25,5.72304754154373e-20,-1.011201927501801e-20,0.04099942866928528,5.907350849298922e-19,2.7241822099949167e-18,-1.3257389876278937e-19,1.0,6134.991628429534,6134.991628429534,-6134.991628429534,-6134.991628429534,549.9999999999993,549.9999999999993,-549.9999999999993,-549.9999999999993
30.623,0.25,5.72304754154373e-20,-1.011201927501801e-20,0.04099942866928528,5.907350849298922e-19,2.7241822099949167e-18,-1.3257389876278937e-19,1.0,6145.991628429538,6145.991628429538,-6145.991628429538,-6145.991628429538,549.9999999999993,549.9999999999993,-549.9999999999993,-549.9999999999993
30.643,0.25,5.72304754154373e-20,-1.011201927501801e-20,0.04099942866928528,5.907350849298922e-19,2.7241822099949167e-18,-1.3257389876278937e-19,1.0,6156.991628429541,6156.991628429541,-6156.991628429541,-6156.991628429541,549.9999999999993,549.9999999999993,-549.9999999999993,-549.9999999999993
30.663,0.25,5.72304754154373e-20,-1.011201927501801e-20,0.04099942866928528,5.907350849298922e-19,2.7241822099949167e-18,-1.3257389876278937e-19,1.0,6167.991628429545,6167.991628429545,-6167.991628429545,-6167.991628429545,549.9999999999993,549.9999999999993,-549.9999999999993,-549.9999999999993
30.683,0.25,5.72304754154373e-20,-1.011201927501801e-20,0.04099942866928528,5.907350849298922e-19,2.7241822099949167e-18,-1.3257389876278937e-19,1.0,6178.991628429549,6178.991628429549,-6178.991628429549,-6178.991628429549,549.9999999999993,549.9999999999993,-549.9999999999993,-549.9999999999993
30.703,0.25,5.72304754154373e-20,-1.011201927501801e-20,0.04099942866928528,5.907350849298922e-19,2.7241822099949167e-18,-1.3257389876278937e-19,1.0,6189.991628429552,6189.991628429552,-6189.991628429552,-6189.991628429552,549.9999999999993,549.9999999999993,-549.9999999999993,-549.9999999999993
30.723,0.25,5.72304754154373e-20,-1.011201927501801e-20,0.04099942866928528,5.907350849298922e-19,2.7241822099949167e-18,-1.3257389876278937e-19,1.0,6200.991628429556,6200.991628429556,-6200.991628429556,-6200.991628429556,549.9999999999993,549.9999999999993,-549.9999999999993,-549.9999999999993
30.743,0.25,5.72304754154373e-20,-1.011201927501801e-20,0.04099942866928528,5.907350849298922e-19,2.7241822099949167e-18,-1.3257389876278937e-19,1.0,6211.99162842956,6211.99162842956,-6211.99162842956,-6211.99162842956,549.9999999999993,549.9999999999993,-549.9999999999993,-549.9999999999993
30.763,0.25,5.72304754154373e-20,-1.011201927501801e-20,0.04099942866928528,5.907350849298922e-19,2.7241822099949167e-18,-1.3257389876278937e-19,1.0,6222.991628429563,6222.991628429563,-6222.991628429563,-6222.991628429563,549.9999999999993,549.9999999999993,-549.9999999999993,-549.9999999999993
30.783,0.25,5.72304754154373e-20,-1.011201927501801e-20,0.04099942866928528,5.907350849298922e-19,2.7241822099949167e-18,-1.3257389876278937e-19,1.0,6233.991628429567,6233.991628429567,-6233.991628429567,-6233.991628429567,549.9999999999993,549.9999999999993,-549.9999999999993,-549.9999999999993
30.803,0.25,5.72304754154373e-20,-1.011201927501801e-20,0.04099942866928528,5.907350849298922e-19,2.7241822099949167e-18,-1.3257389876278937e-19,1.0,6244.9916284295705,6244.9916284295705,-6244.9916284295705,-6244.9916284295705,549.9999999999993,549.9999999999993,-549.9999999999993,-549.9999999999993
30.823,0.25,5.72304754154373e-20,-1.011201927501801e-20,0.04099942866928528,5.907350849298922e-19,2.7241822099949167e-18,-1.3257389876278937e-19,1.0,6255.991628429574,6255.991628429574,-6255.991628429574,-6255.991628429574,549.9999999999993,549.9999999999993,-549.9999999999993,-549.9999999999993
30.843,0.25,5.72304754154373e-20,-1.011201927501801e-20,0.04099942866928528,5.907350849298922e-19,2.7241822099949167e-18,-1.3257389876278937e-19,1.0,6266.991628429578,6266.991628429578,-6266.991628429578,-6266.991628429578,549.9999999999993,549.9999999999993,-549.9999999999993,-549.9999999999993
30.863,0.25,5.72304754154373e-20,-1.011201927501801e-20,0.04099942866928528,5.907350849298922e-19,2.7241822099949167e-18,-1.3257389876278937e-19,1.0,6277.991628429581,6277.991628429581,-6277.991628429581,-6277.991628429581,549.9999999999993,549.9999999999993,-549.9999999999993,-549.9999999999993
30.883,0.25,5.72304754154373e-20,-1.011201927501801e-20,0.04099942866928528,5.907350849298922e-19,2.7241822099949167e-18,-1.3257389876278937e-19,1.0,6288.991628429585,6288.991628429585,-6288.991628429585,-6288.991628429585,549.9999999999993,549.9999999999993,-549.9999999999993,-549.9999999999993
30.903,0.25,5.72304754154373e-20,-1.011201927501801e-20,0.04099942866928528,5.907350849298922e-19,2.7241822099949167e-18,-1.3257389876278937e-19,1.0,6299.991628429589,6299.991628429589,-6299.991628429589,-6299.991628429589,549.9999999999993,549.9999999999993,-549.9999999999993,-549.9999999999993
30.923000000000002,0.25,5.72304754154373e-20,-1.011201927501801e-20,0.04099942866928528,5.907350849298922e-19,2.7241822099949167e-18,-1.3257389876278937e-19,1.0,6310.991628429592,6310.991628429592,-6310.991628429592,-6310.991628429592,549.9999999999993,549.9999999999993,-549.9999999999993,-549.9999999999993
30.943,0.25,5.72304754154373e-20,-1.011201927501801e-20,0.04099942866928528,5.907350849298922e-19,2.7241822099949167e-18,-1.3257389876278937e-19,1.0,6321.991628429596,6321.991628429596,-6321.991628429596,-6321.991628429596,549.9999999999993,549.9999999999993,-549.9999999999993,-549.9999999999993
30.963,0.25,5.72304754154373e-20,-1.011201927501801e-20,0.04099942866928528,5.907350849298922e-19,2.7241822099949167e-18,-1.3257389876278937e-19,1.0,6332.9916284296,6332.9916284296,-6332.9916284296,-6332.9916284296,549.9999999999993,549.9999999999993,-549.9999999999993,-549.9999999999993
30.983,0.25,5.72304754154373e-20,-1.011201927501801e-20,0.04099942866928528,5.907350849298922e-19,2.7241822099949167e-18,-1.3257389876278937e-19,1.0,6343.991628429603,6343.991628429603,-6343.991628429603,-6343.991628429603,549.9999999999993,549.9999999999993,-549.9999999999993,-549.9999999999993
31.003,0.25,5.72304754154373e-20,-1.011201927501801e-20,0.04099942866928528,5.907350849298922e-19,2.7241822099949167e-18,-1.3257389876278937e-19,1.0,6354.991628429607,6354.991628429607,-6354.991628429607,-6354.991628429607,549.9999999999993,549.9999999999993,-549.9999999999993,-549.9999999999993
31.023,0.25,5.72304754154373e-20,-1.011201927501801e-20,0.04099942866928528,5.907350849298922e-19,2.7241822099949167e-18,-1.3257389876278937e-19,1.0,6365.9916284296105,6365.9916284296105,-6365.9916284296105,-6365.9916284296105,549.9999999999993,549.9999999999993,-549.9999999999993,-549.9999999999993
31.043,0.25,5.72304754154373e-20,-1.011201927501801e-20,0.04099942866928528,5.907350849298922e-19,2.7241822099949167e-18,-1.3257389876278937e-19,1.0,6376.991628429614,6376.991628429614,-6376.991628429614,-6376.991628429614,549.9999999999993,549.9999999999993,-549.9999999999993,-549.9999999999993
31.063,0.25,5.72304754154373e-20,-1.011201927501801e-20,0.04099942866928528,5.907350849298922e-19,2.7241822099949167e-18,-1.3257389876278937e-19,1.0,6387.991628429618,6387.991628429618,-6387.991628429618,-6387.991628429618,549.9999999999993,549.9999999999993,-549.9999999999993,-549.9999999999993
31.083,0.25,5.72304754154373e-20,-1.011201927501801e-20,0.04099942866928528,5.907350849298922e-19,2.7241822099949167e-18,-1.3257389876278937e-19,1.0,6398.991628429621,6398.991628429621,-6398.991628429621,-6398.991628429621,549.9999999999993,549.9999999999993,-549.9999999999993,-549.9999999999993
31.103,0.25,5.72304754154373e-20,-1.011201927501801e-20,0.04099942866928528,5.907350849298922e-19,2.7241822099949167e-18,-1.3257389876278937e-19,1.0,6409.991628429625,6409.991628429625,-6409.991628429625,-6409.991628429625,549.9999999999993,549.9999999999993,-549.9999999999993,-549.9999999999993
31.123,0.25,5.72304754154373e-20,-1.011201927501801e-20,0.04099942866928528,5.907350849298922e-19,2.7241822099949167e-18,-1.3257389876278937e-19,1.0,6420.991628429629,6420.991628429629,-6420.991628429629,-6420.991628429629,549.9999999999993,549.9999999999993,-549.9999999999993,-549.9999999999993
31.143,0.25,5.72304754154373e-20,-1.011201927501801e-20,0.04099942866928528,5.907350849298922e-19,2.7241822099949167e-18,-1.3257389876278937e-19,1.0,6431.991628429632,6431.991628429632,-6431.991628429632,-6431.991628429632,549.9999999999993,549.9999999999993,-549.9999999999993,-549.9999999999993
31.163,0.25,5.72304754154373e-20,-1.011201927501801e-20,0.04099942866928528,5.907350849298922e-19,2.7241822099949167e-18,-1.3257389876278937e-19,1.0,6442.991628429636,6442.991628429636,-6442.991628429636,-6442.991628429636,549.9999999999993,549.9999999999993,-549.9999999999993,-549.9999999999993
31.183,0.25,5.72304754154373e-20,-1.011201927501801e-20,0.04099942866928528,5.907350849298922e-19,2.7241822099949167e-18,-1.3257389876278937e-19,1.0,6453.99162842964,6453.99162842964,-6453.99162842964,-6453.99162842964,549.9999999999993,549.9999999999993,-549.9999999999993,-549.9999999999993
31.203,0.25,5.72304754154373e-20,-1.011201927501801e-20,0.04099942866928528,5.907350849298922e-19,2.7241822099949167e-18,-1.3257389876278937e-19,1.0,6464.991628429643,6464.991628429643,-6464.991628429643,-6464.991628429643,549.9999999999993,549.9999999999993,-549.9999999999993,-549.9999999999993
31.223,0.25,5.72304754154373e-20,-1.011201927501801e-20,0.04099942866928528,5.907350849298922e-19,2.7241822099949167e-18,-1.3257389876278937e-19,1.0,6475.991628429647,6475.991628429647,-6475.991628429647,-6475.991628429647,549.9999999999993,549.9999999999993,-549.9999999999993,-549.9999999999993
31.243,0.25,5.72304754154373e-20,-1.011201927501801e-20,0.04099942866928528,5.907350849298922e-19,2.7241822099949167e-18,-1.3257389876278937e-19,1.0,6486.9916284296505,6486.9916284296505,-6486.9916284296505,-6486.9916284296505,549.9999999999993,549.9999999999993,-549.9999999999993,-549.9999999999993
31.263,0.25,5.72304754154373e-20,-1.011201927501801e-20,0.04099942866928528,5.907350849298922e-19,2.7241822099949167e-18,-1.3257389876278937e-19,1.0,6497.991628429654,6497.991628429654,-6497.991628429654,-6497.991628429654,549.9999999999993,549.9999999999993,-549.9999999999993,-549.9999999999993
31.283,0.25,5.72304754154373e-20,-1.011201927501801e-20,0.04099942866928528,5.907350849298922e-19,2.7241822099949167e-18,-1.3257389876278937e-19,1.0,6508.991628429658,6508.991628429658,-6508.991628429658,-6508.991628429658,549.9999999999993,549.9999999999993,-549.9999999999993,-549.9999999999993
31.303,0.25,5.72304754154373e-20,-1.011201927501801e-20,0.04099942866928528,5.907350849298922e-19,2.7241822099949167e-18,-1.3257389876278937e-19,1.0,6519.991628429661,6519.991628429661,-6519.991628429661,-6519.991628429661,549.9999999999993,549.9999999999993,-549.9999999999993,-549.9999999999993
31.323,0.25,5.72304754154373e-20,-1.011201927501801e-20,0.04099942866928528,5.907350849298922e-19,2.7241822099949167e-18,-1.3257389876278937e-19,1.0,6530.991628429665,6530.991628429665,-6530.991628429665,-6530.991628429665,549.9999999999993,549.9999999999993,-549.9999999999993,-549.9999999999993
31.343,0.25,5.72304754154373e-20,-1.011201927501801e-20,0.04099942866928528,5.907350849298922e-19,2.7241822099949167e-18,-1.3257389876278937e-19,1.0,6541.991628429669,6541.991628429669,-6541.991628429669,-6541.991628429669,549.9999999999993,549.9999999999993,-549.9999999999993,-549.9999999999993
31.363,0.25,5.72304754154373e-20,-1.011201927501801e-20,0.04099942866928528,5.907350849298922e-19,2.7241822099949167e-18,-1.3257389876278937e-19,1.0,6552.991628429672,6552.991628429672,-6552.991628429672,-6552.991628429672,549.9999999999993,549.9999999999993,-549.9999999999993,-549.9999999999993
31.383,0.25,5.72304754154373e-20,-1.011201927501801e-20,0.04099942866928528,5.907350849298922e-19,2.7241822099949167e-18,-1.3257389876278937e-19,1.0,6563.991628429676,6563.991628429676,-6563.991628429676,-6563.991628429676,549.9999999999993,549.9999999999993,-549.9999999999993,-549.9999999999993
31.403,0.25,5.72304754154373e-20,-1.011201927501801e-20,0.04099942866928528,5.907350849298922e-19,2.7241822099949167e-18,-1.3257389876278937e-19,1.0,6574.99162842968,6574.99162842968,-6574.99162842968,-6574.99162842968,549.9999999999993,549.9999999999993,-549.9999999999993,-549.9999999999993
31.423000000000002,0.25,5.72304754154373e-20,-1.011201927501801e-20,0.04099942866928528,5.907350849298922e-19,2.7241822099949167e-18,-1.3257389876278937e-19,1.0,6585.991628429683,6585.991628429683,-6585.991628429683,-6585.991628429683,549.9999999999993,549.9999999999993,-549.9999999999993,-549.9999999999993
31.443,0.25,5.72304754154373e-20,-1.011201927501801e-20,0.04099942866928528,5.907350849298922e-19,2.7241822099949167e-18,-1.3257389876278937e-19,1.0,6596.991628429687,6596.991628429687,-6596.991628429687,-6596.991628429687,549.9999999999993,549.9999999999993,-549.9999999999993,-549.9999999999993
31.463,0.25,5.72304754154373e-20,-1.011201927501801e-20,0.04099942866928528,5.907350849298922e-19,2.7241822099949167e-18,-1.3257389876278937e-19,1.0,6607.9916284296905,6607.9916284296905,-6607.9916284296905,-6607.9916284296905,549.9999999999993,549.9999999999993,-549.9999999999993,-549.9999999999993
31.483,0.25,5.72304754154373e-20,-1.011201927501801e-20,0.04099942866928528,5.907350849298922e-19,2.7241822099949167e-18,-1.3257389876278937e-19,1.0,6618.991628429694,6618.991628429694,-6618.991628429694,-6618.991628429694,549.9999999999993,549.9999999999993,-549.9999999999993,-549.9999999999993
31.503,0.25,5.72304754154373e-20,-1.011201927501801e-20,0.04099942866928528,5.907350849298922e-19,2.7241822099949167e-18,-1.3257389876278937e-19,1.0,6629.991628429698,6629.991628429698,-6629.991628429698,-6629.991628429698,549.9999999999993,549.9999999999993,-549.9999999999993,-549.9999999999993
31.523,0.25,5.72304754154373e-20,-1.011201927501801e-20,0.04099942866928528,5.907350849298922e-19,2.7241822099949167e-18,-1.3257389876278937e-19,1.0,6640.991628429701,6640.991628429701,-6640.991628429701,-6640.991628429701,549.9999999999993,549.9999999999993,-549.9999999999993,-549.9999999999993
31.543,0.25,5.72304754154373e-20,-1.011201927501801e-20,0.04099942866928528,5.907350849298922e-19,2.7241822099949167e-18,-1.3257389876278937e-19,1.0,6651.991628429705,6651.991628429705,-6651.991628429705,-6651.991628429705,549.9999999999993,549.9999999999993,-549.9999999999993,-549.9999999999993
31.563,0.25,5.72304754154373e-20,-1.011201927501801e-20,0.04099942866928528,5.907350849298922e-19,2.7241822099949167e-18,-1.3257389876278937e-19,1.0,6662.991628429709,6662.991628429709,-6662.991628429709,-6662.991628429709,549.9999999999993,549.9999999999993,-549.9999999999993,-549.9999999999993
31.583,0.25,5.72304754154373e-20,-1.011201927501801e-20,0.04099942866928528,5.907350849298922e-19,2.7241822099949167e-18,-1.3257389876278937e-19,1.0,6673.991628429712,6673.991628429712,-6673.991628429712,-6673.991628429712,549.9999999999993,549.9999999999993,-549.9999999999993,-549.9999999999993
31.603,0.25,5.72304754154373e-20,-1.011201927501801e-20,0.04099942866928528,5.907350849298922e-19,2.7241822099949167e-18,-1.3257389876278937e-19,1.0,6684.991628429716,6684.991628429716,-6684.991628429716,-6684.991628429716,549.9999999999993,549.9999999999993,-549.9999999999993,-549.9999999999993
31.623,0.25,5.72304754154373e-20,-1.011201927501801e-20,0.04099942866928528,5.907350849298922e-19,2.7241822099949167e-18,-1.3257389876278937e-19,1.0,6695.99162842972,6695.99162842972,-6695.99162842972,-6695.99162842972,549.9999999999993,549.9999999999993,-549.9999999999993,-549.9999999999993
31.643,0.25,5.72304754154373e-20,-1.011201927501801e-20,0.04099942866928528,5.907350849298922e-19,2.7241822099949167e-18,-1.3257389876278937e-19,1.0,6706.991628429723,6706.991628429723,-6706.991628429723,-6706.991628429723,549.9999999999993,549.9999999999993,-549.9999999999993,-549.9999999999993
31.663,0.25,5.72304754154373e-20,-1.011201927501801e-20,0.04099942866928528,5.907350849298922e-19,2.7241822099949167e-18,-1.3257389876278937e-19,1.0,6717.991628429727,6717.991628429727,-6717.991628429727,-6717.991628429727,549.9999999999993,549.9999999999993,-549.9999999999993,-549.9999999999993
31.683,0.25,5.72304754154373e-20,-1.011201927501801e-20,0.04099942866928528,5.907350849298922e-19,2.7241822099949167e-18,-1.3257389876278937e-19,1.0,6728.991628429731,6728.991628429731,-6728.991628429731,-6728.991628429731,549.9999999999993,549.9999999999993,-549.9999999999993,-549.9999999999993
31.703,0.25,5.72304754154373e-20,-1.011201927501801e-20,0.04099942866928528,5.907350849298922e-19,2.7241822099949167e-18,-1.3257389876278937e-19,1.0,6739.991628429734,6739.991628429734,-6739.991628429734,-6739.991628429734,549.9999999999993,549.9999999999993,-549.9999999999993,-549.9999999999993
31.723,0.25,5.72304754154373e-20,-1.011201927501801e-20,0.04099942866928528,5.907350849298922e-19,2.7241822099949167e-18,-1.3257389876278937e-19,1.0,6750.991628429738,6750.991628429738,-6750.991628429738,-6750.991628429738,549.9999999999993,549.9999999999993,-549.9999999999993,-549.9999999999993
31.743,0.25,5.72304754154373e-20,-1.011201927501801e-20,0.04099942866928528,5.907350849298922e-19,2.7241822099949167e-18,-1.3257389876278937e-19,1.0,6761.9916284297415,6761.9916284297415,-6761.9916284297415,-6761.9916284297415,549.9999999999993,549.9999999999993,-549.9999999999993,-549.9999999999993
31.763,0.25,5.72304754154373e-20,-1.011201927501801e-20,0.04099942866928528,5.907350849298922e-19,2.7241822099949167e-18,-1.3257389876278937e-19,1.0,6772.991628429745,6772.991628429745,-6772.991628429745,-6772.991628429745,549.9999999999993,549.9999999999993,-549.9999999999993,-549.9999999999993
31.783,0.25,5.72304754154373e-20,-1.011201927501801e-20,0.04099942866928528,5.907350849298922e-19,2.7241822099949167e-18,-1.3257389876278937e-19,1.0,6783.991628429749,6783.991628429749,-6783.991628429749,-6783.991628429749,549.9999999999993,549.9999999999993,-549.9999999999993,-549.9999999999993
31.803,0.25,5.72304754154373e-20,-1.011201927501801e-20,0.04099942866928528,5.907350849298922e-19,2.7241822099949167e-18,-1.3257389876278937e-19,1.0,6794.991628429752,6794.991628429752,-6794.991628429752,-6794.991628429752,549.9999999999993,549.9999999999993,-549.9999999999993,-549.9999999999993
31.823,0.25,5.72304754154373e-20,-1.011201927501801e-20,0.04099942866928528,5.907350849298922e-19,2.7241822099949167e-18,-1.3257389876278937e-19,1.0,6805.991628429756,6805.991628429756,-6805.991628429756,-6805.991628429756,549.9999999999993,549.9999999999993,-549.9999999999993,-549.9999999999993
31.843,0.25,5.72304754154373e-20,-1.011201927501801e-20,0.04099942866928528,5.907350849298922e-19,2.7241822099949167e-18,-1.3257389876278937e-19,1.0,6816.99162842976,6816.99162842976,-6816.99162842976,-6816.99162842976,549.9999999999993,549.9999999999993,-549.9999999999993,-549.9999999999993
31.863,0.25,5.72304754154373e-20,-1.011201927501801e-20,0.04099942866928528,5.907350849298922e-19,2.7241822099949167e-18,-1.3257389876278937e-19,1.0,6827.991628429763,6827.991628429763,-6827.991628429763,-6827.991628429763,549.9999999999993,549.9999999999993,-549.9999999999993,-549.9999999999993
31.883,0.25,5.72304754154373e-20,-1.011201927501801e-20,0.04099942866928528,5.907350849298922e-19,2.7241822099949167e-18,-1.3257389876278937e-19,1.0,6838.991628429767,6838.991628429767,-6838.991628429767,-6838.991628429767,549.9999999999993,549.9999999999993,-549.9999999999993,-549.9999999999993
31.903,0.25,5.72304754154373e-20,-1.011201927501801e-20,0.04099942866928528,5.907350849298922e-19,2.7241822099949167e-18,-1.3257389876278937e-19,1.0,6849.991628429771,6849.991628429771,-6849.991628429771,-6849.991628429771,549.9999999999993,549.9999999999993,-549.9999999999993,-549.9999999999993
31.923000000000002,0.25,5.72304754154373e-20,-1.011201927501801e-20,0.04099942866928528,5.907350849298922e-19,2.7241822099949167e-18,-1.3257389876278937e-19,1.0,6860.991628429774,6860.991628429774,-6860.991628429774,-6860.991628429774,549.9999999999993,549.9999999999993,-549.9999999999993,-549.9999999999993
31.943,0.25,5.72304754154373e-20,-1.011201927501801e-20,0.04099942866928528,5.907350849298922e-19,2.7241822099949167e-18,-1.3257389876278937e-19,1.0,6871.991628429778,6871.991628429778,-6871.991628429778,-6871.991628429778,549.9999999999993,549.9999999999993,-549.9999999999993,-549.9999999999993
31.963,0.25,5.72304754154373e-20,-1.011201927501801e-20,0.04099942866928528,5.907350849298922e-19,2.7241822099949167e-18,-1.3257389876278937e-19,1.0,6882.9916284297815,6882.9916284297815,-6882.9916284297815,-6882.9916284297815,549.9999999999993,549.9999999999993,-549.9999999999993,-549.9999999999993
31.983,0.25,5.72304754154373e-20,-1.011201927501801e-20,0.04099942866928528,5.907350849298922e-19,2.7241822099949167e-18,-1.3257389876278937e-19,1.0,6893.991628429785,6893.991628429785,-6893.991628429785,-6893.991628429785,549.9999999999993,549.9999999999993,-549.9999999999993,-549.9999999999993
32.003,0.25,5.72304754154373e-20,-1.011201927501801e-20,0.04099942866928528,5.907350849298922e-19,2.7241822099949167e-18,-1.3257389876278937e-19,1.0,6904.991628429789,6904.991628429789,-6904.991628429789,-6904.991628429789,549.9999999999993,549.9999999999993,-549.9999999999993,-549.9999999999993
32.024,0.25,5.72304754154373e-20,-1.011201927501801e-20,0.04099942866928528,5.907350849298922e-19,2.7241822099949167e-18,-1.3257389876278937e-19,1.0,6915.991628429792,6915.991628429792,-6915.991628429792,-6915.991628429792,549.9999999999993,549.9999999999993,-549.9999999999993,-549.9999999999993
32.043,0.25,5.72304754154373e-20,-1.011201927501801e-20,0.04099942866928528,5.907350849298922e-19,2.7241822099949167e-18,-1.3257389876278937e-19,1.0,6926.991628429796,6926.991628429796,-6926.991628429796,-6926.991628429796,549.9999999999993,549.9999999999993,-549.9999999999993,-549.9999999999993
32.063,0.25,5.72304754154373e-20,-1.011201927501801e-20,0.04099942866928528,5.907350849298922e-19,2.7241822099949167e-18,-1.3257389876278937e-19,1.0,6937.9916284298,6937.9916284298,-6937.9916284298,-6937.9916284298,549.9999999999993,549.9999999999993,-549.9999999999993,-549.9999999999993
32.083,0.25,5.72304754154373e-20,-1.011201927501801e-20,0.04099942866928528,5.907350849298922e-19,2.7241822099949167e-18,-1.3257389876278937e-19,1.0,6948.991628429803,6948.991628429803,-6948.991628429803,-6948.991628429803,549.9999999999993,549.9999999999993,-549.9999999999993,-549.9999999999993
32.103,0.25,5.72304754154373e-20,-1.011201927501801e-20,0.04099942866928528,5.907350849298922e-19,2.7241822099949167e-18,-1.3257389876278937e-19,1.0,6959.991628429807,6959.991628429807,-6959.991628429807,-6959.991628429807,549.9999999999993,549.9999999999993,-549.9999999999993,-549.9999999999993
32.123,0.25,5.72304754154373e-20,-1.011201927501801e-20,0.04099942866928528,5.907350849298922e-19,2.7241822099949167e-18,-1.3257389876278937e-19,1.0,6970.991628429811,6970.991628429811,-6970.991628429811,-6970.991628429811,549.9999999999993,549.9999999999993,-549.9999999999993,-549.9999999999993
32.143,0.25,5.72304754154373e-20,-1.011201927501801e-20,0.04099942866928528,5.907350849298922e-19,2.7241822099949167e-18,-1.3257389876278937e-19,1.0,6981.991628429814,6981.991628429814,-6981.991628429814,-6981.991628429814,549.9999999999993,549.9999999999993,-549.9999999999993,-549.9999999999993
32.163,0.25,5.72304754154373e-20,-1.011201927501801e-20,0.04099942866928528,5.907350849298922e-19,2.7241822099949167e-18,-1.3257389876278937e-19,1.0,6992.991628429818,6992.991628429818,-6992.991628429818,-6992.991628429818,549.9999999999993,549.9999999999993,-549.9999999999993,-549.9999999999993
32.183,0.25,5.72304754154373e-20,-1.011201927501801e-20,0.04099942866928528,5.907350849298922e-19,2.7241822099949167e-18,-1.3257389876278937e-19,1.0,7003.9916284298215,7003.9916284298215,-7003.9916284298215,-7003.9916284298215,549.9999999999993,549.9999999999993,-549.9999999999993,-549.9999999999993
32.203,0.25,5.72304754154373e-20,-1.011201927501801e-20,0.04099942866928528,5.907350849298922e-19,2.7241822099949167e-18,-1.3257389876278937e-19,1.0,7014.991628429825,7014.991628429825,-7014.991628429825,-7014.991628429825,549.9999999999993,549.9999999999993,-549.9999999999993,-549.9999999999993
32.223,0.25,5.72304754154373e-20,-1.011201927501801e-20,0.04099942866928528,5.907350849298922e-19,2.7241822099949167e-18,-1.3257389876278937e-19,1.0,7025.991628429829,7025.991628429829,-7025.991628429829,-7025.991628429829,549.9999999999993,549.9999999999993,-549.9999999999993,-549.9999999999993
32.243,0.25,5.72304754154373e-20,-1.011201927501801e-20,0.04099942866928528,5.907350849298922e-19,2.7241822099949167e-18,-1.3257389876278937e-19,1.0,7036.991628429832,7036.991628429832,-7036.991628429832,-7036.991628429832,549.9999999999993,549.9999999999993,-549.9999999999993,-549.9999999999993
32.263,0.25,5.72304754154373e-20,-1.011201927501801e-20,0.04099942866928528,5.907350849298922e-19,2.7241822099949167e-18,-1.3257389876278937e-19,1.0,7047.991628429836,7047.991628429836,-7047.991628429836,-7047.991628429836,549.9999999999993,549.9999999999993,-549.9999999999993,-549.9999999999993
32.283,0.25,5.72304754154373e-20,-1.011201927501801e-20,0.04099942866928528,5.907350849298922e-19,2.7241822099949167e-18,-1.3257389876278937e-19,1.0,7058.99162842984,7058.99162842984,-7058.99162842984,-7058.99162842984,549.9999999999993,549.9999999999993,-549.9999999999993,-549.9999999999993
32.303,0.25,5.72304754154373e-20,-1.011201927501801e-20,0.04099942866928528,5.907350849298922e-19,2.7241822099949167e-18,-1.3257389876278937e-19,1.0,7069.991628429843,7069.991628429843,-7069.991628429843,-7069.991628429843,549.9999999999993,549.9999999999993,-549.9999999999993,-549.9999999999993
32.323,0.25,5.72304754154373e-20,-1.011201927501801e-20,0.04099942866928528,5.907350849298922e-19,2.7241822099949167e-18,-1.3257389876278937e-19,1.0,7080.991628429847,7080.991628429847,-7080.991628429847,-7080.991628429847,549.9999999999993,549.9999999999993,-549.9999999999993,-549.9999999999993
32.343,0.25,5.72304754154373e-20,-1.011201927501801e-20,0.04099942866928528,5.907350849298922e-19,2.7241822099949167e-18,-1.3257389876278937e-19,1.0,7091.991628429851,7091.991628429851,-7091.991628429851,-7091.991628429851,549.9999999999993,549.9999999999993,-549.9999999999993,-549.9999999999993
32.363,0.25,5.72304754154373e-20,-1.011201927501801e-20,0.04099942866928528,5.907350849298922e-19,2.7241822099949167e-18,-1.3257389876278937e-19,1.0,7102.991628429854,7102.991628429854,-7102.991628429854,-7102.991628429854,549.9999999999993,549.9999999999993,-549.9999999999993,-549.9999999999993
32.383,0.25,5.72304754154373e-20,-1.011201927501801e-20,0.04099942866928528,5.907350849298922e-19,2.7241822099949167e-18,-1.3257389876278937e-19,1.0,7113.991628429858,7113.991628429858,-7113.991628429858,-7113.991628429858,549.9999999999993,549.9999999999993,-549.9999999999993,-549.9999999999993
32.403,0.25,5.72304754154373e-20,-1.011201927501801e-20,0.04099942866928528,5.907350849298922e-19,2.7241822099949167e-18,-1.3257389876278937e-19,1.0,7124.9916284298615,7124.9916284298615,-7124.9916284298615,-7124.9916284298615,549.9999999999993,549.9999999999993,-549.9999999999993,-549.9999999999993
32.423,0.25,5.72304754154373e-20,-1.011201927501801e-20,0.04099942866928528,5.907350849298922e-19,2.7241822099949167e-18,-1.3257389876278937e-19,1.0,7135.991628429865,7135.991628429865,-7135.991628429865,-7135.991628429865,549.9999999999993,549.9999999999993,-549.9999999999993,-549.9999999999993
32.443,0.25,5.72304754154373e-20,-1.011201927501801e-20,0.04099942866928528,5.907350849298922e-19,2.7241822099949167e-18,-1.3257389876278937e-19,1.0,7146.991628429869,7146.991628429869,-7146.991628429869,-7146.991628429869,549.9999999999993,549.9999999999993,-549.9999999999993,-549.9999999999993
32.463,0.25,5.72304754154373e-20,-1.011201927501801e-20,0.04099942866928528,5.907350849298922e-19,2.7241822099949167e-18,-1.3257389876278937e-19,1.0,7157.991628429872,7157.991628429872,-7157.991628429872,-7157.991628429872,549.9999999999993,549.9999999999993,-549.9999999999993,-549.9999999999993
32.483,0.25,5.72304754154373e-20,-1.011201927501801e-20,0.04099942866928528,5.907350849298922e-19,2.7241822099949167e-18,-1.3257389876278937e-19,1.0,7168.991628429876,7168.991628429876,-7168.991628429876,-7168.991628429876,549.9999999999993,549.9999999999993,-549.9999999999993,-549.9999999999993
32.503,0.25,5.72304754154373e-20,-1.011201927501801e-20,0.04099942866928528,5.907350849298922e-19,2.7241822099949167e-18,-1.3257389876278937e-19,1.0,7179.99162842988,7179.99162842988,-7179.99162842988,-7179.99162842988,549.9999999999993,549.9999999999993,-549.9999999999993,-549.9999999999993
32.523,0.25,5.72304754154373e-20,-1.011201927501801e-20,0.04099942866928528,5.907350849298922e-19,2.7241822099949167e-18,-1.3257389876278937e-19,1.0,7190.991628429883,7190.991628429883,-7190.991628429883,-7190.991628429883,549.9999999999993,549.9999999999993,-549.9999999999993,-549.9999999999993
32.543,0.25,5.72304754154373e-20,-1.011201927501801e-20,0.04099942866928528,5.907350849298922e-19,2.7241822099949167e-18,-1.3257389876278937e-19,1.0,7201.991628429887,7201.991628429887,-7201.991628429887,-7201.991628429887,549.9999999999993,549.9999999999993,-549.9999999999993,-549.9999999999993
32.563,0.25,5.72304754154373e-20,-1.011201927501801e-20,0.04099942866928528,5.907350849298922e-19,2.7241822099949167e-18,-1.3257389876278937e-19,1.0,7212.991628429891,7212.991628429891,-7212.991628429891,-7212.991628429891,549.9999999999993,549.9999999999993,-549.9999999999993,-549.9999999999993
32.583,0.25,5.72304754154373e-20,-1.011201927501801e-20,0.04099942866928528,5.907350849298922e-19,2.7241822099949167e-18,-1.3257389876278937e-19,1.0,7223.991628429894,7223.991628429894,-7223.991628429894,-7223.991628429894,549.9999999999993,549.9999999999993,-549.9999999999993,-549.9999999999993
32.603,0.25,5.72304754154373e-20,-1.011201927501801e-20,0.04099942866928528,5.907350849298922e-19,2.7241822099949167e-18,-1.3257389876278937e-19,1.0,7234.991628429898,7234.991628429898,-7234.991628429898,-7234.991628429898,549.9999999999993,549.9999999999993,-549.9999999999993,-549.9999999999993
32.623,0.25,5.72304754154373e-20,-1.011201927501801e-20,0.04099942866928528,5.907350849298922e-19,2.7241822099949167e-18,-1.3257389876278937e-19,1.0,7245.9916284299015,7245.9916284299015,-7245.9916284299015,-7245.9916284299015,549.9999999999993,549.9999999999993,-549.9999999999993,-549.9999999999993
32.643,0.25,5.72304754154373e-20,-1.011201927501801e-20,0.04099942866928528,5.907350849298922e-19,2.7241822099949167e-18,-1.3257389876278937e-19,1.0,7256.991628429905,7256.991628429905,-7256.991628429905,-7256.991628429905,549.9999999999993,549.9999999999993,-549.9999999999993,-549.9999999999993
32.663,0.25,5.72304754154373e-20,-1.011201927501801e-20,0.04099942866928528,5.907350849298922e-19,2.7241822099949167e-18,-1.3257389876278937e-19,1.0,7267.991628429909,7267.991628429909,-7267.991628429909,-7267.991628429909,549.9999999999993,549.9999999999993,-549.9999999999993,-549.9999999999993
32.683,0.25,5.72304754154373e-20,-1.011201927501801e-20,0.04099942866928528,5.907350849298922e-19,2.7241822099949167e-18,-1.3257389876278937e-19,1.0,7278.991628429912,7278.991628429912,-7278.991628429912,-7278.991628429912,549.9999999999993,549.9999999999993,-549.9999999999993,-549.9999999999993
32.703,0.25,5.72304754154373e-20,-1.011201927501801e-20,0.04099942866928528,5.907350849298922e-19,2.7241822099949167e-18,-1.3257389876278937e-19,1.0,7289.991628429916,7289.991628429916,-7289.991628429916,-7289.991628429916,549.9999999999993,549.9999999999993,-549.9999999999993,-549.9999999999993
32.723,0.25,5.72304754154373e-20,-1.011201927501801e-20,0.04099942866928528,5.907350849298922e-19,2.7241822099949167e-18,-1.3257389876278937e-19,1.0,7300.99162842992,7300.99162842992,-7300.99162842992,-7300.99162842992,549.9999999999993,549.9999999999993,-549.9999999999993,-549.9999999999993
32.743,0.25,5.72304754154373e-20,-1.011201927501801e-20,0.04099942866928528,5.907350849298922e-19,2.7241822099949167e-18,-1.3257389876278937e-19,1.0,7311.991628429923,7311.991628429923,-7311.991628429923,-7311.991628429923,549.9999999999993,549.9999999999993,-549.9999999999993,-549.9999999999993
32.763,0.25,5.72304754154373e-20,-1.011201927501801e-20,0.04099942866928528,5.907350849298922e-19,2.7241822099949167e-18,-1.3257389876278937e-19,1.0,7322.991628429927,7322.991628429927,-7322.991628429927,-7322.991628429927,549.9999999999993,549.9999999999993,-549.9999999999993,-549.9999999999993
32.783,0.25,5.72304754154373e-20,-1.011201927501801e-20,0.04099942866928528,5.907350849298922e-19,2.7241822099949167e-18,-1.3257389876278937e-19,1.0,7333.991628429931,7333.991628429931,-7333.991628429931,-7333.991628429931,549.9999999999993,549.9999999999993,-549.9999999999993,-549.9999999999993
32.803,0.25,5.72304754154373e-20,-1.011201927501801e-20,0.04099942866928528,5.907350849298922e-19,2.7241822099949167e-18,-1.3257389876278937e-19,1.0,7344.991628429934,7344.991628429934,-7344.991628429934,-7344.991628429934,549.9999999999993,549.9999999999993,-549.9999999999993,-549.9999999999993
32.823,0.25,5.72304754154373e-20,-1.011201927501801e-20,0.04099942866928528,5.907350849298922e-19,2.7241822099949167e-18,-1.3257389876278937e-19,1.0,7355.991628429938,7355.991628429938,-7355.991628429938,-7355.991628429938,549.9999999999993,549.9999999999993,-549.9999999999993,-549.9999999999993
32.843,0.25,5.72304754154373e-20,-1.011201927501801e-20,0.04099942866928528,5.907350849298922e-19,2.7241822099949167e-18,-1.3257389876278937e-19,1.0,7366.991628429942,7366.991628429942,-7366.991628429942,-7366.991628429942,549.9999999999993,549.9999999999993,-549.9999999999993,-549.9999999999993
32.863,0.25,5.72304754154373e-20,-1.011201927501801e-20,0.04099942866928528,5.907350849298922e-19,2.7241822099949167e-18,-1.3257389876278937e-19,1.0,7377.991628429945,7377.991628429945,-7377.991628429945,-7377.991628429945,549.9999999999993,549.9999999999993,-549.9999999999993,-549.9999999999993
32.883,0.25,5.72304754154373e-20,-1.011201927501801e-20,0.04099942866928528,5.907350849298922e-19,2.7241822099949167e-18,-1.3257389876278937e-19,1.0,7388.991628429949,7388.991628429949,-7388.991628429949,-7388.991628429949,549.9999999999993,549.9999999999993,-549.9999999999993,-549.9999999999993
32.903,0.25,5.72304754154373e-20,-1.011201927501801e-20,0.04099942866928528,5.907350849298922e-19,2.7241822099949167e-18,-1.3257389876278937e-19,1.0,7399.9916284299525,7399.9916284299525,-7399.9916284299525,-7399.9916284299525,549.9999999999993,549.9999999999993,-549.9999999999993,-549.9999999999993
32.923,0.25,5.72304754154373e-20,-1.011201927501801e-20,0.04099942866928528,5.907350849298922e-19,2.7241822099949167e-18,-1.3257389876278937e-19,1.0,7410.991628429956,7410.991628429956,-7410.991628429956,-7410.991628429956,549.9999999999993,549.9999999999993,-549.9999999999993,-549.9999999999993
32.943,0.25,5.72304754154373e-20,-1.011201927501801e-20,0.04099942866928528,5.907350849298922e-19,2.7241822099949167e-18,-1.3257389876278937e-19,1.0,7421.99162842996,7421.99162842996,-7421.99162842996,-7421.99162842996,549.9999999999993,549.9999999999993,-549.9999999999993,-549.9999999999993
32.963,0.25,5.72304754154373e-20,-1.011201927501801e-20,0.04099942866928528,5.907350849298922e-19,2.7241822099949167e-18,-1.3257389876278937e-19,1.0,7432.991628429963,7432.991628429963,-7432.991628429963,-7432.991628429963,549.9999999999993,549.9999999999993,-549.9999999999993,-549.9999999999993
32.983,0.25,5.72304754154373e-20,-1.011201927501801e-20,0.04099942866928528,5.907350849298922e-19,2.7241822099949167e-18,-1.3257389876278937e-19,1.0,7443.991628429967,7443.991628429967,-7443.991628429967,-7443.991628429967,549.9999999999993,549.9999999999993,-549.9999999999993,-549.9999999999993
33.003,0.25,5.72304754154373e-20,-1.011201927501801e-20,0.04099942866928528,5.907350849298922e-19,2.7241822099949167e-18,-1.3257389876278937e-19,1.0,7454.991628429971,7454.991628429971,-7454.991628429971,-7454.991628429971,549.9999999999993,549.9999999999993,-549.9999999999993,-549.9999999999993
33.023,0.25,5.72304754154373e-20,-1.011201927501801e-20,0.04099942866928528,5.907350849298922e-19,2.7241822099949167e-18,-1.3257389876278937e-19,1.0,7465.991628429974,7465.991628429974,-7465.991628429974,-7465.991628429974,549.9999999999993,549.9999999999993,-549.9999999999993,-549.9999999999993
33.043,0.25,5.72304754154373e-20,-1.011201927501801e-20,0.04099942866928528,5.907350849298922e-19,2.7241822099949167e-18,-1.3257389876278937e-19,1.0,7476.991628429978,7476.991628429978,-7476.991628429978,-7476.991628429978,549.9999999999993,549.9999999999993,-549.9999999999993,-549.9999999999993
33.063,0.25,5.72304754154373e-20,-1.011201927501801e-20,0.04099942866928528,5.907350849298922e-19,2.7241822099949167e-18,-1.3257389876278937e-19,1.0,7487.991628429982,7487.991628429982,-7487.991628429982,-7487.991628429982,549.9999999999993,549.9999999999993,-549.9999999999993,-549.9999999999993
33.083,0.25,5.72304754154373e-20,-1.011201927501801e-20,0.04099942866928528,5.907350849298922e-19,2.7241822099949167e-18,-1.3257389876278937e-19,1.0,7498.991628429985,7498.991628429985,-7498.991628429985,-7498.991628429985,549.9999999999993,549.9999999999993,-549.9999999999993,-549.9999999999993
33.103,0.25,5.72304754154373e-20,-1.011201927501801e-20,0.04099942866928528,5.907350849298922e-19,2.7241822099949167e-18,-1.3257389876278937e-19,1.0,7509.991628429989,7509.991628429989,-7509.991628429989,-7509.991628429989,549.9999999999993,549.9999999999993,-549.9999999999993,-549.9999999999993
33.123,0.25,5.72304754154373e-20,-1.011201927501801e-20,0.04099942866928528,5.907350849298922e-19,2.7241822099949167e-18,-1.3257389876278937e-19,1.0,7520.9916284299925,7520.9916284299925,-7520.9916284299925,-7520.9916284299925,549.9999999999993,549.9999999999993,-549.9999999999993,-549.9999999999993
33.143,0.25,5.72304754154373e-20,-1.011201927501801e-20,0.04099942866928528,5.907350849298922e-19,2.7241822099949167e-18,-1.3257389876278937e-19,1.0,7531.991628429996,7531.991628429996,-7531.991628429996,-7531.991628429996,549.9999999999993,549.9999999999993,-549.9999999999993,-549.9999999999993
33.163,0.25,5.72304754154373e-20,-1.011201927501801e-20,0.04099942866928528,5.907350849298922e-19,2.7241822099949167e-18,-1.3257389876278937e-19,1.0,7542.99162843,7542.99162843,-7542.99162843,-7542.99162843,549.9999999999993,549.9999999999993,-549.9999999999993,-549.9999999999993
33.183,0.25,5.72304754154373e-20,-1.011201927501801e-20,0.04099942866928528,5.907350849298922e-19,2.7241822099949167e-18,-1.3257389876278937e-19,1.0,7553.991628430003,7553.991628430003,-7553.991628430003,-7553.991628430003,549.9999999999993,549.9999999999993,-549.9999999999993,-549.9999999999993
33.203,0.25,5.72304754154373e-20,-1.011201927501801e-20,0.04099942866928528,5.907350849298922e-19,2.7241822099949167e-18,-1.3257389876278937e-19,1.0,7564.991628430007,7564.991628430007,-7564.991628430007,-7564.991628430007,549.9999999999993,549.9999999999993,-549.9999999999993,-549.9999999999993
33.223,0.25,5.72304754154373e-20,-1.011201927501801e-20,0.04099942866928528,5.907350849298922e-19,2.7241822099949167e-18,-1.3257389876278937e-19,1.0,7575.991628430011,7575.991628430011,-7575.991628430011,-7575.991628430011,549.9999999999993,549.9999999999993,-549.9999999999993,-549.9999999999993
33.243,0.25,5.72304754154373e-20,-1.011201927501801e-20,0.04099942866928528,5.907350849298922e-19,2.7241822099949167e-18,-1.3257389876278937e-19,1.0,7586.991628430014,7586.991628430014,-7586.991628430014,-7586.991628430014,549.9999999999993,549.9999999999993,-549.9999999999993,-549.9999999999993
33.263,0.25,5.72304754154373e-20,-1.011201927501801e-20,0.04099942866928528,5.907350849298922e-19,2.7241822099949167e-18,-1.3257389876278937e-19,1.0,7597.991628430018,7597.991628430018,-7597.991628430018,-7597.991628430018,549.9999999999993,549.9999999999993,-549.9999999999993,-549.9999999999993
33.283,0.25,5.72304754154373e-20,-1.011201927501801e-20,0.04099942866928528,5.907350849298922e-19,2.7241822099949167e-18,-1.3257389876278937e-19,1.0,7608.991628430022,7608.991628430022,-7608.991628430022,-7608.991628430022,549.9999999999993,549.9999999999993,-549.9999999999993,-549.9999999999993
33.303,0.25,5.72304754154373e-20,-1.011201927501801e-20,0.04099942866928528,5.907350849298922e-19,2.7241822099949167e-18,-1.3257389876278937e-19,1.0,7619.991628430025,7619.991628430025,-7619.991628430025,-7619.991628430025,549.9999999999993,549.9999999999993,-549.9999999999993,-549.9999999999993
33.323,0.25,5.72304754154373e-20,-1.011201927501801e-20,0.04099942866928528,5.907350849298922e-19,2.7241822099949167e-18,-1.3257389876278937e-19,1.0,7630.991628430029,7630.991628430029,-7630.991628430029,-7630.991628430029,549.9999999999993,549.9999999999993,-549.9999999999993,-549.9999999999993
33.343,0.25,5.72304754154373e-20,-1.011201927501801e-20,0.04099942866928528,5.907350849298922e-19,2.7241822099949167e-18,-1.3257389876278937e-19,1.0,7641.9916284300325,7641.9916284300325,-7641.9916284300325,-7641.9916284300325,549.9999999999993,549.9999999999993,-549.9999999999993,-549.9999999999993
33.363,0.25,5.72304754154373e-20,-1.011201927501801e-20,0.04099942866928528,5.907350849298922e-19,2.7241822099949167e-18,-1.3257389876278937e-19,1.0,7652.991628430036,7652.991628430036,-7652.991628430036,-7652.991628430036,549.9999999999993,549.9999999999993,-549.9999999999993,-549.9999999999993
33.383,0.25,5.72304754154373e-20,-1.011201927501801e-20,0.04099942866928528,5.907350849298922e-19,2.7241822099949167e-18,-1.3257389876278937e-19,1.0,7663.99162843004,7663.99162843004,-7663.99162843004,-7663.99162843004,549.9999999999993,549.9999999999993,-549.9999999999993,-549.9999999999993
33.403,0.25,5.72304754154373e-20,-1.011201927501801e-20,0.04099942866928528,5.907350849298922e-19,2.7241822099949167e-18,-1.3257389876278937e-19,1.0,7674.991628430043,7674.991628430043,-7674.991628430043,-7674.991628430043,549.9999999999993,549.9999999999993,-549.9999999999993,-549.9999999999993
33.423,0.25,5.72304754154373e-20,-1.011201927501801e-20,0.04099942866928528,5.907350849298922e-19,2.7241822099949167e-18,-1.3257389876278937e-19,1.0,7685.991628430047,7685.991628430047,-7685.991628430047,-7685.991628430047,549.9999999999993,549.9999999999993,-549.9999999999993,-549.9999999999993
33.443,0.25,5.72304754154373e-20,-1.011201927501801e-20,0.04099942866928528,5.907350849298922e-19,2.7241822099949167e-18,-1.3257389876278937e-19,1.0,7696.991628430051,7696.991628430051,-7696.991628430051,-7696.991628430051,549.9999999999993,549.9999999999993,-549.9999999999993,-549.9999999999993
33.463,0.25,5.72304754154373e-20,-1.011201927501801e-20,0.04099942866928528,5.907350849298922e-19,2.7241822099949167e-18,-1.3257389876278937e-19,1.0,7707.991628430054,7707.991628430054,-7707.991628430054,-7707.991628430054,549.9999999999993,549.9999999999993,-549.9999999999993,-549.9999999999993
33.483,0.25,5.72304754154373e-20,-1.011201927501801e-20,0.04099942866928528,5.907350849298922e-19,2.7241822099949167e-18,-1.3257389876278937e-19,1.0,7718.991628430058,7718.991628430058,-7718.991628430058,-7718.991628430058,549.9999999999993,549.9999999999993,-549.9999999999993,-549.9999999999993
33.503,0.25,5.72304754154373e-20,-1.011201927501801e-20,0.04099942866928528,5.907350849298922e-19,2.7241822099949167e-18,-1.3257389876278937e-19,1.0,7729.991628430062,7729.991628430062,-7729.991628430062,-7729.991628430062,549.9999999999993,549.9999999999993,-549.9999999999993,-549.9999999999993
33.523,0.25,5.72304754154373e-20,-1.011201927501801e-20,0.04099942866928528,5.907350849298922e-19,2.7241822099949167e-18,-1.3257389876278937e-19,1.0,7740.991628430065,7740.991628430065,-7740.991628430065,-7740.991628430065,549.9999999999993,549.9999999999993,-549.9999999999993,-549.9999999999993
33.543,0.25,5.72304754154373e-20,-1.011201927501801e-20,0.04099942866928528,5.907350849298922e-19,2.7241822099949167e-18,-1.3257389876278937e-19,1.0,7751.991628430069,7751.991628430069,-7751.991628430069,-7751.991628430069,549.9999999999993,549.9999999999993,-549.9999999999993,-549.9999999999993
33.563,0.25,5.72304754154373e-20,-1.011201927501801e-20,0.04099942866928528,5.907350849298922e-19,2.7241822099949167e-18,-1.3257389876278937e-19,1.0,7762.9916284300725,7762.9916284300725,-7762.9916284300725,-7762.9916284300725,549.9999999999993,549.9999999999993,-549.9999999999993,-549.9999999999993
33.583,0.25,5.72304754154373e-20,-1.011201927501801e-20,0.04099942866928528,5.907350849298922e-19,2.7241822099949167e-18,-1.3257389876278937e-19,1.0,7773.991628430076,7773.991628430076,-7773.991628430076,-7773.991628430076,549.9999999999993,549.9999999999993,-549.9999999999993,-549.9999999999993
33.603,0.25,5.72304754154373e-20,-1.011201927501801e-20,0.04099942866928528,5.907350849298922e-19,2.7241822099949167e-18,-1.3257389876278937e-19,1.0,7784.99162843008,7784.99162843008,-7784.99162843008,-7784.99162843008,549.9999999999993,549.9999999999993,-549.9999999999993,-549.9999999999993
33.623,0.25,5.72304754154373e-20,-1.011201927501801e-20,0.04099942866928528,5.907350849298922e-19,2.7241822099949167e-18,-1.3257389876278937e-19,1.0,7795.991628430083,7795.991628430083,-7795.991628430083,-7795.991628430083,549.9999999999993,549.9999999999993,-549.9999999999993,-549.9999999999993
33.643,0.25,5.72304754154373e-20,-1.011201927501801e-20,0.04099942866928528,5.907350849298922e-19,2.7241822099949167e-18,-1.3257389876278937e-19,1.0,7806.991628430087,7806.991628430087,-7806.991628430087,-7806.991628430087,549.9999999999993,549.9999999999993,-549.9999999999993,-549.9999999999993
33.663,0.25,5.72304754154373e-20,-1.011201927501801e-20,0.04099942866928528,5.907350849298922e-19,2.7241822099949167e-18,-1.3257389876278937e-19,1.0,7817.991628430091,7817.991628430091,-7817.991628430091,-7817.991628430091,549.9999999999993,549.9999999999993,-549.9999999999993,-549.9999999999993
33.683,0.25,5.72304754154373e-20,-1.011201927501801e-20,0.04099942866928528,5.907350849298922e-19,2.7241822099949167e-18,-1.3257389876278937e-19,1.0,7828.991628430094,7828.991628430094,-7828.991628430094,-7828.991628430094,549.9999999999993,549.9999999999993,-549.9999999999993,-549.9999999999993
33.703,0.25,5.72304754154373e-20,-1.011201927501801e-20,0.04099942866928528,5.907350849298922e-19,2.7241822099949167e-18,-1.3257389876278937e-19,1.0,7839.991628430098,7839.991628430098,-7839.991628430098,-7839.991628430098,549.9999999999993,549.9999999999993,-549.9999999999993,-549.9999999999993
33.723,0.25,5.72304754154373e-20,-1.011201927501801e-20,0.04099942866928528,5.907350849298922e-19,2.7241822099949167e-18,-1.3257389876278937e-19,1.0,7850.991628430102,7850.991628430102,-7850.991628430102,-7850.991628430102,549.9999999999993,549.9999999999993,-549.9999999999993,-549.9999999999993
33.743,0.25,5.72304754154373e-20,-1.011201927501801e-20,0.04099942866928528,5.907350849298922e-19,2.7241822099949167e-18,-1.3257389876278937e-19,1.0,7861.991628430105,7861.991628430105,-7861.991628430105,-7861.991628430105,549.9999999999993,549.9999999999993,-549.9999999999993,-549.9999999999993
33.763,0.25,5.72304754154373e-20,-1.011201927501801e-20,0.04099942866928528,5.907350849298922e-19,2.7241822099949167e-18,-1.3257389876278937e-19,1.0,7872.991628430109,7872.991628430109,-7872.991628430109,-7872.991628430109,549.9999999999993,549.9999999999993,-549.9999999999993,-549.9999999999993
33.783,0.25,5.72304754154373e-20,-1.011201927501801e-20,0.04099942866928528,5.907350849298922e-19,2.7241822099949167e-18,-1.3257389876278937e-19,1.0,7883.9916284301125,7883.9916284301125,-7883.9916284301125,-7883.9916284301125,549.9999999999993,549.9999999999993,-549.9999999999993,-549.9999999999993
33.803,0.25,5.72304754154373e-20,-1.011201927501801e-20,0.04099942866928528,5.907350849298922e-19,2.7241822099949167e-18,-1.3257389876278937e-19,1.0,7894.991628430116,7894.991628430116,-7894.991628430116,-7894.991628430116,549.9999999999993,549.9999999999993,-549.9999999999993,-549.9999999999993
33.823,0.25,5.72304754154373e-20,-1.011201927501801e-20,0.04099942866928528,5.907350849298922e-19,2.7241822099949167e-18,-1.3257389876278937e-19,1.0,7905.99162843012,7905.99162843012,-7905.99162843012,-7905.99162843012,549.9999999999993,549.9999999999993,-549.9999999999993,-549.9999999999993
33.843,0.25,5.72304754154373e-20,-1.011201927501801e-20,0.04099942866928528,5.907350849298922e-19,2.7241822099949167e-18,-1.3257389876278937e-19,1.0,7916.9916284301235,7916.9916284301235,-7916.9916284301235,-7916.9916284301235,549.9999999999993,549.9999999999993,-549.9999999999993,-549.9999999999993
33.863,0.25,5.72304754154373e-20,-1.011201927501801e-20,0.04099942866928528,5.907350849298922e-19,2.7241822099949167e-18,-1.3257389876278937e-19,1.0,7927.991628430127,7927.991628430127,-7927.991628430127,-7927.991628430127,549.9999999999993,549.9999999999993,-549.9999999999993,-549.9999999999993
33.883,0.25,5.72304754154373e-20,-1.011201927501801e-20,0.04099942866928528,5.907350849298922e-19,2.7241822099949167e-18,-1.3257389876278937e-19,1.0,7938.991628430131,7938.991628430131,-7938.991628430131,-7938.991628430131,549.9999999999993,549.9999999999993,-549.9999999999993,-549.9999999999993
33.903,0.25,5.72304754154373e-20,-1.011201927501801e-20,0.04099942866928528,5.907350849298922e-19,2.7241822099949167e-18,-1.3257389876278937e-19,1.0,7949.991628430134,7949.991628430134,-7949.991628430134,-7949.991628430134,549.9999999999993,549.9999999999993,-549.9999999999993,-549.9999999999993
33.923,0.25,5.72304754154373e-20,-1.011201927501801e-20,0.04099942866928528,5.907350849298922e-19,2.7241822099949167e-18,-1.3257389876278937e-19,1.0,7960.991628430138,7960.991628430138,-7960.991628430138,-7960.991628430138,549.9999999999993,549.9999999999993,-549.9999999999993,-549.9999999999993
33.943,0.25,5.72304754154373e-20,-1.011201927501801e-20,0.04099942866928528,5.907350849298922e-19,2.7241822099949167e-18,-1.3257389876278937e-19,1.0,7971.991628430142,7971.991628430142,-7971.991628430142,-7971.991628430142,549.9999999999993,549.9999999999993,-549.9999999999993,-549.9999999999993
33.963,0.25,5.72304754154373e-20,-1.011201927501801e-20,0.04099942866928528,5.907350849298922e-19,2.7241822099949167e-18,-1.3257389876278937e-19,1.0,7982.991628430145,7982.991628430145,-7982.991628430145,-7982.991628430145,549.9999999999993,549.9999999999993,-549.9999999999993,-549.9999999999993
33.983,0.25,5.72304754154373e-20,-1.011201927501801e-20,0.04099942866928528,5.907350849298922e-19,2.7241822099949167e-18,-1.3257389876278937e-19,1.0,7993.991628430149,7993.991628430149,-7993.991628430149,-7993.991628430149,549.9999999999993,549.9999999999993,-549.9999999999993,-549.9999999999993
34.003,0.25,5.72304754154373e-20,-1.011201927501801e-20,0.04099942866928528,5.907350849298922e-19,2.7241822099949167e-18,-1.3257389876278937e-19,1.0,8004.991628430153,8004.991628430153,-8004.991628430153,-8004.991628430153,549.9999999999993,549.9999999999993,-549.9999999999993,-549.9999999999993
34.023,0.25,5.72304754154373e-20,-1.011201927501801e-20,0.04099942866928528,5.907350849298922e-19,2.7241822099949167e-18,-1.3257389876278937e-19,1.0,8015.991628430156,8015.991628430156,-8015.991628430156,-8015.991628430156,549.9999999999993,549.9999999999993,-549.9999999999993,-549.9999999999993
34.043,0.25,5.72304754154373e-20,-1.011201927501801e-20,0.04099942866928528,5.907350849298922e-19,2.7241822099949167e-18,-1.3257389876278937e-19,1.0,8026.99162843016,8026.99162843016,-8026.99162843016,-8026.99162843016,549.9999999999993,549.9999999999993,-549.9999999999993,-549.9999999999993
34.063,0.25,5.72304754154373e-20,-1.011201927501801e-20,0.04099942866928528,5.907350849298922e-19,2.7241822099949167e-18,-1.3257389876278937e-19,1.0,8037.9916284301635,8037.9916284301635,-8037.9916284301635,-8037.9916284301635,549.9999999999993,549.9999999999993,-549.9999999999993,-549.9999999999993
34.083,0.25,5.72304754154373e-20,-1.011201927501801e-20,0.04099942866928528,5.907350849298922e-19,2.7241822099949167e-18,-1.3257389876278937e-19,1.0,8048.991628430167,8048.991628430167,-8048.991628430167,-8048.991628430167,549.9999999999993,549.9999999999993,-549.9999999999993,-549.9999999999993
34.103,0.25,5.72304754154373e-20,-1.011201927501801e-20,0.04099942866928528,5.907350849298922e-19,2.7241822099949167e-18,-1.3257389876278937e-19,1.0,8059.991628430171,8059.991628430171,-8059.991628430171,-8059.991628430171,549.9999999999993,549.9999999999993,-549.9999999999993,-549.9999999999993
34.123,0.25,5.72304754154373e-20,-1.011201927501801e-20,0.04099942866928528,5.907350849298922e-19,2.7241822099949167e-18,-1.3257389876278937e-19,1.0,8070.991628430174,8070.991628430174,-8070.991628430174,-8070.991628430174,549.9999999999993,549.9999999999993,-549.9999999999993,-549.9999999999993
34.143,0.25,5.72304754154373e-20,-1.011201927501801e-20,0.04099942866928528,5.907350849298922e-19,2.7241822099949167e-18,-1.3257389876278937e-19,1.0,8081.991628430178,8081.991628430178,-8081.991628430178,-8081.991628430178,549.9999999999993,549.9999999999993,-549.9999999999993,-549.9999999999993
34.163,0.25,5.72304754154373e-20,-1.011201927501801e-20,0.04099942866928528,5.907350849298922e-19,2.7241822099949167e-18,-1.3257389876278937e-19,1.0,8092.991628430182,8092.991628430182,-8092.991628430182,-8092.991628430182,549.9999999999993,549.9999999999993,-549.9999999999993,-549.9999999999993
34.183,0.25,5.72304754154373e-20,-1.011201927501801e-20,0.04099942866928528,5.907350849298922e-19,2.7241822099949167e-18,-1.3257389876278937e-19,1.0,8103.991628430185,8103.991628430185,-8103.991628430185,-8103.991628430185,549.9999999999993,549.9999999999993,-549.9999999999993,-549.9999999999993
34.203,0.25,5.72304754154373e-20,-1.011201927501801e-20,0.04099942866928528,5.907350849298922e-19,2.7241822099949167e-18,-1.3257389876278937e-19,1.0,8114.991628430189,8114.991628430189,-8114.991628430189,-8114.991628430189,549.9999999999993,549.9999999999993,-549.9999999999993,-549.9999999999993
34.223,0.25,5.72304754154373e-20,-1.011201927501801e-20,0.04099942866928528,5.907350849298922e-19,2.7241822099949167e-18,-1.3257389876278937e-19,1.0,8125.991628430193,8125.991628430193,-8125.991628430193,-8125.991628430193,549.9999999999993,549.9999999999993,-549.9999999999993,-549.9999999999993
34.243,0.25,5.72304754154373e-20,-1.011201927501801e-20,0.04099942866928528,5.907350849298922e-19,2.7241822099949167e-18,-1.3257389876278937e-19,1.0,8136.991628430196,8136.991628430196,-8136.991628430196,-8136.991628430196,549.9999999999993,549.9999999999993,-549.9999999999993,-549.9999999999993
34.263,0.25,5.72304754154373e-20,-1.011201927501801e-20,0.04099942866928528,5.907350849298922e-19,2.7241822099949167e-18,-1.3257389876278937e-19,1.0,8147.9916284302,8147.9916284302,-8147.9916284302,-8147.9916284302,549.9999999999993,549.9999999999993,-549.9999999999993,-549.9999999999993
34.283,0.25,5.72304754154373e-20,-1.011201927501801e-20,0.04099942866928528,5.907350849298922e-19,2.7241822099949167e-18,-1.3257389876278937e-19,1.0,8158.9916284302035,8158.9916284302035,-8158.9916284302035,-8158.9916284302035,549.9999999999993,549.9999999999993,-549.9999999999993,-549.9999999999993
34.303,0.25,5.72304754154373e-20,-1.011201927501801e-20,0.04099942866928528,5.907350849298922e-19,2.7241822099949167e-18,-1.3257389876278937e-19,1.0,8169.991628430207,8169.991628430207,-8169.991628430207,-8169.991628430207,549.9999999999993,549.9999999999993,-549.9999999999993,-549.9999999999993
34.323,0.25,5.72304754154373e-20,-1.011201927501801e-20,0.04099942866928528,5.907350849298922e-19,2.7241822099949167e-18,-1.3257389876278937e-19,1.0,8180.991628430211,8180.991628430211,-8180.991628430211,-8180.991628430211,549.9999999999993,549.9999999999993,-549.9999999999993,-549.9999999999993
34.343,0.25,5.72304754154373e-20,-1.011201927501801e-20,0.04099942866928528,5.907350849298922e-19,2.7241822099949167e-18,-1.3257389876278937e-19,1.0,8191.991628430214,8191.991628430214,-8191.991628430214,-8191.991628430214,549.9999999999993,549.9999999999993,-549.9999999999993,-549.9999999999993
34.363,0.25,5.72304754154373e-20,-1.011201927501801e-20,0.04099942866928528,5.907350849298922e-19,2.7241822099949167e-18,-1.3257389876278937e-19,1.0,8202.9916284302,8202.9916284302,-8202.9916284302,-8202.9916284302,549.9999999999993,549.9999999999993,-549.9999999999993,-549.9999999999993
34.383,0.25,5.72304754154373e-20,-1.011201927501801e-20,0.04099942866928528,5.907350849298922e-19,2.7241822099949167e-18,-1.3257389876278937e-19,1.0,8213.991628430185,8213.991628430185,-8213.991628430185,-8213.991628430185,549.9999999999993,549.9999999999993,-549.9999999999993,-549.9999999999993
34.403,0.25,5.72304754154373e-20,-1.011201927501801e-20,0.04099942866928528,5.907350849298922e-19,2.7241822099949167e-18,-1.3257389876278937e-19,1.0,8224.99162843017,8224.99162843017,-8224.99162843017,-8224.99162843017,549.9999999999993,549.9999999999993,-549.9999999999993,-549.9999999999993
34.423,0.25,5.72304754154373e-20,-1.011201927501801e-20,0.04099942866928528,5.907350849298922e-19,2.7241822099949167e-18,-1.3257389876278937e-19,1.0,8235.991628430156,8235.991628430156,-8235.991628430156,-8235.991628430156,549.9999999999993,549.9999999999993,-549.9999999999993,-549.9999999999993
34.443,0.25,5.72304754154373e-20,-1.011201927501801e-20,0.04099942866928528,5.907350849298922e-19,2.7241822099949167e-18,-1.3257389876278937e-19,1.0,8246.991628430142,8246.991628430142,-8246.991628430142,-8246.991628430142,549.9999999999993,549.9999999999993,-549.9999999999993,-549.9999999999993
34.463,0.25,5.72304754154373e-20,-1.011201927501801e-20,0.04099942866928528,5.907350849298922e-19,2.7241822099949167e-18,-1.3257389876278937e-19,1.0,8257.991628430127,8257.991628430127,-8257.991628430127,-8257.991628430127,549.9999999999993,549.9999999999993,-549.9999999999993,-549.9999999999993
34.483,0.25,5.72304754154373e-20,-1.011201927501801e-20,0.04099942866928528,5.907350849298922e-19,2.7241822099949167e-18,-1.3257389876278937e-19,1.0,8268.991628430113,8268.991628430113,-8268.991628430113,-8268.991628430113,549.9999999999993,549.9999999999993,-549.9999999999993,-549.9999999999993
34.503,0.25,5.72304754154373e-20,-1.011201927501801e-20,0.04099942866928528,5.907350849298922e-19,2.7241822099949167e-18,-1.3257389876278937e-19,1.0,8279.991628430098,8279.991628430098,-8279.991628430098,-8279.991628430098,549.9999999999993,549.9999999999993,-549.9999999999993,-549.9999999999993
34.523,0.25,5.72304754154373e-20,-1.011201927501801e-20,0.04099942866928528,5.907350849298922e-19,2.7241822099949167e-18,-1.3257389876278937e-19,1.0,8290.991628430083,8290.991628430083,-8290.991628430083,-8290.991628430083,549.9999999999993,549.9999999999993,-549.9999999999993,-549.9999999999993
34.543,0.25,5.72304754154373e-20,-1.011201927501801e-20,0.04099942866928528,5.907350849298922e-19,2.7241822099949167e-18,-1.3257389876278937e-19,1.0,8301.991628430069,8301.991628430069,-8301.991628430069,-8301.991628430069,549.9999999999993,549.9999999999993,-549.9999999999993,-549.9999999999993
34.563,0.25,5.72304754154373e-20,-1.011201927501801e-20,0.04099942866928528,5.907350849298922e-19,2.7241822099949167e-18,-1.3257389876278937e-19,1.0,8312.991628430054,8312.991628430054,-8312.991628430054,-8312.991628430054,549.9999999999993,549.9999999999993,-549.9999999999993,-549.9999999999993
34.583,0.25,5.72304754154373e-20,-1.011201927501801e-20,0.04099942866928528,5.907350849298922e-19,2.7241822099949167e-18,-1.3257389876278937e-19,1.0,8323.99162843004,8323.99162843004,-8323.99162843004,-8323.99162843004,549.9999999999993,549.9999999999993,-549.9999999999993,-549.9999999999993
34.603,0.25,5.72304754154373e-20,-1.011201927501801e-20,0.04099942866928528,5.907350849298922e-19,2.7241822099949167e-18,-1.3257389876278937e-19,1.0,8334.991628430025,8334.991628430025,-8334.991628430025,-8334.991628430025,549.9999999999993,549.9999999999993,-549.9999999999993,-549.9999999999993
34.623,0.25,5.72304754154373e-20,-1.011201927501801e-20,0.04099942866928528,5.907350849298922e-19,2.7241822099949167e-18,-1.3257389876278937e-19,1.0,8345.99162843001,8345.99162843001,-8345.99162843001,-8345.99162843001,549.9999999999993,549.9999999999993,-549.9999999999993,-549.9999999999993
34.643,0.25,5.72304754154373e-20,-1.011201927501801e-20,0.04099942866928528,5.907350849298922e-19,2.7241822099949167e-18,-1.3257389876278937e-19,1.0,8356.991628429996,8356.991628429996,-8356.991628429996,-8356.991628429996,549.9999999999993,549.9999999999993,-549.9999999999993,-549.9999999999993
34.663,0.25,5.72304754154373e-20,-1.011201927501801e-20,0.04099942866928528,5.907350849298922e-19,2.7241822099949167e-18,-1.3257389876278937e-19,1.0,8367.991628429982,8367.991628429982,-8367.991628429982,-8367.991628429982,549.9999999999993,549.9999999999993,-549.9999999999993,-549.9999999999993
34.683,0.25,5.72304754154373e-20,-1.011201927501801e-20,0.04099942866928528,5.907350849298922e-19,2.7241822099949167e-18,-1.3257389876278937e-19,1.0,8378.991628429967,8378.991628429967,-8378.991628429967,-8378.991628429967,549.9999999999993,549.9999999999993,-549.9999999999993,-549.9999999999993
34.703,0.25,5.72304754154373e-20,-1.011201927501801e-20,0.04099942866928528,5.907350849298922e-19,2.7241822099949167e-18,-1.3257389876278937e-19,1.0,8389.991628429952,8389.991628429952,-8389.991628429952,-8389.991628429952,549.9999999999993,549.9999999999993,-549.9999999999993,-549.9999999999993
34.723,0.25,5.72304754154373e-20,-1.011201927501801e-20,0.04099942866928528,5.907350849298922e-19,2.7241822099949167e-18,-1.3257389876278937e-19,1.0,8400.991628429938,8400.991628429938,-8400.991628429938,-8400.991628429938,549.9999999999993,549.9999999999993,-549.9999999999993,-549.9999999999993
34.743,0.25,5.72304754154373e-20,-1.011201927501801e-20,0.04099942866928528,5.907350849298922e-19,2.7241822099949167e-18,-1.3257389876278937e-19,1.0,8411.991628429923,8411.991628429923,-8411.991628429923,-8411.991628429923,549.9999999999993,549.9999999999993,-549.9999999999993,-549.9999999999993
34.763,0.25,5.72304754154373e-20,-1.011201927501801e-20,0.04099942866928528,5.907350849298922e-19,2.7241822099949167e-18,-1.3257389876278937e-19,1.0,8422.991628429909,8422.991628429909,-8422.991628429909,-8422.991628429909,549.9999999999993,549.9999999999993,-549.9999999999993,-549.9999999999993
34.783,0.25,5.72304754154373e-20,-1.011201927501801e-20,0.04099942866928528,5.907350849298922e-19,2.7241822099949167e-18,-1.3257389876278937e-19,1.0,8433.991628429894,8433.991628429894,-8433.991628429894,-8433.991628429894,549.9999999999993,549.9999999999993,-549.9999999999993,-549.9999999999993
34.803,0.25,5.72304754154373e-20,-1.011201927501801e-20,0.04099942866928528,5.907350849298922e-19,2.7241822099949167e-18,-1.3257389876278937e-19,1.0,8444.99162842988,8444.99162842988,-8444.99162842988,-8444.99162842988,549.9999999999993,549.9999999999993,-549.9999999999993,-549.9999999999993
34.823,0.25,5.72304754154373e-20,-1.011201927501801e-20,0.04099942866928528,5.907350849298922e-19,2.7241822099949167e-18,-1.3257389876278937e-19,1.0,8455.991628429865,8455.991628429865,-8455.991628429865,-8455.991628429865,549.9999999999993,549.9999999999993,-549.9999999999993,-549.9999999999993
34.843,0.25,5.72304754154373e-20,-1.011201927501801e-20,0.04099942866928528,5.907350849298922e-19,2.7241822099949167e-18,-1.3257389876278937e-19,1.0,8466.99162842985,8466.99162842985,-8466.99162842985,-8466.99162842985,549.9999999999993,549.9999999999993,-549.9999999999993,-549.9999999999993
34.863,0.25,5.72304754154373e-20,-1.011201927501801e-20,0.04099942866928528,5.907350849298922e-19,2.7241822099949167e-18,-1.3257389876278937e-19,1.0,8477.991628429836,8477.991628429836,-8477.991628429836,-8477.991628429836,549.9999999999993,549.9999999999993,-549.9999999999993,-549.9999999999993
34.883,0.25,5.72304754154373e-20,-1.011201927501801e-20,0.04099942866928528,5.907350849298922e-19,2.7241822099949167e-18,-1.3257389876278937e-19,1.0,8488.991628429822,8488.991628429822,-8488.991628429822,-8488.991628429822,549.9999999999993,549.9999999999993,-549.9999999999993,-549.9999999999993
34.903,0.25,5.72304754154373e-20,-1.011201927501801e-20,0.04099942866928528,5.907350849298922e-19,2.7241822099949167e-18,-1.3257389876278937e-19,1.0,8499.991628429807,8499.991628429807,-8499.991628429807,-8499.991628429807,549.9999999999993,549.9999999999993,-549.9999999999993,-549.9999999999993
34.923,0.25,5.72304754154373e-20,-1.011201927501801e-20,0.04099942866928528,5.907350849298922e-19,2.7241822099949167e-18,-1.3257389876278937e-19,1.0,8510.991628429792,8510.991628429792,-8510.991628429792,-8510.991628429792,549.9999999999993,549.9999999999993,-549.9999999999993,-549.9999999999993
34.943,0.25,5.72304754154373e-20,-1.011201927501801e-20,0.04099942866928528,5.907350849298922e-19,2.7241822099949167e-18,-1.3257389876278937e-19,1.0,8521.991628429778,8521.991628429778,-8521.991628429778,-8521.991628429778,549.9999999999993,549.9999999999993,-549.9999999999993,-549.9999999999993
34.963,0.25,5.72304754154373e-20,-1.011201927501801e-20,0.04099942866928528,5.907350849298922e-19,2.7241822099949167e-18,-1.3257389876278937e-19,1.0,8532.991628429763,8532.991628429763,-8532.991628429763,-8532.991628429763,549.9999999999993,549.9999999999993,-549.9999999999993,-549.9999999999993
34.983,0.25,5.72304754154373e-20,-1.011201927501801e-20,0.04099942866928528,5.907350849298922e-19,2.7241822099949167e-18,-1.3257389876278937e-19,1.0,8543.991628429749,8543.991628429749,-8543.991628429749,-8543.991628429749,549.9999999999993,549.9999999999993,-549.9999999999993,-549.9999999999993
35.003,0.25,5.72304754154373e-20,-1.011201927501801e-20,0.04099942866928528,5.907350849298922e-19,2.7241822099949167e-18,-1.3257389876278937e-19,1.0,8554.991628429734,8554.991628429734,-8554.991628429734,-8554.991628429734,549.9999999999993,549.9999999999993,-549.9999999999993,-549.9999999999993
35.023,0.25,5.72304754154373e-20,-1.011201927501801e-20,0.04099942866928528,5.907350849298922e-19,2.7241822099949167e-18,-1.3257389876278937e-19,1.0,8565.99162842972,8565.99162842972,-8565.99162842972,-8565.99162842972,549.9999999999993,549.9999999999993,-549.9999999999993,-549.9999999999993
35.043,0.25,5.72304754154373e-20,-1.011201927501801e-20,0.04099942866928528,5.907350849298922e-19,2.7241822099949167e-18,-1.3257389876278937e-19,1.0,8576.991628429705,8576.991628429705,-8576.991628429705,-8576.991628429705,549.9999999999993,549.9999999999993,-549.9999999999993,-549.9999999999993
35.063,0.25,5.72304754154373e-20,-1.011201927501801e-20,0.04099942866928528,5.907350849298922e-19,2.7241822099949167e-18,-1.3257389876278937e-19,1.0,8587.99162842969,8587.99162842969,-8587.99162842969,-8587.99162842969,549.9999999999993,549.9999999999993,-549.9999999999993,-549.9999999999993
35.083,0.25,5.72304754154373e-20,-1.011201927501801e-20,0.04099942866928528,5.907350849298922e-19,2.7241822099949167e-18,-1.3257389876278937e-19,1.0,8598.991628429676,8598.991628429676,-8598.991628429676,-8598.991628429676,549.9999999999993,549.9999999999993,-549.9999999999993,-549.9999999999993
35.103,0.25,5.72304754154373e-20,-1.011201927501801e-20,0.04099942866928528,5.907350849298922e-19,2.7241822099949167e-18,-1.3257389876278937e-19,1.0,8609.991628429661,8609.991628429661,-8609.991628429661,-8609.991628429661,549.9999999999993,549.9999999999993,-549.9999999999993,-549.9999999999993
35.123,0.25,5.72304754154373e-20,-1.011201927501801e-20,0.04099942866928528,5.907350849298922e-19,2.7241822099949167e-18,-1.3257389876278937e-19,1.0,8620.991628429647,8620.991628429647,-8620.991628429647,-8620.991628429647,549.9999999999993,549.9999999999993,-549.9999999999993,-549.9999999999993
35.143,0.25,5.72304754154373e-20,-1.011201927501801e-20,0.04099942866928528,5.907350849298922e-19,2.7241822099949167e-18,-1.3257389876278937e-19,1.0,8631.991628429632,8631.991628429632,-8631.991628429632,-8631.991628429632,549.9999999999993,549.9999999999993,-549.9999999999993,-549.9999999999993
35.163,0.25,5.72304754154373e-20,-1.011201927501801e-20,0.04099942866928528,5.907350849298922e-19,2.7241822099949167e-18,-1.3257389876278937e-19,1.0,8642.991628429618,8642.991628429618,-8642.991628429618,-8642.991628429618,549.9999999999993,549.9999999999993,-549.9999999999993,-549.9999999999993
35.183,0.25,5.72304754154373e-20,-1.011201927501801e-20,0.04099942866928528,5.907350849298922e-19,2.7241822099949167e-18,-1.3257389876278937e-19,1.0,8653.991628429603,8653.991628429603,-8653.991628429603,-8653.991628429603,549.9999999999993,549.9999999999993,-549.9999999999993,-549.9999999999993
35.203,0.25,5.72304754154373e-20,-1.011201927501801e-20,0.04099942866928528,5.907350849298922e-19,2.7241822099949167e-18,-1.3257389876278937e-19,1.0,8664.991628429589,8664.991628429589,-8664.991628429589,-8664.991628429589,549.9999999999993,549.9999999999993,-549.9999999999993,-549.9999999999993
35.223,0.25,5.72304754154373e-20,-1.011201927501801e-20,0.04099942866928528,5.907350849298922e-19,2.7241822099949167e-18,-1.3257389876278937e-19,1.0,8675.991628429574,8675.991628429574,-8675.991628429574,-8675.991628429574,549.9999999999993,549.9999999999993,-549.9999999999993,-549.9999999999993
35.243,0.25,5.72304754154373e-20,-1.011201927501801e-20,0.04099942866928528,5.907350849298922e-19,2.7241822099949167e-18,-1.3257389876278937e-19,1.0,8686.99162842956,8686.99162842956,-8686.99162842956,-8686.99162842956,549.9999999999993,549.9999999999993,-549.9999999999993,-549.9999999999993
35.263,0.25,5.72304754154373e-20,-1.011201927501801e-20,0.04099942866928528,5.907350849298922e-19,2.7241822099949167e-18,-1.3257389876278937e-19,1.0,8697.991628429545,8697.991628429545,-8697.991628429545,-8697.991628429545,549.9999999999993,549.9999999999993,-549.9999999999993,-549.9999999999993
35.283,0.25,5.72304754154373e-20,-1.011201927501801e-20,0.04099942866928528,5.907350849298922e-19,2.7241822099949167e-18,-1.3257389876278937e-19,1.0,8708.99162842953,8708.99162842953,-8708.99162842953,-8708.99162842953,549.9999999999993,549.9999999999993,-549.9999999999993,-549.9999999999993
35.303,0.25,5.72304754154373e-20,-1.011201927501801e-20,0.04099942866928528,5.907350849298922e-19,2.7241822099949167e-18,-1.3257389876278937e-19,1.0,8719.991628429516,8719.991628429516,-8719.991628429516,-8719.991628429516,549.9999999999993,549.9999999999993,-549.9999999999993,-549.9999999999993
35.323,0.25,5.72304754154373e-20,-1.011201927501801e-20,0.04099942866928528,5.907350849298922e-19,2.7241822099949167e-18,-1.3257389876278937e-19,1.0,8730.991628429501,8730.991628429501,-8730.991628429501,-8730.991628429501,549.9999999999993,549.9999999999993,-549.9999999999993,-549.9999999999993
35.343,0.25,5.72304754154373e-20,-1.011201927501801e-20,0.04099942866928528,5.907350849298922e-19,2.7241822099949167e-18,-1.3257389876278937e-19,1.0,8741.991628429487,8741.991628429487,-8741.991628429487,-8741.991628429487,549.9999999999993,549.9999999999993,-549.9999999999993,-549.9999999999993
35.363,0.25,5.72304754154373e-20,-1.011201927501801e-20,0.04099942866928528,5.907350849298922e-19,2.7241822099949167e-18,-1.3257389876278937e-19,1.0,8752.991628429472,8752.991628429472,-8752.991628429472,-8752.991628429472,549.9999999999993,549.9999999999993,-549.9999999999993,-549.9999999999993
35.383,0.25,5.72304754154373e-20,-1.011201927501801e-20,0.04099942866928528,5.907350849298922e-19,2.7241822099949167e-18,-1.3257389876278937e-19,1.0,8763.991628429458,8763.991628429458,-8763.991628429458,-8763.991628429458,549.9999999999993,549.9999999999993,-549.9999999999993,-549.9999999999993
35.403,0.25,5.72304754154373e-20,-1.011201927501801e-20,0.04099942866928528,5.907350849298922e-19,2.7241822099949167e-18,-1.3257389876278937e-19,1.0,8774.991628429443,8774.991628429443,-8774.991628429443,-8774.991628429443,549.9999999999993,549.9999999999993,-549.9999999999993,-549.9999999999993
35.423,0.25,5.72304754154373e-20,-1.011201927501801e-20,0.04099942866928528,5.907350849298922e-19,2.7241822099949167e-18,-1.3257389876278937e-19,1.0,8785.991628429429,8785.991628429429,-8785.991628429429,-8785.991628429429,549.9999999999993,549.9999999999993,-549.9999999999993,-549.9999999999993
35.443,0.25,5.72304754154373e-20,-1.011201927501801e-20,0.04099942866928528,5.907350849298922e-19,2.7241822099949167e-18,-1.3257389876278937e-19,1.0,8796.991628429414,8796.991628429414,-8796.991628429414,-8796.991628429414,549.9999999999993,549.9999999999993,-549.9999999999993,-549.9999999999993
35.463,0.25,5.72304754154373e-20,-1.011201927501801e-20,0.04099942866928528,5.907350849298922e-19,2.7241822099949167e-18,-1.3257389876278937e-19,1.0,8807.9916284294,8807.9916284294,-8807.9916284294,-8807.9916284294,549.9999999999993,549.9999999999993,-549.9999999999993,-549.9999999999993
35.483,0.25,5.72304754154373e-20,-1.011201927501801e-20,0.04099942866928528,5.907350849298922e-19,2.7241822099949167e-18,-1.3257389876278937e-19,1.0,8818.991628429385,8818.991628429385,-8818.991628429385,-8818.991628429385,549.9999999999993,549.9999999999993,-549.9999999999993,-549.9999999999993
35.503,0.25,5.72304754154373e-20,-1.011201927501801e-20,0.04099942866928528,5.907350849298922e-19,2.7241822099949167e-18,-1.3257389876278937e-19,1.0,8829.99162842937,8829.99162842937,-8829.99162842937,-8829.99162842937,549.9999999999993,549.9999999999993,-549.9999999999993,-549.9999999999993
35.523,0.25,5.72304754154373e-20,-1.011201927501801e-20,0.04099942866928528,5.907350849298922e-19,2.7241822099949167e-18,-1.3257389876278937e-19,1.0,8840.991628429356,8840.991628429356,-8840.991628429356,-8840.991628429356,549.9999999999993,549.9999999999993,-549.9999999999993,-549.9999999999993
35.543,0.25,5.72304754154373e-20,-1.011201927501801e-20,0.04099942866928528,5.907350849298922e-19,2.7241822099949167e-18,-1.3257389876278937e-19,1.0,8851.991628429341,8851.991628429341,-8851.991628429341,-8851.991628429341,549.9999999999993,549.9999999999993,-549.9999999999993,-549.9999999999993
35.563,0.25,5.72304754154373e-20,-1.011201927501801e-20,0.04099942866928528,5.907350849298922e-19,2.7241822099949167e-18,-1.3257389876278937e-19,1.0,8862.991628429327,8862.991628429327,-8862.991628429327,-8862.991628429327,549.9999999999993,549.9999999999993,-549.9999999999993,-549.9999999999993
35.583,0.25,5.72304754154373e-20,-1.011201927501801e-20,0.04099942866928528,5.907350849298922e-19,2.7241822099949167e-18,-1.3257389876278937e-19,1.0,8873.991628429312,8873.991628429312,-8873.991628429312,-8873.991628429312,549.9999999999993,549.9999999999993,-549.9999999999993,-549.9999999999993
35.603,0.25,5.72304754154373e-20,-1.011201927501801e-20,0.04099942866928528,5.907350849298922e-19,2.7241822099949167e-18,-1.3257389876278937e-19,1.0,8884.991628429298,8884.991628429298,-8884.991628429298,-8884.991628429298,549.9999999999993,549.9999999999993,-549.9999999999993,-549.9999999999993
35.623,0.25,5.72304754154373e-20,-1.011201927501801e-20,0.04099942866928528,5.907350849298922e-19,2.7241822099949167e-18,-1.3257389876278937e-19,1.0,8895.991628429283,8895.991628429283,-8895.991628429283,-8895.991628429283,549.9999999999993,549.9999999999993,-549.9999999999993,-549.9999999999993
35.643,0.25,5.72304754154373e-20,-1.011201927501801e-20,0.04099942866928528,5.907350849298922e-19,2.7241822099949167e-18,-1.3257389876278937e-19,1.0,8906.991628429269,8906.991628429269,-8906.991628429269,-8906.991628429269,549.9999999999993,549.9999999999993,-549.9999999999993,-549.9999999999993
35.663,0.25,5.72304754154373e-20,-1.011201927501801e-20,0.04099942866928528,5.907350849298922e-19,2.7241822099949167e-18,-1.3257389876278937e-19,1.0,8917.991628429254,8917.991628429254,-8917.991628429254,-8917.991628429254,549.9999999999993,549.9999999999993,-549.9999999999993,-549.9999999999993
35.683,0.25,5.72304754154373e-20,-1.011201927501801e-20,0.04099942866928528,5.907350849298922e-19,2.7241822099949167e-18,-1.3257389876278937e-19,1.0,8928.99162842924,8928.99162842924,-8928.99162842924,-8928.99162842924,549.9999999999993,549.9999999999993,-549.9999999999993,-549.9999999999993
35.703,0.25,5.72304754154373e-20,-1.011201927501801e-20,0.04099942866928528,5.907350849298922e-19,2.7241822099949167e-18,-1.3257389876278937e-19,1.0,8939.991628429225,8939.991628429225,-8939.991628429225,-8939.991628429225,549.9999999999993,549.9999999999993,-549.9999999999993,-549.9999999999993
35.723,0.25,5.72304754154373e-20,-1.011201927501801e-20,0.04099942866928528,5.907350849298922e-19,2.7241822099949167e-18,-1.3257389876278937e-19,1.0,8950.99162842921,8950.99162842921,-8950.99162842921,-8950.99162842921,549.9999999999993,549.9999999999993,-549.9999999999993,-549.9999999999993
35.743,0.25,5.72304754154373e-20,-1.011201927501801e-20,0.04099942866928528,5.907350849298922e-19,2.7241822099949167e-18,-1.3257389876278937e-19,1.0,8961.991628429196,8961.991628429196,-8961.991628429196,-8961.991628429196,549.9999999999993,549.9999999999993,-549.9999999999993,-549.9999999999993
35.763,0.25,5.72304754154373e-20,-1.011201927501801e-20,0.04099942866928528,5.907350849298922e-19,2.7241822099949167e-18,-1.3257389876278937e-19,1.0,8972.991628429181,8972.991628429181,-8972.991628429181,-8972.991628429181,549.9999999999993,549.9999999999993,-549.9999999999993,-549.9999999999993
35.783,0.25,5.72304754154373e-20,-1.011201927501801e-20,0.04099942866928528,5.907350849298922e-19,2.7241822099949167e-18,-1.3257389876278937e-19,1.0,8983.991628429167,8983.991628429167,-8983.991628429167,-8983.991628429167,549.9999999999993,549.9999999999993,-549.9999999999993,-549.9999999999993
35.803,0.25,5.72304754154373e-20,-1.011201927501801e-20,0.04099942866928528,5.907350849298922e-19,2.7241822099949167e-18,-1.3257389876278937e-19,1.0,8994.991628429152,8994.991628429152,-8994.991628429152,-8994.991628429152,549.9999999999993,549.9999999999993,-549.9999999999993,-549.9999999999993
35.823,0.25,5.72304754154373e-20,-1.011201927501801e-20,0.04099942866928528,5.907350849298922e-19,2.7241822099949167e-18,-1.3257389876278937e-19,1.0,9005.991628429138,9005.991628429138,-9005.991628429138,-9005.991628429138,549.9999999999993,549.9999999999993,-549.9999999999993,-549.9999999999993
35.843,0.25,5.72304754154373e-20,-1.011201927501801e-20,0.04099942866928528,5.907350849298922e-19,2.7241822099949167e-18,-1.3257389876278937e-19,1.0,9016.991628429123,9016.991628429123,-9016.991628429123,-9016.991628429123,549.9999999999993,549.9999999999993,-549.9999999999993,-549.9999999999993
35.863,0.25,5.72304754154373e-20,-1.011201927501801e-20,0.04099942866928528,5.907350849298922e-19,2.7241822099949167e-18,-1.3257389876278937e-19,1.0,9027.991628429108,9027.991628429108,-9027.991628429108,-9027.991628429108,549.9999999999993,549.9999999999993,-549.9999999999993,-549.9999999999993
35.883,0.25,5.72304754154373e-20,-1.011201927501801e-20,0.04099942866928528,5.907350849298922e-19,2.7241822099949167e-18,-1.3257389876278937e-19,1.0,9038.991628429094,9038.991628429094,-9038.991628429094,-9038.991628429094,549.9999999999993,549.9999999999993,-549.9999999999993,-549.9999999999993
35.903,0.25,5.72304754154373e-20,-1.011201927501801e-20,0.04099942866928528,5.907350849298922e-19,2.7241822099949167e-18,-1.3257389876278937e-19,1.0,9049.99162842908,9049.99162842908,-9049.99162842908,-9049.99162842908,549.9999999999993,549.9999999999993,-549.9999999999993,-549.9999999999993
35.923,0.25,5.72304754154373e-20,-1.011201927501801e-20,0.04099942866928528,5.907350849298922e-19,2.7241822099949167e-18,-1.3257389876278937e-19,1.0,9060.991628429065,9060.991628429065,-9060.991628429065,-9060.991628429065,549.9999999999993,549.9999999999993,-549.9999999999993,-549.9999999999993
35.943,0.25,5.72304754154373e-20,-1.011201927501801e-20,0.04099942866928528,5.907350849298922e-19,2.7241822099949167e-18,-1.3257389876278937e-19,1.0,9071.99162842905,9071.99162842905,-9071.99162842905,-9071.99162842905,549.9999999999993,549.9999999999993,-549.9999999999993,-549.9999999999993
35.963,0.25,5.72304754154373e-20,-1.011201927501801e-20,0.04099942866928528,5.907350849298922e-19,2.7241822099949167e-18,-1.3257389876278937e-19,1.0,9082.991628429036,9082.991628429036,-9082.991628429036,-9082.991628429036,549.9999999999993,549.9999999999993,-549.9999999999993,-549.9999999999993
35.983,0.25,5.72304754154373e-20,-1.011201927501801e-20,0.04099942866928528,5.907350849298922e-19,2.7241822099949167e-18,-1.3257389876278937e-19,1.0,9093.991628429021,9093.991628429021,-9093.991628429021,-9093.991628429021,549.9999999999993,549.9999999999993,-549.9999999999993,-549.9999999999993
36.003,0.25,5.72304754154373e-20,-1.011201927501801e-20,0.04099942866928528,5.907350849298922e-19,2.7241822099949167e-18,-1.3257389876278937e-19,1.0,9104.991628429007,9104.991628429007,-9104.991628429007,-9104.991628429007,549.9999999999993,549.9999999999993,-549.9999999999993,-549.9999999999993
36.023,0.25,5.72304754154373e-20,-1.011201927501801e-20,0.04099942866928528,5.907350849298922e-19,2.7241822099949167e-18,-1.3257389876278937e-19,1.0,9115.991628428992,9115.991628428992,-9115.991628428992,-9115.991628428992,549.9999999999993,549.9999999999993,-549.9999999999993,-549.9999999999993
36.043,0.25,5.72304754154373e-20,-1.011201927501801e-20,0.04099942866928528,5.907350849298922e-19,2.7241822099949167e-18,-1.3257389876278937e-19,1.0,9126.991628428977,9126.991628428977,-9126.991628428977,-9126.991628428977,549.9999999999993,549.9999999999993,-549.9999999999993,-549.9999999999993
36.063,0.25,5.72304754154373e-20,-1.011201927501801e-20,0.04099942866928528,5.907350849298922e-19,2.7241822099949167e-18,-1.3257389876278937e-19,1.0,9137.991628428963,9137.991628428963,-9137.991628428963,-9137.991628428963,549.9999999999993,549.9999999999993,-549.9999999999993,-549.9999999999993
36.083,0.25,5.72304754154373e-20,-1.011201927501801e-20,0.04099942866928528,5.907350849298922e-19,2.7241822099949167e-18,-1.3257389876278937e-19,1.0,9148.991628428948,9148.991628428948,-9148.991628428948,-9148.991628428948,549.9999999999993,549.9999999999993,-549.9999999999993,-549.9999999999993
36.103,0.25,5.72304754154373e-20,-1.011201927501801e-20,0.04099942866928528,5.907350849298922e-19,2.7241822099949167e-18,-1.3257389876278937e-19,1.0,9159.991628428934,9159.991628428934,-9159.991628428934,-9159.991628428934,549.9999999999993,549.9999999999993,-549.9999999999993,-549.9999999999993
36.123,0.25,5.72304754154373e-20,-1.011201927501801e-20,0.04099942866928528,5.907350849298922e-19,2.7241822099949167e-18,-1.3257389876278937e-19,1.0,9170.99162842892,9170.99162842892,-9170.99162842892,-9170.99162842892,549.9999999999993,549.9999999999993,-549.9999999999993,-549.9999999999993
36.143,0.25,5.72304754154373e-20,-1.011201927501801e-20,0.04099942866928528,5.907350849298922e-19,2.7241822099949167e-18,-1.3257389876278937e-19,1.0,9181.991628428905,9181.991628428905,-9181.991628428905,-9181.991628428905,549.9999999999993,549.9999999999993,-549.9999999999993,-549.9999999999993
36.163,0.25,5.72304754154373e-20,-1.011201927501801e-20,0.04099942866928528,5.907350849298922e-19,2.7241822099949167e-18,-1.3257389876278937e-19,1.0,9192.99162842889,9192.99162842889,-9192.99162842889,-9192.99162842889,549.9999999999993,549.9999999999993,-549.9999999999993,-549.9999999999993
36.183,0.25,5.72304754154373e-20,-1.011201927501801e-20,0.04099942866928528,5.907350849298922e-19,2.7241822099949167e-18,-1.3257389876278937e-19,1.0,9203.991628428876,9203.991628428876,-9203.991628428876,-9203.991628428876,549.9999999999993,549.9999999999993,-549.9999999999993,-549.9999999999993
36.203,0.25,5.72304754154373e-20,-1.011201927501801e-20,0.04099942866928528,5.907350849298922e-19,2.7241822099949167e-18,-1.3257389876278937e-19,1.0,9214.991628428861,9214.991628428861,-9214.991628428861,-9214.991628428861,549.9999999999993,549.9999999999993,-549.9999999999993,-549.9999999999993
36.223,0.25,5.72304754154373e-20,-1.011201927501801e-20,0.04099942866928528,5.907350849298922e-19,2.7241822099949167e-18,-1.3257389876278937e-19,1.0,9225.991628428847,9225.991628428847,-9225.991628428847,-9225.991628428847,549.9999999999993,549.9999999999993,-549.9999999999993,-549.9999999999993
36.243,0.25,5.72304754154373e-20,-1.011201927501801e-20,0.04099942866928528,5.907350849298922e-19,2.7241822099949167e-18,-1.3257389876278937e-19,1.0,9236.991628428832,9236.991628428832,-9236.991628428832,-9236.991628428832,549.9999999999993,549.9999999999993,-549.9999999999993,-549.9999999999993
36.263,0.25,5.72304754154373e-20,-1.011201927501801e-20,0.04099942866928528,5.907350849298922e-19,2.7241822099949167e-18,-1.3257389876278937e-19,1.0,9247.991628428817,9247.991628428817,-9247.991628428817,-9247.991628428817,549.9999999999993,549.9999999999993,-549.9999999999993,-549.9999999999993
36.283,0.25,5.72304754154373e-20,-1.011201927501801e-20,0.04099942866928528,5.907350849298922e-19,2.7241822099949167e-18,-1.3257389876278937e-19,1.0,9258.991628428803,9258.991628428803,-9258.991628428803,-9258.991628428803,549.9999999999993,549.9999999999993,-549.9999999999993,-549.9999999999993
36.303,0.25,5.72304754154373e-20,-1.011201927501801e-20,0.04099942866928528,5.907350849298922e-19,2.7241822099949167e-18,-1.3257389876278937e-19,1.0,9269.991628428788,9269.991628428788,-9269.991628428788,-9269.991628428788,549.9999999999993,549.9999999999993,-549.9999999999993,-549.9999999999993
36.323,0.25,5.72304754154373e-20,-1.011201927501801e-20,0.04099942866928528,5.907350849298922e-19,2.7241822099949167e-18,-1.3257389876278937e-19,1.0,9280.991628428774,9280.991628428774,-9280.991628428774,-9280.991628428774,549.9999999999993,549.9999999999993,-549.9999999999993,-549.9999999999993
36.343,0.25,5.72304754154373e-20,-1.011201927501801e-20,0.04099942866928528,5.907350849298922e-19,2.7241822099949167e-18,-1.3257389876278937e-19,1.0,9291.99162842876,9291.99162842876,-9291.99162842876,-9291.99162842876,549.9999999999993,549.9999999999993,-549.9999999999993,-549.9999999999993
36.363,0.25,5.72304754154373e-20,-1.011201927501801e-20,0.04099942866928528,5.907350849298922e-19,2.7241822099949167e-18,-1.3257389876278937e-19,1.0,9302.991628428745,9302.991628428745,-9302.991628428745,-9302.991628428745,549.9999999999993,549.9999999999993,-549.9999999999993,-549.9999999999993
36.383,0.25,5.72304754154373e-20,-1.011201927501801e-20,0.04099942866928528,5.907350849298922e-19,2.7241822099949167e-18,-1.3257389876278937e-19,1.0,9313.99162842873,9313.99162842873,-9313.99162842873,-9313.99162842873,549.9999999999993,549.9999999999993,-549.9999999999993,-549.9999999999993
36.403,0.25,5.72304754154373e-20,-1.011201927501801e-20,0.04099942866928528,5.907350849298922e-19,2.7241822099949167e-18,-1.3257389876278937e-19,1.0,9324.991628428716,9324.991628428716,-9324.991628428716,-9324.991628428716,549.9999999999993,549.9999999999993,-549.9999999999993,-549.9999999999993
36.423,0.25,5.72304754154373e-20,-1.011201927501801e-20,0.04099942866928528,5.907350849298922e-19,2.7241822099949167e-18,-1.3257389876278937e-19,1.0,9335.991628428701,9335.991628428701,-9335.991628428701,-9335.991628428701,549.9999999999993,549.9999999999993,-549.9999999999993,-549.9999999999993
36.443,0.25,5.72304754154373e-20,-1.011201927501801e-20,0.04099942866928528,5.907350849298922e-19,2.7241822099949167e-18,-1.3257389876278937e-19,1.0,9346.991628428686,9346.991628428686,-9346.991628428686,-9346.991628428686,549.9999999999993,549.9999999999993,-549.9999999999993,-549.9999999999993
36.463,0.25,5.72304754154373e-20,-1.011201927501801e-20,0.04099942866928528,5.907350849298922e-19,2.7241822099949167e-18,-1.3257389876278937e-19,1.0,9357.991628428672,9357.991628428672,-9357.991628428672,-9357.991628428672,549.9999999999993,549.9999999999993,-549.9999999999993,-549.9999999999993
36.483,0.25,5.72304754154373e-20,-1.011201927501801e-20,0.04099942866928528,5.907350849298922e-19,2.7241822099949167e-18,-1.3257389876278937e-19,1.0,9368.991628428657,9368.991628428657,-9368.991628428657,-9368.991628428657,549.9999999999993,549.9999999999993,-549.9999999999993,-549.9999999999993
36.503,0.25,5.72304754154373e-20,-1.011201927501801e-20,0.04099942866928528,5.907350849298922e-19,2.7241822099949167e-18,-1.3257389876278937e-19,1.0,9379.991628428643,9379.991628428643,-9379.991628428643,-9379.991628428643,549.9999999999993,549.9999999999993,-549.9999999999993,-549.9999999999993
36.523,0.25,5.72304754154373e-20,-1.011201927501801e-20,0.04099942866928528,5.907350849298922e-19,2.7241822099949167e-18,-1.3257389876278937e-19,1.0,9390.991628428628,9390.991628428628,-9390.991628428628,-9390.991628428628,549.9999999999993,549.9999999999993,-549.9999999999993,-549.9999999999993
36.543,0.25,5.72304754154373e-20,-1.011201927501801e-20,0.04099942866928528,5.907350849298922e-19,2.7241822099949167e-18,-1.3257389876278937e-19,1.0,9401.991628428614,9401.991628428614,-9401.991628428614,-9401.991628428614,549.9999999999993,549.9999999999993,-549.9999999999993,-549.9999999999993
36.563,0.25,5.72304754154373e-20,-1.011201927501801e-20,0.04099942866928528,5.907350849298922e-19,2.7241822099949167e-18,-1.3257389876278937e-19,1.0,9412.9916284286,9412.9916284286,-9412.9916284286,-9412.9916284286,549.9999999999993,549.9999999999993,-549.9999999999993,-549.9999999999993
36.583,0.25,5.72304754154373e-20,-1.011201927501801e-20,0.04099942866928528,5.907350849298922e-19,2.7241822099949167e-18,-1.3257389876278937e-19,1.0,9423.991628428585,9423.991628428585,-9423.991628428585,-9423.991628428585,549.9999999999993,549.9999999999993,-549.9999999999993,-549.9999999999993
36.603,0.25,5.72304754154373e-20,-1.011201927501801e-20,0.04099942866928528,5.907350849298922e-19,2.7241822099949167e-18,-1.3257389876278937e-19,1.0,9434.99162842857,9434.99162842857,-9434.99162842857,-9434.99162842857,549.9999999999993,549.9999999999993,-549.9999999999993,-549.9999999999993
36.623,0.25,5.72304754154373e-20,-1.011201927501801e-20,0.04099942866928528,5.907350849298922e-19,2.7241822099949167e-18,-1.3257389876278937e-19,1.0,9445.991628428555,9445.991628428555,-9445.991628428555,-9445.991628428555,549.9999999999993,549.9999999999993,-549.9999999999993,-549.9999999999993
36.643,0.25,5.72304754154373e-20,-1.011201927501801e-20,0.04099942866928528,5.907350849298922e-19,2.7241822099949167e-18,-1.3257389876278937e-19,1.0,9456.991628428541,9456.991628428541,-9456.991628428541,-9456.991628428541,549.9999999999993,549.9999999999993,-549.9999999999993,-549.9999999999993
36.663,0.25,5.72304754154373e-20,-1.011201927501801e-20,0.04099942866928528,5.907350849298922e-19,2.7241822099949167e-18,-1.3257389876278937e-19,1.0,9467.991628428526,9467.991628428526,-9467.991628428526,-9467.991628428526,549.9999999999993,549.9999999999993,-549.9999999999993,-549.9999999999993
36.683,0.25,5.72304754154373e-20,-1.011201927501801e-20,0.04099942866928528,5.907350849298922e-19,2.7241822099949167e-18,-1.3257389876278937e-19,1.0,9478.991628428512,9478.991628428512,-9478.991628428512,-9478.991628428512,549.9999999999993,549.9999999999993,-549.9999999999993,-549.9999999999993
36.703,0.25,5.72304754154373e-20,-1.011201927501801e-20,0.04099942866928528,5.907350849298922e-19,2.7241822099949167e-18,-1.3257389876278937e-19,1.0,9489.991628428497,9489.991628428497,-9489.991628428497,-9489.991628428497,549.9999999999993,549.9999999999993,-549.9999999999993,-549.9999999999993
36.723,0.25,5.72304754154373e-20,-1.011201927501801e-20,0.04099942866928528,5.907350849298922e-19,2.7241822099949167e-18,-1.3257389876278937e-19,1.0,9500.991628428483,9500.991628428483,-9500.991628428483,-9500.991628428483,549.9999999999993,549.9999999999993,-549.9999999999993,-549.9999999999993
36.743,0.25,5.72304754154373e-20,-1.011201927501801e-20,0.04099942866928528,5.907350849298922e-19,2.7241822099949167e-18,-1.3257389876278937e-19,1.0,9511.991628428468,9511.991628428468,-9511.991628428468,-9511.991628428468,549.9999999999993,549.9999999999993,-549.9999999999993,-549.9999999999993
36.763,0.25,5.72304754154373e-20,-1.011201927501801e-20,0.04099942866928528,5.907350849298922e-19,2.7241822099949167e-18,-1.3257389876278937e-19,1.0,9522.991628428454,9522.991628428454,-9522.991628428454,-9522.991628428454,549.9999999999993,549.9999999999993,-549.9999999999993,-549.9999999999993
36.783,0.25,5.72304754154373e-20,-1.011201927501801e-20,0.04099942866928528,5.907350849298922e-19,2.7241822099949167e-18,-1.3257389876278937e-19,1.0,9533.991628428439,9533.991628428439,-9533.991628428439,-9533.991628428439,549.9999999999993,549.9999999999993,-549.9999999999993,-549.9999999999993
36.803,0.25,5.72304754154373e-20,-1.011201927501801e-20,0.04099942866928528,5.907350849298922e-19,2.7241822099949167e-18,-1.3257389876278937e-19,1.0,9544.991628428425,9544.991628428425,-9544.991628428425,-9544.991628428425,549.9999999999993,549.9999999999993,-549.9999999999993,-549.9999999999993
36.823,0.25,5.72304754154373e-20,-1.011201927501801e-20,0.04099942866928528,5.907350849298922e-19,2.7241822099949167e-18,-1.3257389876278937e-19,1.0,9555.99162842841,9555.99162842841,-9555.99162842841,-9555.99162842841,549.9999999999993,549.9999999999993,-549.9999999999993,-549.9999999999993
36.843,0.25,5.72304754154373e-20,-1.011201927501801e-20,0.04099942866928528,5.907350849298922e-19,2.7241822099949167e-18,-1.3257389876278937e-19,1.0,9566.991628428395,9566.991628428395,-9566.991628428395,-9566.991628428395,549.9999999999993,549.9999999999993,-549.9999999999993,-549.9999999999993
36.863,0.25,5.72304754154373e-20,-1.011201927501801e-20,0.04099942866928528,5.907350849298922e-19,2.7241822099949167e-18,-1.3257389876278937e-19,1.0,9577.99162842838,9577.99162842838,-9577.99162842838,-9577.99162842838,549.9999999999993,549.9999999999993,-549.9999999999993,-549.9999999999993
36.883,0.25,5.72304754154373e-20,-1.011201927501801e-20,0.04099942866928528,5.907350849298922e-19,2.7241822099949167e-18,-1.3257389876278937e-19,1.0,9588.991628428366,9588.991628428366,-9588.991628428366,-9588.991628428366,549.9999999999993,549.9999999999993,-549.9999999999993,-549.9999999999993
36.903,0.25,5.72304754154373e-20,-1.011201927501801e-20,0.04099942866928528,5.907350849298922e-19,2.7241822099949167e-18,-1.3257389876278937e-19,1.0,9599.991628428352,9599.991628428352,-9599.991628428352,-9599.991628428352,549.9999999999993,549.9999999999993,-549.9999999999993,-549.9999999999993
36.923,0.25,5.72304754154373e-20,-1.011201927501801e-20,0.04099942866928528,5.907350849298922e-19,2.7241822099949167e-18,-1.3257389876278937e-19,1.0,9610.991628428337,9610.991628428337,-9610.991628428337,-9610.991628428337,549.9999999999993,549.9999999999993,-549.9999999999993,-549.9999999999993
36.943,0.25,5.72304754154373e-20,-1.011201927501801e-20,0.04099942866928528,5.907350849298922e-19,2.7241822099949167e-18,-1.3257389876278937e-19,1.0,9621.991628428323,9621.991628428323,-9621.991628428323,-9621.991628428323,549.9999999999993,549.9999999999993,-549.9999999999993,-549.9999999999993
36.963,0.25,5.72304754154373e-20,-1.011201927501801e-20,0.04099942866928528,5.907350849298922e-19,2.7241822099949167e-18,-1.3257389876278937e-19,1.0,9632.991628428308,9632.991628428308,-9632.991628428308,-9632.991628428308,549.9999999999993,549.9999999999993,-549.9999999999993,-549.9999999999993
36.983,0.25,5.72304754154373e-20,-1.011201927501801e-20,0.04099942866928528,5.907350849298922e-19,2.7241822099949167e-18,-1.3257389876278937e-19,1.0,9643.991628428294,9643.991628428294,-9643.991628428294,-9643.991628428294,549.9999999999993,549.9999999999993,-549.9999999999993,-549.9999999999993
37.003,0.25,5.72304754154373e-20,-1.011201927501801e-20,0.04099942866928528,5.907350849298922e-19,2.7241822099949167e-18,-1.3257389876278937e-19,1.0,9654.991628428279,9654.991628428279,-9654.991628428279,-9654.991628428279,549.9999999999993,549.9999999999993,-549.9999999999993,-549.9999999999993
37.023,0.25,5.72304754154373e-20,-1.011201927501801e-20,0.04099942866928528,5.907350849298922e-19,2.7241822099949167e-18,-1.3257389876278937e-19,1.0,9665.991628428264,9665.991628428264,-9665.991628428264,-9665.991628428264,549.9999999999993,549.9999999999993,-549.9999999999993,-549.9999999999993
37.043,0.25,5.72304754154373e-20,-1.011201927501801e-20,0.04099942866928528,5.907350849298922e-19,2.7241822099949167e-18,-1.3257389876278937e-19,1.0,9676.99162842825,9676.99162842825,-9676.99162842825,-9676.99162842825,549.9999999999993,549.9999999999993,-549.9999999999993,-549.9999999999993
37.063,0.25,5.72304754154373e-20,-1.011201927501801e-20,0.04099942866928528,5.907350849298922e-19,2.7241822099949167e-18,-1.3257389876278937e-19,1.0,9687.991628428235,9687.991628428235,-9687.991628428235,-9687.991628428235,549.9999999999993,549.9999999999993,-549.9999999999993,-549.9999999999993
37.083,0.25,5.72304754154373e-20,-1.011201927501801e-20,0.04099942866928528,5.907350849298922e-19,2.7241822099949167e-18,-1.3257389876278937e-19,1.0,9698.99162842822,9698.99162842822,-9698.99162842822,-9698.99162842822,549.9999999999993,549.9999999999993,-549.9999999999993,-549.9999999999993
37.103,0.25,5.72304754154373e-20,-1.011201927501801e-20,0.04099942866928528,5.907350849298922e-19,2.7241822099949167e-18,-1.3257389876278937e-19,1.0,9709.991628428206,9709.991628428206,-9709.991628428206,-9709.991628428206,549.9999999999993,549.9999999999993,-549.9999999999993,-549.9999999999993
37.123,0.25,5.72304754154373e-20,-1.011201927501801e-20,0.04099942866928528,5.907350849298922e-19,2.7241822099949167e-18,-1.3257389876278937e-19,1.0,9720.991628428192,9720.991628428192,-9720.991628428192,-9720.991628428192,549.9999999999993,549.9999999999993,-549.9999999999993,-549.9999999999993
37.143,0.25,5.72304754154373e-20,-1.011201927501801e-20,0.04099942866928528,5.907350849298922e-19,2.7241822099949167e-18,-1.3257389876278937e-19,1.0,9731.991628428177,9731.991628428177,-9731.991628428177,-9731.991628428177,549.9999999999993,549.9999999999993,-549.9999999999993,-549.9999999999993
37.163,0.25,5.72304754154373e-20,-1.011201927501801e-20,0.04099942866928528,5.907350849298922e-19,2.7241822099949167e-18,-1.3257389876278937e-19,1.0,9742.991628428163,9742.991628428163,-9742.991628428163,-9742.991628428163,549.9999999999993,549.9999999999993,-549.9999999999993,-549.9999999999993
37.183,0.25,5.72304754154373e-20,-1.011201927501801e-20,0.04099942866928528,5.907350849298922e-19,2.7241822099949167e-18,-1.3257389876278937e-19,1.0,9753.991628428148,9753.991628428148,-9753.991628428148,-9753.991628428148,549.9999999999993,549.9999999999993,-549.9999999999993,-549.9999999999993
37.203,0.25,5.72304754154373e-20,-1.011201927501801e-20,0.04099942866928528,5.907350849298922e-19,2.7241822099949167e-18,-1.3257389876278937e-19,1.0,9764.991628428133,9764.991628428133,-9764.991628428133,-9764.991628428133,549.9999999999993,549.9999999999993,-549.9999999999993,-549.9999999999993
37.223,0.25,5.72304754154373e-20,-1.011201927501801e-20,0.04099942866928528,5.907350849298922e-19,2.7241822099949167e-18,-1.3257389876278937e-19,1.0,9775.991628428119,9775.991628428119,-9775.991628428119,-9775.991628428119,549.9999999999993,549.9999999999993,-549.9999999999993,-549.9999999999993
37.243,0.25,5.72304754154373e-20,-1.011201927501801e-20,0.04099942866928528,5.907350849298922e-19,2.7241822099949167e-18,-1.3257389876278937e-19,1.0,9786.991628428104,9786.991628428104,-9786.991628428104,-9786.991628428104,549.9999999999993,549.9999999999993,-549.9999999999993,-549.9999999999993
37.263,0.25,5.72304754154373e-20,-1.011201927501801e-20,0.04099942866928528,5.907350849298922e-19,2.7241822099949167e-18,-1.3257389876278937e-19,1.0,9797.99162842809,9797.99162842809,-9797.99162842809,-9797.99162842809,549.9999999999993,549.9999999999993,-549.9999999999993,-549.9999999999993
37.283,0.25,5.72304754154373e-20,-1.011201927501801e-20,0.04099942866928528,5.907350849298922e-19,2.7241822099949167e-18,-1.3257389876278937e-19,1.0,9808.991628428075,9808.991628428075,-9808.991628428075,-9808.991628428075,549.9999999999993,549.9999999999993,-549.9999999999993,-549.9999999999993
37.303,0.25,5.72304754154373e-20,-1.011201927501801e-20,0.04099942866928528,5.907350849298922e-19,2.7241822099949167e-18,-1.3257389876278937e-19,1.0,9819.99162842806,9819.99162842806,-9819.99162842806,-9819.99162842806,549.9999999999993,549.9999999999993,-549.9999999999993,-549.9999999999993
37.323,0.25,5.72304754154373e-20,-1.011201927501801e-20,0.04099942866928528,5.907350849298922e-19,2.7241822099949167e-18,-1.3257389876278937e-19,1.0,9830.991628428046,9830.991628428046,-9830.991628428046,-9830.991628428046,549.9999999999993,549.9999999999993,-549.9999999999993,-549.9999999999993
37.343,0.25,5.72304754154373e-20,-1.011201927501801e-20,0.04099942866928528,5.907350849298922e-19,2.7241822099949167e-18,-1.3257389876278937e-19,1.0,9841.991628428032,9841.991628428032,-9841.991628428032,-9841.991628428032,549.9999999999993,549.9999999999993,-549.9999999999993,-549.9999999999993
37.363,0.25,5.72304754154373e-20,-1.011201927501801e-20,0.04099942866928528,5.907350849298922e-19,2.7241822099949167e-18,-1.3257389876278937e-19,1.0,9852.991628428017,9852.991628428017,-9852.991628428017,-9852.991628428017,549.9999999999993,549.9999999999993,-549.9999999999993,-549.9999999999993
37.383,0.25,5.72304754154373e-20,-1.011201927501801e-20,0.04099942866928528,5.907350849298922e-19,2.7241822099949167e-18,-1.3257389876278937e-19,1.0,9863.991628428003,9863.991628428003,-9863.991628428003,-9863.991628428003,549.9999999999993,549.9999999999993,-549.9999999999993,-549.9999999999993
37.403,0.25,5.72304754154373e-20,-1.011201927501801e-20,0.04099942866928528,5.907350849298922e-19,2.7241822099949167e-18,-1.3257389876278937e-19,1.0,9874.991628427988,9874.991628427988,-9874.991628427988,-9874.991628427988,549.9999999999993,549.9999999999993,-549.9999999999993,-549.9999999999993
37.423,0.25,5.72304754154373e-20,-1.011201927501801e-20,0.04099942866928528,5.907350849298922e-19,2.7241822099949167e-18,-1.3257389876278937e-19,1.0,9885.991628427973,9885.991628427973,-9885.991628427973,-9885.991628427973,549.9999999999993,549.9999999999993,-549.9999999999993,-549.9999999999993
37.443,0.25,5.72304754154373e-20,-1.011201927501801e-20,0.04099942866928528,5.907350849298922e-19,2.7241822099949167e-18,-1.3257389876278937e-19,1.0,9896.991628427959,9896.991628427959,-9896.991628427959,-9896.991628427959,549.9999999999993,549.9999999999993,-549.9999999999993,-549.9999999999993
37.463,0.25,5.72304754154373e-20,-1.011201927501801e-20,0.04099942866928528,5.907350849298922e-19,2.7241822099949167e-18,-1.3257389876278937e-19,1.0,9907.991628427944,9907.991628427944,-9907.991628427944,-9907.991628427944,549.9999999999993,549.9999999999993,-549.9999999999993,-549.9999999999993
37.483,0.25,5.72304754154373e-20,-1.011201927501801e-20,0.04099942866928528,5.907350849298922e-19,2.7241822099949167e-18,-1.3257389876278937e-19,1.0,9918.99162842793,9918.99162842793,-9918.99162842793,-9918.99162842793,549.9999999999993,549.9999999999993,-549.9999999999993,-549.9999999999993
37.503,0.25,5.72304754154373e-20,-1.011201927501801e-20,0.04099942866928528,5.907350849298922e-19,2.7241822099949167e-18,-1.3257389876278937e-19,1.0,9929.991628427915,9929.991628427915,-9929.991628427915,-9929.991628427915,549.9999999999993,549.9999999999993,-549.9999999999993,-549.9999999999993
37.523,0.25,5.72304754154373e-20,-1.011201927501801e-20,0.04099942866928528,5.907350849298922e-19,2.7241822099949167e-18,-1.3257389876278937e-19,1.0,9940.9916284279,9940.9916284279,-9940.9916284279,-9940.9916284279,549.9999999999993,549.9999999999993,-549.9999999999993,-549.9999999999993
37.544,0.25,5.72304754154373e-20,-1.011201927501801e-20,0.04099942866928528,5.907350849298922e-19,2.7241822099949167e-18,-1.3257389876278937e-19,1.0,9951.991628427886,9951.991628427886,-9951.991628427886,-9951.991628427886,549.9999999999993,549.9999999999993,-549.9999999999993,-549.9999999999993
37.563,0.25,5.72304754154373e-20,-1.011201927501801e-20,0.04099942866928528,5.907350849298922e-19,2.7241822099949167e-18,-1.3257389876278937e-19,1.0,9962.991628427872,9962.991628427872,-9962.991628427872,-9962.991628427872,549.9999999999993,549.9999999999993,-549.9999999999993,-549.9999999999993
37.583,0.25,5.72304754154373e-20,-1.011201927501801e-20,0.04099942866928528,5.907350849298922e-19,2.7241822099949167e-18,-1.3257389876278937e-19,1.0,9973.991628427857,9973.991628427857,-9973.991628427857,-9973.991628427857,549.9999999999993,549.9999999999993,-549.9999999999993,-549.9999999999993
37.603,0.25,5.72304754154373e-20,-1.011201927501801e-20,0.04099942866928528,5.907350849298922e-19,2.7241822099949167e-18,-1.3257389876278937e-19,1.0,9984.991628427842,9984.991628427842,-9984.991628427842,-9984.991628427842,549.9999999999993,549.9999999999993,-549.9999999999993,-549.9999999999993
37.624,0.25,5.72304754154373e-20,-1.011201927501801e-20,0.04099942866928528,5.907350849298922e-19,2.7241822099949167e-18,-1.3257389876278937e-19,1.0,9995.991628427828,9995.991628427828,-9995.991628427828,-9995.991628427828,549.9999999999993,549.9999999999993,-549.9999999999993,-549.9999999999993
37.643,0.25,5.72304754154373e-20,-1.011201927501801e-20,0.04099942866928528,5.907350849298922e-19,2.7241822099949167e-18,-1.3257389876278937e-19,1.0,10006.991628427813,10006.991628427813,-10006.991628427813,-10006.991628427813,549.9999999999993,549.9999999999993,-549.9999999999993,-549.9999999999993
37.664,0.25,5.72304754154373e-20,-1.011201927501801e-20,0.04099942866928528,5.907350849298922e-19,2.7241822099949167e-18,-1.3257389876278937e-19,1.0,10017.991628427799,10017.991628427799,-10017.991628427799,-10017.991628427799,549.9999999999993,549.9999999999993,-549.9999999999993,-549.9999999999993
37.683,0.25,5.72304754154373e-20,-1.011201927501801e-20,0.04099942866928528,5.907350849298922e-19,2.7241822099949167e-18,-1.3257389876278937e-19,1.0,10028.991628427784,10028.991628427784,-10028.991628427784,-10028.991628427784,549.9999999999993,549.9999999999993,-549.9999999999993,-549.9999999999993
37.704,0.25,5.72304754154373e-20,-1.011201927501801e-20,0.04099942866928528,5.907350849298922e-19,2.7241822099949167e-18,-1.3257389876278937e-19,1.0,10039.99162842777,10039.99162842777,-10039.99162842777,-10039.99162842777,549.9999999999993,549.9999999999993,-549.9999999999993,-549.9999999999993
37.723,0.25,5.72304754154373e-20,-1.011201927501801e-20,0.04099942866928528,5.907350849298922e-19,2.7241822099949167e-18,-1.3257389876278937e-19,1.0,10050.991628427755,10050.991628427755,-10050.991628427755,-10050.991628427755,549.9999999999993,549.9999999999993,-549.9999999999993,-549.9999999999993
37.743,0.25,5.72304754154373e-20,-1.011201927501801e-20,0.04099942866928528,5.907350849298922e-19,2.7241822099949167e-18,-1.3257389876278937e-19,1.0,10061.99162842774,10061.99162842774,-10061.99162842774,-10061.99162842774,549.9999999999993,549.9999999999993,-549.9999999999993,-549.9999999999993
37.763,0.25,5.72304754154373e-20,-1.011201927501801e-20,0.04099942866928528,5.907350849298922e-19,2.7241822099949167e-18,-1.3257389876278937e-19,1.0,10072.991628427726,10072.991628427726,-10072.991628427726,-10072.991628427726,549.9999999999993,549.9999999999993,-549.9999999999993,-549.9999999999993
37.783,0.25,5.72304754154373e-20,-1.011201927501801e-20,0.04099942866928528,5.907350849298922e-19,2.7241822099949167e-18,-1.3257389876278937e-19,1.0,10083.991628427711,10083.991628427711,-10083.991628427711,-10083.991628427711,549.9999999999993,549.9999999999993,-549.9999999999993,-549.9999999999993
37.804,0.25,5.72304754154373e-20,-1.011201927501801e-20,0.04099942866928528,5.907350849298922e-19,2.7241822099949167e-18,-1.3257389876278937e-19,1.0,10094.991628427697,10094.991628427697,-10094.991628427697,-10094.991628427697,549.9999999999993,549.9999999999993,-549.9999999999993,-549.9999999999993
37.824,0.25,5.72304754154373e-20,-1.011201927501801e-20,0.04099942866928528,5.907350849298922e-19,2.7241822099949167e-18,-1.3257389876278937e-19,1.0,10105.991628427682,10105.991628427682,-10105.991628427682,-10105.991628427682,549.9999999999993,549.9999999999993,-549.9999999999993,-549.9999999999993
37.843,0.25,5.72304754154373e-20,-1.011201927501801e-20,0.04099942866928528,5.907350849298922e-19,2.7241822099949167e-18,-1.3257389876278937e-19,1.0,10116.991628427668,10116.991628427668,-10116.991628427668,-10116.991628427668,549.9999999999993,549.9999999999993,-549.9999999999993,-549.9999999999993
37.863,0.25,5.72304754154373e-20,-1.011201927501801e-20,0.04099942866928528,5.907350849298922e-19,2.7241822099949167e-18,-1.3257389876278937e-19,1.0,10127.991628427653,10127.991628427653,-10127.991628427653,-10127.991628427653,549.9999999999993,549.9999999999993,-549.9999999999993,-549.9999999999993
37.883,0.25,5.72304754154373e-20,-1.011201927501801e-20,0.04099942866928528,5.907350849298922e-19,2.7241822099949167e-18,-1.3257389876278937e-19,1.0,10138.991628427639,10138.991628427639,-10138.991628427639,-10138.991628427639,549.9999999999993,549.9999999999993,-549.9999999999993,-549.9999999999993
37.903,0.25,5.72304754154373e-20,-1.011201927501801e-20,0.04099942866928528,5.907350849298922e-19,2.7241822099949167e-18,-1.3257389876278937e-19,1.0,10149.991628427624,10149.991628427624,-10149.991628427624,-10149.991628427624,549.9999999999993,549.9999999999993,-549.9999999999993,-549.9999999999993
37.924,0.25,5.72304754154373e-20,-1.011201927501801e-20,0.04099942866928528,5.907350849298922e-19,2.7241822099949167e-18,-1.3257389876278937e-19,1.0,10160.99162842761,10160.99162842761,-10160.99162842761,-10160.99162842761,549.9999999999993,549.9999999999993,-549.9999999999993,-549.9999999999993
37.943,0.25,5.72304754154373e-20,-1.011201927501801e-20,0.04099942866928528,5.907350849298922e-19,2.7241822099949167e-18,-1.3257389876278937e-19,1.0,10171.991628427595,10171.991628427595,-10171.991628427595,-10171.991628427595,549.9999999999993,549.9999999999993,-549.9999999999993,-549.9999999999993
37.963,0.25,5.72304754154373e-20,-1.011201927501801e-20,0.04099942866928528,5.907350849298922e-19,2.7241822099949167e-18,-1.3257389876278937e-19,1.0,10182.99162842758,10182.99162842758,-10182.99162842758,-10182.99162842758,549.9999999999993,549.9999999999993,-549.9999999999993,-549.9999999999993
37.983,0.25,5.72304754154373e-20,-1.011201927501801e-20,0.04099942866928528,5.907350849298922e-19,2.7241822099949167e-18,-1.3257389876278937e-19,1.0,10193.991628427566,10193.991628427566,-10193.991628427566,-10193.991628427566,549.9999999999993,549.9999999999993,-549.9999999999993,-549.9999999999993
38.003,0.25,5.72304754154373e-20,-1.011201927501801e-20,0.04099942866928528,5.907350849298922e-19,2.7241822099949167e-18,-1.3257389876278937e-19,1.0,10204.991628427551,10204.991628427551,-10204.991628427551,-10204.991628427551,549.9999999999993,549.9999999999993,-549.9999999999993,-549.9999999999993
38.023,0.25,5.72304754154373e-20,-1.011201927501801e-20,0.04099942866928528,5.907350849298922e-19,2.7241822099949167e-18,-1.3257389876278937e-19,1.0,10215.991628427537,10215.991628427537,-10215.991628427537,-10215.991628427537,549.9999999999993,549.9999999999993,-549.9999999999993,-549.9999999999993
38.043,0.25,5.72304754154373e-20,-1.011201927501801e-20,0.04099942866928528,5.907350849298922e-19,2.7241822099949167e-18,-1.3257389876278937e-19,1.0,10226.991628427522,10226.991628427522,-10226.991628427522,-10226.991628427522,549.9999999999993,549.9999999999993,-549.9999999999993,-549.9999999999993
38.063,0.25,5.72304754154373e-20,-1.011201927501801e-20,0.04099942866928528,5.907350849298922e-19,2.7241822099949167e-18,-1.3257389876278937e-19,1.0,10237.991628427508,10237.991628427508,-10237.991628427508,-10237.991628427508,549.9999999999993,549.9999999999993,-549.9999999999993,-549.9999999999993
38.083,0.25,5.72304754154373e-20,-1.011201927501801e-20,0.04099942866928528,5.907350849298922e-19,2.7241822099949167e-18,-1.3257389876278937e-19,1.0,10248.991628427493,10248.991628427493,-10248.991628427493,-10248.991628427493,549.9999999999993,549.9999999999993,-549.9999999999993,-549.9999999999993
38.103,0.25,5.72304754154373e-20,-1.011201927501801e-20,0.04099942866928528,5.907350849298922e-19,2.7241822099949167e-18,-1.3257389876278937e-19,1.0,10259.991628427479,10259.991628427479,-10259.991628427479,-10259.991628427479,549.9999999999993,549.9999999999993,-549.9999999999993,-549.9999999999993
38.124,0.25,5.72304754154373e-20,-1.011201927501801e-20,0.04099942866928528,5.907350849298922e-19,2.7241822099949167e-18,-1.3257389876278937e-19,1.0,10270.991628427464,10270.991628427464,-10270.991628427464,-10270.991628427464,549.9999999999993,549.9999999999993,-549.9999999999993,-549.9999999999993
38.143,0.25,5.72304754154373e-20,-1.011201927501801e-20,0.04099942866928528,5.907350849298922e-19,2.7241822099949167e-18,-1.3257389876278937e-19,1.0,10281.99162842745,10281.99162842745,-10281.99162842745,-10281.99162842745,549.9999999999993,549.9999999999993,-549.9999999999993,-549.9999999999993
38.163,0.25,5.72304754154373e-20,-1.011201927501801e-20,0.04099942866928528,5.907350849298922e-19,2.7241822099949167e-18,-1.3257389876278937e-19,1.0,10292.991628427435,10292.991628427435,-10292.991628427435,-10292.991628427435,549.9999999999993,549.9999999999993,-549.9999999999993,-549.9999999999993
38.183,0.25,5.72304754154373e-20,-1.011201927501801e-20,0.04099942866928528,5.907350849298922e-19,2.7241822099949167e-18,-1.3257389876278937e-19,1.0,10303.99162842742,10303.99162842742,-10303.99162842742,-10303.99162842742,549.9999999999993,549.9999999999993,-549.9999999999993,-549.9999999999993
38.203,0.25,5.72304754154373e-20,-1.011201927501801e-20,0.04099942866928528,5.907350849298922e-19,2.7241822099949167e-18,-1.3257389876278937e-19,1.0,10314.991628427406,10314.991628427406,-10314.991628427406,-10314.991628427406,549.9999999999993,549.9999999999993,-549.9999999999993,-549.9999999999993
38.223,0.25,5.72304754154373e-20,-1.011201927501801e-20,0.04099942866928528,5.907350849298922e-19,2.7241822099949167e-18,-1.3257389876278937e-19,1.0,10325.991628427391,10325.991628427391,-10325.991628427391,-10325.991628427391,549.9999999999993,549.9999999999993,-549.9999999999993,-549.9999999999993
38.243,0.25,5.72304754154373e-20,-1.011201927501801e-20,0.04099942866928528,5.907350849298922e-19,2.7241822099949167e-18,-1.3257389876278937e-19,1.0,10336.991628427377,10336.991628427377,-10336.991628427377,-10336.991628427377,549.9999999999993,549.9999999999993,-549.9999999999993,-549.9999999999993
38.263,0.25,5.72304754154373e-20,-1.011201927501801e-20,0.04099942866928528,5.907350849298922e-19,2.7241822099949167e-18,-1.3257389876278937e-19,1.0,10347.991628427362,10347.991628427362,-10347.991628427362,-10347.991628427362,549.9999999999993,549.9999999999993,-549.9999999999993,-549.9999999999993
38.283,0.25,5.72304754154373e-20,-1.011201927501801e-20,0.04099942866928528,5.907350849298922e-19,2.7241822099949167e-18,-1.3257389876278937e-19,1.0,10358.991628427348,10358.991628427348,-10358.991628427348,-10358.991628427348,549.9999999999993,549.9999999999993,-549.9999999999993,-549.9999999999993
38.303,0.25,5.72304754154373e-20,-1.011201927501801e-20,0.04099942866928528,5.907350849298922e-19,2.7241822099949167e-18,-1.3257389876278937e-19,1.0,10369.991628427333,10369.991628427333,-10369.991628427333,-10369.991628427333,549.9999999999993,549.9999999999993,-549.9999999999993,-549.9999999999993
38.323,0.25,5.72304754154373e-20,-1.011201927501801e-20,0.04099942866928528,5.907350849298922e-19,2.7241822099949167e-18,-1.3257389876278937e-19,1.0,10380.991628427319,10380.991628427319,-10380.991628427319,-10380.991628427319,549.9999999999993,549.9999999999993,-549.9999999999993,-549.9999999999993
38.343,0.25,5.72304754154373e-20,-1.011201927501801e-20,0.04099942866928528,5.907350849298922e-19,2.7241822099949167e-18,-1.3257389876278937e-19,1.0,10391.991628427304,10391.991628427304,-10391.991628427304,-10391.991628427304,549.9999999999993,549.9999999999993,-549.9999999999993,-549.9999999999993
38.363,0.25,5.72304754154373e-20,-1.011201927501801e-20,0.04099942866928528,5.907350849298922e-19,2.7241822099949167e-18,-1.3257389876278937e-19,1.0,10402.99162842729,10402.99162842729,-10402.99162842729,-10402.99162842729,549.9999999999993,549.9999999999993,-549.9999999999993,-549.9999999999993
38.383,0.25,5.72304754154373e-20,-1.011201927501801e-20,0.04099942866928528,5.907350849298922e-19,2.7241822099949167e-18,-1.3257389876278937e-19,1.0,10413.991628427275,10413.991628427275,-10413.991628427275,-10413.991628427275,549.9999999999993,549.9999999999993,-549.9999999999993,-549.9999999999993
38.403,0.25,5.72304754154373e-20,-1.011201927501801e-20,0.04099942866928528,5.907350849298922e-19,2.7241822099949167e-18,-1.3257389876278937e-19,1.0,10424.99162842726,10424.99162842726,-10424.99162842726,-10424.99162842726,549.9999999999993,549.9999999999993,-549.9999999999993,-549.9999999999993
38.423,0.25,5.72304754154373e-20,-1.011201927501801e-20,0.04099942866928528,5.907350849298922e-19,2.7241822099949167e-18,-1.3257389876278937e-19,1.0,10435.991628427246,10435.991628427246,-10435.991628427246,-10435.991628427246,549.9999999999993,549.9999999999993,-549.9999999999993,-549.9999999999993
38.443,0.25,5.72304754154373e-20,-1.011201927501801e-20,0.04099942866928528,5.907350849298922e-19,2.7241822099949167e-18,-1.3257389876278937e-19,1.0,10446.991628427231,10446.991628427231,-10446.991628427231,-10446.991628427231,549.9999999999993,549.9999999999993,-549.9999999999993,-549.9999999999993
38.463,0.25,5.72304754154373e-20,-1.011201927501801e-20,0.04099942866928528,5.907350849298922e-19,2.7241822099949167e-18,-1.3257389876278937e-19,1.0,10457.991628427217,10457.991628427217,-10457.991628427217,-10457.991628427217,549.9999999999993,549.9999999999993,-549.9999999999993,-549.9999999999993
38.483,0.25,5.72304754154373e-20,-1.011201927501801e-20,0.04099942866928528,5.907350849298922e-19,2.7241822099949167e-18,-1.3257389876278937e-19,1.0,10468.991628427202,10468.991628427202,-10468.991628427202,-10468.991628427202,549.9999999999993,549.9999999999993,-549.9999999999993,-549.9999999999993
38.503,0.25,5.72304754154373e-20,-1.011201927501801e-20,0.04099942866928528,5.907350849298922e-19,2.7241822099949167e-18,-1.3257389876278937e-19,1.0,10479.991628427188,10479.991628427188,-10479.991628427188,-10479.991628427188,549.9999999999993,549.9999999999993,-549.9999999999993,-549.9999999999993
38.523,0.25,5.72304754154373e-20,-1.011201927501801e-20,0.04099942866928528,5.907350849298922e-19,2.7241822099949167e-18,-1.3257389876278937e-19,1.0,10490.991628427173,10490.991628427173,-10490.991628427173,-10490.991628427173,549.9999999999993,549.9999999999993,-549.9999999999993,-549.9999999999993
38.543,0.25,5.72304754154373e-20,-1.011201927501801e-20,0.04099942866928528,5.907350849298922e-19,2.7241822099949167e-18,-1.3257389876278937e-19,1.0,10501.991628427159,10501.991628427159,-10501.991628427159,-10501.991628427159,549.9999999999993,549.9999999999993,-549.9999999999993,-549.9999999999993
38.563,0.25,5.72304754154373e-20,-1.011201927501801e-20,0.04099942866928528,5.907350849298922e-19,2.7241822099949167e-18,-1.3257389876278937e-19,1.0,10512.991628427144,10512.991628427144,-10512.991628427144,-10512.991628427144,549.9999999999993,549.9999999999993,-549.9999999999993,-549.9999999999993
38.583,0.25,5.72304754154373e-20,-1.011201927501801e-20,0.04099942866928528,5.907350849298922e-19,2.7241822099949167e-18,-1.3257389876278937e-19,1.0,10523.99162842713,10523.99162842713,-10523.99162842713,-10523.99162842713,549.9999999999993,549.9999999999993,-549.9999999999993,-549.9999999999993
38.603,0.25,5.72304754154373e-20,-1.011201927501801e-20,0.04099942866928528,5.907350849298922e-19,2.7241822099949167e-18,-1.3257389876278937e-19,1.0,10534.991628427115,10534.991628427115,-10534.991628427115,-10534.991628427115,549.9999999999993,549.9999999999993,-549.9999999999993,-549.9999999999993
38.623,0.25,5.72304754154373e-20,-1.011201927501801e-20,0.04099942866928528,5.907350849298922e-19,2.7241822099949167e-18,-1.3257389876278937e-19,1.0,10545.9916284271,10545.9916284271,-10545.9916284271,-10545.9916284271,549.9999999999993,549.9999999999993,-549.9999999999993,-549.9999999999993
38.643,0.25,5.72304754154373e-20,-1.011201927501801e-20,0.04099942866928528,5.907350849298922e-19,2.7241822099949167e-18,-1.3257389876278937e-19,1.0,10556.991628427086,10556.991628427086,-10556.991628427086,-10556.991628427086,549.9999999999993,549.9999999999993,-549.9999999999993,-549.9999999999993
38.663,0.25,5.72304754154373e-20,-1.011201927501801e-20,0.04099942866928528,5.907350849298922e-19,2.7241822099949167e-18,-1.3257389876278937e-19,1.0,10567.991628427071,10567.991628427071,-10567.991628427071,-10567.991628427071,549.9999999999993,549.9999999999993,-549.9999999999993,-549.9999999999993
38.683,0.25,5.72304754154373e-20,-1.011201927501801e-20,0.04099942866928528,5.907350849298922e-19,2.7241822099949167e-18,-1.3257389876278937e-19,1.0,10578.991628427057,10578.991628427057,-10578.991628427057,-10578.991628427057,549.9999999999993,549.9999999999993,-549.9999999999993,-549.9999999999993
38.703,0.25,5.72304754154373e-20,-1.011201927501801e-20,0.04099942866928528,5.907350849298922e-19,2.7241822099949167e-18,-1.3257389876278937e-19,1.0,10589.991628427042,10589.991628427042,-10589.991628427042,-10589.991628427042,549.9999999999993,549.9999999999993,-549.9999999999993,-549.9999999999993
38.723,0.25,5.72304754154373e-20,-1.011201927501801e-20,0.04099942866928528,5.907350849298922e-19,2.7241822099949167e-18,-1.3257389876278937e-19,1.0,10600.991628427028,10600.991628427028,-10600.991628427028,-10600.991628427028,549.9999999999993,549.9999999999993,-549.9999999999993,-549.9999999999993
38.743,0.25,5.72304754154373e-20,-1.011201927501801e-20,0.04099942866928528,5.907350849298922e-19,2.7241822099949167e-18,-1.3257389876278937e-19,1.0,10611.991628427013,10611.991628427013,-10611.991628427013,-10611.991628427013,549.9999999999993,549.9999999999993,-549.9999999999993,-549.9999999999993
38.763,0.25,5.72304754154373e-20,-1.011201927501801e-20,0.04099942866928528,5.907350849298922e-19,2.7241822099949167e-18,-1.3257389876278937e-19,1.0,10622.991628426998,10622.991628426998,-10622.991628426998,-10622.991628426998,549.9999999999993,549.9999999999993,-549.9999999999993,-549.9999999999993
38.783,0.25,5.72304754154373e-20,-1.011201927501801e-20,0.04099942866928528,5.907350849298922e-19,2.7241822099949167e-18,-1.3257389876278937e-19,1.0,10633.991628426984,10633.991628426984,-10633.991628426984,-10633.991628426984,549.9999999999993,549.9999999999993,-549.9999999999993,-549.9999999999993
38.803,0.25,5.72304754154373e-20,-1.011201927501801e-20,0.04099942866928528,5.907350849298922e-19,2.7241822099949167e-18,-1.3257389876278937e-19,1.0,10644.99162842697,10644.99162842697,-10644.99162842697,-10644.99162842697,549.9999999999993,549.9999999999993,-549.9999999999993,-549.9999999999993
38.823,0.25,5.72304754154373e-20,-1.011201927501801e-20,0.04099942866928528,5.907350849298922e-19,2.7241822099949167e-18,-1.3257389876278937e-19,1.0,10655.991628426955,10655.991628426955,-10655.991628426955,-10655.991628426955,549.9999999999993,549.9999999999993,-549.9999999999993,-549.9999999999993
38.843,0.25,5.72304754154373e-20,-1.011201927501801e-20,0.04099942866928528,5.907350849298922e-19,2.7241822099949167e-18,-1.3257389876278937e-19,1.0,10666.99162842694,10666.99162842694,-10666.99162842694,-10666.99162842694,549.9999999999993,549.9999999999993,-549.9999999999993,-549.9999999999993
38.863,0.25,5.72304754154373e-20,-1.011201927501801e-20,0.04099942866928528,5.907350849298922e-19,2.7241822099949167e-18,-1.3257389876278937e-19,1.0,10677.991628426926,10677.991628426926,-10677.991628426926,-10677.991628426926,549.9999999999993,549.9999999999993,-549.9999999999993,-549.9999999999993
38.883,0.25,5.72304754154373e-20,-1.011201927501801e-20,0.04099942866928528,5.907350849298922e-19,2.7241822099949167e-18,-1.3257389876278937e-19,1.0,10688.991628426911,10688.991628426911,-10688.991628426911,-10688.991628426911,549.9999999999993,549.9999999999993,-549.9999999999993,-549.9999999999993
38.903,0.25,5.72304754154373e-20,-1.011201927501801e-20,0.04099942866928528,5.907350849298922e-19,2.7241822099949167e-18,-1.3257389876278937e-19,1.0,10699.991628426897,10699.991628426897,-10699.991628426897,-10699.991628426897,549.9999999999993,549.9999999999993,-549.9999999999993,-549.9999999999993
38.923,0.25,5.72304754154373e-20,-1.011201927501801e-20,0.04099942866928528,5.907350849298922e-19,2.7241822099949167e-18,-1.3257389876278937e-19,1.0,10710.991628426882,10710.991628426882,-10710.991628426882,-10710.991628426882,549.9999999999993,549.9999999999993,-549.9999999999993,-549.9999999999993
38.943,0.25,5.72304754154373e-20,-1.011201927501801e-20,0.04099942866928528,5.907350849298922e-19,2.7241822099949167e-18,-1.3257389876278937e-19,1.0,10721.991628426867,10721.991628426867,-10721.991628426867,-10721.991628426867,549.9999999999993,549.9999999999993,-549.9999999999993,-549.9999999999993
38.963,0.25,5.72304754154373e-20,-1.011201927501801e-20,0.04099942866928528,5.907350849298922e-19,2.7241822099949167e-18,-1.3257389876278937e-19,1.0,10732.991628426853,10732.991628426853,-10732.991628426853,-10732.991628426853,549.9999999999993,549.9999999999993,-549.9999999999993,-549.9999999999993
38.983,0.25,5.72304754154373e-20,-1.011201927501801e-20,0.04099942866928528,5.907350849298922e-19,2.7241822099949167e-18,-1.3257389876278937e-19,1.0,10743.991628426838,10743.991628426838,-10743.991628426838,-10743.991628426838,549.9999999999993,549.9999999999993,-549.9999999999993,-549.9999999999993
39.003,0.25,5.72304754154373e-20,-1.011201927501801e-20,0.04099942866928528,5.907350849298922e-19,2.7241822099949167e-18,-1.3257389876278937e-19,1.0,10754.991628426824,10754.991628426824,-10754.991628426824,-10754.991628426824,549.9999999999993,549.9999999999993,-549.9999999999993,-549.9999999999993
39.023,0.25,5.72304754154373e-20,-1.011201927501801e-20,0.04099942866928528,5.907350849298922e-19,2.7241822099949167e-18,-1.3257389876278937e-19,1.0,10765.99162842681,10765.99162842681,-10765.99162842681,-10765.99162842681,549.9999999999993,549.9999999999993,-549.9999999999993,-549.9999999999993
39.043,0.25,5.72304754154373e-20,-1.011201927501801e-20,0.04099942866928528,5.907350849298922e-19,2.7241822099949167e-18,-1.3257389876278937e-19,1.0,10776.991628426795,10776.991628426795,-10776.991628426795,-10776.991628426795,549.9999999999993,549.9999999999993,-549.9999999999993,-549.9999999999993
39.063,0.25,5.72304754154373e-20,-1.011201927501801e-20,0.04099942866928528,5.907350849298922e-19,2.7241822099949167e-18,-1.3257389876278937e-19,1.0,10787.99162842678,10787.99162842678,-10787.99162842678,-10787.99162842678,549.9999999999993,549.9999999999993,-549.9999999999993,-549.9999999999993
39.083,0.25,5.72304754154373e-20,-1.011201927501801e-20,0.04099942866928528,5.907350849298922e-19,2.7241822099949167e-18,-1.3257389876278937e-19,1.0,10798.991628426766,10798.991628426766,-10798.991628426766,-10798.991628426766,549.9999999999993,549.9999999999993,-549.9999999999993,-549.9999999999993
39.103,0.25,5.72304754154373e-20,-1.011201927501801e-20,0.04099942866928528,5.907350849298922e-19,2.7241822099949167e-18,-1.3257389876278937e-19,1.0,10809.991628426751,10809.991628426751,-10809.991628426751,-10809.991628426751,549.9999999999993,549.9999999999993,-549.9999999999993,-549.9999999999993
39.123,0.25,5.72304754154373e-20,-1.011201927501801e-20,0.04099942866928528,5.907350849298922e-19,2.7241822099949167e-18,-1.3257389876278937e-19,1.0,10820.991628426736,10820.991628426736,-10820.991628426736,-10820.991628426736,549.9999999999993,549.9999999999993,-549.9999999999993,-549.9999999999993
39.143,0.25,5.72304754154373e-20,-1.011201927501801e-20,0.04099942866928528,5.907350849298922e-19,2.7241822099949167e-18,-1.3257389876278937e-19,1.0,10831.991628426722,10831.991628426722,-10831.991628426722,-10831.991628426722,549.9999999999993,549.9999999999993,-549.9999999999993,-549.9999999999993
39.163,0.25,5.72304754154373e-20,-1.011201927501801e-20,0.04099942866928528,5.907350849298922e-19,2.7241822099949167e-18,-1.3257389876278937e-19,1.0,10842.991628426707,10842.991628426707,-10842.991628426707,-10842.991628426707,549.9999999999993,549.9999999999993,-549.9999999999993,-549.9999999999993
39.183,0.25,5.72304754154373e-20,-1.011201927501801e-20,0.04099942866928528,5.907350849298922e-19,2.7241822099949167e-18,-1.3257389876278937e-19,1.0,10853.991628426693,10853.991628426693,-10853.991628426693,-10853.991628426693,549.9999999999993,549.9999999999993,-549.9999999999993,-549.9999999999993
39.203,0.25,5.72304754154373e-20,-1.011201927501801e-20,0.04099942866928528,5.907350849298922e-19,2.7241822099949167e-18,-1.3257389876278937e-19,1.0,10864.991628426678,10864.991628426678,-10864.991628426678,-10864.991628426678,549.9999999999993,549.9999999999993,-549.9999999999993,-549.9999999999993
39.223,0.25,5.72304754154373e-20,-1.011201927501801e-20,0.04099942866928528,5.907350849298922e-19,2.7241822099949167e-18,-1.3257389876278937e-19,1.0,10875.991628426664,10875.991628426664,-10875.991628426664,-10875.991628426664,549.9999999999993,549.9999999999993,-549.9999999999993,-549.9999999999993
39.243,0.25,5.72304754154373e-20,-1.011201927501801e-20,0.04099942866928528,5.907350849298922e-19,2.7241822099949167e-18,-1.3257389876278937e-19,1.0,10886.99162842665,10886.99162842665,-10886.99162842665,-10886.99162842665,549.9999999999993,549.9999999999993,-549.9999999999993,-549.9999999999993
39.263,0.25,5.72304754154373e-20,-1.011201927501801e-20,0.04099942866928528,5.907350849298922e-19,2.7241822099949167e-18,-1.3257389876278937e-19,1.0,10897.991628426635,10897.991628426635,-10897.991628426635,-10897.991628426635,549.9999999999993,549.9999999999993,-549.9999999999993,-549.9999999999993
39.283,0.25,5.72304754154373e-20,-1.011201927501801e-20,0.04099942866928528,5.907350849298922e-19,2.7241822099949167e-18,-1.3257389876278937e-19,1.0,10908.99162842662,10908.99162842662,-10908.99162842662,-10908.99162842662,549.9999999999993,549.9999999999993,-549.9999999999993,-549.9999999999993
39.303,0.25,5.72304754154373e-20,-1.011201927501801e-20,0.04099942866928528,5.907350849298922e-19,2.7241822099949167e-18,-1.3257389876278937e-19,1.0,10919.991628426606,10919.991628426606,-10919.991628426606,-10919.991628426606,549.9999999999993,549.9999999999993,-549.9999999999993,-549.9999999999993
39.323,0.25,5.72304754154373e-20,-1.011201927501801e-20,0.04099942866928528,5.907350849298922e-19,2.7241822099949167e-18,-1.3257389876278937e-19,1.0,10930.991628426591,10930.991628426591,-10930.991628426591,-10930.991628426591,549.9999999999993,549.9999999999993,-549.9999999999993,-549.9999999999993
39.343,0.25,5.72304754154373e-20,-1.011201927501801e-20,0.04099942866928528,5.907350849298922e-19,2.7241822099949167e-18,-1.3257389876278937e-19,1.0,10941.991628426576,10941.991628426576,-10941.991628426576,-10941.991628426576,549.9999999999993,549.9999999999993,-549.9999999999993,-549.9999999999993
39.363,0.25,5.72304754154373e-20,-1.011201927501801e-20,0.04099942866928528,5.907350849298922e-19,2.7241822099949167e-18,-1.3257389876278937e-19,1.0,10952.991628426562,10952.991628426562,-10952.991628426562,-10952.991628426562,549.9999999999993,549.9999999999993,-549.9999999999993,-549.9999999999993
39.383,0.25,5.72304754154373e-20,-1.011201927501801e-20,0.04099942866928528,5.907350849298922e-19,2.7241822099949167e-18,-1.3257389876278937e-19,1.0,10963.991628426547,10963.991628426547,-10963.991628426547,-10963.991628426547,549.9999999999993,549.9999999999993,-549.9999999999993,-549.9999999999993
39.403,0.25,5.72304754154373e-20,-1.011201927501801e-20,0.04099942866928528,5.907350849298922e-19,2.7241822099949167e-18,-1.3257389876278937e-19,1.0,10974.991628426533,10974.991628426533,-10974.991628426533,-10974.991628426533,549.9999999999993,549.9999999999993,-549.9999999999993,-549.9999999999993
39.423,0.25,5.72304754154373e-20,-1.011201927501801e-20,0.04099942866928528,5.907350849298922e-19,2.7241822099949167e-18,-1.3257389876278937e-19,1.0,10985.991628426518,10985.991628426518,-10985.991628426518,-10985.991628426518,549.9999999999993,549.9999999999993,-549.9999999999993,-549.9999999999993
39.443,0.25,5.72304754154373e-20,-1.011201927501801e-20,0.04099942866928528,5.907350849298922e-19,2.7241822099949167e-18,-1.3257389876278937e-19,1.0,10996.991628426504,10996.991628426504,-10996.991628426504,-10996.991628426504,549.9999999999993,549.9999999999993,-549.9999999999993,-549.9999999999993
39.463,0.25,5.72304754154373e-20,-1.011201927501801e-20,0.04099942866928528,5.907350849298922e-19,2.7241822099949167e-18,-1.3257389876278937e-19,1.0,11007.99162842649,11007.99162842649,-11007.99162842649,-11007.99162842649,549.9999999999993,549.9999999999993,-549.9999999999993,-549.9999999999993
39.483,0.25,5.72304754154373e-20,-1.011201927501801e-20,0.04099942866928528,5.907350849298922e-19,2.7241822099949167e-18,-1.3257389876278937e-19,1.0,11018.991628426475,11018.991628426475,-11018.991628426475,-11018.991628426475,549.9999999999993,549.9999999999993,-549.9999999999993,-549.9999999999993
39.503,0.25,5.72304754154373e-20,-1.011201927501801e-20,0.04099942866928528,5.907350849298922e-19,2.7241822099949167e-18,-1.3257389876278937e-19,1.0,11029.99162842646,11029.99162842646,-11029.99162842646,-11029.99162842646,549.9999999999993,549.9999999999993,-549.9999999999993,-549.9999999999993
39.523,0.25,5.72304754154373e-20,-1.011201927501801e-20,0.04099942866928528,5.907350849298922e-19,2.7241822099949167e-18,-1.3257389876278937e-19,1.0,11040.991628426445,11040.991628426445,-11040.991628426445,-11040.991628426445,549.9999999999993,549.9999999999993,-549.9999999999993,-549.9999999999993
39.543,0.25,5.72304754154373e-20,-1.011201927501801e-20,0.04099942866928528,5.907350849298922e-19,2.7241822099949167e-18,-1.3257389876278937e-19,1.0,11051.99162842643,11051.99162842643,-11051.99162842643,-11051.99162842643,549.9999999999993,549.9999999999993,-549.9999999999993,-549.9999999999993
39.563,0.25,5.72304754154373e-20,-1.011201927501801e-20,0.04099942866928528,5.907350849298922e-19,2.7241822099949167e-18,-1.3257389876278937e-19,1.0,11062.991628426416,11062.991628426416,-11062.991628426416,-11062.991628426416,549.9999999999993,549.9999999999993,-549.9999999999993,-549.9999999999993
39.583,0.25,5.72304754154373e-20,-1.011201927501801e-20,0.04099942866928528,5.907350849298922e-19,2.7241822099949167e-18,-1.3257389876278937e-19,1.0,11073.991628426402,11073.991628426402,-11073.991628426402,-11073.991628426402,549.9999999999993,549.9999999999993,-549.9999999999993,-549.9999999999993
39.603,0.25,5.72304754154373e-20,-1.011201927501801e-20,0.04099942866928528,5.907350849298922e-19,2.7241822099949167e-18,-1.3257389876278937e-19,1.0,11084.991628426387,11084.991628426387,-11084.991628426387,-11084.991628426387,549.9999999999993,549.9999999999993,-549.9999999999993,-549.9999999999993
39.623,0.25,5.72304754154373e-20,-1.011201927501801e-20,0.04099942866928528,5.907350849298922e-19,2.7241822099949167e-18,-1.3257389876278937e-19,1.0,11095.991628426373,11095.991628426373,-11095.991628426373,-11095.991628426373,549.9999999999993,549.9999999999993,-549.9999999999993,-549.9999999999993
39.643,0.25,5.72304754154373e-20,-1.011201927501801e-20,0.04099942866928528,5.907350849298922e-19,2.7241822099949167e-18,-1.3257389876278937e-19,1.0,11106.991628426358,11106.991628426358,-11106.991628426358,-11106.991628426358,549.9999999999993,549.9999999999993,-549.9999999999993,-549.9999999999993
39.663,0.25,5.72304754154373e-20,-1.011201927501801e-20,0.04099942866928528,5.907350849298922e-19,2.7241822099949167e-18,-1.3257389876278937e-19,1.0,11117.991628426344,11117.991628426344,-11117.991628426344,-11117.991628426344,549.9999999999993,549.9999999999993,-549.9999999999993,-549.9999999999993
39.683,0.25,5.72304754154373e-20,-1.011201927501801e-20,0.04099942866928528,5.907350849298922e-19,2.7241822099949167e-18,-1.3257389876278937e-19,1.0,11128.991628426329,11128.991628426329,-11128.991628426329,-11128.991628426329,549.9999999999993,549.9999999999993,-549.9999999999993,-549.9999999999993
39.703,0.25,5.72304754154373e-20,-1.011201927501801e-20,0.04099942866928528,5.907350849298922e-19,2.7241822099949167e-18,-1.3257389876278937e-19,1.0,11139.991628426314,11139.991628426314,-11139.991628426314,-11139.991628426314,549.9999999999993,549.9999999999993,-549.9999999999993,-549.9999999999993
39.723,0.25,5.72304754154373e-20,-1.011201927501801e-20,0.04099942866928528,5.907350849298922e-19,2.7241822099949167e-18,-1.3257389876278937e-19,1.0,11150.9916284263,11150.9916284263,-11150.9916284263,-11150.9916284263,549.9999999999993,549.9999999999993,-549.9999999999993,-549.9999999999993
39.743,0.25,5.72304754154373e-20,-1.011201927501801e-20,0.04099942866928528,5.907350849298922e-19,2.7241822099949167e-18,-1.3257389876278937e-19,1.0,11161.991628426285,11161.991628426285,-11161.991628426285,-11161.991628426285,549.9999999999993,549.9999999999993,-549.9999999999993,-549.9999999999993
39.763,0.25,5.72304754154373e-20,-1.011201927501801e-20,0.04099942866928528,5.907350849298922e-19,2.7241822099949167e-18,-1.3257389876278937e-19,1.0,11172.99162842627,11172.99162842627,-11172.99162842627,-11172.99162842627,549.9999999999993,549.9999999999993,-549.9999999999993,-549.9999999999993
39.783,0.25,5.72304754154373e-20,-1.011201927501801e-20,0.04099942866928528,5.907350849298922e-19,2.7241822099949167e-18,-1.3257389876278937e-19,1.0,11183.991628426256,11183.991628426256,-11183.991628426256,-11183.991628426256,549.9999999999993,549.9999999999993,-549.9999999999993,-549.9999999999993
39.803,0.25,5.72304754154373e-20,-1.011201927501801e-20,0.04099942866928528,5.907350849298922e-19,2.7241822099949167e-18,-1.3257389876278937e-19,1.0,11194.991628426242,11194.991628426242,-11194.991628426242,-11194.991628426242,549.9999999999993,549.9999999999993,-549.9999999999993,-549.9999999999993
39.823,0.25,5.72304754154373e-20,-1.011201927501801e-20,0.04099942866928528,5.907350849298922e-19,2.7241822099949167e-18,-1.3257389876278937e-19,1.0,11205.991628426227,11205.991628426227,-11205.991628426227,-11205.991628426227,549.9999999999993,549.9999999999993,-549.9999999999993,-549.9999999999993
39.843,0.25,5.72304754154373e-20,-1.011201927501801e-20,0.04099942866928528,5.907350849298922e-19,2.7241822099949167e-18,-1.3257389876278937e-19,1.0,11216.991628426213,11216.991628426213,-11216.991628426213,-11216.991628426213,549.9999999999993,549.9999999999993,-549.9999999999993,-549.9999999999993
39.863,0.25,5.72304754154373e-20,-1.011201927501801e-20,0.04099942866928528,5.907350849298922e-19,2.7241822099949167e-18,-1.3257389876278937e-19,1.0,11227.991628426198,11227.991628426198,-11227.991628426198,-11227.991628426198,549.9999999999993,549.9999999999993,-549.9999999999993,-549.9999999999993
39.883,0.25,5.72304754154373e-20,-1.011201927501801e-20,0.04099942866928528,5.907350849298922e-19,2.7241822099949167e-18,-1.3257389876278937e-19,1.0,11238.991628426184,11238.991628426184,-11238.991628426184,-11238.991628426184,549.9999999999993,549.9999999999993,-549.9999999999993,-549.9999999999993
39.903,0.25,5.72304754154373e-20,-1.011201927501801e-20,0.04099942866928528,5.907350849298922e-19,2.7241822099949167e-18,-1.3257389876278937e-19,1.0,11249.991628426169,11249.991628426169,-11249.991628426169,-11249.991628426169,549.9999999999993,549.9999999999993,-549.9999999999993,-549.9999999999993
39.923,0.25,5.72304754154373e-20,-1.011201927501801e-20,0.04099942866928528,5.907350849298922e-19,2.7241822099949167e-18,-1.3257389876278937e-19,1.0,11260.991628426154,11260.991628426154,-11260.991628426154,-11260.991628426154,549.9999999999993,549.9999999999993,-549.9999999999993,-549.9999999999993
39.943,0.25,5.72304754154373e-20,-1.011201927501801e-20,0.04099942866928528,5.907350849298922e-19,2.7241822099949167e-18,-1.3257389876278937e-19,1.0,11271.99162842614,11271.99162842614,-11271.99162842614,-11271.99162842614,549.9999999999993,549.9999999999993,-549.9999999999993,-549.9999999999993
39.963,0.25,5.72304754154373e-20,-1.011201927501801e-20,0.04099942866928528,5.907350849298922e-19,2.7241822099949167e-18,-1.3257389876278937e-19,1.0,11282.991628426125,11282.991628426125,-11282.991628426125,-11282.991628426125,549.9999999999993,549.9999999999993,-549.9999999999993,-549.9999999999993
39.983,0.25,5.72304754154373e-20,-1.011201927501801e-20,0.04099942866928528,5.907350849298922e-19,2.7241822099949167e-18,-1.3257389876278937e-19,1.0,11293.99162842611,11293.99162842611,-11293.99162842611,-11293.99162842611,549.9999999999993,549.9999999999993,-549.9999999999993,-549.9999999999993
40.003,0.25,5.72304754154373e-20,-1.011201927501801e-20,0.04099942866928528,5.907350849298922e-19,2.7241822099949167e-18,-1.3257389876278937e-19,1.0,11304.991628426096,11304.991628426096,-11304.991628426096,-11304.991628426096,549.9999999999993,549.9999999999993,-549.9999999999993,-549.9999999999993
40.023,0.25,5.72304754154373e-20,-1.011201927501801e-20,0.04099942866928528,5.907350849298922e-19,2.7241822099949167e-18,-1.3257389876278937e-19,1.0,11315.991628426082,11315.991628426082,-11315.991628426082,-11315.991628426082,549.9999999999993,549.9999999999993,-549.9999999999993,-549.9999999999993
40.043,0.25,5.72304754154373e-20,-1.011201927501801e-20,0.04099942866928528,5.907350849298922e-19,2.7241822099949167e-18,-1.3257389876278937e-19,1.0,11326.991628426067,11326.991628426067,-11326.991628426067,-11326.991628426067,549.9999999999993,549.9999999999993,-549.9999999999993,-549.9999999999993
40.063,0.25,5.72304754154373e-20,-1.011201927501801e-20,0.04099942866928528,5.907350849298922e-19,2.7241822099949167e-18,-1.3257389876278937e-19,1.0,11337.991628426053,11337.991628426053,-11337.991628426053,-11337.991628426053,549.9999999999993,549.9999999999993,-549.9999999999993,-549.9999999999993
40.083,0.25,5.72304754154373e-20,-1.011201927501801e-20,0.04099942866928528,5.907350849298922e-19,2.7241822099949167e-18,-1.3257389876278937e-19,1.0,11348.991628426038,11348.991628426038,-11348.991628426038,-11348.991628426038,549.9999999999993,549.9999999999993,-549.9999999999993,-549.9999999999993
40.103,0.25,5.72304754154373e-20,-1.011201927501801e-20,0.04099942866928528,5.907350849298922e-19,2.7241822099949167e-18,-1.3257389876278937e-19,1.0,11359.991628426023,11359.991628426023,-11359.991628426023,-11359.991628426023,549.9999999999993,549.9999999999993,-549.9999999999993,-549.9999999999993
40.123,0.25,5.72304754154373e-20,-1.011201927501801e-20,0.04099942866928528,5.907350849298922e-19,2.7241822099949167e-18,-1.3257389876278937e-19,1.0,11370.991628426009,11370.991628426009,-11370.991628426009,-11370.991628426009,549.9999999999993,549.9999999999993,-549.9999999999993,-549.9999999999993
40.143,0.25,5.72304754154373e-20,-1.011201927501801e-20,0.04099942866928528,5.907350849298922e-19,2.7241822099949167e-18,-1.3257389876278937e-19,1.0,11381.991628425994,11381.991628425994,-11381.991628425994,-11381.991628425994,549.9999999999993,549.9999999999993,-549.9999999999993,-549.9999999999993
40.163,0.25,5.72304754154373e-20,-1.011201927501801e-20,0.04099942866928528,5.907350849298922e-19,2.7241822099949167e-18,-1.3257389876278937e-19,1.0,11392.99162842598,11392.99162842598,-11392.99162842598,-11392.99162842598,549.9999999999993,549.9999999999993,-549.9999999999993,-549.9999999999993
40.183,0.25,5.72304754154373e-20,-1.011201927501801e-20,0.04099942866928528,5.907350849298922e-19,2.7241822099949167e-18,-1.3257389876278937e-19,1.0,11403.991628425965,11403.991628425965,-11403.991628425965,-11403.991628425965,549.9999999999993,549.9999999999993,-549.9999999999993,-549.9999999999993
40.203,0.25,5.72304754154373e-20,-1.011201927501801e-20,0.04099942866928528,5.907350849298922e-19,2.7241822099949167e-18,-1.3257389876278937e-19,1.0,11414.99162842595,11414.99162842595,-11414.99162842595,-11414.99162842595,549.9999999999993,549.9999999999993,-549.9999999999993,-549.9999999999993
40.223,0.25,5.72304754154373e-20,-1.011201927501801e-20,0.04099942866928528,5.907350849298922e-19,2.7241822099949167e-18,-1.3257389876278937e-19,1.0,11425.991628425936,11425.991628425936,-11425.991628425936,-11425.991628425936,549.9999999999993,549.9999999999993,-549.9999999999993,-549.9999999999993
40.243,0.25,5.72304754154373e-20,-1.011201927501801e-20,0.04099942866928528,5.907350849298922e-19,2.7241822099949167e-18,-1.3257389876278937e-19,1.0,11436.991628425922,11436.991628425922,-11436.991628425922,-11436.991628425922,549.9999999999993,549.9999999999993,-549.9999999999993,-549.9999999999993
40.263,0.25,5.72304754154373e-20,-1.011201927501801e-20,0.04099942866928528,5.907350849298922e-19,2.7241822099949167e-18,-1.3257389876278937e-19,1.0,11447.991628425907,11447.991628425907,-11447.991628425907,-11447.991628425907,549.9999999999993,549.9999999999993,-549.9999999999993,-549.9999999999993
40.283,0.25,5.72304754154373e-20,-1.011201927501801e-20,0.04099942866928528,5.907350849298922e-19,2.7241822099949167e-18,-1.3257389876278937e-19,1.0,11458.991628425892,11458.991628425892,-11458.991628425892,-11458.991628425892,549.9999999999993,549.9999999999993,-549.9999999999993,-549.9999999999993
40.303,0.25,5.72304754154373e-20,-1.011201927501801e-20,0.04099942866928528,5.907350849298922e-19,2.7241822099949167e-18,-1.3257389876278937e-19,1.0,11469.991628425878,11469.991628425878,-11469.991628425878,-11469.991628425878,549.9999999999993,549.9999999999993,-549.9999999999993,-549.9999999999993
40.323,0.25,5.72304754154373e-20,-1.011201927501801e-20,0.04099942866928528,5.907350849298922e-19,2.7241822099949167e-18,-1.3257389876278937e-19,1.0,11480.991628425863,11480.991628425863,-11480.991628425863,-11480.991628425863,549.9999999999993,549.9999999999993,-549.9999999999993,-549.9999999999993
40.343,0.25,5.72304754154373e-20,-1.011201927501801e-20,0.04099942866928528,5.907350849298922e-19,2.7241822099949167e-18,-1.3257389876278937e-19,1.0,11491.991628425849,11491.991628425849,-11491.991628425849,-11491.991628425849,549.9999999999993,549.9999999999993,-549.9999999999993,-549.9999999999993
40.363,0.25,5.72304754154373e-20,-1.011201927501801e-20,0.04099942866928528,5.907350849298922e-19,2.7241822099949167e-18,-1.3257389876278937e-19,1.0,11502.991628425834,11502.991628425834,-11502.991628425834,-11502.991628425834,549.9999999999993,549.9999999999993,-549.9999999999993,-549.9999999999993
40.383,0.25,5.72304754154373e-20,-1.011201927501801e-20,0.04099942866928528,5.907350849298922e-19,2.7241822099949167e-18,-1.3257389876278937e-19,1.0,11513.99162842582,11513.99162842582,-11513.99162842582,-11513.99162842582,549.9999999999993,549.9999999999993,-549.9999999999993,-549.9999999999993
40.404,0.25,5.72304754154373e-20,-1.011201927501801e-20,0.04099942866928528,5.907350849298922e-19,2.7241822099949167e-18,-1.3257389876278937e-19,1.0,11524.991628425805,11524.991628425805,-11524.991628425805,-11524.991628425805,549.9999999999993,549.9999999999993,-549.9999999999993,-549.9999999999993
40.423,0.25,5.72304754154373e-20,-1.011201927501801e-20,0.04099942866928528,5.907350849298922e-19,2.7241822099949167e-18,-1.3257389876278937e-19,1.0,11535.99162842579,11535.99162842579,-11535.99162842579,-11535.99162842579,549.9999999999993,549.9999999999993,-549.9999999999993,-549.9999999999993
40.443,0.25,5.72304754154373e-20,-1.011201927501801e-20,0.04099942866928528,5.907350849298922e-19,2.7241822099949167e-18,-1.3257389876278937e-19,1.0,11546.991628425776,11546.991628425776,-11546.991628425776,-11546.991628425776,549.9999999999993,549.9999999999993,-549.9999999999993,-549.9999999999993
40.463,0.25,5.72304754154373e-20,-1.011201927501801e-20,0.04099942866928528,5.907350849298922e-19,2.7241822099949167e-18,-1.3257389876278937e-19,1.0,11557.991628425762,11557.991628425762,-11557.991628425762,-11557.991628425762,549.9999999999993,549.9999999999993,-549.9999999999993,-549.9999999999993
40.483,0.25,5.72304754154373e-20,-1.011201927501801e-20,0.04099942866928528,5.907350849298922e-19,2.7241822099949167e-18,-1.3257389876278937e-19,1.0,11568.991628425747,11568.991628425747,-11568.991628425747,-11568.991628425747,549.9999999999993,549.9999999999993,-549.9999999999993,-549.9999999999993
40.504,0.25,5.72304754154373e-20,-1.011201927501801e-20,0.04099942866928528,5.907350849298922e-19,2.7241822099949167e-18,-1.3257389876278937e-19,1.0,11579.991628425732,11579.991628425732,-11579.991628425732,-11579.991628425732,549.9999999999993,549.9999999999993,-549.9999999999993,-549.9999999999993
40.523,0.25,5.72304754154373e-20,-1.011201927501801e-20,0.04099942866928528,5.907350849298922e-19,2.7241822099949167e-18,-1.3257389876278937e-19,1.0,11590.991628425718,11590.991628425718,-11590.991628425718,-11590.991628425718,549.9999999999993,549.9999999999993,-549.9999999999993,-549.9999999999993
40.543,0.25,5.72304754154373e-20,-1.011201927501801e-20,0.04099942866928528,5.907350849298922e-19,2.7241822099949167e-18,-1.3257389876278937e-19,1.0,11601.991628425703,11601.991628425703,-11601.991628425703,-11601.991628425703,549.9999999999993,549.9999999999993,-549.9999999999993,-549.9999999999993
40.563,0.25,5.72304754154373e-20,-1.011201927501801e-20,0.04099942866928528,5.907350849298922e-19,2.7241822099949167e-18,-1.3257389876278937e-19,1.0,11612.991628425689,11612.991628425689,-11612.991628425689,-11612.991628425689,549.9999999999993,549.9999999999993,-549.9999999999993,-549.9999999999993
40.583,0.25,5.72304754154373e-20,-1.011201927501801e-20,0.04099942866928528,5.907350849298922e-19,2.7241822099949167e-18,-1.3257389876278937e-19,1.0,11623.991628425674,11623.991628425674,-11623.991628425674,-11623.991628425674,549.9999999999993,549.9999999999993,-549.9999999999993,-549.9999999999993
40.604,0.25,5.72304754154373e-20,-1.011201927501801e-20,0.04099942866928528,5.907350849298922e-19,2.7241822099949167e-18,-1.3257389876278937e-19,1.0,11634.99162842566,11634.99162842566,-11634.99162842566,-11634.99162842566,549.9999999999993,549.9999999999993,-549.9999999999993,-549.9999999999993
40.624,0.25,5.72304754154373e-20,-1.011201927501801e-20,0.04099942866928528,5.907350849298922e-19,2.7241822099949167e-18,-1.3257389876278937e-19,1.0,11645.991628425645,11645.991628425645,-11645.991628425645,-11645.991628425645,549.9999999999993,549.9999999999993,-549.9999999999993,-549.9999999999993
40.644,0.25,5.72304754154373e-20,-1.011201927501801e-20,0.04099942866928528,5.907350849298922e-19,2.7241822099949167e-18,-1.3257389876278937e-19,1.0,11656.99162842563,11656.99162842563,-11656.99162842563,-11656.99162842563,549.9999999999993,549.9999999999993,-549.9999999999993,-549.9999999999993
40.663,0.25,5.72304754154373e-20,-1.011201927501801e-20,0.04099942866928528,5.907350849298922e-19,2.7241822099949167e-18,-1.3257389876278937e-19,1.0,11667.991628425616,11667.991628425616,-11667.991628425616,-11667.991628425616,549.9999999999993,549.9999999999993,-549.9999999999993,-549.9999999999993
40.684,0.25,5.72304754154373e-20,-1.011201927501801e-20,0.04099942866928528,5.907350849298922e-19,2.7241822099949167e-18,-1.3257389876278937e-19,1.0,11678.991628425601,11678.991628425601,-11678.991628425601,-11678.991628425601,549.9999999999993,549.9999999999993,-549.9999999999993,-549.9999999999993
40.704,0.25,5.72304754154373e-20,-1.011201927501801e-20,0.04099942866928528,5.907350849298922e-19,2.7241822099949167e-18,-1.3257389876278937e-19,1.0,11689.991628425587,11689.991628425587,-11689.991628425587,-11689.991628425587,549.9999999999993,549.9999999999993,-549.9999999999993,-549.9999999999993
40.724,0.25,5.72304754154373e-20,-1.011201927501801e-20,0.04099942866928528,5.907350849298922e-19,2.7241822099949167e-18,-1.3257389876278937e-19,1.0,11700.991628425572,11700.991628425572,-11700.991628425572,-11700.991628425572,549.9999999999993,549.9999999999993,-549.9999999999993,-549.9999999999993
40.743,0.25,5.72304754154373e-20,-1.011201927501801e-20,0.04099942866928528,5.907350849298922e-19,2.7241822099949167e-18,-1.3257389876278937e-19,1.0,11711.991628425558,11711.991628425558,-11711.991628425558,-11711.991628425558,549.9999999999993,549.9999999999993,-549.9999999999993,-549.9999999999993
40.764,0.25,5.72304754154373e-20,-1.011201927501801e-20,0.04099942866928528,5.907350849298922e-19,2.7241822099949167e-18,-1.3257389876278937e-19,1.0,11722.991628425543,11722.991628425543,-11722.991628425543,-11722.991628425543,549.9999999999993,549.9999999999993,-549.9999999999993,-549.9999999999993
40.783,0.25,5.72304754154373e-20,-1.011201927501801e-20,0.04099942866928528,5.907350849298922e-19,2.7241822099949167e-18,-1.3257389876278937e-19,1.0,11733.991628425529,11733.991628425529,-11733.991628425529,-11733.991628425529,549.9999999999993,549.9999999999993,-549.9999999999993,-549.9999999999993
40.804,0.25,5.72304754154373e-20,-1.011201927501801e-20,0.04099942866928528,5.907350849298922e-19,2.7241822099949167e-18,-1.3257389876278937e-19,1.0,11744.991628425514,11744.991628425514,-11744.991628425514,-11744.991628425514,549.9999999999993,549.9999999999993,-549.9999999999993,-549.9999999999993
40.823,0.25,5.72304754154373e-20,-1.011201927501801e-20,0.04099942866928528,5.907350849298922e-19,2.7241822099949167e-18,-1.3257389876278937e-19,1.0,11755.9916284255,11755.9916284255,-11755.9916284255,-11755.9916284255,549.9999999999993,549.9999999999993,-549.9999999999993,-549.9999999999993
40.843,0.25,5.72304754154373e-20,-1.011201927501801e-20,0.04099942866928528,5.907350849298922e-19,2.7241822099949167e-18,-1.3257389876278937e-19,1.0,11766.991628425485,11766.991628425485,-11766.991628425485,-11766.991628425485,549.9999999999993,549.9999999999993,-549.9999999999993,-549.9999999999993
40.863,0.25,5.72304754154373e-20,-1.011201927501801e-20,0.04099942866928528,5.907350849298922e-19,2.7241822099949167e-18,-1.3257389876278937e-19,1.0,11777.99162842547,11777.99162842547,-11777.99162842547,-11777.99162842547,549.9999999999993,549.9999999999993,-549.9999999999993,-549.9999999999993
40.883,0.25,5.72304754154373e-20,-1.011201927501801e-20,0.04099942866928528,5.907350849298922e-19,2.7241822099949167e-18,-1.3257389876278937e-19,1.0,11788.991628425456,11788.991628425456,-11788.991628425456,-11788.991628425456,549.9999999999993,549.9999999999993,-549.9999999999993,-549.9999999999993
40.903,0.25,5.72304754154373e-20,-1.011201927501801e-20,0.04099942866928528,5.907350849298922e-19,2.7241822099949167e-18,-1.3257389876278937e-19,1.0,11799.991628425441,11799.991628425441,-11799.991628425441,-11799.991628425441,549.9999999999993,549.9999999999993,-549.9999999999993,-549.9999999999993
40.923,0.25,5.72304754154373e-20,-1.011201927501801e-20,0.04099942866928528,5.907350849298922e-19,2.7241822099949167e-18,-1.3257389876278937e-19,1.0,11810.991628425427,11810.991628425427,-11810.991628425427,-11810.991628425427,549.9999999999993,549.9999999999993,-549.9999999999993,-549.9999999999993
40.943,0.25,5.72304754154373e-20,-1.011201927501801e-20,0.04099942866928528,5.907350849298922e-19,2.7241822099949167e-18,-1.3257389876278937e-19,1.0,11821.991628425412,11821.991628425412,-11821.991628425412,-11821.991628425412,549.9999999999993,549.9999999999993,-549.9999999999993,-549.9999999999993
40.963,0.25,5.72304754154373e-20,-1.011201927501801e-20,0.04099942866928528,5.907350849298922e-19,2.7241822099949167e-18,-1.3257389876278937e-19,1.0,11832.991628425398,11832.991628425398,-11832.991628425398,-11832.991628425398,549.9999999999993,549.9999999999993,-549.9999999999993,-549.9999999999993
40.983,0.25,5.72304754154373e-20,-1.011201927501801e-20,0.04099942866928528,5.907350849298922e-19,2.7241822099949167e-18,-1.3257389876278937e-19,1.0,11843.991628425383,11843.991628425383,-11843.991628425383,-11843.991628425383,549.9999999999993,549.9999999999993,-549.9999999999993,-549.9999999999993
41.003,0.25,5.72304754154373e-20,-1.011201927501801e-20,0.04099942866928528,5.907350849298922e-19,2.7241822099949167e-18,-1.3257389876278937e-19,1.0,11854.991628425369,11854.991628425369,-11854.991628425369,-11854.991628425369,549.9999999999993,549.9999999999993,-549.9999999999993,-549.9999999999993
41.023,0.25,5.72304754154373e-20,-1.011201927501801e-20,0.04099942866928528,5.907350849298922e-19,2.7241822099949167e-18,-1.3257389876278937e-19,1.0,11865.991628425354,11865.991628425354,-11865.991628425354,-11865.991628425354,549.9999999999993,549.9999999999993,-549.9999999999993,-549.9999999999993
41.043,0.25,5.72304754154373e-20,-1.011201927501801e-20,0.04099942866928528,5.907350849298922e-19,2.7241822099949167e-18,-1.3257389876278937e-19,1.0,11876.99162842534,11876.99162842534,-11876.99162842534,-11876.99162842534,549.9999999999993,549.9999999999993,-549.9999999999993,-549.9999999999993
41.063,0.25,5.72304754154373e-20,-1.011201927501801e-20,0.04099942866928528,5.907350849298922e-19,2.7241822099949167e-18,-1.3257389876278937e-19,1.0,11887.991628425325,11887.991628425325,-11887.991628425325,-11887.991628425325,549.9999999999993,549.9999999999993,-549.9999999999993,-549.9999999999993
41.083,0.25,5.72304754154373e-20,-1.011201927501801e-20,0.04099942866928528,5.907350849298922e-19,2.7241822099949167e-18,-1.3257389876278937e-19,1.0,11898.99162842531,11898.99162842531,-11898.99162842531,-11898.99162842531,549.9999999999993,549.9999999999993,-549.9999999999993,-549.9999999999993
41.103,0.25,5.72304754154373e-20,-1.011201927501801e-20,0.04099942866928528,5.907350849298922e-19,2.7241822099949167e-18,-1.3257389876278937e-19,1.0,11909.991628425296,11909.991628425296,-11909.991628425296,-11909.991628425296,549.9999999999993,549.9999999999993,-549.9999999999993,-549.9999999999993
41.123,0.25,5.72304754154373e-20,-1.011201927501801e-20,0.04099942866928528,5.907350849298922e-19,2.7241822099949167e-18,-1.3257389876278937e-19,1.0,11920.991628425281,11920.991628425281,-11920.991628425281,-11920.991628425281,549.9999999999993,549.9999999999993,-549.9999999999993,-549.9999999999993
41.143,0.25,5.72304754154373e-20,-1.011201927501801e-20,0.04099942866928528,5.907350849298922e-19,2.7241822099949167e-18,-1.3257389876278937e-19,1.0,11931.991628425267,11931.991628425267,-11931.991628425267,-11931.991628425267,549.9999999999993,549.9999999999993,-549.9999999999993,-549.9999999999993
41.163,0.25,5.72304754154373e-20,-1.011201927501801e-20,0.04099942866928528,5.907350849298922e-19,2.7241822099949167e-18,-1.3257389876278937e-19,1.0,11942.991628425252,11942.991628425252,-11942.991628425252,-11942.991628425252,549.9999999999993,549.9999999999993,-549.9999999999993,-549.9999999999993
41.183,0.25,5.72304754154373e-20,-1.011201927501801e-20,0.04099942866928528,5.907350849298922e-19,2.7241822099949167e-18,-1.3257389876278937e-19,1.0,11953.991628425238,11953.991628425238,-11953.991628425238,-11953.991628425238,549.9999999999993,549.9999999999993,-549.9999999999993,-549.9999999999993
41.203,0.25,5.72304754154373e-20,-1.011201927501801e-20,0.04099942866928528,5.907350849298922e-19,2.7241822099949167e-18,-1.3257389876278937e-19,1.0,11964.991628425223,11964.991628425223,-11964.991628425223,-11964.991628425223,549.9999999999993,549.9999999999993,-549.9999999999993,-549.9999999999993
41.223,0.25,5.72304754154373e-20,-1.011201927501801e-20,0.04099942866928528,5.907350849298922e-19,2.7241822099949167e-18,-1.3257389876278937e-19,1.0,11975.991628425209,11975.991628425209,-11975.991628425209,-11975.991628425209,549.9999999999993,549.9999999999993,-549.9999999999993,-549.9999999999993
41.243,0.25,5.72304754154373e-20,-1.011201927501801e-20,0.04099942866928528,5.907350849298922e-19,2.7241822099949167e-18,-1.3257389876278937e-19,1.0,11986.991628425194,11986.991628425194,-11986.991628425194,-11986.991628425194,549.9999999999993,549.9999999999993,-549.9999999999993,-549.9999999999993
41.263,0.25,5.72304754154373e-20,-1.011201927501801e-20,0.04099942866928528,5.907350849298922e-19,2.7241822099949167e-18,-1.3257389876278937e-19,1.0,11997.99162842518,11997.99162842518,-11997.99162842518,-11997.99162842518,549.9999999999993,549.9999999999993,-549.9999999999993,-549.9999999999993
41.283,0.25,5.72304754154373e-20,-1.011201927501801e-20,0.04099942866928528,5.907350849298922e-19,2.7241822099949167e-18,-1.3257389876278937e-19,1.0,12008.991628425165,12008.991628425165,-12008.991628425165,-12008.991628425165,549.9999999999993,549.9999999999993,-549.9999999999993,-549.9999999999993
41.304,0.25,5.72304754154373e-20,-1.011201927501801e-20,0.04099942866928528,5.907350849298922e-19,2.7241822099949167e-18,-1.3257389876278937e-19,1.0,12019.99162842515,12019.99162842515,-12019.99162842515,-12019.99162842515,549.9999999999993,549.9999999999993,-549.9999999999993,-549.9999999999993
41.323,0.25,5.72304754154373e-20,-1.011201927501801e-20,0.04099942866928528,5.907350849298922e-19,2.7241822099949167e-18,-1.3257389876278937e-19,1.0,12030.991628425136,12030.991628425136,-12030.991628425136,-12030.991628425136,549.9999999999993,549.9999999999993,-549.9999999999993,-549.9999999999993
41.343,0.25,5.72304754154373e-20,-1.011201927501801e-20,0.04099942866928528,5.907350849298922e-19,2.7241822099949167e-18,-1.3257389876278937e-19,1.0,12041.991628425121,12041.991628425121,-12041.991628425121,-12041.991628425121,549.9999999999993,549.9999999999993,-549.9999999999993,-549.9999999999993
41.363,0.25,5.72304754154373e-20,-1.011201927501801e-20,0.04099942866928528,5.907350849298922e-19,2.7241822099949167e-18,-1.3257389876278937e-19,1.0,12052.991628425107,12052.991628425107,-12052.991628425107,-12052.991628425107,549.9999999999993,549.9999999999993,-549.9999999999993,-549.9999999999993
41.383,0.25,5.72304754154373e-20,-1.011201927501801e-20,0.04099942866928528,5.907350849298922e-19,2.7241822099949167e-18,-1.3257389876278937e-19,1.0,12063.991628425092,12063.991628425092,-12063.991628425092,-12063.991628425092,549.9999999999993,549.9999999999993,-549.9999999999993,-549.9999999999993
41.403,0.25,5.72304754154373e-20,-1.011201927501801e-20,0.04099942866928528,5.907350849298922e-19,2.7241822099949167e-18,-1.3257389876278937e-19,1.0,12074.991628425078,12074.991628425078,-12074.991628425078,-12074.991628425078,549.9999999999993,549.9999999999993,-549.9999999999993,-549.9999999999993
41.423,0.25,5.72304754154373e-20,-1.011201927501801e-20,0.04099942866928528,5.907350849298922e-19,2.7241822099949167e-18,-1.3257389876278937e-19,1.0,12085.991628425063,12085.991628425063,-12085.991628425063,-12085.991628425063,549.9999999999993,549.9999999999993,-549.9999999999993,-549.9999999999993
41.444,0.25,5.72304754154373e-20,-1.011201927501801e-20,0.04099942866928528,5.907350849298922e-19,2.7241822099949167e-18,-1.3257389876278937e-19,1.0,12096.991628425048,12096.991628425048,-12096.991628425048,-12096.991628425048,549.9999999999993,549.9999999999993,-549.9999999999993,-549.9999999999993
41.463,0.25,5.72304754154373e-20,-1.011201927501801e-20,0.04099942866928528,5.907350849298922e-19,2.7241822099949167e-18,-1.3257389876278937e-19,1.0,12107.991628425034,12107.991628425034,-12107.991628425034,-12107.991628425034,549.9999999999993,549.9999999999993,-549.9999999999993,-549.9999999999993
41.483,0.25,5.72304754154373e-20,-1.011201927501801e-20,0.04099942866928528,5.907350849298922e-19,2.7241822099949167e-18,-1.3257389876278937e-19,1.0,12118.99162842502,12118.99162842502,-12118.99162842502,-12118.99162842502,549.9999999999993,549.9999999999993,-549.9999999999993,-549.9999999999993
41.503,0.25,5.72304754154373e-20,-1.011201927501801e-20,0.04099942866928528,5.907350849298922e-19,2.7241822099949167e-18,-1.3257389876278937e-19,1.0,12129.991628425005,12129.991628425005,-12129.991628425005,-12129.991628425005,549.9999999999993,549.9999999999993,-549.9999999999993,-549.9999999999993
41.523,0.25,5.72304754154373e-20,-1.011201927501801e-20,0.04099942866928528,5.907350849298922e-19,2.7241822099949167e-18,-1.3257389876278937e-19,1.0,12140.99162842499,12140.99162842499,-12140.99162842499,-12140.99162842499,549.9999999999993,549.9999999999993,-549.9999999999993,-549.9999999999993
41.543,0.25,5.72304754154373e-20,-1.011201927501801e-20,0.04099942866928528,5.907350849298922e-19,2.7241822099949167e-18,-1.3257389876278937e-19,1.0,12151.991628424976,12151.991628424976,-12151.991628424976,-12151.991628424976,549.9999999999993,549.9999999999993,-549.9999999999993,-549.9999999999993
41.563,0.25,5.72304754154373e-20,-1.011201927501801e-20,0.04099942866928528,5.907350849298922e-19,2.7241822099949167e-18,-1.3257389876278937e-19,1.0,12162.991628424961,12162.991628424961,-12162.991628424961,-12162.991628424961,549.9999999999993,549.9999999999993,-549.9999999999993,-549.9999999999993
41.583,0.25,5.72304754154373e-20,-1.011201927501801e-20,0.04099942866928528,5.907350849298922e-19,2.7241822099949167e-18,-1.3257389876278937e-19,1.0,12173.991628424947,12173.991628424947,-12173.991628424947,-12173.991628424947,549.9999999999993,549.9999999999993,-549.9999999999993,-549.9999999999993
41.603,0.25,5.72304754154373e-20,-1.011201927501801e-20,0.04099942866928528,5.907350849298922e-19,2.7241822099949167e-18,-1.3257389876278937e-19,1.0,12184.991628424932,12184.991628424932,-12184.991628424932,-12184.991628424932,549.9999999999993,549.9999999999993,-549.9999999999993,-549.9999999999993
41.623,0.25,5.72304754154373e-20,-1.011201927501801e-20,0.04099942866928528,5.907350849298922e-19,2.7241822099949167e-18,-1.3257389876278937e-19,1.0,12195.991628424918,12195.991628424918,-12195.991628424918,-12195.991628424918,549.9999999999993,549.9999999999993,-549.9999999999993,-549.9999999999993
41.643,0.25,5.72304754154373e-20,-1.011201927501801e-20,0.04099942866928528,5.907350849298922e-19,2.7241822099949167e-18,-1.3257389876278937e-19,1.0,12206.991628424903,12206.991628424903,-12206.991628424903,-12206.991628424903,549.9999999999993,549.9999999999993,-549.9999999999993,-549.9999999999993
41.663,0.25,5.72304754154373e-20,-1.011201927501801e-20,0.04099942866928528,5.907350849298922e-19,2.7241822099949167e-18,-1.3257389876278937e-19,1.0,12217.991628424888,12217.991628424888,-12217.991628424888,-12217.991628424888,549.9999999999993,549.9999999999993,-549.9999999999993,-549.9999999999993
41.683,0.25,5.72304754154373e-20,-1.011201927501801e-20,0.04099942866928528,5.907350849298922e-19,2.7241822099949167e-18,-1.3257389876278937e-19,1.0,12228.991628424874,12228.991628424874,-12228.991628424874,-12228.991628424874,549.9999999999993,549.9999999999993,-549.9999999999993,-549.9999999999993
41.703,0.25,5.72304754154373e-20,-1.011201927501801e-20,0.04099942866928528,5.907350849298922e-19,2.7241822099949167e-18,-1.3257389876278937e-19,1.0,12239.99162842486,12239.99162842486,-12239.99162842486,-12239.99162842486,549.9999999999993,549.9999999999993,-549.9999999999993,-549.9999999999993
41.723,0.25,5.72304754154373e-20,-1.011201927501801e-20,0.04099942866928528,5.907350849298922e-19,2.7241822099949167e-18,-1.3257389876278937e-19,1.0,12250.991628424845,12250.991628424845,-12250.991628424845,-12250.991628424845,549.9999999999993,549.9999999999993,-549.9999999999993,-549.9999999999993
41.744,0.25,5.72304754154373e-20,-1.011201927501801e-20,0.04099942866928528,5.907350849298922e-19,2.7241822099949167e-18,-1.3257389876278937e-19,1.0,12261.99162842483,12261.99162842483,-12261.99162842483,-12261.99162842483,549.9999999999993,549.9999999999993,-549.9999999999993,-549.9999999999993
41.763,0.25,5.72304754154373e-20,-1.011201927501801e-20,0.04099942866928528,5.907350849298922e-19,2.7241822099949167e-18,-1.3257389876278937e-19,1.0,12272.991628424816,12272.991628424816,-12272.991628424816,-12272.991628424816,549.9999999999993,549.9999999999993,-549.9999999999993,-549.9999999999993
41.783,0.25,5.72304754154373e-20,-1.011201927501801e-20,0.04099942866928528,5.907350849298922e-19,2.7241822099949167e-18,-1.3257389876278937e-19,1.0,12283.991628424801,12283.991628424801,-12283.991628424801,-12283.991628424801,549.9999999999993,549.9999999999993,-549.9999999999993,-549.9999999999993
41.803,0.25,5.72304754154373e-20,-1.011201927501801e-20,0.04099942866928528,5.907350849298922e-19,2.7241822099949167e-18,-1.3257389876278937e-19,1.0,12294.991628424787,12294.991628424787,-12294.991628424787,-12294.991628424787,549.9999999999993,549.9999999999993,-549.9999999999993,-549.9999999999993
41.823,0.25,5.72304754154373e-20,-1.011201927501801e-20,0.04099942866928528,5.907350849298922e-19,2.7241822099949167e-18,-1.3257389876278937e-19,1.0,12305.991628424772,12305.991628424772,-12305.991628424772,-12305.991628424772,549.9999999999993,549.9999999999993,-549.9999999999993,-549.9999999999993
41.843,0.25,5.72304754154373e-20,-1.011201927501801e-20,0.04099942866928528,5.907350849298922e-19,2.7241822099949167e-18,-1.3257389876278937e-19,1.0,12316.991628424757,12316.991628424757,-12316.991628424757,-12316.991628424757,549.9999999999993,549.9999999999993,-549.9999999999993,-549.9999999999993
41.863,0.25,5.72304754154373e-20,-1.011201927501801e-20,0.04099942866928528,5.907350849298922e-19,2.7241822099949167e-18,-1.3257389876278937e-19,1.0,12327.991628424743,12327.991628424743,-12327.991628424743,-12327.991628424743,549.9999999999993,549.9999999999993,-549.9999999999993,-549.9999999999993
41.883,0.25,5.72304754154373e-20,-1.011201927501801e-20,0.04099942866928528,5.907350849298922e-19,2.7241822099949167e-18,-1.3257389876278937e-19,1.0,12338.991628424728,12338.991628424728,-12338.991628424728,-12338.991628424728,549.9999999999993,549.9999999999993,-549.9999999999993,-549.9999999999993
41.903,0.25,5.72304754154373e-20,-1.011201927501801e-20,0.04099942866928528,5.907350849298922e-19,2.7241822099949167e-18,-1.3257389876278937e-19,1.0,12349.991628424714,12349.991628424714,-12349.991628424714,-12349.991628424714,549.9999999999993,549.9999999999993,-549.9999999999993,-549.9999999999993
41.923,0.25,5.72304754154373e-20,-1.011201927501801e-20,0.04099942866928528,5.907350849298922e-19,2.7241822099949167e-18,-1.3257389876278937e-19,1.0,12360.9916284247,12360.9916284247,-12360.9916284247,-12360.9916284247,549.9999999999993,549.9999999999993,-549.9999999999993,-549.9999999999993
41.943,0.25,5.72304754154373e-20,-1.011201927501801e-20,0.04099942866928528,5.907350849298922e-19,2.7241822099949167e-18,-1.3257389876278937e-19,1.0,12371.991628424685,12371.991628424685,-12371.991628424685,-12371.991628424685,549.9999999999993,549.9999999999993,-549.9999999999993,-549.9999999999993
41.963,0.25,5.72304754154373e-20,-1.011201927501801e-20,0.04099942866928528,5.907350849298922e-19,2.7241822099949167e-18,-1.3257389876278937e-19,1.0,12382.99162842467,12382.99162842467,-12382.99162842467,-12382.99162842467,549.9999999999993,549.9999999999993,-549.9999999999993,-549.9999999999993
41.983,0.25,5.72304754154373e-20,-1.011201927501801e-20,0.04099942866928528,5.907350849298922e-19,2.7241822099949167e-18,-1.3257389876278937e-19,1.0,12393.991628424656,12393.991628424656,-12393.991628424656,-12393.991628424656,549.9999999999993,549.9999999999993,-549.9999999999993,-549.9999999999993
42.003,0.25,5.72304754154373e-20,-1.011201927501801e-20,0.04099942866928528,5.907350849298922e-19,2.7241822099949167e-18,-1.3257389876278937e-19,1.0,12404.991628424641,12404.991628424641,-12404.991628424641,-12404.991628424641,549.9999999999993,549.9999999999993,-549.9999999999993,-549.9999999999993
42.023,0.25,5.72304754154373e-20,-1.011201927501801e-20,0.04099942866928528,5.907350849298922e-19,2.7241822099949167e-18,-1.3257389876278937e-19,1.0,12415.991628424626,12415.991628424626,-12415.991628424626,-12415.991628424626,549.9999999999993,549.9999999999993,-549.9999999999993,-549.9999999999993
42.043,0.25,5.72304754154373e-20,-1.011201927501801e-20,0.04099942866928528,5.907350849298922e-19,2.7241822099949167e-18,-1.3257389876278937e-19,1.0,12426.991628424612,12426.991628424612,-12426.991628424612,-12426.991628424612,549.9999999999993,549.9999999999993,-549.9999999999993,-549.9999999999993
42.063,0.25,5.72304754154373e-20,-1.011201927501801e-20,0.04099942866928528,5.907350849298922e-19,2.7241822099949167e-18,-1.3257389876278937e-19,1.0,12437.991628424597,12437.991628424597,-12437.991628424597,-12437.991628424597,549.9999999999993,549.9999999999993,-549.9999999999993,-549.9999999999993
42.083,0.25,5.72304754154373e-20,-1.011201927501801e-20,0.04099942866928528,5.907350849298922e-19,2.7241822099949167e-18,-1.3257389876278937e-19,1.0,12448.991628424583,12448.991628424583,-12448.991628424583,-12448.991628424583,549.9999999999993,549.9999999999993,-549.9999999999993,-549.9999999999993
42.103,0.25,5.72304754154373e-20,-1.011201927501801e-20,0.04099942866928528,5.907350849298922e-19,2.7241822099949167e-18,-1.3257389876278937e-19,1.0,12459.991628424568,12459.991628424568,-12459.991628424568,-12459.991628424568,549.9999999999993,549.9999999999993,-549.9999999999993,-549.9999999999993
42.123,0.25,5.72304754154373e-20,-1.011201927501801e-20,0.04099942866928528,5.907350849298922e-19,2.7241822099949167e-18,-1.3257389876278937e-19,1.0,12470.991628424554,12470.991628424554,-12470.991628424554,-12470.991628424554,549.9999999999993,549.9999999999993,-549.9999999999993,-549.9999999999993
42.143,0.25,5.72304754154373e-20,-1.011201927501801e-20,0.04099942866928528,5.907350849298922e-19,2.7241822099949167e-18,-1.3257389876278937e-19,1.0,12481.99162842454,12481.99162842454,-12481.99162842454,-12481.99162842454,549.9999999999993,549.9999999999993,-549.9999999999993,-549.9999999999993
42.163,0.25,5.72304754154373e-20,-1.011201927501801e-20,0.04099942866928528,5.907350849298922e-19,2.7241822099949167e-18,-1.3257389876278937e-19,1.0,12492.991628424525,12492.991628424525,-12492.991628424525,-12492.991628424525,549.9999999999993,549.9999999999993,-549.9999999999993,-549.9999999999993
42.183,0.25,5.72304754154373e-20,-1.011201927501801e-20,0.04099942866928528,5.907350849298922e-19,2.7241822099949167e-18,-1.3257389876278937e-19,1.0,12503.99162842451,12503.99162842451,-12503.99162842451,-12503.99162842451,549.9999999999993,549.9999999999993,-549.9999999999993,-549.9999999999993
42.203,0.25,5.72304754154373e-20,-1.011201927501801e-20,0.04099942866928528,5.907350849298922e-19,2.7241822099949167e-18,-1.3257389876278937e-19,1.0,12514.991628424496,12514.991628424496,-12514.991628424496,-12514.991628424496,549.9999999999993,549.9999999999993,-549.9999999999993,-549.9999999999993
42.223,0.25,5.72304754154373e-20,-1.011201927501801e-20,0.04099942866928528,5.907350849298922e-19,2.7241822099949167e-18,-1.3257389876278937e-19,1.0,12525.991628424481,12525.991628424481,-12525.991628424481,-12525.991628424481,549.9999999999993,549.9999999999993,-549.9999999999993,-549.9999999999993
42.243,0.25,5.72304754154373e-20,-1.011201927501801e-20,0.04099942866928528,5.907350849298922e-19,2.7241822099949167e-18,-1.3257389876278937e-19,1.0,12536.991628424466,12536.991628424466,-12536.991628424466,-12536.991628424466,549.9999999999993,549.9999999999993,-549.9999999999993,-549.9999999999993
42.263,0.25,5.72304754154373e-20,-1.011201927501801e-20,0.04099942866928528,5.907350849298922e-19,2.7241822099949167e-18,-1.3257389876278937e-19,1.0,12547.991628424452,12547.991628424452,-12547.991628424452,-12547.991628424452,549.9999999999993,549.9999999999993,-549.9999999999993,-549.9999999999993
42.283,0.25,5.72304754154373e-20,-1.011201927501801e-20,0.04099942866928528,5.907350849298922e-19,2.7241822099949167e-18,-1.3257389876278937e-19,1.0,12558.991628424437,12558.991628424437,-12558.991628424437,-12558.991628424437,549.9999999999993,549.9999999999993,-549.9999999999993,-549.9999999999993
42.303,0.25,5.72304754154373e-20,-1.011201927501801e-20,0.04099942866928528,5.907350849298922e-19,2.7241822099949167e-18,-1.3257389876278937e-19,1.0,12569.991628424423,12569.991628424423,-12569.991628424423,-12569.991628424423,549.9999999999993,549.9999999999993,-549.9999999999993,-549.9999999999993
42.323,0.25,5.72304754154373e-20,-1.011201927501801e-20,0.04099942866928528,5.907350849298922e-19,2.7241822099949167e-18,-1.3257389876278937e-19,1.0,12580.991628424408,12580.991628424408,-12580.991628424408,-12580.991628424408,549.9999999999993,549.9999999999993,-549.9999999999993,-549.9999999999993
42.343,0.25,5.72304754154373e-20,-1.011201927501801e-20,0.04099942866928528,5.907350849298922e-19,2.7241822099949167e-18,-1.3257389876278937e-19,1.0,12591.991628424394,12591.991628424394,-12591.991628424394,-12591.991628424394,549.9999999999993,549.9999999999993,-549.9999999999993,-549.9999999999993
42.363,0.25,5.72304754154373e-20,-1.011201927501801e-20,0.04099942866928528,5.907350849298922e-19,2.7241822099949167e-18,-1.3257389876278937e-19,1.0,12602.991628424379,12602.991628424379,-12602.991628424379,-12602.991628424379,549.9999999999993,549.9999999999993,-549.9999999999993,-549.9999999999993
42.383,0.25,5.72304754154373e-20,-1.011201927501801e-20,0.04099942866928528,5.907350849298922e-19,2.7241822099949167e-18,-1.3257389876278937e-19,1.0,12613.991628424365,12613.991628424365,-12613.991628424365,-12613.991628424365,549.9999999999993,549.9999999999993,-549.9999999999993,-549.9999999999993
42.403,0.25,5.72304754154373e-20,-1.011201927501801e-20,0.04099942866928528,5.907350849298922e-19,2.7241822099949167e-18,-1.3257389876278937e-19,1.0,12624.99162842435,12624.99162842435,-12624.99162842435,-12624.99162842435,549.9999999999993,549.9999999999993,-549.9999999999993,-549.9999999999993
42.423,0.25,5.72304754154373e-20,-1.011201927501801e-20,0.04099942866928528,5.907350849298922e-19,2.7241822099949167e-18,-1.3257389876278937e-19,1.0,12635.991628424335,12635.991628424335,-12635.991628424335,-12635.991628424335,549.9999999999993,549.9999999999993,-549.9999999999993,-549.9999999999993
42.443,0.25,5.72304754154373e-20,-1.011201927501801e-20,0.04099942866928528,5.907350849298922e-19,2.7241822099949167e-18,-1.3257389876278937e-19,1.0,12646.99162842432,12646.99162842432,-12646.99162842432,-12646.99162842432,549.9999999999993,549.9999999999993,-549.9999999999993,-549.9999999999993
42.463,0.25,5.72304754154373e-20,-1.011201927501801e-20,0.04099942866928528,5.907350849298922e-19,2.7241822099949167e-18,-1.3257389876278937e-19,1.0,12657.991628424306,12657.991628424306,-12657.991628424306,-12657.991628424306,549.9999999999993,549.9999999999993,-549.9999999999993,-549.9999999999993
42.483,0.25,5.72304754154373e-20,-1.011201927501801e-20,0.04099942866928528,5.907350849298922e-19,2.7241822099949167e-18,-1.3257389876278937e-19,1.0,12668.991628424292,12668.991628424292,-12668.991628424292,-12668.991628424292,549.9999999999993,549.9999999999993,-549.9999999999993,-549.9999999999993
42.503,0.25,5.72304754154373e-20,-1.011201927501801e-20,0.04099942866928528,5.907350849298922e-19,2.7241822099949167e-18,-1.3257389876278937e-19,1.0,12679.991628424277,12679.991628424277,-12679.991628424277,-12679.991628424277,549.9999999999993,549.9999999999993,-549.9999999999993,-549.9999999999993
42.523,0.25,5.72304754154373e-20,-1.011201927501801e-20,0.04099942866928528,5.907350849298922e-19,2.7241822099949167e-18,-1.3257389876278937e-19,1.0,12690.991628424263,12690.991628424263,-12690.991628424263,-12690.991628424263,549.9999999999993,549.9999999999993,-549.9999999999993,-549.9999999999993
42.543,0.25,5.72304754154373e-20,-1.011201927501801e-20,0.04099942866928528,5.907350849298922e-19,2.7241822099949167e-18,-1.3257389876278937e-19,1.0,12701.991628424248,12701.991628424248,-12701.991628424248,-12701.991628424248,549.9999999999993,549.9999999999993,-549.9999999999993,-549.9999999999993
42.563,0.25,5.72304754154373e-20,-1.011201927501801e-20,0.04099942866928528,5.907350849298922e-19,2.7241822099949167e-18,-1.3257389876278937e-19,1.0,12712.991628424234,12712.991628424234,-12712.991628424234,-12712.991628424234,549.9999999999993,549.9999999999993,-549.9999999999993,-549.9999999999993
42.583,0.25,5.72304754154373e-20,-1.011201927501801e-20,0.04099942866928528,5.907350849298922e-19,2.7241822099949167e-18,-1.3257389876278937e-19,1.0,12723.991628424219,12723.991628424219,-12723.991628424219,-12723.991628424219,549.9999999999993,549.9999999999993,-549.9999999999993,-549.9999999999993
42.603,0.25,5.72304754154373e-20,-1.011201927501801e-20,0.04099942866928528,5.907350849298922e-19,2.7241822099949167e-18,-1.3257389876278937e-19,1.0,12734.991628424204,12734.991628424204,-12734.991628424204,-12734.991628424204,549.9999999999993,549.9999999999993,-549.9999999999993,-549.9999999999993
42.623,0.25,5.72304754154373e-20,-1.011201927501801e-20,0.04099942866928528,5.907350849298922e-19,2.7241822099949167e-18,-1.3257389876278937e-19,1.0,12745.99162842419,12745.99162842419,-12745.99162842419,-12745.99162842419,549.9999999999993,549.9999999999993,-549.9999999999993,-549.9999999999993
42.643,0.25,5.72304754154373e-20,-1.011201927501801e-20,0.04099942866928528,5.907350849298922e-19,2.7241822099949167e-18,-1.3257389876278937e-19,1.0,12756.991628424175,12756.991628424175,-12756.991628424175,-12756.991628424175,549.9999999999993,549.9999999999993,-549.9999999999993,-549.9999999999993
42.663,0.25,5.72304754154373e-20,-1.011201927501801e-20,0.04099942866928528,5.907350849298922e-19,2.7241822099949167e-18,-1.3257389876278937e-19,1.0,12767.99162842416,12767.99162842416,-12767.99162842416,-12767.99162842416,549.9999999999993,549.9999999999993,-549.9999999999993,-549.9999999999993
42.684,0.25,5.72304754154373e-20,-1.011201927501801e-20,0.04099942866928528,5.907350849298922e-19,2.7241822099949167e-18,-1.3257389876278937e-19,1.0,12778.991628424146,12778.991628424146,-12778.991628424146,-12778.991628424146,549.9999999999993,549.9999999999993,-549.9999999999993,-549.9999999999993
42.703,0.25,5.72304754154373e-20,-1.011201927501801e-20,0.04099942866928528,5.907350849298922e-19,2.7241822099949167e-18,-1.3257389876278937e-19,1.0,12789.991628424132,12789.991628424132,-12789.991628424132,-12789.991628424132,549.9999999999993,549.9999999999993,-549.9999999999993,-549.9999999999993
42.723,0.25,5.72304754154373e-20,-1.011201927501801e-20,0.04099942866928528,5.907350849298922e-19,2.7241822099949167e-18,-1.3257389876278937e-19,1.0,12800.991628424117,12800.991628424117,-12800.991628424117,-12800.991628424117,549.9999999999993,549.9999999999993,-549.9999999999993,-549.9999999999993
42.744,0.25,5.72304754154373e-20,-1.011201927501801e-20,0.04099942866928528,5.907350849298922e-19,2.7241822099949167e-18,-1.3257389876278937e-19,1.0,12811.991628424103,12811.991628424103,-12811.991628424103,-12811.991628424103,549.9999999999993,549.9999999999993,-549.9999999999993,-549.9999999999993
42.763,0.25,5.72304754154373e-20,-1.011201927501801e-20,0.04099942866928528,5.907350849298922e-19,2.7241822099949167e-18,-1.3257389876278937e-19,1.0,12822.991628424088,12822.991628424088,-12822.991628424088,-12822.991628424088,549.9999999999993,549.9999999999993,-549.9999999999993,-549.9999999999993
42.784,0.25,5.72304754154373e-20,-1.011201927501801e-20,0.04099942866928528,5.907350849298922e-19,2.7241822099949167e-18,-1.3257389876278937e-19,1.0,12833.991628424073,12833.991628424073,-12833.991628424073,-12833.991628424073,549.9999999999993,549.9999999999993,-549.9999999999993,-549.9999999999993
42.803,0.25,5.72304754154373e-20,-1.011201927501801e-20,0.04099942866928528,5.907350849298922e-19,2.7241822099949167e-18,-1.3257389876278937e-19,1.0,12844.991628424059,12844.991628424059,-12844.991628424059,-12844.991628424059,549.9999999999993,549.9999999999993,-549.9999999999993,-549.9999999999993
42.823,0.25,5.72304754154373e-20,-1.011201927501801e-20,0.04099942866928528,5.907350849298922e-19,2.7241822099949167e-18,-1.3257389876278937e-19,1.0,12855.991628424044,12855.991628424044,-12855.991628424044,-12855.991628424044,549.9999999999993,549.9999999999993,-549.9999999999993,-549.9999999999993
42.843,0.25,5.72304754154373e-20,-1.011201927501801e-20,0.04099942866928528,5.907350849298922e-19,2.7241822099949167e-18,-1.3257389876278937e-19,1.0,12866.99162842403,12866.99162842403,-12866.99162842403,-12866.99162842403,549.9999999999993,549.9999999999993,-549.9999999999993,-549.9999999999993
42.863,0.25,5.72304754154373e-20,-1.011201927501801e-20,0.04099942866928528,5.907350849298922e-19,2.7241822099949167e-18,-1.3257389876278937e-19,1.0,12877.991628424015,12877.991628424015,-12877.991628424015,-12877.991628424015,549.9999999999993,549.9999999999993,-549.9999999999993,-549.9999999999993
42.883,0.25,5.72304754154373e-20,-1.011201927501801e-20,0.04099942866928528,5.907350849298922e-19,2.7241822099949167e-18,-1.3257389876278937e-19,1.0,12888.991628424,12888.991628424,-12888.991628424,-12888.991628424,549.9999999999993,549.9999999999993,-549.9999999999993,-549.9999999999993
42.903,0.25,5.72304754154373e-20,-1.011201927501801e-20,0.04099942866928528,5.907350849298922e-19,2.7241822099949167e-18,-1.3257389876278937e-19,1.0,12899.991628423986,12899.991628423986,-12899.991628423986,-12899.991628423986,549.9999999999993,549.9999999999993,-549.9999999999993,-549.9999999999993
42.924,0.25,5.72304754154373e-20,-1.011201927501801e-20,0.04099942866928528,5.907350849298922e-19,2.7241822099949167e-18,-1.3257389876278937e-19,1.0,12910.991628423972,12910.991628423972,-12910.991628423972,-12910.991628423972,549.9999999999993,549.9999999999993,-549.9999999999993,-549.9999999999993
42.943,0.25,5.72304754154373e-20,-1.011201927501801e-20,0.04099942866928528,5.907350849298922e-19,2.7241822099949167e-18,-1.3257389876278937e-19,1.0,12921.991628423957,12921.991628423957,-12921.991628423957,-12921.991628423957,549.9999999999993,549.9999999999993,-549.9999999999993,-549.9999999999993
42.963,0.25,5.72304754154373e-20,-1.011201927501801e-20,0.04099942866928528,5.907350849298922e-19,2.7241822099949167e-18,-1.3257389876278937e-19,1.0,12932.991628423943,12932.991628423943,-12932.991628423943,-12932.991628423943,549.9999999999993,549.9999999999993,-549.9999999999993,-549.9999999999993
42.983,0.25,5.72304754154373e-20,-1.011201927501801e-20,0.04099942866928528,5.907350849298922e-19,2.7241822099949167e-18,-1.3257389876278937e-19,1.0,12943.991628423928,12943.991628423928,-12943.991628423928,-12943.991628423928,549.9999999999993,549.9999999999993,-549.9999999999993,-549.9999999999993
43.003,0.25,5.72304754154373e-20,-1.011201927501801e-20,0.04099942866928528,5.907350849298922e-19,2.7241822099949167e-18,-1.3257389876278937e-19,1.0,12954.991628423913,12954.991628423913,-12954.991628423913,-12954.991628423913,549.9999999999993,549.9999999999993,-549.9999999999993,-549.9999999999993
43.023,0.25,5.72304754154373e-20,-1.011201927501801e-20,0.04099942866928528,5.907350849298922e-19,2.7241822099949167e-18,-1.3257389876278937e-19,1.0,12965.991628423899,12965.991628423899,-12965.991628423899,-12965.991628423899,549.9999999999993,549.9999999999993,-549.9999999999993,-549.9999999999993
43.043,0.25,5.72304754154373e-20,-1.011201927501801e-20,0.04099942866928528,5.907350849298922e-19,2.7241822099949167e-18,-1.3257389876278937e-19,1.0,12976.991628423884,12976.991628423884,-12976.991628423884,-12976.991628423884,549.9999999999993,549.9999999999993,-549.9999999999993,-549.9999999999993
43.063,0.25,5.72304754154373e-20,-1.011201927501801e-20,0.04099942866928528,5.907350849298922e-19,2.7241822099949167e-18,-1.3257389876278937e-19,1.0,12987.99162842387,12987.99162842387,-12987.99162842387,-12987.99162842387,549.9999999999993,549.9999999999993,-549.9999999999993,-549.9999999999993
43.083,0.25,5.72304754154373e-20,-1.011201927501801e-20,0.04099942866928528,5.907350849298922e-19,2.7241822099949167e-18,-1.3257389876278937e-19,1.0,12998.991628423855,12998.991628423855,-12998.991628423855,-12998.991628423855,549.9999999999993,549.9999999999993,-549.9999999999993,-549.9999999999993
43.103,0.25,5.72304754154373e-20,-1.011201927501801e-20,0.04099942866928528,5.907350849298922e-19,2.7241822099949167e-18,-1.3257389876278937e-19,1.0,13009.99162842384,13009.99162842384,-13009.99162842384,-13009.99162842384,549.9999999999993,549.9999999999993,-549.9999999999993,-549.9999999999993
43.123,0.25,5.72304754154373e-20,-1.011201927501801e-20,0.04099942866928528,5.907350849298922e-19,2.7241822099949167e-18,-1.3257389876278937e-19,1.0,13020.991628423826,13020.991628423826,-13020.991628423826,-13020.991628423826,549.9999999999993,549.9999999999993,-549.9999999999993,-549.9999999999993
43.143,0.25,5.72304754154373e-20,-1.011201927501801e-20,0.04099942866928528,5.907350849298922e-19,2.7241822099949167e-18,-1.3257389876278937e-19,1.0,13031.991628423812,13031.991628423812,-13031.991628423812,-13031.991628423812,549.9999999999993,549.9999999999993,-549.9999999999993,-549.9999999999993
43.163,0.25,5.72304754154373e-20,-1.011201927501801e-20,0.04099942866928528,5.907350849298922e-19,2.7241822099949167e-18,-1.3257389876278937e-19,1.0,13042.991628423797,13042.991628423797,-13042.991628423797,-13042.991628423797,549.9999999999993,549.9999999999993,-549.9999999999993,-549.9999999999993
43.183,0.25,5.72304754154373e-20,-1.011201927501801e-20,0.04099942866928528,5.907350849298922e-19,2.7241822099949167e-18,-1.3257389876278937e-19,1.0,13053.991628423782,13053.991628423782,-13053.991628423782,-13053.991628423782,549.9999999999993,549.9999999999993,-549.9999999999993,-549.9999999999993
43.203,0.25,5.72304754154373e-20,-1.011201927501801e-20,0.04099942866928528,5.907350849298922e-19,2.7241822099949167e-18,-1.3257389876278937e-19,1.0,13064.991628423768,13064.991628423768,-13064.991628423768,-13064.991628423768,549.9999999999993,549.9999999999993,-549.9999999999993,-549.9999999999993
43.223,0.25,5.72304754154373e-20,-1.011201927501801e-20,0.04099942866928528,5.907350849298922e-19,2.7241822099949167e-18,-1.3257389876278937e-19,1.0,13075.991628423753,13075.991628423753,-13075.991628423753,-13075.991628423753,549.9999999999993,549.9999999999993,-549.9999999999993,-549.9999999999993
43.243,0.25,5.72304754154373e-20,-1.011201927501801e-20,0.04099942866928528,5.907350849298922e-19,2.7241822099949167e-18,-1.3257389876278937e-19,1.0,13086.991628423739,13086.991628423739,-13086.991628423739,-13086.991628423739,549.9999999999993,549.9999999999993,-549.9999999999993,-549.9999999999993
43.263,0.25,5.72304754154373e-20,-1.011201927501801e-20,0.04099942866928528,5.907350849298922e-19,2.7241822099949167e-18,-1.3257389876278937e-19,1.0,13097.991628423724,13097.991628423724,-13097.991628423724,-13097.991628423724,549.9999999999993,549.9999999999993,-549.9999999999993,-549.9999999999993
43.283,0.25,5.72304754154373e-20,-1.011201927501801e-20,0.04099942866928528,5.907350849298922e-19,2.7241822099949167e-18,-1.3257389876278937e-19,1.0,13108.99162842371,13108.99162842371,-13108.99162842371,-13108.99162842371,549.9999999999993,549.9999999999993,-549.9999999999993,-549.9999999999993
43.303,0.25,5.72304754154373e-20,-1.011201927501801e-20,0.04099942866928528,5.907350849298922e-19,2.7241822099949167e-18,-1.3257389876278937e-19,1.0,13119.991628423695,13119.991628423695,-13119.991628423695,-13119.991628423695,549.9999999999993,549.9999999999993,-549.9999999999993,-549.9999999999993
43.323,0.25,5.72304754154373e-20,-1.011201927501801e-20,0.04099942866928528,5.907350849298922e-19,2.7241822099949167e-18,-1.3257389876278937e-19,1.0,13130.99162842368,13130.99162842368,-13130.99162842368,-13130.99162842368,549.9999999999993,549.9999999999993,-549.9999999999993,-549.9999999999993
43.343,0.25,5.72304754154373e-20,-1.011201927501801e-20,0.04099942866928528,5.907350849298922e-19,2.7241822099949167e-18,-1.3257389876278937e-19,1.0,13141.991628423666,13141.991628423666,-13141.991628423666,-13141.991628423666,549.9999999999993,549.9999999999993,-549.9999999999993,-549.9999999999993
43.363,0.25,5.72304754154373e-20,-1.011201927501801e-20,0.04099942866928528,5.907350849298922e-19,2.7241822099949167e-18,-1.3257389876278937e-19,1.0,13152.991628423651,13152.991628423651,-13152.991628423651,-13152.991628423651,549.9999999999993,549.9999999999993,-549.9999999999993,-549.9999999999993
43.383,0.25,5.72304754154373e-20,-1.011201927501801e-20,0.04099942866928528,5.907350849298922e-19,2.7241822099949167e-18,-1.3257389876278937e-19,1.0,13163.991628423637,13163.991628423637,-13163.991628423637,-13163.991628423637,549.9999999999993,549.9999999999993,-549.9999999999993,-549.9999999999993
43.403,0.25,5.72304754154373e-20,-1.011201927501801e-20,0.04099942866928528,5.907350849298922e-19,2.7241822099949167e-18,-1.3257389876278937e-19,1.0,13174.991628423622,13174.991628423622,-13174.991628423622,-13174.991628423622,549.9999999999993,549.9999999999993,-549.9999999999993,-549.9999999999993
43.423,0.25,5.72304754154373e-20,-1.011201927501801e-20,0.04099942866928528,5.907350849298922e-19,2.7241822099949167e-18,-1.3257389876278937e-19,1.0,13185.991628423608,13185.991628423608,-13185.991628423608,-13185.991628423608,549.9999999999993,549.9999999999993,-549.9999999999993,-549.9999999999993
43.443,0.25,5.72304754154373e-20,-1.011201927501801e-20,0.04099942866928528,5.907350849298922e-19,2.7241822099949167e-18,-1.3257389876278937e-19,1.0,13196.991628423593,13196.991628423593,-13196.991628423593,-13196.991628423593,549.9999999999993,549.9999999999993,-549.9999999999993,-549.9999999999993
43.463,0.25,5.72304754154373e-20,-1.011201927501801e-20,0.04099942866928528,5.907350849298922e-19,2.7241822099949167e-18,-1.3257389876278937e-19,1.0,13207.991628423579,13207.991628423579,-13207.991628423579,-13207.991628423579,549.9999999999993,549.9999999999993,-549.9999999999993,-549.9999999999993
43.483,0.25,5.72304754154373e-20,-1.011201927501801e-20,0.04099942866928528,5.907350849298922e-19,2.7241822099949167e-18,-1.3257389876278937e-19,1.0,13218.991628423564,13218.991628423564,-13218.991628423564,-13218.991628423564,549.9999999999993,549.9999999999993,-549.9999999999993,-549.9999999999993
43.503,0.25,5.72304754154373e-20,-1.011201927501801e-20,0.04099942866928528,5.907350849298922e-19,2.7241822099949167e-18,-1.3257389876278937e-19,1.0,13229.99162842355,13229.99162842355,-13229.99162842355,-13229.99162842355,549.9999999999993,549.9999999999993,-549.9999999999993,-549.9999999999993
43.523,0.25,5.72304754154373e-20,-1.011201927501801e-20,0.04099942866928528,5.907350849298922e-19,2.7241822099949167e-18,-1.3257389876278937e-19,1.0,13240.991628423535,13240.991628423535,-13240.991628423535,-13240.991628423535,549.9999999999993,549.9999999999993,-549.9999999999993,-549.9999999999993
43.543,0.25,5.72304754154373e-20,-1.011201927501801e-20,0.04099942866928528,5.907350849298922e-19,2.7241822099949167e-18,-1.3257389876278937e-19,1.0,13251.99162842352,13251.99162842352,-13251.99162842352,-13251.99162842352,549.9999999999993,549.9999999999993,-549.9999999999993,-549.9999999999993
43.563,0.25,5.72304754154373e-20,-1.011201927501801e-20,0.04099942866928528,5.907350849298922e-19,2.7241822099949167e-18,-1.3257389876278937e-19,1.0,13262.991628423506,13262.991628423506,-13262.991628423506,-13262.991628423506,549.9999999999993,549.9999999999993,-549.9999999999993,-549.9999999999993
43.583,0.25,5.72304754154373e-20,-1.011201927501801e-20,0.04099942866928528,5.907350849298922e-19,2.7241822099949167e-18,-1.3257389876278937e-19,1.0,13273.991628423491,13273.991628423491,-13273.991628423491,-13273.991628423491,549.9999999999993,549.9999999999993,-549.9999999999993,-549.9999999999993
43.603,0.25,5.72304754154373e-20,-1.011201927501801e-20,0.04099942866928528,5.907350849298922e-19,2.7241822099949167e-18,-1.3257389876278937e-19,1.0,13284.991628423477,13284.991628423477,-13284.991628423477,-13284.991628423477,549.9999999999993,549.9999999999993,-549.9999999999993,-549.9999999999993
43.623,0.25,5.72304754154373e-20,-1.011201927501801e-20,0.04099942866928528,5.907350849298922e-19,2.7241822099949167e-18,-1.3257389876278937e-19,1.0,13295.991628423462,13295.991628423462,-13295.991628423462,-13295.991628423462,549.9999999999993,549.9999999999993,-549.9999999999993,-549.9999999999993
43.643,0.25,5.72304754154373e-20,-1.011201927501801e-20,0.04099942866928528,5.907350849298922e-19,2.7241822099949167e-18,-1.3257389876278937e-19,1.0,13306.991628423448,13306.991628423448,-13306.991628423448,-13306.991628423448,549.9999999999993,549.9999999999993,-549.9999999999993,-549.9999999999993
43.663,0.25,5.72304754154373e-20,-1.011201927501801e-20,0.04099942866928528,5.907350849298922e-19,2.7241822099949167e-18,-1.3257389876278937e-19,1.0,13317.991628423433,13317.991628423433,-13317.991628423433,-13317.991628423433,549.9999999999993,549.9999999999993,-549.9999999999993,-549.9999999999993
43.683,0.25,5.72304754154373e-20,-1.011201927501801e-20,0.04099942866928528,5.907350849298922e-19,2.7241822099949167e-18,-1.3257389876278937e-19,1.0,13328.991628423419,13328.991628423419,-13328.991628423419,-13328.991628423419,549.9999999999993,549.9999999999993,-549.9999999999993,-549.9999999999993
43.703,0.25,5.72304754154373e-20,-1.011201927501801e-20,0.04099942866928528,5.907350849298922e-19,2.7241822099949167e-18,-1.3257389876278937e-19,1.0,13339.991628423404,13339.991628423404,-13339.991628423404,-13339.991628423404,549.9999999999993,549.9999999999993,-549.9999999999993,-549.9999999999993
43.723,0.25,5.72304754154373e-20,-1.011201927501801e-20,0.04099942866928528,5.907350849298922e-19,2.7241822099949167e-18,-1.3257389876278937e-19,1.0,13350.99162842339,13350.99162842339,-13350.99162842339,-13350.99162842339,549.9999999999993,549.9999999999993,-549.9999999999993,-549.9999999999993
43.743,0.25,5.72304754154373e-20,-1.011201927501801e-20,0.04099942866928528,5.907350849298922e-19,2.7241822099949167e-18,-1.3257389876278937e-19,1.0,13361.991628423375,13361.991628423375,-13361.991628423375,-13361.991628423375,549.9999999999993,549.9999999999993,-549.9999999999993,-549.9999999999993
43.763,0.25,5.72304754154373e-20,-1.011201927501801e-20,0.04099942866928528,5.907350849298922e-19,2.7241822099949167e-18,-1.3257389876278937e-19,1.0,13372.99162842336,13372.99162842336,-13372.99162842336,-13372.99162842336,549.9999999999993,549.9999999999993,-549.9999999999993,-549.9999999999993
43.783,0.25,5.72304754154373e-20,-1.011201927501801e-20,0.04099942866928528,5.907350849298922e-19,2.7241822099949167e-18,-1.3257389876278937e-19,1.0,13383.991628423346,13383.991628423346,-13383.991628423346,-13383.991628423346,549.9999999999993,549.9999999999993,-549.9999999999993,-549.9999999999993
43.803,0.25,5.72304754154373e-20,-1.011201927501801e-20,0.04099942866928528,5.907350849298922e-19,2.7241822099949167e-18,-1.3257389876278937e-19,1.0,13394.991628423331,13394.991628423331,-13394.991628423331,-13394.991628423331,549.9999999999993,549.9999999999993,-549.9999999999993,-549.9999999999993
43.823,0.25,5.72304754154373e-20,-1.011201927501801e-20,0.04099942866928528,5.907350849298922e-19,2.7241822099949167e-18,-1.3257389876278937e-19,1.0,13405.991628423317,13405.991628423317,-13405.991628423317,-13405.991628423317,549.9999999999993,549.9999999999993,-549.9999999999993,-549.9999999999993
43.843,0.25,5.72304754154373e-20,-1.011201927501801e-20,0.04099942866928528,5.907350849298922e-19,2.7241822099949167e-18,-1.3257389876278937e-19,1.0,13416.991628423302,13416.991628423302,-13416.991628423302,-13416.991628423302,549.9999999999993,549.9999999999993,-549.9999999999993,-549.9999999999993
43.863,0.25,5.72304754154373e-20,-1.011201927501801e-20,0.04099942866928528,5.907350849298922e-19,2.7241822099949167e-18,-1.3257389876278937e-19,1.0,13427.991628423288,13427.991628423288,-13427.991628423288,-13427.991628423288,549.9999999999993,549.9999999999993,-549.9999999999993,-549.9999999999993
43.883,0.25,5.72304754154373e-20,-1.011201927501801e-20,0.04099942866928528,5.907350849298922e-19,2.7241822099949167e-18,-1.3257389876278937e-19,1.0,13438.991628423273,13438.991628423273,-13438.991628423273,-13438.991628423273,549.9999999999993,549.9999999999993,-549.9999999999993,-549.9999999999993
43.903,0.25,5.72304754154373e-20,-1.011201927501801e-20,0.04099942866928528,5.907350849298922e-19,2.7241822099949167e-18,-1.3257389876278937e-19,1.0,13449.991628423259,13449.991628423259,-13449.991628423259,-13449.991628423259,549.9999999999993,549.9999999999993,-549.9999999999993,-549.9999999999993
43.923,0.25,5.72304754154373e-20,-1.011201927501801e-20,0.04099942866928528,5.907350849298922e-19,2.7241822099949167e-18,-1.3257389876278937e-19,1.0,13460.991628423244,13460.991628423244,-13460.991628423244,-13460.991628423244,549.9999999999993,549.9999999999993,-549.9999999999993,-549.9999999999993
43.943,0.25,5.72304754154373e-20,-1.011201927501801e-20,0.04099942866928528,5.907350849298922e-19,2.7241822099949167e-18,-1.3257389876278937e-19,1.0,13471.99162842323,13471.99162842323,-13471.99162842323,-13471.99162842323,549.9999999999993,549.9999999999993,-549.9999999999993,-549.9999999999993
43.963,0.25,5.72304754154373e-20,-1.011201927501801e-20,0.04099942866928528,5.907350849298922e-19,2.7241822099949167e-18,-1.3257389876278937e-19,1.0,13482.991628423215,13482.991628423215,-13482.991628423215,-13482.991628423215,549.9999999999993,549.9999999999993,-549.9999999999993,-549.9999999999993
43.983,0.25,5.72304754154373e-20,-1.011201927501801e-20,0.04099942866928528,5.907350849298922e-19,2.7241822099949167e-18,-1.3257389876278937e-19,1.0,13493.9916284232,13493.9916284232,-13493.9916284232,-13493.9916284232,549.9999999999993,549.9999999999993,-549.9999999999993,-549.9999999999993
44.003,0.25,5.72304754154373e-20,-1.011201927501801e-20,0.04099942866928528,5.907350849298922e-19,2.7241822099949167e-18,-1.3257389876278937e-19,1.0,13504.991628423186,13504.991628423186,-13504.991628423186,-13504.991628423186,549.9999999999993,549.9999999999993,-549.9999999999993,-549.9999999999993
44.023,0.25,5.72304754154373e-20,-1.011201927501801e-20,0.04099942866928528,5.907350849298922e-19,2.7241822099949167e-18,-1.3257389876278937e-19,1.0,13515.991628423171,13515.991628423171,-13515.991628423171,-13515.991628423171,549.9999999999993,549.9999999999993,-549.9999999999993,-549.9999999999993
44.043,0.25,5.72304754154373e-20,-1.011201927501801e-20,0.04099942866928528,5.907350849298922e-19,2.7241822099949167e-18,-1.3257389876278937e-19,1.0,13526.991628423157,13526.991628423157,-13526.991628423157,-13526.991628423157,549.9999999999993,549.9999999999993,-549.9999999999993,-549.9999999999993
44.063,0.25,5.72304754154373e-20,-1.011201927501801e-20,0.04099942866928528,5.907350849298922e-19,2.7241822099949167e-18,-1.3257389876278937e-19,1.0,13537.991628423142,13537.991628423142,-13537.991628423142,-13537.991628423142,549.9999999999993,549.9999999999993,-549.9999999999993,-549.9999999999993
44.083,0.25,5.72304754154373e-20,-1.011201927501801e-20,0.04099942866928528,5.907350849298922e-19,2.7241822099949167e-18,-1.3257389876278937e-19,1.0,13548.991628423128,13548.991628423128,-13548.991628423128,-13548.991628423128,549.9999999999993,549.9999999999993,-549.9999999999993,-549.9999999999993
44.103,0.25,5.72304754154373e-20,-1.011201927501801e-20,0.04099942866928528,5.907350849298922e-19,2.7241822099949167e-18,-1.3257389876278937e-19,1.0,13559.991628423113,13559.991628423113,-13559.991628423113,-13559.991628423113,549.9999999999993,549.9999999999993,-549.9999999999993,-549.9999999999993
44.123,0.25,5.72304754154373e-20,-1.011201927501801e-20,0.04099942866928528,5.907350849298922e-19,2.7241822099949167e-18,-1.3257389876278937e-19,1.0,13570.991628423099,13570.991628423099,-13570.991628423099,-13570.991628423099,549.9999999999993,549.9999999999993,-549.9999999999993,-549.9999999999993
44.143,0.25,5.72304754154373e-20,-1.011201927501801e-20,0.04099942866928528,5.907350849298922e-19,2.7241822099949167e-18,-1.3257389876278937e-19,1.0,13581.991628423084,13581.991628423084,-13581.991628423084,-13581.991628423084,549.9999999999993,549.9999999999993,-549.9999999999993,-549.9999999999993
44.163,0.25,5.72304754154373e-20,-1.011201927501801e-20,0.04099942866928528,5.907350849298922e-19,2.7241822099949167e-18,-1.3257389876278937e-19,1.0,13592.99162842307,13592.99162842307,-13592.99162842307,-13592.99162842307,549.9999999999993,549.9999999999993,-549.9999999999993,-549.9999999999993
44.183,0.25,5.72304754154373e-20,-1.011201927501801e-20,0.04099942866928528,5.907350849298922e-19,2.7241822099949167e-18,-1.3257389876278937e-19,1.0,13603.991628423055,13603.991628423055,-13603.991628423055,-13603.991628423055,549.9999999999993,549.9999999999993,-549.9999999999993,-549.9999999999993
44.203,0.25,5.72304754154373e-20,-1.011201927501801e-20,0.04099942866928528,5.907350849298922e-19,2.7241822099949167e-18,-1.3257389876278937e-19,1.0,13614.99162842304,13614.99162842304,-13614.99162842304,-13614.99162842304,549.9999999999993,549.9999999999993,-549.9999999999993,-549.9999999999993
44.223,0.25,5.72304754154373e-20,-1.011201927501801e-20,0.04099942866928528,5.907350849298922e-19,2.7241822099949167e-18,-1.3257389876278937e-19,1.0,13625.991628423026,13625.991628423026,-13625.991628423026,-13625.991628423026,549.9999999999993,549.9999999999993,-549.9999999999993,-549.9999999999993
44.243,0.25,5.72304754154373e-20,-1.011201927501801e-20,0.04099942866928528,5.907350849298922e-19,2.7241822099949167e-18,-1.3257389876278937e-19,1.0,13636.991628423011,13636.991628423011,-13636.991628423011,-13636.991628423011,549.9999999999993,549.9999999999993,-549.9999999999993,-549.9999999999993
44.263,0.25,5.72304754154373e-20,-1.011201927501801e-20,0.04099942866928528,5.907350849298922e-19,2.7241822099949167e-18,-1.3257389876278937e-19,1.0,13647.991628422997,13647.991628422997,-13647.991628422997,-13647.991628422997,549.9999999999993,549.9999999999993,-549.9999999999993,-549.9999999999993
44.283,0.25,5.72304754154373e-20,-1.011201927501801e-20,0.04099942866928528,5.907350849298922e-19,2.7241822099949167e-18,-1.3257389876278937e-19,1.0,13658.991628422982,13658.991628422982,-13658.991628422982,-13658.991628422982,549.9999999999993,549.9999999999993,-549.9999999999993,-549.9999999999993
44.303,0.25,5.72304754154373e-20,-1.011201927501801e-20,0.04099942866928528,5.907350849298922e-19,2.7241822099949167e-18,-1.3257389876278937e-19,1.0,13669.991628422968,13669.991628422968,-13669.991628422968,-13669.991628422968,549.9999999999993,549.9999999999993,-549.9999999999993,-549.9999999999993
44.323,0.25,5.72304754154373e-20,-1.011201927501801e-20,0.04099942866928528,5.907350849298922e-19,2.7241822099949167e-18,-1.3257389876278937e-19,1.0,13680.991628422953,13680.991628422953,-13680.991628422953,-13680.991628422953,549.9999999999993,549.9999999999993,-549.9999999999993,-549.9999999999993
44.343,0.25,5.72304754154373e-20,-1.011201927501801e-20,0.04099942866928528,5.907350849298922e-19,2.7241822099949167e-18,-1.3257389876278937e-19,1.0,13691.991628422938,13691.991628422938,-13691.991628422938,-13691.991628422938,549.9999999999993,549.9999999999993,-549.9999999999993,-549.9999999999993
44.363,0.25,5.72304754154373e-20,-1.011201927501801e-20,0.04099942866928528,5.907350849298922e-19,2.7241822099949167e-18,-1.3257389876278937e-19,1.0,13702.991628422924,13702.991628422924,-13702.991628422924,-13702.991628422924,549.9999999999993,549.9999999999993,-549.9999999999993,-549.9999999999993
44.383,0.25,5.72304754154373e-20,-1.011201927501801e-20,0.04099942866928528,5.907350849298922e-19,2.7241822099949167e-18,-1.3257389876278937e-19,1.0,13713.99162842291,13713.99162842291,-13713.99162842291,-13713.99162842291,549.9999999999993,549.9999999999993,-549.9999999999993,-549.9999999999993
44.403,0.25,5.72304754154373e-20,-1.011201927501801e-20,0.04099942866928528,5.907350849298922e-19,2.7241822099949167e-18,-1.3257389876278937e-19,1.0,13724.991628422895,13724.991628422895,-13724.991628422895,-13724.991628422895,549.9999999999993,549.9999999999993,-549.9999999999993,-549.9999999999993
44.423,0.25,5.72304754154373e-20,-1.011201927501801e-20,0.04099942866928528,5.907350849298922e-19,2.7241822099949167e-18,-1.3257389876278937e-19,1.0,13735.99162842288,13735.99162842288,-13735.99162842288,-13735.99162842288,549.9999999999993,549.9999999999993,-549.9999999999993,-549.9999999999993
44.443,0.25,5.72304754154373e-20,-1.011201927501801e-20,0.04099942866928528,5.907350849298922e-19,2.7241822099949167e-18,-1.3257389876278937e-19,1.0,13746.991628422866,13746.991628422866,-13746.991628422866,-13746.991628422866,549.9999999999993,549.9999999999993,-549.9999999999993,-549.9999999999993
44.464,0.25,5.72304754154373e-20,-1.011201927501801e-20,0.04099942866928528,5.907350849298922e-19,2.7241822099949167e-18,-1.3257389876278937e-19,1.0,13757.991628422851,13757.991628422851,-13757.991628422851,-13757.991628422851,549.9999999999993,549.9999999999993,-549.9999999999993,-549.9999999999993
44.483,0.25,5.72304754154373e-20,-1.011201927501801e-20,0.04099942866928528,5.907350849298922e-19,2.7241822099949167e-18,-1.3257389876278937e-19,1.0,13768.991628422837,13768.991628422837,-13768.991628422837,-13768.991628422837,549.9999999999993,549.9999999999993,-549.9999999999993,-549.9999999999993
44.503,0.25,5.72304754154373e-20,-1.011201927501801e-20,0.04099942866928528,5.907350849298922e-19,2.7241822099949167e-18,-1.3257389876278937e-19,1.0,13779.991628422822,13779.991628422822,-13779.991628422822,-13779.991628422822,549.9999999999993,549.9999999999993,-549.9999999999993,-549.9999999999993
44.523,0.25,5.72304754154373e-20,-1.011201927501801e-20,0.04099942866928528,5.907350849298922e-19,2.7241822099949167e-18,-1.3257389876278937e-19,1.0,13790.991628422807,13790.991628422807,-13790.991628422807,-13790.991628422807,549.9999999999993,549.9999999999993,-549.9999999999993,-549.9999999999993
44.543,0.25,5.72304754154373e-20,-1.011201927501801e-20,0.04099942866928528,5.907350849298922e-19,2.7241822099949167e-18,-1.3257389876278937e-19,1.0,13801.991628422793,13801.991628422793,-13801.991628422793,-13801.991628422793,549.9999999999993,549.9999999999993,-549.9999999999993,-549.9999999999993
44.563,0.25,5.72304754154373e-20,-1.011201927501801e-20,0.04099942866928528,5.907350849298922e-19,2.7241822099949167e-18,-1.3257389876278937e-19,1.0,13812.991628422778,13812.991628422778,-13812.991628422778,-13812.991628422778,549.9999999999993,549.9999999999993,-549.9999999999993,-549.9999999999993
44.583,0.25,5.72304754154373e-20,-1.011201927501801e-20,0.04099942866928528,5.907350849298922e-19,2.7241822099949167e-18,-1.3257389876278937e-19,1.0,13823.991628422764,13823.991628422764,-13823.991628422764,-13823.991628422764,549.9999999999993,549.9999999999993,-549.9999999999993,-549.9999999999993
44.603,0.25,5.72304754154373e-20,-1.011201927501801e-20,0.04099942866928528,5.907350849298922e-19,2.7241822099949167e-18,-1.3257389876278937e-19,1.0,13834.99162842275,13834.99162842275,-13834.99162842275,-13834.99162842275,549.9999999999993,549.9999999999993,-549.9999999999993,-549.9999999999993
44.623,0.25,5.72304754154373e-20,-1.011201927501801e-20,0.04099942866928528,5.907350849298922e-19,2.7241822099949167e-18,-1.3257389876278937e-19,1.0,13845.991628422735,13845.991628422735,-13845.991628422735,-13845.991628422735,549.9999999999993,549.9999999999993,-549.9999999999993,-549.9999999999993
44.643,0.25,5.72304754154373e-20,-1.011201927501801e-20,0.04099942866928528,5.907350849298922e-19,2.7241822099949167e-18,-1.3257389876278937e-19,1.0,13856.99162842272,13856.99162842272,-13856.99162842272,-13856.99162842272,549.9999999999993,549.9999999999993,-549.9999999999993,-549.9999999999993
44.663,0.25,5.72304754154373e-20,-1.011201927501801e-20,0.04099942866928528,5.907350849298922e-19,2.7241822099949167e-18,-1.3257389876278937e-19,1.0,13867.991628422706,13867.991628422706,-13867.991628422706,-13867.991628422706,549.9999999999993,549.9999999999993,-549.9999999999993,-549.9999999999993
44.683,0.25,5.72304754154373e-20,-1.011201927501801e-20,0.04099942866928528,5.907350849298922e-19,2.7241822099949167e-18,-1.3257389876278937e-19,1.0,13878.991628422691,13878.991628422691,-13878.991628422691,-13878.991628422691,549.9999999999993,549.9999999999993,-549.9999999999993,-549.9999999999993
44.703,0.25,5.72304754154373e-20,-1.011201927501801e-20,0.04099942866928528,5.907350849298922e-19,2.7241822099949167e-18,-1.3257389876278937e-19,1.0,13889.991628422677,13889.991628422677,-13889.991628422677,-13889.991628422677,549.9999999999993,549.9999999999993,-549.9999999999993,-549.9999999999993
44.723,0.25,5.72304754154373e-20,-1.011201927501801e-20,0.04099942866928528,5.907350849298922e-19,2.7241822099949167e-18,-1.3257389876278937e-19,1.0,13900.991628422662,13900.991628422662,-13900.991628422662,-13900.991628422662,549.9999999999993,549.9999999999993,-549.9999999999993,-549.9999999999993
44.743,0.25,5.72304754154373e-20,-1.011201927501801e-20,0.04099942866928528,5.907350849298922e-19,2.7241822099949167e-18,-1.3257389876278937e-19,1.0,13911.991628422647,13911.991628422647,-13911.991628422647,-13911.991628422647,549.9999999999993,549.9999999999993,-549.9999999999993,-549.9999999999993
44.763,0.25,5.72304754154373e-20,-1.011201927501801e-20,0.04099942866928528,5.907350849298922e-19,2.7241822099949167e-18,-1.3257389876278937e-19,1.0,13922.991628422633,13922.991628422633,-13922.991628422633,-13922.991628422633,549.9999999999993,549.9999999999993,-549.9999999999993,-549.9999999999993
44.783,0.25,5.72304754154373e-20,-1.011201927501801e-20,0.04099942866928528,5.907350849298922e-19,2.7241822099949167e-18,-1.3257389876278937e-19,1.0,13933.991628422618,13933.991628422618,-13933.991628422618,-13933.991628422618,549.9999999999993,549.9999999999993,-549.9999999999993,-549.9999999999993
44.803,0.25,5.72304754154373e-20,-1.011201927501801e-20,0.04099942866928528,5.907350849298922e-19,2.7241822099949167e-18,-1.3257389876278937e-19,1.0,13944.991628422604,13944.991628422604,-13944.991628422604,-13944.991628422604,549.9999999999993,549.9999999999993,-549.9999999999993,-549.9999999999993
44.823,0.25,5.72304754154373e-20,-1.011201927501801e-20,0.04099942866928528,5.907350849298922e-19,2.7241822099949167e-18,-1.3257389876278937e-19,1.0,13955.99162842259,13955.99162842259,-13955.99162842259,-13955.99162842259,549.9999999999993,549.9999999999993,-549.9999999999993,-549.9999999999993
44.843,0.25,5.72304754154373e-20,-1.011201927501801e-20,0.04099942866928528,5.907350849298922e-19,2.7241822099949167e-18,-1.3257389876278937e-19,1.0,13966.991628422575,13966.991628422575,-13966.991628422575,-13966.991628422575,549.9999999999993,549.9999999999993,-549.9999999999993,-549.9999999999993
44.863,0.25,5.72304754154373e-20,-1.011201927501801e-20,0.04099942866928528,5.907350849298922e-19,2.7241822099949167e-18,-1.3257389876278937e-19,1.0,13977.99162842256,13977.99162842256,-13977.99162842256,-13977.99162842256,549.9999999999993,549.9999999999993,-549.9999999999993,-549.9999999999993
44.883,0.25,5.72304754154373e-20,-1.011201927501801e-20,0.04099942866928528,5.907350849298922e-19,2.7241822099949167e-18,-1.3257389876278937e-19,1.0,13988.991628422546,13988.991628422546,-13988.991628422546,-13988.991628422546,549.9999999999993,549.9999999999993,-549.9999999999993,-549.9999999999993
44.903,0.25,5.72304754154373e-20,-1.011201927501801e-20,0.04099942866928528,5.907350849298922e-19,2.7241822099949167e-18,-1.3257389876278937e-19,1.0,13999.991628422531,13999.991628422531,-13999.991628422531,-13999.991628422531,549.9999999999993,549.9999999999993,-549.9999999999993,-549.9999999999993
44.923,0.25,5.72304754154373e-20,-1.011201927501801e-20,0.04099942866928528,5.907350849298922e-19,2.7241822099949167e-18,-1.3257389876278937e-19,1.0,14010.991628422516,14010.991628422516,-14010.991628422516,-14010.991628422516,549.9999999999993,549.9999999999993,-549.9999999999993,-549.9999999999993
44.943,0.25,5.72304754154373e-20,-1.011201927501801e-20,0.04099942866928528,5.907350849298922e-19,2.7241822099949167e-18,-1.3257389876278937e-19,1.0,14021.991628422502,14021.991628422502,-14021.991628422502,-14021.991628422502,549.9999999999993,549.9999999999993,-549.9999999999993,-549.9999999999993
44.963,0.25,5.72304754154373e-20,-1.011201927501801e-20,0.04099942866928528,5.907350849298922e-19,2.7241822099949167e-18,-1.3257389876278937e-19,1.0,14032.991628422487,14032.991628422487,-14032.991628422487,-14032.991628422487,549.9999999999993,549.9999999999993,-549.9999999999993,-549.9999999999993
44.983,0.25,5.72304754154373e-20,-1.011201927501801e-20,0.04099942866928528,5.907350849298922e-19,2.7241822099949167e-18,-1.3257389876278937e-19,1.0,14043.991628422473,14043.991628422473,-14043.991628422473,-14043.991628422473,549.9999999999993,549.9999999999993,-549.9999999999993,-549.9999999999993
45.003,0.25,5.72304754154373e-20,-1.011201927501801e-20,0.04099942866928528,5.907350849298922e-19,2.7241822099949167e-18,-1.3257389876278937e-19,1.0,14054.991628422458,14054.991628422458,-14054.991628422458,-14054.991628422458,549.9999999999993,549.9999999999993,-549.9999999999993,-549.9999999999993
45.023,0.25,5.72304754154373e-20,-1.011201927501801e-20,0.04099942866928528,5.907350849298922e-19,2.7241822099949167e-18,-1.3257389876278937e-19,1.0,14065.991628422444,14065.991628422444,-14065.991628422444,-14065.991628422444,549.9999999999993,549.9999999999993,-549.9999999999993,-549.9999999999993
45.043,0.25,5.72304754154373e-20,-1.011201927501801e-20,0.04099942866928528,5.907350849298922e-19,2.7241822099949167e-18,-1.3257389876278937e-19,1.0,14076.99162842243,14076.99162842243,-14076.99162842243,-14076.99162842243,549.9999999999993,549.9999999999993,-549.9999999999993,-549.9999999999993
45.063,0.25,5.72304754154373e-20,-1.011201927501801e-20,0.04099942866928528,5.907350849298922e-19,2.7241822099949167e-18,-1.3257389876278937e-19,1.0,14087.991628422415,14087.991628422415,-14087.991628422415,-14087.991628422415,549.9999999999993,549.9999999999993,-549.9999999999993,-549.9999999999993
45.083,0.25,5.72304754154373e-20,-1.011201927501801e-20,0.04099942866928528,5.907350849298922e-19,2.7241822099949167e-18,-1.3257389876278937e-19,1.0,14098.9916284224,14098.9916284224,-14098.9916284224,-14098.9916284224,549.9999999999993,549.9999999999993,-549.9999999999993,-549.9999999999993
45.103,0.25,5.72304754154373e-20,-1.011201927501801e-20,0.04099942866928528,5.907350849298922e-19,2.7241822099949167e-18,-1.3257389876278937e-19,1.0,14109.991628422385,14109.991628422385,-14109.991628422385,-14109.991628422385,549.9999999999993,549.9999999999993,-549.9999999999993,-549.9999999999993
45.123,0.25,5.72304754154373e-20,-1.011201927501801e-20,0.04099942866928528,5.907350849298922e-19,2.7241822099949167e-18,-1.3257389876278937e-19,1.0,14120.991628422371,14120.991628422371,-14120.991628422371,-14120.991628422371,549.9999999999993,549.9999999999993,-549.9999999999993,-549.9999999999993
45.143,0.25,5.72304754154373e-20,-1.011201927501801e-20,0.04099942866928528,5.907350849298922e-19,2.7241822099949167e-18,-1.3257389876278937e-19,1.0,14131.991628422356,14131.991628422356,-14131.991628422356,-14131.991628422356,549.9999999999993,549.9999999999993,-549.9999999999993,-549.9999999999993
45.163,0.25,5.72304754154373e-20,-1.011201927501801e-20,0.04099942866928528,5.907350849298922e-19,2.7241822099949167e-18,-1.3257389876278937e-19,1.0,14142.991628422342,14142.991628422342,-14142.991628422342,-14142.991628422342,549.9999999999993,549.9999999999993,-549.9999999999993,-549.9999999999993
45.183,0.25,5.72304754154373e-20,-1.011201927501801e-20,0.04099942866928528,5.907350849298922e-19,2.7241822099949167e-18,-1.3257389876278937e-19,1.0,14153.991628422327,14153.991628422327,-14153.991628422327,-14153.991628422327,549.9999999999993,549.9999999999993,-549.9999999999993,-549.9999999999993
45.203,0.25,5.72304754154373e-20,-1.011201927501801e-20,0.04099942866928528,5.907350849298922e-19,2.7241822099949167e-18,-1.3257389876278937e-19,1.0,14164.991628422313,14164.991628422313,-14164.991628422313,-14164.991628422313,549.9999999999993,549.9999999999993,-549.9999999999993,-549.9999999999993
45.223,0.25,5.72304754154373e-20,-1.011201927501801e-20,0.04099942866928528,5.907350849298922e-19,2.7241822099949167e-18,-1.3257389876278937e-19,1.0,14175.991628422298,14175.991628422298,-14175.991628422298,-14175.991628422298,549.9999999999993,549.9999999999993,-549.9999999999993,-549.9999999999993
45.243,0.25,5.72304754154373e-20,-1.011201927501801e-20,0.04099942866928528,5.907350849298922e-19,2.7241822099949167e-18,-1.3257389876278937e-19,1.0,14186.991628422284,14186.991628422284,-14186.991628422284,-14186.991628422284,549.9999999999993,549.9999999999993,-549.9999999999993,-549.9999999999993
45.263,0.25,5.72304754154373e-20,-1.011201927501801e-20,0.04099942866928528,5.907350849298922e-19,2.7241822099949167e-18,-1.3257389876278937e-19,1.0,14197.991628422269,14197.991628422269,-14197.991628422269,-14197.991628422269,549.9999999999993,549.9999999999993,-549.9999999999993,-549.9999999999993
45.283,0.25,5.72304754154373e-20,-1.011201927501801e-20,0.04099942866928528,5.907350849298922e-19,2.7241822099949167e-18,-1.3257389876278937e-19,1.0,14208.991628422255,14208.991628422255,-14208.991628422255,-14208.991628422255,549.9999999999993,549.9999999999993,-549.9999999999993,-549.9999999999993
45.303,0.25,5.72304754154373e-20,-1.011201927501801e-20,0.04099942866928528,5.907350849298922e-19,2.7241822099949167e-18,-1.3257389876278937e-19,1.0,14219.99162842224,14219.99162842224,-14219.99162842224,-14219.99162842224,549.9999999999993,549.9999999999993,-549.9999999999993,-549.9999999999993
45.323,0.25,5.72304754154373e-20,-1.011201927501801e-20,0.04099942866928528,5.907350849298922e-19,2.7241822099949167e-18,-1.3257389876278937e-19,1.0,14230.991628422225,14230.991628422225,-14230.991628422225,-14230.991628422225,549.9999999999993,549.9999999999993,-549.9999999999993,-549.9999999999993
45.343,0.25,5.72304754154373e-20,-1.011201927501801e-20,0.04099942866928528,5.907350849298922e-19,2.7241822099949167e-18,-1.3257389876278937e-19,1.0,14241.99162842221,14241.99162842221,-14241.99162842221,-14241.99162842221,549.9999999999993,549.9999999999993,-549.9999999999993,-549.9999999999993
45.363,0.25,5.72304754154373e-20,-1.011201927501801e-20,0.04099942866928528,5.907350849298922e-19,2.7241822099949167e-18,-1.3257389876278937e-19,1.0,14252.991628422196,14252.991628422196,-14252.991628422196,-14252.991628422196,549.9999999999993,549.9999999999993,-549.9999999999993,-549.9999999999993
45.383,0.25,5.72304754154373e-20,-1.011201927501801e-20,0.04099942866928528,5.907350849298922e-19,2.7241822099949167e-18,-1.3257389876278937e-19,1.0,14263.991628422182,14263.991628422182,-14263.991628422182,-14263.991628422182,549.9999999999993,549.9999999999993,-549.9999999999993,-549.9999999999993
45.403,0.25,5.72304754154373e-20,-1.011201927501801e-20,0.04099942866928528,5.907350849298922e-19,2.7241822099949167e-18,-1.3257389876278937e-19,1.0,14274.991628422167,14274.991628422167,-14274.991628422167,-14274.991628422167,549.9999999999993,549.9999999999993,-549.9999999999993,-549.9999999999993
45.423,0.25,5.72304754154373e-20,-1.011201927501801e-20,0.04099942866928528,5.907350849298922e-19,2.7241822099949167e-18,-1.3257389876278937e-19,1.0,14285.991628422153,14285.991628422153,-14285.991628422153,-14285.991628422153,549.9999999999993,549.9999999999993,-549.9999999999993,-549.9999999999993
45.443,0.25,5.72304754154373e-20,-1.011201927501801e-20,0.04099942866928528,5.907350849298922e-19,2.7241822099949167e-18,-1.3257389876278937e-19,1.0,14296.991628422138,14296.991628422138,-14296.991628422138,-14296.991628422138,549.9999999999993,549.9999999999993,-549.9999999999993,-549.9999999999993
45.463,0.25,5.72304754154373e-20,-1.011201927501801e-20,0.04099942866928528,5.907350849298922e-19,2.7241822099949167e-18,-1.3257389876278937e-19,1.0,14307.991628422124,14307.991628422124,-14307.991628422124,-14307.991628422124,549.9999999999993,549.9999999999993,-549.9999999999993,-549.9999999999993
45.483,0.25,5.72304754154373e-20,-1.011201927501801e-20,0.04099942866928528,5.907350849298922e-19,2.7241822099949167e-18,-1.3257389876278937e-19,1.0,14318.991628422109,14318.991628422109,-14318.991628422109,-14318.991628422109,549.9999999999993,549.9999999999993,-549.9999999999993,-549.9999999999993
45.503,0.25,5.72304754154373e-20,-1.011201927501801e-20,0.04099942866928528,5.907350849298922e-19,2.7241822099949167e-18,-1.3257389876278937e-19,1.0,14329.991628422094,14329.991628422094,-14329.991628422094,-14329.991628422094,549.9999999999993,549.9999999999993,-549.9999999999993,-549.9999999999993
45.523,0.25,5.72304754154373e-20,-1.011201927501801e-20,0.04099942866928528,5.907350849298922e-19,2.7241822099949167e-18,-1.3257389876278937e-19,1.0,14340.99162842208,14340.99162842208,-14340.99162842208,-14340.99162842208,549.9999999999993,549.9999999999993,-549.9999999999993,-549.9999999999993
45.543,0.25,5.72304754154373e-20,-1.011201927501801e-20,0.04099942866928528,5.907350849298922e-19,2.7241822099949167e-18,-1.3257389876278937e-19,1.0,14351.991628422065,14351.991628422065,-14351.991628422065,-14351.991628422065,549.9999999999993,549.9999999999993,-549.9999999999993,-549.9999999999993
45.564,0.25,5.72304754154373e-20,-1.011201927501801e-20,0.04099942866928528,5.907350849298922e-19,2.7241822099949167e-18,-1.3257389876278937e-19,1.0,14362.99162842205,14362.99162842205,-14362.99162842205,-14362.99162842205,549.9999999999993,549.9999999999993,-549.9999999999993,-549.9999999999993
45.583,0.25,5.72304754154373e-20,-1.011201927501801e-20,0.04099942866928528,5.907350849298922e-19,2.7241822099949167e-18,-1.3257389876278937e-19,1.0,14373.991628422036,14373.991628422036,-14373.991628422036,-14373.991628422036,549.9999999999993,549.9999999999993,-549.9999999999993,-549.9999999999993
45.603,0.24819999999999992,5.72304754154373e-20,-1.011201927501801e-20,0.04099942866928528,5.907350849298922e-19,2.7241822099949167e-18,-1.3257389876278937e-19,1.0,14384.991628422022,14384.991628422022,-14384.991628422022,-14384.991628422022,549.9999999999993,549.9999999999993,-549.9999999999993,-549.9999999999993
45.623,0.24819999999999992,5.72304754154373e-20,-1.011201927501801e-20,0.04099942866928528,5.907350849298922e-19,2.7241822099949167e-18,-1.3257389876278937e-19,1.0,14395.991628422007,14395.991628422007,-14395.991628422007,-14395.991628422007,549.9999999999993,549.9999999999993,-549.9999999999993,-549.9999999999993
45.643,0.24819999999999992,5.72304754154373e-20,-1.011201927501801e-20,0.04099942866928528,5.907350849298922e-19,2.7241822099949167e-18,-1.3257389876278937e-19,1.0,14406.991628421993,14406.991628421993,-14406.991628421993,-14406.991628421993,549.9999999999993,549.9999999999993,-549.9999999999993,-549.9999999999993
45.663,0.24570000000000008,5.72304754154373e-20,-1.011201927501801e-20,0.04099942866928528,5.907350849298922e-19,2.7241822099949167e-18,-1.3257389876278937e-19,1.0,14417.991628421978,14417.991628421978,-14417.991628421978,-14417.991628421978,549.9999999999993,549.9999999999993,-549.9999999999993,-549.9999999999993
45.683,0.24570000000000008,5.72304754154373e-20,-1.011201927501801e-20,0.04099942866928528,5.907350849298922e-19,2.7241822099949167e-18,-1.3257389876278937e-19,1.0,14428.991628421963,14428.991628421963,-14428.991628421963,-14428.991628421963,549.9999999999993,549.9999999999993,-549.9999999999993,-549.9999999999993
45.703,0.24319999999999986,5.72304754154373e-20,-1.011201927501801e-20,0.04099942866928528,5.907350849298922e-19,2.7241822099949167e-18,-1.3257389876278937e-19,1.0,14439.991628421949,14439.991628421949,-14439.991628421949,-14439.991628421949,549.9999999999993,549.9999999999993,-549.9999999999993,-549.9999999999993
45.723,0.24319999999999986,5.72304754154373e-20,-1.011201927501801e-20,0.04099942866928528,5.907350849298922e-19,2.7241822099949167e-18,-1.3257389876278937e-19,1.0,14450.991628421934,14450.991628421934,-14450.991628421934,-14450.991628421934,549.9999999999993,549.9999999999993,-549.9999999999993,-549.9999999999993
45.743,0.24319999999999986,5.72304754154373e-20,-1.011201927501801e-20,0.04099942866928528,5.907350849298922e-19,2.7241822099949167e-18,-1.3257389876278937e-19,1.0,14461.99162842192,14461.99162842192,-14461.99162842192,-14461.99162842192,549.9999999999993,549.9999999999993,-549.9999999999993,-549.9999999999993
45.763,0.2407,5.72304754154373e-20,-1.011201927501801e-20,0.04099942866928528,5.907350849298922e-19,2.7241822099949167e-18,-1.3257389876278937e-19,1.0,14472.991628421905,14472.991628421905,-14472.991628421905,-14472.991628421905,549.9999999999993,549.9999999999993,-549.9999999999993,-549.9999999999993
45.783,0.2407,5.72304754154373e-20,-1.011201927501801e-20,0.04099942866928528,5.907350849298922e-19,2.7241822099949167e-18,-1.3257389876278937e-19,1.0,14483.99162842189,14483.99162842189,-14483.99162842189,-14483.99162842189,549.9999999999993,549.9999999999993,-549.9999999999993,-549.9999999999993
45.803,0.23820000000000013,5.72304754154373e-20,-1.011201927501801e-20,0.04099942866928528,5.907350849298922e-19,2.7241822099949167e-18,-1.3257389876278937e-19,1.0,14494.991628421876,14494.991628421876,-14494.991628421876,-14494.991628421876,549.9999999999993,549.9999999999993,-549.9999999999993,-549.9999999999993
45.823,0.23820000000000013,5.72304754154373e-20,-1.011201927501801e-20,0.04099942866928528,5.907350849298922e-19,2.7241822099949167e-18,-1.3257389876278937e-19,1.0,14505.991628421862,14505.991628421862,-14505.991628421862,-14505.991628421862,549.9999999999993,549.9999999999993,-549.9999999999993,-549.9999999999993
45.843,0.23820000000000013,5.72304754154373e-20,-1.011201927501801e-20,0.04099942866928528,5.907350849298922e-19,2.7241822099949167e-18,-1.3257389876278937e-19,1.0,14516.991628421847,14516.991628421847,-14516.991628421847,-14516.991628421847,549.9999999999993,549.9999999999993,-549.9999999999993,-549.9999999999993
45.863,0.23569999999999994,5.72304754154373e-20,-1.011201927501801e-20,0.04099942866928528,5.907350849298922e-19,2.7241822099949167e-18,-1.3257389876278937e-19,1.0,14527.991628421833,14527.991628421833,-14527.991628421833,-14527.991628421833,549.9999999999993,549.9999999999993,-549.9999999999993,-549.9999999999993
45.883,0.23569999999999994,5.72304754154373e-20,-1.011201927501801e-20,0.04099942866928528,5.907350849298922e-19,2.7241822099949167e-18,-1.3257389876278937e-19,1.0,14538.991628421818,14538.991628421818,-14538.991628421818,-14538.991628421818,549.9999999999993,549.9999999999993,-549.9999999999993,-549.9999999999993
45.903,0.23320000000000007,5.72304754154373e-20,-1.011201927501801e-20,0.04099942866928528,5.907350849298922e-19,2.7241822099949167e-18,-1.3257389876278937e-19,1.0,14549.991628421803,14549.991628421803,-14549.991628421803,-14549.991628421803,549.9999999999993,549.9999999999993,-549.9999999999993,-549.9999999999993
45.923,0.23320000000000007,5.72304754154373e-20,-1.011201927501801e-20,0.04099942866928528,5.907350849298922e-19,2.7241822099949167e-18,-1.3257389876278937e-19,1.0,14560.991628421789,14560.991628421789,-14560.991628421789,-14560.991628421789,549.9999999999993,549.9999999999993,-549.9999999999993,-549.9999999999993
45.943,0.23320000000000007,5.72304754154373e-20,-1.011201927501801e-20,0.04099942866928528,5.907350849298922e-19,2.7241822099949167e-18,-1.3257389876278937e-19,1.0,14571.991628421774,14571.991628421774,-14571.991628421774,-14571.991628421774,549.9999999999993,549.9999999999993,-549.9999999999993,-549.9999999999993
45.963,0.23069999999999985,5.72304754154373e-20,-1.011201927501801e-20,0.04099942866928528,5.907350849298922e-19,2.7241822099949167e-18,-1.3257389876278937e-19,1.0,14582.99162842176,14582.99162842176,-14582.99162842176,-14582.99162842176,549.9999999999993,549.9999999999993,-549.9999999999993,-549.9999999999993
45.983,0.23069999999999985,5.72304754154373e-20,-1.011201927501801e-20,0.04099942866928528,5.907350849298922e-19,2.7241822099949167e-18,-1.3257389876278937e-19,1.0,14593.991628421745,14593.991628421745,-14593.991628421745,-14593.991628421745,549.9999999999993,549.9999999999993,-549.9999999999993,-549.9999999999993
46.003,0.22820000000000001,5.72304754154373e-20,-1.011201927501801e-20,0.04099942866928528,5.907350849298922e-19,2.7241822099949167e-18,-1.3257389876278937e-19,1.0,14604.99162842173,14604.99162842173,-14604.99162842173,-14604.99162842173,549.9999999999993,549.9999999999993,-549.9999999999993,-549.9999999999993
46.023,0.22820000000000001,5.72304754154373e-20,-1.011201927501801e-20,0.04099942866928528,5.907350849298922e-19,2.7241822099949167e-18,-1.3257389876278937e-19,1.0,14615.991628421716,14615.991628421716,-14615.991628421716,-14615.991628421716,549.9999999999993,549.9999999999993,-549.9999999999993,-549.9999999999993
46.043,0.22820000000000001,5.72304754154373e-20,-1.011201927501801e-20,0.04099942866928528,5.907350849298922e-19,2.7241822099949167e-18,-1.3257389876278937e-19,1.0,14626.991628421702,14626.991628421702,-14626.991628421702,-14626.991628421702,549.9999999999993,549.9999999999993,-549.9999999999993,-549.9999999999993
46.063,0.22570000000000015,5.72304754154373e-20,-1.011201927501801e-20,0.04099942866928528,5.907350849298922e-19,2.7241822099949167e-18,-1.3257389876278937e-19,1.0,14637.991628421687,14637.991628421687,-14637.991628421687,-14637.991628421687,549.9999999999993,549.9999999999993,-549.9999999999993,-549.9999999999993
46.083,0.22570000000000015,5.72304754154373e-20,-1.011201927501801e-20,0.04099942866928528,5.907350849298922e-19,2.7241822099949167e-18,-1.3257389876278937e-19,1.0,14648.991628421672,14648.991628421672,-14648.991628421672,-14648.991628421672,549.9999999999993,549.9999999999993,-549.9999999999993,-549.9999999999993
46.103,0.22319999999999993,5.72304754154373e-20,-1.011201927501801e-20,0.04099942866928528,5.907350849298922e-19,2.7241822099949167e-18,-1.3257389876278937e-19,1.0,14659.991628421658,14659.991628421658,-14659.991628421658,-14659.991628421658,549.9999999999993,549.9999999999993,-549.9999999999993,-549.9999999999993
46.123,0.22319999999999993,5.72304754154373e-20,-1.011201927501801e-20,0.04099942866928528,5.907350849298922e-19,2.7241822099949167e-18,-1.3257389876278937e-19,1.0,14670.991628421643,14670.991628421643,-14670.991628421643,-14670.991628421643,549.9999999999993,549.9999999999993,-549.9999999999993,-549.9999999999993
46.143,0.22319999999999993,5.72304754154373e-20,-1.011201927501801e-20,0.04099942866928528,5.907350849298922e-19,2.7241822099949167e-18,-1.3257389876278937e-19,1.0,14681.991628421629,14681.991628421629,-14681.991628421629,-14681.991628421629,549.9999999999993,549.9999999999993,-549.9999999999993,-549.9999999999993
46.163,0.22070000000000006,5.72304754154373e-20,-1.011201927501801e-20,0.04099942866928528,5.907350849298922e-19,2.7241822099949167e-18,-1.3257389876278937e-19,1.0,14692.991628421614,14692.991628421614,-14692.991628421614,-14692.991628421614,549.9999999999993,549.9999999999993,-549.9999999999993,-549.9999999999993
46.183,0.22070000000000006,5.72304754154373e-20,-1.011201927501801e-20,0.04099942866928528,5.907350849298922e-19,2.7241822099949167e-18,-1.3257389876278937e-19,1.0,14703.9916284216,14703.9916284216,-14703.9916284216,-14703.9916284216,549.9999999999993,549.9999999999993,-549.9999999999993,-549.9999999999993
46.203,0.21819999999999987,5.72304754154373e-20,-1.011201927501801e-20,0.04099942866928528,5.907350849298922e-19,2.7241822099949167e-18,-1.3257389876278937e-19,1.0,14714.991628421585,14714.991628421585,-14714.991628421585,-14714.991628421585,549.9999999999993,549.9999999999993,-549.9999999999993,-549.9999999999993
46.223,0.21819999999999987,5.72304754154373e-20,-1.011201927501801e-20,0.04099942866928528,5.907350849298922e-19,2.7241822099949167e-18,-1.3257389876278937e-19,1.0,14725.99162842157,14725.99162842157,-14725.99162842157,-14725.99162842157,549.9999999999993,549.9999999999993,-549.9999999999993,-549.9999999999993
46.244,0.21819999999999987,5.72304754154373e-20,-1.011201927501801e-20,0.04099942866928528,5.907350849298922e-19,2.7241822099949167e-18,-1.3257389876278937e-19,1.0,14736.991628421556,14736.991628421556,-14736.991628421556,-14736.991628421556,549.9999999999993,549.9999999999993,-549.9999999999993,-549.9999999999993
46.263,0.2157,5.72304754154373e-20,-1.011201927501801e-20,0.04099942866928528,5.907350849298922e-19,2.7241822099949167e-18,-1.3257389876278937e-19,1.0,14747.991628421541,14747.991628421541,-14747.991628421541,-14747.991628421541,549.9999999999993,549.9999999999993,-549.9999999999993,-549.9999999999993
46.283,0.2157,5.72304754154373e-20,-1.011201927501801e-20,0.04099942866928528,5.907350849298922e-19,2.7241822099949167e-18,-1.3257389876278937e-19,1.0,14758.991628421527,14758.991628421527,-14758.991628421527,-14758.991628421527,549.9999999999993,549.9999999999993,-549.9999999999993,-549.9999999999993
46.303,0.21320000000000014,5.72304754154373e-20,-1.011201927501801e-20,0.04099942866928528,5.907350849298922e-19,2.7241822099949167e-18,-1.3257389876278937e-19,1.0,14769.991628421512,14769.991628421512,-14769.991628421512,-14769.991628421512,549.9999999999993,549.9999999999993,-549.9999999999993,-549.9999999999993
46.324,0.21320000000000014,5.72304754154373e-20,-1.011201927501801e-20,0.04099942866928528,5.907350849298922e-19,2.7241822099949167e-18,-1.3257389876278937e-19,1.0,14780.991628421498,14780.991628421498,-14780.991628421498,-14780.991628421498,549.9999999999993,549.9999999999993,-549.9999999999993,-549.9999999999993
46.343,0.21320000000000014,5.72304754154373e-20,-1.011201927501801e-20,0.04099942866928528,5.907350849298922e-19,2.7241822099949167e-18,-1.3257389876278937e-19,1.0,14791.991628421483,14791.991628421483,-14791.991628421483,-14791.991628421483,549.9999999999993,549.9999999999993,-549.9999999999993,-549.9999999999993
46.363,0.21069999999999994,5.72304754154373e-20,-1.011201927501801e-20,0.04099942866928528,5.907350849298922e-19,2.7241822099949167e-18,-1.3257389876278937e-19,1.0,14802.991628421469,14802.991628421469,-14802.991628421469,-14802.991628421469,549.9999999999993,549.9999999999993,-549.9999999999993,-549.9999999999993
46.383,0.21069999999999994,5.72304754154373e-20,-1.011201927501801e-20,0.04099942866928528,5.907350849298922e-19,2.7241822099949167e-18,-1.3257389876278937e-19,1.0,14813.991628421454,14813.991628421454,-14813.991628421454,-14813.991628421454,549.9999999999993,549.9999999999993,-549.9999999999993,-549.9999999999993
46.403,0.20820000000000008,5.72304754154373e-20,-1.011201927501801e-20,0.04099942866928528,5.907350849298922e-19,2.7241822099949167e-18,-1.3257389876278937e-19,1.0,14824.99162842144,14824.99162842144,-14824.99162842144,-14824.99162842144,549.9999999999993,549.9999999999993,-549.9999999999993,-549.9999999999993
46.423,0.20820000000000008,5.72304754154373e-20,-1.011201927501801e-20,0.04099942866928528,5.907350849298922e-19,2.7241822099949167e-18,-1.3257389876278937e-19,1.0,14835.991628421425,14835.991628421425,-14835.991628421425,-14835.991628421425,549.9999999999993,549.9999999999993,-549.9999999999993,-549.9999999999993
46.443,0.20820000000000008,5.72304754154373e-20,-1.011201927501801e-20,0.04099942866928528,5.907350849298922e-19,2.7241822099949167e-18,-1.3257389876278937e-19,1.0,14846.99162842141,14846.99162842141,-14846.99162842141,-14846.99162842141,549.9999999999993,549.9999999999993,-549.9999999999993,-549.9999999999993
46.463,0.20569999999999986,5.72304754154373e-20,-1.011201927501801e-20,0.04099942866928528,5.907350849298922e-19,2.7241822099949167e-18,-1.3257389876278937e-19,1.0,14857.991628421396,14857.991628421396,-14857.991628421396,-14857.991628421396,549.9999999999993,549.9999999999993,-549.9999999999993,-549.9999999999993
46.483,0.20569999999999986,5.72304754154373e-20,-1.011201927501801e-20,0.04099942866928528,5.907350849298922e-19,2.7241822099949167e-18,-1.3257389876278937e-19,1.0,14868.991628421381,14868.991628421381,-14868.991628421381,-14868.991628421381,549.9999999999993,549.9999999999993,-549.9999999999993,-549.9999999999993
46.503,0.2032,5.72304754154373e-20,-1.011201927501801e-20,0.04099942866928528,5.907350849298922e-19,2.7241822099949167e-18,-1.3257389876278937e-19,1.0,14879.991628421367,14879.991628421367,-14879.991628421367,-14879.991628421367,549.9999999999993,549.9999999999993,-549.9999999999993,-549.9999999999993
46.523,0.2032,5.72304754154373e-20,-1.011201927501801e-20,0.04099942866928528,5.907350849298922e-19,2.7241822099949167e-18,-1.3257389876278937e-19,1.0,14890.991628421352,14890.991628421352,-14890.991628421352,-14890.991628421352,549.9999999999993,549.9999999999993,-549.9999999999993,-549.9999999999993
46.543,0.2032,5.72304754154373e-20,-1.011201927501801e-20,0.04099942866928528,5.907350849298922e-19,2.7241822099949167e-18,-1.3257389876278937e-19,1.0,14901.991628421338,14901.991628421338,-14901.991628421338,-14901.991628421338,549.9999999999993,549.9999999999993,-549.9999999999993,-549.9999999999993
46.563,0.20070000000000016,5.72304754154373e-20,-1.011201927501801e-20,0.04099942866928528,5.907350849298922e-19,2.7241822099949167e-18,-1.3257389876278937e-19,1.0,14912.991628421323,14912.991628421323,-14912.991628421323,-14912.991628421323,549.9999999999993,549.9999999999993,-549.9999999999993,-549.9999999999993
46.583,0.20070000000000016,5.72304754154373e-20,-1.011201927501801e-20,0.04099942866928528,5.907350849298922e-19,2.7241822099949167e-18,-1.3257389876278937e-19,1.0,14923.991628421309,14923.991628421309,-14923.991628421309,-14923.991628421309,549.9999999999993,549.9999999999993,-549.9999999999993,-549.9999999999993
46.603,0.19819999999999993,5.72304754154373e-20,-1.011201927501801e-20,0.04099942866928528,5.907350849298922e-19,2.7241822099949167e-18,-1.3257389876278937e-19,1.0,14934.991628421294,14934.991628421294,-14934.991628421294,-14934.991628421294,549.9999999999993,549.9999999999993,-549.9999999999993,-549.9999999999993
46.623,0.19819999999999993,5.72304754154373e-20,-1.011201927501801e-20,0.04099942866928528,5.907350849298922e-19,2.7241822099949167e-18,-1.3257389876278937e-19,1.0,14945.99162842128,14945.99162842128,-14945.99162842128,-14945.99162842128,549.9999999999993,549.9999999999993,-549.9999999999993,-549.9999999999993
46.643,0.19819999999999993,5.72304754154373e-20,-1.011201927501801e-20,0.04099942866928528,5.907350849298922e-19,2.7241822099949167e-18,-1.3257389876278937e-19,1.0,14956.991628421265,14956.991628421265,-14956.991628421265,-14956.991628421265,549.9999999999993,549.9999999999993,-549.9999999999993,-549.9999999999993
46.663,0.19570000000000007,5.72304754154373e-20,-1.011201927501801e-20,0.04099942866928528,5.907350849298922e-19,2.7241822099949167e-18,-1.3257389876278937e-19,1.0,14967.99162842125,14967.99162842125,-14967.99162842125,-14967.99162842125,549.9999999999993,549.9999999999993,-549.9999999999993,-549.9999999999993
46.683,0.19570000000000007,5.72304754154373e-20,-1.011201927501801e-20,0.04099942866928528,5.907350849298922e-19,2.7241822099949167e-18,-1.3257389876278937e-19,1.0,14978.991628421236,14978.991628421236,-14978.991628421236,-14978.991628421236,549.9999999999993,549.9999999999993,-549.9999999999993,-549.9999999999993
46.703,0.19319999999999987,5.72304754154373e-20,-1.011201927501801e-20,0.04099942866928528,5.907350849298922e-19,2.7241822099949167e-18,-1.3257389876278937e-19,1.0,14989.991628421221,14989.991628421221,-14989.991628421221,-14989.991628421221,549.9999999999993,549.9999999999993,-549.9999999999993,-549.9999999999993
46.723,0.19319999999999987,5.72304754154373e-20,-1.011201927501801e-20,0.04099942866928528,5.907350849298922e-19,2.7241822099949167e-18,-1.3257389876278937e-19,1.0,15000.991628421207,15000.991628421207,-15000.991628421207,-15000.991628421207,549.9999999999993,549.9999999999993,-549.9999999999993,-549.9999999999993
46.743,0.19319999999999987,5.72304754154373e-20,-1.011201927501801e-20,0.04099942866928528,5.907350849298922e-19,2.7241822099949167e-18,-1.3257389876278937e-19,1.0,15011.991628421192,15011.991628421192,-15011.991628421192,-15011.991628421192,549.9999999999993,549.9999999999993,-549.9999999999993,-549.9999999999993
46.763,0.1907,5.72304754154373e-20,-1.011201927501801e-20,0.04099942866928528,5.907350849298922e-19,2.7241822099949167e-18,-1.3257389876278937e-19,1.0,15022.991628421178,15022.991628421178,-15022.991628421178,-15022.991628421178,549.9999999999993,549.9999999999993,-549.9999999999993,-549.9999999999993
46.783,0.1907,5.72304754154373e-20,-1.011201927501801e-20,0.04099942866928528,5.907350849298922e-19,2.7241822099949167e-18,-1.3257389876278937e-19,1.0,15033.991628421163,15033.991628421163,-15033.991628421163,-15033.991628421163,549.9999999999993,549.9999999999993,-549.9999999999993,-549.9999999999993
46.804,0.18820000000000014,5.72304754154373e-20,-1.011201927501801e-20,0.04099942866928528,5.907350849298922e-19,2.7241822099949167e-18,-1.3257389876278937e-19,1.0,15044.991628421149,15044.991628421149,-15044.991628421149,-15044.991628421149,549.9999999999993,549.9999999999993,-549.9999999999993,-549.9999999999993
46.823,0.18820000000000014,5.72304754154373e-20,-1.011201927501801e-20,0.04099942866928528,5.907350849298922e-19,2.7241822099949167e-18,-1.3257389876278937e-19,1.0,15055.991628421134,15055.991628421134,-15055.991628421134,-15055.991628421134,549.9999999999993,549.9999999999993,-549.9999999999993,-549.9999999999993
46.843,0.18820000000000014,5.72304754154373e-20,-1.011201927501801e-20,0.04099942866928528,5.907350849298922e-19,2.7241822099949167e-18,-1.3257389876278937e-19,1.0,15066.99162842112,15066.99162842112,-15066.99162842112,-15066.99162842112,549.9999999999993,549.9999999999993,-549.9999999999993,-549.9999999999993
46.863,0.18569999999999992,5.72304754154373e-20,-1.011201927501801e-20,0.04099942866928528,5.907350849298922e-19,2.7241822099949167e-18,-1.3257389876278937e-19,1.0,15077.991628421105,15077.991628421105,-15077.991628421105,-15077.991628421105,549.9999999999993,549.9999999999993,-549.9999999999993,-549.9999999999993
46.883,0.18569999999999992,5.72304754154373e-20,-1.011201927501801e-20,0.04099942866928528,5.907350849298922e-19,2.7241822099949167e-18,-1.3257389876278937e-19,1.0,15088.99162842109,15088.99162842109,-15088.99162842109,-15088.99162842109,549.9999999999993,549.9999999999993,-549.9999999999993,-549.9999999999993
46.903,0.18320000000000008,5.72304754154373e-20,-1.011201927501801e-20,0.04099942866928528,5.907350849298922e-19,2.7241822099949167e-18,-1.3257389876278937e-19,1.0,15099.991628421076,15099.991628421076,-15099.991628421076,-15099.991628421076,549.9999999999993,549.9999999999993,-549.9999999999993,-549.9999999999993
46.923,0.18320000000000008,5.72304754154373e-20,-1.011201927501801e-20,0.04099942866928528,5.907350849298922e-19,2.7241822099949167e-18,-1.3257389876278937e-19,1.0,15110.991628421061,15110.991628421061,-15110.991628421061,-15110.991628421061,549.9999999999993,549.9999999999993,-549.9999999999993,-549.9999999999993
46.943,0.18320000000000008,5.72304754154373e-20,-1.011201927501801e-20,0.04099942866928528,5.907350849298922e-19,2.7241822099949167e-18,-1.3257389876278937e-19,1.0,15121.991628421047,15121.991628421047,-15121.991628421047,-15121.991628421047,549.9999999999993,549.9999999999993,-549.9999999999993,-549.9999999999993
46.963,0.18069999999999986,5.72304754154373e-20,-1.011201927501801e-20,0.04099942866928528,5.907350849298922e-19,2.7241822099949167e-18,-1.3257389876278937e-19,1.0,15132.991628421032,15132.991628421032,-15132.991628421032,-15132.991628421032,549.9999999999993,549.9999999999993,-549.9999999999993,-549.9999999999993
46.983,0.18069999999999986,5.72304754154373e-20,-1.011201927501801e-20,0.04099942866928528,5.907350849298922e-19,2.7241822099949167e-18,-1.3257389876278937e-19,1.0,15143.991628421018,15143.991628421018,-15143.991628421018,-15143.991628421018,549.9999999999993,549.9999999999993,-549.9999999999993,-549.9999999999993
47.003,0.1782,5.72304754154373e-20,-1.011201927501801e-20,0.04099942866928528,5.907350849298922e-19,2.7241822099949167e-18,-1.3257389876278937e-19,1.0,15154.991628421003,15154.991628421003,-15154.991628421003,-15154.991628421003,549.9999999999993,549.9999999999993,-549.9999999999993,-549.9999999999993
47.023,0.1782,5.72304754154373e-20,-1.011201927501801e-20,0.04099942866928528,5.907350849298922e-19,2.7241822099949167e-18,-1.3257389876278937e-19,1.0,15165.991628420988,15165.991628420988,-15165.991628420988,-15165.991628420988,549.9999999999993,549.9999999999993,-549.9999999999993,-549.9999999999993
47.043,0.1782,5.72304754154373e-20,-1.011201927501801e-20,0.04099942866928528,5.907350849298922e-19,2.7241822099949167e-18,-1.3257389876278937e-19,1.0,15176.97610131171,15176.97610131171,-15176.97610131171,-15176.97610131171,543.8658199680748,543.8658199680748,-543.8658199680748,-543.8658199680748
47.063,0.17570000000000013,5.72304754154373e-20,-1.011201927501801e-20,0.04099942866928528,5.907350849298922e-19,2.7241822099949167e-18,-1.3257389876278937e-19,1.0,15187.593451287736,15187.593451287736,-15187.593451287736,-15187.593451287736,520.9163980635167,520.9163980635167,-520.9163980635167,-520.9163980635167
47.083,0.17570000000000013,5.72304754154373e-20,-1.011201927501801e-20,0.04099942866928528,5.907350849298922e-19,2.7241822099949167e-18,-1.3257389876278937e-19,1.0,15197.85410164276,15197.85410164276,-15197.85410164276,-15197.85410164276,506.99687005572133,506.99687005572133,-506.99687005572133,-506.99687005572133
47.103,0.17319999999999994,5.72304754154373e-20,-1.011201927501801e-20,0.04099942866928528,5.907350849298922e-19,2.7241822099949167e-18,-1.3257389876278937e-19,1.0,15207.898402741332,15207.898402741332,-15207.898402741332,-15207.898402741332,498.55424955026496,498.55424955026496,-498.55424955026496,-498.55424955026496
47.123,0.17319999999999994,5.72304754154373e-20,-1.011201927501801e-20,0.04099942866928528,5.907350849298922e-19,2.7241822099949167e-18,-1.3257389876278937e-19,1.0,15217.811481382661,15217.811481382661,-15217.811481382661,-15217.811481382661,493.4335413653871,493.4335413653871,-493.4335413653871,-493.4335413653871
47.143,0.17319999999999994,5.72304754154373e-20,-1.011201927501801e-20,0.04099942866928528,5.907350849298922e-19,2.7241822099949167e-18,-1.3257389876278937e-19,1.0,15227.644969580435,15227.644969580435,-15227.644969580435,-15227.644969580435,490.3276748518173,490.3276748518173,-490.3276748518173,-490.3276748518173
47.163,0.17070000000000007,5.72304754154373e-20,-1.011201927501801e-20,0.04099942866928528,5.907350849298922e-19,2.7241822099949167e-18,-1.3257389876278937e-19,1.0,15237.430183733974,15237.430183733974,-15237.430183733974,-15237.430183733974,488.4438715863625,488.4438715863625,-488.4438715863625,-488.4438715863625
47.183,0.17070000000000007,5.72304754154373e-20,-1.011201927501801e-20,0.04099942866928528,5.907350849298922e-19,2.7241822099949167e-18,-1.3257389876278937e-19,1.0,15247.186118199606,15247.186118199606,-15247.186118199606,-15247.186118199606,487.3012871489973,487.3012871489973,-487.3012871489973,-487.3012871489973
47.203,0.16819999999999985,5.72304754154373e-20,-1.011201927501801e-20,0.04099942866928528,5.907350849298922e-19,2.7241822099949167e-18,-1.3257389876278937e-19,1.0,15256.924293636825,15256.924293636825,-15256.924293636825,-15256.924293636825,486.60827465642484,486.60827465642484,-486.60827465642484,-486.60827465642484
47.223,0.16819999999999985,5.72304754154373e-20,-1.011201927501801e-20,0.04099942866928528,5.907350849298922e-19,2.7241822099949167e-18,-1.3257389876278937e-19,1.0,15266.651697678823,15266.651697678823,-15266.651697678823,-15266.651697678823,486.18794133211577,486.18794133211577,-486.18794133211577,-486.18794133211577
47.243,0.16819999999999985,5.72304754154373e-20,-1.011201927501801e-20,0.04099942866928528,5.907350849298922e-19,2.7241822099949167e-18,-1.3257389876278937e-19,1.0,15276.372568539364,15276.372568539364,-15276.372568539364,-15276.372568539364,485.93299628362337,485.93299628362337,-485.93299628362337,-485.93299628362337
47.263,0.16570000000000001,5.72304754154373e-20,-1.011201927501801e-20,0.04099942866928528,5.907350849298922e-19,2.7241822099949167e-18,-1.3257389876278937e-19,1.0,15286.089476825055,15286.089476825055,-15286.089476825055,-15286.089476825055,485.77836429517083,485.77836429517083,-485.77836429517083,-485.77836429517083
47.283,0.16570000000000001,5.72304754154373e-20,-1.011201927501801e-20,0.04099942866928528,5.907350849298922e-19,2.7241822099949167e-18,-1.3257389876278937e-19,1.0,15295.803981687606,15295.803981687606,-15295.803981687606,-15295.803981687606,485.68457525320196,485.68457525320196,-485.68457525320196,-485.68457525320196
47.303,0.16320000000000015,5.72304754154373e-20,-1.011201927501801e-20,0.04099942866928528,5.907350849298922e-19,2.7241822099949167e-18,-1.3257389876278937e-19,1.0,15305.517028800332,15305.517028800332,-15305.517028800332,-15305.517028800332,485.6276893237028,485.6276893237028,-485.6276893237028,-485.6276893237028
47.323,0.16320000000000015,5.72304754154373e-20,-1.011201927501801e-20,0.04099942866928528,5.907350849298922e-19,2.7241822099949167e-18,-1.3257389876278937e-19,1.0,15315.229191743094,15315.229191743094,-15315.229191743094,-15315.229191743094,485.59318626335534,485.59318626335534,-485.59318626335534,-485.59318626335534
47.344,0.16320000000000015,5.72304754154373e-20,-1.011201927501801e-20,0.04099942866928528,5.907350849298922e-19,2.7241822099949167e-18,-1.3257389876278937e-19,1.0,15324.940818409668,15324.940818409668,-15324.940818409668,-15324.940818409668,485.5722590994005,485.5722590994005,-485.5722590994005,-485.5722590994005
47.363,0.16069999999999993,5.72304754154373e-20,-1.011201927501801e-20,0.04099942866928528,5.907350849298922e-19,2.7241822099949167e-18,-1.3257389876278937e-19,1.0,15334.65211980829,15334.65211980829,-15334.65211980829,-15334.65211980829,485.5595661328413,485.5595661328413,-485.5595661328413,-485.5595661328413
47.383,0.16069999999999993,5.72304754154373e-20,-1.011201927501801e-20,0.04099942866928528,5.907350849298922e-19,2.7241822099949167e-18,-1.3257389876278937e-19,1.0,15344.36322392193,15344.36322392193,-15344.36322392193,-15344.36322392193,485.5518674594603,485.5518674594603,-485.5518674594603,-485.5518674594603
47.404,0.15820000000000006,5.72304754154373e-20,-1.011201927501801e-20,0.04099942866928528,5.907350849298922e-19,2.7241822099949167e-18,-1.3257389876278937e-19,1.0,15354.074208376176,15354.074208376176,-15354.074208376176,-15354.074208376176,485.54719797801556,485.54719797801556,-485.54719797801556,-485.54719797801556
47.423,0.15820000000000006,5.72304754154373e-20,-1.011201927501801e-20,0.04099942866928528,5.907350849298922e-19,2.7241822099949167e-18,-1.3257389876278937e-19,1.0,15363.78512025333,15363.78512025333,-15363.78512025333,-15363.78512025333,485.5443657943545,485.5443657943545,-485.5443657943545,-485.5443657943545
47.443,0.15820000000000006,5.72304754154373e-20,-1.011201927501801e-20,0.04099942866928528,5.907350849298922e-19,2.7241822099949167e-18,-1.3257389876278937e-19,1.0,15373.495988110251,15373.495988110251,-15373.495988110251,-15373.495988110251,485.54264798813017,485.54264798813017,-485.54264798813017,-485.54264798813017
47.464,0.15569999999999987,5.72304754154373e-20,-1.011201927501801e-20,0.04099942866928528,5.907350849298922e-19,2.7241822099949167e-18,-1.3257389876278937e-19,1.0,15383.206829267552,15383.206829267552,-15383.206829267552,-15383.206829267552,485.5416060859876,485.5416060859876,-485.5416060859876,-485.5416060859876
47.483,0.15569999999999987,5.72304754154373e-20,-1.011201927501801e-20,0.04099942866928528,5.907350849298922e-19,2.7241822099949167e-18,-1.3257389876278937e-19,1.0,15392.91765423072,15392.91765423072,-15392.91765423072,-15392.91765423072,485.5409741403937,485.5409741403937,-485.5409741403937,-485.5409741403937
47.503,0.1532,5.72304754154373e-20,-1.011201927501801e-20,0.04099942866928528,5.907350849298922e-19,2.7241822099949167e-18,-1.3257389876278937e-19,1.0,15402.628469371644,15402.628469371644,-15402.628469371644,-15402.628469371644,485.5405908460158,485.5405908460158,-485.5405908460158,-485.5405908460158
47.524,0.1532,5.72304754154373e-20,-1.011201927501801e-20,0.04099942866928528,5.907350849298922e-19,2.7241822099949167e-18,-1.3257389876278937e-19,1.0,15412.339278555079,15412.339278555079,-15412.339278555079,-15412.339278555079,485.54035836622387,485.54035836622387,-485.54035836622387,-485.54035836622387
47.543,0.1532,5.72304754154373e-20,-1.011201927501801e-20,0.04099942866928528,5.907350849298922e-19,2.7241822099949167e-18,-1.3257389876278937e-19,1.0,15422.05008412512,15422.05008412512,-15422.05008412512,-15422.05008412512,485.5402173601024,485.5402173601024,-485.5402173601024,-485.5402173601024
47.563,0.15070000000000014,5.72304754154373e-20,-1.011201927501801e-20,0.04099942866928528,5.907350849298922e-19,2.7241822099949167e-18,-1.3257389876278937e-19,1.0,15431.760887503517,15431.760887503517,-15431.760887503517,-15431.760887503517,485.5401318355664,485.5401318355664,-485.5401318355664,-485.5401318355664
47.583,0.15070000000000014,5.72304754154373e-20,-1.011201927501801e-20,0.04099942866928528,5.907350849298922e-19,2.7241822099949167e-18,-1.3257389876278937e-19,1.0,15441.471689552622,15441.471689552622,-15441.471689552622,-15441.471689552622,485.54007996231326,485.54007996231326,-485.54007996231326,-485.54007996231326
47.603,0.14819999999999994,5.72304754154373e-20,-1.011201927501801e-20,0.04099942866928528,5.907350849298922e-19,2.7241822099949167e-18,-1.3257389876278937e-19,1.0,15451.182490795465,15451.182490795465,-15451.182490795465,-15451.182490795465,485.5400484995947,485.5400484995947,-485.5400484995947,-485.5400484995947
47.623,0.14819999999999994,5.72304754154373e-20,-1.011201927501801e-20,0.04099942866928528,5.907350849298922e-19,2.7241822099949167e-18,-1.3257389876278937e-19,1.0,15460.89329154929,15460.89329154929,-15460.89329154929,-15460.89329154929,485.5400294164913,485.5400294164913,-485.5400294164913,-485.5400294164913
47.643,0.14819999999999994,5.72304754154373e-20,-1.011201927501801e-20,0.04099942866928528,5.907350849298922e-19,2.7241822099949167e-18,-1.3257389876278937e-19,1.0,15470.60409200651,15470.60409200651,-15470.60409200651,-15470.60409200651,485.5400178420039,485.5400178420039,-485.5400178420039,-485.5400178420039
47.663,0.14570000000000008,5.72304754154373e-20,-1.011201927501801e-20,0.04099942866928528,5.907350849298922e-19,2.7241822099949167e-18,-1.3257389876278937e-19,1.0,15480.314892283826,15480.314892283826,-15480.314892283826,-15480.314892283826,485.5400108217225,485.5400108217225,-485.5400108217225,-485.5400108217225
47.683,0.14570000000000008,5.72304754154373e-20,-1.011201927501801e-20,0.04099942866928528,5.907350849298922e-19,2.7241822099949167e-18,-1.3257389876278937e-19,1.0,15490.02569245203,15490.02569245203,-15490.02569245203,-15490.02569245203,485.5400065637066,485.5400065637066,-485.5400065637066,-485.5400065637066
47.703,0.14319999999999986,5.72304754154373e-20,-1.011201927501801e-20,0.04099942866928528,5.907350849298922e-19,2.7241822099949167e-18,-1.3257389876278937e-19,1.0,15499.73649255405,15499.73649255405,-15499.73649255405,-15499.73649255405,485.5400039810894,485.5400039810894,-485.5400039810894,-485.5400039810894
47.723,0.14319999999999986,5.72304754154373e-20,-1.011201927501801e-20,0.04099942866928528,5.907350849298922e-19,2.7241822099949167e-18,-1.3257389876278937e-19,1.0,15509.44729261593,15509.44729261593,-15509.44729261593,-15509.44729261593,485.5400024146529,485.5400024146529,-485.5400024146529,-485.5400024146529
47.743,0.14319999999999986,5.72304754154373e-20,-1.011201927501801e-20,0.04099942866928528,5.907350849298922e-19,2.7241822099949167e-18,-1.3257389876278937e-19,1.0,15519.158092653464,15519.158092653464,-15519.158092653464,-15519.158092653464,485.54000146456116,485.54000146456116,-485.54000146456116,-485.54000146456116
47.763,0.1407,5.72304754154373e-20,-1.011201927501801e-20,0.04099942866928528,5.907350849298922e-19,2.7241822099949167e-18,-1.3257389876278937e-19,1.0,15528.868892676232,15528.868892676232,-15528.868892676232,-15528.868892676232,485.54000088830134,485.54000088830134,-485.54000088830134,-485.54000088830134
47.783,0.1407,5.72304754154373e-20,-1.011201927501801e-20,0.04099942866928528,5.907350849298922e-19,2.7241822099949167e-18,-1.3257389876278937e-19,1.0,15538.579692690038,15538.579692690038,-15538.579692690038,-15538.579692690038,485.540000538782,485.540000538782,-485.540000538782,-485.540000538782
47.803,0.13820000000000016,5.72304754154373e-20,-1.011201927501801e-20,0.04099942866928528,5.907350849298922e-19,2.7241822099949167e-18,-1.3257389876278937e-19,1.0,15548.290492698416,15548.290492698416,-15548.290492698416,-15548.290492698416,485.54000032678795,485.54000032678795,-485.54000032678795,-485.54000032678795
47.823,0.13820000000000016,5.72304754154373e-20,-1.011201927501801e-20,0.04099942866928528,5.907350849298922e-19,2.7241822099949167e-18,-1.3257389876278937e-19,1.0,15558.001292703499,15558.001292703499,-15558.001292703499,-15558.001292703499,485.5400001982069,485.5400001982069,-485.5400001982069,-485.5400001982069
47.843,0.13820000000000016,5.72304754154373e-20,-1.011201927501801e-20,0.04099942866928528,5.907350849298922e-19,2.7241822099949167e-18,-1.3257389876278937e-19,1.0,15567.712092706577,15567.712092706577,-15567.712092706577,-15567.712092706577,485.54000012021856,485.54000012021856,-485.54000012021856,-485.54000012021856
47.863,0.13569999999999993,5.72304754154373e-20,-1.011201927501801e-20,0.04099942866928528,5.907350849298922e-19,2.7241822099949167e-18,-1.3257389876278937e-19,1.0,15577.422892708444,15577.422892708444,-15577.422892708444,-15577.422892708444,485.5400000729164,485.5400000729164,-485.5400000729164,-485.5400000729164
47.883,0.13569999999999993,5.72304754154373e-20,-1.011201927501801e-20,0.04099942866928528,5.907350849298922e-19,2.7241822099949167e-18,-1.3257389876278937e-19,1.0,15587.133692709574,15587.133692709574,-15587.133692709574,-15587.133692709574,485.54000004422613,485.54000004422613,-485.54000004422613,-485.54000004422613
47.903,0.13320000000000007,5.72304754154373e-20,-1.011201927501801e-20,0.04099942866928528,5.907350849298922e-19,2.7241822099949167e-18,-1.3257389876278937e-19,1.0,15596.844492710263,15596.844492710263,-15596.844492710263,-15596.844492710263,485.5400000268245,485.5400000268245,-485.5400000268245,-485.5400000268245
47.923,0.13320000000000007,5.72304754154373e-20,-1.011201927501801e-20,0.04099942866928528,5.907350849298922e-19,2.7241822099949167e-18,-1.3257389876278937e-19,1.0,15606.555292710682,15606.555292710682,-15606.555292710682,-15606.555292710682,485.54000001627,485.54000001627,-485.54000001627,-485.54000001627
47.943,0.13320000000000007,5.72304754154373e-20,-1.011201927501801e-20,0.04099942866928528,5.907350849298922e-19,2.7241822099949167e-18,-1.3257389876278937e-19,1.0,15616.266092710935,15616.266092710935,-15616.266092710935,-15616.266092710935,485.5400000098684,485.5400000098684,-485.5400000098684,-485.5400000098684
47.963,0.13069999999999987,5.72304754154373e-20,-1.011201927501801e-20,0.04099942866928528,5.907350849298922e-19,2.7241822099949167e-18,-1.3257389876278937e-19,1.0,15625.647897375607,15625.647897375607,-15625.647897375607,-15625.647897375607,451.2632087354803,451.2632087354803,-451.2632087354803,-451.2632087354803
47.983,0.13069999999999987,5.72304754154373e-20,-1.011201927501801e-20,0.04099942866928528,5.907350849298922e-19,2.7241822099949167e-18,-1.3257389876278937e-19,1.0,15634.384681061045,15634.384681061045,-15634.384681061045,-15634.384681061045,425.79661049304985,425.79661049304985,-425.79661049304985,-425.79661049304985
48.003,0.1282,5.72304754154373e-20,-1.011201927501801e-20,0.04099942866928528,5.907350849298922e-19,2.7241822099949167e-18,-1.3257389876278937e-19,1.0,15642.725641009436,15642.725641009436,-15642.725641009436,-15642.725641009436,410.35033786043186,410.35033786043186,-410.35033786043186,-410.35033786043186
48.023,0.1282,5.72304754154373e-20,-1.011201927501801e-20,0.04099942866928528,5.907350849298922e-19,2.7241822099949167e-18,-1.3257389876278937e-19,1.0,15650.826521725463,15650.826521725463,-15650.826521725463,-15650.826521725463,400.981699930469,400.981699930469,-400.981699930469,-400.981699930469
48.043,0.1282,5.72304754154373e-20,-1.011201927501801e-20,0.04099942866928528,5.907350849298922e-19,2.7241822099949167e-18,-1.3257389876278937e-19,1.0,15658.781787026304,15658.781787026304,-15658.781787026304,-15658.781787026304,395.2993337861999,395.2993337861999,-395.2993337861999,-395.2993337861999
48.063,0.12570000000000014,5.72304754154373e-20,-1.011201927501801e-20,0.04099942866928528,5.907350849298922e-19,2.7241822099949167e-18,-1.3257389876278937e-19,1.0,15666.6487321133,15666.6487321133,-15666.6487321133,-15666.6487321133,391.8528044999874,391.8528044999874,-391.8528044999874,-391.8528044999874
48.083,0.12570000000000014,5.72304754154373e-20,-1.011201927501801e-20,0.04099942866928528,5.907350849298922e-19,2.7241822099949167e-18,-1.3257389876278937e-19,1.0,15674.462108282733,15674.462108282733,-15674.462108282733,-15674.462108282733,389.7623788183021,389.7623788183021,-389.7623788183021,-389.7623788183021
48.103,0.12319999999999992,5.72304754154373e-20,-1.011201927501801e-20,0.04099942866928528,5.907350849298922e-19,2.7241822099949167e-18,-1.3257389876278937e-19,1.0,15682.242993261254,15682.242993261254,-15682.242993261254,-15682.242993261254,388.4944715505092,388.4944715505092,-388.4944715505092,-388.4944715505092
48.123,0.12319999999999992,5.72304754154373e-20,-1.011201927501801e-20,0.04099942866928528,5.907350849298922e-19,2.7241822099949167e-18,-1.3257389876278937e-19,1.0,15690.004171336323,15690.004171336323,-15690.004171336323,-15690.004171336323,387.72544691892045,387.72544691892045,-387.72544691892045,-387.72544691892045
48.143,0.12319999999999992,5.72304754154373e-20,-1.011201927501801e-20,0.04099942866928528,5.907350849298922e-19,2.7241822099949167e-18,-1.3257389876278937e-19,1.0,15697.75339657023,15697.75339657023,-15697.75339657023,-15697.75339657023,387.2590099017877,387.2590099017877,-387.2590099017877,-387.2590099017877
48.163,0.12070000000000008,5.72304754154373e-20,-1.011201927501801e-20,0.04099942866928528,5.907350849298922e-19,2.7241822099949167e-18,-1.3257389876278937e-19,1.0,15705.495372039506,15705.495372039506,-15705.495372039506,-15705.495372039506,386.9761015500716,386.9761015500716,-386.9761015500716,-386.9761015500716
48.183,0.12070000000000008,5.72304754154373e-20,-1.011201927501801e-20,0.04099942866928528,5.907350849298922e-19,2.7241822099949167e-18,-1.3257389876278937e-19,1.0,15713.23295030426,15713.23295030426,-15713.23295030426,-15713.23295030426,386.80450896086717,386.80450896086717,-386.80450896086717,-386.80450896086717
48.203,0.11819999999999986,5.72304754154373e-20,-1.011201927501801e-20,0.04099942866928528,5.907350849298922e-19,2.7241822099949167e-18,-1.3257389876278937e-19,1.0,15720.967861529654,15720.967861529654,-15720.967861529654,-15720.967861529654,386.7004327945351,386.7004327945351,-386.7004327945351,-386.7004327945351
48.223,0.11819999999999986,5.72304754154373e-20,-1.011201927501801e-20,0.04099942866928528,5.907350849298922e-19,2.7241822099949167e-18,-1.3257389876278937e-19,1.0,15728.701155113906,15728.701155113906,-15728.701155113906,-15728.701155113906,386.63730740870943,386.63730740870943,-386.63730740870943,-386.63730740870943
48.244,0.11819999999999986,5.72304754154373e-20,-1.011201927501801e-20,0.04099942866928528,5.907350849298922e-19,2.7241822099949167e-18,-1.3257389876278937e-19,1.0,15736.433467549205,15736.433467549205,-15736.433467549205,-15736.433467549205,386.5990199268,386.5990199268,-386.5990199268,-386.5990199268
48.263,0.1157,5.72304754154373e-20,-1.011201927501801e-20,0.04099942866928528,5.907350849298922e-19,2.7241822099949167e-18,-1.3257389876278937e-19,1.0,15744.165184887588,15744.165184887588,-15744.165184887588,-15744.165184887588,386.57579739513875,386.57579739513875,-386.57579739513875,-386.57579739513875
48.283,0.1157,5.72304754154373e-20,-1.011201927501801e-20,0.04099942866928528,5.907350849298922e-19,2.7241822099949167e-18,-1.3257389876278937e-19,1.0,15751.896541281441,15751.896541281441,-15751.896541281441,-15751.896541281441,386.56171221769,386.56171221769,-386.56171221769,-386.56171221769
48.303,0.11320000000000013,5.72304754154373e-20,-1.011201927501801e-20,0.04099942866928528,5.907350849298922e-19,2.7241822099949167e-18,-1.3257389876278937e-19,1.0,15759.627678751373,15759.627678751373,-15759.627678751373,-15759.627678751373,386.55316912571976,386.55316912571976,-386.55316912571976,-386.55316912571976
48.323,0.11320000000000013,5.72304754154373e-20,-1.011201927501801e-20,0.04099942866928528,5.907350849298922e-19,2.7241822099949167e-18,-1.3257389876278937e-19,1.0,15767.358683437235,15767.358683437235,-15767.358683437235,-15767.358683437235,386.5479874785111,386.5479874785111,-386.5479874785111,-386.5479874785111
48.343,0.11320000000000013,5.72304754154373e-20,-1.011201927501801e-20,0.04099942866928528,5.907350849298922e-19,2.7241822099949167e-18,-1.3257389876278937e-19,1.0,15775.089607585483,15775.089607585483,-15775.089607585483,-15775.089607585483,386.54484465061114,386.54484465061114,-386.54484465061114,-386.54484465061114
48.363,0.11069999999999994,5.72304754154373e-20,-1.011201927501801e-20,0.04099942866928528,5.907350849298922e-19,2.7241822099949167e-18,-1.3257389876278937e-19,1.0,15782.820482885201,15782.820482885201,-15782.820482885201,-15782.820482885201,386.5429384291318,386.5429384291318,-386.5429384291318,-386.5429384291318
48.384,0.11069999999999994,5.72304754154373e-20,-1.011201927501801e-20,0.04099942866928528,5.907350849298922e-19,2.7241822099949167e-18,-1.3257389876278937e-19,1.0,15790.551328556789,15790.551328556789,-15790.551328556789,-15790.551328556789,386.54178224736035,386.54178224736035,-386.54178224736035,-386.54178224736035
48.403,0.10820000000000007,5.72304754154373e-20,-1.011201927501801e-20,0.04099942866928528,5.907350849298922e-19,2.7241822099949167e-18,-1.3257389876278937e-19,1.0,15798.282156258008,15798.282156258008,-15798.282156258008,-15798.282156258008,386.5410809876677,386.5410809876677,-386.5410809876677,-386.5410809876677
48.423,0.10820000000000007,5.72304754154373e-20,-1.011201927501801e-20,0.04099942866928528,5.907350849298922e-19,2.7241822099949167e-18,-1.3257389876278937e-19,1.0,15806.012973059645,15806.012973059645,-15806.012973059645,-15806.012973059645,386.54065565216376,386.54065565216376,-386.54065565216376,-386.54065565216376
48.443,0.10820000000000007,5.72304754154373e-20,-1.011201927501801e-20,0.04099942866928528,5.907350849298922e-19,2.7241822099949167e-18,-1.3257389876278937e-19,1.0,15813.743783250353,15813.743783250353,-15813.743783250353,-15813.743783250353,386.54039767314,386.54039767314,-386.54039767314,-386.54039767314
48.463,0.10569999999999985,5.72304754154373e-20,-1.011201927501801e-20,0.04099942866928528,5.907350849298922e-19,2.7241822099949167e-18,-1.3257389876278937e-19,1.0,15821.47458943133,15821.47458943133,-15821.47458943133,-15821.47458943133,386.5402412009524,386.5402412009524,-386.5402412009524,-386.5402412009524
48.483,0.10569999999999985,5.72304754154373e-20,-1.011201927501801e-20,0.04099942866928528,5.907350849298922e-19,2.7241822099949167e-18,-1.3257389876278937e-19,1.0,15829.205393180286,15829.205393180286,-15829.205393180286,-15829.205393180286,386.54014629577335,386.54014629577335,-386.54014629577335,-386.54014629577335
48.503,0.10320000000000001,5.72304754154373e-20,-1.011201927501801e-20,0.04099942866928528,5.907350849298922e-19,2.7241822099949167e-18,-1.3257389876278937e-19,1.0,15836.93619545414,15836.93619545414,-15836.93619545414,-15836.93619545414,386.5400887328724,386.5400887328724,-386.5400887328724,-386.5400887328724
48.523,0.10320000000000001,5.72304754154373e-20,-1.011201927501801e-20,0.04099942866928528,5.907350849298922e-19,2.7241822099949167e-18,-1.3257389876278937e-19,1.0,15844.666996833303,15844.666996833303,-15844.666996833303,-15844.666996833303,386.54005381920814,386.54005381920814,-386.54005381920814,-386.54005381920814
48.543,0.10320000000000001,5.72304754154373e-20,-1.011201927501801e-20,0.04099942866928528,5.907350849298922e-19,2.7241822099949167e-18,-1.3257389876278937e-19,1.0,15852.397797669804,15852.397797669804,-15852.397797669804,-15852.397797669804,386.54003264300036,386.54003264300036,-386.54003264300036,-386.54003264300036
48.563,0.10070000000000015,5.72304754154373e-20,-1.011201927501801e-20,0.04099942866928528,5.907350849298922e-19,2.7241822099949167e-18,-1.3257389876278937e-19,1.0,15860.128598177169,15860.128598177169,-15860.128598177169,-15860.128598177169,386.54001979898106,386.54001979898106,-386.54001979898106,-386.54001979898106
48.583,0.10070000000000015,5.72304754154373e-20,-1.011201927501801e-20,0.04099942866928528,5.907350849298922e-19,2.7241822099949167e-18,-1.3257389876278937e-19,1.0,15867.859398484901,15867.859398484901,-15867.859398484901,-15867.859398484901,386.5400120086896,386.5400120086896,-386.5400120086896,-386.5400120086896
48.603,0.09819999999999993,5.72304754154373e-20,-1.011201927501801e-20,0.04099942866928528,5.907350849298922e-19,2.7241822099949167e-18,-1.3257389876278937e-19,1.0,15875.59019867155,15875.59019867155,-15875.59019867155,-15875.59019867155,386.5400072836389,386.5400072836389,-386.5400072836389,-386.5400072836389
48.623,0.09819999999999993,5.72304754154373e-20,-1.011201927501801e-20,0.04099942866928528,5.907350849298922e-19,2.7241822099949167e-18,-1.3257389876278937e-19,1.0,15883.320998784759,15883.320998784759,-15883.320998784759,-15883.320998784759,386.5400044177509,386.5400044177509,-386.5400044177509,-386.5400044177509
48.643,0.09819999999999993,5.72304754154373e-20,-1.011201927501801e-20,0.04099942866928528,5.907350849298922e-19,2.7241822099949167e-18,-1.3257389876278937e-19,1.0,15891.051798853425,15891.051798853425,-15891.051798853425,-15891.051798853425,386.54000267950187,386.54000267950187,-386.54000267950187,-386.54000267950187
48.663,0.09570000000000006,5.72304754154373e-20,-1.011201927501801e-20,0.04099942866928528,5.907350849298922e-19,2.7241822099949167e-18,-1.3257389876278937e-19,1.0,15898.782598895072,15898.782598895072,-15898.782598895072,-15898.782598895072,386.54000162520055,386.54000162520055,-386.54000162520055,-386.54000162520055
48.683,0.09570000000000006,5.72304754154373e-20,-1.011201927501801e-20,0.04099942866928528,5.907350849298922e-19,2.7241822099949167e-18,-1.3257389876278937e-19,1.0,15906.513398920331,15906.513398920331,-15906.513398920331,-15906.513398920331,386.5400009857344,386.5400009857344,-386.5400009857344,-386.5400009857344
48.703,0.09319999999999987,5.72304754154373e-20,-1.011201927501801e-20,0.04099942866928528,5.907350849298922e-19,2.7241822099949167e-18,-1.3257389876278937e-19,1.0,15914.244198935658,15914.244198935658,-15914.244198935658,-15914.244198935658,386.54000059787876,386.54000059787876,-386.54000059787876,-386.54000059787876
48.723,0.09319999999999987,5.72304754154373e-20,-1.011201927501801e-20,0.04099942866928528,5.907350849298922e-19,2.7241822099949167e-18,-1.3257389876278937e-19,1.0,15921.974998944952,15921.974998944952,-15921.974998944952,-15921.974998944952,386.5400003626324,386.5400003626324,-386.5400003626324,-386.5400003626324
48.743,0.09319999999999987,5.72304754154373e-20,-1.011201927501801e-20,0.04099942866928528,5.907350849298922e-19,2.7241822099949167e-18,-1.3257389876278937e-19,1.0,15929.705798950588,15929.705798950588,-15929.705798950588,-15929.705798950588,386.54000021994807,386.54000021994807,-386.54000021994807,-386.54000021994807
48.763,0.0907,5.72304754154373e-20,-1.011201927501801e-20,0.04099942866928528,5.907350849298922e-19,2.7241822099949167e-18,-1.3257389876278937e-19,1.0,15937.436598954002,15937.436598954002,-15937.436598954002,-15937.436598954002,386.54000013340584,386.54000013340584,-386.54000013340584,-386.54000013340584
48.783,0.0907,5.72304754154373e-20,-1.011201927501801e-20,0.04099942866928528,5.907350849298922e-19,2.7241822099949167e-18,-1.3257389876278937e-19,1.0,15945.167398956075,15945.167398956075,-15945.167398956075,-15945.167398956075,386.54000008091526,386.54000008091526,-386.54000008091526,-386.54000008091526
48.803,0.08820000000000014,5.72304754154373e-20,-1.011201927501801e-20,0.04099942866928528,5.907350849298922e-19,2.7241822099949167e-18,-1.3257389876278937e-19,1.0,15952.898198957339,15952.898198957339,-15952.898198957339,-15952.898198957339,386.5400000490781,386.5400000490781,-386.5400000490781,-386.5400000490781
48.823,0.08820000000000014,5.72304754154373e-20,-1.011201927501801e-20,0.04099942866928528,5.907350849298922e-19,2.7241822099949167e-18,-1.3257389876278937e-19,1.0,15960.6289989581,15960.6289989581,-15960.6289989581,-15960.6289989581,386.54000002976784,386.54000002976784,-386.54000002976784,-386.54000002976784
48.843,0.08820000000000014,5.72304754154373e-20,-1.011201927501801e-20,0.04099942866928528,5.907350849298922e-19,2.7241822099949167e-18,-1.3257389876278937e-19,1.0,15968.234844118246,15968.234844118246,-15968.234844118246,-15968.234844118246,364.64127754407747,364.64127754407747,-364.64127754407747,-364.64127754407747
48.863,0.08569999999999994,5.72304754154373e-20,-1.011201927501801e-20,0.04099942866928528,5.907350849298922e-19,2.7241822099949167e-18,-1.3257389876278937e-19,1.0,15975.184018377666,15975.184018377666,-15975.184018377666,-15975.184018377666,334.3042887334961,334.3042887334961,-334.3042887334961,-334.3042887334961
48.883,0.08569999999999994,5.72304754154373e-20,-1.011201927501801e-20,0.04099942866928528,5.907350849298922e-19,2.7241822099949167e-18,-1.3257389876278937e-19,1.0,15981.661669107814,15981.661669107814,-15981.661669107814,-15981.661669107814,315.9039748965195,315.9039748965195,-315.9039748965195,-315.9039748965195
48.903,0.08320000000000008,5.72304754154373e-20,-1.011201927501801e-20,0.04099942866928528,5.907350849298922e-19,2.7241822099949167e-18,-1.3257389876278937e-19,1.0,15987.853326360684,15987.853326360684,-15987.853326360684,-15987.853326360684,304.7436204060585,304.7436204060585,-304.7436204060585,-304.7436204060585
48.923,0.08320000000000008,5.72304754154373e-20,-1.011201927501801e-20,0.04099942866928528,5.907350849298922e-19,2.7241822099949167e-18,-1.3257389876278937e-19,1.0,15993.87151980111,15993.87151980111,-15993.87151980111,-15993.87151980111,297.97452323433237,297.97452323433237,-297.97452323433237,-297.97452323433237
48.943,0.08320000000000008,5.72304754154373e-20,-1.011201927501801e-20,0.04099942866928528,5.907350849298922e-19,2.7241822099949167e-18,-1.3257389876278937e-19,1.0,15999.784502120934,15999.784502120934,-15999.784502120934,-15999.784502120934,293.8688582611063,293.8688582611063,-293.8688582611063,-293.8688582611063
48.963,0.08069999999999986,5.72304754154373e-20,-1.011201927501801e-20,0.04099942866928528,5.907350849298922e-19,2.7241822099949167e-18,-1.3257389876278937e-19,1.0,16005.633670670371,16005.633670670371,-16005.633670670371,-16005.633670670371,291.3786465763366,291.3786465763366,-291.3786465763366,-291.3786465763366
48.983,0.08069999999999986,5.72304754154373e-20,-1.011201927501801e-20,0.04099942866928528,5.907350849298922e-19,2.7241822099949167e-18,-1.3257389876278937e-19,1.0,16011.44413421156,16011.44413421156,-16011.44413421156,-16011.44413421156,289.8682568403492,289.8682568403492,-289.8682568403492,-289.8682568403492
49.003,0.07819999999999999,5.72304754154373e-20,-1.011201927501801e-20,0.04099942866928528,5.907350849298922e-19,2.7241822099949167e-18,-1.3257389876278937e-19,1.0,16017.231121978553,16017.231121978553,-16017.231121978553,-16017.231121978553,288.95215915735736,288.95215915735736,-288.95215915735736,-288.95215915735736
49.023,0.07819999999999999,5.72304754154373e-20,-1.011201927501801e-20,0.04099942866928528,5.907350849298922e-19,2.7241822099949167e-18,-1.3257389876278937e-19,1.0,16023.003870968743,16023.003870968743,-16023.003870968743,-16023.003870968743,288.3965178253312,288.3965178253312,-288.3965178253312,-288.3965178253312
49.043,0.07819999999999999,5.72304754154373e-20,-1.011201927501801e-20,0.04099942866928528,5.907350849298922e-19,2.7241822099949167e-18,-1.3257389876278937e-19,1.0,16028.767983704245,16028.767983704245,-16028.767983704245,-16028.767983704245,288.0595043216537,288.0595043216537,-288.0595043216537,-288.0595043216537
49.063,0.07570000000000016,5.72304754154373e-20,-1.011201927501801e-20,0.04099942866928528,5.907350849298922e-19,2.7241822099949167e-18,-1.3257389876278937e-19,1.0,16034.526858286497,16034.526858286497,-16034.526858286497,-16034.526858286497,287.85509529893625,287.85509529893625,-287.85509529893625,-287.85509529893625
49.083,0.07570000000000016,5.72304754154373e-20,-1.011201927501801e-20,0.04099942866928528,5.907350849298922e-19,2.7241822099949167e-18,-1.3257389876278937e-19,1.0,16040.282555768192,16040.282555768192,-16040.282555768192,-16040.282555768192,287.73111495953617,287.73111495953617,-287.73111495953617,-287.73111495953617
49.103,0.07319999999999993,5.72304754154373e-20,-1.011201927501801e-20,0.04099942866928528,5.907350849298922e-19,2.7241822099949167e-18,-1.3257389876278937e-19,1.0,16046.036326240997,16046.036326240997,-16046.036326240997,-16046.036326240997,287.65591708248854,287.65591708248854,-287.65591708248854,-287.65591708248854
49.123,0.07319999999999993,5.72304754154373e-20,-1.011201927501801e-20,0.04099942866928528,5.907350849298922e-19,2.7241822099949167e-18,-1.3257389876278937e-19,1.0,16051.788927923826,16051.788927923826,-16051.788927923826,-16051.788927923826,287.61030726451366,287.61030726451366,-287.61030726451366,-287.61030726451366
49.143,0.07319999999999993,5.72304754154373e-20,-1.011201927501801e-20,0.04099942866928528,5.907350849298922e-19,2.7241822099949167e-18,-1.3257389876278937e-19,1.0,16057.5408206997,16057.5408206997,-16057.5408206997,-16057.5408206997,287.58264351152815,287.58264351152815,-287.58264351152815,-287.58264351152815
49.163,0.07070000000000007,5.72304754154373e-20,-1.011201927501801e-20,0.04099942866928528,5.907350849298922e-19,2.7241822099949167e-18,-1.3257389876278937e-19,1.0,16063.292283501774,16063.292283501774,-16063.292283501774,-16063.292283501774,287.5658645971796,287.5658645971796,-287.5658645971796,-287.5658645971796
49.183,0.07070000000000007,5.72304754154373e-20,-1.011201927501801e-20,0.04099942866928528,5.907350849298922e-19,2.7241822099949167e-18,-1.3257389876278937e-19,1.0,16069.043485511549,16069.043485511549,-16069.043485511549,-16069.043485511549,287.55568767119047,287.55568767119047,-287.55568767119047,-287.55568767119047
49.203,0.06819999999999987,5.72304754154373e-20,-1.011201927501801e-20,0.04099942866928528,5.907350849298922e-19,2.7241822099949167e-18,-1.3257389876278937e-19,1.0,16074.794529342802,16074.794529342802,-16074.794529342802,-16074.794529342802,287.5495150535565,287.5495150535565,-287.5495150535565,-287.5495150535565
49.223,0.06819999999999987,5.72304754154373e-20,-1.011201927501801e-20,0.04099942866928528,5.907350849298922e-19,2.7241822099949167e-18,-1.3257389876278937e-19,1.0,16080.545477233938,16080.545477233938,-16080.545477233938,-16080.545477233938,287.5457711717109,287.5457711717109,-287.5457711717109,-287.5457711717109
49.243,0.06819999999999987,5.72304754154373e-20,-1.011201927501801e-20,0.04099942866928528,5.907350849298922e-19,2.7241822099949167e-18,-1.3257389876278937e-19,1.0,16086.296366934443,16086.296366934443,-16086.296366934443,-16086.296366934443,287.5435003925851,287.5435003925851,-287.5435003925851,-287.5435003925851
49.263,0.06570000000000001,5.72304754154373e-20,-1.011201927501801e-20,0.04099942866928528,5.907350849298922e-19,2.7241822099949167e-18,-1.3257389876278937e-19,1.0,16092.047221340546,16092.047221340546,-16092.047221340546,-16092.047221340546,287.5421230954239,287.5421230954239,-287.5421230954239,-287.5421230954239
49.284,0.06570000000000001,5.72304754154373e-20,-1.011201927501801e-20,0.04099942866928528,5.907350849298922e-19,2.7241822099949167e-18,-1.3257389876278937e-19,1.0,16097.79805433952,16097.79805433952,-16097.79805433952,-16097.79805433952,287.54128772246816,287.54128772246816,-287.54128772246816,-287.54128772246816
49.303,0.06320000000000014,5.72304754154373e-20,-1.011201927501801e-20,0.04099942866928528,5.907350849298922e-19,2.7241822099949167e-18,-1.3257389876278937e-19,1.0,16103.548874354408,16103.548874354408,-16103.548874354408,-16103.548874354408,287.5407810431582,287.5407810431582,-287.5407810431582,-287.5407810431582
49.323,0.06320000000000014,5.72304754154373e-20,-1.011201927501801e-20,0.04099942866928528,5.907350849298922e-19,2.7241822099949167e-18,-1.3257389876278937e-19,1.0,16109.29968649405,16109.29968649405,-16109.29968649405,-16109.29968649405,287.540473726622,287.540473726622,-287.540473726622,-287.540473726622
49.343,0.06320000000000014,5.72304754154373e-20,-1.011201927501801e-20,0.04099942866928528,5.907350849298922e-19,2.7241822099949167e-18,-1.3257389876278937e-19,1.0,16115.050493857118,16115.050493857118,-16115.050493857118,-16115.050493857118,287.54028732972057,287.54028732972057,-287.54028732972057,-287.54028732972057
49.363,0.06069999999999992,5.72304754154373e-20,-1.011201927501801e-20,0.04099942866928528,5.907350849298922e-19,2.7241822099949167e-18,-1.3257389876278937e-19,1.0,16120.801298323047,16120.801298323047,-16120.801298323047,-16120.801298323047,287.540174274285,287.540174274285,-287.540174274285,-287.540174274285
49.383,0.06069999999999992,5.72304754154373e-20,-1.011201927501801e-20,0.04099942866928528,5.907350849298922e-19,2.7241822099949167e-18,-1.3257389876278937e-19,1.0,16126.552101031766,16126.552101031766,-16126.552101031766,-16126.552101031766,287.540105702697,287.540105702697,-287.540105702697,-287.540105702697
49.403,0.058200000000000085,5.72304754154373e-20,-1.011201927501801e-20,0.04099942866928528,5.907350849298922e-19,2.7241822099949167e-18,-1.3257389876278937e-19,1.0,16132.302902674688,16132.302902674688,-16132.302902674688,-16132.302902674688,287.54006411192654,287.54006411192654,-287.54006411192654,-287.54006411192654
49.423,0.058200000000000085,5.72304754154373e-20,-1.011201927501801e-20,0.04099942866928528,5.907350849298922e-19,2.7241822099949167e-18,-1.3257389876278937e-19,1.0,16138.053703671168,16138.053703671168,-16138.053703671168,-16138.053703671168,287.5400388858491,287.5400388858491,-287.5400388858491,-287.5400388858491
49.443,0.058200000000000085,5.72304754154373e-20,-1.011201927501801e-20,0.04099942866928528,5.907350849298922e-19,2.7241822099949167e-18,-1.3257389876278937e-19,1.0,16143.80450427556,16143.80450427556,-16143.80450427556,-16143.80450427556,287.5400235854598,287.5400235854598,-287.5400235854598,-287.5400235854598
49.463,0.05569999999999986,5.72304754154373e-20,-1.011201927501801e-20,0.04099942866928528,5.907350849298922e-19,2.7241822099949167e-18,-1.3257389876278937e-19,1.0,16149.555304642146,16149.555304642146,-16149.555304642146,-16149.555304642146,287.54001430530445,287.54001430530445,-287.54001430530445,-287.54001430530445
49.483,0.05569999999999986,5.72304754154373e-20,-1.011201927501801e-20,0.04099942866928528,5.907350849298922e-19,2.7241822099949167e-18,-1.3257389876278937e-19,1.0,16155.306104864489,16155.306104864489,-16155.306104864489,-16155.306104864489,287.5400086766058,287.5400086766058,-287.5400086766058,-287.5400086766058
49.503,0.0532,5.72304754154373e-20,-1.011201927501801e-20,0.04099942866928528,5.907350849298922e-19,2.7241822099949167e-18,-1.3257389876278937e-19,1.0,16161.056904999354,16161.056904999354,-16161.056904999354,-16161.056904999354,287.54000526262746,287.54000526262746,-287.54000526262746,-287.54000526262746
49.523,0.0532,5.72304754154373e-20,-1.011201927501801e-20,0.04099942866928528,5.907350849298922e-19,2.7241822099949167e-18,-1.3257389876278937e-19,1.0,16166.807705081153,16166.807705081153,-16166.807705081153,-16166.807705081153,287.540003191945,287.540003191945,-287.540003191945,-287.540003191945
49.543,0.0532,5.72304754154373e-20,-1.011201927501801e-20,0.04099942866928528,5.907350849298922e-19,2.7241822099949167e-18,-1.3257389876278937e-19,1.0,16172.558505130766,16172.558505130766,-16172.558505130766,-16172.558505130766,287.5400019360125,287.5400019360125,-287.5400019360125,-287.5400019360125
49.563,0.050700000000000134,5.72304754154373e-20,-1.011201927501801e-20,0.04099942866928528,5.907350849298922e-19,2.7241822099949167e-18,-1.3257389876278937e-19,1.0,16178.309305160856,16178.309305160856,-16178.309305160856,-16178.309305160856,287.5400011742509,287.5400011742509,-287.5400011742509,-287.5400011742509
49.583,0.050700000000000134,5.72304754154373e-20,-1.011201927501801e-20,0.04099942866928528,5.907350849298922e-19,2.7241822099949167e-18,-1.3257389876278937e-19,1.0,16184.060105179105,16184.060105179105,-16184.060105179105,-16184.060105179105,287.54000071221924,287.54000071221924,-287.54000071221924,-287.54000071221924
49.603,0.04819999999999994,5.72304754154373e-20,-1.011201927501801e-20,0.04099942866928528,5.907350849298922e-19,2.7241822099949167e-18,-1.3257389876278937e-19,1.0,16189.810905190174,16189.810905190174,-16189.810905190174,-16189.810905190174,287.5400004319829,287.5400004319829,-287.5400004319829,-287.5400004319829
49.623,0.04819999999999994,5.72304754154373e-20,-1.011201927501801e-20,0.04099942866928528,5.907350849298922e-19,2.7241822099949167e-18,-1.3257389876278937e-19,1.0,16195.561705196891,16195.561705196891,-16195.561705196891,-16195.561705196891,287.54000026201084,287.54000026201084,-287.54000026201084,-287.54000026201084
49.643,0.04819999999999994,5.72304754154373e-20,-1.011201927501801e-20,0.04099942866928528,5.907350849298922e-19,2.7241822099949167e-18,-1.3257389876278937e-19,1.0,16201.312505200962,16201.312505200962,-16201.312505200962,-16201.312505200962,287.5400001589177,287.5400001589177,-287.5400001589177,-287.5400001589177
49.663,0.045700000000000074,5.72304754154373e-20,-1.011201927501801e-20,0.04099942866928528,5.907350849298922e-19,2.7241822099949167e-18,-1.3257389876278937e-19,1.0,16207.063305203428,16207.063305203428,-16207.063305203428,-16207.063305203428,287.5400000963885,287.5400000963885,-287.5400000963885,-287.5400000963885
49.683,0.045700000000000074,5.72304754154373e-20,-1.011201927501801e-20,0.04099942866928528,5.907350849298922e-19,2.7241822099949167e-18,-1.3257389876278937e-19,1.0,16212.81410520493,16212.81410520493,-16212.81410520493,-16212.81410520493,287.5400000584626,287.5400000584626,-287.5400000584626,-287.5400000584626
49.703,0.04319999999999985,5.72304754154373e-20,-1.011201927501801e-20,0.04099942866928528,5.907350849298922e-19,2.7241822099949167e-18,-1.3257389876278937e-19,1.0,16218.564905205838,16218.564905205838,-16218.564905205838,-16218.564905205838,287.5400000354594,287.5400000354594,-287.5400000354594,-287.5400000354594
49.723,0.04319999999999985,5.72304754154373e-20,-1.011201927501801e-20,0.04099942866928528,5.907350849298922e-19,2.7241822099949167e-18,-1.3257389876278937e-19,1.0,16224.31326088768,16224.31326088768,-16224.31326088768,-16224.31326088768,285.095681314758,285.095681314758,-285.095681314758,-285.095681314758
49.743,0.04319999999999985,5.72304754154373e-20,-1.011201927501801e-20,0.04099942866928528,5.907350849298922e-19,2.7241822099949167e-18,-1.3257389876278937e-19,1.0,16229.584812195235,16229.584812195235,-16229.584812195235,-16229.584812195235,247.10398108684262,247.10398108684262,-247.10398108684262,-247.10398108684262
49.763,0.040700000000000014,5.72304754154373e-20,-1.011201927501801e-20,0.04099942866928528,5.907350849298922e-19,2.7241822099949167e-18,-1.3257389876278937e-19,1.0,16234.26586387587,16234.26586387587,-16234.26586387587,-16234.26586387587,224.06085008400078,224.06085008400078,-224.06085008400078,-224.06085008400078
49.783,0.040700000000000014,5.72304754154373e-20,-1.011201927501801e-20,0.04099942866928528,5.907350849298922e-19,2.7241822099949167e-18,-1.3257389876278937e-19,1.0,16238.588759428232,16238.588759428232,-16238.588759428232,-16238.588759428232,210.0844846350025,210.0844846350025,-210.0844846350025,-210.0844846350025
49.803,0.03820000000000015,5.72304754154373e-20,-1.011201927501801e-20,0.04099942866928528,5.907350849298922e-19,2.7241822099949167e-18,-1.3257389876278937e-19,1.0,16242.694422307828,16242.694422307828,-16242.694422307828,-16242.694422307828,201.60739047883675,201.60739047883675,-201.60739047883675,-201.60739047883675
49.823,0.03820000000000015,5.72304754154373e-20,-1.011201927501801e-20,0.04099942866928528,5.907350849298922e-19,2.7241822099949167e-18,-1.3257389876278937e-19,1.0,16246.668326911107,16246.668326911107,-16246.668326911107,-16246.668326911107,196.46577296785142,196.46577296785142,-196.46577296785142,-196.46577296785142
49.843,0.03820000000000015,5.72304754154373e-20,-1.011201927501801e-20,0.04099942866928528,5.907350849298922e-19,2.7241822099949167e-18,-1.3257389876278937e-19,1.0,16250.562316080124,16250.562316080124,-16250.562316080124,-16250.562316080124,193.3472243069234,193.3472243069234,-193.3472243069234,-193.3472243069234
49.863,0.035699999999999926,5.72304754154373e-20,-1.011201927501801e-20,0.04099942866928528,5.907350849298922e-19,2.7241822099949167e-18,-1.3257389876278937e-19,1.0,16254.40783408808,16254.40783408808,-16254.40783408808,-16254.40783408808,191.45572893026483,191.45572893026483,-191.45572893026483,-191.45572893026483
49.883,0.035699999999999926,5.72304754154373e-20,-1.011201927501801e-20,0.04099942866928528,5.907350849298922e-19,2.7241822099949167e-18,-1.3257389876278937e-19,1.0,16258.223952850734,16258.223952850734,-16258.223952850734,-16258.223952850734,190.30847899161668,190.30847899161668,-190.30847899161668,-190.30847899161668
49.903,0.03320000000000006,5.72304754154373e-20,-1.011201927501801e-20,0.04099942866928528,5.907350849298922e-19,2.7241822099949167e-18,-1.3257389876278937e-19,1.0,16262.022240069748,16262.022240069748,-16262.022240069748,-16262.022240069748,189.61263672947317,189.61263672947317,-189.61263672947317,-189.61263672947317
49.923,0.03320000000000006,5.72304754154373e-20,-1.011201927501801e-20,0.04099942866928528,5.907350849298922e-19,2.7241822099949167e-18,-1.3257389876278937e-19,1.0,16265.80971191083,16265.80971191083,-16265.80971191083,-16265.80971191083,189.19058706315937,189.19058706315937,-189.19058706315937,-189.19058706315937
49.944,0.03320000000000006,5.72304754154373e-20,-1.011201927501801e-20,0.04099942866928528,5.907350849298922e-19,2.7241822099949167e-18,-1.3257389876278937e-19,1.0,16269.590623893604,16269.590623893604,-16269.590623893604,-16269.590623893604,188.93460100061856,188.93460100061856,-188.93460100061856,-188.93460100061856
49.963,0.030699999999999866,5.72304754154373e-20,-1.011201927501801e-20,0.04099942866928528,5.907350849298922e-19,2.7241822099949167e-18,-1.3257389876278937e-19,1.0,16273.367557121184,16273.367557121184,-16273.367557121184,-16273.367557121184,188.7793376052284,188.7793376052284,-188.7793376052284,-188.7793376052284
49.983,0.030699999999999866,5.72304754154373e-20,-1.011201927501801e-20,0.04099942866928528,5.907350849298922e-19,2.7241822099949167e-18,-1.3257389876278937e-19,1.0,16277.142077111755,16277.142077111755,-16277.142077111755,-16277.142077111755,188.68516559559316,188.68516559559316,-188.68516559559316,-188.68516559559316
50.003,0.028200000000000003,5.72304754154373e-20,-1.011201927501801e-20,0.04099942866928528,5.907350849298922e-19,2.7241822099949167e-18,-1.3257389876278937e-19,1.0,16280.915133400089,16280.915133400089,-16280.915133400089,-16280.915133400089,188.62804738446272,188.62804738446272,-188.62804738446272,-188.62804738446272
50.023,0.028200000000000003,5.72304754154373e-20,-1.011201927501801e-20,0.04099942866928528,5.907350849298922e-19,2.7241822099949167e-18,-1.3257389876278937e-19,1.0,16284.687301908143,16284.687301908143,-16284.687301908143,-16284.687301908143,188.59340343818417,188.59340343818417,-188.59340343818417,-188.59340343818417
50.043,0.028200000000000003,5.72304754154373e-20,-1.011201927501801e-20,0.04099942866928528,5.907350849298922e-19,2.7241822099949167e-18,-1.3257389876278937e-19,1.0,16288.458931950234,16288.458931950234,-16288.458931950234,-16288.458931950234,188.5723908225927,188.5723908225927,-188.5723908225927,-188.5723908225927
50.063,0.02570000000000014,5.72304754154373e-20,-1.011201927501801e-20,0.04099942866928528,5.907350849298922e-19,2.7241822099949167e-18,-1.3257389876278937e-19,1.0,16292.23023539621,16292.23023539621,-16292.23023539621,-16292.23023539621,188.55964602699575,188.55964602699575,-188.55964602699575,-188.55964602699575
50.083,0.02570000000000014,5.72304754154373e-20,-1.011201927501801e-20,0.04099942866928528,5.907350849298922e-19,2.7241822099949167e-18,-1.3257389876278937e-19,1.0,16296.001340751629,16296.001340751629,-16296.001340751629,-16296.001340751629,188.55191591771447,188.55191591771447,-188.55191591771447,-188.55191591771447
50.103,0.023199999999999943,5.72304754154373e-20,-1.011201927501801e-20,0.04099942866928528,5.907350849298922e-19,2.7241822099949167e-18,-1.3257389876278937e-19,1.0,16299.772325959055,16299.772325959055,-16299.772325959055,-16299.772325959055,188.5472273694324,188.5472273694324,-188.5472273694324,-188.5472273694324
50.123,0.023199999999999943,5.72304754154373e-20,-1.011201927501801e-20,0.04099942866928528,5.907350849298922e-19,2.7241822099949167e-18,-1.3257389876278937e-19,1.0,16303.543238293036,16303.543238293036,-16303.543238293036,-16303.543238293036,188.5443836211498,188.5443836211498,-188.5443836211498,-188.5443836211498
50.143,0.023199999999999943,5.72304754154373e-20,-1.011201927501801e-20,0.04099942866928528,5.907350849298922e-19,2.7241822099949167e-18,-1.3257389876278937e-19,1.0,16307.314106427035,16307.314106427035,-16307.314106427035,-16307.314106427035,188.54265880062786,188.54265880062786,-188.54265880062786,-188.54265880062786
50.163,0.02070000000000008,5.72304754154373e-20,-1.011201927501801e-20,0.04099942866928528,5.907350849298922e-19,2.7241822099949167e-18,-1.3257389876278937e-19,1.0,16311.084947752395,16311.084947752395,-16311.084947752395,-16311.084947752395,188.54161264409885,188.54161264409885,-188.54161264409885,-188.54161264409885
50.183,0.02070000000000008,5.72304754154373e-20,-1.011201927501801e-20,0.04099942866928528,5.907350849298922e-19,2.7241822099949167e-18,-1.3257389876278937e-19,1.0,16314.855772817496,16314.855772817496,-16314.855772817496,-16314.855772817496,188.54097811808916,188.54097811808916,-188.54097811808916,-188.54097811808916
50.203,0.018199999999999855,5.72304754154373e-20,-1.011201927501801e-20,0.04099942866928528,5.907350849298922e-19,2.7241822099949167e-18,-1.3257389876278937e-19,1.0,16318.626588020246,16318.626588020246,-16318.626588020246,-16318.626588020246,188.54059325860985,188.54059325860985,-188.54059325860985,-188.54059325860985
50.223,0.018199999999999855,5.72304754154373e-20,-1.011201927501801e-20,0.04099942866928528,5.907350849298922e-19,2.7241822099949167e-18,-1.3257389876278937e-19,1.0,16322.39739724118,16322.39739724118,-16322.39739724118,-16322.39739724118,188.540359829536,188.540359829536,-188.540359829536,-188.540359829536
50.243,0.018199999999999855,5.72304754154373e-20,-1.011201927501801e-20,0.04099942866928528,5.907350849298922e-19,2.7241822099949167e-18,-1.3257389876278937e-19,1.0,16326.168202833962,16326.168202833962,-16326.168202833962,-16326.168202833962,188.5402182476458,188.5402182476458,-188.5402182476458,-188.5402182476458
50.263,0.015699999999999992,5.72304754154373e-20,-1.011201927501801e-20,0.04099942866928528,5.907350849298922e-19,2.7241822099949167e-18,-1.3257389876278937e-19,1.0,16329.939006226154,16329.939006226154,-16329.939006226154,-16329.939006226154,188.54013237388855,188.54013237388855,-188.54013237388855,-188.54013237388855
50.283,0.015699999999999992,5.72304754154373e-20,-1.011201927501801e-20,0.04099942866928528,5.907350849298922e-19,2.7241822099949167e-18,-1.3257389876278937e-19,1.0,16333.709808283622,16333.709808283622,-16333.709808283622,-16333.709808283622,188.54008028882197,188.54008028882197,-188.54008028882197,-188.54008028882197
50.303,0.013200000000000156,5.72304754154373e-20,-1.011201927501801e-20,0.04099942866928528,5.907350849298922e-19,2.7241822099949167e-18,-1.3257389876278937e-19,1.0,16337.480609531536,16337.480609531536,-16337.480609531536,-16337.480609531536,188.54004869763216,188.54004869763216,-188.54004869763216,-188.54004869763216
50.323,0.013200000000000156,5.72304754154373e-20,-1.011201927501801e-20,0.04099942866928528,5.907350849298922e-19,2.7241822099949167e-18,-1.3257389876278937e-19,1.0,16341.251410288432,16341.251410288432,-16341.251410288432,-16341.251410288432,188.54002953660702,188.54002953660702,-188.54002953660702,-188.54002953660702
50.343,0.013200000000000156,5.72304754154373e-20,-1.011201927501801e-20,0.04099942866928528,5.907350849298922e-19,2.7241822099949167e-18,-1.3257389876278937e-19,1.0,16345.022210747515,16345.022210747515,-16345.022210747515,-16345.022210747515,188.5400179148578,188.5400179148578,-188.5400179148578,-188.5400179148578
50.363,0.010699999999999932,5.72304754154373e-20,-1.011201927501801e-20,0.04099942866928528,5.907350849298922e-19,2.7241822099949167e-18,-1.3257389876278937e-19,1.0,16348.79301102596,16348.79301102596,-16348.79301102596,-16348.79301102596,188.5400108659105,188.5400108659105,-188.5400108659105,-188.5400108659105
50.383,0.010699999999999932,5.72304754154373e-20,-1.011201927501801e-20,0.04099942866928528,5.907350849298922e-19,2.7241822099949167e-18,-1.3257389876278937e-19,1.0,16352.56381119485,16352.56381119485,-16352.56381119485,-16352.56381119485,188.54000659050786,188.54000659050786,-188.54000659050786,-188.54000659050786
50.403,0.008200000000000068,5.72304754154373e-20,-1.011201927501801e-20,0.04099942866928528,5.907350849298922e-19,2.7241822099949167e-18,-1.3257389876278937e-19,1.0,16356.33461129729,16356.33461129729,-16356.33461129729,-16356.33461129729,188.54000399734505,188.54000399734505,-188.54000399734505,-188.54000399734505
50.423,0.008200000000000068,5.72304754154373e-20,-1.011201927501801e-20,0.04099942866928528,5.907350849298922e-19,2.7241822099949167e-18,-1.3257389876278937e-19,1.0,16360.105411359422,16360.105411359422,-16360.105411359422,-16360.105411359422,188.54000242451232,188.54000242451232,-188.54000242451232,-188.54000242451232
50.443,0.008200000000000068,5.72304754154373e-20,-1.011201927501801e-20,0.04099942866928528,5.907350849298922e-19,2.7241822099949167e-18,-1.3257389876278937e-19,1.0,16363.876211397104,16363.876211397104,-16363.876211397104,-16363.876211397104,188.54000147054103,188.54000147054103,-188.54000147054103,-188.54000147054103
50.463,0.005699999999999872,5.72304754154373e-20,-1.011201927501801e-20,0.04099942866928528,5.907350849298922e-19,2.7241822099949167e-18,-1.3257389876278937e-19,1.0,16367.647011419958,16367.647011419958,-16367.647011419958,-16367.647011419958,188.5400008919282,188.5400008919282,-188.5400008919282,-188.5400008919282
50.483,0.005699999999999872,5.72304754154373e-20,-1.011201927501801e-20,0.04099942866928528,5.907350849298922e-19,2.7241822099949167e-18,-1.3257389876278937e-19,1.0,16371.41781143382,16371.41781143382,-16371.41781143382,-16371.41781143382,188.54000054098174,188.54000054098174,-188.54000054098174,-188.54000054098174
50.503,0.0032000000000000084,5.72304754154373e-20,-1.011201927501801e-20,0.04099942866928528,5.907350849298922e-19,2.7241822099949167e-18,-1.3257389876278937e-19,1.0,16375.188611442227,16375.188611442227,-16375.188611442227,-16375.188611442227,188.54000032812195,188.54000032812195,-188.54000032812195,-188.54000032812195
50.523,0.0032000000000000084,5.72304754154373e-20,-1.011201927501801e-20,0.04099942866928528,5.907350849298922e-19,2.7241822099949167e-18,-1.3257389876278937e-19,1.0,16378.959411447326,16378.959411447326,-16378.959411447326,-16378.959411447326,188.54000019901605,188.54000019901605,-188.54000019901605,-188.54000019901605
50.543,0.0032000000000000084,5.72304754154373e-20,-1.011201927501801e-20,0.04099942866928528,5.907350849298922e-19,2.7241822099949167e-18,-1.3257389876278937e-19,1.0,16382.73021145042,16382.73021145042,-16382.73021145042,-16382.73021145042,188.5400001207093,188.5400001207093,-188.5400001207093,-188.5400001207093
50.563,0.000700000000000145,5.72304754154373e-20,-1.011201927501801e-20,0.04099942866928528,5.907350849298922e-19,2.7241822099949167e-18,-1.3257389876278937e-19,1.0,16386.501011452292,16386.501011452292,-16386.501011452292,-16386.501011452292,188.54000007321386,188.54000007321386,-188.54000007321386,-188.54000007321386
50.583,0.000700000000000145,5.72304754154373e-20,-1.011201927501801e-20,0.04099942866928528,5.907350849298922e-19,2.7241822099949167e-18,-1.3257389876278937e-19,1.0,16390.27181145343,16390.27181145343,-16390.27181145343,-16390.27181145343,188.5400000444064,188.5400000444064,-188.5400000444064,-188.5400000444064
