sim_time,foot_z,leg_q,leg_qdot,spring_force,phase
2.165999889,0.799990177,-0.000000000,-0.000000000,3.427799940,AERIAL
2.167000055,0.799970627,0.000000000,0.000000004,0.000000000,AERIAL
2.167999983,0.799941182,0.000000000,-0.000000004,0.000000000,AERIAL
2.168999910,0.799902022,-0.000000000,-0.000000004,3.427800179,AERIAL
2.170000076,0.799853027,0.000000000,0.000000007,0.000000000,AERIAL
2.171000004,0.799794197,0.000000000,-0.000000004,0.000000000,AERIAL
2.171999931,0.799725592,-0.000000000,-0.000000004,3.427800179,AERIAL
2.173000097,0.799647212,0.000000000,0.000000007,0.000000000,AERIAL
2.174000025,0.799558997,0.000000000,-0.000000004,0.000000000,AERIAL
2.174999952,0.799461007,-0.000000000,-0.000000004,3.427800179,AERIAL
2.176000118,0.799353182,0.000000000,0.000000007,0.000000000,AERIAL
2.177000046,0.799235582,0.000000000,-0.000000004,0.000000000,AERIAL
2.177999973,0.799108207,-0.000000000,-0.000000004,3.427800179,AERIAL
2.178999901,0.798970997,0.000000000,0.000000007,0.000000000,AERIAL
2.180000067,0.798824012,0.000000000,-0.000000004,0.000000000,AERIAL
2.180999994,0.798667192,-0.000000000,-0.000000004,3.427800179,AERIAL
2.181999922,0.798500597,0.000000000,0.000000007,0.000000000,AERIAL
2.183000088,0.798324227,0.000000000,-0.000000004,0.000000000,AERIAL
2.184000015,0.798138022,-0.000000000,-0.000000004,3.427800179,AERIAL
2.184999943,0.797941983,0.000000000,0.000000007,0.000000000,AERIAL
2.186000109,0.797736228,0.000000000,-0.000000004,0.000000000,AERIAL
2.187000036,0.797520578,-0.000000000,-0.000000004,3.427800179,AERIAL
2.187999964,0.797295213,0.000000000,0.000000007,0.000000000,AERIAL
2.188999891,0.797060013,0.000000000,-0.000000004,0.000000000,AERIAL
2.190000057,0.796814978,-0.000000000,-0.000000004,3.427800179,AERIAL
2.190999985,0.796560228,0.000000000,0.000000007,0.000000000,AERIAL
2.191999912,0.796295583,0.000000000,-0.000000004,0.000000000,AERIAL
2.193000078,0.796021223,-0.000000000,-0.000000004,3.427800179,AERIAL
2.194000006,0.795737028,0.000000000,0.000000007,0.000000000,AERIAL
2.194999933,0.795442998,0.000000000,-0.000000004,0.000000000,AERIAL
2.196000099,0.795139194,-0.000000000,-0.000000004,3.427800179,AERIAL
2.197000027,0.794825613,0.000000000,0.000000007,0.000000000,AERIAL
2.197999954,0.794502199,0.000000000,-0.000000004,0.000000000,AERIAL
2.198999882,0.794169009,-0.000000000,-0.000000004,3.427800179,AERIAL
2.200000048,0.793825984,0.000000000,0.000000007,0.000000000,AERIAL
2.200999975,0.793473184,0.000000000,-0.000000004,0.000000000,AERIAL
2.201999903,0.793110609,-0.000000000,-0.000000004,3.427800179,AERIAL
2.203000069,0.792738199,0.000000000,0.000000007,0.000000000,AERIAL
2.203999996,0.792356014,0.000000000,-0.000000004,0.000000000,AERIAL
2.204999924,0.791963995,-0.000000000,-0.000000004,3.427800179,AERIAL
2.206000090,0.791562200,0.000000000,0.000000007,0.000000000,AERIAL
2.207000017,0.791150630,0.000000000,-0.000000004,0.000000000,AERIAL
2.207999945,0.790729225,-0.000000000,-0.000000004,3.427800179,AERIAL
2.209000111,0.790297985,0.000000000,0.000000007,0.000000000,AERIAL
2.210000038,0.789856970,0.000000000,-0.000000004,0.000000000,AERIAL
2.210999966,0.789406180,-0.000000000,-0.000000004,3.427800179,AERIAL
2.211999893,0.788945615,0.000000000,0.000000007,0.000000000,AERIAL
2.213000059,0.788475215,0.000000000,-0.000000004,0.000000000,AERIAL
2.213999987,0.787994981,-0.000000000,-0.000000004,3.427800179,AERIAL
2.214999914,0.787504971,0.000000000,0.000000007,0.000000000,AERIAL
2.216000080,0.787005186,0.000000000,-0.000000004,0.000000000,AERIAL
2.217000008,0.786495626,-0.000000000,-0.000000004,3.427800179,AERIAL
2.217999935,0.785976171,0.000000000,0.000000007,0.000000000,AERIAL
2.219000101,0.785447001,0.000000000,-0.000000004,0.000000000,AERIAL
2.220000029,0.784907997,-0.000000000,-0.000000004,3.427800179,AERIAL
2.220999956,0.784359217,0.000000000,0.000000007,0.000000000,AERIAL
2.221999884,0.783800602,0.000000000,-0.000000004,0.000000000,AERIAL
2.223000050,0.783232212,-0.000000000,-0.000000004,3.427800179,AERIAL
2.223999977,0.782653987,0.000000000,0.000000007,0.000000000,AERIAL
2.224999905,0.782065988,0.000000000,-0.000000004,0.000000000,AERIAL
2.226000071,0.781468213,-0.000000000,-0.000000004,3.427800179,AERIAL
2.226999998,0.780860603,0.000000000,0.000000007,0.000000000,AERIAL
2.227999926,0.780243218,0.000000000,-0.000000004,0.000000000,AERIAL
2.229000092,0.779615998,-0.000000000,-0.000000004,3.427800179,AERIAL
2.230000019,0.778979003,0.000000000,0.000000007,0.000000000,AERIAL
2.230999947,0.778332174,0.000000000,-0.000000004,0.000000000,AERIAL
2.232000113,0.777675629,-0.000000000,-0.000000004,3.427800179,AERIAL
2.233000040,0.777009189,0.000000000,0.000000007,0.000000000,AERIAL
2.233999968,0.776332974,0.000000000,-0.000000004,0.000000000,AERIAL
2.234999895,0.775646985,-0.000000000,-0.000000004,3.427800179,AERIAL
2.236000061,0.774951220,0.000000000,0.000000007,0.000000000,AERIAL
2.236999989,0.774245620,0.000000000,-0.000000004,0.000000000,AERIAL
2.237999916,0.773530185,-0.000000000,-0.000000004,3.427800179,AERIAL
2.239000082,0.772804976,0.000000000,0.000000007,0.000000000,AERIAL
2.240000010,0.772069991,0.000000000,-0.000000004,0.000000000,AERIAL
2.240999937,0.771325171,-0.000000000,-0.000000004,3.427800179,AERIAL
2.242000103,0.770570576,0.000000000,0.000000007,0.000000000,AERIAL
2.243000031,0.769806206,0.000000000,-0.000000004,0.000000000,AERIAL
2.243999958,0.769032001,-0.000000000,-0.000000004,3.427800179,AERIAL
2.244999886,0.768248022,0.000000000,0.000000007,0.000000000,AERIAL
2.246000051,0.767454207,0.000000000,-0.000000004,0.000000000,AERIAL
2.246999979,0.766650617,-0.000000000,-0.000000004,3.427800179,AERIAL
2.247999907,0.765837193,0.000000000,0.000000007,0.000000000,AERIAL
2.249000072,0.765013993,0.000000000,-0.000000004,0.000000000,AERIAL
2.250000000,0.764181018,-0.000000000,-0.000000004,3.427800179,AERIAL
2.250999928,0.763338208,0.000000000,0.000000007,0.000000000,AERIAL
2.252000093,0.762485623,0.000000000,-0.000000004,0.000000000,AERIAL
2.253000021,0.761623204,-0.000000000,-0.000000004,3.427800179,AERIAL
2.253999949,0.760751009,0.000000000,0.000000007,0.000000000,AERIAL
2.255000114,0.759868979,0.000000000,-0.000000004,0.000000000,AERIAL
2.256000042,0.758977175,-0.000000000,-0.000000004,3.427800179,AERIAL
2.256999969,0.758075595,0.000000000,0.000000007,0.000000000,AERIAL
2.257999897,0.757164180,0.000000000,-0.000000004,0.000000000,AERIAL
2.259000063,0.756242990,-0.000000000,-0.000000004,3.427800179,AERIAL
2.259999990,0.755312026,0.000000000,0.000000007,0.000000000,AERIAL
2.260999918,0.754371226,0.000000000,-0.000000004,0.000000000,AERIAL
2.262000084,0.753420591,-0.000000000,-0.000000004,3.427800179,AERIAL
2.263000011,0.752460182,0.000000000,0.000000007,0.000000000,AERIAL
2.263999939,0.751489997,0.000000000,-0.000000004,0.000000000,AERIAL
2.265000105,0.750509977,-0.000000000,-0.000000004,3.427800179,AERIAL
2.266000032,0.749520183,0.000000000,0.000000007,0.000000000,AERIAL
2.266999960,0.748520613,0.000000000,-0.000000004,0.000000000,AERIAL
2.267999887,0.747511208,-0.000000000,-0.000000004,3.427800179,AERIAL
2.269000053,0.746492028,0.000000000,0.000000007,0.000000000,AERIAL
2.269999981,0.745463014,0.000000000,-0.000000004,0.000000000,AERIAL
2.270999908,0.744424224,-0.000000000,-0.000000004,3.427800179,AERIAL
2.272000074,0.743375599,0.000000000,0.000000007,0.000000000,AERIAL
2.273000002,0.742317200,0.000000000,-0.000000004,0.000000000,AERIAL
2.273999929,0.741249025,-0.000000000,-0.000000004,3.427800179,AERIAL
2.275000095,0.740171015,0.000000000,0.000000007,0.000000000,AERIAL
2.276000023,0.739083171,0.000000000,-0.000000004,0.000000000,AERIAL
2.276999950,0.737985611,-0.000000000,-0.000000004,3.427800179,AERIAL
2.278000116,0.736878216,0.000000000,0.000000007,0.000000000,AERIAL
2.279000044,0.735760987,0.000000000,-0.000000004,0.000000000,AERIAL
2.279999971,0.734633982,-0.000000000,-0.000000004,3.427800179,AERIAL
2.280999899,0.733497202,0.000000000,0.000000007,0.000000000,AERIAL
2.282000065,0.732350588,0.000000000,-0.000000004,0.000000000,AERIAL
2.282999992,0.731194198,-0.000000000,-0.000000004,3.427800179,AERIAL
2.283999920,0.730027974,0.000000000,0.000000007,0.000000000,AERIAL
2.285000086,0.728851974,0.000000000,-0.000000004,0.000000000,AERIAL
2.286000013,0.727666199,-0.000000000,-0.000000004,3.427800179,AERIAL
2.286999941,0.726470590,0.000000000,0.000000007,0.000000000,AERIAL
2.288000107,0.725265205,0.000000000,-0.000000004,0.000000000,AERIAL
2.289000034,0.724049985,-0.000000000,-0.000000004,3.427800179,AERIAL
2.289999962,0.722824991,0.000000000,0.000000007,0.000000000,AERIAL
2.290999889,0.721590221,0.000000000,-0.000000004,0.000000000,AERIAL
2.292000055,0.720345616,-0.000000000,-0.000000004,3.427800179,AERIAL
2.292999983,0.719091177,0.000000000,0.000000007,0.000000000,AERIAL
2.293999910,0.717827022,0.000000000,-0.000000004,0.000000000,AERIAL
2.295000076,0.716552973,-0.000000000,-0.000000004,3.427800179,AERIAL
2.296000004,0.715269208,0.000000000,0.000000007,0.000000000,AERIAL
2.296999931,0.713975608,0.000000000,-0.000000004,0.000000000,AERIAL
2.298000097,0.712672174,-0.000000000,-0.000000004,3.427800179,AERIAL
2.299000025,0.711359024,0.000000000,0.000000007,0.000000000,AERIAL
2.299999952,0.710035980,0.000000000,-0.000000004,0.000000000,AERIAL
2.301000118,0.708703220,-0.000000000,-0.000000004,3.427800179,AERIAL
2.302000046,0.707360625,0.000000000,0.000000007,0.000000000,AERIAL
2.302999973,0.706008196,0.000000000,-0.000000004,0.000000000,AERIAL
2.303999901,0.704645991,-0.000000000,-0.000000004,3.427800179,AERIAL
2.305000067,0.703274012,0.000000000,0.000000007,0.000000000,AERIAL
2.305999994,0.701892197,0.000000000,-0.000000004,0.000000000,AERIAL
2.306999922,0.700500607,-0.000000000,-0.000000004,3.427800179,AERIAL
2.308000088,0.699099183,0.000000000,0.000000007,0.000000000,AERIAL
2.309000015,0.697687984,0.000000000,-0.000000004,0.000000000,AERIAL
2.309999943,0.696267009,-0.000000000,-0.000000004,3.427800179,AERIAL
2.311000109,0.694836199,0.000000000,0.000000007,0.000000000,AERIAL
2.312000036,0.693395615,0.000000000,-0.000000004,0.000000000,AERIAL
2.312999964,0.691945195,-0.000000000,-0.000000004,3.427800179,AERIAL
2.313999891,0.690485001,0.000000000,0.000000007,0.000000000,AERIAL
2.315000057,0.689014971,0.000000000,-0.000000004,0.000000000,AERIAL
2.315999985,0.687535226,-0.000000000,-0.000000004,3.427800179,AERIAL
2.316999912,0.686045587,0.000000000,0.000000007,0.000000000,AERIAL
2.318000078,0.684546173,0.000000000,-0.000000004,0.000000000,AERIAL
2.319000006,0.683036983,-0.000000000,-0.000000004,3.427800179,AERIAL
2.319999933,0.681518018,0.000000000,0.000000007,0.000000000,AERIAL
2.321000099,0.679989219,0.000000000,-0.000000004,0.000000000,AERIAL
2.322000027,0.678450584,-0.000000000,-0.000000004,3.427800179,AERIAL
2.322999954,0.676902175,0.000000000,0.000000007,0.000000000,AERIAL
2.323999882,0.675343990,0.000000000,-0.000000004,0.000000000,AERIAL
2.325000048,0.673775971,-0.000000000,-0.000000004,3.427800179,AERIAL
2.325999975,0.672198176,0.000000000,0.000000007,0.000000000,AERIAL
2.326999903,0.670610607,0.000000000,-0.000000004,0.000000000,AERIAL
2.328000069,0.669013202,-0.000000000,-0.000000004,3.427800179,AERIAL
2.328999996,0.667406023,0.000000000,0.000000007,0.000000000,AERIAL
2.329999924,0.665789008,0.000000000,-0.000000004,0.000000000,AERIAL
2.331000090,0.664162219,-0.000000000,-0.000000004,3.427800179,AERIAL
2.332000017,0.662525594,0.000000000,0.000000007,0.000000000,AERIAL
2.332999945,0.660879195,0.000000000,-0.000000004,0.000000000,AERIAL
2.334000111,0.659223020,-0.000000000,-0.000000004,3.427800179,AERIAL
2.335000038,0.657557011,0.000000000,0.000000007,0.000000000,AERIAL
2.335999966,0.655881226,0.000000000,-0.000000004,0.000000000,AERIAL
2.336999893,0.654195607,-0.000000000,-0.000000004,3.427800179,AERIAL
2.338000059,0.652500212,0.000000000,0.000000007,0.000000000,AERIAL
2.338999987,0.650794983,0.000000000,-0.000000004,0.000000000,AERIAL
2.339999914,0.649079978,-0.000000000,-0.000000004,3.427800179,AERIAL
2.341000080,0.647355199,0.000000000,0.000000007,0.000000000,AERIAL
2.342000008,0.645620584,0.000000000,-0.000000004,0.000000000,AERIAL
2.342999935,0.643876195,-0.000000000,-0.000000004,3.427800179,AERIAL
2.344000101,0.642121971,0.000000000,0.000000007,0.000000000,AERIAL
2.345000029,0.640357971,0.000000000,-0.000000004,0.000000000,AERIAL
2.345999956,0.638584197,-0.000000000,-0.000000004,3.427800179,AERIAL
2.346999884,0.636800587,0.000000000,0.000000007,0.000000000,AERIAL
2.348000050,0.635007203,0.000000000,-0.000000004,0.000000000,AERIAL
2.348999977,0.633203983,-0.000000000,-0.000000004,3.427800179,AERIAL
2.349999905,0.631390989,0.000000000,0.000000007,0.000000000,AERIAL
2.351000071,0.629568219,0.000000000,-0.000000004,0.000000000,AERIAL
2.351999998,0.627735615,-0.000000000,-0.000000004,3.427800179,AERIAL
2.352999926,0.625893176,0.000000000,0.000000007,0.000000000,AERIAL
2.354000092,0.624041021,0.000000000,-0.000000004,0.000000000,AERIAL
2.355000019,0.622178972,-0.000000000,-0.000000004,3.427800179,AERIAL
2.355999947,0.620307207,0.000000000,0.000000007,0.000000000,AERIAL
2.357000113,0.618425608,0.000000000,-0.000000004,0.000000000,AERIAL
2.358000040,0.616534173,-0.000000000,-0.000000004,3.427800179,AERIAL
2.358999968,0.614633024,0.000000000,0.000000007,0.000000000,AERIAL
2.359999895,0.612721980,0.000000000,-0.000000004,0.000000000,AERIAL
2.361000061,0.610801220,-0.000000000,-0.000000004,3.427800179,AERIAL
2.361999989,0.608870625,0.000000000,0.000000007,0.000000000,AERIAL
2.362999916,0.606930196,0.000000000,-0.000000004,0.000000000,AERIAL
2.364000082,0.604979992,-0.000000000,-0.000000004,3.427800179,AERIAL
2.365000010,0.603020012,0.000000000,0.000000007,0.000000000,AERIAL
2.365999937,0.601050198,0.000000000,-0.000000004,0.000000000,AERIAL
2.367000103,0.599070609,-0.000000000,-0.000000004,3.427800179,AERIAL
2.368000031,0.597081184,0.000000000,0.000000007,0.000000000,AERIAL
2.368999958,0.595081985,0.000000000,-0.000000004,0.000000000,AERIAL
2.369999886,0.593073010,-0.000000000,-0.000000004,3.427800179,AERIAL
2.371000051,0.591054201,0.000000000,0.000000007,0.000000000,AERIAL
2.371999979,0.589025617,0.000000000,-0.000000004,0.000000000,AERIAL
2.372999907,0.586987197,-0.000000000,-0.000000004,3.427800179,AERIAL
2.374000072,0.584939003,0.000000000,0.000000007,0.000000000,AERIAL
2.375000000,0.582880974,0.000000000,-0.000000004,0.000000000,AERIAL
2.375999928,0.580813229,-0.000000000,-0.000000004,3.427800179,AERIAL
2.377000093,0.578735590,0.000000000,0.000000007,0.000000000,AERIAL
2.378000021,0.576648176,0.000000000,-0.000000004,0.000000000,AERIAL
2.378999949,0.574550986,-0.000000000,-0.000000004,3.427800179,AERIAL
2.380000114,0.572444022,0.000000000,0.000000007,0.000000000,AERIAL
2.381000042,0.570327222,0.000000000,-0.000000004,0.000000000,AERIAL
2.381999969,0.568200588,-0.000000000,-0.000000004,3.427800179,AERIAL
2.382999897,0.566064179,0.000000000,0.000000007,0.000000000,AERIAL
2.384000063,0.563917994,0.000000000,-0.000000004,0.000000000,AERIAL
2.384999990,0.561761975,-0.000000000,-0.000000004,3.427800179,AERIAL
2.385999918,0.559596181,0.000000000,0.000000007,0.000000000,AERIAL
2.387000084,0.557420611,0.000000000,-0.000000004,0.000000000,AERIAL
2.388000011,0.555235207,-0.000000000,-0.000000004,3.427800179,AERIAL
2.388999939,0.553040028,0.000000000,0.000000007,0.000000000,AERIAL
2.390000105,0.550835013,0.000000000,-0.000000004,0.000000000,AERIAL
2.391000032,0.548620224,-0.000000000,-0.000000004,3.427800179,AERIAL
2.391999960,0.546395600,0.000000000,0.000000007,0.000000000,AERIAL
2.392999887,0.544161201,0.000000000,-0.000000004,0.000000000,AERIAL
2.394000053,0.541917026,-0.000000000,-0.000000004,3.427800179,AERIAL
2.394999981,0.539663017,0.000000000,0.000000007,0.000000000,AERIAL
2.395999908,0.537399173,0.000000000,-0.000000004,0.000000000,AERIAL
2.397000074,0.535125613,-0.000000000,-0.000000004,3.427800179,AERIAL
2.398000002,0.532842219,0.000000000,0.000000007,0.000000000,AERIAL
2.398999929,0.530548990,0.000000000,-0.000000004,0.000000000,AERIAL
2.400000095,0.528245986,-0.000000000,-0.000000004,3.427800179,AERIAL
2.401000023,0.525933206,0.000000000,0.000000007,0.000000000,AERIAL
2.401999950,0.523610592,0.000000000,-0.000000004,0.000000000,AERIAL
2.403000116,0.521278203,-0.000000000,-0.000000004,3.427800179,AERIAL
2.404000044,0.518935978,0.000000000,0.000000007,0.000000000,AERIAL
2.404999971,0.516583979,0.000000000,-0.000000004,0.000000000,AERIAL
2.405999899,0.514222205,-0.000000000,-0.000000004,3.427800179,AERIAL
2.407000065,0.511850595,0.000000000,0.000000007,0.000000000,AERIAL
2.407999992,0.509469211,0.000000000,-0.000000004,0.000000000,AERIAL
2.408999920,0.507077992,-0.000000000,-0.000000004,3.427800179,AERIAL
2.410000086,0.504676998,0.000000000,0.000000007,0.000000000,AERIAL
2.411000013,0.502266228,0.000000000,-0.000000004,0.000000000,AERIAL
2.411999941,0.499845594,-0.000000000,-0.000000004,3.427800179,AERIAL
2.413000107,0.497415215,0.000000000,0.000000007,0.000000000,AERIAL
2.414000034,0.494975001,0.000000000,-0.000000004,0.000000000,AERIAL
2.414999962,0.492525011,-0.000000000,-0.000000004,3.427800179,AERIAL
2.415999889,0.490065187,0.000000000,0.000000007,0.000000000,AERIAL
2.417000055,0.487595588,0.000000000,-0.000000004,0.000000000,AERIAL
2.417999983,0.485116214,-0.000000000,-0.000000004,3.427800179,AERIAL
2.418999910,0.482627004,0.000000000,0.000000007,0.000000000,AERIAL
2.420000076,0.480127990,0.000000000,-0.000000004,0.000000000,AERIAL
2.421000004,0.477619201,-0.000000000,-0.000000004,3.427800179,AERIAL
2.421999931,0.475100607,0.000000000,0.000000007,0.000000000,AERIAL
2.423000097,0.472572207,0.000000000,-0.000000004,0.000000000,AERIAL
2.424000025,0.470034003,-0.000000000,-0.000000004,3.427800179,AERIAL
2.424999952,0.467485994,0.000000000,0.000000007,0.000000000,AERIAL
2.426000118,0.464928210,0.000000000,-0.000000004,0.000000000,AERIAL
2.427000046,0.462360591,-0.000000000,-0.000000004,3.427800179,AERIAL
2.427999973,0.459783196,0.000000000,0.000000007,0.000000000,AERIAL
2.428999901,0.457195997,0.000000000,-0.000000004,0.000000000,AERIAL
2.430000067,0.454598993,-0.000000000,-0.000000004,3.427800179,AERIAL
2.430999994,0.451992214,0.000000000,0.000000007,0.000000000,AERIAL
2.431999922,0.449375600,0.000000000,-0.000000004,0.000000000,AERIAL
2.433000088,0.446749210,-0.000000000,-0.000000004,3.427800179,AERIAL
2.434000015,0.444112986,0.000000000,0.000000007,0.000000000,AERIAL
2.434999943,0.441466987,0.000000000,-0.000000004,0.000000000,AERIAL
2.436000109,0.438811213,-0.000000000,-0.000000004,3.427800179,AERIAL
2.437000036,0.436145604,0.000000000,0.000000007,0.000000000,AERIAL
2.437999964,0.433470190,0.000000000,-0.000000004,0.000000000,AERIAL
2.438999891,0.430785000,-0.000000000,-0.000000004,3.427800179,AERIAL
2.440000057,0.428090006,0.000000000,0.000000007,0.000000000,AERIAL
2.440999985,0.425385207,0.000000000,-0.000000004,0.000000000,AERIAL
2.441999912,0.422670603,-0.000000000,-0.000000004,3.427800179,AERIAL
2.443000078,0.419946194,0.000000000,0.000000007,0.000000000,AERIAL
2.444000006,0.417212009,0.000000000,-0.000000004,0.000000000,AERIAL
2.444999933,0.414467990,-0.000000000,-0.000000004,3.427800179,AERIAL
2.446000099,0.411714196,0.000000000,0.000000007,0.000000000,AERIAL
2.447000027,0.408950597,0.000000000,-0.000000004,0.000000000,AERIAL
2.447999954,0.406177193,-0.000000000,-0.000000004,3.427800179,AERIAL
2.448999882,0.403394014,0.000000000,0.000000007,0.000000000,AERIAL
2.450000048,0.400601000,0.000000000,-0.000000004,0.000000000,AERIAL
2.450999975,0.397798210,-0.000000000,-0.000000004,3.427800179,AERIAL
2.451999903,0.394985586,0.000000000,0.000000007,0.000000000,AERIAL
2.453000069,0.392163187,0.000000000,-0.000000004,0.000000000,AERIAL
2.453999996,0.389331013,-0.000000000,-0.000000004,3.427800179,AERIAL
2.454999924,0.386489004,0.000000000,0.000000007,0.000000000,AERIAL
2.456000090,0.383637190,0.000000000,-0.000000004,0.000000000,AERIAL
2.457000017,0.380775601,-0.000000000,-0.000000004,3.427800179,AERIAL
2.457999945,0.377904207,0.000000000,0.000000007,0.000000000,AERIAL
2.459000111,0.375023007,0.000000000,-0.000000004,0.000000000,AERIAL
2.460000038,0.372132003,-0.000000000,-0.000000004,3.427800179,AERIAL
2.460999966,0.369231194,0.000000000,0.000000007,0.000000000,AERIAL
2.461999893,0.366320610,0.000000000,-0.000000004,0.000000000,AERIAL
2.463000059,0.363400191,-0.000000000,-0.000000004,3.427800179,AERIAL
2.463999987,0.360469997,0.000000000,0.000000007,0.000000000,AERIAL
2.464999914,0.357529998,0.000000000,-0.000000004,0.000000000,AERIAL
2.466000080,0.354580194,-0.000000000,-0.000000004,3.427800179,AERIAL
2.467000008,0.351620615,0.000000000,0.000000007,0.000000000,AERIAL
2.467999935,0.348651201,0.000000000,-0.000000004,0.000000000,AERIAL
2.469000101,0.345672011,-0.000000000,-0.000000004,3.427800179,AERIAL
2.470000029,0.342682987,0.000000000,0.000000007,0.000000000,AERIAL
2.470999956,0.339684188,0.000000000,-0.000000004,0.000000000,AERIAL
2.471999884,0.336675614,-0.000000000,-0.000000004,3.427800179,AERIAL
2.473000050,0.333657205,0.000000000,0.000000007,0.000000000,AERIAL
2.473999977,0.330628991,0.000000000,-0.000000004,0.000000000,AERIAL
2.474999905,0.327591002,-0.000000000,-0.000000004,3.427800179,AERIAL
2.476000071,0.324543208,0.000000000,0.000000007,0.000000000,AERIAL
2.476999998,0.321485609,0.000000000,-0.000000004,0.000000000,AERIAL
2.477999926,0.318418205,-0.000000000,-0.000000004,3.427800179,AERIAL
2.479000092,0.315340996,0.000000000,0.000000007,0.000000000,AERIAL
2.480000019,0.312254012,0.000000000,-0.000000004,0.000000000,AERIAL
2.480999947,0.309157193,-0.000000000,-0.000000004,3.427800179,AERIAL
2.482000113,0.306050599,0.000000000,0.000000007,0.000000000,AERIAL
2.483000040,0.302934200,0.000000000,-0.000000004,0.000000000,AERIAL
2.483999968,0.299807996,-0.000000000,-0.000000004,3.427800179,AERIAL
2.484999895,0.296671987,0.000000000,0.000000007,0.000000000,AERIAL
2.486000061,0.293526202,0.000000000,-0.000000004,0.000000000,AERIAL
2.486999989,0.290370613,-0.000000000,-0.000000004,3.427800179,AERIAL
2.487999916,0.287205189,0.000000000,0.000000007,0.000000000,AERIAL
2.489000082,0.284029990,0.000000000,-0.000000004,0.000000000,AERIAL
2.490000010,0.280844986,-0.000000000,-0.000000004,3.427800179,AERIAL
2.490999937,0.277650207,0.000000000,0.000000007,0.000000000,AERIAL
2.492000103,0.274445593,0.000000000,-0.000000004,0.000000000,AERIAL
2.493000031,0.271231204,-0.000000000,-0.000000004,3.427800179,AERIAL
2.493999958,0.268007010,0.000000000,0.000000007,0.000000000,AERIAL
2.494999886,0.264773011,0.000000000,-0.000000004,0.000000000,AERIAL
2.496000051,0.261529207,-0.000000000,-0.000000004,3.427800179,AERIAL
2.496999979,0.258275598,0.000000000,0.000000007,0.000000000,AERIAL
2.497999907,0.255012214,0.000000000,-0.000000004,0.000000000,AERIAL
2.499000072,0.251738995,-0.000000000,-0.000000004,3.427800179,AERIAL
2.500000000,0.248456001,0.000000000,0.000000007,0.000000000,AERIAL
2.500999928,0.245163202,0.000000000,-0.000000004,0.000000000,AERIAL
2.502000093,0.241860598,-0.000000000,-0.000000004,3.427800179,AERIAL
2.503000021,0.238548204,0.000000000,0.000000007,0.000000000,AERIAL
2.503999949,0.235226005,0.000000000,-0.000000004,0.000000000,AERIAL
2.505000114,0.231894001,-0.000000000,-0.000000004,3.427800179,AERIAL
2.506000042,0.228552207,0.000000000,0.000000007,0.000000000,AERIAL
2.506999969,0.225200593,0.000000000,-0.000000004,0.000000000,AERIAL
2.507999897,0.221839204,-0.000000000,-0.000000004,3.427800179,AERIAL
2.509000063,0.218467996,0.000000000,0.000000007,0.000000000,AERIAL
2.509999990,0.215086997,0.000000000,-0.000000004,0.000000000,AERIAL
2.510999918,0.211696193,-0.000000000,-0.000000004,3.427800179,AERIAL
2.512000084,0.208295599,0.000000000,0.000000007,0.000000000,AERIAL
2.513000011,0.204885200,0.000000000,-0.000000004,0.000000000,AERIAL
2.513999939,0.201464996,-0.000000000,-0.000000004,3.427800179,AERIAL
2.515000105,0.198035002,0.000000000,0.000000007,0.000000000,AERIAL
2.516000032,0.194595203,0.000000000,-0.000000004,0.000000000,AERIAL
2.516999960,0.191145599,-0.000000000,-0.000000004,3.427800179,AERIAL
2.517999887,0.187686205,0.000000000,0.000000007,0.000000000,AERIAL
2.519000053,0.184217006,0.000000000,-0.000000004,0.000000000,AERIAL
2.519999981,0.180738002,-0.000000000,-0.000000004,3.427800179,AERIAL
2.520999908,0.177249193,0.000000000,0.000000007,0.000000000,AERIAL
2.522000074,0.173750594,0.000000000,-0.000000004,0.000000000,AERIAL
2.523000002,0.170242205,-0.000000000,-0.000000004,3.427800179,AERIAL
2.523999929,0.166723996,0.000000000,0.000000007,0.000000000,AERIAL
2.525000095,0.163195997,0.000000000,-0.000000004,0.000000000,AERIAL
2.526000023,0.159658194,-0.000000000,-0.000000004,3.427800179,AERIAL
2.526999950,0.156110600,0.000000000,0.000000007,0.000000000,AERIAL
2.528000116,0.152553201,0.000000000,-0.000000004,0.000000000,AERIAL
2.529000044,0.148985997,-0.000000000,-0.000000004,3.427800179,AERIAL
2.529999971,0.145409003,0.000000000,0.000000007,0.000000000,AERIAL
2.530999899,0.141822204,0.000000000,-0.000000004,0.000000000,AERIAL
2.532000065,0.138225600,-0.000000000,-0.000000004,3.427800179,AERIAL
2.532999992,0.134619206,0.000000000,0.000000007,0.000000000,AERIAL
2.533999920,0.131003007,0.000000000,-0.000000004,0.000000000,AERIAL
2.535000086,0.127377003,-0.000000000,-0.000000004,3.427800179,AERIAL
2.536000013,0.123741202,0.000000000,0.000000007,0.000000000,AERIAL
2.536999941,0.120095603,0.000000000,-0.000000004,0.000000000,AERIAL
2.538000107,0.116440199,-0.000000000,-0.000000004,3.427800179,AERIAL
2.539000034,0.112774998,0.000000000,0.000000007,0.000000000,AERIAL
2.539999962,0.109099999,0.000000000,-0.000000004,0.000000000,AERIAL
2.540999889,0.105415203,-0.000000000,-0.000000004,3.427800179,AERIAL
2.542000055,0.101720601,0.000000000,0.000000007,0.000000000,AERIAL
2.542999983,0.098016202,0.000000000,-0.000000004,0.000000000,AERIAL
2.543999910,0.094301999,-0.000000000,-0.000000004,3.427800179,AERIAL
2.545000076,0.090577997,0.000000000,0.000000007,0.000000000,AERIAL
2.546000004,0.086844198,0.000000000,-0.000000004,0.000000000,AERIAL
2.546999931,0.083100602,-0.000000000,-0.000000004,3.427800179,AERIAL
2.548000097,0.079347201,0.000000000,0.000000007,0.000000000,AERIAL
2.549000025,0.075584002,0.000000000,-0.000000004,0.000000000,AERIAL
2.549999952,0.071810998,-0.000000000,-0.000000004,3.427800179,AERIAL
2.551000118,0.068028197,0.000000000,0.000000007,0.000000000,AERIAL
2.552000046,0.064235598,0.000000000,-0.000000004,0.000000000,AERIAL
2.552999973,0.060433201,-0.000000000,-0.000000004,3.427800179,AERIAL
2.553999901,0.056621000,0.000000000,0.000000007,0.000000000,AERIAL
2.555000067,0.052799001,0.000000000,-0.000000004,0.000000000,AERIAL
2.555999994,0.048967201,-0.000000000,-0.000000004,3.427800179,AERIAL
2.556999922,0.045125600,0.000000000,0.000000007,0.000000000,AERIAL
2.558000088,0.041274201,0.000000000,-0.000000004,0.000000000,AERIAL
2.559000015,0.037413001,-0.000000000,-0.000000004,3.427800179,AERIAL
2.559999943,0.033542000,0.000000000,0.000000007,0.000000000,AERIAL
2.561000109,0.029661199,0.000000000,-0.000000004,0.000000000,LANDING
2.562000036,0.025770601,-0.000000000,-0.000000004,3.427800179,LANDING
2.562999964,0.021870200,0.000000000,0.000000007,0.000000000,LANDING
2.563999891,0.017960001,0.000000000,-0.000000004,0.000000000,LANDING
2.565000057,0.014040000,-0.000000000,-0.000000004,3.427800179,LANDING
2.565999985,0.010110200,0.000000000,0.000000007,0.000000000,LANDING
2.566999912,0.006170600,0.000000000,-0.000000004,0.000000000,LANDING
2.568000078,0.002221200,-0.000000000,-0.000000004,3.427800179,LANDING
2.569000006,0.002222126,-0.003858712,-3.858711958,4.541175842,SUPPORT
2.569999933,0.002223081,-0.007592898,-3.734185934,5.190924168,SUPPORT
2.571000099,0.002224029,-0.011183300,-3.590401888,5.815654278,SUPPORT
2.572000027,0.002224970,-0.014611434,-3.428134918,6.412149429,SUPPORT
2.572999954,0.002225906,-0.017859655,-3.248220205,6.977339745,SUPPORT
2.573999882,0.002226836,-0.020911239,-3.051584482,7.508315563,SUPPORT
2.575000048,0.002227761,-0.023750478,-2.839239597,8.002343178,SUPPORT
2.575999975,0.002228681,-0.026362758,-2.612278938,8.456879616,SUPPORT
2.576999903,0.002229596,-0.028734628,-2.371870756,8.869585037,SUPPORT
2.578000069,0.002230508,-0.030853882,-2.119252920,9.238335609,SUPPORT
2.578999996,0.002231415,-0.032709606,-1.855725765,9.561231613,SUPPORT
2.579999924,0.002232319,-0.034292255,-1.582645893,9.836611748,SUPPORT
2.581000090,0.002233221,-0.035593674,-1.301419020,10.063058853,SUPPORT
2.582000017,0.002234120,-0.036607165,-1.013493180,10.239406586,SUPPORT
2.582999945,0.002235018,-0.037327517,-0.720350385,10.364748001,SUPPORT
2.584000111,0.002235914,-0.037751015,-0.423499793,10.438436508,SUPPORT
2.585000038,0.002236809,-0.037875485,-0.124469556,10.460090637,SUPPORT
2.585999966,0.002237705,-0.037700284,0.175200805,9.545689583,SUPPORT
2.586999893,0.002238609,-0.037252475,0.447808504,9.467770576,SUPPORT
2.588000059,0.002239514,-0.036534358,0.718119323,9.342818260,SUPPORT
2.588999987,0.002240421,-0.035549622,0.984732807,9.171474457,SUPPORT
2.589999914,0.002241329,-0.034303349,1.246276498,8.954622269,SUPPORT
2.591000080,0.002242239,-0.032801945,1.501403928,8.693378448,SUPPORT
2.592000008,0.002243152,-0.031053141,1.748801947,8.389086723,SUPPORT
2.592999935,0.002244068,-0.029065944,1.987196684,8.043313980,SUPPORT
2.594000101,0.002244988,-0.026850583,2.215361118,7.657841682,SUPPORT
2.595000029,0.002245911,-0.024418464,2.432120562,7.234652519,SUPPORT
2.595999956,0.002246839,-0.021782104,2.636359453,6.775926113,SUPPORT
2.596999884,0.002247771,-0.018955078,2.827025890,6.284023762,SUPPORT
2.598000050,0.002248708,-0.015951939,3.003138781,5.761477470,SUPPORT
2.598999977,0.002249650,-0.012788148,3.163791656,5.210977554,SUPPORT
2.599999905,0.002250598,-0.009479990,3.308156967,4.635358334,SUPPORT
2.601000071,0.002251551,-0.006044498,3.435492039,4.037582874,SUPPORT
2.601999998,0.002252511,-0.002499357,3.545141220,3.420728207,SUPPORT
2.602999926,0.003259403,0.000000000,2.499357224,0.000000000,TAKEOFF
2.604000092,0.006684032,0.000000000,-0.000000002,0.000000000,TAKEOFF
2.605000019,0.010098861,0.000000000,-0.000000002,0.000000000,TAKEOFF
2.605999947,0.013503890,-0.000000000,-0.000000002,3.427799940,TAKEOFF
2.607000113,0.016899118,0.000000000,0.000000006,0.000000000,TAKEOFF
2.608000040,0.020284547,0.000000000,-0.000000004,0.000000000,TAKEOFF
2.608999968,0.023660176,-0.000000000,-0.000000004,3.427800179,TAKEOFF
2.609999895,0.027026005,0.000000000,0.000000007,0.000000000,TAKEOFF
2.611000061,0.030382033,0.000000000,-0.000000004,0.000000000,AERIAL
2.611999989,0.033728264,-0.000000000,-0.000000004,3.427800179,AERIAL
2.612999916,0.037064690,0.000000000,0.000000007,0.000000000,AERIAL
2.614000082,0.040391319,0.000000000,-0.000000004,0.000000000,AERIAL
2.615000010,0.043708149,-0.000000000,-0.000000004,3.427800179,AERIAL
2.615999937,0.047015179,0.000000000,0.000000007,0.000000000,AERIAL
2.617000103,0.050312407,0.000000000,-0.000000004,0.000000000,AERIAL
2.618000031,0.053599834,-0.000000000,-0.000000004,3.427800179,AERIAL
2.618999958,0.056877464,0.000000000,0.000000007,0.000000000,AERIAL
2.619999886,0.060145292,0.000000000,-0.000000004,0.000000000,AERIAL
2.621000051,0.063403323,-0.000000000,-0.000000004,3.427800179,AERIAL
2.621999979,0.066651553,0.000000000,0.000000007,0.000000000,AERIAL
2.622999907,0.069889978,0.000000000,-0.000000004,0.000000000,AERIAL
2.624000072,0.073118605,-0.000000000,-0.000000004,3.427800179,AERIAL
2.625000000,0.076337434,0.000000000,0.000000007,0.000000000,AERIAL
2.625999928,0.079546466,0.000000000,-0.000000004,0.000000000,AERIAL
2.627000093,0.082745694,-0.000000000,-0.000000004,3.427800179,AERIAL
2.628000021,0.085935123,0.000000000,0.000000007,0.000000000,AERIAL
2.628999949,0.089114755,0.000000000,-0.000000004,0.000000000,AERIAL
2.630000114,0.092284583,-0.000000000,-0.000000004,3.427800179,AERIAL
2.631000042,0.095444612,0.000000000,0.000000007,0.000000000,AERIAL
2.631999969,0.098594837,0.000000000,-0.000000004,0.000000000,AERIAL
2.632999897,0.101735264,-0.000000000,-0.000000004,3.427800179,AERIAL
2.634000063,0.104865894,0.000000000,0.000000007,0.000000000,AERIAL
2.634999990,0.107986726,0.000000000,-0.000000004,0.000000000,AERIAL
2.635999918,0.111097753,-0.000000000,-0.000000004,3.427800179,AERIAL
2.637000084,0.114198983,0.000000000,0.000000007,0.000000000,AERIAL
2.638000011,0.117290415,0.000000000,-0.000000004,0.000000000,AERIAL
2.638999939,0.120372042,-0.000000000,-0.000000004,3.427800179,AERIAL
2.640000105,0.123443872,0.000000000,0.000000007,0.000000000,AERIAL
2.641000032,0.126505896,0.000000000,-0.000000004,0.000000000,AERIAL
2.641999960,0.129558131,-0.000000000,-0.000000004,3.427800179,AERIAL
2.642999887,0.132600561,0.000000000,0.000000007,0.000000000,AERIAL
2.644000053,0.135633186,0.000000000,-0.000000004,0.000000000,AERIAL
2.644999981,0.138656020,-0.000000000,-0.000000004,3.427800179,AERIAL
2.645999908,0.141669035,0.000000000,0.000000007,0.000000000,AERIAL
2.647000074,0.144672275,0.000000000,-0.000000004,0.000000000,AERIAL
2.648000002,0.147665694,-0.000000000,-0.000000004,3.427800179,AERIAL
2.648999929,0.150649324,0.000000000,0.000000007,0.000000000,AERIAL
2.650000095,0.153623164,0.000000000,-0.000000004,0.000000000,AERIAL
2.651000023,0.156587183,-0.000000000,-0.000000004,3.427800179,AERIAL
2.651999950,0.159541413,0.000000000,0.000000007,0.000000000,AERIAL
2.653000116,0.162485838,0.000000000,-0.000000004,0.000000000,AERIAL
2.654000044,0.165420473,-0.000000000,-0.000000004,3.427800179,AERIAL
2.654999971,0.168345302,0.000000000,0.000000007,0.000000000,AERIAL
2.655999899,0.171260327,0.000000000,-0.000000004,0.000000000,AERIAL
2.657000065,0.174165562,-0.000000000,-0.000000004,3.427800179,AERIAL
2.657999992,0.177060992,0.000000000,0.000000007,0.000000000,AERIAL
2.658999920,0.179946616,0.000000000,-0.000000004,0.000000000,AERIAL
2.660000086,0.182822451,-0.000000000,-0.000000004,3.427800179,AERIAL
2.661000013,0.185688481,0.000000000,0.000000007,0.000000000,AERIAL
2.661999941,0.188544706,0.000000000,-0.000000004,0.000000000,AERIAL
2.663000107,0.191391125,-0.000000000,-0.000000004,3.427800179,AERIAL
2.664000034,0.194227755,0.000000000,0.000000007,0.000000000,AERIAL
2.664999962,0.197054595,0.000000000,-0.000000004,0.000000000,AERIAL
2.665999889,0.199871615,-0.000000000,-0.000000004,3.427800179,AERIAL
2.667000055,0.202678844,0.000000000,0.000000007,0.000000000,AERIAL
2.667999983,0.205476269,0.000000000,-0.000000004,0.000000000,AERIAL
2.668999910,0.208263904,-0.000000000,-0.000000004,3.427800179,AERIAL
2.670000076,0.211041734,0.000000000,0.000000007,0.000000000,AERIAL
2.671000004,0.213809758,0.000000000,-0.000000004,0.000000000,AERIAL
2.671999931,0.216567993,-0.000000000,-0.000000004,3.427800179,AERIAL
2.673000097,0.219316423,0.000000000,0.000000007,0.000000000,AERIAL
2.674000025,0.222055048,0.000000000,-0.000000004,0.000000000,AERIAL
2.674999952,0.224783882,-0.000000000,-0.000000004,3.427800179,AERIAL
2.676000118,0.227502912,0.000000000,0.000000007,0.000000000,AERIAL
2.677000046,0.230212137,0.000000000,-0.000000004,0.000000000,AERIAL
2.677999973,0.232911557,-0.000000000,-0.000000004,3.427800179,AERIAL
2.678999901,0.235601187,0.000000000,0.000000007,0.000000000,AERIAL
2.680000067,0.238281026,0.000000000,-0.000000004,0.000000000,AERIAL
2.680999994,0.240951046,-0.000000000,-0.000000004,3.427800179,AERIAL
2.681999922,0.243611276,0.000000000,0.000000007,0.000000000,AERIAL
2.683000088,0.246261701,0.000000000,-0.000000004,0.000000000,AERIAL
2.684000015,0.248902336,-0.000000000,-0.000000004,3.427800179,AERIAL
2.684999943,0.251533151,0.000000000,0.000000007,0.000000000,AERIAL
2.686000109,0.254154205,0.000000000,-0.000000004,0.000000000,AERIAL
2.687000036,0.256765425,-0.000000000,-0.000000004,3.427800179,AERIAL
2.687999964,0.259366840,0.000000000,0.000000007,0.000000000,AERIAL
2.688999891,0.261958480,0.000000000,-0.000000004,0.000000000,AERIAL
2.690000057,0.264540315,-0.000000000,-0.000000004,3.427800179,AERIAL
2.690999985,0.267112345,0.000000000,0.000000007,0.000000000,AERIAL
2.691999912,0.269674569,0.000000000,-0.000000004,0.000000000,AERIAL
2.693000078,0.272226989,-0.000000000,-0.000000004,3.427800179,AERIAL
2.694000006,0.274769634,0.000000000,0.000000007,0.000000000,AERIAL
2.694999933,0.277302444,0.000000000,-0.000000004,0.000000000,AERIAL
2.696000099,0.279825479,-0.000000000,-0.000000004,3.427800179,AERIAL
2.697000027,0.282338709,0.000000000,0.000000007,0.000000000,AERIAL
2.697999954,0.284842134,0.000000000,-0.000000004,0.000000000,AERIAL
2.698999882,0.287335783,-0.000000000,-0.000000004,3.427800179,AERIAL
2.700000048,0.289819598,0.000000000,0.000000007,0.000000000,AERIAL
2.700999975,0.292293638,0.000000000,-0.000000004,0.000000000,AERIAL
2.701999903,0.294757843,-0.000000000,-0.000000004,3.427800179,AERIAL
2.703000069,0.297212273,0.000000000,0.000000007,0.000000000,AERIAL
2.703999996,0.299656928,0.000000000,-0.000000004,0.000000000,AERIAL
2.704999924,0.302091748,-0.000000000,-0.000000004,3.427800179,AERIAL
2.706000090,0.304516762,0.000000000,0.000000007,0.000000000,AERIAL
2.707000017,0.306932002,0.000000000,-0.000000004,0.000000000,AERIAL
2.707999945,0.309337437,-0.000000000,-0.000000004,3.427800179,AERIAL
2.709000111,0.311733067,0.000000000,0.000000007,0.000000000,AERIAL
2.710000038,0.314118892,0.000000000,-0.000000004,0.000000000,AERIAL
2.710999966,0.316494912,-0.000000000,-0.000000004,3.427800179,AERIAL
2.711999893,0.318861157,0.000000000,0.000000007,0.000000000,AERIAL
2.713000059,0.321217567,0.000000000,-0.000000004,0.000000000,AERIAL
2.713999987,0.323564202,-0.000000000,-0.000000004,3.427800179,AERIAL
2.714999914,0.325901031,0.000000000,0.000000007,0.000000000,AERIAL
2.716000080,0.328228056,0.000000000,-0.000000004,0.000000000,AERIAL
2.717000008,0.330545276,-0.000000000,-0.000000004,3.427800179,AERIAL
2.717999935,0.332852721,0.000000000,0.000000007,0.000000000,AERIAL
2.719000101,0.335150331,0.000000000,-0.000000004,0.000000000,AERIAL
2.720000029,0.337438166,-0.000000000,-0.000000004,3.427800179,AERIAL
2.720999956,0.339716196,0.000000000,0.000000007,0.000000000,AERIAL
2.721999884,0.341984421,0.000000000,-0.000000004,0.000000000,AERIAL
2.723000050,0.344242871,-0.000000000,-0.000000004,3.427800179,AERIAL
2.723999977,0.346491486,0.000000000,0.000000007,0.000000000,AERIAL
2.724999905,0.348730326,0.000000000,-0.000000004,0.000000000,AERIAL
2.726000071,0.350959361,-0.000000000,-0.000000004,3.427800179,AERIAL
2.726999998,0.353178561,0.000000000,0.000000007,0.000000000,AERIAL
2.727999926,0.355388016,0.000000000,-0.000000004,0.000000000,AERIAL
2.729000092,0.357587636,-0.000000000,-0.000000004,3.427800179,AERIAL
2.730000019,0.359777451,0.000000000,0.000000007,0.000000000,AERIAL
2.730999947,0.361957490,0.000000000,-0.000000004,0.000000000,AERIAL
2.732000113,0.364127725,-0.000000000,-0.000000004,3.427800179,AERIAL
2.733000040,0.366288155,0.000000000,0.000000007,0.000000000,AERIAL
2.733999968,0.368438780,0.000000000,-0.000000004,0.000000000,AERIAL
2.734999895,0.370579600,-0.000000000,-0.000000004,3.427800179,AERIAL
2.736000061,0.372710645,0.000000000,0.000000007,0.000000000,AERIAL
2.736999989,0.374831855,0.000000000,-0.000000004,0.000000000,AERIAL
2.737999916,0.376943290,-0.000000000,-0.000000004,3.427800179,AERIAL
2.739000082,0.379044920,0.000000000,0.000000007,0.000000000,AERIAL
2.740000010,0.381136745,0.000000000,-0.000000004,0.000000000,AERIAL
2.740999937,0.383218765,-0.000000000,-0.000000004,3.427800179,AERIAL
2.742000103,0.385291010,0.000000000,0.000000007,0.000000000,AERIAL
2.743000031,0.387353450,0.000000000,-0.000000004,0.000000000,AERIAL
2.743999958,0.389406055,-0.000000000,-0.000000004,3.427800179,AERIAL
2.744999886,0.391448885,0.000000000,0.000000007,0.000000000,AERIAL
2.746000051,0.393481910,0.000000000,-0.000000004,0.000000000,AERIAL
2.746999979,0.395505160,-0.000000000,-0.000000004,3.427800179,AERIAL
2.747999907,0.397518575,0.000000000,0.000000007,0.000000000,AERIAL
2.749000072,0.399522215,0.000000000,-0.000000004,0.000000000,AERIAL
2.750000000,0.401516050,-0.000000000,-0.000000004,3.427800179,AERIAL
2.750999928,0.403500080,0.000000000,0.000000007,0.000000000,AERIAL
2.752000093,0.405474305,0.000000000,-0.000000004,0.000000000,AERIAL
2.753000021,0.407438725,-0.000000000,-0.000000004,3.427800179,AERIAL
2.753999949,0.409393340,0.000000000,0.000000007,0.000000000,AERIAL
2.755000114,0.411338180,0.000000000,-0.000000004,0.000000000,AERIAL
2.756000042,0.413273215,-0.000000000,-0.000000004,3.427800179,AERIAL
2.756999969,0.415198445,0.000000000,0.000000007,0.000000000,AERIAL
2.757999897,0.417113870,0.000000000,-0.000000004,0.000000000,AERIAL
2.759000063,0.419019490,-0.000000000,-0.000000004,3.427800179,AERIAL
2.759999990,0.420915335,0.000000000,0.000000007,0.000000000,AERIAL
2.760999918,0.422801346,0.000000000,-0.000000004,0.000000000,AERIAL
2.762000084,0.424677581,-0.000000000,-0.000000004,3.427800179,AERIAL
2.763000011,0.426544011,0.000000000,0.000000007,0.000000000,AERIAL
2.763999939,0.428400636,0.000000000,-0.000000004,0.000000000,AERIAL
2.765000105,0.430247456,-0.000000000,-0.000000004,3.427800179,AERIAL
2.766000032,0.432084501,0.000000000,0.000000007,0.000000000,AERIAL
2.766999960,0.433911741,0.000000000,-0.000000004,0.000000000,AERIAL
2.767999887,0.435729146,-0.000000000,-0.000000004,3.427800179,AERIAL
2.769000053,0.437536776,0.000000000,0.000000007,0.000000000,AERIAL
2.769999981,0.439334601,0.000000000,-0.000000004,0.000000000,AERIAL
2.770999908,0.441122651,-0.000000000,-0.000000004,3.427800179,AERIAL
2.772000074,0.442900866,0.000000000,0.000000007,0.000000000,AERIAL
2.773000002,0.444669306,0.000000000,-0.000000004,0.000000000,AERIAL
2.773999929,0.446427941,-0.000000000,-0.000000004,3.427800179,AERIAL
2.775000095,0.448176771,0.000000000,0.000000007,0.000000000,AERIAL
2.776000023,0.449915797,0.000000000,-0.000000004,0.000000000,AERIAL
2.776999950,0.451645017,-0.000000000,-0.000000004,3.427800179,AERIAL
2.778000116,0.453364432,0.000000000,0.000000007,0.000000000,AERIAL
2.779000044,0.455074072,0.000000000,-0.000000004,0.000000000,AERIAL
2.779999971,0.456773907,-0.000000000,-0.000000004,3.427800179,AERIAL
2.780999899,0.458463937,0.000000000,0.000000007,0.000000000,AERIAL
2.782000065,0.460144162,0.000000000,-0.000000004,0.000000000,AERIAL
2.782999992,0.461814582,-0.000000000,-0.000000004,3.427800179,AERIAL
2.783999920,0.463475227,0.000000000,0.000000007,0.000000000,AERIAL
2.785000086,0.465126038,0.000000000,-0.000000004,0.000000000,AERIAL
2.786000013,0.466767073,-0.000000000,-0.000000004,3.427800179,AERIAL
2.786999941,0.468398303,0.000000000,0.000000007,0.000000000,AERIAL
2.788000107,0.470019728,0.000000000,-0.000000004,0.000000000,AERIAL
2.789000034,0.471631348,-0.000000000,-0.000000004,3.427800179,AERIAL
2.789999962,0.473233193,0.000000000,0.000000007,0.000000000,AERIAL
2.790999889,0.474825233,0.000000000,-0.000000004,0.000000000,AERIAL
2.792000055,0.476407439,-0.000000000,-0.000000004,3.427800179,AERIAL
2.792999983,0.477979869,0.000000000,0.000000007,0.000000000,AERIAL
2.793999910,0.479542494,0.000000000,-0.000000004,0.000000000,AERIAL
2.795000076,0.481095344,-0.000000000,-0.000000004,3.427800179,AERIAL
2.796000004,0.482638359,0.000000000,0.000000007,0.000000000,AERIAL
2.796999931,0.484171599,0.000000000,-0.000000004,0.000000000,AERIAL
2.798000097,0.485695034,-0.000000000,-0.000000004,3.427800179,AERIAL
2.799000025,0.487208664,0.000000000,0.000000007,0.000000000,AERIAL
2.799999952,0.488712490,0.000000000,-0.000000004,0.000000000,AERIAL
2.801000118,0.490206510,-0.000000000,-0.000000004,3.427800179,AERIAL
2.802000046,0.491690725,0.000000000,0.000000007,0.000000000,AERIAL
2.802999973,0.493165165,0.000000000,-0.000000004,0.000000000,AERIAL
2.803999901,0.494629800,-0.000000000,-0.000000004,3.427800179,AERIAL
2.805000067,0.496084630,0.000000000,0.000000007,0.000000000,AERIAL
2.805999994,0.497529656,0.000000000,-0.000000004,0.000000000,AERIAL
2.806999922,0.498964876,-0.000000000,-0.000000004,3.427800179,AERIAL
2.808000088,0.500390291,0.000000000,0.000000007,0.000000000,AERIAL
2.809000015,0.501805961,0.000000000,-0.000000004,0.000000000,AERIAL
2.809999943,0.503211796,-0.000000000,-0.000000004,3.427800179,AERIAL
2.811000109,0.504607797,0.000000000,0.000000007,0.000000000,AERIAL
2.812000036,0.505994022,0.000000000,-0.000000004,0.000000000,AERIAL
2.812999964,0.507370472,-0.000000000,-0.000000004,3.427800179,AERIAL
2.813999891,0.508737087,0.000000000,0.000000007,0.000000000,AERIAL
2.815000057,0.510093927,0.000000000,-0.000000004,0.000000000,AERIAL
2.815999985,0.511440933,-0.000000000,-0.000000004,3.427800179,AERIAL
2.816999912,0.512778163,0.000000000,0.000000007,0.000000000,AERIAL
2.818000078,0.514105618,0.000000000,-0.000000004,0.000000000,AERIAL
2.819000006,0.515423238,-0.000000000,-0.000000004,3.427800179,AERIAL
2.819999933,0.516731083,0.000000000,0.000000007,0.000000000,AERIAL
2.821000099,0.518029094,0.000000000,-0.000000004,0.000000000,AERIAL
2.822000027,0.519317329,-0.000000000,-0.000000004,3.427800179,AERIAL
2.822999954,0.520595729,0.000000000,0.000000007,0.000000000,AERIAL
2.823999882,0.521864355,0.000000000,-0.000000004,0.000000000,AERIAL
2.825000048,0.523123205,-0.000000000,-0.000000004,3.427800179,AERIAL
2.825999975,0.524372220,0.000000000,0.000000007,0.000000000,AERIAL
2.826999903,0.525611460,0.000000000,-0.000000004,0.000000000,AERIAL
2.828000069,0.526840866,-0.000000000,-0.000000004,3.427800179,AERIAL
2.828999996,0.528060496,0.000000000,0.000000007,0.000000000,AERIAL
2.829999924,0.529270351,0.000000000,-0.000000004,0.000000000,AERIAL
2.831000090,0.530470371,-0.000000000,-0.000000004,3.427800179,AERIAL
2.832000017,0.531660616,0.000000000,0.000000007,0.000000000,AERIAL
2.832999945,0.532841027,0.000000000,-0.000000004,0.000000000,AERIAL
2.834000111,0.534011662,-0.000000000,-0.000000004,3.427800179,AERIAL
2.835000038,0.535172462,0.000000000,0.000000007,0.000000000,AERIAL
2.835999966,0.536323488,0.000000000,-0.000000004,0.000000000,AERIAL
2.836999893,0.537464738,-0.000000000,-0.000000004,3.427800179,AERIAL
2.838000059,0.538596153,0.000000000,0.000000007,0.000000000,AERIAL
2.838999987,0.539717793,0.000000000,-0.000000004,0.000000000,AERIAL
2.839999914,0.540829659,-0.000000000,-0.000000004,3.427800179,AERIAL
2.841000080,0.541931689,0.000000000,0.000000007,0.000000000,AERIAL
2.842000008,0.543023884,0.000000000,-0.000000004,0.000000000,AERIAL
2.842999935,0.544106305,-0.000000000,-0.000000004,3.427800179,AERIAL
2.844000101,0.545178950,0.000000000,0.000000007,0.000000000,AERIAL
2.845000029,0.546241760,0.000000000,-0.000000004,0.000000000,AERIAL
2.845999956,0.547294796,-0.000000000,-0.000000004,3.427800179,AERIAL
2.846999884,0.548338056,0.000000000,0.000000007,0.000000000,AERIAL
2.848000050,0.549371481,0.000000000,-0.000000004,0.000000000,AERIAL
2.848999977,0.550395072,-0.000000000,-0.000000004,3.427800179,AERIAL
2.849999905,0.551408947,0.000000000,0.000000007,0.000000000,AERIAL
2.851000071,0.552412927,0.000000000,-0.000000004,0.000000000,AERIAL
2.851999998,0.553407192,-0.000000000,-0.000000004,3.427800179,AERIAL
2.852999926,0.554391623,0.000000000,0.000000007,0.000000000,AERIAL
2.854000092,0.555366218,0.000000000,-0.000000004,0.000000000,AERIAL
2.855000019,0.556331038,-0.000000000,-0.000000004,3.427800179,AERIAL
2.855999947,0.557286084,0.000000000,0.000000007,0.000000000,AERIAL
2.857000113,0.558231294,0.000000000,-0.000000004,0.000000000,AERIAL
2.858000040,0.559166729,-0.000000000,-0.000000004,3.427800179,AERIAL
2.858999968,0.560092390,0.000000000,0.000000007,0.000000000,AERIAL
2.859999895,0.561008215,0.000000000,-0.000000004,0.000000000,AERIAL
2.861000061,0.561914265,-0.000000000,-0.000000004,3.427800179,AERIAL
2.861999989,0.562810481,0.000000000,0.000000007,0.000000000,AERIAL
2.862999916,0.563696921,0.000000000,-0.000000004,0.000000000,AERIAL
2.864000082,0.564573526,-0.000000000,-0.000000004,3.427800179,AERIAL
2.865000010,0.565440357,0.000000000,0.000000007,0.000000000,AERIAL
2.865999937,0.566297352,0.000000000,-0.000000004,0.000000000,AERIAL
2.867000103,0.567144632,-0.000000000,-0.000000004,3.427800179,AERIAL
2.868000031,0.567982018,0.000000000,0.000000007,0.000000000,AERIAL
2.868999958,0.568809688,0.000000000,-0.000000004,0.000000000,AERIAL
2.869999886,0.569627523,-0.000000000,-0.000000004,3.427800179,AERIAL
2.871000051,0.570435524,0.000000000,0.000000007,0.000000000,AERIAL
2.871999979,0.571233749,0.000000000,-0.000000004,0.000000000,AERIAL
2.872999907,0.572022200,-0.000000000,-0.000000004,3.427800179,AERIAL
2.874000072,0.572800815,0.000000000,0.000000007,0.000000000,AERIAL
2.875000000,0.573569655,0.000000000,-0.000000004,0.000000000,AERIAL
2.875999928,0.574328661,-0.000000000,-0.000000004,3.427800179,AERIAL
2.877000093,0.575077891,0.000000000,0.000000007,0.000000000,AERIAL
2.878000021,0.575817347,0.000000000,-0.000000004,0.000000000,AERIAL
2.878999949,0.576546967,-0.000000000,-0.000000004,3.427800179,AERIAL
2.880000114,0.577266812,0.000000000,0.000000007,0.000000000,AERIAL
2.881000042,0.577976823,0.000000000,-0.000000004,0.000000000,AERIAL
2.881999969,0.578677058,-0.000000000,-0.000000004,3.427800179,AERIAL
2.882999897,0.579367459,0.000000000,0.000000007,0.000000000,AERIAL
2.884000063,0.580048084,0.000000000,-0.000000004,0.000000000,AERIAL
2.884999990,0.580718935,-0.000000000,-0.000000004,3.427800179,AERIAL
2.885999918,0.581379950,0.000000000,0.000000007,0.000000000,AERIAL
2.887000084,0.582031190,0.000000000,-0.000000004,0.000000000,AERIAL
2.888000011,0.582672596,-0.000000000,-0.000000004,3.427800179,AERIAL
2.888999939,0.583304226,0.000000000,0.000000007,0.000000000,AERIAL
2.890000105,0.583926082,0.000000000,-0.000000004,0.000000000,AERIAL
2.891000032,0.584538102,-0.000000000,-0.000000004,3.427800179,AERIAL
2.891999960,0.585140347,0.000000000,0.000000007,0.000000000,AERIAL
2.892999887,0.585732758,0.000000000,-0.000000004,0.000000000,AERIAL
2.894000053,0.586315393,-0.000000000,-0.000000004,3.427800179,AERIAL
2.894999981,0.586888194,0.000000000,0.000000007,0.000000000,AERIAL
2.895999908,0.587451220,0.000000000,-0.000000004,0.000000000,AERIAL
2.897000074,0.588004470,-0.000000000,-0.000000004,3.427800179,AERIAL
2.898000002,0.588547885,0.000000000,0.000000007,0.000000000,AERIAL
2.898999929,0.589081526,0.000000000,-0.000000004,0.000000000,AERIAL
2.900000095,0.589605331,-0.000000000,-0.000000004,3.427800179,AERIAL
2.901000023,0.590119362,0.000000000,0.000000007,0.000000000,AERIAL
2.901999950,0.590623617,0.000000000,-0.000000004,0.000000000,AERIAL
2.903000116,0.591118038,-0.000000000,-0.000000004,3.427800179,AERIAL
2.904000044,0.591602683,0.000000000,0.000000007,0.000000000,AERIAL
2.904999971,0.592077494,0.000000000,-0.000000004,0.000000000,AERIAL
2.905999899,0.592542529,-0.000000000,-0.000000004,3.427800179,AERIAL
2.907000065,0.592997789,0.000000000,0.000000007,0.000000000,AERIAL
2.907999992,0.593443215,0.000000000,-0.000000004,0.000000000,AERIAL
2.908999920,0.593878806,-0.000000000,-0.000000004,3.427800179,AERIAL
2.910000086,0.594304621,0.000000000,0.000000007,0.000000000,AERIAL
2.911000013,0.594720662,0.000000000,-0.000000004,0.000000000,AERIAL
2.911999941,0.595126927,-0.000000000,-0.000000004,3.427800179,AERIAL
2.913000107,0.595523357,0.000000000,0.000000007,0.000000000,AERIAL
2.914000034,0.595909953,0.000000000,-0.000000004,0.000000000,AERIAL
2.914999962,0.596286774,-0.000000000,-0.000000004,3.427800179,AERIAL
2.915999889,0.596653819,0.000000000,0.000000007,0.000000000,AERIAL
2.917000055,0.597011030,0.000000000,-0.000000004,0.000000000,AERIAL
2.917999983,0.597358465,-0.000000000,-0.000000004,3.427800179,AERIAL
2.918999910,0.597696126,0.000000000,0.000000007,0.000000000,AERIAL
2.920000076,0.598023951,0.000000000,-0.000000004,0.000000000,AERIAL
2.921000004,0.598341942,-0.000000000,-0.000000004,3.427800179,AERIAL
2.921999931,0.598650217,0.000000000,0.000000007,0.000000000,AERIAL
2.923000097,0.598948598,0.000000000,-0.000000004,0.000000000,AERIAL
2.924000025,0.599237263,-0.000000000,-0.000000004,3.427800179,AERIAL
2.924999952,0.599516094,0.000000000,0.000000007,0.000000000,AERIAL
2.926000118,0.599785089,0.000000000,-0.000000004,0.000000000,AERIAL
2.927000046,0.600044310,-0.000000000,-0.000000004,3.427800179,AERIAL
2.927999973,0.600293756,0.000000000,0.000000007,0.000000000,AERIAL
2.928999901,0.600533366,0.000000000,-0.000000004,0.000000000,AERIAL
2.930000067,0.600763202,-0.000000000,-0.000000004,3.427800179,AERIAL
2.930999994,0.600983262,0.000000000,0.000000007,0.000000000,AERIAL
2.931999922,0.601193488,0.000000000,-0.000000004,0.000000000,AERIAL
2.933000088,0.601393938,-0.000000000,-0.000000004,3.427800179,AERIAL
2.934000015,0.601584554,0.000000000,0.000000007,0.000000000,AERIAL
2.934999943,0.601765394,0.000000000,-0.000000004,0.000000000,AERIAL
2.936000109,0.601936400,-0.000000000,-0.000000004,3.427800179,AERIAL
2.937000036,0.602097631,0.000000000,0.000000007,0.000000000,AERIAL
2.937999964,0.602249026,0.000000000,-0.000000004,0.000000000,AERIAL
2.938999891,0.602390707,-0.000000000,-0.000000004,3.427800179,AERIAL
2.940000057,0.602522492,0.000000000,0.000000007,0.000000000,AERIAL
2.940999985,0.602644563,0.000000000,-0.000000004,0.000000000,AERIAL
2.941999912,0.602756798,-0.000000000,-0.000000004,3.427800179,AERIAL
2.943000078,0.602859199,0.000000000,0.000000007,0.000000000,AERIAL
2.944000006,0.602951825,0.000000000,-0.000000004,0.000000000,AERIAL
2.944999933,0.603034675,-0.000000000,-0.000000004,3.427800179,AERIAL
2.946000099,0.603107691,0.000000000,0.000000007,0.000000000,AERIAL
2.947000027,0.603170931,0.000000000,-0.000000004,0.000000000,AERIAL
2.947999954,0.603224337,-0.000000000,-0.000000004,3.427800179,AERIAL
2.948999882,0.603267968,0.000000000,0.000000007,0.000000000,AERIAL
2.950000048,0.603301823,0.000000000,-0.000000004,0.000000000,AERIAL
2.950999975,0.603325844,-0.000000000,-0.000000004,3.427800179,AERIAL
2.951999903,0.603340030,0.000000000,0.000000007,0.000000000,AERIAL
2.953000069,0.603344500,0.000000000,-0.000000004,0.000000000,AERIAL
2.953999996,0.603339136,-0.000000000,-0.000000004,3.427800179,AERIAL
2.954999924,0.603323936,0.000000000,0.000000007,0.000000000,AERIAL
2.956000090,0.603298962,0.000000000,-0.000000004,0.000000000,AERIAL
2.957000017,0.603264213,-0.000000000,-0.000000004,3.427800179,AERIAL
2.957999945,0.603219628,0.000000000,0.000000007,0.000000000,AERIAL
2.959000111,0.603165269,0.000000000,-0.000000004,0.000000000,AERIAL
2.960000038,0.603101075,-0.000000000,-0.000000004,3.427800179,AERIAL
2.960999966,0.603027105,0.000000000,0.000000007,0.000000000,AERIAL
2.961999893,0.602943361,0.000000000,-0.000000004,0.000000000,AERIAL
2.963000059,0.602849782,-0.000000000,-0.000000004,3.427800179,AERIAL
2.963999987,0.602746427,0.000000000,0.000000007,0.000000000,AERIAL
2.964999914,0.602633238,0.000000000,-0.000000004,0.000000000,AERIAL
2.966000080,0.602510273,-0.000000000,-0.000000004,3.427800179,AERIAL
2.967000008,0.602377474,0.000000000,0.000000007,0.000000000,AERIAL
2.967999935,0.602234900,0.000000000,-0.000000004,0.000000000,AERIAL
2.969000101,0.602082551,-0.000000000,-0.000000004,3.427800179,AERIAL
2.970000029,0.601920366,0.000000000,0.000000007,0.000000000,AERIAL
2.970999956,0.601748407,0.000000000,-0.000000004,0.000000000,AERIAL
2.971999884,0.601566613,-0.000000000,-0.000000004,3.427800179,AERIAL
2.973000050,0.601375043,0.000000000,0.000000007,0.000000000,AERIAL
2.973999977,0.601173699,0.000000000,-0.000000004,0.000000000,AERIAL
2.974999905,0.600962520,-0.000000000,-0.000000004,3.427800179,AERIAL
2.976000071,0.600741565,0.000000000,0.000000007,0.000000000,AERIAL
2.976999998,0.600510776,0.000000000,-0.000000004,0.000000000,AERIAL
2.977999926,0.600270212,-0.000000000,-0.000000004,3.427800179,AERIAL
2.979000092,0.600019813,0.000000000,0.000000007,0.000000000,AERIAL
2.980000019,0.599759638,0.000000000,-0.000000004,0.000000000,AERIAL
2.980999947,0.599489689,-0.000000000,-0.000000004,3.427800179,AERIAL
2.982000113,0.599209905,0.000000000,0.000000007,0.000000000,AERIAL
2.983000040,0.598920345,0.000000000,-0.000000004,0.000000000,AERIAL
2.983999968,0.598620951,-0.000000000,-0.000000004,3.427800179,AERIAL
2.984999895,0.598311782,0.000000000,0.000000007,0.000000000,AERIAL
2.986000061,0.597992837,0.000000000,-0.000000004,0.000000000,AERIAL
2.986999989,0.597664058,-0.000000000,-0.000000004,3.427800179,AERIAL
2.987999916,0.597325504,0.000000000,0.000000007,0.000000000,AERIAL
2.989000082,0.596977115,0.000000000,-0.000000004,0.000000000,AERIAL
2.990000010,0.596618950,-0.000000000,-0.000000004,3.427800179,AERIAL
2.990999937,0.596250951,0.000000000,0.000000007,0.000000000,AERIAL
2.992000103,0.595873237,0.000000000,-0.000000004,0.000000000,AERIAL
2.993000031,0.595485628,-0.000000000,-0.000000004,3.427800179,AERIAL
2.993999958,0.595088243,0.000000000,0.000000007,0.000000000,AERIAL
2.994999886,0.594681084,0.000000000,-0.000000004,0.000000000,AERIAL
2.996000051,0.594264150,-0.000000000,-0.000000004,3.427800179,AERIAL
2.996999979,0.593837380,0.000000000,0.000000007,0.000000000,AERIAL
2.997999907,0.593400776,0.000000000,-0.000000004,0.000000000,AERIAL
2.999000072,0.592954397,-0.000000000,-0.000000004,3.427800179,AERIAL
3.000000000,0.592498243,0.000000000,0.000000007,0.000000000,AERIAL
3.000999928,0.592032254,0.000000000,-0.000000004,0.000000000,AERIAL
3.002000093,0.591556489,-0.000000000,-0.000000004,3.427800179,AERIAL
3.003000021,0.591070950,0.000000000,0.000000007,0.000000000,AERIAL
3.003999949,0.590575576,0.000000000,-0.000000004,0.000000000,AERIAL
3.005000114,0.590070367,-0.000000000,-0.000000004,3.427800179,AERIAL
3.006000042,0.589555442,0.000000000,0.000000007,0.000000000,AERIAL
3.006999969,0.589030623,0.000000000,-0.000000004,0.000000000,AERIAL
3.007999897,0.588496089,-0.000000000,-0.000000004,3.427800179,AERIAL
3.009000063,0.587951720,0.000000000,0.000000007,0.000000000,AERIAL
3.009999990,0.587397516,0.000000000,-0.000000004,0.000000000,AERIAL
3.010999918,0.586833537,-0.000000000,-0.000000004,3.427800179,AERIAL
3.012000084,0.586259782,0.000000000,0.000000007,0.000000000,AERIAL
3.013000011,0.585676193,0.000000000,-0.000000004,0.000000000,AERIAL
3.013999939,0.585082829,-0.000000000,-0.000000004,3.427800179,AERIAL
3.015000105,0.584479690,0.000000000,0.000000007,0.000000000,AERIAL
3.016000032,0.583866715,0.000000000,-0.000000004,0.000000000,AERIAL
3.016999960,0.583243906,-0.000000000,-0.000000004,3.427800179,AERIAL
3.017999887,0.582611382,0.000000000,0.000000007,0.000000000,AERIAL
3.019000053,0.581968963,0.000000000,-0.000000004,0.000000000,AERIAL
3.019999981,0.581316829,-0.000000000,-0.000000004,3.427800179,AERIAL
3.020999908,0.580654860,0.000000000,0.000000007,0.000000000,AERIAL
3.022000074,0.579983056,0.000000000,-0.000000004,0.000000000,AERIAL
3.023000002,0.579301476,-0.000000000,-0.000000004,3.427800179,AERIAL
3.023999929,0.578610122,0.000000000,0.000000007,0.000000000,AERIAL
3.025000095,0.577908933,0.000000000,-0.000000004,0.000000000,AERIAL
3.026000023,0.577197969,-0.000000000,-0.000000004,3.427800179,AERIAL
3.026999950,0.576477230,0.000000000,0.000000007,0.000000000,AERIAL
3.028000116,0.575746655,0.000000000,-0.000000004,0.000000000,AERIAL
3.029000044,0.575006247,-0.000000000,-0.000000004,3.427800179,AERIAL
3.029999971,0.574256122,0.000000000,0.000000007,0.000000000,AERIAL
3.030999899,0.573496163,0.000000000,-0.000000004,0.000000000,AERIAL
3.032000065,0.572726369,-0.000000000,-0.000000004,3.427800179,AERIAL
3.032999992,0.571946800,0.000000000,0.000000007,0.000000000,AERIAL
3.033999920,0.571157396,0.000000000,-0.000000004,0.000000000,AERIAL
3.035000086,0.570358276,-0.000000000,-0.000000004,3.427800179,AERIAL
3.036000013,0.569549263,0.000000000,0.000000007,0.000000000,AERIAL
3.036999941,0.568730533,0.000000000,-0.000000004,0.000000000,AERIAL
3.038000107,0.567901909,-0.000000000,-0.000000004,3.427800179,AERIAL
3.039000034,0.567063570,0.000000000,0.000000007,0.000000000,AERIAL
3.039999962,0.566215396,0.000000000,-0.000000004,0.000000000,AERIAL
3.040999889,0.565357447,-0.000000000,-0.000000004,3.427800179,AERIAL
3.042000055,0.564489663,0.000000000,0.000000007,0.000000000,AERIAL
3.042999983,0.563612103,0.000000000,-0.000000004,0.000000000,AERIAL
3.043999910,0.562724710,-0.000000000,-0.000000004,3.427800179,AERIAL
3.045000076,0.561827540,0.000000000,0.000000007,0.000000000,AERIAL
3.046000004,0.560920537,0.000000000,-0.000000004,0.000000000,AERIAL
3.046999931,0.560003817,-0.000000000,-0.000000004,3.427800179,AERIAL
3.048000097,0.559077203,0.000000000,0.000000007,0.000000000,AERIAL
3.049000025,0.558140874,0.000000000,-0.000000004,0.000000000,AERIAL
3.049999952,0.557194710,-0.000000000,-0.000000004,3.427800179,AERIAL
3.051000118,0.556238711,0.000000000,0.000000007,0.000000000,AERIAL
3.052000046,0.555272937,0.000000000,-0.000000004,0.000000000,AERIAL
3.052999973,0.554297388,-0.000000000,-0.000000004,3.427800179,AERIAL
3.053999901,0.553312004,0.000000000,0.000000007,0.000000000,AERIAL
3.055000067,0.552316844,0.000000000,-0.000000004,0.000000000,AERIAL
3.055999994,0.551311851,-0.000000000,-0.000000004,3.427800179,AERIAL
3.056999922,0.550297081,0.000000000,0.000000007,0.000000000,AERIAL
3.058000088,0.549272537,0.000000000,-0.000000004,0.000000000,AERIAL
3.059000015,0.548238158,-0.000000000,-0.000000004,3.427800179,AERIAL
3.059999943,0.547193944,0.000000000,0.000000007,0.000000000,AERIAL
3.061000109,0.546140015,0.000000000,-0.000000004,0.000000000,AERIAL
3.062000036,0.545076251,-0.000000000,-0.000000004,3.427800179,AERIAL
3.062999964,0.544002652,0.000000000,0.000000007,0.000000000,AERIAL
3.063999891,0.542919278,0.000000000,-0.000000004,0.000000000,AERIAL
3.065000057,0.541826129,0.000000000,0.000000000,0.000000000,AERIAL
3.065999985,0.540723145,0.000000000,0.000000000,0.000000000,AERIAL
3.066999912,0.539610386,0.000000000,0.000000000,0.000000000,AERIAL
3.068000078,0.538487792,0.000000000,0.000000000,0.000000000,AERIAL
3.069000006,0.537355483,0.000000000,0.000000000,0.000000000,AERIAL
3.069999933,0.536213279,0.000000000,0.000000000,0.000000000,AERIAL
3.071000099,0.535061359,0.000000000,0.000000000,0.000000000,AERIAL
3.072000027,0.533899605,0.000000000,0.000000000,0.000000000,AERIAL
3.072999954,0.532728076,0.000000000,0.000000000,0.000000000,AERIAL
3.073999882,0.531546712,0.000000000,0.000000000,0.000000000,AERIAL
3.075000048,0.530355632,0.000000000,0.000000000,0.000000000,AERIAL
3.075999975,0.529154718,0.000000000,0.000000000,0.000000000,AERIAL
3.076999903,0.527944028,0.000000000,0.000000000,0.000000000,AERIAL
3.078000069,0.526723564,0.000000000,0.000000000,0.000000000,AERIAL
3.078999996,0.525493264,0.000000000,0.000000000,0.000000000,AERIAL
3.079999924,0.524253249,0.000000000,0.000000000,0.000000000,AERIAL
3.081000090,0.523003399,0.000000000,0.000000000,0.000000000,AERIAL
3.082000017,0.521743834,0.000000000,0.000000000,0.000000000,AERIAL
3.082999945,0.520474434,0.000000000,0.000000000,0.000000000,AERIAL
3.084000111,0.519195259,0.000000000,0.000000000,0.000000000,AERIAL
3.085000038,0.517906368,0.000000000,0.000000000,0.000000000,AERIAL
3.085999966,0.516607642,0.000000000,0.000000000,0.000000000,AERIAL
3.086999893,0.515299201,0.000000000,0.000000000,0.000000000,AERIAL
3.088000059,0.513980985,0.000000000,0.000000000,0.000000000,AERIAL
3.088999987,0.512652934,0.000000000,0.000000000,0.000000000,AERIAL
3.089999914,0.511315167,0.000000000,0.000000000,0.000000000,AERIAL
3.091000080,0.509967685,0.000000000,0.000000000,0.000000000,AERIAL
3.092000008,0.508610368,0.000000000,0.000000000,0.000000000,AERIAL
3.092999935,0.507243335,0.000000000,0.000000000,0.000000000,AERIAL
3.094000101,0.505866587,0.000000000,0.000000000,0.000000000,AERIAL
3.095000029,0.504480004,0.000000000,0.000000000,0.000000000,AERIAL
3.095999956,0.503083706,0.000000000,0.000000000,0.000000000,AERIAL
3.096999884,0.501677692,0.000000000,0.000000000,0.000000000,AERIAL
3.098000050,0.500261903,0.000000000,0.000000000,0.000000000,AERIAL
3.098999977,0.498836339,0.000000000,0.000000000,0.000000000,AERIAL
3.099999905,0.497401059,0.000000000,0.000000000,0.000000000,AERIAL
3.101000071,0.495956033,0.000000000,0.000000000,0.000000000,AERIAL
3.101999998,0.494501263,0.000000000,0.000000000,0.000000000,AERIAL
3.102999926,0.493036777,0.000000000,0.000000000,0.000000000,AERIAL
3.104000092,0.491562545,0.000000000,0.000000000,0.000000000,AERIAL
3.105000019,0.490078568,0.000000000,0.000000000,0.000000000,AERIAL
3.105999947,0.488584876,0.000000000,0.000000000,0.000000000,AERIAL
3.107000113,0.487081438,0.000000000,0.000000000,0.000000000,AERIAL
3.108000040,0.485568285,0.000000000,0.000000000,0.000000000,AERIAL
3.108999968,0.484045416,0.000000000,0.000000000,0.000000000,AERIAL
3.109999895,0.482512802,0.000000000,0.000000000,0.000000000,AERIAL
3.111000061,0.480970472,0.000000000,0.000000000,0.000000000,AERIAL
3.111999989,0.479418427,0.000000000,0.000000000,0.000000000,AERIAL
3.112999916,0.477856666,0.000000000,0.000000000,0.000000000,AERIAL
3.114000082,0.476285189,0.000000000,0.000000000,0.000000000,AERIAL
3.115000010,0.474703997,0.000000000,0.000000000,0.000000000,AERIAL
3.115999937,0.473113090,0.000000000,0.000000000,0.000000000,AERIAL
3.117000103,0.471512467,0.000000000,0.000000000,0.000000000,AERIAL
3.118000031,0.469902128,0.000000000,0.000000000,0.000000000,AERIAL
3.118999958,0.468282074,0.000000000,0.000000000,0.000000000,AERIAL
3.119999886,0.466652334,0.000000000,0.000000000,0.000000000,AERIAL
3.121000051,0.465012878,0.000000000,0.000000000,0.000000000,AERIAL
3.121999979,0.463363707,0.000000000,0.000000000,0.000000000,AERIAL
3.122999907,0.461704850,0.000000000,0.000000000,0.000000000,AERIAL
3.124000072,0.460036278,0.000000000,0.000000000,0.000000000,AERIAL
3.125000000,0.458358020,0.000000000,0.000000000,0.000000000,AERIAL
3.125999928,0.456670046,0.000000000,0.000000000,0.000000000,AERIAL
3.127000093,0.454972386,0.000000000,0.000000000,0.000000000,AERIAL
3.128000021,0.453265011,0.000000000,0.000000000,0.000000000,AERIAL
3.128999949,0.451547951,0.000000000,0.000000000,0.000000000,AERIAL
3.130000114,0.449821204,0.000000000,0.000000000,0.000000000,AERIAL
3.131000042,0.448084742,0.000000000,0.000000000,0.000000000,AERIAL
3.131999969,0.446338594,0.000000000,0.000000000,0.000000000,AERIAL
3.132999897,0.444582760,0.000000000,0.000000000,0.000000000,AERIAL
3.134000063,0.442817241,0.000000000,0.000000000,0.000000000,AERIAL
3.134999990,0.441042006,0.000000000,0.000000000,0.000000000,AERIAL
3.135999918,0.439257115,0.000000000,0.000000000,0.000000000,AERIAL
3.137000084,0.437462509,0.000000000,0.000000000,0.000000000,AERIAL
3.138000011,0.435658216,0.000000000,0.000000000,0.000000000,AERIAL
3.138999939,0.433844239,0.000000000,0.000000000,0.000000000,AERIAL
3.140000105,0.432020575,0.000000000,0.000000000,0.000000000,AERIAL
3.141000032,0.430187225,0.000000000,0.000000000,0.000000000,AERIAL
3.141999960,0.428344190,0.000000000,0.000000000,0.000000000,AERIAL
3.142999887,0.426491499,0.000000000,0.000000000,0.000000000,AERIAL
3.144000053,0.424629092,0.000000000,0.000000000,0.000000000,AERIAL
3.144999981,0.422757000,0.000000000,0.000000000,0.000000000,AERIAL
3.145999908,0.420875221,0.000000000,0.000000000,0.000000000,AERIAL
3.147000074,0.418983757,0.000000000,0.000000000,0.000000000,AERIAL
3.148000002,0.417082608,0.000000000,0.000000000,0.000000000,AERIAL
3.148999929,0.415171802,0.000000000,0.000000000,0.000000000,AERIAL
3.150000095,0.413251281,0.000000000,0.000000000,0.000000000,AERIAL
3.151000023,0.411321104,0.000000000,0.000000000,0.000000000,AERIAL
3.151999950,0.409381241,0.000000000,0.000000000,0.000000000,AERIAL
3.153000116,0.407431662,0.000000000,-0.000000000,0.000000000,AERIAL
3.154000044,0.405472428,0.000000000,-0.000000000,0.000000000,AERIAL
3.154999971,0.403503507,0.000000000,-0.000000000,0.000000000,AERIAL
3.155999899,0.401524901,0.000000000,-0.000000000,0.000000000,AERIAL
3.157000065,0.399536639,0.000000000,-0.000000000,0.000000000,AERIAL
3.157999992,0.397538662,0.000000000,-0.000000000,0.000000000,AERIAL
3.158999920,0.395530999,0.000000000,-0.000000000,0.000000000,AERIAL
3.160000086,0.393513680,0.000000000,-0.000000000,0.000000000,AERIAL
3.161000013,0.391486675,0.000000000,0.000000000,0.000000000,AERIAL
3.161999941,0.389449984,0.000000000,0.000000000,0.000000000,AERIAL
3.163000107,0.387403578,0.000000000,-0.000000000,0.000000000,AERIAL
3.164000034,0.385347545,0.000000000,-0.000000000,0.000000000,AERIAL
3.164999962,0.383281797,0.000000000,-0.000000000,0.000000000,AERIAL
3.165999889,0.381206363,0.000000000,-0.000000000,0.000000000,AERIAL
3.167000055,0.379121244,0.000000000,-0.000000000,0.000000000,AERIAL
3.167999983,0.377026469,0.000000000,-0.000000000,0.000000000,AERIAL
3.168999910,0.374921978,0.000000000,-0.000000000,0.000000000,AERIAL
3.170000076,0.372807831,0.000000000,-0.000000000,0.000000000,AERIAL
3.171000004,0.370683968,0.000000000,-0.000000000,0.000000000,AERIAL
3.171999931,0.368550450,0.000000000,-0.000000000,0.000000000,AERIAL
3.173000097,0.366407245,0.000000000,-0.000000000,0.000000000,AERIAL
3.174000025,0.364254355,0.000000000,-0.000000000,0.000000000,AERIAL
3.174999952,0.362091750,0.000000000,-0.000000000,0.000000000,AERIAL
3.176000118,0.359919488,0.000000000,-0.000000000,0.000000000,AERIAL
3.177000046,0.357737541,0.000000000,-0.000000000,0.000000000,AERIAL
3.177999973,0.355545908,0.000000000,-0.000000000,0.000000000,AERIAL
3.178999901,0.353344589,0.000000000,-0.000000000,0.000000000,AERIAL
3.180000067,0.351133555,0.000000000,-0.000000000,0.000000000,AERIAL
3.180999994,0.348912865,0.000000000,-0.000000000,0.000000000,AERIAL
3.181999922,0.346682459,0.000000000,-0.000000000,0.000000000,AERIAL
3.183000088,0.344442397,0.000000000,-0.000000000,0.000000000,AERIAL
3.184000015,0.342192620,0.000000000,-0.000000000,0.000000000,AERIAL
3.184999943,0.339933187,0.000000000,-0.000000000,0.000000000,AERIAL
3.186000109,0.337664038,0.000000000,-0.000000000,0.000000000,AERIAL
3.187000036,0.335385174,0.000000000,-0.000000000,0.000000000,AERIAL
3.187999964,0.333096653,0.000000000,-0.000000000,0.000000000,AERIAL
3.188999891,0.330798447,0.000000000,-0.000000000,0.000000000,AERIAL
3.190000057,0.328490525,0.000000000,-0.000000000,0.000000000,AERIAL
3.190999985,0.326172918,0.000000000,-0.000000000,0.000000000,AERIAL
3.191999912,0.323845595,0.000000000,-0.000000000,0.000000000,AERIAL
3.193000078,0.321508616,0.000000000,-0.000000000,0.000000000,AERIAL
3.194000006,0.319161922,0.000000000,-0.000000000,0.000000000,AERIAL
3.194999933,0.316805512,0.000000000,-0.000000000,0.000000000,AERIAL
3.196000099,0.314439446,0.000000000,-0.000000000,0.000000000,AERIAL
3.197000027,0.312063664,0.000000000,-0.000000000,0.000000000,AERIAL
3.197999954,0.309678167,0.000000000,-0.000000000,0.000000000,AERIAL
3.198999882,0.307282984,0.000000000,-0.000000000,0.000000000,AERIAL
3.200000048,0.304878086,0.000000000,-0.000000000,0.000000000,AERIAL
3.200999975,0.302463502,0.000000000,-0.000000000,0.000000000,AERIAL
3.201999903,0.300039202,0.000000000,-0.000000000,0.000000000,AERIAL
3.203000069,0.297605217,0.000000000,-0.000000000,0.000000000,AERIAL
3.203999996,0.295161515,0.000000000,-0.000000000,0.000000000,AERIAL
3.204999924,0.292708099,0.000000000,-0.000000000,0.000000000,AERIAL
3.206000090,0.290244997,0.000000000,-0.000000000,0.000000000,AERIAL
3.207000017,0.287772179,0.000000000,-0.000000000,0.000000000,AERIAL
3.207999945,0.285289645,0.000000000,-0.000000000,0.000000000,AERIAL
3.209000111,0.282797396,0.000000000,-0.000000000,0.000000000,AERIAL
3.210000038,0.280295432,0.000000000,-0.000000000,0.000000000,AERIAL
3.210999966,0.277783781,0.000000000,-0.000000000,0.000000000,AERIAL
3.211999893,0.275262386,0.000000000,-0.000000000,0.000000000,AERIAL
3.213000059,0.272731304,0.000000000,-0.000000000,0.000000000,AERIAL
3.213999987,0.270190477,0.000000000,-0.000000000,0.000000000,AERIAL
3.214999914,0.267639965,0.000000000,-0.000000000,0.000000000,AERIAL
3.216000080,0.265079707,0.000000000,-0.000000000,0.000000000,AERIAL
3.217000008,0.262509733,0.000000000,-0.000000000,0.000000000,AERIAL
3.217999935,0.259930074,0.000000000,-0.000000000,0.000000000,AERIAL
3.219000101,0.257340640,0.000000000,-0.000000000,0.000000000,AERIAL
3.220000029,0.254741520,0.000000000,-0.000000000,0.000000000,AERIAL
3.220999956,0.252132654,0.000000000,-0.000000000,0.000000000,AERIAL
3.221999884,0.249514073,0.000000000,-0.000000000,0.000000000,AERIAL
3.223000050,0.246885762,0.000000000,-0.000000000,0.000000000,AERIAL
3.223999977,0.244247735,0.000000000,-0.000000000,0.000000000,AERIAL
3.224999905,0.241599962,0.000000000,-0.000000000,0.000000000,AERIAL
3.226000071,0.238942459,0.000000000,-0.000000000,0.000000000,AERIAL
3.226999998,0.236275211,0.000000000,-0.000000000,0.000000000,AERIAL
3.227999926,0.233598247,0.000000000,-0.000000000,0.000000000,AERIAL
3.229000092,0.230911538,0.000000000,-0.000000000,0.000000000,AERIAL
3.230000019,0.228215083,0.000000000,-0.000000000,0.000000000,AERIAL
3.230999947,0.225508898,0.000000000,-0.000000000,0.000000000,AERIAL
3.232000113,0.222792983,0.000000000,-0.000000000,0.000000000,AERIAL
3.233000040,0.220067307,0.000000000,-0.000000000,0.000000000,AERIAL
3.233999968,0.217331886,0.000000000,-0.000000000,0.000000000,AERIAL
3.234999895,0.214586735,0.000000000,-0.000000000,0.000000000,AERIAL
3.236000061,0.211831823,0.000000000,-0.000000000,0.000000000,AERIAL
3.236999989,0.209067166,0.000000000,-0.000000000,0.000000000,AERIAL
3.237999916,0.206292748,0.000000000,-0.000000000,0.000000000,AERIAL
3.239000082,0.203508586,0.000000000,-0.000000000,0.000000000,AERIAL
3.240000010,0.200714663,0.000000000,-0.000000000,0.000000000,AERIAL
3.240999937,0.197910994,0.000000000,-0.000000000,0.000000000,AERIAL
3.242000103,0.195097551,0.000000000,-0.000000000,0.000000000,AERIAL
3.243000031,0.192274362,0.000000000,-0.000000000,0.000000000,AERIAL
3.243999958,0.189441413,0.000000000,-0.000000000,0.000000000,AERIAL
3.244999886,0.186598688,0.000000000,-0.000000000,0.000000000,AERIAL
3.246000051,0.183746219,0.000000000,-0.000000000,0.000000000,AERIAL
3.246999979,0.180883989,0.000000000,-0.000000000,0.000000000,AERIAL
3.247999907,0.178011984,0.000000000,-0.000000000,0.000000000,AERIAL
3.249000072,0.175130218,0.000000000,-0.000000000,0.000000000,AERIAL
3.250000000,0.172238693,0.000000000,-0.000000000,0.000000000,AERIAL
3.250999928,0.169337392,0.000000000,-0.000000000,0.000000000,AERIAL
3.252000093,0.166426331,0.000000000,-0.000000000,0.000000000,AERIAL
3.253000021,0.163505509,0.000000000,-0.000000000,0.000000000,AERIAL
3.253999949,0.160574913,0.000000000,-0.000000000,0.000000000,AERIAL
3.255000114,0.157634556,0.000000000,-0.000000000,0.000000000,AERIAL
3.256000042,0.154684439,0.000000000,-0.000000000,0.000000000,AERIAL
3.256999969,0.151724547,0.000000000,-0.000000000,0.000000000,AERIAL
3.257999897,0.148754895,0.000000000,-0.000000000,0.000000000,AERIAL
3.259000063,0.145775467,0.000000000,-0.000000000,0.000000000,AERIAL
3.259999990,0.142786279,0.000000000,0.000000000,0.000000000,AERIAL
3.260999918,0.139787316,0.000000000,0.000000000,0.000000000,AERIAL
3.262000084,0.136778593,0.000000000,0.000000000,0.000000000,AERIAL
3.263000011,0.133760095,0.000000000,0.000000000,0.000000000,AERIAL
3.263999939,0.130731836,0.000000000,0.000000000,0.000000000,AERIAL
3.265000105,0.127693817,0.000000000,0.000000000,0.000000000,AERIAL
3.266000032,0.124646023,0.000000000,0.000000000,0.000000000,AERIAL
3.266999960,0.121588461,0.000000000,0.000000000,0.000000000,AERIAL
3.267999887,0.118521139,0.000000000,0.000000000,0.000000000,AERIAL
3.269000053,0.115444049,0.000000000,0.000000000,0.000000000,AERIAL
3.269999981,0.112357192,0.000000000,0.000000000,0.000000000,AERIAL
3.270999908,0.109260567,0.000000000,0.000000000,0.000000000,AERIAL
3.272000074,0.106154174,0.000000000,0.000000000,0.000000000,AERIAL
3.273000002,0.103038020,0.000000000,0.000000000,0.000000000,AERIAL
3.273999929,0.099912100,0.000000000,0.000000000,0.000000000,AERIAL
3.275000095,0.096776418,0.000000000,0.000000000,0.000000000,AERIAL
3.276000023,0.093630970,0.000000000,0.000000000,0.000000000,AERIAL
3.276999950,0.090475753,0.000000000,0.000000000,0.000000000,AERIAL
3.278000116,0.087310776,0.000000000,0.000000000,0.000000000,AERIAL
3.279000044,0.084136032,0.000000000,0.000000000,0.000000000,AERIAL
3.279999971,0.080951527,0.000000000,0.000000000,0.000000000,AERIAL
3.280999899,0.077757262,0.000000000,0.000000000,0.000000000,AERIAL
3.282000065,0.074553229,0.000000000,0.000000000,0.000000000,AERIAL
3.282999992,0.071339428,0.000000000,0.000000000,0.000000000,AERIAL
3.283999920,0.068115868,0.000000000,0.000000000,0.000000000,AERIAL
3.285000086,0.064882547,0.000000000,0.000000000,0.000000000,AERIAL
3.286000013,0.061639465,0.000000000,0.000000000,0.000000000,AERIAL
3.286999941,0.058386620,0.000000000,0.000000000,0.000000000,AERIAL
3.288000107,0.055124011,0.000000000,0.000000000,0.000000000,AERIAL
3.289000034,0.051851638,0.000000000,0.000000000,0.000000000,AERIAL
3.289999962,0.048569508,0.000000000,0.000000000,0.000000000,AERIAL
3.290999889,0.045277614,0.000000000,0.000000000,0.000000000,AERIAL
3.292000055,0.041975956,0.000000000,0.000000000,0.000000000,AERIAL
3.292999983,0.038664542,0.000000000,0.000000000,0.000000000,AERIAL
3.293999910,0.035343364,0.000000000,0.000000000,0.000000000,AERIAL
3.295000076,0.032012425,0.000000000,0.000000000,0.000000000,AERIAL
3.296000004,0.028671725,0.000000000,0.000000000,0.000000000,LANDING
3.296999931,0.025321264,0.000000000,0.000000000,0.000000000,LANDING
3.298000097,0.021961041,0.000000000,0.000000000,0.000000000,LANDING
3.299000025,0.018591059,0.000000000,0.000000000,0.000000000,LANDING
3.299999952,0.015211317,0.000000000,0.000000000,0.000000000,LANDING
3.301000118,0.011821813,0.000000000,0.000000000,0.000000000,LANDING
3.302000046,0.008422549,0.000000000,0.000000000,0.000000000,LANDING
3.302999973,0.005013525,0.000000000,0.000000000,0.000000000,LANDING
3.303999901,0.001594739,0.000000000,0.000000000,0.000000000,LANDING
3.305000067,0.001595672,-0.003429199,-3.429198980,4.466440678,SUPPORT
3.305999994,0.001596595,-0.006735941,-3.306742430,5.041813850,SUPPORT
3.306999922,0.001597514,-0.009903206,-3.167264223,5.592917919,SUPPORT
3.308000088,0.001598429,-0.012914684,-3.011477709,6.116914749,SUPPORT
3.309000015,0.001599342,-0.015754867,-2.840184927,6.611106873,SUPPORT
3.309999943,0.001600253,-0.018409135,-2.654267311,7.072949409,SUPPORT
3.311000109,0.001601163,-0.020863818,-2.454682350,7.500064373,SUPPORT
3.312000036,0.001602073,-0.023106275,-2.242457628,7.890252113,SUPPORT
3.312999964,0.001602984,-0.025124963,-2.018686771,8.241503716,SUPPORT
3.313999891,0.001603898,-0.026909485,-1.784522533,8.552010536,SUPPORT
3.315000057,0.001604816,-0.028450655,-1.541170001,8.820174217,SUPPORT
3.315999985,0.001605738,-0.029740537,-1.289882183,9.044613838,SUPPORT
3.316999912,0.001606666,-0.030772490,-1.031952858,9.224173546,SUPPORT
3.318000078,0.001607601,-0.031541198,-0.768710077,9.357929230,SUPPORT
3.319000006,0.001608543,-0.032042708,-0.501509249,9.445191383,SUPPORT
3.319999933,0.001609494,-0.032274436,-0.231726214,9.485511780,SUPPORT
3.321000099,0.001610454,-0.032235187,0.039249867,8.611875534,SUPPORT
3.322000027,0.001611432,-0.031950817,0.284369826,8.545282364,SUPPORT
3.322999954,0.001612419,-0.031423289,0.527527511,8.453492165,SUPPORT
3.323999882,0.001613416,-0.030655319,0.767968774,8.319865227,SUPPORT
3.325000048,0.001614423,-0.029650863,1.004455447,8.145090103,SUPPORT
3.325999975,0.001615440,-0.028415095,1.235769629,7.930066586,SUPPORT
3.326999903,0.001616467,-0.026954375,1.460720301,7.675900936,SUPPORT
3.328000069,0.001617504,-0.025276225,1.678149104,7.383903027,SUPPORT
3.328999996,0.001618550,-0.023389289,1.886936545,7.055576324,SUPPORT
3.329999924,0.001619606,-0.021303281,2.086007595,6.692610741,SUPPORT
3.331000090,0.001620671,-0.019028945,2.274337053,6.296876431,SUPPORT
3.332000017,0.001621745,-0.016577989,2.450955629,5.870409966,SUPPORT
3.332999945,0.001622827,-0.013963035,2.614953518,5.415408134,SUPPORT
3.334000111,0.001623917,-0.011197548,2.765486956,4.934213161,SUPPORT
3.335000038,0.001625013,-0.008295768,2.901780367,4.429303646,SUPPORT
3.335999966,0.001626117,-0.005272635,3.023132801,3.903278589,SUPPORT
3.336999893,0.001627226,-0.002143716,3.128918886,3.358846664,SUPPORT
3.338000059,0.002573952,0.000000000,2.143716097,0.000000000,TAKEOFF
3.338999987,0.005589536,0.000000000,-0.000000002,0.000000000,TAKEOFF
3.339999914,0.008595400,0.000000000,-0.000000002,0.000000000,TAKEOFF
3.341000080,0.011591546,0.000000000,-0.000000000,0.000000000,TAKEOFF
3.342000008,0.014577972,0.000000000,-0.000000000,0.000000000,TAKEOFF
3.342999935,0.017554676,0.000000000,-0.000000000,0.000000000,TAKEOFF
3.344000101,0.020521661,0.000000000,-0.000000000,0.000000000,TAKEOFF
3.345000029,0.023478925,0.000000000,-0.000000000,0.000000000,TAKEOFF
3.345999956,0.026426468,0.000000000,-0.000000000,0.000000000,TAKEOFF
3.346999884,0.029364290,0.000000000,-0.000000000,0.000000000,TAKEOFF
3.348000050,0.032292392,0.000000000,-0.000000000,0.000000000,AERIAL
3.348999977,0.035210770,0.000000000,-0.000000000,0.000000000,AERIAL
3.349999905,0.038119424,0.000000000,-0.000000000,0.000000000,AERIAL
3.351000071,0.041018359,0.000000000,-0.000000000,0.000000000,AERIAL
3.351999998,0.043907572,0.000000000,-0.000000000,0.000000000,AERIAL
3.352999926,0.046787061,0.000000000,-0.000000000,0.000000000,AERIAL
3.354000092,0.049656827,0.000000000,-0.000000000,0.000000000,AERIAL
3.355000019,0.052516870,0.000000000,-0.000000000,0.000000000,AERIAL
3.355999947,0.055367187,0.000000000,-0.000000000,0.000000000,AERIAL
3.357000113,0.058207784,0.000000000,-0.000000000,0.000000000,AERIAL
3.358000040,0.061038658,0.000000000,-0.000000000,0.000000000,AERIAL
3.358999968,0.063859805,0.000000000,-0.000000000,0.000000000,AERIAL
3.359999895,0.066671230,0.000000000,-0.000000000,0.000000000,AERIAL
3.361000061,0.069472939,0.000000000,-0.000000000,0.000000000,AERIAL
3.361999989,0.072264910,0.000000000,-0.000000000,0.000000000,AERIAL
3.362999916,0.075047202,0.000000000,0.000000000,0.000000000,AERIAL
3.364000082,0.077819861,0.000000000,0.000000000,0.000000000,AERIAL
3.365000010,0.080583014,0.000000000,0.000000000,0.000000000,AERIAL
3.365999937,0.083336778,0.000000000,0.000000000,0.000000000,AERIAL
3.367000103,0.086081311,0.000000000,0.000000000,0.000000000,AERIAL
3.368000031,0.088816792,0.000000000,0.000000000,0.000000000,AERIAL
3.368999958,0.091543406,0.000000000,0.000000000,0.000000000,AERIAL
3.369999886,0.094261356,0.000000000,0.000000000,0.000000000,AERIAL
3.371000051,0.096970856,0.000000000,0.000000000,0.000000000,AERIAL
3.371999979,0.099672131,0.000000000,0.000000000,0.000000000,AERIAL
3.372999907,0.102365397,0.000000000,0.000000000,0.000000000,AERIAL
3.374000072,0.105050884,0.000000000,0.000000000,0.000000000,AERIAL
3.375000000,0.107728831,0.000000000,0.000000000,0.000000000,AERIAL
3.375999928,0.110399462,0.000000000,0.000000000,0.000000000,AERIAL
3.377000093,0.113063008,0.000000000,0.000000000,0.000000000,AERIAL
3.378000021,0.115719698,0.000000000,0.000000000,0.000000000,AERIAL
3.378999949,0.118369751,0.000000000,0.000000000,0.000000000,AERIAL
3.380000114,0.121013403,0.000000000,0.000000000,0.000000000,AERIAL
3.381000042,0.123650856,0.000000000,0.000000000,0.000000000,AERIAL
3.381999969,0.126282334,0.000000000,0.000000000,0.000000000,AERIAL
3.382999897,0.128908053,0.000000000,0.000000000,0.000000000,AERIAL
3.384000063,0.131528214,0.000000000,0.000000000,0.000000000,AERIAL
3.384999990,0.134142995,0.000000000,0.000000000,0.000000000,AERIAL
3.385999918,0.136752620,0.000000000,0.000000000,0.000000000,AERIAL
3.387000084,0.139357254,0.000000000,0.000000000,0.000000000,AERIAL
3.388000011,0.141957104,0.000000000,0.000000000,0.000000000,AERIAL
3.388999939,0.144552305,0.000000000,0.000000000,0.000000000,AERIAL
3.390000105,0.147143081,0.000000000,0.000000000,0.000000000,AERIAL
3.391000032,0.149729550,0.000000000,0.000000000,0.000000000,AERIAL
3.391999960,0.152311891,0.000000000,0.000000000,0.000000000,AERIAL
3.392999887,0.154890254,0.000000000,0.000000000,0.000000000,AERIAL
3.394000053,0.157464787,0.000000000,0.000000000,0.000000000,AERIAL
3.394999981,0.160035640,0.000000000,0.000000000,0.000000000,AERIAL
3.395999908,0.162602946,0.000000000,0.000000000,0.000000000,AERIAL
3.397000074,0.165166840,0.000000000,0.000000000,0.000000000,AERIAL
3.398000002,0.167727441,0.000000000,0.000000000,0.000000000,AERIAL
3.398999929,0.170284882,0.000000000,0.000000000,0.000000000,AERIAL
3.400000095,0.172839269,0.000000000,0.000000000,0.000000000,AERIAL
3.401000023,0.175390735,0.000000000,0.000000000,0.000000000,AERIAL
3.401999950,0.177939355,0.000000000,0.000000000,0.000000000,AERIAL
3.403000116,0.180485278,0.000000000,0.000000000,0.000000000,AERIAL
3.404000044,0.183028564,0.000000000,0.000000000,0.000000000,AERIAL
3.404999971,0.185569331,0.000000000,0.000000000,0.000000000,AERIAL
3.405999899,0.188107669,0.000000000,0.000000000,0.000000000,AERIAL
3.407000065,0.190643683,0.000000000,0.000000000,0.000000000,AERIAL
3.407999992,0.193177432,0.000000000,0.000000000,0.000000000,AERIAL
3.408999920,0.195709020,0.000000000,0.000000000,0.000000000,AERIAL
3.410000086,0.198238507,0.000000000,0.000000000,0.000000000,AERIAL
3.411000013,0.200765997,0.000000000,0.000000000,0.000000000,AERIAL
3.411999941,0.203291535,0.000000000,0.000000000,0.000000000,AERIAL
3.413000107,0.205815211,0.000000000,0.000000000,0.000000000,AERIAL
3.414000034,0.208337098,0.000000000,0.000000000,0.000000000,AERIAL
3.414999962,0.210857242,0.000000000,0.000000000,0.000000000,AERIAL
3.415999889,0.213375717,0.000000000,0.000000000,0.000000000,AERIAL
3.417000055,0.215892598,0.000000000,0.000000000,0.000000000,AERIAL
3.417999983,0.218407944,0.000000000,0.000000000,0.000000000,AERIAL
3.418999910,0.220921785,0.000000000,0.000000000,0.000000000,AERIAL
3.420000076,0.223434195,0.000000000,0.000000000,0.000000000,AERIAL
3.421000004,0.225945234,0.000000000,0.000000000,0.000000000,AERIAL
3.421999931,0.228454947,0.000000000,0.000000000,0.000000000,AERIAL
3.423000097,0.230963379,0.000000000,0.000000000,0.000000000,AERIAL
3.424000025,0.233470574,0.000000000,0.000000000,0.000000000,AERIAL
3.424999952,0.235976592,0.000000000,0.000000000,0.000000000,AERIAL
3.426000118,0.238481462,0.000000000,0.000000000,0.000000000,AERIAL
3.427000046,0.240985259,0.000000000,0.000000000,0.000000000,AERIAL
3.427999973,0.243487999,0.000000000,0.000000000,0.000000000,AERIAL
3.428999901,0.245989725,0.000000000,0.000000000,0.000000000,AERIAL
3.430000067,0.248490497,0.000000000,0.000000000,0.000000000,AERIAL
3.430999994,0.250990331,0.000000000,0.000000000,0.000000000,AERIAL
3.431999922,0.253489286,0.000000000,0.000000000,0.000000000,AERIAL
3.433000088,0.255987376,0.000000000,0.000000000,0.000000000,AERIAL
3.434000015,0.258484662,0.000000000,0.000000000,0.000000000,AERIAL
3.434999943,0.260981143,0.000000000,0.000000000,0.000000000,AERIAL
3.436000109,0.263476908,0.000000000,0.000000000,0.000000000,AERIAL
3.437000036,0.265971929,0.000000000,0.000000000,0.000000000,AERIAL
3.437999964,0.268466294,0.000000000,0.000000000,0.000000000,AERIAL
3.438999891,0.270960003,0.000000000,0.000000000,0.000000000,AERIAL
3.440000057,0.273453087,0.000000000,0.000000000,0.000000000,AERIAL
3.440999985,0.275945574,0.000000000,0.000000000,0.000000000,AERIAL
3.441999912,0.278437525,0.000000000,0.000000000,0.000000000,AERIAL
3.443000078,0.280928910,0.000000000,0.000000000,0.000000000,AERIAL
3.444000006,0.283419788,0.000000000,0.000000000,0.000000000,AERIAL
3.444999933,0.285910189,0.000000000,0.000000000,0.000000000,AERIAL
3.446000099,0.288400114,0.000000000,0.000000000,0.000000000,AERIAL
3.447000027,0.290889621,0.000000000,0.000000000,0.000000000,AERIAL
3.447999954,0.293378681,0.000000000,0.000000000,0.000000000,AERIAL
3.448999882,0.295867354,0.000000000,0.000000000,0.000000000,AERIAL
3.450000048,0.298355669,0.000000000,0.000000000,0.000000000,AERIAL
3.450999975,0.300843596,0.000000000,0.000000000,0.000000000,AERIAL
3.451999903,0.303331196,0.000000000,0.000000000,0.000000000,AERIAL
3.453000069,0.305818498,0.000000000,0.000000000,0.000000000,AERIAL
3.453999996,0.308305472,0.000000000,0.000000000,0.000000000,AERIAL
3.454999924,0.310792178,0.000000000,0.000000000,0.000000000,AERIAL
3.456000090,0.313278168,0.000000000,-0.000000000,0.000000000,AERIAL
3.457000017,0.315763026,0.000000000,-0.000000000,0.000000000,AERIAL
3.457999945,0.318246335,0.000000000,-0.000000000,0.000000000,AERIAL
3.459000111,0.320727736,0.000000000,-0.000000000,0.000000000,AERIAL
3.460000038,0.323206872,0.000000000,-0.000000000,0.000000000,AERIAL
3.460999966,0.325683385,0.000000000,-0.000000000,0.000000000,AERIAL
3.461999893,0.328156948,0.000000000,-0.000000000,0.000000000,AERIAL
3.463000059,0.330627292,0.000000000,-0.000000000,0.000000000,AERIAL
3.463999987,0.333094090,0.000000000,-0.000000000,0.000000000,AERIAL
3.464999914,0.335557103,0.000000000,-0.000000000,0.000000000,AERIAL
3.466000080,0.338016063,0.000000000,-0.000000000,0.000000000,AERIAL
3.467000008,0.340470761,0.000000000,-0.000000000,0.000000000,AERIAL
3.467999935,0.342920959,0.000000000,-0.000000000,0.000000000,AERIAL
3.469000101,0.345366448,0.000000000,-0.000000000,0.000000000,AERIAL
3.470000029,0.347807020,0.000000000,-0.000000000,0.000000000,AERIAL
3.470999956,0.350242436,0.000000000,-0.000000000,0.000000000,AERIAL
3.471999884,0.352672547,0.000000000,-0.000000000,0.000000000,AERIAL
3.473000050,0.355097175,0.000000000,-0.000000000,0.000000000,AERIAL
3.473999977,0.357516170,0.000000000,-0.000000000,0.000000000,AERIAL
3.474999905,0.359929383,0.000000000,-0.000000000,0.000000000,AERIAL
3.476000071,0.362336665,0.000000000,-0.000000000,0.000000000,AERIAL
3.476999998,0.364737898,0.000000000,-0.000000000,0.000000000,AERIAL
3.477999926,0.367132932,0.000000000,-0.000000000,0.000000000,AERIAL
3.479000092,0.369521618,0.000000000,-0.000000000,0.000000000,AERIAL
3.480000019,0.371903867,0.000000000,-0.000000000,0.000000000,AERIAL
3.480999947,0.374279559,0.000000000,-0.000000000,0.000000000,AERIAL
3.482000113,0.376648575,0.000000000,-0.000000000,0.000000000,AERIAL
3.483000040,0.379010826,0.000000000,-0.000000000,0.000000000,AERIAL
3.483999968,0.381366193,0.000000000,-0.000000000,0.000000000,AERIAL
3.484999895,0.383714586,0.000000000,-0.000000000,0.000000000,AERIAL
3.486000061,0.386055917,0.000000000,-0.000000000,0.000000000,AERIAL
3.486999989,0.388390124,0.000000000,-0.000000000,0.000000000,AERIAL
3.487999916,0.390717119,0.000000000,-0.000000000,0.000000000,AERIAL
3.489000082,0.393036783,0.000000000,-0.000000000,0.000000000,AERIAL
3.490000010,0.395349085,0.000000000,-0.000000000,0.000000000,AERIAL
3.490999937,0.397653937,0.000000000,-0.000000000,0.000000000,AERIAL
3.492000103,0.399951249,0.000000000,-0.000000000,0.000000000,AERIAL
3.493000031,0.402240992,0.000000000,-0.000000000,0.000000000,AERIAL
3.493999958,0.404523045,0.000000000,-0.000000000,0.000000000,AERIAL
3.494999886,0.406797409,0.000000000,-0.000000000,0.000000000,AERIAL
3.496000051,0.409063995,0.000000000,-0.000000000,0.000000000,AERIAL
3.496999979,0.411322743,0.000000000,-0.000000000,0.000000000,AERIAL
3.497999907,0.413573623,0.000000000,-0.000000000,0.000000000,AERIAL
3.499000072,0.415816575,0.000000000,-0.000000000,0.000000000,AERIAL
3.500000000,0.418051541,0.000000000,-0.000000000,0.000000000,AERIAL
3.500999928,0.420278460,0.000000000,-0.000000000,0.000000000,AERIAL
3.502000093,0.422497302,0.000000000,-0.000000000,0.000000000,AERIAL
3.503000021,0.424708009,0.000000000,-0.000000000,0.000000000,AERIAL
3.503999949,0.426910579,0.000000000,-0.000000000,0.000000000,AERIAL
3.505000114,0.429104894,0.000000000,-0.000000000,0.000000000,AERIAL
3.506000042,0.431291014,0.000000000,-0.000000000,0.000000000,AERIAL
3.506999969,0.433468819,0.000000000,-0.000000000,0.000000000,AERIAL
3.507999897,0.435638279,0.000000000,-0.000000000,0.000000000,AERIAL
3.509000063,0.437799424,0.000000000,-0.000000000,0.000000000,AERIAL
3.509999990,0.439952135,0.000000000,-0.000000000,0.000000000,AERIAL
3.510999918,0.442096442,0.000000000,-0.000000000,0.000000000,AERIAL
3.512000084,0.444232285,0.000000000,-0.000000000,0.000000000,AERIAL
3.513000011,0.446359634,0.000000000,-0.000000000,0.000000000,AERIAL
3.513999939,0.448478460,0.000000000,-0.000000000,0.000000000,AERIAL
3.515000105,0.450588733,0.000000000,-0.000000000,0.000000000,AERIAL
3.516000032,0.452690423,0.000000000,-0.000000000,0.000000000,AERIAL
3.516999960,0.454783499,0.000000000,-0.000000000,0.000000000,AERIAL
3.517999887,0.456867933,0.000000000,-0.000000000,0.000000000,AERIAL
3.519000053,0.458943725,0.000000000,-0.000000000,0.000000000,AERIAL
3.519999981,0.461010844,0.000000000,-0.000000000,0.000000000,AERIAL
3.520999908,0.463069230,0.000000000,-0.000000000,0.000000000,AERIAL
3.522000074,0.465118885,0.000000000,-0.000000000,0.000000000,AERIAL
3.523000002,0.467159808,0.000000000,-0.000000000,0.000000000,AERIAL
3.523999929,0.469191939,0.000000000,-0.000000000,0.000000000,AERIAL
3.525000095,0.471215248,0.000000000,-0.000000000,0.000000000,AERIAL
3.526000023,0.473229766,0.000000000,-0.000000000,0.000000000,AERIAL
3.526999950,0.475235432,0.000000000,-0.000000000,0.000000000,AERIAL
3.528000116,0.477232218,0.000000000,-0.000000000,0.000000000,AERIAL
3.529000044,0.479220152,0.000000000,-0.000000000,0.000000000,AERIAL
3.529999971,0.481199175,0.000000000,-0.000000000,0.000000000,AERIAL
3.530999899,0.483169287,0.000000000,-0.000000000,0.000000000,AERIAL
3.532000065,0.485130459,0.000000000,-0.000000000,0.000000000,AERIAL
3.532999992,0.487082690,0.000000000,-0.000000000,0.000000000,AERIAL
3.533999920,0.489025950,0.000000000,-0.000000000,0.000000000,AERIAL
3.535000086,0.490960211,0.000000000,-0.000000000,0.000000000,AERIAL
3.536000013,0.492885470,0.000000000,-0.000000000,0.000000000,AERIAL
3.536999941,0.494801730,0.000000000,-0.000000000,0.000000000,AERIAL
3.538000107,0.496708959,0.000000000,-0.000000000,0.000000000,AERIAL
3.539000034,0.498607129,0.000000000,-0.000000000,0.000000000,AERIAL
3.539999962,0.500496268,0.000000000,-0.000000000,0.000000000,AERIAL
3.540999889,0.502376258,0.000000000,-0.000000000,0.000000000,AERIAL
3.542000055,0.504247248,0.000000000,-0.000000000,0.000000000,AERIAL
3.542999983,0.506109118,0.000000000,-0.000000000,0.000000000,AERIAL
3.543999910,0.507961810,0.000000000,-0.000000000,0.000000000,AERIAL
3.545000076,0.509805441,0.000000000,-0.000000000,0.000000000,AERIAL
3.546000004,0.511639893,0.000000000,-0.000000000,0.000000000,AERIAL
3.546999931,0.513465226,0.000000000,-0.000000000,0.000000000,AERIAL
3.548000097,0.515281320,0.000000000,-0.000000000,0.000000000,AERIAL
3.549000025,0.517088294,0.000000000,-0.000000000,0.000000000,AERIAL
3.549999952,0.518886089,0.000000000,-0.000000000,0.000000000,AERIAL
3.551000118,0.520674646,0.000000000,-0.000000000,0.000000000,AERIAL
3.552000046,0.522454023,0.000000000,-0.000000000,0.000000000,AERIAL
3.552999973,0.524224162,0.000000000,-0.000000000,0.000000000,AERIAL
3.553999901,0.525985003,0.000000000,-0.000000000,0.000000000,AERIAL
3.555000067,0.527736664,0.000000000,-0.000000000,0.000000000,AERIAL
3.555999994,0.529479086,0.000000000,-0.000000000,0.000000000,AERIAL
3.556999922,0.531212211,0.000000000,-0.000000000,0.000000000,AERIAL
3.558000088,0.532936037,0.000000000,-0.000000000,0.000000000,AERIAL
3.559000015,0.534650564,0.000000000,-0.000000000,0.000000000,AERIAL
3.559999943,0.536355853,0.000000000,-0.000000000,0.000000000,AERIAL
3.561000109,0.538051784,0.000000000,-0.000000000,0.000000000,AERIAL
3.562000036,0.539738417,0.000000000,-0.000000000,0.000000000,AERIAL
3.562999964,0.541415691,0.000000000,-0.000000000,0.000000000,AERIAL
3.563999891,0.543083668,0.000000000,-0.000000000,0.000000000,AERIAL
3.565000057,0.544742286,0.000000000,-0.000000000,0.000000000,AERIAL
3.565999985,0.546391487,0.000000000,-0.000000000,0.000000000,AERIAL
3.566999912,0.548031390,0.000000000,-0.000000000,0.000000000,AERIAL
3.568000078,0.549661875,0.000000000,-0.000000000,0.000000000,AERIAL
3.569000006,0.551283002,0.000000000,-0.000000000,0.000000000,AERIAL
3.569999933,0.552894771,0.000000000,-0.000000000,0.000000000,AERIAL
3.571000099,0.554497063,0.000000000,-0.000000000,0.000000000,AERIAL
3.572000027,0.556089997,0.000000000,-0.000000000,0.000000000,AERIAL
3.572999954,0.557673514,0.000000000,-0.000000000,0.000000000,AERIAL
3.573999882,0.559247553,0.000000000,-0.000000000,0.000000000,AERIAL
3.575000048,0.560812175,0.000000000,-0.000000000,0.000000000,AERIAL
3.575999975,0.562367380,0.000000000,-0.000000000,0.000000000,AERIAL
3.576999903,0.563913107,0.000000000,-0.000000000,0.000000000,AERIAL
3.578000069,0.565449357,0.000000000,-0.000000000,0.000000000,AERIAL
3.578999996,0.566976130,0.000000000,-0.000000000,0.000000000,AERIAL
3.579999924,0.568493485,0.000000000,-0.000000000,0.000000000,AERIAL
3.581000090,0.570001304,0.000000000,-0.000000000,0.000000000,AERIAL
3.582000017,0.571499646,0.000000000,-0.000000000,0.000000000,AERIAL
3.582999945,0.572988451,0.000000000,-0.000000000,0.000000000,AERIAL
3.584000111,0.574467778,0.000000000,-0.000000000,0.000000000,AERIAL
3.585000038,0.575937569,0.000000000,-0.000000000,0.000000000,AERIAL
3.585999966,0.577397823,0.000000000,-0.000000000,0.000000000,AERIAL
3.586999893,0.578848600,0.000000000,-0.000000000,0.000000000,AERIAL
3.588000059,0.580289781,0.000000000,-0.000000000,0.000000000,AERIAL
3.588999987,0.581721425,0.000000000,-0.000000000,0.000000000,AERIAL
3.589999914,0.583143473,0.000000000,-0.000000000,0.000000000,AERIAL
3.591000080,0.584556043,0.000000000,-0.000000000,0.000000000,AERIAL
3.592000008,0.585958958,0.000000000,-0.000000000,0.000000000,AERIAL
3.592999935,0.587352335,0.000000000,-0.000000000,0.000000000,AERIAL
3.594000101,0.588736117,0.000000000,-0.000000000,0.000000000,AERIAL
3.595000029,0.590110362,0.000000000,-0.000000000,0.000000000,AERIAL
3.595999956,0.591474950,0.000000000,-0.000000000,0.000000000,AERIAL
3.596999884,0.592829883,0.000000000,-0.000000000,0.000000000,AERIAL
3.598000050,0.594175279,0.000000000,-0.000000000,0.000000000,AERIAL
3.598999977,0.595511019,0.000000000,-0.000000000,0.000000000,AERIAL
3.599999905,0.596837103,0.000000000,-0.000000000,0.000000000,AERIAL
3.601000071,0.598153591,0.000000000,-0.000000000,0.000000000,AERIAL
3.601999998,0.599460363,0.000000000,-0.000000000,0.000000000,AERIAL
3.602999926,0.600757539,0.000000000,-0.000000000,0.000000000,AERIAL
3.604000092,0.602045059,0.000000000,-0.000000000,0.000000000,AERIAL
3.605000019,0.603322864,0.000000000,-0.000000000,0.000000000,AERIAL
3.605999947,0.604591072,0.000000000,-0.000000000,0.000000000,AERIAL
3.607000113,0.605849564,0.000000000,-0.000000000,0.000000000,AERIAL
3.608000040,0.607098401,0.000000000,-0.000000000,0.000000000,AERIAL
3.608999968,0.608337522,0.000000000,-0.000000000,0.000000000,AERIAL
3.609999895,0.609566987,0.000000000,-0.000000000,0.000000000,AERIAL
3.611000061,0.610786736,0.000000000,-0.000000000,0.000000000,AERIAL
3.611999989,0.611996770,0.000000000,-0.000000000,0.000000000,AERIAL
3.612999916,0.613197148,0.000000000,-0.000000000,0.000000000,AERIAL
3.614000082,0.614387810,0.000000000,-0.000000000,0.000000000,AERIAL
3.615000010,0.615568817,0.000000000,-0.000000000,0.000000000,AERIAL
3.615999937,0.616740048,0.000000000,-0.000000000,0.000000000,AERIAL
3.617000103,0.617901623,0.000000000,-0.000000000,0.000000000,AERIAL
3.618000031,0.619053483,0.000000000,-0.000000000,0.000000000,AERIAL
3.618999958,0.620195627,0.000000000,-0.000000000,0.000000000,AERIAL
3.619999886,0.621328056,0.000000000,-0.000000000,0.000000000,AERIAL
3.621000051,0.622450769,0.000000000,-0.000000000,0.000000000,AERIAL
3.621999979,0.623563766,0.000000000,-0.000000000,0.000000000,AERIAL
3.622999907,0.624667048,0.000000000,-0.000000000,0.000000000,AERIAL
3.624000072,0.625760615,0.000000000,-0.000000000,0.000000000,AERIAL
3.625000000,0.626844466,0.000000000,-0.000000000,0.000000000,AERIAL
3.625999928,0.627918601,0.000000000,-0.000000000,0.000000000,AERIAL
3.627000093,0.628983021,0.000000000,-0.000000000,0.000000000,AERIAL
3.628000021,0.630037725,0.000000000,-0.000000000,0.000000000,AERIAL
3.628999949,0.631082714,0.000000000,-0.000000000,0.000000000,AERIAL
3.630000114,0.632117987,0.000000000,-0.000000000,0.000000000,AERIAL
3.631000042,0.633143544,0.000000000,-0.000000000,0.000000000,AERIAL
3.631999969,0.634159386,0.000000000,-0.000000000,0.000000000,AERIAL
3.632999897,0.635165453,0.000000000,-0.000000000,0.000000000,AERIAL
3.634000063,0.636161864,0.000000000,0.000000000,0.000000000,AERIAL
3.634999990,0.637148499,0.000000000,0.000000000,0.000000000,AERIAL
3.635999918,0.638125479,0.000000000,0.000000000,0.000000000,AERIAL
3.637000084,0.639092684,0.000000000,0.000000000,0.000000000,AERIAL
3.638000011,0.640050232,0.000000000,0.000000000,0.000000000,AERIAL
3.638999939,0.640998006,0.000000000,0.000000000,0.000000000,AERIAL
3.640000105,0.641936064,0.000000000,0.000000000,0.000000000,AERIAL
3.641000032,0.642864406,0.000000000,0.000000000,0.000000000,AERIAL
3.641999960,0.643783033,0.000000000,0.000000000,0.000000000,AERIAL
3.642999887,0.644691944,0.000000000,0.000000000,0.000000000,AERIAL
3.644000053,0.645591140,0.000000000,0.000000000,0.000000000,AERIAL
3.644999981,0.646480620,0.000000000,0.000000000,0.000000000,AERIAL
3.645999908,0.647360325,0.000000000,0.000000000,0.000000000,AERIAL
3.647000074,0.648230374,0.000000000,0.000000000,0.000000000,AERIAL
3.648000002,0.649090707,0.000000000,0.000000000,0.000000000,AERIAL
3.648999929,0.649941266,0.000000000,0.000000000,0.000000000,AERIAL
3.650000095,0.650782168,0.000000000,0.000000000,0.000000000,AERIAL
3.651000023,0.651613355,0.000000000,0.000000000,0.000000000,AERIAL
3.651999950,0.652434766,0.000000000,0.000000000,0.000000000,AERIAL
3.653000116,0.653246522,0.000000000,0.000000000,0.000000000,AERIAL
3.654000044,0.654048502,0.000000000,0.000000000,0.000000000,AERIAL
3.654999971,0.654840767,0.000000000,0.000000000,0.000000000,AERIAL
3.655999899,0.655623376,0.000000000,0.000000000,0.000000000,AERIAL
3.657000065,0.656396210,0.000000000,0.000000000,0.000000000,AERIAL
3.657999992,0.657159388,0.000000000,0.000000000,0.000000000,AERIAL
3.658999920,0.657912791,0.000000000,0.000000000,0.000000000,AERIAL
3.660000086,0.658656478,0.000000000,0.000000000,0.000000000,AERIAL
3.661000013,0.659390509,0.000000000,0.000000000,0.000000000,AERIAL
3.661999941,0.660114765,0.000000000,0.000000000,0.000000000,AERIAL
3.663000107,0.660829306,0.000000000,0.000000000,0.000000000,AERIAL
3.664000034,0.661534190,0.000000000,-0.000000000,0.000000000,AERIAL
3.664999962,0.662229300,0.000000000,-0.000000000,0.000000000,AERIAL
3.665999889,0.662914693,0.000000000,-0.000000000,0.000000000,AERIAL
3.667000055,0.663590372,0.000000000,-0.000000000,0.000000000,AERIAL
3.667999983,0.664256334,0.000000000,-0.000000000,0.000000000,AERIAL
3.668999910,0.664912581,0.000000000,-0.000000000,0.000000000,AERIAL
3.670000076,0.665559113,0.000000000,-0.000000000,0.000000000,AERIAL
3.671000004,0.666195929,0.000000000,-0.000000000,0.000000000,AERIAL
3.671999931,0.666823030,0.000000000,-0.000000000,0.000000000,AERIAL
3.673000097,0.667440414,0.000000000,-0.000000000,0.000000000,AERIAL
3.674000025,0.668048084,0.000000000,-0.000000000,0.000000000,AERIAL
3.674999952,0.668646038,0.000000000,-0.000000000,0.000000000,AERIAL
3.676000118,0.669234276,0.000000000,-0.000000000,0.000000000,AERIAL
3.677000046,0.669812739,0.000000000,-0.000000000,0.000000000,AERIAL
3.677999973,0.670381546,0.000000000,-0.000000000,0.000000000,AERIAL
3.678999901,0.670940578,0.000000000,-0.000000000,0.000000000,AERIAL
3.680000067,0.671489894,0.000000000,-0.000000000,0.000000000,AERIAL
3.680999994,0.672029555,0.000000000,-0.000000000,0.000000000,AERIAL
3.681999922,0.672559440,0.000000000,-0.000000000,0.000000000,AERIAL
3.683000088,0.673079610,0.000000000,-0.000000000,0.000000000,AERIAL
3.684000015,0.673590004,0.000000000,-0.000000000,0.000000000,AERIAL
3.684999943,0.674090743,0.000000000,-0.000000000,0.000000000,AERIAL
3.686000109,0.674581707,0.000000000,-0.000000000,0.000000000,AERIAL
3.687000036,0.675063014,0.000000000,-0.000000000,0.000000000,AERIAL
3.687999964,0.675534546,0.000000000,-0.000000000,0.000000000,AERIAL
3.688999891,0.675996363,0.000000000,-0.000000000,0.000000000,AERIAL
3.690000057,0.676448464,0.000000000,-0.000000000,0.000000000,AERIAL
3.690999985,0.676890790,0.000000000,-0.000000000,0.000000000,AERIAL
3.691999912,0.677323401,0.000000000,-0.000000000,0.000000000,AERIAL
3.693000078,0.677746356,0.000000000,-0.000000000,0.000000000,AERIAL
3.694000006,0.678159475,0.000000000,-0.000000000,0.000000000,AERIAL
3.694999933,0.678562939,0.000000000,-0.000000000,0.000000000,AERIAL
3.696000099,0.678956628,0.000000000,-0.000000000,0.000000000,AERIAL
3.697000027,0.679340661,0.000000000,-0.000000000,0.000000000,AERIAL
3.697999954,0.679714859,0.000000000,-0.000000000,0.000000000,AERIAL
3.698999882,0.680079401,0.000000000,-0.000000000,0.000000000,AERIAL
3.700000048,0.680434167,0.000000000,-0.000000000,0.000000000,AERIAL
3.700999975,0.680779219,0.000000000,-0.000000000,0.000000000,AERIAL
3.701999903,0.681114495,0.000000000,-0.000000000,0.000000000,AERIAL
3.703000069,0.681440055,0.000000000,-0.000000000,0.000000000,AERIAL
3.703999996,0.681755900,0.000000000,-0.000000000,0.000000000,AERIAL
3.704999924,0.682061970,0.000000000,-0.000000000,0.000000000,AERIAL
3.706000090,0.682358325,0.000000000,-0.000000000,0.000000000,AERIAL
3.707000017,0.682644963,0.000000000,-0.000000000,0.000000000,AERIAL
3.707999945,0.682921827,0.000000000,-0.000000000,0.000000000,AERIAL
3.709000111,0.683188975,0.000000000,-0.000000000,0.000000000,AERIAL
3.710000038,0.683446348,0.000000000,-0.000000000,0.000000000,AERIAL
3.710999966,0.683693945,0.000000000,-0.000000000,0.000000000,AERIAL
3.711999893,0.683931887,0.000000000,-0.000000000,0.000000000,AERIAL
3.713000059,0.684159994,0.000000000,-0.000000000,0.000000000,AERIAL
3.713999987,0.684378386,0.000000000,-0.000000000,0.000000000,AERIAL
3.714999914,0.684587061,0.000000000,-0.000000000,0.000000000,AERIAL
3.716000080,0.684785962,0.000000000,-0.000000000,0.000000000,AERIAL
3.717000008,0.684975088,0.000000000,-0.000000000,0.000000000,AERIAL
3.717999935,0.685154498,0.000000000,-0.000000000,0.000000000,AERIAL
3.719000101,0.685324132,0.000000000,-0.000000000,0.000000000,AERIAL
3.720000029,0.685483992,0.000000000,-0.000000000,0.000000000,AERIAL
3.720999956,0.685634136,0.000000000,-0.000000000,0.000000000,AERIAL
3.721999884,0.685774505,0.000000000,-0.000000000,0.000000000,AERIAL
3.723000050,0.685905099,0.000000000,-0.000000000,0.000000000,AERIAL
3.723999977,0.686025977,0.000000000,-0.000000000,0.000000000,AERIAL
3.724999905,0.686137080,0.000000000,-0.000000000,0.000000000,AERIAL
3.726000071,0.686238408,0.000000000,-0.000000000,0.000000000,AERIAL
3.726999998,0.686329961,0.000000000,-0.000000000,0.000000000,AERIAL
3.727999926,0.686411738,0.000000000,-0.000000000,0.000000000,AERIAL
3.729000092,0.686483741,0.000000000,-0.000000000,0.000000000,AERIAL
3.730000019,0.686546028,0.000000000,-0.000000000,0.000000000,AERIAL
3.730999947,0.686598480,0.000000000,-0.000000000,0.000000000,AERIAL
3.732000113,0.686641216,0.000000000,-0.000000000,0.000000000,AERIAL
3.733000040,0.686674118,0.000000000,-0.000000000,0.000000000,AERIAL
3.733999968,0.686697304,0.000000000,-0.000000000,0.000000000,AERIAL
3.734999895,0.686710715,0.000000000,-0.000000000,0.000000000,AERIAL
3.736000061,0.686714292,0.000000000,-0.000000000,0.000000000,AERIAL
3.736999989,0.686708152,0.000000000,-0.000000000,0.000000000,AERIAL
3.737999916,0.686692238,0.000000000,-0.000000000,0.000000000,AERIAL
3.739000082,0.686666489,0.000000000,-0.000000000,0.000000000,AERIAL
3.740000010,0.686631024,0.000000000,-0.000000000,0.000000000,AERIAL
3.740999937,0.686585724,0.000000000,-0.000000000,0.000000000,AERIAL
3.742000103,0.686530650,0.000000000,-0.000000000,0.000000000,AERIAL
3.743000031,0.686465859,0.000000000,-0.000000000,0.000000000,AERIAL
3.743999958,0.686391234,0.000000000,-0.000000000,0.000000000,AERIAL
3.744999886,0.686306834,0.000000000,-0.000000000,0.000000000,AERIAL
3.746000051,0.686212659,0.000000000,-0.000000000,0.000000000,AERIAL
3.746999979,0.686108768,0.000000000,-0.000000000,0.000000000,AERIAL
3.747999907,0.685995042,0.000000000,0.000000000,0.000000000,AERIAL
3.749000072,0.685871542,0.000000000,0.000000000,0.000000000,AERIAL
3.750000000,0.685738206,0.000000000,0.000000000,0.000000000,AERIAL
3.750999928,0.685595155,0.000000000,0.000000000,0.000000000,AERIAL
3.752000093,0.685442328,0.000000000,0.000000000,0.000000000,AERIAL
3.753000021,0.685279727,0.000000000,0.000000000,0.000000000,AERIAL
3.753999949,0.685107350,0.000000000,0.000000000,0.000000000,AERIAL
3.755000114,0.684925139,0.000000000,0.000000000,0.000000000,AERIAL
3.756000042,0.684733212,0.000000000,0.000000000,0.000000000,AERIAL
3.756999969,0.684531450,0.000000000,0.000000000,0.000000000,AERIAL
3.757999897,0.684319973,0.000000000,0.000000000,0.000000000,AERIAL
3.759000063,0.684098721,0.000000000,0.000000000,0.000000000,AERIAL
3.759999990,0.683867633,0.000000000,0.000000000,0.000000000,AERIAL
3.760999918,0.683626831,0.000000000,0.000000000,0.000000000,AERIAL
3.762000084,0.683376193,0.000000000,0.000000000,0.000000000,AERIAL
3.763000011,0.683115840,0.000000000,0.000000000,0.000000000,AERIAL
3.763999939,0.682845652,0.000000000,0.000000000,0.000000000,AERIAL
3.765000105,0.682565749,0.000000000,0.000000000,0.000000000,AERIAL
3.766000032,0.682276011,0.000000000,0.000000000,0.000000000,AERIAL
3.766999960,0.681976557,0.000000000,0.000000000,0.000000000,AERIAL
3.767999887,0.681667328,0.000000000,0.000000000,0.000000000,AERIAL
3.769000053,0.681348324,0.000000000,0.000000000,0.000000000,AERIAL
3.769999981,0.681019485,0.000000000,0.000000000,0.000000000,AERIAL
3.770999908,0.680680931,0.000000000,0.000000000,0.000000000,AERIAL
3.772000074,0.680332601,0.000000000,0.000000000,0.000000000,AERIAL
3.773000002,0.679974496,0.000000000,0.000000000,0.000000000,AERIAL
3.773999929,0.679606676,0.000000000,0.000000000,0.000000000,AERIAL
3.775000095,0.679229021,0.000000000,0.000000000,0.000000000,AERIAL
3.776000023,0.678841591,0.000000000,0.000000000,0.000000000,AERIAL
3.776999950,0.678444445,0.000000000,0.000000000,0.000000000,AERIAL
3.778000116,0.678037465,0.000000000,0.000000000,0.000000000,AERIAL
3.779000044,0.677620769,0.000000000,0.000000000,0.000000000,AERIAL
3.779999971,0.677194297,0.000000000,0.000000000,0.000000000,AERIAL
3.780999899,0.676758051,0.000000000,0.000000000,0.000000000,AERIAL
3.782000065,0.676312029,0.000000000,0.000000000,0.000000000,AERIAL
3.782999992,0.675856292,0.000000000,0.000000000,0.000000000,AERIAL
3.783999920,0.675390720,0.000000000,0.000000000,0.000000000,AERIAL
3.785000086,0.674915433,0.000000000,0.000000000,0.000000000,AERIAL
3.786000013,0.674430370,0.000000000,0.000000000,0.000000000,AERIAL
3.786999941,0.673935533,0.000000000,0.000000000,0.000000000,AERIAL
3.788000107,0.673430920,0.000000000,0.000000000,0.000000000,AERIAL
3.789000034,0.672916591,0.000000000,0.000000000,0.000000000,AERIAL
3.789999962,0.672392488,0.000000000,0.000000000,0.000000000,AERIAL
3.790999889,0.671858549,0.000000000,0.000000000,0.000000000,AERIAL
3.792000055,0.671314955,0.000000000,0.000000000,0.000000000,AERIAL
3.792999983,0.670761526,0.000000000,0.000000000,0.000000000,AERIAL
3.793999910,0.670198321,0.000000000,0.000000000,0.000000000,AERIAL
3.795000076,0.669625401,0.000000000,0.000000000,0.000000000,AERIAL
3.796000004,0.669042706,0.000000000,0.000000000,0.000000000,AERIAL
3.796999931,0.668450296,0.000000000,0.000000000,0.000000000,AERIAL
3.798000097,0.667848051,0.000000000,0.000000000,0.000000000,AERIAL
3.799000025,0.667236090,0.000000000,0.000000000,0.000000000,AERIAL
3.799999952,0.666614354,0.000000000,0.000000000,0.000000000,AERIAL
3.801000118,0.665982842,0.000000000,0.000000000,0.000000000,AERIAL
3.802000046,0.665341556,0.000000000,0.000000000,0.000000000,AERIAL
3.802999973,0.664690554,0.000000000,0.000000000,0.000000000,AERIAL
3.803999901,0.664029777,0.000000000,0.000000000,0.000000000,AERIAL
3.805000067,0.663359225,0.000000000,0.000000000,0.000000000,AERIAL
3.805999994,0.662678957,0.000000000,0.000000000,0.000000000,AERIAL
3.806999922,0.661988854,0.000000000,0.000000000,0.000000000,AERIAL
3.808000088,0.661289036,0.000000000,0.000000000,0.000000000,AERIAL
3.809000015,0.660579443,0.000000000,0.000000000,0.000000000,AERIAL
3.809999943,0.659860134,0.000000000,0.000000000,0.000000000,AERIAL
3.811000109,0.659131050,0.000000000,0.000000000,0.000000000,AERIAL
3.812000036,0.658392191,0.000000000,0.000000000,0.000000000,AERIAL
3.812999964,0.657643557,0.000000000,-0.000000000,0.000000000,AERIAL
3.813999891,0.656885147,0.000000000,-0.000000000,0.000000000,AERIAL
3.815000057,0.656117022,0.000000000,-0.000000000,0.000000000,AERIAL
3.815999985,0.655339122,0.000000000,-0.000000000,0.000000000,AERIAL
3.816999912,0.654551446,0.000000000,-0.000000000,0.000000000,AERIAL
3.818000078,0.653753996,0.000000000,-0.000000000,0.000000000,AERIAL
3.819000006,0.652946830,0.000000000,-0.000000000,0.000000000,AERIAL
3.819999933,0.652129889,0.000000000,-0.000000000,0.000000000,AERIAL
3.821000099,0.651303172,0.000000000,-0.000000000,0.000000000,AERIAL
3.822000027,0.650466740,0.000000000,-0.000000000,0.000000000,AERIAL
3.822999954,0.649620473,0.000000000,-0.000000000,0.000000000,AERIAL
3.823999882,0.648764491,0.000000000,-0.000000000,0.000000000,AERIAL
3.825000048,0.647898734,0.000000000,-0.000000000,0.000000000,AERIAL
3.825999975,0.647023261,0.000000000,-0.000000000,0.000000000,AERIAL
3.826999903,0.646137953,0.000000000,-0.000000000,0.000000000,AERIAL
3.828000069,0.645242929,0.000000000,-0.000000000,0.000000000,AERIAL
3.828999996,0.644338131,0.000000000,-0.000000000,0.000000000,AERIAL
3.829999924,0.643423557,0.000000000,-0.000000000,0.000000000,AERIAL
3.831000090,0.642499268,0.000000000,-0.000000000,0.000000000,AERIAL
3.832000017,0.641565204,0.000000000,-0.000000000,0.000000000,AERIAL
3.832999945,0.640621305,0.000000000,-0.000000000,0.000000000,AERIAL
3.834000111,0.639667749,0.000000000,-0.000000000,0.000000000,AERIAL
3.835000038,0.638704360,0.000000000,-0.000000000,0.000000000,AERIAL
3.835999966,0.637731194,0.000000000,-0.000000000,0.000000000,AERIAL
3.836999893,0.636748314,0.000000000,-0.000000000,0.000000000,AERIAL
3.838000059,0.635755658,0.000000000,-0.000000000,0.000000000,AERIAL
3.838999987,0.634753227,0.000000000,-0.000000000,0.000000000,AERIAL
3.839999914,0.633741021,0.000000000,-0.000000000,0.000000000,AERIAL
3.841000080,0.632719100,0.000000000,-0.000000000,0.000000000,AERIAL
3.842000008,0.631687343,0.000000000,-0.000000000,0.000000000,AERIAL
3.842999935,0.630645871,0.000000000,-0.000000000,0.000000000,AERIAL
3.844000101,0.629594624,0.000000000,-0.000000000,0.000000000,AERIAL
3.845000029,0.628533602,0.000000000,-0.000000000,0.000000000,AERIAL
3.845999956,0.627462804,0.000000000,-0.000000000,0.000000000,AERIAL
3.846999884,0.626382291,0.000000000,-0.000000000,0.000000000,AERIAL
3.848000050,0.625291944,0.000000000,-0.000000000,0.000000000,AERIAL
3.848999977,0.624191880,0.000000000,-0.000000000,0.000000000,AERIAL
3.849999905,0.623082042,0.000000000,-0.000000000,0.000000000,AERIAL
3.851000071,0.621962428,0.000000000,-0.000000000,0.000000000,AERIAL
3.851999998,0.620833039,0.000000000,-0.000000000,0.000000000,AERIAL
3.852999926,0.619693875,0.000000000,-0.000000000,0.000000000,AERIAL
3.854000092,0.618544996,0.000000000,-0.000000000,0.000000000,AERIAL
3.855000019,0.617386281,0.000000000,-0.000000000,0.000000000,AERIAL
3.855999947,0.616217852,0.000000000,-0.000000000,0.000000000,AERIAL
3.857000113,0.615039587,0.000000000,-0.000000000,0.000000000,AERIAL
3.858000040,0.613851607,0.000000000,-0.000000000,0.000000000,AERIAL
3.858999968,0.612653852,0.000000000,-0.000000000,0.000000000,AERIAL
3.859999895,0.611446321,0.000000000,-0.000000000,0.000000000,AERIAL
3.861000061,0.610228956,0.000000000,-0.000000000,0.000000000,AERIAL
3.861999989,0.609001875,0.000000000,-0.000000000,0.000000000,AERIAL
3.862999916,0.607765079,0.000000000,-0.000000000,0.000000000,AERIAL
3.864000082,0.606518447,0.000000000,-0.000000000,0.000000000,AERIAL
3.865000010,0.605262041,0.000000000,-0.000000000,0.000000000,AERIAL
3.865999937,0.603995860,0.000000000,-0.000000000,0.000000000,AERIAL
3.867000103,0.602719903,0.000000000,-0.000000000,0.000000000,AERIAL
3.868000031,0.601434171,0.000000000,-0.000000000,0.000000000,AERIAL
3.868999958,0.600138724,0.000000000,-0.000000000,0.000000000,AERIAL
3.869999886,0.598833442,0.000000000,-0.000000000,0.000000000,AERIAL
3.871000051,0.597518384,0.000000000,-0.000000000,0.000000000,AERIAL
3.871999979,0.596193552,0.000000000,-0.000000000,0.000000000,AERIAL
3.872999907,0.594858944,0.000000000,-0.000000000,0.000000000,AERIAL
3.874000072,0.593514621,0.000000000,-0.000000000,0.000000000,AERIAL
3.875000000,0.592160463,0.000000000,-0.000000000,0.000000000,AERIAL
3.875999928,0.590796530,0.000000000,-0.000000000,0.000000000,AERIAL
3.877000093,0.589422822,0.000000000,-0.000000000,0.000000000,AERIAL
3.878000021,0.588039339,0.000000000,-0.000000000,0.000000000,AERIAL
3.878999949,0.586646080,0.000000000,-0.000000000,0.000000000,AERIAL
3.880000114,0.585242987,0.000000000,-0.000000000,0.000000000,AERIAL
3.881000042,0.583830178,0.000000000,-0.000000000,0.000000000,AERIAL
3.881999969,0.582407594,0.000000000,-0.000000000,0.000000000,AERIAL
3.882999897,0.580975175,0.000000000,-0.000000000,0.000000000,AERIAL
3.884000063,0.579533041,0.000000000,-0.000000000,0.000000000,AERIAL
3.884999990,0.578081071,0.000000000,-0.000000000,0.000000000,AERIAL
3.885999918,0.576619327,0.000000000,-0.000000000,0.000000000,AERIAL
3.887000084,0.575147808,0.000000000,-0.000000000,0.000000000,AERIAL
3.888000011,0.573666513,0.000000000,-0.000000000,0.000000000,AERIAL
3.888999939,0.572175443,0.000000000,-0.000000000,0.000000000,AERIAL
3.890000105,0.570674539,0.000000000,-0.000000000,0.000000000,AERIAL
3.891000032,0.569163918,0.000000000,-0.000000000,0.000000000,AERIAL
3.891999960,0.567643464,0.000000000,-0.000000000,0.000000000,AERIAL
3.892999887,0.566113234,0.000000000,-0.000000000,0.000000000,AERIAL
3.894000053,0.564573228,0.000000000,-0.000000000,0.000000000,AERIAL
3.894999981,0.563023388,0.000000000,-0.000000000,0.000000000,AERIAL
3.895999908,0.561463833,0.000000000,-0.000000000,0.000000000,AERIAL
3.897000074,0.559894443,0.000000000,-0.000000000,0.000000000,AERIAL
3.898000002,0.558315277,0.000000000,-0.000000000,0.000000000,AERIAL
3.898999929,0.556726277,0.000000000,-0.000000000,0.000000000,AERIAL
3.900000095,0.555127561,0.000000000,-0.000000000,0.000000000,AERIAL
3.901000023,0.553519011,0.000000000,-0.000000000,0.000000000,AERIAL
3.901999950,0.551900685,0.000000000,-0.000000000,0.000000000,AERIAL
3.903000116,0.550272524,0.000000000,-0.000000000,0.000000000,AERIAL
3.904000044,0.548634648,0.000000000,-0.000000000,0.000000000,AERIAL
3.904999971,0.546986938,0.000000000,-0.000000000,0.000000000,AERIAL
3.905999899,0.545329452,0.000000000,-0.000000000,0.000000000,AERIAL
3.907000065,0.543662131,0.000000000,-0.000000000,0.000000000,AERIAL
3.907999992,0.541985095,0.000000000,-0.000000000,0.000000000,AERIAL
3.908999920,0.540298223,0.000000000,-0.000000000,0.000000000,AERIAL
3.910000086,0.538601518,0.000000000,-0.000000000,0.000000000,AERIAL
3.911000013,0.536895096,0.000000000,-0.000000000,0.000000000,AERIAL
3.911999941,0.535178840,0.000000000,-0.000000000,0.000000000,AERIAL
3.913000107,0.533452809,0.000000000,0.000000000,0.000000000,AERIAL
3.914000034,0.531717002,0.000000000,0.000000000,0.000000000,AERIAL
3.914999962,0.529971361,0.000000000,0.000000000,0.000000000,AERIAL
3.915999889,0.528215945,0.000000000,0.000000000,0.000000000,AERIAL
3.917000055,0.526450753,0.000000000,0.000000000,0.000000000,AERIAL
3.917999983,0.524675786,0.000000000,0.000000000,0.000000000,AERIAL
3.918999910,0.522890985,0.000000000,0.000000000,0.000000000,AERIAL
3.920000076,0.521096408,0.000000000,0.000000000,0.000000000,AERIAL
3.921000004,0.519292057,0.000000000,0.000000000,0.000000000,AERIAL
3.921999931,0.517477870,0.000000000,0.000000000,0.000000000,AERIAL
3.923000097,0.515653908,0.000000000,0.000000000,0.000000000,AERIAL
3.924000025,0.513820171,0.000000000,0.000000000,0.000000000,AERIAL
3.924999952,0.511976659,0.000000000,0.000000000,0.000000000,AERIAL
3.926000118,0.510123312,0.000000000,0.000000000,0.000000000,AERIAL
3.927000046,0.508260190,0.000000000,0.000000000,0.000000000,AERIAL
3.927999973,0.506387293,0.000000000,0.000000000,0.000000000,AERIAL
3.928999901,0.504504621,0.000000000,0.000000000,0.000000000,AERIAL
3.930000067,0.502612114,0.000000000,0.000000000,0.000000000,AERIAL
3.930999994,0.500709891,0.000000000,0.000000000,0.000000000,AERIAL
3.931999922,0.498797804,0.000000000,0.000000000,0.000000000,AERIAL
3.933000088,0.496875942,0.000000000,0.000000000,0.000000000,AERIAL
3.934000015,0.494944304,0.000000000,0.000000000,0.000000000,AERIAL
3.934999943,0.493002862,0.000000000,0.000000000,0.000000000,AERIAL
3.936000109,0.491051644,0.000000000,0.000000000,0.000000000,AERIAL
3.937000036,0.489090651,0.000000000,0.000000000,0.000000000,AERIAL
3.937999964,0.487119853,0.000000000,0.000000000,0.000000000,AERIAL
3.938999891,0.485139251,0.000000000,0.000000000,0.000000000,AERIAL
3.940000057,0.483148873,0.000000000,0.000000000,0.000000000,AERIAL
3.940999985,0.481148690,0.000000000,0.000000000,0.000000000,AERIAL
3.941999912,0.479138732,0.000000000,0.000000000,0.000000000,AERIAL
3.943000078,0.477118999,0.000000000,0.000000000,0.000000000,AERIAL
3.944000006,0.475089461,0.000000000,0.000000000,0.000000000,AERIAL
3.944999933,0.473050147,0.000000000,0.000000000,0.000000000,AERIAL
3.946000099,0.471001029,0.000000000,0.000000000,0.000000000,AERIAL
3.947000027,0.468942136,0.000000000,0.000000000,0.000000000,AERIAL
3.947999954,0.466873437,0.000000000,0.000000000,0.000000000,AERIAL
3.948999882,0.464794964,0.000000000,0.000000000,0.000000000,AERIAL
3.950000048,0.462706715,0.000000000,0.000000000,0.000000000,AERIAL
3.950999975,0.460608661,0.000000000,0.000000000,0.000000000,AERIAL
3.951999903,0.458500832,0.000000000,0.000000000,0.000000000,AERIAL
3.953000069,0.456383198,0.000000000,0.000000000,0.000000000,AERIAL
3.953999996,0.454255790,0.000000000,0.000000000,0.000000000,AERIAL
3.954999924,0.452118605,0.000000000,0.000000000,0.000000000,AERIAL
3.956000090,0.449971616,0.000000000,0.000000000,0.000000000,AERIAL
3.957000017,0.447814822,0.000000000,0.000000000,0.000000000,AERIAL
3.957999945,0.445648283,0.000000000,0.000000000,0.000000000,AERIAL
3.959000111,0.443471909,0.000000000,0.000000000,0.000000000,AERIAL
3.960000038,0.441285789,0.000000000,0.000000000,0.000000000,AERIAL
3.960999966,0.439089864,0.000000000,0.000000000,0.000000000,AERIAL
3.961999893,0.436884165,0.000000000,0.000000000,0.000000000,AERIAL
3.963000059,0.434668660,0.000000000,0.000000000,0.000000000,AERIAL
3.963999987,0.432443380,0.000000000,0.000000000,0.000000000,AERIAL
3.964999914,0.430208296,0.000000000,0.000000000,0.000000000,AERIAL
3.966000080,0.427963465,0.000000000,0.000000000,0.000000000,AERIAL
3.967000008,0.425708801,0.000000000,0.000000000,0.000000000,AERIAL
3.967999935,0.423444390,0.000000000,0.000000000,0.000000000,AERIAL
3.969000101,0.421170175,0.000000000,0.000000000,0.000000000,AERIAL
3.970000029,0.418886155,0.000000000,0.000000000,0.000000000,AERIAL
3.970999956,0.416592360,0.000000000,0.000000000,0.000000000,AERIAL
3.971999884,0.414288789,0.000000000,0.000000000,0.000000000,AERIAL
3.973000050,0.411975443,0.000000000,-0.000000000,0.000000000,AERIAL
3.973999977,0.409652293,0.000000000,-0.000000000,0.000000000,AERIAL
3.974999905,0.407319337,0.000000000,-0.000000000,0.000000000,AERIAL
3.976000071,0.404976606,0.000000000,-0.000000000,0.000000000,AERIAL
3.976999998,0.402624100,0.000000000,-0.000000000,0.000000000,AERIAL
3.977999926,0.400261819,0.000000000,-0.000000000,0.000000000,AERIAL
3.979000092,0.397889733,0.000000000,-0.000000000,0.000000000,AERIAL
3.980000019,0.395507842,0.000000000,-0.000000000,0.000000000,AERIAL
3.980999947,0.393116206,0.000000000,-0.000000000,0.000000000,AERIAL
3.982000113,0.390714765,0.000000000,-0.000000000,0.000000000,AERIAL
3.983000040,0.388303518,0.000000000,-0.000000000,0.000000000,AERIAL
3.983999968,0.385882497,0.000000000,-0.000000000,0.000000000,AERIAL
3.984999895,0.383451700,0.000000000,-0.000000000,0.000000000,AERIAL
3.986000061,0.381011099,0.000000000,-0.000000000,0.000000000,AERIAL
3.986999989,0.378560722,0.000000000,-0.000000000,0.000000000,AERIAL
3.987999916,0.376100540,0.000000000,-0.000000000,0.000000000,AERIAL
3.989000082,0.373630613,0.000000000,-0.000000000,0.000000000,AERIAL
3.990000010,0.371150851,0.000000000,-0.000000000,0.000000000,AERIAL
3.990999937,0.368661314,0.000000000,-0.000000000,0.000000000,AERIAL
3.992000103,0.366162002,0.000000000,-0.000000000,0.000000000,AERIAL
3.993000031,0.363652915,0.000000000,-0.000000000,0.000000000,AERIAL
3.993999958,0.361134022,0.000000000,-0.000000000,0.000000000,AERIAL
3.994999886,0.358605325,0.000000000,-0.000000000,0.000000000,AERIAL
3.996000051,0.356066853,0.000000000,-0.000000000,0.000000000,AERIAL
3.996999979,0.353518605,0.000000000,-0.000000000,0.000000000,AERIAL
3.997999907,0.350960582,0.000000000,-0.000000000,0.000000000,AERIAL
3.999000072,0.348392725,0.000000000,-0.000000000,0.000000000,AERIAL
4.000000000,0.345815122,0.000000000,-0.000000000,0.000000000,AERIAL
4.000999928,0.343227714,0.000000000,-0.000000000,0.000000000,AERIAL
4.001999855,0.340630502,0.000000000,-0.000000000,0.000000000,AERIAL
4.002999783,0.338023514,0.000000000,-0.000000000,0.000000000,AERIAL
4.004000187,0.335406750,0.000000000,-0.000000000,0.000000000,AERIAL
4.005000114,0.332780182,0.000000000,-0.000000000,0.000000000,AERIAL
4.006000042,0.330143839,0.000000000,-0.000000000,0.000000000,AERIAL
4.006999969,0.327497691,0.000000000,-0.000000000,0.000000000,AERIAL
4.007999897,0.324841768,0.000000000,-0.000000000,0.000000000,AERIAL
4.008999825,0.322176069,0.000000000,-0.000000000,0.000000000,AERIAL
4.010000229,0.319500566,0.000000000,-0.000000000,0.000000000,AERIAL
4.011000156,0.316815257,0.000000000,-0.000000000,0.000000000,AERIAL
4.012000084,0.314120173,0.000000000,-0.000000000,0.000000000,AERIAL
4.013000011,0.311415315,0.000000000,-0.000000000,0.000000000,AERIAL
4.013999939,0.308700651,0.000000000,-0.000000000,0.000000000,AERIAL
4.014999866,0.305976182,0.000000000,-0.000000000,0.000000000,AERIAL
4.015999794,0.303241938,0.000000000,-0.000000000,0.000000000,AERIAL
4.017000198,0.300497919,0.000000000,-0.000000000,0.000000000,AERIAL
4.018000126,0.297744095,0.000000000,-0.000000000,0.000000000,AERIAL
4.019000053,0.294980466,0.000000000,-0.000000000,0.000000000,AERIAL
4.019999981,0.292207062,0.000000000,-0.000000000,0.000000000,AERIAL
4.020999908,0.289423883,0.000000000,-0.000000000,0.000000000,AERIAL
4.021999836,0.286630899,0.000000000,-0.000000000,0.000000000,AERIAL
4.022999763,0.283828110,0.000000000,-0.000000000,0.000000000,AERIAL
4.024000168,0.281015545,0.000000000,-0.000000000,0.000000000,AERIAL
4.025000095,0.278193176,0.000000000,-0.000000000,0.000000000,AERIAL
4.026000023,0.275361031,0.000000000,-0.000000000,0.000000000,AERIAL
4.026999950,0.272519082,0.000000000,-0.000000000,0.000000000,AERIAL
4.027999878,0.269667357,0.000000000,-0.000000000,0.000000000,AERIAL
4.028999805,0.266805828,0.000000000,-0.000000000,0.000000000,AERIAL
4.030000210,0.263934523,0.000000000,-0.000000000,0.000000000,AERIAL
4.031000137,0.261053413,0.000000000,-0.000000000,0.000000000,AERIAL
4.032000065,0.258162498,0.000000000,-0.000000000,0.000000000,AERIAL
4.032999992,0.255261809,0.000000000,-0.000000000,0.000000000,AERIAL
4.033999920,0.252351314,0.000000000,-0.000000000,0.000000000,AERIAL
4.034999847,0.249431044,0.000000000,-0.000000000,0.000000000,AERIAL
4.035999775,0.246500984,0.000000000,-0.000000000,0.000000000,AERIAL
4.037000179,0.243561104,0.000000000,-0.000000000,0.000000000,AERIAL
4.038000107,0.240611449,0.000000000,-0.000000000,0.000000000,AERIAL
4.039000034,0.237652004,0.000000000,-0.000000000,0.000000000,AERIAL
4.039999962,0.234682754,0.000000000,-0.000000000,0.000000000,AERIAL
4.040999889,0.231703714,0.000000000,-0.000000000,0.000000000,AERIAL
4.041999817,0.228714883,0.000000000,-0.000000000,0.000000000,AERIAL
4.043000221,0.225716248,0.000000000,-0.000000000,0.000000000,AERIAL
4.044000149,0.222707823,0.000000000,-0.000000000,0.000000000,AERIAL
4.045000076,0.219689608,0.000000000,-0.000000000,0.000000000,AERIAL
4.046000004,0.216661602,0.000000000,-0.000000000,0.000000000,AERIAL
4.046999931,0.213623792,0.000000000,-0.000000000,0.000000000,AERIAL
4.047999859,0.210576192,0.000000000,-0.000000000,0.000000000,AERIAL
4.048999786,0.207518786,0.000000000,-0.000000000,0.000000000,AERIAL
4.050000191,0.204451591,0.000000000,-0.000000000,0.000000000,AERIAL
4.051000118,0.201374605,0.000000000,-0.000000000,0.000000000,AERIAL
4.052000046,0.198287815,0.000000000,-0.000000000,0.000000000,AERIAL
4.052999973,0.195191234,0.000000000,-0.000000000,0.000000000,AERIAL
4.053999901,0.192084849,0.000000000,-0.000000000,0.000000000,AERIAL
4.054999828,0.188968673,0.000000000,-0.000000000,0.000000000,AERIAL
4.056000233,0.185842693,0.000000000,-0.000000000,0.000000000,AERIAL
4.057000160,0.182706922,0.000000000,-0.000000000,0.000000000,AERIAL
4.058000088,0.179561362,0.000000000,-0.000000000,0.000000000,AERIAL
4.059000015,0.176405996,0.000000000,-0.000000000,0.000000000,AERIAL
4.059999943,0.173240840,0.000000000,-0.000000000,0.000000000,AERIAL
4.060999870,0.170065880,0.000000000,-0.000000000,0.000000000,AERIAL
4.061999798,0.166881129,0.000000000,-0.000000000,0.000000000,AERIAL
4.063000202,0.163686574,0.000000000,-0.000000000,0.000000000,AERIAL
4.064000130,0.160482228,0.000000000,-0.000000000,0.000000000,AERIAL
4.065000057,0.157268077,0.000000000,-0.000000000,0.000000000,AERIAL
4.065999985,0.154044136,0.000000000,-0.000000000,0.000000000,AERIAL
4.066999912,0.150810391,0.000000000,-0.000000000,0.000000000,AERIAL
4.067999840,0.147566855,0.000000000,-0.000000000,0.000000000,AERIAL
4.068999767,0.144313514,0.000000000,-0.000000000,0.000000000,AERIAL
4.070000172,0.141050383,0.000000000,0.000000000,0.000000000,AERIAL
4.071000099,0.137777448,0.000000000,0.000000000,0.000000000,AERIAL
4.072000027,0.134494722,0.000000000,0.000000000,0.000000000,AERIAL
4.072999954,0.131202206,0.000000000,0.000000000,0.000000000,AERIAL
4.073999882,0.127899885,0.000000000,0.000000000,0.000000000,AERIAL
4.074999809,0.124587767,0.000000000,0.000000000,0.000000000,AERIAL
4.076000214,0.121265851,0.000000000,0.000000000,0.000000000,AERIAL
4.077000141,0.117934138,0.000000000,0.000000000,0.000000000,AERIAL
4.078000069,0.114592627,0.000000000,0.000000000,0.000000000,AERIAL
4.078999996,0.111241326,0.000000000,0.000000000,0.000000000,AERIAL
4.079999924,0.107880220,0.000000000,0.000000000,0.000000000,AERIAL
4.080999851,0.104509324,0.000000000,0.000000000,0.000000000,AERIAL
4.081999779,0.101128623,0.000000000,0.000000000,0.000000000,AERIAL
4.083000183,0.097738132,0.000000000,0.000000000,0.000000000,AERIAL
4.084000111,0.094337843,0.000000000,0.000000000,0.000000000,AERIAL
4.085000038,0.090927757,0.000000000,0.000000000,0.000000000,AERIAL
4.085999966,0.087507874,0.000000000,0.000000000,0.000000000,AERIAL
4.086999893,0.084078193,0.000000000,0.000000000,0.000000000,AERIAL
4.087999821,0.080638722,0.000000000,0.000000000,0.000000000,AERIAL
4.089000225,0.077189445,0.000000000,0.000000000,0.000000000,AERIAL
4.090000153,0.073730379,0.000000000,0.000000000,0.000000000,AERIAL
4.091000080,0.070261516,0.000000000,0.000000000,0.000000000,AERIAL
4.092000008,0.066782854,0.000000000,0.000000000,0.000000000,AERIAL
4.092999935,0.063294396,0.000000000,0.000000000,0.000000000,AERIAL
4.093999863,0.059796143,0.000000000,0.000000000,0.000000000,AERIAL
4.094999790,0.056288097,0.000000000,0.000000000,0.000000000,AERIAL
4.096000195,0.052770250,0.000000000,0.000000000,0.000000000,AERIAL
4.097000122,0.049242608,0.000000000,0.000000000,0.000000000,AERIAL
4.098000050,0.045705173,0.000000000,0.000000000,0.000000000,AERIAL
4.098999977,0.042157941,0.000000000,0.000000000,0.000000000,AERIAL
4.099999905,0.038600910,0.000000000,0.000000000,0.000000000,AERIAL
4.100999832,0.035034087,0.000000000,0.000000000,0.000000000,AERIAL
4.102000237,0.031457465,0.000000000,0.000000000,0.000000000,AERIAL
4.103000164,0.027871050,0.000000000,0.000000000,0.000000000,LANDING
4.104000092,0.024274837,0.000000000,0.000000000,0.000000000,LANDING
4.105000019,0.020668831,0.000000000,0.000000000,0.000000000,LANDING
4.105999947,0.017053027,0.000000000,0.000000000,0.000000000,LANDING
4.106999874,0.013427429,0.000000000,0.000000000,0.000000000,LANDING
4.107999802,0.009792035,0.000000000,0.000000000,0.000000000,LANDING
4.109000206,0.006146845,0.000000000,0.000000000,0.000000000,LANDING
4.110000134,0.002491860,0.000000000,0.000000000,0.000000000,LANDING
4.111000061,0.002493107,-0.003665610,-3.665610313,4.507575989,SUPPORT
4.111999989,0.002494348,-0.007207056,-3.541445255,5.123787880,SUPPORT
4.112999916,0.002495589,-0.010606078,-3.399022818,5.715217590,SUPPORT
4.113999844,0.002496828,-0.013845151,-3.239072800,6.278816223,SUPPORT
4.114999771,0.002498068,-0.016907569,-3.062418222,6.811676979,SUPPORT
4.116000175,0.002499310,-0.019777538,-2.869967937,7.311051369,SUPPORT
4.117000103,0.002500554,-0.022440251,-2.662712812,7.774363518,SUPPORT
4.118000031,0.002501802,-0.024881970,-2.441719770,8.199222565,SUPPORT
4.118999958,0.002503056,-0.027090097,-2.208127260,8.583436966,SUPPORT
4.119999886,0.002504318,-0.029053235,-1.963138819,8.925023079,SUPPORT
4.120999813,0.002505589,-0.030761253,-1.708016992,9.222218513,SUPPORT
4.122000217,0.002506873,-0.032205328,-1.444077015,9.473487854,SUPPORT
4.123000145,0.002508170,-0.033378009,-1.172680140,9.677534103,SUPPORT
4.124000072,0.002509484,-0.034273237,-0.895226121,9.833303452,SUPPORT
4.125000000,0.002510817,-0.034886383,-0.613146722,9.939990997,SUPPORT
4.125999928,0.002512170,-0.035214283,-0.327897638,9.997044563,SUPPORT
4.126999855,0.002513544,-0.035255231,-0.040951043,9.989690781,SUPPORT
4.127999783,0.002514943,-0.035009447,0.245783389,9.077484131,SUPPORT
4.129000187,0.002516374,-0.034503926,0.505522370,8.989522934,SUPPORT
4.130000114,0.002517827,-0.033741262,0.762665093,8.856819153,SUPPORT
4.131000042,0.002519305,-0.032725386,1.015875459,8.680057526,SUPPORT
4.131999969,0.002520806,-0.031461541,1.263846517,8.460147858,SUPPORT
4.132999897,0.002522330,-0.029956240,1.505298257,8.198225975,SUPPORT
4.133999825,0.002523878,-0.028217256,1.738984823,7.895642757,SUPPORT
4.135000229,0.002525447,-0.026253555,1.963700294,7.553958893,SUPPORT
4.136000156,0.002527036,-0.024075270,2.178285837,7.174936771,SUPPORT
4.137000084,0.002528644,-0.021693636,2.381634235,6.760532379,SUPPORT
4.138000011,0.002530268,-0.019120937,2.572697639,6.312883377,SUPPORT
4.138999939,0.002531906,-0.016370447,2.750491142,5.834297657,SUPPORT
4.139999866,0.002533557,-0.013456348,2.914098263,5.327244759,SUPPORT
4.140999794,0.002535217,-0.010393672,3.062676907,4.794338703,SUPPORT
4.142000198,0.002536885,-0.007198210,3.195461512,4.238328457,SUPPORT
4.143000126,0.002538557,-0.003886441,3.311769009,3.662080765,SUPPORT
4.144000053,0.002540233,-0.000475440,3.411000729,3.068566561,TAKEOFF
4.144999981,0.005376892,0.000000000,0.475440472,0.000000000,TAKEOFF
4.145999908,0.008664930,0.000000000,-0.000000006,0.000000000,TAKEOFF
4.146999836,0.011943767,0.000000000,-0.000000000,0.000000000,TAKEOFF
4.147999763,0.015213399,0.000000000,-0.000000000,0.000000000,TAKEOFF
4.149000168,0.018473828,0.000000000,-0.000000000,0.000000000,TAKEOFF
4.150000095,0.021725055,0.000000000,-0.000000000,0.000000000,TAKEOFF
4.151000023,0.024967076,0.000000000,-0.000000000,0.000000000,TAKEOFF
4.151999950,0.028199894,0.000000000,-0.000000000,0.000000000,TAKEOFF
4.152999878,0.031423509,0.000000000,-0.000000000,0.000000000,AERIAL
4.153999805,0.034637921,0.000000000,-0.000000000,0.000000000,AERIAL
4.155000210,0.037843127,0.000000000,-0.000000000,0.000000000,AERIAL
4.156000137,0.041039128,0.000000000,-0.000000000,0.000000000,AERIAL
4.157000065,0.044225927,0.000000000,-0.000000000,0.000000000,AERIAL
4.157999992,0.047403522,0.000000000,-0.000000000,0.000000000,AERIAL
4.158999920,0.050571907,0.000000000,-0.000000000,0.000000000,AERIAL
4.159999847,0.053731091,0.000000000,-0.000000000,0.000000000,AERIAL
4.160999775,0.056881070,0.000000000,-0.000000000,0.000000000,AERIAL
4.162000179,0.060021847,0.000000000,-0.000000000,0.000000000,AERIAL
4.163000107,0.063153416,0.000000000,-0.000000000,0.000000000,AERIAL
4.164000034,0.066275775,0.000000000,-0.000000000,0.000000000,AERIAL
4.164999962,0.069388933,0.000000000,-0.000000000,0.000000000,AERIAL
4.165999889,0.072492890,0.000000000,-0.000000000,0.000000000,AERIAL
4.166999817,0.075587638,0.000000000,-0.000000000,0.000000000,AERIAL
4.168000221,0.078673176,0.000000000,-0.000000000,0.000000000,AERIAL
4.169000149,0.081749514,0.000000000,-0.000000000,0.000000000,AERIAL
4.170000076,0.084816642,0.000000000,-0.000000000,0.000000000,AERIAL
4.171000004,0.087874562,0.000000000,-0.000000000,0.000000000,AERIAL
4.171999931,0.090923280,0.000000000,-0.000000000,0.000000000,AERIAL
4.172999859,0.093962789,0.000000000,-0.000000000,0.000000000,AERIAL
4.173999786,0.096993096,0.000000000,0.000000000,0.000000000,AERIAL
4.175000191,0.100014210,0.000000000,0.000000000,0.000000000,AERIAL
4.176000118,0.103026144,0.000000000,0.000000000,0.000000000,AERIAL
4.177000046,0.106028929,0.000000000,0.000000000,0.000000000,AERIAL
4.177999973,0.109022573,0.000000000,0.000000000,0.000000000,AERIAL
4.178999901,0.112007104,0.000000000,0.000000000,0.000000000,AERIAL
4.179999828,0.114982553,0.000000000,0.000000000,0.000000000,AERIAL
4.181000233,0.117948942,0.000000000,0.000000000,0.000000000,AERIAL
4.182000160,0.120906293,0.000000000,0.000000000,0.000000000,AERIAL
4.183000088,0.123854637,0.000000000,0.000000000,0.000000000,AERIAL
4.184000015,0.126793995,0.000000000,0.000000000,0.000000000,AERIAL
4.184999943,0.129724398,0.000000000,0.000000000,0.000000000,AERIAL
4.185999870,0.132645860,0.000000000,0.000000000,0.000000000,AERIAL
4.186999798,0.135558411,0.000000000,0.000000000,0.000000000,AERIAL
4.188000202,0.138462067,0.000000000,0.000000000,0.000000000,AERIAL
4.189000130,0.141356841,0.000000000,0.000000000,0.000000000,AERIAL
4.190000057,0.144242749,0.000000000,0.000000000,0.000000000,AERIAL
4.190999985,0.147119820,0.000000000,0.000000000,0.000000000,AERIAL
4.191999912,0.149988040,0.000000000,0.000000000,0.000000000,AERIAL
4.192999840,0.152847439,0.000000000,0.000000000,0.000000000,AERIAL
4.193999767,0.155698016,0.000000000,0.000000000,0.000000000,AERIAL
4.195000172,0.158539787,0.000000000,0.000000000,0.000000000,AERIAL
4.196000099,0.161372751,0.000000000,0.000000000,0.000000000,AERIAL
4.197000027,0.164196908,0.000000000,0.000000000,0.000000000,AERIAL
4.197999954,0.167012259,0.000000000,0.000000000,0.000000000,AERIAL
4.198999882,0.169818804,0.000000000,0.000000000,0.000000000,AERIAL
4.199999809,0.172616526,0.000000000,0.000000000,0.000000000,AERIAL
4.201000214,0.175405458,0.000000000,0.000000000,0.000000000,AERIAL
4.202000141,0.178185567,0.000000000,0.000000000,0.000000000,AERIAL
4.203000069,0.180956855,0.000000000,0.000000000,0.000000000,AERIAL
4.203999996,0.183719307,0.000000000,0.000000000,0.000000000,AERIAL
4.204999924,0.186472908,0.000000000,0.000000000,0.000000000,AERIAL
4.205999851,0.189217672,0.000000000,0.000000000,0.000000000,AERIAL
4.206999779,0.191953570,0.000000000,0.000000000,0.000000000,AERIAL
4.208000183,0.194680601,0.000000000,0.000000000,0.000000000,AERIAL
4.209000111,0.197398752,0.000000000,0.000000000,0.000000000,AERIAL
4.210000038,0.200107992,0.000000000,0.000000000,0.000000000,AERIAL
4.210999966,0.202808350,0.000000000,0.000000000,0.000000000,AERIAL
4.211999893,0.205499783,0.000000000,0.000000000,0.000000000,AERIAL
4.212999821,0.208182275,0.000000000,0.000000000,0.000000000,AERIAL
4.214000225,0.210855842,0.000000000,0.000000000,0.000000000,AERIAL
4.215000153,0.213520437,0.000000000,0.000000000,0.000000000,AERIAL
4.216000080,0.216176063,0.000000000,0.000000000,0.000000000,AERIAL
4.217000008,0.218822703,0.000000000,0.000000000,0.000000000,AERIAL
4.217999935,0.221460357,0.000000000,0.000000000,0.000000000,AERIAL
4.218999863,0.224089012,0.000000000,0.000000000,0.000000000,AERIAL
4.219999790,0.226708636,0.000000000,0.000000000,0.000000000,AERIAL
4.221000195,0.229319245,0.000000000,0.000000000,0.000000000,AERIAL
4.222000122,0.231920823,0.000000000,0.000000000,0.000000000,AERIAL
4.223000050,0.234513357,0.000000000,-0.000000000,0.000000000,AERIAL
4.223999977,0.237096831,0.000000000,-0.000000000,0.000000000,AERIAL
4.224999905,0.239671245,0.000000000,-0.000000000,0.000000000,AERIAL
4.225999832,0.242236584,0.000000000,-0.000000000,0.000000000,AERIAL
4.227000237,0.244792849,0.000000000,-0.000000000,0.000000000,AERIAL
4.228000164,0.247340024,0.000000000,-0.000000000,0.000000000,AERIAL
4.229000092,0.249878123,0.000000000,-0.000000000,0.000000000,AERIAL
4.230000019,0.252407134,0.000000000,-0.000000000,0.000000000,AERIAL
4.230999947,0.254927039,0.000000000,-0.000000000,0.000000000,AERIAL
4.231999874,0.257437855,0.000000000,-0.000000000,0.000000000,AERIAL
4.232999802,0.259939581,0.000000000,-0.000000000,0.000000000,AERIAL
4.234000206,0.262432218,0.000000000,-0.000000000,0.000000000,AERIAL
4.235000134,0.264915764,0.000000000,-0.000000000,0.000000000,AERIAL
4.236000061,0.267390221,0.000000000,-0.000000000,0.000000000,AERIAL
4.236999989,0.269855559,0.000000000,-0.000000000,0.000000000,AERIAL
4.237999916,0.272311836,0.000000000,-0.000000000,0.000000000,AERIAL
4.238999844,0.274759054,0.000000000,-0.000000000,0.000000000,AERIAL
4.239999771,0.277197152,0.000000000,-0.000000000,0.000000000,AERIAL
4.241000175,0.279626220,0.000000000,-0.000000000,0.000000000,AERIAL
4.242000103,0.282046229,0.000000000,-0.000000000,0.000000000,AERIAL
4.243000031,0.284457207,0.000000000,-0.000000000,0.000000000,AERIAL
4.243999958,0.286859125,0.000000000,-0.000000000,0.000000000,AERIAL
4.244999886,0.289252013,0.000000000,-0.000000000,0.000000000,AERIAL
4.245999813,0.291635901,0.000000000,-0.000000000,0.000000000,AERIAL
4.247000217,0.294010758,0.000000000,-0.000000000,0.000000000,AERIAL
4.248000145,0.296376616,0.000000000,-0.000000000,0.000000000,AERIAL
4.249000072,0.298733503,0.000000000,-0.000000000,0.000000000,AERIAL
4.250000000,0.301081419,0.000000000,-0.000000000,0.000000000,AERIAL
4.250999928,0.303420365,0.000000000,-0.000000000,0.000000000,AERIAL
4.251999855,0.305750400,0.000000000,-0.000000000,0.000000000,AERIAL
4.252999783,0.308071494,0.000000000,-0.000000000,0.000000000,AERIAL
4.254000187,0.310383648,0.000000000,-0.000000000,0.000000000,AERIAL
4.255000114,0.312686920,0.000000000,-0.000000000,0.000000000,AERIAL
4.256000042,0.314981312,0.000000000,-0.000000000,0.000000000,AERIAL
4.256999969,0.317266822,0.000000000,-0.000000000,0.000000000,AERIAL
4.257999897,0.319543481,0.000000000,-0.000000000,0.000000000,AERIAL
4.258999825,0.321811289,0.000000000,-0.000000000,0.000000000,AERIAL
4.260000229,0.324070275,0.000000000,-0.000000000,0.000000000,AERIAL
4.261000156,0.326320469,0.000000000,-0.000000000,0.000000000,AERIAL
4.262000084,0.328561842,0.000000000,-0.000000000,0.000000000,AERIAL
4.263000011,0.330794454,0.000000000,-0.000000000,0.000000000,AERIAL
4.263999939,0.333018303,0.000000000,-0.000000000,0.000000000,AERIAL
4.264999866,0.335233390,0.000000000,-0.000000000,0.000000000,AERIAL
4.265999794,0.337439716,0.000000000,-0.000000000,0.000000000,AERIAL
4.267000198,0.339637339,0.000000000,-0.000000000,0.000000000,AERIAL
4.268000126,0.341826230,0.000000000,-0.000000000,0.000000000,AERIAL
4.269000053,0.344006419,0.000000000,-0.000000000,0.000000000,AERIAL
4.269999981,0.346177906,0.000000000,-0.000000000,0.000000000,AERIAL
4.270999908,0.348340720,0.000000000,-0.000000000,0.000000000,AERIAL
4.271999836,0.350494862,0.000000000,-0.000000000,0.000000000,AERIAL
4.272999763,0.352640361,0.000000000,-0.000000000,0.000000000,AERIAL
4.274000168,0.354777187,0.000000000,-0.000000000,0.000000000,AERIAL
4.275000095,0.356905341,0.000000000,-0.000000000,0.000000000,AERIAL
4.276000023,0.359024823,0.000000000,-0.000000000,0.000000000,AERIAL
4.276999950,0.361135662,0.000000000,-0.000000000,0.000000000,AERIAL
4.277999878,0.363237828,0.000000000,-0.000000000,0.000000000,AERIAL
4.278999805,0.365331322,0.000000000,-0.000000000,0.000000000,AERIAL
4.280000210,0.367416173,0.000000000,-0.000000000,0.000000000,AERIAL
4.281000137,0.369492352,0.000000000,-0.000000000,0.000000000,AERIAL
4.282000065,0.371559858,0.000000000,-0.000000000,0.000000000,AERIAL
4.282999992,0.373618722,0.000000000,-0.000000000,0.000000000,AERIAL
4.283999920,0.375668913,0.000000000,-0.000000000,0.000000000,AERIAL
4.284999847,0.377710462,0.000000000,-0.000000000,0.000000000,AERIAL
4.285999775,0.379743367,0.000000000,-0.000000000,0.000000000,AERIAL
4.287000179,0.381767601,0.000000000,-0.000000000,0.000000000,AERIAL
4.288000107,0.383783221,0.000000000,-0.000000000,0.000000000,AERIAL
4.289000034,0.385790199,0.000000000,-0.000000000,0.000000000,AERIAL
4.289999962,0.387788594,0.000000000,-0.000000000,0.000000000,AERIAL
4.290999889,0.389778346,0.000000000,-0.000000000,0.000000000,AERIAL
4.291999817,0.391759515,0.000000000,-0.000000000,0.000000000,AERIAL
4.293000221,0.393732101,0.000000000,-0.000000000,0.000000000,AERIAL
4.294000149,0.395696133,0.000000000,-0.000000000,0.000000000,AERIAL
4.295000076,0.397651613,0.000000000,-0.000000000,0.000000000,AERIAL
4.296000004,0.399598569,0.000000000,-0.000000000,0.000000000,AERIAL
4.296999931,0.401537031,0.000000000,0.000000000,0.000000000,AERIAL
4.297999859,0.403467029,0.000000000,0.000000000,0.000000000,AERIAL
4.298999786,0.405388534,0.000000000,0.000000000,0.000000000,AERIAL
4.300000191,0.407301635,0.000000000,0.000000000,0.000000000,AERIAL
4.301000118,0.409206271,0.000000000,0.000000000,0.000000000,AERIAL
4.302000046,0.411102533,0.000000000,0.000000000,0.000000000,AERIAL
4.302999973,0.412990391,0.000000000,0.000000000,0.000000000,AERIAL
4.303999901,0.414869905,0.000000000,0.000000000,0.000000000,AERIAL
4.304999828,0.416741103,0.000000000,0.000000000,0.000000000,AERIAL
4.306000233,0.418603987,0.000000000,0.000000000,0.000000000,AERIAL
4.307000160,0.420458585,0.000000000,0.000000000,0.000000000,AERIAL
4.308000088,0.422304899,0.000000000,0.000000000,0.000000000,AERIAL
4.309000015,0.424142987,0.000000000,0.000000000,0.000000000,AERIAL
4.309999943,0.425972849,0.000000000,0.000000000,0.000000000,AERIAL
4.310999870,0.427794516,0.000000000,0.000000000,0.000000000,AERIAL
4.311999798,0.429607987,0.000000000,0.000000000,0.000000000,AERIAL
4.313000202,0.431413293,0.000000000,0.000000000,0.000000000,AERIAL
4.314000130,0.433210462,0.000000000,0.000000000,0.000000000,AERIAL
4.315000057,0.434999496,0.000000000,0.000000000,0.000000000,AERIAL
4.315999985,0.436780393,0.000000000,0.000000000,0.000000000,AERIAL
4.316999912,0.438553244,0.000000000,0.000000000,0.000000000,AERIAL
4.317999840,0.440317988,0.000000000,0.000000000,0.000000000,AERIAL
4.318999767,0.442074686,0.000000000,0.000000000,0.000000000,AERIAL
4.320000172,0.443823338,0.000000000,0.000000000,0.000000000,AERIAL
4.321000099,0.445563942,0.000000000,0.000000000,0.000000000,AERIAL
4.322000027,0.447296500,0.000000000,0.000000000,0.000000000,AERIAL
4.322999954,0.449021041,0.000000000,0.000000000,0.000000000,AERIAL
4.323999882,0.450737596,0.000000000,0.000000000,0.000000000,AERIAL
4.324999809,0.452446163,0.000000000,0.000000000,0.000000000,AERIAL
4.326000214,0.454146713,0.000000000,0.000000000,0.000000000,AERIAL
4.327000141,0.455839276,0.000000000,0.000000000,0.000000000,AERIAL
4.328000069,0.457523882,0.000000000,0.000000000,0.000000000,AERIAL
4.328999996,0.459200531,0.000000000,0.000000000,0.000000000,AERIAL
4.329999924,0.460869193,0.000000000,0.000000000,0.000000000,AERIAL
4.330999851,0.462529868,0.000000000,0.000000000,0.000000000,AERIAL
4.331999779,0.464182585,0.000000000,0.000000000,0.000000000,AERIAL
4.333000183,0.465827376,0.000000000,0.000000000,0.000000000,AERIAL
4.334000111,0.467464149,0.000000000,0.000000000,0.000000000,AERIAL
4.335000038,0.469092995,0.000000000,0.000000000,0.000000000,AERIAL
4.335999966,0.470713854,0.000000000,0.000000000,0.000000000,AERIAL
4.336999893,0.472326756,0.000000000,0.000000000,0.000000000,AERIAL
4.337999821,0.473931670,0.000000000,0.000000000,0.000000000,AERIAL
4.339000225,0.475528628,0.000000000,0.000000000,0.000000000,AERIAL
4.340000153,0.477117568,0.000000000,-0.000000000,0.000000000,AERIAL
4.341000080,0.478698552,0.000000000,-0.000000000,0.000000000,AERIAL
4.342000008,0.480271518,0.000000000,-0.000000000,0.000000000,AERIAL
4.342999935,0.481836498,0.000000000,-0.000000000,0.000000000,AERIAL
4.343999863,0.483393461,0.000000000,-0.000000000,0.000000000,AERIAL
4.344999790,0.484942406,0.000000000,-0.000000000,0.000000000,AERIAL
4.346000195,0.486483306,0.000000000,-0.000000000,0.000000000,AERIAL
4.347000122,0.488016188,0.000000000,-0.000000000,0.000000000,AERIAL
4.348000050,0.489540994,0.000000000,-0.000000000,0.000000000,AERIAL
4.348999977,0.491057754,0.000000000,-0.000000000,0.000000000,AERIAL
4.349999905,0.492566437,0.000000000,-0.000000000,0.000000000,AERIAL
4.350999832,0.494067013,0.000000000,-0.000000000,0.000000000,AERIAL
4.352000237,0.495559514,0.000000000,-0.000000000,0.000000000,AERIAL
4.353000164,0.497043908,0.000000000,-0.000000000,0.000000000,AERIAL
4.354000092,0.498520136,0.000000000,-0.000000000,0.000000000,AERIAL
4.355000019,0.499988258,0.000000000,-0.000000000,0.000000000,AERIAL
4.355999947,0.501448214,0.000000000,-0.000000000,0.000000000,AERIAL
4.356999874,0.502900004,0.000000000,-0.000000000,0.000000000,AERIAL
4.357999802,0.504343569,0.000000000,-0.000000000,0.000000000,AERIAL
4.359000206,0.505778968,0.000000000,-0.000000000,0.000000000,AERIAL
4.360000134,0.507206142,0.000000000,-0.000000000,0.000000000,AERIAL
4.361000061,0.508625090,0.000000000,-0.000000000,0.000000000,AERIAL
4.361999989,0.510035813,0.000000000,-0.000000000,0.000000000,AERIAL
4.362999916,0.511438251,0.000000000,-0.000000000,0.000000000,AERIAL
4.363999844,0.512832344,0.000000000,-0.000000000,0.000000000,AERIAL
4.364999771,0.514218211,0.000000000,-0.000000000,0.000000000,AERIAL
4.366000175,0.515595734,0.000000000,-0.000000000,0.000000000,AERIAL
4.367000103,0.516964972,0.000000000,-0.000000000,0.000000000,AERIAL
4.368000031,0.518325806,0.000000000,-0.000000000,0.000000000,AERIAL
4.368999958,0.519678295,0.000000000,-0.000000000,0.000000000,AERIAL
4.369999886,0.521022379,0.000000000,-0.000000000,0.000000000,AERIAL
4.370999813,0.522358119,0.000000000,-0.000000000,0.000000000,AERIAL
4.372000217,0.523685396,0.000000000,-0.000000000,0.000000000,AERIAL
4.373000145,0.525004268,0.000000000,-0.000000000,0.000000000,AERIAL
4.374000072,0.526314735,0.000000000,-0.000000000,0.000000000,AERIAL
4.375000000,0.527616680,0.000000000,-0.000000000,0.000000000,AERIAL
4.375999928,0.528910160,0.000000000,-0.000000000,0.000000000,AERIAL
4.376999855,0.530195177,0.000000000,-0.000000000,0.000000000,AERIAL
4.377999783,0.531471670,0.000000000,-0.000000000,0.000000000,AERIAL
4.379000187,0.532739639,0.000000000,-0.000000000,0.000000000,AERIAL
4.380000114,0.533999085,0.000000000,-0.000000000,0.000000000,AERIAL
4.381000042,0.535250008,0.000000000,-0.000000000,0.000000000,AERIAL
4.381999969,0.536492348,0.000000000,-0.000000000,0.000000000,AERIAL
4.382999897,0.537726104,0.000000000,-0.000000000,0.000000000,AERIAL
4.383999825,0.538951218,0.000000000,-0.000000000,0.000000000,AERIAL
4.385000229,0.540167809,0.000000000,-0.000000000,0.000000000,AERIAL
4.386000156,0.541375756,0.000000000,-0.000000000,0.000000000,AERIAL
4.387000084,0.542575061,0.000000000,-0.000000000,0.000000000,AERIAL
4.388000011,0.543765664,0.000000000,-0.000000000,0.000000000,AERIAL
4.388999939,0.544947684,0.000000000,-0.000000000,0.000000000,AERIAL
4.389999866,0.546121001,0.000000000,-0.000000000,0.000000000,AERIAL
4.390999794,0.547285616,0.000000000,-0.000000000,0.000000000,AERIAL
4.392000198,0.548441529,0.000000000,-0.000000000,0.000000000,AERIAL
4.393000126,0.549588740,0.000000000,-0.000000000,0.000000000,AERIAL
4.394000053,0.550727248,0.000000000,-0.000000000,0.000000000,AERIAL
4.394999981,0.551856995,0.000000000,-0.000000000,0.000000000,AERIAL
4.395999908,0.552977979,0.000000000,-0.000000000,0.000000000,AERIAL
4.396999836,0.554090202,0.000000000,-0.000000000,0.000000000,AERIAL
4.397999763,0.555193663,0.000000000,-0.000000000,0.000000000,AERIAL
4.399000168,0.556288302,0.000000000,-0.000000000,0.000000000,AERIAL
4.400000095,0.557374120,0.000000000,-0.000000000,0.000000000,AERIAL
4.401000023,0.558451176,0.000000000,-0.000000000,0.000000000,AERIAL
4.401999950,0.559519351,0.000000000,-0.000000000,0.000000000,AERIAL
4.402999878,0.560578704,0.000000000,-0.000000000,0.000000000,AERIAL
4.403999805,0.561629236,0.000000000,-0.000000000,0.000000000,AERIAL
4.405000210,0.562670887,0.000000000,-0.000000000,0.000000000,AERIAL
4.406000137,0.563703656,0.000000000,-0.000000000,0.000000000,AERIAL
4.407000065,0.564727545,0.000000000,-0.000000000,0.000000000,AERIAL
4.407999992,0.565742493,0.000000000,-0.000000000,0.000000000,AERIAL
4.408999920,0.566748559,0.000000000,-0.000000000,0.000000000,AERIAL
4.409999847,0.567745686,0.000000000,-0.000000000,0.000000000,AERIAL
4.410999775,0.568733931,0.000000000,-0.000000000,0.000000000,AERIAL
4.412000179,0.569713175,0.000000000,-0.000000000,0.000000000,AERIAL
4.413000107,0.570683479,0.000000000,-0.000000000,0.000000000,AERIAL
4.414000034,0.571644783,0.000000000,-0.000000000,0.000000000,AERIAL
4.414999962,0.572597146,0.000000000,-0.000000000,0.000000000,AERIAL
4.415999889,0.573540509,0.000000000,-0.000000000,0.000000000,AERIAL
4.416999817,0.574474812,0.000000000,-0.000000000,0.000000000,AERIAL
4.418000221,0.575400114,0.000000000,-0.000000000,0.000000000,AERIAL
4.419000149,0.576316416,0.000000000,-0.000000000,0.000000000,AERIAL
4.420000076,0.577223659,0.000000000,-0.000000000,0.000000000,AERIAL
4.421000004,0.578121841,0.000000000,-0.000000000,0.000000000,AERIAL
4.421999931,0.579010963,0.000000000,-0.000000000,0.000000000,AERIAL
4.422999859,0.579890966,0.000000000,-0.000000000,0.000000000,AERIAL
4.423999786,0.580761909,0.000000000,-0.000000000,0.000000000,AERIAL
4.425000191,0.581623793,0.000000000,-0.000000000,0.000000000,AERIAL
4.426000118,0.582476497,0.000000000,-0.000000000,0.000000000,AERIAL
4.427000046,0.583320081,0.000000000,-0.000000000,0.000000000,AERIAL
4.427999973,0.584154546,0.000000000,-0.000000000,0.000000000,AERIAL
4.428999901,0.584979832,0.000000000,-0.000000000,0.000000000,AERIAL
4.429999828,0.585795939,0.000000000,-0.000000000,0.000000000,AERIAL
4.431000233,0.586602926,0.000000000,-0.000000000,0.000000000,AERIAL
4.432000160,0.587400675,0.000000000,-0.000000000,0.000000000,AERIAL
4.433000088,0.588189185,0.000000000,-0.000000000,0.000000000,AERIAL
4.434000015,0.588968515,0.000000000,-0.000000000,0.000000000,AERIAL
4.434999943,0.589738607,0.000000000,-0.000000000,0.000000000,AERIAL
4.435999870,0.590499461,0.000000000,-0.000000000,0.000000000,AERIAL
4.436999798,0.591251016,0.000000000,-0.000000000,0.000000000,AERIAL
4.438000202,0.591993332,0.000000000,-0.000000000,0.000000000,AERIAL
4.439000130,0.592726290,0.000000000,-0.000000000,0.000000000,AERIAL
4.440000057,0.593449950,0.000000000,-0.000000000,0.000000000,AERIAL
4.440999985,0.594164312,0.000000000,-0.000000000,0.000000000,AERIAL
4.441999912,0.594869316,0.000000000,-0.000000000,0.000000000,AERIAL
4.442999840,0.595565021,0.000000000,-0.000000000,0.000000000,AERIAL
4.443999767,0.596251309,0.000000000,-0.000000000,0.000000000,AERIAL
4.445000172,0.596928239,0.000000000,-0.000000000,0.000000000,AERIAL
4.446000099,0.597595751,0.000000000,-0.000000000,0.000000000,AERIAL
4.447000027,0.598253846,0.000000000,-0.000000000,0.000000000,AERIAL
4.447999954,0.598902524,0.000000000,-0.000000000,0.000000000,AERIAL
4.448999882,0.599541843,0.000000000,-0.000000000,0.000000000,AERIAL
4.449999809,0.600171626,0.000000000,-0.000000000,0.000000000,AERIAL
4.451000214,0.600792050,0.000000000,-0.000000000,0.000000000,AERIAL
4.452000141,0.601402938,0.000000000,-0.000000000,0.000000000,AERIAL
4.453000069,0.602004409,0.000000000,-0.000000000,0.000000000,AERIAL
4.453999996,0.602596343,0.000000000,-0.000000000,0.000000000,AERIAL
4.454999924,0.603178859,0.000000000,-0.000000000,0.000000000,AERIAL
4.455999851,0.603751898,0.000000000,-0.000000000,0.000000000,AERIAL
4.456999779,0.604315460,0.000000000,-0.000000000,0.000000000,AERIAL
4.458000183,0.604869485,0.000000000,-0.000000000,0.000000000,AERIAL
4.459000111,0.605414093,0.000000000,-0.000000000,0.000000000,AERIAL
4.460000038,0.605949163,0.000000000,-0.000000000,0.000000000,AERIAL
4.460999966,0.606474698,0.000000000,-0.000000000,0.000000000,AERIAL
4.461999893,0.606990814,0.000000000,-0.000000000,0.000000000,AERIAL
4.462999821,0.607497394,0.000000000,-0.000000000,0.000000000,AERIAL
4.464000225,0.607994497,0.000000000,0.000000000,0.000000000,AERIAL
4.465000153,0.608482122,0.000000000,0.000000000,0.000000000,AERIAL
4.466000080,0.608960211,0.000000000,0.000000000,0.000000000,AERIAL
4.467000008,0.609428823,0.000000000,0.000000000,0.000000000,AERIAL
4.467999935,0.609887958,0.000000000,0.000000000,0.000000000,AERIAL
4.468999863,0.610337615,0.000000000,0.000000000,0.000000000,AERIAL
4.469999790,0.610777795,0.000000000,0.000000000,0.000000000,AERIAL
4.471000195,0.611208498,0.000000000,0.000000000,0.000000000,AERIAL
4.472000122,0.611629665,0.000000000,0.000000000,0.000000000,AERIAL
4.473000050,0.612041414,0.000000000,0.000000000,0.000000000,AERIAL
4.473999977,0.612443686,0.000000000,0.000000000,0.000000000,AERIAL
4.474999905,0.612836480,0.000000000,0.000000000,0.000000000,AERIAL
4.475999832,0.613219798,0.000000000,0.000000000,0.000000000,AERIAL
4.477000237,0.613593638,0.000000000,0.000000000,0.000000000,AERIAL
4.478000164,0.613958061,0.000000000,0.000000000,0.000000000,AERIAL
4.479000092,0.614313006,0.000000000,0.000000000,0.000000000,AERIAL
4.480000019,0.614658535,0.000000000,0.000000000,0.000000000,AERIAL
4.480999947,0.614994586,0.000000000,0.000000000,0.000000000,AERIAL
4.481999874,0.615321219,0.000000000,0.000000000,0.000000000,AERIAL
4.482999802,0.615638435,0.000000000,0.000000000,0.000000000,AERIAL
4.484000206,0.615946174,0.000000000,0.000000000,0.000000000,AERIAL
4.485000134,0.616244495,0.000000000,0.000000000,0.000000000,AERIAL
4.486000061,0.616533399,0.000000000,0.000000000,0.000000000,AERIAL
4.486999989,0.616812825,0.000000000,0.000000000,0.000000000,AERIAL
4.487999916,0.617082894,0.000000000,0.000000000,0.000000000,AERIAL
4.488999844,0.617343545,0.000000000,0.000000000,0.000000000,AERIAL
4.489999771,0.617594779,0.000000000,0.000000000,0.000000000,AERIAL
4.491000175,0.617836595,0.000000000,0.000000000,0.000000000,AERIAL
4.492000103,0.618068993,0.000000000,0.000000000,0.000000000,AERIAL
4.493000031,0.618291974,0.000000000,0.000000000,0.000000000,AERIAL
4.493999958,0.618505597,0.000000000,0.000000000,0.000000000,AERIAL
4.494999886,0.618709803,0.000000000,0.000000000,0.000000000,AERIAL
4.495999813,0.618904591,0.000000000,0.000000000,0.000000000,AERIAL
4.497000217,0.619090021,0.000000000,0.000000000,0.000000000,AERIAL
4.498000145,0.619266033,0.000000000,0.000000000,0.000000000,AERIAL
4.499000072,0.619432688,0.000000000,0.000000000,0.000000000,AERIAL
4.500000000,0.619589984,0.000000000,0.000000000,0.000000000,AERIAL
4.500999928,0.619737864,0.000000000,0.000000000,0.000000000,AERIAL
4.501999855,0.619876325,0.000000000,0.000000000,0.000000000,AERIAL
4.502999783,0.620005429,0.000000000,0.000000000,0.000000000,AERIAL
4.504000187,0.620125175,0.000000000,0.000000000,0.000000000,AERIAL
4.505000114,0.620235562,0.000000000,0.000000000,0.000000000,AERIAL
4.506000042,0.620336533,0.000000000,0.000000000,0.000000000,AERIAL
4.506999969,0.620428145,0.000000000,0.000000000,0.000000000,AERIAL
4.507999897,0.620510399,0.000000000,0.000000000,0.000000000,AERIAL
4.508999825,0.620583236,0.000000000,0.000000000,0.000000000,AERIAL
4.510000229,0.620646715,0.000000000,0.000000000,0.000000000,AERIAL
4.511000156,0.620700836,0.000000000,0.000000000,0.000000000,AERIAL
4.512000084,0.620745599,0.000000000,0.000000000,0.000000000,AERIAL
4.513000011,0.620780945,0.000000000,-0.000000000,0.000000000,AERIAL
4.513999939,0.620806932,0.000000000,-0.000000000,0.000000000,AERIAL
4.514999866,0.620823562,0.000000000,-0.000000000,0.000000000,AERIAL
4.515999794,0.620830834,0.000000000,-0.000000000,0.000000000,AERIAL
4.517000198,0.620828688,0.000000000,-0.000000000,0.000000000,AERIAL
4.518000126,0.620817184,0.000000000,-0.000000000,0.000000000,AERIAL
4.519000053,0.620796263,0.000000000,-0.000000000,0.000000000,AERIAL
4.519999981,0.620765984,0.000000000,-0.000000000,0.000000000,AERIAL
4.520999908,0.620726347,0.000000000,-0.000000000,0.000000000,AERIAL
4.521999836,0.620677292,0.000000000,-0.000000000,0.000000000,AERIAL
4.522999763,0.620618880,0.000000000,-0.000000000,0.000000000,AERIAL
4.524000168,0.620551109,0.000000000,-0.000000000,0.000000000,AERIAL
4.525000095,0.620473921,0.000000000,-0.000000000,0.000000000,AERIAL
4.526000023,0.620387316,0.000000000,-0.000000000,0.000000000,AERIAL
4.526999950,0.620291352,0.000000000,-0.000000000,0.000000000,AERIAL
4.527999878,0.620185971,0.000000000,-0.000000000,0.000000000,AERIAL
4.528999805,0.620071232,0.000000000,-0.000000000,0.000000000,AERIAL
4.530000210,0.619947076,0.000000000,-0.000000000,0.000000000,AERIAL
4.531000137,0.619813502,0.000000000,-0.000000000,0.000000000,AERIAL
4.532000065,0.619670570,0.000000000,-0.000000000,0.000000000,AERIAL
4.532999992,0.619518220,0.000000000,-0.000000000,0.000000000,AERIAL
4.533999920,0.619356453,0.000000000,-0.000000000,0.000000000,AERIAL
4.534999847,0.619185269,0.000000000,-0.000000000,0.000000000,AERIAL
4.535999775,0.619004667,0.000000000,-0.000000000,0.000000000,AERIAL
4.537000179,0.618814707,0.000000000,-0.000000000,0.000000000,AERIAL
4.538000107,0.618615270,0.000000000,-0.000000000,0.000000000,AERIAL
4.539000034,0.618406415,0.000000000,-0.000000000,0.000000000,AERIAL
4.539999962,0.618188202,0.000000000,-0.000000000,0.000000000,AERIAL
4.540999889,0.617960513,0.000000000,-0.000000000,0.000000000,AERIAL
4.541999817,0.617723405,0.000000000,-0.000000000,0.000000000,AERIAL
4.543000221,0.617476881,0.000000000,-0.000000000,0.000000000,AERIAL
4.544000149,0.617220879,0.000000000,-0.000000000,0.000000000,AERIAL
4.545000076,0.616955519,0.000000000,-0.000000000,0.000000000,AERIAL
4.546000004,0.616680682,0.000000000,-0.000000000,0.000000000,AERIAL
4.546999931,0.616396427,0.000000000,-0.000000000,0.000000000,AERIAL
4.547999859,0.616102695,0.000000000,-0.000000000,0.000000000,AERIAL
4.548999786,0.615799546,0.000000000,-0.000000000,0.000000000,AERIAL
4.550000191,0.615486920,0.000000000,-0.000000000,0.000000000,AERIAL
4.551000118,0.615164816,0.000000000,-0.000000000,0.000000000,AERIAL
4.552000046,0.614833295,0.000000000,-0.000000000,0.000000000,AERIAL
4.552999973,0.614492357,0.000000000,-0.000000000,0.000000000,AERIAL
4.553999901,0.614141881,0.000000000,-0.000000000,0.000000000,AERIAL
4.554999828,0.613781989,0.000000000,-0.000000000,0.000000000,AERIAL
4.556000233,0.613412619,0.000000000,-0.000000000,0.000000000,AERIAL
4.557000160,0.613033772,0.000000000,-0.000000000,0.000000000,AERIAL
4.558000088,0.612645447,0.000000000,-0.000000000,0.000000000,AERIAL
4.559000015,0.612247646,0.000000000,-0.000000000,0.000000000,AERIAL
4.559999943,0.611840308,0.000000000,-0.000000000,0.000000000,AERIAL
4.560999870,0.611423552,0.000000000,-0.000000000,0.000000000,AERIAL
4.561999798,0.610997260,0.000000000,-0.000000000,0.000000000,AERIAL
4.563000202,0.610561490,0.000000000,-0.000000000,0.000000000,AERIAL
4.564000130,0.610116243,0.000000000,-0.000000000,0.000000000,AERIAL
4.565000057,0.609661460,0.000000000,-0.000000000,0.000000000,AERIAL
4.565999985,0.609197199,0.000000000,-0.000000000,0.000000000,AERIAL
4.566999912,0.608723402,0.000000000,-0.000000000,0.000000000,AERIAL
4.567999840,0.608240128,0.000000000,-0.000000000,0.000000000,AERIAL
4.568999767,0.607747316,0.000000000,-0.000000000,0.000000000,AERIAL
4.570000172,0.607244968,0.000000000,-0.000000000,0.000000000,AERIAL
4.571000099,0.606733084,0.000000000,-0.000000000,0.000000000,AERIAL
4.572000027,0.606211662,0.000000000,-0.000000000,0.000000000,AERIAL
4.572999954,0.605680704,0.000000000,-0.000000000,0.000000000,AERIAL
4.573999882,0.605140269,0.000000000,-0.000000000,0.000000000,AERIAL
4.574999809,0.604590237,0.000000000,-0.000000000,0.000000000,AERIAL
4.576000214,0.604030669,0.000000000,-0.000000000,0.000000000,AERIAL
4.577000141,0.603461504,0.000000000,-0.000000000,0.000000000,AERIAL
4.578000069,0.602882802,0.000000000,-0.000000000,0.000000000,AERIAL
4.578999996,0.602294564,0.000000000,-0.000000000,0.000000000,AERIAL
4.579999924,0.601696730,0.000000000,-0.000000000,0.000000000,AERIAL
4.580999851,0.601089358,0.000000000,-0.000000000,0.000000000,AERIAL
4.581999779,0.600472391,0.000000000,-0.000000000,0.000000000,AERIAL
4.583000183,0.599845827,0.000000000,-0.000000000,0.000000000,AERIAL
4.584000111,0.599209666,0.000000000,-0.000000000,0.000000000,AERIAL
4.585000038,0.598563910,0.000000000,-0.000000000,0.000000000,AERIAL
4.585999966,0.597908616,0.000000000,-0.000000000,0.000000000,AERIAL
4.586999893,0.597243667,0.000000000,-0.000000000,0.000000000,AERIAL
4.587999821,0.596569121,0.000000000,-0.000000000,0.000000000,AERIAL
4.589000225,0.595884979,0.000000000,-0.000000000,0.000000000,AERIAL
4.590000153,0.595191240,0.000000000,-0.000000000,0.000000000,AERIAL
4.591000080,0.594487846,0.000000000,-0.000000000,0.000000000,AERIAL
4.592000008,0.593774796,0.000000000,-0.000000000,0.000000000,AERIAL
4.592999935,0.593052149,0.000000000,-0.000000000,0.000000000,AERIAL
4.593999863,0.592319846,0.000000000,-0.000000000,0.000000000,AERIAL
4.594999790,0.591577888,0.000000000,-0.000000000,0.000000000,AERIAL
4.596000195,0.590826333,0.000000000,-0.000000000,0.000000000,AERIAL
4.597000122,0.590065062,0.000000000,-0.000000000,0.000000000,AERIAL
4.598000050,0.589294136,0.000000000,-0.000000000,0.000000000,AERIAL
4.598999977,0.588513553,0.000000000,-0.000000000,0.000000000,AERIAL
4.599999905,0.587723315,0.000000000,-0.000000000,0.000000000,AERIAL
4.600999832,0.586923361,0.000000000,-0.000000000,0.000000000,AERIAL
4.602000237,0.586113751,0.000000000,-0.000000000,0.000000000,AERIAL
4.603000164,0.585294425,0.000000000,-0.000000000,0.000000000,AERIAL
4.604000092,0.584465444,0.000000000,-0.000000000,0.000000000,AERIAL
4.605000019,0.583626747,0.000000000,-0.000000000,0.000000000,AERIAL
4.605999947,0.582778394,0.000000000,-0.000000000,0.000000000,AERIAL
4.606999874,0.581920266,0.000000000,-0.000000000,0.000000000,AERIAL
4.607999802,0.581052482,0.000000000,-0.000000000,0.000000000,AERIAL
4.609000206,0.580174983,0.000000000,-0.000000000,0.000000000,AERIAL
4.610000134,0.579287767,0.000000000,-0.000000000,0.000000000,AERIAL
4.611000061,0.578390837,0.000000000,-0.000000000,0.000000000,AERIAL
4.611999989,0.577484190,0.000000000,-0.000000000,0.000000000,AERIAL
4.612999916,0.576567829,0.000000000,-0.000000000,0.000000000,AERIAL
4.613999844,0.575641692,0.000000000,-0.000000000,0.000000000,AERIAL
4.614999771,0.574705899,0.000000000,-0.000000000,0.000000000,AERIAL
4.616000175,0.573760331,0.000000000,-0.000000000,0.000000000,AERIAL
4.617000103,0.572805047,0.000000000,-0.000000000,0.000000000,AERIAL
4.618000031,0.571840048,0.000000000,-0.000000000,0.000000000,AERIAL
4.618999958,0.570865333,0.000000000,-0.000000000,0.000000000,AERIAL
4.619999886,0.569880843,0.000000000,-0.000000000,0.000000000,AERIAL
4.620999813,0.568886638,0.000000000,-0.000000000,0.000000000,AERIAL
4.622000217,0.567882657,0.000000000,-0.000000000,0.000000000,AERIAL
4.623000145,0.566868961,0.000000000,-0.000000000,0.000000000,AERIAL
4.624000072,0.565845549,0.000000000,-0.000000000,0.000000000,AERIAL
4.625000000,0.564812362,0.000000000,-0.000000000,0.000000000,AERIAL
4.625999928,0.563769460,0.000000000,-0.000000000,0.000000000,AERIAL
4.626999855,0.562716782,0.000000000,-0.000000000,0.000000000,AERIAL
4.627999783,0.561654389,0.000000000,-0.000000000,0.000000000,AERIAL
4.629000187,0.560582280,0.000000000,-0.000000000,0.000000000,AERIAL
4.630000114,0.559500396,0.000000000,-0.000000000,0.000000000,AERIAL
4.631000042,0.558408737,0.000000000,-0.000000000,0.000000000,AERIAL
4.631999969,0.557307363,0.000000000,-0.000000000,0.000000000,AERIAL
4.632999897,0.556196272,0.000000000,0.000000000,0.000000000,AERIAL
4.633999825,0.555075407,0.000000000,0.000000000,0.000000000,AERIAL
4.635000229,0.553944767,0.000000000,0.000000000,0.000000000,AERIAL
4.636000156,0.552804410,0.000000000,0.000000000,0.000000000,AERIAL
4.637000084,0.551654339,0.000000000,0.000000000,0.000000000,AERIAL
4.638000011,0.550494492,0.000000000,0.000000000,0.000000000,AERIAL
4.638999939,0.549324930,0.000000000,0.000000000,0.000000000,AERIAL
4.639999866,0.548145592,0.000000000,0.000000000,0.000000000,AERIAL
4.640999794,0.546956480,0.000000000,0.000000000,0.000000000,AERIAL
4.642000198,0.545757711,0.000000000,0.000000000,0.000000000,AERIAL
4.643000126,0.544549108,0.000000000,0.000000000,0.000000000,AERIAL
4.644000053,0.543330848,0.000000000,0.000000000,0.000000000,AERIAL
4.644999981,0.542102814,0.000000000,0.000000000,0.000000000,AERIAL
4.645999908,0.540865004,0.000000000,0.000000000,0.000000000,AERIAL
4.646999836,0.539617479,0.000000000,0.000000000,0.000000000,AERIAL
4.647999763,0.538360238,0.000000000,0.000000000,0.000000000,AERIAL
4.649000168,0.537093222,0.000000000,0.000000000,0.000000000,AERIAL
4.650000095,0.535816491,0.000000000,0.000000000,0.000000000,AERIAL
4.651000023,0.534530044,0.000000000,0.000000000,0.000000000,AERIAL
4.651999950,0.533233821,0.000000000,0.000000000,0.000000000,AERIAL
4.652999878,0.531927884,0.000000000,0.000000000,0.000000000,AERIAL
4.653999805,0.530612230,0.000000000,0.000000000,0.000000000,AERIAL
4.655000210,0.529286802,0.000000000,0.000000000,0.000000000,AERIAL
4.656000137,0.527951717,0.000000000,0.000000000,0.000000000,AERIAL
4.657000065,0.526606858,0.000000000,0.000000000,0.000000000,AERIAL
4.657999992,0.525252283,0.000000000,0.000000000,0.000000000,AERIAL
4.658999920,0.523887932,0.000000000,0.000000000,0.000000000,AERIAL
4.659999847,0.522513926,0.000000000,0.000000000,0.000000000,AERIAL
4.660999775,0.521130145,0.000000000,0.000000000,0.000000000,AERIAL
4.662000179,0.519736707,0.000000000,0.000000000,0.000000000,AERIAL
4.663000107,0.518333495,0.000000000,0.000000000,0.000000000,AERIAL
4.664000034,0.516920567,0.000000000,0.000000000,0.000000000,AERIAL
4.664999962,0.515497923,0.000000000,0.000000000,0.000000000,AERIAL
4.665999889,0.514065623,0.000000000,0.000000000,0.000000000,AERIAL
4.666999817,0.512623549,0.000000000,0.000000000,0.000000000,AERIAL
4.668000221,0.511171758,0.000000000,0.000000000,0.000000000,AERIAL
4.669000149,0.509710312,0.000000000,0.000000000,0.000000000,AERIAL
4.670000076,0.508239090,0.000000000,0.000000000,0.000000000,AERIAL
4.671000004,0.506758213,0.000000000,0.000000000,0.000000000,AERIAL
4.671999931,0.505267620,0.000000000,0.000000000,0.000000000,AERIAL
4.672999859,0.503767312,0.000000000,0.000000000,0.000000000,AERIAL
4.673999786,0.502257288,0.000000000,0.000000000,0.000000000,AERIAL
4.675000191,0.500737548,0.000000000,0.000000000,0.000000000,AERIAL
4.676000118,0.499208152,0.000000000,0.000000000,0.000000000,AERIAL
4.677000046,0.497669041,0.000000000,0.000000000,0.000000000,AERIAL
4.677999973,0.496120244,0.000000000,0.000000000,0.000000000,AERIAL
4.678999901,0.494561732,0.000000000,0.000000000,0.000000000,AERIAL
4.679999828,0.492993534,0.000000000,0.000000000,0.000000000,AERIAL
4.681000233,0.491415650,0.000000000,0.000000000,0.000000000,AERIAL
4.682000160,0.489828080,0.000000000,0.000000000,0.000000000,AERIAL
4.683000088,0.488230824,0.000000000,0.000000000,0.000000000,AERIAL
4.684000015,0.486623853,0.000000000,0.000000000,0.000000000,AERIAL
4.684999943,0.485007226,0.000000000,0.000000000,0.000000000,AERIAL
4.685999870,0.483380884,0.000000000,0.000000000,0.000000000,AERIAL
4.686999798,0.481744885,0.000000000,0.000000000,0.000000000,AERIAL
4.688000202,0.480099201,0.000000000,0.000000000,0.000000000,AERIAL
4.689000130,0.478443831,0.000000000,0.000000000,0.000000000,AERIAL
4.690000057,0.476778805,0.000000000,0.000000000,0.000000000,AERIAL
4.690999985,0.475104064,0.000000000,0.000000000,0.000000000,AERIAL
4.691999912,0.473419666,0.000000000,0.000000000,0.000000000,AERIAL
4.692999840,0.471725613,0.000000000,0.000000000,0.000000000,AERIAL
4.693999767,0.470021844,0.000000000,0.000000000,0.000000000,AERIAL
4.695000172,0.468308449,0.000000000,0.000000000,0.000000000,AERIAL
4.696000099,0.466585338,0.000000000,0.000000000,0.000000000,AERIAL
4.697000027,0.464852601,0.000000000,0.000000000,0.000000000,AERIAL
4.697999954,0.463110179,0.000000000,0.000000000,0.000000000,AERIAL
4.698999882,0.461358070,0.000000000,0.000000000,0.000000000,AERIAL
4.699999809,0.459596306,0.000000000,0.000000000,0.000000000,AERIAL
4.701000214,0.457824886,0.000000000,0.000000000,0.000000000,AERIAL
4.702000141,0.456043810,0.000000000,0.000000000,0.000000000,AERIAL
4.703000069,0.454253048,0.000000000,0.000000000,0.000000000,AERIAL
4.703999996,0.452452660,0.000000000,0.000000000,0.000000000,AERIAL
4.704999924,0.450642586,0.000000000,0.000000000,0.000000000,AERIAL
4.705999851,0.448822856,0.000000000,0.000000000,0.000000000,AERIAL
4.706999779,0.446993470,0.000000000,0.000000000,0.000000000,AERIAL
4.708000183,0.445154428,0.000000000,0.000000000,0.000000000,AERIAL
4.709000111,0.443305731,0.000000000,0.000000000,0.000000000,AERIAL
4.710000038,0.441447377,0.000000000,0.000000000,0.000000000,AERIAL
4.710999966,0.439579368,0.000000000,0.000000000,0.000000000,AERIAL
4.711999893,0.437701702,0.000000000,0.000000000,0.000000000,AERIAL
4.712999821,0.435814381,0.000000000,0.000000000,0.000000000,AERIAL
4.714000225,0.433917403,0.000000000,0.000000000,0.000000000,AERIAL
4.715000153,0.432010800,0.000000000,0.000000000,0.000000000,AERIAL
4.716000080,0.430094540,0.000000000,0.000000000,0.000000000,AERIAL
4.717000008,0.428168595,0.000000000,0.000000000,0.000000000,AERIAL
4.717999935,0.426233023,0.000000000,0.000000000,0.000000000,AERIAL
4.718999863,0.424287826,0.000000000,0.000000000,0.000000000,AERIAL
4.719999790,0.422332942,0.000000000,0.000000000,0.000000000,AERIAL
4.721000195,0.420368433,0.000000000,0.000000000,0.000000000,AERIAL
4.722000122,0.418394268,0.000000000,0.000000000,0.000000000,AERIAL
4.723000050,0.416410476,0.000000000,0.000000000,0.000000000,AERIAL
4.723999977,0.414416999,0.000000000,0.000000000,0.000000000,AERIAL
4.724999905,0.412413925,0.000000000,0.000000000,0.000000000,AERIAL
4.725999832,0.410401165,0.000000000,0.000000000,0.000000000,AERIAL
4.727000237,0.408378780,0.000000000,0.000000000,0.000000000,AERIAL
4.728000164,0.406346738,0.000000000,0.000000000,0.000000000,AERIAL
4.729000092,0.404305041,0.000000000,0.000000000,0.000000000,AERIAL
4.730000019,0.402253717,0.000000000,0.000000000,0.000000000,AERIAL
4.730999947,0.400192767,0.000000000,0.000000000,0.000000000,AERIAL
4.731999874,0.398122132,0.000000000,0.000000000,0.000000000,AERIAL
4.732999802,0.396041900,0.000000000,0.000000000,0.000000000,AERIAL
4.734000206,0.393951982,0.000000000,0.000000000,0.000000000,AERIAL
4.735000134,0.391852438,0.000000000,0.000000000,0.000000000,AERIAL
4.736000061,0.389743268,0.000000000,0.000000000,0.000000000,AERIAL
4.736999989,0.387624443,0.000000000,0.000000000,0.000000000,AERIAL
4.737999916,0.385495961,0.000000000,0.000000000,0.000000000,AERIAL
4.738999844,0.383357853,0.000000000,0.000000000,0.000000000,AERIAL
4.739999771,0.381210089,0.000000000,0.000000000,0.000000000,AERIAL
4.741000175,0.379052699,0.000000000,0.000000000,0.000000000,AERIAL
4.742000103,0.376885682,0.000000000,0.000000000,0.000000000,AERIAL
4.743000031,0.374708980,0.000000000,-0.000000000,0.000000000,AERIAL
4.743999958,0.372522682,0.000000000,-0.000000000,0.000000000,AERIAL
4.744999886,0.370326698,0.000000000,-0.000000000,0.000000000,AERIAL
4.745999813,0.368121117,0.000000000,-0.000000000,0.000000000,AERIAL
4.747000217,0.365905851,0.000000000,-0.000000000,0.000000000,AERIAL
4.748000145,0.363680959,0.000000000,-0.000000000,0.000000000,AERIAL
4.749000072,0.361446440,0.000000000,-0.000000000,0.000000000,AERIAL
4.750000000,0.359202266,0.000000000,-0.000000000,0.000000000,AERIAL
4.750999928,0.356948465,0.000000000,-0.000000000,0.000000000,AERIAL
4.751999855,0.354685009,0.000000000,-0.000000000,0.000000000,AERIAL
4.752999783,0.352411896,0.000000000,-0.000000000,0.000000000,AERIAL
4.754000187,0.350129157,0.000000000,-0.000000000,0.000000000,AERIAL
4.755000114,0.347836792,0.000000000,-0.000000000,0.000000000,AERIAL
4.756000042,0.345534772,0.000000000,-0.000000000,0.000000000,AERIAL
4.756999969,0.343223095,0.000000000,-0.000000000,0.000000000,AERIAL
4.757999897,0.340901762,0.000000000,-0.000000000,0.000000000,AERIAL
4.758999825,0.338570803,0.000000000,-0.000000000,0.000000000,AERIAL
4.760000229,0.336230218,0.000000000,-0.000000000,0.000000000,AERIAL
4.761000156,0.333879977,0.000000000,-0.000000000,0.000000000,AERIAL
4.762000084,0.331520081,0.000000000,-0.000000000,0.000000000,AERIAL
4.763000011,0.329150558,0.000000000,-0.000000000,0.000000000,AERIAL
4.763999939,0.326771349,0.000000000,-0.000000000,0.000000000,AERIAL
4.764999866,0.324382544,0.000000000,-0.000000000,0.000000000,AERIAL
4.765999794,0.321984053,0.000000000,-0.000000000,0.000000000,AERIAL
4.767000198,0.319575936,0.000000000,-0.000000000,0.000000000,AERIAL
4.768000126,0.317158163,0.000000000,-0.000000000,0.000000000,AERIAL
4.769000053,0.314730763,0.000000000,-0.000000000,0.000000000,AERIAL
4.769999981,0.312293679,0.000000000,-0.000000000,0.000000000,AERIAL
4.770999908,0.309846967,0.000000000,-0.000000000,0.000000000,AERIAL
4.771999836,0.307390600,0.000000000,-0.000000000,0.000000000,AERIAL
4.772999763,0.304924577,0.000000000,-0.000000000,0.000000000,AERIAL
4.774000168,0.302448928,0.000000000,-0.000000000,0.000000000,AERIAL
4.775000095,0.299963593,0.000000000,-0.000000000,0.000000000,AERIAL
4.776000023,0.297468632,0.000000000,-0.000000000,0.000000000,AERIAL
4.776999950,0.294963986,0.000000000,-0.000000000,0.000000000,AERIAL
4.777999878,0.292449713,0.000000000,-0.000000000,0.000000000,AERIAL
4.778999805,0.289925784,0.000000000,-0.000000000,0.000000000,AERIAL
4.780000210,0.287392169,0.000000000,-0.000000000,0.000000000,AERIAL
4.781000137,0.284848928,0.000000000,-0.000000000,0.000000000,AERIAL
4.782000065,0.282296032,0.000000000,-0.000000000,0.000000000,AERIAL
4.782999992,0.279733449,0.000000000,-0.000000000,0.000000000,AERIAL
4.783999920,0.277161241,0.000000000,-0.000000000,0.000000000,AERIAL
4.784999847,0.274579346,0.000000000,-0.000000000,0.000000000,AERIAL
4.785999775,0.271987796,0.000000000,-0.000000000,0.000000000,AERIAL
4.787000179,0.269386590,0.000000000,-0.000000000,0.000000000,AERIAL
4.788000107,0.266775727,0.000000000,-0.000000000,0.000000000,AERIAL
4.789000034,0.264155179,0.000000000,-0.000000000,0.000000000,AERIAL
4.789999962,0.261524975,0.000000000,-0.000000000,0.000000000,AERIAL
4.790999889,0.258885086,0.000000000,-0.000000000,0.000000000,AERIAL
4.791999817,0.256235540,0.000000000,-0.000000000,0.000000000,AERIAL
4.793000221,0.253576308,0.000000000,-0.000000000,0.000000000,AERIAL
4.794000149,0.250907421,0.000000000,-0.000000000,0.000000000,AERIAL
4.795000076,0.248228833,0.000000000,-0.000000000,0.000000000,AERIAL
4.796000004,0.245540589,0.000000000,-0.000000000,0.000000000,AERIAL
4.796999931,0.242842659,0.000000000,-0.000000000,0.000000000,AERIAL
4.797999859,0.240135059,0.000000000,-0.000000000,0.000000000,AERIAL
4.798999786,0.237417787,0.000000000,-0.000000000,0.000000000,AERIAL
4.800000191,0.234690815,0.000000000,-0.000000000,0.000000000,AERIAL
4.801000118,0.231954172,0.000000000,-0.000000000,0.000000000,AERIAL
4.802000046,0.229207858,0.000000000,-0.000000000,0.000000000,AERIAL
4.802999973,0.226451844,0.000000000,-0.000000000,0.000000000,AERIAL
4.803999901,0.223686159,0.000000000,-0.000000000,0.000000000,AERIAL
4.804999828,0.220910788,0.000000000,-0.000000000,0.000000000,AERIAL
4.806000233,0.218125731,0.000000000,-0.000000000,0.000000000,AERIAL
4.807000160,0.215330973,0.000000000,-0.000000000,0.000000000,AERIAL
4.808000088,0.212526530,0.000000000,-0.000000000,0.000000000,AERIAL
4.809000015,0.209712401,0.000000000,-0.000000000,0.000000000,AERIAL
4.809999943,0.206888571,0.000000000,-0.000000000,0.000000000,AERIAL
4.810999870,0.204055056,0.000000000,-0.000000000,0.000000000,AERIAL
4.811999798,0.201211855,0.000000000,-0.000000000,0.000000000,AERIAL
4.813000202,0.198358938,0.000000000,-0.000000000,0.000000000,AERIAL
4.814000130,0.195496336,0.000000000,-0.000000000,0.000000000,AERIAL
4.815000057,0.192624032,0.000000000,-0.000000000,0.000000000,AERIAL
4.815999985,0.189742029,0.000000000,-0.000000000,0.000000000,AERIAL
4.816999912,0.186850309,0.000000000,-0.000000000,0.000000000,AERIAL
4.817999840,0.183948904,0.000000000,-0.000000000,0.000000000,AERIAL
4.818999767,0.181037784,0.000000000,-0.000000000,0.000000000,AERIAL
4.820000172,0.178116947,0.000000000,-0.000000000,0.000000000,AERIAL
4.821000099,0.175186411,0.000000000,-0.000000000,0.000000000,AERIAL
4.822000027,0.172246158,0.000000000,-0.000000000,0.000000000,AERIAL
4.822999954,0.169296190,0.000000000,-0.000000000,0.000000000,AERIAL
4.823999882,0.166336522,0.000000000,-0.000000000,0.000000000,AERIAL
4.824999809,0.163367137,0.000000000,-0.000000000,0.000000000,AERIAL
4.826000214,0.160388023,0.000000000,-0.000000000,0.000000000,AERIAL
4.827000141,0.157399207,0.000000000,-0.000000000,0.000000000,AERIAL
4.828000069,0.154400662,0.000000000,-0.000000000,0.000000000,AERIAL
4.828999996,0.151392400,0.000000000,-0.000000000,0.000000000,AERIAL
4.829999924,0.148374423,0.000000000,-0.000000000,0.000000000,AERIAL
4.830999851,0.145346716,0.000000000,-0.000000000,0.000000000,AERIAL
4.831999779,0.142309308,0.000000000,-0.000000000,0.000000000,AERIAL
4.833000183,0.139262155,0.000000000,-0.000000000,0.000000000,AERIAL
4.834000111,0.136205286,0.000000000,-0.000000000,0.000000000,AERIAL
4.835000038,0.133138701,0.000000000,-0.000000000,0.000000000,AERIAL
4.835999966,0.130062386,0.000000000,-0.000000000,0.000000000,AERIAL
4.836999893,0.126976356,0.000000000,-0.000000000,0.000000000,AERIAL
4.837999821,0.123880588,0.000000000,-0.000000000,0.000000000,AERIAL
4.839000225,0.120775104,0.000000000,-0.000000000,0.000000000,AERIAL
4.840000153,0.117659889,0.000000000,-0.000000000,0.000000000,AERIAL
4.841000080,0.114534952,0.000000000,-0.000000000,0.000000000,AERIAL
4.842000008,0.111400291,0.000000000,-0.000000000,0.000000000,AERIAL
4.842999935,0.108255900,0.000000000,-0.000000000,0.000000000,AERIAL
4.843999863,0.105101779,0.000000000,0.000000000,0.000000000,AERIAL
4.844999790,0.101937935,0.000000000,0.000000000,0.000000000,AERIAL
4.846000195,0.098764360,0.000000000,0.000000000,0.000000000,AERIAL
4.847000122,0.095581062,0.000000000,0.000000000,0.000000000,AERIAL
4.848000050,0.092388034,0.000000000,0.000000000,0.000000000,AERIAL
4.848999977,0.089185283,0.000000000,0.000000000,0.000000000,AERIAL
4.849999905,0.085972801,0.000000000,0.000000000,0.000000000,AERIAL
4.850999832,0.082750589,0.000000000,0.000000000,0.000000000,AERIAL
4.852000237,0.079518646,0.000000000,0.000000000,0.000000000,AERIAL
4.853000164,0.076276980,0.000000000,0.000000000,0.000000000,AERIAL
4.854000092,0.073025584,0.000000000,0.000000000,0.000000000,AERIAL
4.855000019,0.069764458,0.000000000,0.000000000,0.000000000,AERIAL
4.855999947,0.066493608,0.000000000,0.000000000,0.000000000,AERIAL
4.856999874,0.063213028,0.000000000,0.000000000,0.000000000,AERIAL
4.857999802,0.059922718,0.000000000,0.000000000,0.000000000,AERIAL
4.859000206,0.056622677,0.000000000,0.000000000,0.000000000,AERIAL
4.860000134,0.053312913,0.000000000,0.000000000,0.000000000,AERIAL
4.861000061,0.049993414,0.000000000,0.000000000,0.000000000,AERIAL
4.861999989,0.046664190,0.000000000,0.000000000,0.000000000,AERIAL
4.862999916,0.043325238,0.000000000,0.000000000,0.000000000,AERIAL
4.863999844,0.039976552,0.000000000,0.000000000,0.000000000,AERIAL
4.864999771,0.036618140,0.000000000,0.000000000,0.000000000,AERIAL
4.866000175,0.033250000,0.000000000,0.000000000,0.000000000,AERIAL
4.867000103,0.029872131,0.000000000,0.000000000,0.000000000,LANDING
4.868000031,0.026484530,0.000000000,0.000000000,0.000000000,LANDING
4.868999958,0.023087202,0.000000000,0.000000000,0.000000000,LANDING
4.869999886,0.019680144,0.000000000,0.000000000,0.000000000,LANDING
4.870999813,0.016263356,0.000000000,0.000000000,0.000000000,LANDING
4.872000217,0.012836840,0.000000000,0.000000000,0.000000000,LANDING
4.873000145,0.009400593,0.000000000,0.000000000,0.000000000,LANDING
4.874000072,0.005954617,0.000000000,0.000000000,0.000000000,LANDING
4.875000000,0.002498911,0.000000000,0.000000000,0.000000000,LANDING
4.875999928,0.002500501,-0.003516657,-3.516656876,4.481658459,SUPPORT
4.876999855,0.002502080,-0.006910017,-3.393360376,5.072103024,SUPPORT
4.877999783,0.002503650,-0.010162599,-3.252582312,5.638052464,SUPPORT
4.879000187,0.002505207,-0.013257643,-3.095043421,6.176589966,SUPPORT
4.880000114,0.002506750,-0.016179197,-2.921554327,6.684940338,SUPPORT
4.881000042,0.002508275,-0.018912205,-2.733008623,7.160483837,SUPPORT
4.881999969,0.002509781,-0.021442583,-2.530376911,7.600769520,SUPPORT
4.882999897,0.002511264,-0.023757286,-2.314702749,8.003527641,SUPPORT
4.883999825,0.002512723,-0.025844384,-2.087098837,8.366683006,SUPPORT
4.885000229,0.002514154,-0.027693123,-1.848737717,8.688363075,SUPPORT
4.886000156,0.002515557,-0.029293969,-1.600847483,8.966910362,SUPPORT
4.887000084,0.002516930,-0.030638676,-1.344705820,9.200889587,SUPPORT
4.888000011,0.002518271,-0.031720310,-1.081632972,9.389093399,SUPPORT
4.888999939,0.002519581,-0.032533295,-0.812985003,9.530552864,SUPPORT
4.889999866,0.002520858,-0.033073440,-0.540147185,9.624538422,SUPPORT
4.890999794,0.002522103,-0.033337966,-0.264526248,9.670566559,SUPPORT
4.892000198,0.002523317,-0.033325512,0.012456459,8.981994629,SUPPORT
4.893000126,0.002524509,-0.033056453,0.269057870,8.737662315,SUPPORT
4.894000053,0.002525677,-0.032538023,0.518430471,8.647456169,SUPPORT
4.894999981,0.002526820,-0.031772893,0.765128970,8.514323235,SUPPORT
4.895999908,0.002527940,-0.030765014,1.007879257,8.338952065,SUPPORT
4.896999836,0.002529039,-0.029519584,1.245429754,8.122247696,SUPPORT
4.897999763,0.002530120,-0.028043028,1.476555467,7.865326881,SUPPORT
4.899000168,0.002531184,-0.026342964,1.700065017,7.569515705,SUPPORT
4.900000095,0.002532233,-0.024428157,1.914806247,7.236339569,SUPPORT
4.901000023,0.002533271,-0.022308486,2.119672537,6.867516518,SUPPORT
4.901999950,0.002534299,-0.019994877,2.313608170,6.464948654,SUPPORT
4.902999878,0.002535320,-0.017499262,2.495614052,6.030711651,SUPPORT
4.903999805,0.002536336,-0.014834510,2.664752483,5.567044735,SUPPORT
4.905000210,0.002537348,-0.012014357,2.820152998,5.076338291,SUPPORT
4.906000137,0.002538359,-0.009053342,2.961015224,4.561121464,SUPPORT
4.907000065,0.002539370,-0.005966729,3.086613894,4.024050713,SUPPORT
4.907999992,0.002540382,-0.002770425,3.196303129,3.467894077,SUPPORT
4.908999920,0.002945361,0.000000000,2.770425081,0.000000000,TAKEOFF
4.909999847,0.006030412,0.000000000,-0.000000001,0.000000000,TAKEOFF
4.910999775,0.009106049,0.000000000,-0.000000003,0.000000000,TAKEOFF
4.912000179,0.012172272,0.000000000,-0.000000000,0.000000000,TAKEOFF
4.913000107,0.015229081,0.000000000,-0.000000000,0.000000000,TAKEOFF
4.914000034,0.018276474,0.000000000,-0.000000000,0.000000000,TAKEOFF
4.914999962,0.021314451,0.000000000,-0.000000000,0.000000000,TAKEOFF
4.915999889,0.024343016,0.000000000,-0.000000000,0.000000000,TAKEOFF
4.916999817,0.027362164,0.000000000,-0.000000000,0.000000000,TAKEOFF
4.918000221,0.030371897,0.000000000,-0.000000000,0.000000000,AERIAL
4.919000149,0.033372212,0.000000000,-0.000000000,0.000000000,AERIAL
4.920000076,0.036363114,0.000000000,-0.000000000,0.000000000,AERIAL
4.921000004,0.039344601,0.000000000,-0.000000000,0.000000000,AERIAL
4.921999931,0.042316671,0.000000000,-0.000000000,0.000000000,AERIAL
4.922999859,0.045279324,0.000000000,-0.000000000,0.000000000,AERIAL
4.923999786,0.048232563,0.000000000,-0.000000000,0.000000000,AERIAL
4.925000191,0.051176384,0.000000000,-0.000000000,0.000000000,AERIAL
4.926000118,0.054110788,0.000000000,-0.000000000,0.000000000,AERIAL
4.927000046,0.057035778,0.000000000,-0.000000000,0.000000000,AERIAL
4.927999973,0.059951346,0.000000000,-0.000000000,0.000000000,AERIAL
4.928999901,0.062857501,0.000000000,-0.000000000,0.000000000,AERIAL
4.929999828,0.065754242,0.000000000,-0.000000000,0.000000000,AERIAL
4.931000233,0.068641558,0.000000000,-0.000000000,0.000000000,AERIAL
4.932000160,0.071519464,0.000000000,-0.000000000,0.000000000,AERIAL
4.933000088,0.074387990,0.000000000,0.000000000,0.000000000,AERIAL
4.934000015,0.077247202,0.000000000,0.000000000,0.000000000,AERIAL
4.934999943,0.080097221,0.000000000,0.000000000,0.000000000,AERIAL
4.935999870,0.082938187,0.000000000,0.000000000,0.000000000,AERIAL
4.936999798,0.085770249,0.000000000,0.000000000,0.000000000,AERIAL
4.938000202,0.088593602,0.000000000,0.000000000,0.000000000,AERIAL
4.939000130,0.091408446,0.000000000,0.000000000,0.000000000,AERIAL
4.940000057,0.094214983,0.000000000,0.000000000,0.000000000,AERIAL
4.940999985,0.097013444,0.000000000,0.000000000,0.000000000,AERIAL
4.941999912,0.099804044,0.000000000,0.000000000,0.000000000,AERIAL
4.942999840,0.102587029,0.000000000,0.000000000,0.000000000,AERIAL
4.943999767,0.105362631,0.000000000,0.000000000,0.000000000,AERIAL
4.945000172,0.108131096,0.000000000,0.000000000,0.000000000,AERIAL
4.946000099,0.110892646,0.000000000,0.000000000,0.000000000,AERIAL
4.947000027,0.113647528,0.000000000,0.000000000,0.000000000,AERIAL
4.947999954,0.116395980,0.000000000,0.000000000,0.000000000,AERIAL
4.948999882,0.119138226,0.000000000,0.000000000,0.000000000,AERIAL
4.949999809,0.121874496,0.000000000,0.000000000,0.000000000,AERIAL
4.951000214,0.124605015,0.000000000,0.000000000,0.000000000,AERIAL
4.952000141,0.127330005,0.000000000,0.000000000,0.000000000,AERIAL
4.953000069,0.130049661,0.000000000,0.000000000,0.000000000,AERIAL
4.953999996,0.132764205,0.000000000,0.000000000,0.000000000,AERIAL
4.954999924,0.135473832,0.000000000,0.000000000,0.000000000,AERIAL
4.955999851,0.138178751,0.000000000,0.000000000,0.000000000,AERIAL
4.956999779,0.140879124,0.000000000,0.000000000,0.000000000,AERIAL
4.958000183,0.143575147,0.000000000,0.000000000,0.000000000,AERIAL
4.959000111,0.146266982,0.000000000,0.000000000,0.000000000,AERIAL
4.960000038,0.148954824,0.000000000,0.000000000,0.000000000,AERIAL
4.960999966,0.151638806,0.000000000,0.000000000,0.000000000,AERIAL
4.961999893,0.154319108,0.000000000,0.000000000,0.000000000,AERIAL
4.962999821,0.156995848,0.000000000,0.000000000,0.000000000,AERIAL
4.964000225,0.159669206,0.000000000,0.000000000,0.000000000,AERIAL
4.965000153,0.162339300,0.000000000,0.000000000,0.000000000,AERIAL
4.966000080,0.165006250,0.000000000,0.000000000,0.000000000,AERIAL
4.967000008,0.167670205,0.000000000,0.000000000,0.000000000,AERIAL
4.967999935,0.170331255,0.000000000,0.000000000,0.000000000,AERIAL
4.968999863,0.172989547,0.000000000,0.000000000,0.000000000,AERIAL
4.969999790,0.175645187,0.000000000,0.000000000,0.000000000,AERIAL
4.971000195,0.178298250,0.000000000,0.000000000,0.000000000,AERIAL
4.972000122,0.180948853,0.000000000,0.000000000,0.000000000,AERIAL
4.973000050,0.183597103,0.000000000,0.000000000,0.000000000,AERIAL
4.973999977,0.186243072,0.000000000,0.000000000,0.000000000,AERIAL
4.974999905,0.188886866,0.000000000,0.000000000,0.000000000,AERIAL
4.975999832,0.191528544,0.000000000,0.000000000,0.000000000,AERIAL
4.977000237,0.194168195,0.000000000,0.000000000,0.000000000,AERIAL
4.978000164,0.196805909,0.000000000,0.000000000,0.000000000,AERIAL
4.979000092,0.199441731,0.000000000,0.000000000,0.000000000,AERIAL
4.980000019,0.202075735,0.000000000,0.000000000,0.000000000,AERIAL
4.980999947,0.204708010,0.000000000,0.000000000,0.000000000,AERIAL
4.981999874,0.207338572,0.000000000,0.000000000,0.000000000,AERIAL
4.982999802,0.209967524,0.000000000,0.000000000,0.000000000,AERIAL
4.984000206,0.212594897,0.000000000,0.000000000,0.000000000,AERIAL
4.985000134,0.215220764,0.000000000,0.000000000,0.000000000,AERIAL
4.986000061,0.217845142,0.000000000,0.000000000,0.000000000,AERIAL
4.986999989,0.220468119,0.000000000,0.000000000,0.000000000,AERIAL
4.987999916,0.223089725,0.000000000,0.000000000,0.000000000,AERIAL
4.988999844,0.225710005,0.000000000,0.000000000,0.000000000,AERIAL
4.989999771,0.228328988,0.000000000,0.000000000,0.000000000,AERIAL
4.991000175,0.230946735,0.000000000,0.000000000,0.000000000,AERIAL
4.992000103,0.233563274,0.000000000,0.000000000,0.000000000,AERIAL
4.993000031,0.236178651,0.000000000,0.000000000,0.000000000,AERIAL
4.993999958,0.238792896,0.000000000,0.000000000,0.000000000,AERIAL
4.994999886,0.241406038,0.000000000,0.000000000,0.000000000,AERIAL
4.995999813,0.244018123,0.000000000,0.000000000,0.000000000,AERIAL
4.997000217,0.246629179,0.000000000,0.000000000,0.000000000,AERIAL
4.998000145,0.249239236,0.000000000,0.000000000,0.000000000,AERIAL
4.999000072,0.251848310,0.000000000,0.000000000,0.000000000,AERIAL
5.000000000,0.254456460,0.000000000,0.000000000,0.000000000,AERIAL
5.000999928,0.257063687,0.000000000,0.000000000,0.000000000,AERIAL
5.001999855,0.259670019,0.000000000,0.000000000,0.000000000,AERIAL
5.002999783,0.262275487,0.000000000,0.000000000,0.000000000,AERIAL
5.004000187,0.264880121,0.000000000,0.000000000,0.000000000,AERIAL
5.005000114,0.267483950,0.000000000,0.000000000,0.000000000,AERIAL
5.006000042,0.270086586,0.000000000,-0.000000000,0.000000000,AERIAL
5.006999969,0.272687703,0.000000000,-0.000000000,0.000000000,AERIAL
5.007999897,0.275287002,0.000000000,-0.000000000,0.000000000,AERIAL
5.008999825,0.277884126,0.000000000,-0.000000000,0.000000000,AERIAL
5.010000229,0.280478776,0.000000000,-0.000000000,0.000000000,AERIAL
5.011000156,0.283070713,0.000000000,-0.000000000,0.000000000,AERIAL
5.012000084,0.285659641,0.000000000,-0.000000000,0.000000000,AERIAL
5.013000011,0.288245291,0.000000000,-0.000000000,0.000000000,AERIAL
5.013999939,0.290827423,0.000000000,-0.000000000,0.000000000,AERIAL
5.014999866,0.293405801,0.000000000,-0.000000000,0.000000000,AERIAL
5.015999794,0.295980185,0.000000000,-0.000000000,0.000000000,AERIAL
5.017000198,0.298550367,0.000000000,-0.000000000,0.000000000,AERIAL
5.018000126,0.301116139,0.000000000,-0.000000000,0.000000000,AERIAL
5.019000053,0.303677320,0.000000000,-0.000000000,0.000000000,AERIAL
5.019999981,0.306233674,0.000000000,-0.000000000,0.000000000,AERIAL
5.020999908,0.308785081,0.000000000,-0.000000000,0.000000000,AERIAL
5.021999836,0.311331332,0.000000000,-0.000000000,0.000000000,AERIAL
5.022999763,0.313872248,0.000000000,-0.000000000,0.000000000,AERIAL
5.024000168,0.316407681,0.000000000,-0.000000000,0.000000000,AERIAL
5.025000095,0.318937480,0.000000000,-0.000000000,0.000000000,AERIAL
5.026000023,0.321461469,0.000000000,-0.000000000,0.000000000,AERIAL
5.026999950,0.323979557,0.000000000,-0.000000000,0.000000000,AERIAL
5.027999878,0.326491535,0.000000000,-0.000000000,0.000000000,AERIAL
5.028999805,0.328997314,0.000000000,-0.000000000,0.000000000,AERIAL
5.030000210,0.331496775,0.000000000,-0.000000000,0.000000000,AERIAL
5.031000137,0.333989799,0.000000000,-0.000000000,0.000000000,AERIAL
5.032000065,0.336476266,0.000000000,-0.000000000,0.000000000,AERIAL
5.032999992,0.338956088,0.000000000,-0.000000000,0.000000000,AERIAL
5.033999920,0.341429085,0.000000000,-0.000000000,0.000000000,AERIAL
5.034999847,0.343895167,0.000000000,-0.000000000,0.000000000,AERIAL
5.035999775,0.346354276,0.000000000,-0.000000000,0.000000000,AERIAL
5.037000179,0.348806232,0.000000000,-0.000000000,0.000000000,AERIAL
5.038000107,0.351251006,0.000000000,-0.000000000,0.000000000,AERIAL
5.039000034,0.353688478,0.000000000,-0.000000000,0.000000000,AERIAL
5.039999962,0.356118560,0.000000000,-0.000000000,0.000000000,AERIAL
5.040999889,0.358541191,0.000000000,-0.000000000,0.000000000,AERIAL
5.041999817,0.360956252,0.000000000,-0.000000000,0.000000000,AERIAL
5.043000221,0.363363713,0.000000000,-0.000000000,0.000000000,AERIAL
5.044000149,0.365763456,0.000000000,-0.000000000,0.000000000,AERIAL
5.045000076,0.368155450,0.000000000,-0.000000000,0.000000000,AERIAL
5.046000004,0.370539635,0.000000000,-0.000000000,0.000000000,AERIAL
5.046999931,0.372915953,0.000000000,-0.000000000,0.000000000,AERIAL
5.047999859,0.375284314,0.000000000,-0.000000000,0.000000000,AERIAL
5.048999786,0.377644688,0.000000000,-0.000000000,0.000000000,AERIAL
5.050000191,0.379997015,0.000000000,-0.000000000,0.000000000,AERIAL
5.051000118,0.382341236,0.000000000,-0.000000000,0.000000000,AERIAL
5.052000046,0.384677321,0.000000000,-0.000000000,0.000000000,AERIAL
5.052999973,0.387005210,0.000000000,-0.000000000,0.000000000,AERIAL
5.053999901,0.389324874,0.000000000,-0.000000000,0.000000000,AERIAL
5.054999828,0.391636282,0.000000000,-0.000000000,0.000000000,AERIAL
5.056000233,0.393939376,0.000000000,-0.000000000,0.000000000,AERIAL
5.057000160,0.396234155,0.000000000,-0.000000000,0.000000000,AERIAL
5.058000088,0.398520589,0.000000000,-0.000000000,0.000000000,AERIAL
5.059000015,0.400798619,0.000000000,-0.000000000,0.000000000,AERIAL
5.059999943,0.403068215,0.000000000,-0.000000000,0.000000000,AERIAL
5.060999870,0.405329376,0.000000000,-0.000000000,0.000000000,AERIAL
5.061999798,0.407582074,0.000000000,-0.000000000,0.000000000,AERIAL
5.063000202,0.409826249,0.000000000,-0.000000000,0.000000000,AERIAL
5.064000130,0.412061930,0.000000000,-0.000000000,0.000000000,AERIAL
5.065000057,0.414289057,0.000000000,-0.000000000,0.000000000,AERIAL
5.065999985,0.416507661,0.000000000,-0.000000000,0.000000000,AERIAL
5.066999912,0.418717682,0.000000000,-0.000000000,0.000000000,AERIAL
5.067999840,0.420919120,0.000000000,-0.000000000,0.000000000,AERIAL
5.068999767,0.423111975,0.000000000,-0.000000000,0.000000000,AERIAL
5.070000172,0.425296217,0.000000000,-0.000000000,0.000000000,AERIAL
5.071000099,0.427471817,0.000000000,-0.000000000,0.000000000,AERIAL
5.072000027,0.429638803,0.000000000,-0.000000000,0.000000000,AERIAL
5.072999954,0.431797117,0.000000000,-0.000000000,0.000000000,AERIAL
5.073999882,0.433946759,0.000000000,-0.000000000,0.000000000,AERIAL
5.074999809,0.436087728,0.000000000,-0.000000000,0.000000000,AERIAL
5.076000214,0.438220054,0.000000000,-0.000000000,0.000000000,AERIAL
5.077000141,0.440343678,0.000000000,-0.000000000,0.000000000,AERIAL
5.078000069,0.442458600,0.000000000,-0.000000000,0.000000000,AERIAL
5.078999996,0.444564819,0.000000000,-0.000000000,0.000000000,AERIAL
5.079999924,0.446662337,0.000000000,-0.000000000,0.000000000,AERIAL
5.080999851,0.448751122,0.000000000,-0.000000000,0.000000000,AERIAL
5.081999779,0.450831175,0.000000000,-0.000000000,0.000000000,AERIAL
5.083000183,0.452902496,0.000000000,-0.000000000,0.000000000,AERIAL
5.084000111,0.454965085,0.000000000,-0.000000000,0.000000000,AERIAL
5.085000038,0.457018912,0.000000000,-0.000000000,0.000000000,AERIAL
5.085999966,0.459064007,0.000000000,-0.000000000,0.000000000,AERIAL
5.086999893,0.461100340,0.000000000,-0.000000000,0.000000000,AERIAL
5.087999821,0.463127881,0.000000000,-0.000000000,0.000000000,AERIAL
5.089000225,0.465146691,0.000000000,-0.000000000,0.000000000,AERIAL
5.090000153,0.467156708,0.000000000,-0.000000000,0.000000000,AERIAL
5.091000080,0.469157934,0.000000000,-0.000000000,0.000000000,AERIAL
5.092000008,0.471150368,0.000000000,-0.000000000,0.000000000,AERIAL
5.092999935,0.473134011,0.000000000,-0.000000000,0.000000000,AERIAL
5.093999863,0.475108862,0.000000000,-0.000000000,0.000000000,AERIAL
5.094999790,0.477074891,0.000000000,-0.000000000,0.000000000,AERIAL
5.096000195,0.479032129,0.000000000,-0.000000000,0.000000000,AERIAL
5.097000122,0.480980515,0.000000000,-0.000000000,0.000000000,AERIAL
5.098000050,0.482920080,0.000000000,-0.000000000,0.000000000,AERIAL
5.098999977,0.484850824,0.000000000,-0.000000000,0.000000000,AERIAL
5.099999905,0.486772746,0.000000000,-0.000000000,0.000000000,AERIAL
5.100999832,0.488685787,0.000000000,-0.000000000,0.000000000,AERIAL
5.102000237,0.490590006,0.000000000,-0.000000000,0.000000000,AERIAL
5.103000164,0.492485374,0.000000000,-0.000000000,0.000000000,AERIAL
5.104000092,0.494371861,0.000000000,-0.000000000,0.000000000,AERIAL
5.105000019,0.496249467,0.000000000,-0.000000000,0.000000000,AERIAL
5.105999947,0.498118222,0.000000000,-0.000000000,0.000000000,AERIAL
5.106999874,0.499978065,0.000000000,-0.000000000,0.000000000,AERIAL
5.107999802,0.501829028,0.000000000,-0.000000000,0.000000000,AERIAL
5.109000206,0.503671110,0.000000000,-0.000000000,0.000000000,AERIAL
5.110000134,0.505504251,0.000000000,-0.000000000,0.000000000,AERIAL
5.111000061,0.507328451,0.000000000,-0.000000000,0.000000000,AERIAL
5.111999989,0.509143829,0.000000000,-0.000000000,0.000000000,AERIAL
5.112999916,0.510950208,0.000000000,-0.000000000,0.000000000,AERIAL
5.113999844,0.512747645,0.000000000,-0.000000000,0.000000000,AERIAL
5.114999771,0.514536202,0.000000000,-0.000000000,0.000000000,AERIAL
5.116000175,0.516315758,0.000000000,-0.000000000,0.000000000,AERIAL
5.117000103,0.518086374,0.000000000,-0.000000000,0.000000000,AERIAL
5.118000031,0.519847989,0.000000000,-0.000000000,0.000000000,AERIAL
5.118999958,0.521600664,0.000000000,-0.000000000,0.000000000,AERIAL
5.119999886,0.523344398,0.000000000,-0.000000000,0.000000000,AERIAL
5.120999813,0.525079072,0.000000000,-0.000000000,0.000000000,AERIAL
5.122000217,0.526804805,0.000000000,-0.000000000,0.000000000,AERIAL
5.123000145,0.528521538,0.000000000,-0.000000000,0.000000000,AERIAL
5.124000072,0.530229211,0.000000000,-0.000000000,0.000000000,AERIAL
5.125000000,0.531927943,0.000000000,-0.000000000,0.000000000,AERIAL
5.125999928,0.533617556,0.000000000,-0.000000000,0.000000000,AERIAL
5.126999855,0.535298228,0.000000000,-0.000000000,0.000000000,AERIAL
5.127999783,0.536969841,0.000000000,-0.000000000,0.000000000,AERIAL
5.129000187,0.538632393,0.000000000,-0.000000000,0.000000000,AERIAL
5.130000114,0.540285885,0.000000000,-0.000000000,0.000000000,AERIAL
5.131000042,0.541930318,0.000000000,-0.000000000,0.000000000,AERIAL
5.131999969,0.543565750,0.000000000,-0.000000000,0.000000000,AERIAL
5.132999897,0.545192063,0.000000000,-0.000000000,0.000000000,AERIAL
5.133999825,0.546809316,0.000000000,-0.000000000,0.000000000,AERIAL
5.135000229,0.548417449,0.000000000,-0.000000000,0.000000000,AERIAL
5.136000156,0.550016522,0.000000000,-0.000000000,0.000000000,AERIAL
5.137000084,0.551606476,0.000000000,-0.000000000,0.000000000,AERIAL
5.138000011,0.553187311,0.000000000,-0.000000000,0.000000000,AERIAL
5.138999939,0.554759085,0.000000000,-0.000000000,0.000000000,AERIAL
5.139999866,0.556321740,0.000000000,-0.000000000,0.000000000,AERIAL
5.140999794,0.557875216,0.000000000,-0.000000000,0.000000000,AERIAL
5.142000198,0.559419572,0.000000000,-0.000000000,0.000000000,AERIAL
5.143000126,0.560954809,0.000000000,-0.000000000,0.000000000,AERIAL
5.144000053,0.562480927,0.000000000,-0.000000000,0.000000000,AERIAL
5.144999981,0.563997865,0.000000000,-0.000000000,0.000000000,AERIAL
5.145999908,0.565505683,0.000000000,-0.000000000,0.000000000,AERIAL
5.146999836,0.567004263,0.000000000,-0.000000000,0.000000000,AERIAL
5.147999763,0.568493724,0.000000000,-0.000000000,0.000000000,AERIAL
5.149000168,0.569974005,0.000000000,-0.000000000,0.000000000,AERIAL
5.150000095,0.571445107,0.000000000,-0.000000000,0.000000000,AERIAL
5.151000023,0.572906971,0.000000000,-0.000000000,0.000000000,AERIAL
5.151999950,0.574359655,0.000000000,-0.000000000,0.000000000,AERIAL
5.152999878,0.575803161,0.000000000,-0.000000000,0.000000000,AERIAL
5.153999805,0.577237427,0.000000000,-0.000000000,0.000000000,AERIAL
5.155000210,0.578662515,0.000000000,-0.000000000,0.000000000,AERIAL
5.156000137,0.580078363,0.000000000,-0.000000000,0.000000000,AERIAL
5.157000065,0.581484914,0.000000000,-0.000000000,0.000000000,AERIAL
5.157999992,0.582882285,0.000000000,-0.000000000,0.000000000,AERIAL
5.158999920,0.584270418,0.000000000,-0.000000000,0.000000000,AERIAL
5.159999847,0.585649252,0.000000000,-0.000000000,0.000000000,AERIAL
5.160999775,0.587018847,0.000000000,-0.000000000,0.000000000,AERIAL
5.162000179,0.588379204,0.000000000,-0.000000000,0.000000000,AERIAL
5.163000107,0.589730263,0.000000000,-0.000000000,0.000000000,AERIAL
5.164000034,0.591072023,0.000000000,-0.000000000,0.000000000,AERIAL
5.164999962,0.592404544,0.000000000,-0.000000000,0.000000000,AERIAL
5.165999889,0.593727708,0.000000000,-0.000000000,0.000000000,AERIAL
5.166999817,0.595041633,0.000000000,-0.000000000,0.000000000,AERIAL
5.168000221,0.596346200,0.000000000,-0.000000000,0.000000000,AERIAL
5.169000149,0.597641408,0.000000000,-0.000000000,0.000000000,AERIAL
5.170000076,0.598927379,0.000000000,-0.000000000,0.000000000,AERIAL
5.171000004,0.600203931,0.000000000,-0.000000000,0.000000000,AERIAL
5.171999931,0.601471186,0.000000000,-0.000000000,0.000000000,AERIAL
5.172999859,0.602729082,0.000000000,-0.000000000,0.000000000,AERIAL
5.173999786,0.603977680,0.000000000,-0.000000000,0.000000000,AERIAL
5.175000191,0.605216861,0.000000000,-0.000000000,0.000000000,AERIAL
5.176000118,0.606446624,0.000000000,-0.000000000,0.000000000,AERIAL
5.177000046,0.607667089,0.000000000,-0.000000000,0.000000000,AERIAL
5.177999973,0.608878076,0.000000000,-0.000000000,0.000000000,AERIAL
5.178999901,0.610079706,0.000000000,-0.000000000,0.000000000,AERIAL
5.179999828,0.611271977,0.000000000,-0.000000000,0.000000000,AERIAL
5.181000233,0.612454772,0.000000000,-0.000000000,0.000000000,AERIAL
5.182000160,0.613628149,0.000000000,-0.000000000,0.000000000,AERIAL
5.183000088,0.614792109,0.000000000,-0.000000000,0.000000000,AERIAL
5.184000015,0.615946651,0.000000000,-0.000000000,0.000000000,AERIAL
5.184999943,0.617091715,0.000000000,-0.000000000,0.000000000,AERIAL
5.185999870,0.618227303,0.000000000,-0.000000000,0.000000000,AERIAL
5.186999798,0.619353473,0.000000000,-0.000000000,0.000000000,AERIAL
5.188000202,0.620470107,0.000000000,-0.000000000,0.000000000,AERIAL
5.189000130,0.621577263,0.000000000,-0.000000000,0.000000000,AERIAL
5.190000057,0.622674942,0.000000000,-0.000000000,0.000000000,AERIAL
5.190999985,0.623763084,0.000000000,-0.000000000,0.000000000,AERIAL
5.191999912,0.624841750,0.000000000,-0.000000000,0.000000000,AERIAL
5.192999840,0.625910878,0.000000000,-0.000000000,0.000000000,AERIAL
5.193999767,0.626970470,0.000000000,-0.000000000,0.000000000,AERIAL
5.195000172,0.628020525,0.000000000,-0.000000000,0.000000000,AERIAL
5.196000099,0.629060984,0.000000000,-0.000000000,0.000000000,AERIAL
5.197000027,0.630091906,0.000000000,-0.000000000,0.000000000,AERIAL
5.197999954,0.631113291,0.000000000,-0.000000000,0.000000000,AERIAL
5.198999882,0.632125080,0.000000000,-0.000000000,0.000000000,AERIAL
5.199999809,0.633127332,0.000000000,-0.000000000,0.000000000,AERIAL
5.201000214,0.634119928,0.000000000,-0.000000000,0.000000000,AERIAL
5.202000141,0.635102987,0.000000000,-0.000000000,0.000000000,AERIAL
5.203000069,0.636076450,0.000000000,-0.000000000,0.000000000,AERIAL
5.203999996,0.637040257,0.000000000,-0.000000000,0.000000000,AERIAL
5.204999924,0.637994528,0.000000000,-0.000000000,0.000000000,AERIAL
5.205999851,0.638939142,0.000000000,-0.000000000,0.000000000,AERIAL
5.206999779,0.639874160,0.000000000,-0.000000000,0.000000000,AERIAL
5.208000183,0.640799582,0.000000000,-0.000000000,0.000000000,AERIAL
5.209000111,0.641715348,0.000000000,-0.000000000,0.000000000,AERIAL
5.210000038,0.642621577,0.000000000,-0.000000000,0.000000000,AERIAL
5.210999966,0.643518090,0.000000000,-0.000000000,0.000000000,AERIAL
5.211999893,0.644405067,0.000000000,-0.000000000,0.000000000,AERIAL
5.212999821,0.645282388,0.000000000,-0.000000000,0.000000000,AERIAL
5.214000225,0.646150112,0.000000000,-0.000000000,0.000000000,AERIAL
5.215000153,0.647008181,0.000000000,-0.000000000,0.000000000,AERIAL
5.216000080,0.647856653,0.000000000,0.000000000,0.000000000,AERIAL
5.217000008,0.648695529,0.000000000,0.000000000,0.000000000,AERIAL
5.217999935,0.649524808,0.000000000,0.000000000,0.000000000,AERIAL
5.218999863,0.650344431,0.000000000,0.000000000,0.000000000,AERIAL
5.219999790,0.651154399,0.000000000,0.000000000,0.000000000,AERIAL
5.221000195,0.651954830,0.000000000,0.000000000,0.000000000,AERIAL
5.222000122,0.652745605,0.000000000,0.000000000,0.000000000,AERIAL
5.223000050,0.653526783,0.000000000,0.000000000,0.000000000,AERIAL
5.223999977,0.654298365,0.000000000,0.000000000,0.000000000,AERIAL
5.224999905,0.655060291,0.000000000,0.000000000,0.000000000,AERIAL
5.225999832,0.655812681,0.000000000,0.000000000,0.000000000,AERIAL
5.227000237,0.656555414,0.000000000,0.000000000,0.000000000,AERIAL
5.228000164,0.657288551,0.000000000,0.000000000,0.000000000,AERIAL
5.229000092,0.658012092,0.000000000,0.000000000,0.000000000,AERIAL
5.230000019,0.658726037,0.000000000,0.000000000,0.000000000,AERIAL
5.230999947,0.659430385,0.000000000,0.000000000,0.000000000,AERIAL
5.231999874,0.660125196,0.000000000,0.000000000,0.000000000,AERIAL
5.232999802,0.660810351,0.000000000,0.000000000,0.000000000,AERIAL
5.234000206,0.661485910,0.000000000,0.000000000,0.000000000,AERIAL
5.235000134,0.662151933,0.000000000,0.000000000,0.000000000,AERIAL
5.236000061,0.662808359,0.000000000,0.000000000,0.000000000,AERIAL
5.236999989,0.663455188,0.000000000,0.000000000,0.000000000,AERIAL
5.237999916,0.664092422,0.000000000,0.000000000,0.000000000,AERIAL
5.238999844,0.664720118,0.000000000,0.000000000,0.000000000,AERIAL
5.239999771,0.665338218,0.000000000,0.000000000,0.000000000,AERIAL
5.241000175,0.665946782,0.000000000,0.000000000,0.000000000,AERIAL
5.242000103,0.666545749,0.000000000,0.000000000,0.000000000,AERIAL
5.243000031,0.667135119,0.000000000,0.000000000,0.000000000,AERIAL
5.243999958,0.667714953,0.000000000,0.000000000,0.000000000,AERIAL
5.244999886,0.668285251,0.000000000,0.000000000,0.000000000,AERIAL
5.245999813,0.668845952,0.000000000,0.000000000,0.000000000,AERIAL
5.247000217,0.669397116,0.000000000,0.000000000,0.000000000,AERIAL
5.248000145,0.669938684,0.000000000,0.000000000,0.000000000,AERIAL
5.249000072,0.670470774,0.000000000,0.000000000,0.000000000,AERIAL
5.250000000,0.670993209,0.000000000,0.000000000,0.000000000,AERIAL
5.250999928,0.671506166,0.000000000,0.000000000,0.000000000,AERIAL
5.251999855,0.672009528,0.000000000,0.000000000,0.000000000,AERIAL
5.252999783,0.672503352,0.000000000,0.000000000,0.000000000,AERIAL
5.254000187,0.672987640,0.000000000,0.000000000,0.000000000,AERIAL
5.255000114,0.673462391,0.000000000,0.000000000,0.000000000,AERIAL
5.256000042,0.673927546,0.000000000,0.000000000,0.000000000,AERIAL
5.256999969,0.674383223,0.000000000,0.000000000,0.000000000,AERIAL
5.257999897,0.674829304,0.000000000,0.000000000,0.000000000,AERIAL
5.258999825,0.675265849,0.000000000,0.000000000,0.000000000,AERIAL
5.260000229,0.675692856,0.000000000,0.000000000,0.000000000,AERIAL
5.261000156,0.676110327,0.000000000,0.000000000,0.000000000,AERIAL
5.262000084,0.676518261,0.000000000,0.000000000,0.000000000,AERIAL
5.263000011,0.676916599,0.000000000,0.000000000,0.000000000,AERIAL
5.263999939,0.677305460,0.000000000,0.000000000,0.000000000,AERIAL
5.264999866,0.677684784,0.000000000,0.000000000,0.000000000,AERIAL
5.265999794,0.678054512,0.000000000,0.000000000,0.000000000,AERIAL
5.267000198,0.678414702,0.000000000,0.000000000,0.000000000,AERIAL
5.268000126,0.678765416,0.000000000,0.000000000,0.000000000,AERIAL
5.269000053,0.679106534,0.000000000,0.000000000,0.000000000,AERIAL
5.269999981,0.679438114,0.000000000,0.000000000,0.000000000,AERIAL
5.270999908,0.679760158,0.000000000,0.000000000,0.000000000,AERIAL
5.271999836,0.680072665,0.000000000,0.000000000,0.000000000,AERIAL
5.272999763,0.680375636,0.000000000,-0.000000000,0.000000000,AERIAL
5.274000168,0.680669010,0.000000000,-0.000000000,0.000000000,AERIAL
5.275000095,0.680952907,0.000000000,-0.000000000,0.000000000,AERIAL
5.276000023,0.681227207,0.000000000,-0.000000000,0.000000000,AERIAL
5.276999950,0.681492031,0.000000000,-0.000000000,0.000000000,AERIAL
5.277999878,0.681747258,0.000000000,-0.000000000,0.000000000,AERIAL
5.278999805,0.681992948,0.000000000,-0.000000000,0.000000000,AERIAL
5.280000210,0.682229042,0.000000000,-0.000000000,0.000000000,AERIAL
5.281000137,0.682455659,0.000000000,-0.000000000,0.000000000,AERIAL
5.282000065,0.682672679,0.000000000,-0.000000000,0.000000000,AERIAL
5.282999992,0.682880163,0.000000000,-0.000000000,0.000000000,AERIAL
5.283999920,0.683078051,0.000000000,-0.000000000,0.000000000,AERIAL
5.284999847,0.683266461,0.000000000,-0.000000000,0.000000000,AERIAL
5.285999775,0.683445275,0.000000000,-0.000000000,0.000000000,AERIAL
5.287000179,0.683614552,0.000000000,-0.000000000,0.000000000,AERIAL
5.288000107,0.683774233,0.000000000,-0.000000000,0.000000000,AERIAL
5.289000034,0.683924377,0.000000000,-0.000000000,0.000000000,AERIAL
5.289999962,0.684064984,0.000000000,-0.000000000,0.000000000,AERIAL
5.290999889,0.684195995,0.000000000,-0.000000000,0.000000000,AERIAL
5.291999817,0.684317470,0.000000000,-0.000000000,0.000000000,AERIAL
5.293000221,0.684429348,0.000000000,-0.000000000,0.000000000,AERIAL
5.294000149,0.684531689,0.000000000,-0.000000000,0.000000000,AERIAL
5.295000076,0.684624434,0.000000000,-0.000000000,0.000000000,AERIAL
5.296000004,0.684707642,0.000000000,-0.000000000,0.000000000,AERIAL
5.296999931,0.684781253,0.000000000,-0.000000000,0.000000000,AERIAL
5.297999859,0.684845328,0.000000000,-0.000000000,0.000000000,AERIAL
5.298999786,0.684899807,0.000000000,-0.000000000,0.000000000,AERIAL
5.300000191,0.684944689,0.000000000,-0.000000000,0.000000000,AERIAL
5.301000118,0.684980035,0.000000000,-0.000000000,0.000000000,AERIAL
5.302000046,0.685005724,0.000000000,-0.000000000,0.000000000,AERIAL
5.302999973,0.685021937,0.000000000,-0.000000000,0.000000000,AERIAL
5.303999901,0.685028493,0.000000000,-0.000000000,0.000000000,AERIAL
5.304999828,0.685025513,0.000000000,-0.000000000,0.000000000,AERIAL
5.306000233,0.685012877,0.000000000,-0.000000000,0.000000000,AERIAL
5.307000160,0.684990704,0.000000000,-0.000000000,0.000000000,AERIAL
5.308000088,0.684958935,0.000000000,-0.000000000,0.000000000,AERIAL
5.309000015,0.684917569,0.000000000,-0.000000000,0.000000000,AERIAL
5.309999943,0.684866607,0.000000000,-0.000000000,0.000000000,AERIAL
5.310999870,0.684806049,0.000000000,-0.000000000,0.000000000,AERIAL
5.311999798,0.684735894,0.000000000,-0.000000000,0.000000000,AERIAL
5.313000202,0.684656143,0.000000000,-0.000000000,0.000000000,AERIAL
5.314000130,0.684566736,0.000000000,-0.000000000,0.000000000,AERIAL
5.315000057,0.684467793,0.000000000,-0.000000000,0.000000000,AERIAL
5.315999985,0.684359193,0.000000000,-0.000000000,0.000000000,AERIAL
5.316999912,0.684240997,0.000000000,-0.000000000,0.000000000,AERIAL
5.317999840,0.684113204,0.000000000,-0.000000000,0.000000000,AERIAL
5.318999767,0.683975756,0.000000000,-0.000000000,0.000000000,AERIAL
5.320000172,0.683828712,0.000000000,-0.000000000,0.000000000,AERIAL
5.321000099,0.683672011,0.000000000,-0.000000000,0.000000000,AERIAL
5.322000027,0.683505714,0.000000000,-0.000000000,0.000000000,AERIAL
5.322999954,0.683329821,0.000000000,-0.000000000,0.000000000,AERIAL
5.323999882,0.683144271,0.000000000,-0.000000000,0.000000000,AERIAL
5.324999809,0.682949066,0.000000000,-0.000000000,0.000000000,AERIAL
5.326000214,0.682744265,0.000000000,-0.000000000,0.000000000,AERIAL
5.327000141,0.682529807,0.000000000,-0.000000000,0.000000000,AERIAL
5.328000069,0.682305694,0.000000000,-0.000000000,0.000000000,AERIAL
5.328999996,0.682071924,0.000000000,-0.000000000,0.000000000,AERIAL
5.329999924,0.681828499,0.000000000,-0.000000000,0.000000000,AERIAL
5.330999851,0.681575477,0.000000000,-0.000000000,0.000000000,AERIAL
5.331999779,0.681312740,0.000000000,-0.000000000,0.000000000,AERIAL
5.333000183,0.681040406,0.000000000,-0.000000000,0.000000000,AERIAL
5.334000111,0.680758357,0.000000000,-0.000000000,0.000000000,AERIAL
5.335000038,0.680466712,0.000000000,-0.000000000,0.000000000,AERIAL
5.335999966,0.680165350,0.000000000,-0.000000000,0.000000000,AERIAL
5.336999893,0.679854274,0.000000000,-0.000000000,0.000000000,AERIAL
5.337999821,0.679533601,0.000000000,-0.000000000,0.000000000,AERIAL
5.339000225,0.679203212,0.000000000,-0.000000000,0.000000000,AERIAL
5.340000153,0.678863168,0.000000000,-0.000000000,0.000000000,AERIAL
5.341000080,0.678513408,0.000000000,-0.000000000,0.000000000,AERIAL
5.342000008,0.678153992,0.000000000,-0.000000000,0.000000000,AERIAL
5.342999935,0.677784860,0.000000000,-0.000000000,0.000000000,AERIAL
5.343999863,0.677406073,0.000000000,-0.000000000,0.000000000,AERIAL
5.344999790,0.677017510,0.000000000,-0.000000000,0.000000000,AERIAL
5.346000195,0.676619291,0.000000000,-0.000000000,0.000000000,AERIAL
5.347000122,0.676211357,0.000000000,-0.000000000,0.000000000,AERIAL
5.348000050,0.675793767,0.000000000,-0.000000000,0.000000000,AERIAL
5.348999977,0.675366402,0.000000000,-0.000000000,0.000000000,AERIAL
5.349999905,0.674929321,0.000000000,-0.000000000,0.000000000,AERIAL
5.350999832,0.674482524,0.000000000,-0.000000000,0.000000000,AERIAL
5.352000237,0.674026012,0.000000000,-0.000000000,0.000000000,AERIAL
5.353000164,0.673559725,0.000000000,-0.000000000,0.000000000,AERIAL
5.354000092,0.673083782,0.000000000,-0.000000000,0.000000000,AERIAL
5.355000019,0.672598064,0.000000000,-0.000000000,0.000000000,AERIAL
5.355999947,0.672102630,0.000000000,-0.000000000,0.000000000,AERIAL
5.356999874,0.671597421,0.000000000,-0.000000000,0.000000000,AERIAL
5.357999802,0.671082497,0.000000000,-0.000000000,0.000000000,AERIAL
5.359000206,0.670557857,0.000000000,-0.000000000,0.000000000,AERIAL
5.360000134,0.670023441,0.000000000,-0.000000000,0.000000000,AERIAL
5.361000061,0.669479370,0.000000000,-0.000000000,0.000000000,AERIAL
5.361999989,0.668925464,0.000000000,-0.000000000,0.000000000,AERIAL
5.362999916,0.668361843,0.000000000,-0.000000000,0.000000000,AERIAL
5.363999844,0.667788506,0.000000000,-0.000000000,0.000000000,AERIAL
5.364999771,0.667205393,0.000000000,-0.000000000,0.000000000,AERIAL
5.366000175,0.666612566,0.000000000,-0.000000000,0.000000000,AERIAL
5.367000103,0.666009963,0.000000000,-0.000000000,0.000000000,AERIAL
5.368000031,0.665397644,0.000000000,-0.000000000,0.000000000,AERIAL
5.368999958,0.664775610,0.000000000,-0.000000000,0.000000000,AERIAL
5.369999886,0.664143801,0.000000000,-0.000000000,0.000000000,AERIAL
5.370999813,0.663502216,0.000000000,0.000000000,0.000000000,AERIAL
5.372000217,0.662850976,0.000000000,0.000000000,0.000000000,AERIAL
5.373000145,0.662189901,0.000000000,0.000000000,0.000000000,AERIAL
5.374000072,0.661519170,0.000000000,0.000000000,0.000000000,AERIAL
5.375000000,0.660838604,0.000000000,0.000000000,0.000000000,AERIAL
5.375999928,0.660148382,0.000000000,0.000000000,0.000000000,AERIAL
5.376999855,0.659448385,0.000000000,0.000000000,0.000000000,AERIAL
5.377999783,0.658738673,0.000000000,0.000000000,0.000000000,AERIAL
5.379000187,0.658019185,0.000000000,0.000000000,0.000000000,AERIAL
5.380000114,0.657289982,0.000000000,0.000000000,0.000000000,AERIAL
5.381000042,0.656551003,0.000000000,0.000000000,0.000000000,AERIAL
5.381999969,0.655802369,0.000000000,0.000000000,0.000000000,AERIAL
5.382999897,0.655043960,0.000000000,0.000000000,0.000000000,AERIAL
5.383999825,0.654275775,0.000000000,0.000000000,0.000000000,AERIAL
5.385000229,0.653497934,0.000000000,0.000000000,0.000000000,AERIAL
5.386000156,0.652710319,0.000000000,0.000000000,0.000000000,AERIAL
5.387000084,0.651912928,0.000000000,0.000000000,0.000000000,AERIAL
5.388000011,0.651105881,0.000000000,0.000000000,0.000000000,AERIAL
5.388999939,0.650289059,0.000000000,0.000000000,0.000000000,AERIAL
5.389999866,0.649462521,0.000000000,0.000000000,0.000000000,AERIAL
5.390999794,0.648626268,0.000000000,0.000000000,0.000000000,AERIAL
5.392000198,0.647780299,0.000000000,0.000000000,0.000000000,AERIAL
5.393000126,0.646924615,0.000000000,-0.000000000,0.000000000,AERIAL
5.394000053,0.646059155,0.000000000,-0.000000000,0.000000000,AERIAL
5.394999981,0.645183980,0.000000000,-0.000000000,0.000000000,AERIAL
5.395999908,0.644299090,0.000000000,-0.000000000,0.000000000,AERIAL
5.396999836,0.643404424,0.000000000,-0.000000000,0.000000000,AERIAL
5.397999763,0.642500043,0.000000000,-0.000000000,0.000000000,AERIAL
5.399000168,0.641585946,0.000000000,-0.000000000,0.000000000,AERIAL
5.400000095,0.640662134,0.000000000,-0.000000000,0.000000000,AERIAL
5.401000023,0.639728546,0.000000000,-0.000000000,0.000000000,AERIAL
5.401999950,0.638785243,0.000000000,-0.000000000,0.000000000,AERIAL
5.402999878,0.637832224,0.000000000,-0.000000000,0.000000000,AERIAL
5.403999805,0.636869431,0.000000000,-0.000000000,0.000000000,AERIAL
5.405000210,0.635896921,0.000000000,-0.000000000,0.000000000,AERIAL
5.406000137,0.634914637,0.000000000,-0.000000000,0.000000000,AERIAL
5.407000065,0.633922637,0.000000000,-0.000000000,0.000000000,AERIAL
5.407999992,0.632920921,0.000000000,-0.000000000,0.000000000,AERIAL
5.408999920,0.631909370,0.000000000,-0.000000000,0.000000000,AERIAL
5.409999847,0.630888164,0.000000000,-0.000000000,0.000000000,AERIAL
5.410999775,0.629857123,0.000000000,-0.000000000,0.000000000,AERIAL
5.412000179,0.628816366,0.000000000,-0.000000000,0.000000000,AERIAL
5.413000107,0.627765894,0.000000000,-0.000000000,0.000000000,AERIAL
5.414000034,0.626705647,0.000000000,-0.000000000,0.000000000,AERIAL
5.414999962,0.625635624,0.000000000,-0.000000000,0.000000000,AERIAL
5.415999889,0.624555826,0.000000000,-0.000000000,0.000000000,AERIAL
5.416999817,0.623466313,0.000000000,-0.000000000,0.000000000,AERIAL
5.418000221,0.622367024,0.000000000,-0.000000000,0.000000000,AERIAL
5.419000149,0.621257961,0.000000000,-0.000000000,0.000000000,AERIAL
5.420000076,0.620139182,0.000000000,-0.000000000,0.000000000,AERIAL
5.421000004,0.619010627,0.000000000,-0.000000000,0.000000000,AERIAL
5.421999931,0.617872298,0.000000000,-0.000000000,0.000000000,AERIAL
5.422999859,0.616724193,0.000000000,0.000000000,0.000000000,AERIAL
5.423999786,0.615566373,0.000000000,0.000000000,0.000000000,AERIAL
5.425000191,0.614398777,0.000000000,0.000000000,0.000000000,AERIAL
5.426000118,0.613221407,0.000000000,0.000000000,0.000000000,AERIAL
5.427000046,0.612034261,0.000000000,0.000000000,0.000000000,AERIAL
5.427999973,0.610837400,0.000000000,0.000000000,0.000000000,AERIAL
5.428999901,0.609630704,0.000000000,0.000000000,0.000000000,AERIAL
5.429999828,0.608414352,0.000000000,0.000000000,0.000000000,AERIAL
5.431000233,0.607188165,0.000000000,0.000000000,0.000000000,AERIAL
5.432000160,0.605952263,0.000000000,0.000000000,0.000000000,AERIAL
5.433000088,0.604706585,0.000000000,0.000000000,0.000000000,AERIAL
5.434000015,0.603451192,0.000000000,0.000000000,0.000000000,AERIAL
5.434999943,0.602185965,0.000000000,0.000000000,0.000000000,AERIAL
5.435999870,0.600911081,0.000000000,0.000000000,0.000000000,AERIAL
5.436999798,0.599626362,0.000000000,0.000000000,0.000000000,AERIAL
5.438000202,0.598331988,0.000000000,0.000000000,0.000000000,AERIAL
5.439000130,0.597027779,0.000000000,0.000000000,0.000000000,AERIAL
5.440000057,0.595713854,0.000000000,0.000000000,0.000000000,AERIAL
5.440999985,0.594390213,0.000000000,0.000000000,0.000000000,AERIAL
5.441999912,0.593056798,0.000000000,0.000000000,0.000000000,AERIAL
5.442999840,0.591713667,0.000000000,0.000000000,0.000000000,AERIAL
5.443999767,0.590360820,0.000000000,0.000000000,0.000000000,AERIAL
5.445000172,0.588998199,0.000000000,0.000000000,0.000000000,AERIAL
5.446000099,0.587625802,0.000000000,0.000000000,0.000000000,AERIAL
5.447000027,0.586243749,0.000000000,0.000000000,0.000000000,AERIAL
5.447999954,0.584851921,0.000000000,0.000000000,0.000000000,AERIAL
5.448999882,0.583450377,0.000000000,0.000000000,0.000000000,AERIAL
5.449999809,0.582039118,0.000000000,0.000000000,0.000000000,AERIAL
5.451000214,0.580618083,0.000000000,0.000000000,0.000000000,AERIAL
5.452000141,0.579187393,0.000000000,0.000000000,0.000000000,AERIAL
5.453000069,0.577746928,0.000000000,0.000000000,0.000000000,AERIAL
5.453999996,0.576296747,0.000000000,0.000000000,0.000000000,AERIAL
5.454999924,0.574836910,0.000000000,0.000000000,0.000000000,AERIAL
5.455999851,0.573367298,0.000000000,0.000000000,0.000000000,AERIAL
5.456999779,0.571887970,0.000000000,0.000000000,0.000000000,AERIAL
5.458000183,0.570398986,0.000000000,0.000000000,0.000000000,AERIAL
5.459000111,0.568900228,0.000000000,0.000000000,0.000000000,AERIAL
5.460000038,0.567391813,0.000000000,0.000000000,0.000000000,AERIAL
5.460999966,0.565873682,0.000000000,0.000000000,0.000000000,AERIAL
5.461999893,0.564345837,0.000000000,0.000000000,0.000000000,AERIAL
5.462999821,0.562808275,0.000000000,0.000000000,0.000000000,AERIAL
5.464000225,0.561260998,0.000000000,0.000000000,0.000000000,AERIAL
5.465000153,0.559704065,0.000000000,0.000000000,0.000000000,AERIAL
5.466000080,0.558137417,0.000000000,0.000000000,0.000000000,AERIAL
5.467000008,0.556561112,0.000000000,0.000000000,0.000000000,AERIAL
5.467999935,0.554975092,0.000000000,0.000000000,0.000000000,AERIAL
5.468999863,0.553379357,0.000000000,0.000000000,0.000000000,AERIAL
5.469999790,0.551773965,0.000000000,0.000000000,0.000000000,AERIAL
5.471000195,0.550158858,0.000000000,0.000000000,0.000000000,AERIAL
5.472000122,0.548534095,0.000000000,0.000000000,0.000000000,AERIAL
5.473000050,0.546899617,0.000000000,0.000000000,0.000000000,AERIAL
5.473999977,0.545255482,0.000000000,0.000000000,0.000000000,AERIAL
5.474999905,0.543601632,0.000000000,0.000000000,0.000000000,AERIAL
5.475999832,0.541938126,0.000000000,0.000000000,0.000000000,AERIAL
5.477000237,0.540264964,0.000000000,0.000000000,0.000000000,AERIAL
5.478000164,0.538582087,0.000000000,0.000000000,0.000000000,AERIAL
5.479000092,0.536889553,0.000000000,0.000000000,0.000000000,AERIAL
5.480000019,0.535187364,0.000000000,0.000000000,0.000000000,AERIAL
5.480999947,0.533475518,0.000000000,0.000000000,0.000000000,AERIAL
5.481999874,0.531753957,0.000000000,0.000000000,0.000000000,AERIAL
5.482999802,0.530022740,0.000000000,0.000000000,0.000000000,AERIAL
5.484000206,0.528281868,0.000000000,0.000000000,0.000000000,AERIAL
5.485000134,0.526531339,0.000000000,0.000000000,0.000000000,AERIAL
5.486000061,0.524771094,0.000000000,0.000000000,0.000000000,AERIAL
5.486999989,0.523001194,0.000000000,0.000000000,0.000000000,AERIAL
5.487999916,0.521221697,0.000000000,0.000000000,0.000000000,AERIAL
5.488999844,0.519432485,0.000000000,0.000000000,0.000000000,AERIAL
5.489999771,0.517633617,0.000000000,0.000000000,0.000000000,AERIAL
5.491000175,0.515825093,0.000000000,0.000000000,0.000000000,AERIAL
5.492000103,0.514006913,0.000000000,0.000000000,0.000000000,AERIAL
5.493000031,0.512179077,0.000000000,0.000000000,0.000000000,AERIAL
5.493999958,0.510341525,0.000000000,0.000000000,0.000000000,AERIAL
5.494999886,0.508494377,0.000000000,0.000000000,0.000000000,AERIAL
5.495999813,0.506637573,0.000000000,0.000000000,0.000000000,AERIAL
5.497000217,0.504771113,0.000000000,0.000000000,0.000000000,AERIAL
5.498000145,0.502894938,0.000000000,0.000000000,0.000000000,AERIAL
5.499000072,0.501009166,0.000000000,0.000000000,0.000000000,AERIAL
5.500000000,0.499113739,0.000000000,0.000000000,0.000000000,AERIAL
5.500999928,0.497208655,0.000000000,0.000000000,0.000000000,AERIAL
5.501999855,0.495293885,0.000000000,0.000000000,0.000000000,AERIAL
5.502999783,0.493369490,0.000000000,0.000000000,0.000000000,AERIAL
5.504000187,0.491435438,0.000000000,0.000000000,0.000000000,AERIAL
5.505000114,0.489491731,0.000000000,0.000000000,0.000000000,AERIAL
5.506000042,0.487538368,0.000000000,0.000000000,0.000000000,AERIAL
5.506999969,0.485575378,0.000000000,0.000000000,0.000000000,AERIAL
5.507999897,0.483602703,0.000000000,0.000000000,0.000000000,AERIAL
5.508999825,0.481620401,0.000000000,0.000000000,0.000000000,AERIAL
5.510000229,0.479628414,0.000000000,0.000000000,0.000000000,AERIAL
5.511000156,0.477626801,0.000000000,0.000000000,0.000000000,AERIAL
5.512000084,0.475615531,0.000000000,0.000000000,0.000000000,AERIAL
5.513000011,0.473594606,0.000000000,-0.000000000,0.000000000,AERIAL
5.513999939,0.471564025,0.000000000,-0.000000000,0.000000000,AERIAL
5.514999866,0.469523817,0.000000000,-0.000000000,0.000000000,AERIAL
5.515999794,0.467473924,0.000000000,-0.000000000,0.000000000,AERIAL
5.517000198,0.465414405,0.000000000,-0.000000000,0.000000000,AERIAL
5.518000126,0.463345230,0.000000000,-0.000000000,0.000000000,AERIAL
5.519000053,0.461266398,0.000000000,-0.000000000,0.000000000,AERIAL
5.519999981,0.459177911,0.000000000,-0.000000000,0.000000000,AERIAL
5.520999908,0.457079768,0.000000000,-0.000000000,0.000000000,AERIAL
5.521999836,0.454971999,0.000000000,-0.000000000,0.000000000,AERIAL
5.522999763,0.452854574,0.000000000,-0.000000000,0.000000000,AERIAL
5.524000168,0.450727463,0.000000000,-0.000000000,0.000000000,AERIAL
5.525000095,0.448590726,0.000000000,-0.000000000,0.000000000,AERIAL
5.526000023,0.446444333,0.000000000,-0.000000000,0.000000000,AERIAL
5.526999950,0.444288284,0.000000000,-0.000000000,0.000000000,AERIAL
5.527999878,0.442122579,0.000000000,-0.000000000,0.000000000,AERIAL
5.528999805,0.439947248,0.000000000,-0.000000000,0.000000000,AERIAL
5.530000210,0.437762231,0.000000000,-0.000000000,0.000000000,AERIAL
5.531000137,0.435567558,0.000000000,-0.000000000,0.000000000,AERIAL
5.532000065,0.433363259,0.000000000,-0.000000000,0.000000000,AERIAL
5.532999992,0.431149274,0.000000000,-0.000000000,0.000000000,AERIAL
5.533999920,0.428925663,0.000000000,-0.000000000,0.000000000,AERIAL
5.534999847,0.426692367,0.000000000,-0.000000000,0.000000000,AERIAL
5.535999775,0.424449444,0.000000000,-0.000000000,0.000000000,AERIAL
5.537000179,0.422196835,0.000000000,-0.000000000,0.000000000,AERIAL
5.538000107,0.419934601,0.000000000,-0.000000000,0.000000000,AERIAL
5.539000034,0.417662680,0.000000000,-0.000000000,0.000000000,AERIAL
5.539999962,0.415381134,0.000000000,-0.000000000,0.000000000,AERIAL
5.540999889,0.413089901,0.000000000,-0.000000000,0.000000000,AERIAL
5.541999817,0.410789013,0.000000000,-0.000000000,0.000000000,AERIAL
5.543000221,0.408478469,0.000000000,-0.000000000,0.000000000,AERIAL
5.544000149,0.406158268,0.000000000,-0.000000000,0.000000000,AERIAL
5.545000076,0.403828412,0.000000000,-0.000000000,0.000000000,AERIAL
5.546000004,0.401488870,0.000000000,-0.000000000,0.000000000,AERIAL
5.546999931,0.399139673,0.000000000,-0.000000000,0.000000000,AERIAL
5.547999859,0.396780819,0.000000000,-0.000000000,0.000000000,AERIAL
5.548999786,0.394412309,0.000000000,-0.000000000,0.000000000,AERIAL
5.550000191,0.392034113,0.000000000,-0.000000000,0.000000000,AERIAL
5.551000118,0.389646262,0.000000000,-0.000000000,0.000000000,AERIAL
5.552000046,0.387248755,0.000000000,-0.000000000,0.000000000,AERIAL
5.552999973,0.384841561,0.000000000,-0.000000000,0.000000000,AERIAL
5.553999901,0.382424712,0.000000000,-0.000000000,0.000000000,AERIAL
5.554999828,0.379998207,0.000000000,-0.000000000,0.000000000,AERIAL
5.556000233,0.377562016,0.000000000,-0.000000000,0.000000000,AERIAL
5.557000160,0.375116140,0.000000000,-0.000000000,0.000000000,AERIAL
5.558000088,0.372660607,0.000000000,-0.000000000,0.000000000,AERIAL
5.559000015,0.370195389,0.000000000,-0.000000000,0.000000000,AERIAL
5.559999943,0.367720515,0.000000000,-0.000000000,0.000000000,AERIAL
5.560999870,0.365235925,0.000000000,-0.000000000,0.000000000,AERIAL
5.561999798,0.362741709,0.000000000,-0.000000000,0.000000000,AERIAL
5.563000202,0.360237777,0.000000000,-0.000000000,0.000000000,AERIAL
5.564000130,0.357724190,0.000000000,-0.000000000,0.000000000,AERIAL
5.565000057,0.355200917,0.000000000,-0.000000000,0.000000000,AERIAL
5.565999985,0.352667958,0.000000000,-0.000000000,0.000000000,AERIAL
5.566999912,0.350125313,0.000000000,-0.000000000,0.000000000,AERIAL
5.567999840,0.347572982,0.000000000,-0.000000000,0.000000000,AERIAL
5.568999767,0.345010966,0.000000000,-0.000000000,0.000000000,AERIAL
5.570000172,0.342439264,0.000000000,-0.000000000,0.000000000,AERIAL
5.571000099,0.339857876,0.000000000,-0.000000000,0.000000000,AERIAL
5.572000027,0.337266803,0.000000000,-0.000000000,0.000000000,AERIAL
5.572999954,0.334666014,0.000000000,-0.000000000,0.000000000,AERIAL
5.573999882,0.332055569,0.000000000,-0.000000000,0.000000000,AERIAL
5.574999809,0.329435408,0.000000000,-0.000000000,0.000000000,AERIAL
5.576000214,0.326805562,0.000000000,-0.000000000,0.000000000,AERIAL
5.577000141,0.324166000,0.000000000,-0.000000000,0.000000000,AERIAL
5.578000069,0.321516752,0.000000000,-0.000000000,0.000000000,AERIAL
5.578999996,0.318857819,0.000000000,-0.000000000,0.000000000,AERIAL
5.579999924,0.316189170,0.000000000,-0.000000000,0.000000000,AERIAL
5.580999851,0.313510805,0.000000000,-0.000000000,0.000000000,AERIAL
5.581999779,0.310822755,0.000000000,-0.000000000,0.000000000,AERIAL
5.583000183,0.308124989,0.000000000,-0.000000000,0.000000000,AERIAL
5.584000111,0.305417508,0.000000000,-0.000000000,0.000000000,AERIAL
5.585000038,0.302700341,0.000000000,-0.000000000,0.000000000,AERIAL
5.585999966,0.299973428,0.000000000,-0.000000000,0.000000000,AERIAL
5.586999893,0.297236830,0.000000000,-0.000000000,0.000000000,AERIAL
5.587999821,0.294490486,0.000000000,-0.000000000,0.000000000,AERIAL
5.589000225,0.291734457,0.000000000,-0.000000000,0.000000000,AERIAL
5.590000153,0.288968682,0.000000000,-0.000000000,0.000000000,AERIAL
5.591000080,0.286193222,0.000000000,-0.000000000,0.000000000,AERIAL
5.592000008,0.283408016,0.000000000,-0.000000000,0.000000000,AERIAL
5.592999935,0.280613065,0.000000000,-0.000000000,0.000000000,AERIAL
5.593999863,0.277808428,0.000000000,-0.000000000,0.000000000,AERIAL
5.594999790,0.274994045,0.000000000,-0.000000000,0.000000000,AERIAL
5.596000195,0.272169918,0.000000000,-0.000000000,0.000000000,AERIAL
5.597000122,0.269336075,0.000000000,-0.000000000,0.000000000,AERIAL
5.598000050,0.266492516,0.000000000,-0.000000000,0.000000000,AERIAL
5.598999977,0.263639182,0.000000000,-0.000000000,0.000000000,AERIAL
5.599999905,0.260776132,0.000000000,-0.000000000,0.000000000,AERIAL
5.600999832,0.257903367,0.000000000,-0.000000000,0.000000000,AERIAL
5.602000237,0.255020857,0.000000000,-0.000000000,0.000000000,AERIAL
5.603000164,0.252128601,0.000000000,-0.000000000,0.000000000,AERIAL
5.604000092,0.249226585,0.000000000,-0.000000000,0.000000000,AERIAL
5.605000019,0.246314853,0.000000000,-0.000000000,0.000000000,AERIAL
5.605999947,0.243393376,0.000000000,-0.000000000,0.000000000,AERIAL
5.606999874,0.240462169,0.000000000,-0.000000000,0.000000000,AERIAL
5.607999802,0.237521201,0.000000000,-0.000000000,0.000000000,AERIAL
5.609000206,0.234570503,0.000000000,-0.000000000,0.000000000,AERIAL
5.610000134,0.231610060,0.000000000,-0.000000000,0.000000000,AERIAL
5.611000061,0.228639871,0.000000000,-0.000000000,0.000000000,AERIAL
5.611999989,0.225659937,0.000000000,-0.000000000,0.000000000,AERIAL
5.612999916,0.222670257,0.000000000,-0.000000000,0.000000000,AERIAL
5.613999844,0.219670847,0.000000000,0.000000000,0.000000000,AERIAL
5.614999771,0.216661677,0.000000000,0.000000000,0.000000000,AERIAL
5.616000175,0.213642761,0.000000000,0.000000000,0.000000000,AERIAL
5.617000103,0.210614115,0.000000000,0.000000000,0.000000000,AERIAL
5.618000031,0.207575709,0.000000000,0.000000000,0.000000000,AERIAL
5.618999958,0.204527572,0.000000000,0.000000000,0.000000000,AERIAL
5.619999886,0.201469675,0.000000000,0.000000000,0.000000000,AERIAL
5.620999813,0.198402047,0.000000000,0.000000000,0.000000000,AERIAL
5.622000217,0.195324659,0.000000000,0.000000000,0.000000000,AERIAL
5.623000145,0.192237541,0.000000000,0.000000000,0.000000000,AERIAL
5.624000072,0.189140663,0.000000000,0.000000000,0.000000000,AERIAL
5.625000000,0.186034054,0.000000000,0.000000000,0.000000000,AERIAL
5.625999928,0.182917684,0.000000000,0.000000000,0.000000000,AERIAL
5.626999855,0.179791585,0.000000000,0.000000000,0.000000000,AERIAL
5.627999783,0.176655725,0.000000000,0.000000000,0.000000000,AERIAL
5.629000187,0.173510134,0.000000000,0.000000000,0.000000000,AERIAL
5.630000114,0.170354784,0.000000000,0.000000000,0.000000000,AERIAL
5.631000042,0.167189702,0.000000000,0.000000000,0.000000000,AERIAL
5.631999969,0.164014861,0.000000000,0.000000000,0.000000000,AERIAL
5.632999897,0.160830289,0.000000000,0.000000000,0.000000000,AERIAL
5.633999825,0.157635957,0.000000000,0.000000000,0.000000000,AERIAL
5.635000229,0.154431894,0.000000000,0.000000000,0.000000000,AERIAL
5.636000156,0.151218072,0.000000000,0.000000000,0.000000000,AERIAL
5.637000084,0.147994518,0.000000000,0.000000000,0.000000000,AERIAL
5.638000011,0.144761220,0.000000000,0.000000000,0.000000000,AERIAL
5.638999939,0.141518161,0.000000000,0.000000000,0.000000000,AERIAL
5.639999866,0.138265371,0.000000000,0.000000000,0.000000000,AERIAL
5.640999794,0.135002837,0.000000000,0.000000000,0.000000000,AERIAL
5.642000198,0.131730556,0.000000000,0.000000000,0.000000000,AERIAL
5.643000126,0.128448531,0.000000000,0.000000000,0.000000000,AERIAL
5.644000053,0.125156760,0.000000000,0.000000000,0.000000000,AERIAL
5.644999981,0.121855237,0.000000000,0.000000000,0.000000000,AERIAL
5.645999908,0.118543975,0.000000000,0.000000000,0.000000000,AERIAL
5.646999836,0.115222968,0.000000000,0.000000000,0.000000000,AERIAL
5.647999763,0.111892223,0.000000000,0.000000000,0.000000000,AERIAL
5.649000168,0.108551726,0.000000000,0.000000000,0.000000000,AERIAL
5.650000095,0.105201490,0.000000000,0.000000000,0.000000000,AERIAL
5.651000023,0.101841509,0.000000000,0.000000000,0.000000000,AERIAL
5.651999950,0.098471783,0.000000000,0.000000000,0.000000000,AERIAL
5.652999878,0.095092312,0.000000000,0.000000000,0.000000000,AERIAL
5.653999805,0.091703095,0.000000000,0.000000000,0.000000000,AERIAL
5.655000210,0.088304140,0.000000000,0.000000000,0.000000000,AERIAL
5.656000137,0.084895432,0.000000000,0.000000000,0.000000000,AERIAL
5.657000065,0.081476986,0.000000000,0.000000000,0.000000000,AERIAL
5.657999992,0.078048795,0.000000000,0.000000000,0.000000000,AERIAL
5.658999920,0.074610859,0.000000000,0.000000000,0.000000000,AERIAL
5.659999847,0.071163177,0.000000000,0.000000000,0.000000000,AERIAL
5.660999775,0.067705750,0.000000000,0.000000000,0.000000000,AERIAL
5.662000179,0.064238586,0.000000000,0.000000000,0.000000000,AERIAL
5.663000107,0.060761668,0.000000000,-0.000000000,0.000000000,AERIAL
5.664000034,0.057275012,0.000000000,-0.000000000,0.000000000,AERIAL
5.664999962,0.053778607,0.000000000,-0.000000000,0.000000000,AERIAL
5.665999889,0.050272457,0.000000000,-0.000000000,0.000000000,AERIAL
5.666999817,0.046756566,0.000000000,-0.000000000,0.000000000,AERIAL
5.668000221,0.043230925,0.000000000,-0.000000000,0.000000000,AERIAL
5.669000149,0.039695542,0.000000000,-0.000000000,0.000000000,AERIAL
5.670000076,0.036150411,0.000000000,-0.000000000,0.000000000,AERIAL
5.671000004,0.032595538,0.000000000,-0.000000000,0.000000000,AERIAL
5.671999931,0.029030915,0.000000000,-0.000000000,0.000000000,LANDING
5.672999859,0.025456548,0.000000000,-0.000000000,0.000000000,LANDING
5.673999786,0.021872435,0.000000000,-0.000000000,0.000000000,LANDING
5.675000191,0.018278575,0.000000000,-0.000000000,0.000000000,LANDING
5.676000118,0.014674968,0.000000000,-0.000000000,0.000000000,LANDING
5.677000046,0.011061613,0.000000000,-0.000000000,0.000000000,LANDING
5.677999973,0.007438513,0.000000000,-0.000000000,0.000000000,LANDING
5.678999901,0.003805664,0.000000000,-0.000000000,0.000000000,LANDING
5.679999828,0.003806595,-0.003655052,-3.655051470,4.505738735,SUPPORT
5.681000233,0.003807516,-0.007186525,-3.531473637,5.120215416,SUPPORT
5.682000160,0.003808431,-0.010576243,-3.389717817,5.710026264,SUPPORT
5.683000088,0.003809340,-0.013806755,-3.230512142,6.272135258,SUPPORT
5.684000015,0.003810244,-0.016861431,-3.054675817,6.803648949,SUPPORT
5.684999943,0.003811144,-0.019724546,-2.863114357,7.301830769,SUPPORT
5.685999870,0.003812041,-0.022381360,-2.656813622,7.764116287,SUPPORT
5.686999798,0.003812935,-0.024818195,-2.436835766,8.188125610,SUPPORT
5.688000202,0.003813826,-0.027022509,-2.204313278,8.571676254,SUPPORT
5.689000130,0.003814717,-0.028982950,-1.960443020,8.912793159,SUPPORT
5.690000057,0.003815607,-0.030689431,-1.706480503,9.209721565,SUPPORT
5.690999985,0.003816498,-0.032133166,-1.443733096,9.460930824,SUPPORT
5.691999912,0.003817390,-0.033306718,-1.173553467,9.665128708,SUPPORT
5.692999840,0.003818284,-0.034204051,-0.897332430,9.821265221,SUPPORT
5.693999767,0.003819181,-0.034820542,-0.616492033,9.928534508,SUPPORT
5.695000172,0.003820081,-0.035153024,-0.332479626,9.986386299,SUPPORT
5.696000099,0.003820986,-0.035199780,-0.046757229,9.986360550,SUPPORT
5.697000027,0.003821895,-0.034960818,0.238962770,9.069022179,SUPPORT
5.697999954,0.003822819,-0.034463286,0.497532338,8.982451439,SUPPORT
5.698999882,0.003823747,-0.033709738,0.753547907,8.851334572,SUPPORT
5.699999809,0.003824681,-0.032704055,1.005682826,8.676345825,SUPPORT
5.701000214,0.003825621,-0.031451415,1.252639294,8.458386421,SUPPORT
5.702000141,0.003826567,-0.029958269,1.493145823,8.198578835,SUPPORT
5.703000069,0.003827519,-0.028232304,1.725964427,7.898261070,SUPPORT
5.703999996,0.003828478,-0.026282407,1.949896455,7.558979034,SUPPORT
5.704999924,0.003829444,-0.024118619,2.163789511,7.182479382,SUPPORT
5.705999851,0.003830416,-0.021752076,2.366542101,6.770701408,SUPPORT
5.706999779,0.003831395,-0.019194966,2.557110786,6.325764179,SUPPORT
5.708000183,0.003832381,-0.016460450,2.734514475,5.849958420,SUPPORT
5.709000111,0.003833374,-0.013562611,2.897839785,5.345734596,SUPPORT
5.710000038,0.003834373,-0.010516365,3.046246290,4.815687656,SUPPORT
5.710999966,0.003835379,-0.007337396,3.178969860,4.262547016,SUPPORT
5.711999893,0.003836391,-0.004042068,3.295327187,3.689159870,SUPPORT
5.712999821,0.003837410,-0.000647348,3.394719601,3.098478556,TAKEOFF
5.714000225,0.006489490,0.000000000,0.647348523,0.000000000,TAKEOFF
5.715000153,0.009758738,0.000000000,-0.000000005,0.000000000,TAKEOFF
5.716000080,0.013018201,0.000000000,-0.000000001,0.000000000,TAKEOFF
5.717000008,0.016267881,0.000000000,-0.000000000,0.000000000,TAKEOFF
5.717999935,0.019507777,0.000000000,-0.000000000,0.000000000,TAKEOFF
5.718999863,0.022737889,0.000000000,-0.000000000,0.000000000,TAKEOFF
5.719999790,0.025958214,0.000000000,-0.000000000,0.000000000,TAKEOFF
5.721000195,0.029168753,0.000000000,-0.000000000,0.000000000,TAKEOFF
5.722000122,0.032369509,0.000000000,-0.000000000,0.000000000,AERIAL
5.723000050,0.035560478,0.000000000,-0.000000000,0.000000000,AERIAL
5.723999977,0.038741659,0.000000000,-0.000000000,0.000000000,AERIAL
5.724999905,0.041913055,0.000000000,-0.000000000,0.000000000,AERIAL
5.725999832,0.045074664,0.000000000,-0.000000000,0.000000000,AERIAL
5.727000237,0.048226483,0.000000000,-0.000000000,0.000000000,AERIAL
5.728000164,0.051368516,0.000000000,-0.000000000,0.000000000,AERIAL
5.729000092,0.054500762,0.000000000,-0.000000000,0.000000000,AERIAL
5.730000019,0.057623222,0.000000000,-0.000000000,0.000000000,AERIAL
5.730999947,0.060735893,0.000000000,-0.000000000,0.000000000,AERIAL
5.731999874,0.063838772,0.000000000,-0.000000000,0.000000000,AERIAL
5.732999802,0.066931866,0.000000000,-0.000000000,0.000000000,AERIAL
5.734000206,0.070015170,0.000000000,-0.000000000,0.000000000,AERIAL
5.735000134,0.073088683,0.000000000,-0.000000000,0.000000000,AERIAL
5.736000061,0.076152414,0.000000000,-0.000000000,0.000000000,AERIAL
5.736999989,0.079206347,0.000000000,-0.000000000,0.000000000,AERIAL
5.737999916,0.082250498,0.000000000,-0.000000000,0.000000000,AERIAL
5.738999844,0.085284859,0.000000000,-0.000000000,0.000000000,AERIAL
5.739999771,0.088309430,0.000000000,-0.000000000,0.000000000,AERIAL
5.741000175,0.091324210,0.000000000,-0.000000000,0.000000000,AERIAL
5.742000103,0.094329193,0.000000000,-0.000000000,0.000000000,AERIAL
5.743000031,0.097324394,0.000000000,-0.000000000,0.000000000,AERIAL
5.743999958,0.100309804,0.000000000,-0.000000000,0.000000000,AERIAL
5.744999886,0.103285424,0.000000000,-0.000000000,0.000000000,AERIAL
5.745999813,0.106251255,0.000000000,-0.000000000,0.000000000,AERIAL
5.747000217,0.109207295,0.000000000,-0.000000000,0.000000000,AERIAL
5.748000145,0.112153545,0.000000000,0.000000000,0.000000000,AERIAL
5.749000072,0.115090020,0.000000000,0.000000000,0.000000000,AERIAL
5.750000000,0.118016727,0.000000000,0.000000000,0.000000000,AERIAL
5.750999928,0.120933674,0.000000000,0.000000000,0.000000000,AERIAL
5.751999855,0.123840883,0.000000000,0.000000000,0.000000000,AERIAL
5.752999783,0.126738355,0.000000000,0.000000000,0.000000000,AERIAL
5.754000187,0.129626125,0.000000000,0.000000000,0.000000000,AERIAL
5.755000114,0.132504180,0.000000000,0.000000000,0.000000000,AERIAL
5.756000042,0.135372564,0.000000000,0.000000000,0.000000000,AERIAL
5.756999969,0.138231277,0.000000000,0.000000000,0.000000000,AERIAL
5.757999897,0.141080350,0.000000000,0.000000000,0.000000000,AERIAL
5.758999825,0.143919781,0.000000000,0.000000000,0.000000000,AERIAL
5.760000229,0.146749616,0.000000000,0.000000000,0.000000000,AERIAL
5.761000156,0.149569854,0.000000000,0.000000000,0.000000000,AERIAL
5.762000084,0.152380511,0.000000000,0.000000000,0.000000000,AERIAL
5.763000011,0.155181602,0.000000000,0.000000000,0.000000000,AERIAL
5.763999939,0.157973155,0.000000000,0.000000000,0.000000000,AERIAL
5.764999866,0.160755187,0.000000000,0.000000000,0.000000000,AERIAL
5.765999794,0.163527712,0.000000000,0.000000000,0.000000000,AERIAL
5.767000198,0.166290730,0.000000000,0.000000000,0.000000000,AERIAL
5.768000126,0.169044271,0.000000000,0.000000000,0.000000000,AERIAL
5.769000053,0.171788350,0.000000000,0.000000000,0.000000000,AERIAL
5.769999981,0.174522996,0.000000000,0.000000000,0.000000000,AERIAL
5.770999908,0.177248180,0.000000000,0.000000000,0.000000000,AERIAL
5.771999836,0.179963961,0.000000000,0.000000000,0.000000000,AERIAL
5.772999763,0.182670325,0.000000000,0.000000000,0.000000000,AERIAL
5.774000168,0.185367301,0.000000000,0.000000000,0.000000000,AERIAL
5.775000095,0.188054889,0.000000000,0.000000000,0.000000000,AERIAL
5.776000023,0.190733105,0.000000000,0.000000000,0.000000000,AERIAL
5.776999950,0.193401948,0.000000000,0.000000000,0.000000000,AERIAL
5.777999878,0.196061432,0.000000000,0.000000000,0.000000000,AERIAL
5.778999805,0.198711589,0.000000000,0.000000000,0.000000000,AERIAL
5.780000210,0.201352403,0.000000000,0.000000000,0.000000000,AERIAL
5.781000137,0.203983888,0.000000000,0.000000000,0.000000000,AERIAL
5.782000065,0.206606060,0.000000000,0.000000000,0.000000000,AERIAL
5.782999992,0.209218919,0.000000000,0.000000000,0.000000000,AERIAL
5.783999920,0.211822480,0.000000000,0.000000000,0.000000000,AERIAL
5.784999847,0.214416742,0.000000000,0.000000000,0.000000000,AERIAL
5.785999775,0.217001706,0.000000000,0.000000000,0.000000000,AERIAL
5.787000179,0.219577387,0.000000000,0.000000000,0.000000000,AERIAL
5.788000107,0.222143784,0.000000000,0.000000000,0.000000000,AERIAL
5.789000034,0.224700898,0.000000000,0.000000000,0.000000000,AERIAL
5.789999962,0.227248758,0.000000000,0.000000000,0.000000000,AERIAL
5.790999889,0.229787335,0.000000000,0.000000000,0.000000000,AERIAL
5.791999817,0.232316658,0.000000000,0.000000000,0.000000000,AERIAL
5.793000221,0.234836712,0.000000000,0.000000000,0.000000000,AERIAL
5.794000149,0.237347513,0.000000000,0.000000000,0.000000000,AERIAL
5.795000076,0.239849046,0.000000000,0.000000000,0.000000000,AERIAL
5.796000004,0.242341340,0.000000000,0.000000000,0.000000000,AERIAL
5.796999931,0.244824365,0.000000000,0.000000000,0.000000000,AERIAL
5.797999859,0.247298136,0.000000000,0.000000000,0.000000000,AERIAL
5.798999786,0.249762669,0.000000000,0.000000000,0.000000000,AERIAL
5.800000191,0.252217948,0.000000000,0.000000000,0.000000000,AERIAL
5.801000118,0.254663974,0.000000000,0.000000000,0.000000000,AERIAL
5.802000046,0.257100761,0.000000000,0.000000000,0.000000000,AERIAL
5.802999973,0.259528309,0.000000000,0.000000000,0.000000000,AERIAL
5.803999901,0.261946589,0.000000000,-0.000000000,0.000000000,AERIAL
5.804999828,0.264355659,0.000000000,-0.000000000,0.000000000,AERIAL
5.806000233,0.266755462,0.000000000,-0.000000000,0.000000000,AERIAL
5.807000160,0.269146055,0.000000000,-0.000000000,0.000000000,AERIAL
5.808000088,0.271527380,0.000000000,-0.000000000,0.000000000,AERIAL
5.809000015,0.273899466,0.000000000,-0.000000000,0.000000000,AERIAL
5.809999943,0.276262283,0.000000000,-0.000000000,0.000000000,AERIAL
5.810999870,0.278615892,0.000000000,-0.000000000,0.000000000,AERIAL
5.811999798,0.280960262,0.000000000,-0.000000000,0.000000000,AERIAL
5.813000202,0.283295393,0.000000000,-0.000000000,0.000000000,AERIAL
5.814000130,0.285621256,0.000000000,-0.000000000,0.000000000,AERIAL
5.815000057,0.287937880,0.000000000,-0.000000000,0.000000000,AERIAL
5.815999985,0.290245235,0.000000000,-0.000000000,0.000000000,AERIAL
5.816999912,0.292543381,0.000000000,-0.000000000,0.000000000,AERIAL
5.817999840,0.294832230,0.000000000,-0.000000000,0.000000000,AERIAL
5.818999767,0.297111839,0.000000000,-0.000000000,0.000000000,AERIAL
5.820000172,0.299382210,0.000000000,-0.000000000,0.000000000,AERIAL
5.821000099,0.301643312,0.000000000,-0.000000000,0.000000000,AERIAL
5.822000027,0.303895146,0.000000000,-0.000000000,0.000000000,AERIAL
5.822999954,0.306137711,0.000000000,-0.000000000,0.000000000,AERIAL
5.823999882,0.308371007,0.000000000,-0.000000000,0.000000000,AERIAL
5.824999809,0.310595065,0.000000000,-0.000000000,0.000000000,AERIAL
5.826000214,0.312809795,0.000000000,-0.000000000,0.000000000,AERIAL
5.827000141,0.315015256,0.000000000,-0.000000000,0.000000000,AERIAL
5.828000069,0.317211449,0.000000000,-0.000000000,0.000000000,AERIAL
5.828999996,0.319398314,0.000000000,-0.000000000,0.000000000,AERIAL
5.829999924,0.321575910,0.000000000,-0.000000000,0.000000000,AERIAL
5.830999851,0.323744178,0.000000000,-0.000000000,0.000000000,AERIAL
5.831999779,0.325903177,0.000000000,-0.000000000,0.000000000,AERIAL
5.833000183,0.328052849,0.000000000,-0.000000000,0.000000000,AERIAL
5.834000111,0.330193192,0.000000000,-0.000000000,0.000000000,AERIAL
5.835000038,0.332324177,0.000000000,-0.000000000,0.000000000,AERIAL
5.835999966,0.334445834,0.000000000,-0.000000000,0.000000000,AERIAL
5.836999893,0.336558133,0.000000000,-0.000000000,0.000000000,AERIAL
5.837999821,0.338661045,0.000000000,-0.000000000,0.000000000,AERIAL
5.839000225,0.340754598,0.000000000,-0.000000000,0.000000000,AERIAL
5.840000153,0.342838764,0.000000000,-0.000000000,0.000000000,AERIAL
5.841000080,0.344913512,0.000000000,-0.000000000,0.000000000,AERIAL
5.842000008,0.346978903,0.000000000,-0.000000000,0.000000000,AERIAL
5.842999935,0.349034846,0.000000000,-0.000000000,0.000000000,AERIAL
5.843999863,0.351081371,0.000000000,-0.000000000,0.000000000,AERIAL
5.844999790,0.353118509,0.000000000,-0.000000000,0.000000000,AERIAL
5.846000195,0.355146170,0.000000000,-0.000000000,0.000000000,AERIAL
5.847000122,0.357164443,0.000000000,-0.000000000,0.000000000,AERIAL
5.848000050,0.359173238,0.000000000,-0.000000000,0.000000000,AERIAL
5.848999977,0.361172616,0.000000000,-0.000000000,0.000000000,AERIAL
5.849999905,0.363162547,0.000000000,-0.000000000,0.000000000,AERIAL
5.850999832,0.365143031,0.000000000,-0.000000000,0.000000000,AERIAL
5.852000237,0.367114067,0.000000000,-0.000000000,0.000000000,AERIAL
5.853000164,0.369075626,0.000000000,-0.000000000,0.000000000,AERIAL
5.854000092,0.371027768,0.000000000,-0.000000000,0.000000000,AERIAL
5.855000019,0.372970462,0.000000000,-0.000000000,0.000000000,AERIAL
5.855999947,0.374903738,0.000000000,-0.000000000,0.000000000,AERIAL
5.856999874,0.376827538,0.000000000,-0.000000000,0.000000000,AERIAL
5.857999802,0.378741950,0.000000000,0.000000000,0.000000000,AERIAL
5.859000206,0.380646884,0.000000000,0.000000000,0.000000000,AERIAL
5.860000134,0.382542431,0.000000000,0.000000000,0.000000000,AERIAL
5.861000061,0.384428531,0.000000000,0.000000000,0.000000000,AERIAL
5.861999989,0.386305243,0.000000000,0.000000000,0.000000000,AERIAL
5.862999916,0.388172507,0.000000000,0.000000000,0.000000000,AERIAL
5.863999844,0.390030384,0.000000000,0.000000000,0.000000000,AERIAL
5.864999771,0.391878873,0.000000000,0.000000000,0.000000000,AERIAL
5.866000175,0.393717974,0.000000000,0.000000000,0.000000000,AERIAL
5.867000103,0.395547688,0.000000000,0.000000000,0.000000000,AERIAL
5.868000031,0.397368014,0.000000000,0.000000000,0.000000000,AERIAL
5.868999958,0.399178982,0.000000000,0.000000000,0.000000000,AERIAL
5.869999886,0.400980562,0.000000000,0.000000000,0.000000000,AERIAL
5.870999813,0.402772814,0.000000000,0.000000000,0.000000000,AERIAL
5.872000217,0.404555708,0.000000000,0.000000000,0.000000000,AERIAL
5.873000145,0.406329274,0.000000000,0.000000000,0.000000000,AERIAL
5.874000072,0.408093482,0.000000000,0.000000000,0.000000000,AERIAL
5.875000000,0.409848362,0.000000000,0.000000000,0.000000000,AERIAL
5.875999928,0.411593944,0.000000000,0.000000000,0.000000000,AERIAL
5.876999855,0.413330227,0.000000000,0.000000000,0.000000000,AERIAL
5.877999783,0.415057182,0.000000000,0.000000000,0.000000000,AERIAL
5.879000187,0.416774839,0.000000000,0.000000000,0.000000000,AERIAL
5.880000114,0.418483227,0.000000000,0.000000000,0.000000000,AERIAL
5.881000042,0.420182317,0.000000000,0.000000000,0.000000000,AERIAL
5.881999969,0.421872169,0.000000000,0.000000000,0.000000000,AERIAL
5.882999897,0.423552722,0.000000000,0.000000000,0.000000000,AERIAL
5.883999825,0.425224006,0.000000000,0.000000000,0.000000000,AERIAL
5.885000229,0.426886052,0.000000000,0.000000000,0.000000000,AERIAL
5.886000156,0.428538829,0.000000000,0.000000000,0.000000000,AERIAL
5.887000084,0.430182368,0.000000000,0.000000000,0.000000000,AERIAL
5.888000011,0.431816697,0.000000000,0.000000000,0.000000000,AERIAL
5.888999939,0.433441788,0.000000000,0.000000000,0.000000000,AERIAL
5.889999866,0.435057640,0.000000000,0.000000000,0.000000000,AERIAL
5.890999794,0.436664283,0.000000000,0.000000000,0.000000000,AERIAL
5.892000198,0.438261688,0.000000000,0.000000000,0.000000000,AERIAL
5.893000126,0.439849913,0.000000000,0.000000000,0.000000000,AERIAL
5.894000053,0.441428900,0.000000000,0.000000000,0.000000000,AERIAL
5.894999981,0.442998707,0.000000000,0.000000000,0.000000000,AERIAL
5.895999908,0.444559306,0.000000000,0.000000000,0.000000000,AERIAL
5.896999836,0.446110725,0.000000000,0.000000000,0.000000000,AERIAL
5.897999763,0.447652936,0.000000000,0.000000000,0.000000000,AERIAL
5.899000168,0.449185967,0.000000000,0.000000000,0.000000000,AERIAL
5.900000095,0.450709790,0.000000000,0.000000000,0.000000000,AERIAL
5.901000023,0.452224463,0.000000000,0.000000000,0.000000000,AERIAL
5.901999950,0.453729928,0.000000000,0.000000000,0.000000000,AERIAL
5.902999878,0.455226213,0.000000000,0.000000000,0.000000000,AERIAL
5.903999805,0.456713349,0.000000000,0.000000000,0.000000000,AERIAL
5.905000210,0.458191276,0.000000000,0.000000000,0.000000000,AERIAL
5.906000137,0.459660053,0.000000000,0.000000000,0.000000000,AERIAL
5.907000065,0.461119622,0.000000000,0.000000000,0.000000000,AERIAL
5.907999992,0.462570041,0.000000000,0.000000000,0.000000000,AERIAL
5.908999920,0.464011282,0.000000000,0.000000000,0.000000000,AERIAL
5.909999847,0.465443343,0.000000000,0.000000000,0.000000000,AERIAL
5.910999775,0.466866255,0.000000000,0.000000000,0.000000000,AERIAL
5.912000179,0.468279958,0.000000000,0.000000000,0.000000000,AERIAL
5.913000107,0.469684511,0.000000000,-0.000000000,0.000000000,AERIAL
5.914000034,0.471079886,0.000000000,-0.000000000,0.000000000,AERIAL
5.914999962,0.472466052,0.000000000,-0.000000000,0.000000000,AERIAL
5.915999889,0.473843068,0.000000000,-0.000000000,0.000000000,AERIAL
5.916999817,0.475210905,0.000000000,-0.000000000,0.000000000,AERIAL
5.918000221,0.476569563,0.000000000,-0.000000000,0.000000000,AERIAL
5.919000149,0.477919012,0.000000000,-0.000000000,0.000000000,AERIAL
5.920000076,0.479259312,0.000000000,-0.000000000,0.000000000,AERIAL
5.921000004,0.480590403,0.000000000,-0.000000000,0.000000000,AERIAL
5.921999931,0.481912315,0.000000000,-0.000000000,0.000000000,AERIAL
5.922999859,0.483225018,0.000000000,-0.000000000,0.000000000,AERIAL
5.923999786,0.484528542,0.000000000,-0.000000000,0.000000000,AERIAL
5.925000191,0.485822856,0.000000000,-0.000000000,0.000000000,AERIAL
5.926000118,0.487107962,0.000000000,-0.000000000,0.000000000,AERIAL
5.927000046,0.488383889,0.000000000,-0.000000000,0.000000000,AERIAL
5.927999973,0.489650577,0.000000000,-0.000000000,0.000000000,AERIAL
5.928999901,0.490908086,0.000000000,-0.000000000,0.000000000,AERIAL
5.929999828,0.492156357,0.000000000,-0.000000000,0.000000000,AERIAL
5.931000233,0.493395418,0.000000000,-0.000000000,0.000000000,AERIAL
5.932000160,0.494625241,0.000000000,-0.000000000,0.000000000,AERIAL
5.933000088,0.495845854,0.000000000,-0.000000000,0.000000000,AERIAL
5.934000015,0.497057229,0.000000000,-0.000000000,0.000000000,AERIAL
5.934999943,0.498259366,0.000000000,-0.000000000,0.000000000,AERIAL
5.935999870,0.499452293,0.000000000,-0.000000000,0.000000000,AERIAL
5.936999798,0.500635982,0.000000000,-0.000000000,0.000000000,AERIAL
5.938000202,0.501810372,0.000000000,-0.000000000,0.000000000,AERIAL
5.939000130,0.502975583,0.000000000,-0.000000000,0.000000000,AERIAL
5.940000057,0.504131496,0.000000000,-0.000000000,0.000000000,AERIAL
5.940999985,0.505278170,0.000000000,-0.000000000,0.000000000,AERIAL
5.941999912,0.506415546,0.000000000,-0.000000000,0.000000000,AERIAL
5.942999840,0.507543743,0.000000000,-0.000000000,0.000000000,AERIAL
5.943999767,0.508662581,0.000000000,-0.000000000,0.000000000,AERIAL
5.945000172,0.509772241,0.000000000,-0.000000000,0.000000000,AERIAL
5.946000099,0.510872543,0.000000000,-0.000000000,0.000000000,AERIAL
5.947000027,0.511963606,0.000000000,-0.000000000,0.000000000,AERIAL
5.947999954,0.513045371,0.000000000,-0.000000000,0.000000000,AERIAL
5.948999882,0.514117837,0.000000000,-0.000000000,0.000000000,AERIAL
5.949999809,0.515181065,0.000000000,-0.000000000,0.000000000,AERIAL
5.951000214,0.516234934,0.000000000,-0.000000000,0.000000000,AERIAL
5.952000141,0.517279506,0.000000000,-0.000000000,0.000000000,AERIAL
5.953000069,0.518314838,0.000000000,-0.000000000,0.000000000,AERIAL
5.953999996,0.519340813,0.000000000,-0.000000000,0.000000000,AERIAL
5.954999924,0.520357430,0.000000000,-0.000000000,0.000000000,AERIAL
5.955999851,0.521364808,0.000000000,-0.000000000,0.000000000,AERIAL
5.956999779,0.522362828,0.000000000,-0.000000000,0.000000000,AERIAL
5.958000183,0.523351490,0.000000000,-0.000000000,0.000000000,AERIAL
5.959000111,0.524330854,0.000000000,-0.000000000,0.000000000,AERIAL
5.960000038,0.525300860,0.000000000,-0.000000000,0.000000000,AERIAL
5.960999966,0.526261568,0.000000000,-0.000000000,0.000000000,AERIAL
5.961999893,0.527212858,0.000000000,-0.000000000,0.000000000,AERIAL
5.962999821,0.528154850,0.000000000,-0.000000000,0.000000000,AERIAL
5.964000225,0.529087484,0.000000000,-0.000000000,0.000000000,AERIAL
5.965000153,0.530010700,0.000000000,-0.000000000,0.000000000,AERIAL
5.966000080,0.530924618,0.000000000,-0.000000000,0.000000000,AERIAL
5.967000008,0.531829119,0.000000000,-0.000000000,0.000000000,AERIAL
5.967999935,0.532724261,0.000000000,-0.000000000,0.000000000,AERIAL
5.968999863,0.533610046,0.000000000,-0.000000000,0.000000000,AERIAL
5.969999790,0.534486413,0.000000000,-0.000000000,0.000000000,AERIAL
5.971000195,0.535353363,0.000000000,-0.000000000,0.000000000,AERIAL
5.972000122,0.536210954,0.000000000,-0.000000000,0.000000000,AERIAL
5.973000050,0.537059128,0.000000000,-0.000000000,0.000000000,AERIAL
5.973999977,0.537897885,0.000000000,-0.000000000,0.000000000,AERIAL
5.974999905,0.538727224,0.000000000,-0.000000000,0.000000000,AERIAL
5.975999832,0.539547145,0.000000000,-0.000000000,0.000000000,AERIAL
5.977000237,0.540357709,0.000000000,-0.000000000,0.000000000,AERIAL
5.978000164,0.541158736,0.000000000,-0.000000000,0.000000000,AERIAL
5.979000092,0.541950405,0.000000000,-0.000000000,0.000000000,AERIAL
5.980000019,0.542732596,0.000000000,-0.000000000,0.000000000,AERIAL
5.980999947,0.543505311,0.000000000,-0.000000000,0.000000000,AERIAL
5.981999874,0.544268608,0.000000000,-0.000000000,0.000000000,AERIAL
5.982999802,0.545022488,0.000000000,-0.000000000,0.000000000,AERIAL
5.984000206,0.545766830,0.000000000,-0.000000000,0.000000000,AERIAL
5.985000134,0.546501756,0.000000000,-0.000000000,0.000000000,AERIAL
5.986000061,0.547227144,0.000000000,-0.000000000,0.000000000,AERIAL
5.986999989,0.547943115,0.000000000,-0.000000000,0.000000000,AERIAL
5.987999916,0.548649549,0.000000000,-0.000000000,0.000000000,AERIAL
5.988999844,0.549346507,0.000000000,-0.000000000,0.000000000,AERIAL
5.989999771,0.550033927,0.000000000,-0.000000000,0.000000000,AERIAL
5.991000175,0.550711870,0.000000000,-0.000000000,0.000000000,AERIAL
5.992000103,0.551380336,0.000000000,-0.000000000,0.000000000,AERIAL
5.993000031,0.552039266,0.000000000,-0.000000000,0.000000000,AERIAL
5.993999958,0.552688599,0.000000000,-0.000000000,0.000000000,AERIAL
5.994999886,0.553328454,0.000000000,-0.000000000,0.000000000,AERIAL
5.995999813,0.553958774,0.000000000,-0.000000000,0.000000000,AERIAL
5.997000217,0.554579496,0.000000000,-0.000000000,0.000000000,AERIAL
5.998000145,0.555190742,0.000000000,-0.000000000,0.000000000,AERIAL
5.999000072,0.555792332,0.000000000,-0.000000000,0.000000000,AERIAL
6.000000000,0.556384385,0.000000000,-0.000000000,0.000000000,AERIAL
6.000999928,0.556966901,0.000000000,-0.000000000,0.000000000,AERIAL
6.001999855,0.557539821,0.000000000,-0.000000000,0.000000000,AERIAL
6.002999783,0.558103144,0.000000000,-0.000000000,0.000000000,AERIAL
6.004000187,0.558656871,0.000000000,-0.000000000,0.000000000,AERIAL
6.005000114,0.559200943,0.000000000,-0.000000000,0.000000000,AERIAL
6.006000042,0.559735477,0.000000000,-0.000000000,0.000000000,AERIAL
6.006999969,0.560260355,0.000000000,-0.000000000,0.000000000,AERIAL
6.007999897,0.560775578,0.000000000,-0.000000000,0.000000000,AERIAL
6.008999825,0.561281204,0.000000000,-0.000000000,0.000000000,AERIAL
6.010000229,0.561777174,0.000000000,-0.000000000,0.000000000,AERIAL
6.011000156,0.562263489,0.000000000,-0.000000000,0.000000000,AERIAL
6.012000084,0.562740147,0.000000000,-0.000000000,0.000000000,AERIAL
6.013000011,0.563207150,0.000000000,-0.000000000,0.000000000,AERIAL
6.013999939,0.563664496,0.000000000,-0.000000000,0.000000000,AERIAL
6.014999866,0.564112186,0.000000000,-0.000000000,0.000000000,AERIAL
6.015999794,0.564550161,0.000000000,-0.000000000,0.000000000,AERIAL
6.017000198,0.564978540,0.000000000,-0.000000000,0.000000000,AERIAL
6.018000126,0.565397203,0.000000000,-0.000000000,0.000000000,AERIAL
6.019000053,0.565806150,0.000000000,-0.000000000,0.000000000,AERIAL
6.019999981,0.566205502,0.000000000,-0.000000000,0.000000000,AERIAL
6.020999908,0.566595137,0.000000000,-0.000000000,0.000000000,AERIAL
6.021999836,0.566975057,0.000000000,-0.000000000,0.000000000,AERIAL
6.022999763,0.567345321,0.000000000,-0.000000000,0.000000000,AERIAL
6.024000168,0.567705870,0.000000000,-0.000000000,0.000000000,AERIAL
6.025000095,0.568056762,0.000000000,-0.000000000,0.000000000,AERIAL
6.026000023,0.568397999,0.000000000,-0.000000000,0.000000000,AERIAL
6.026999950,0.568729520,0.000000000,-0.000000000,0.000000000,AERIAL
6.027999878,0.569051385,0.000000000,-0.000000000,0.000000000,AERIAL
6.028999805,0.569363534,0.000000000,-0.000000000,0.000000000,AERIAL
6.030000210,0.569665968,0.000000000,0.000000000,0.000000000,AERIAL
6.031000137,0.569958746,0.000000000,0.000000000,0.000000000,AERIAL
6.032000065,0.570241868,0.000000000,0.000000000,0.000000000,AERIAL
6.032999992,0.570515275,0.000000000,0.000000000,0.000000000,AERIAL
6.033999920,0.570779026,0.000000000,0.000000000,0.000000000,AERIAL
6.034999847,0.571033061,0.000000000,0.000000000,0.000000000,AERIAL
6.035999775,0.571277440,0.000000000,0.000000000,0.000000000,AERIAL
6.037000179,0.571512163,0.000000000,0.000000000,0.000000000,AERIAL
6.038000107,0.571737170,0.000000000,0.000000000,0.000000000,AERIAL
6.039000034,0.571952522,0.000000000,0.000000000,0.000000000,AERIAL
6.039999962,0.572158217,0.000000000,0.000000000,0.000000000,AERIAL
6.040999889,0.572354198,0.000000000,0.000000000,0.000000000,AERIAL
6.041999817,0.572540522,0.000000000,0.000000000,0.000000000,AERIAL
6.043000221,0.572717190,0.000000000,0.000000000,0.000000000,AERIAL
6.044000149,0.572884202,0.000000000,0.000000000,0.000000000,AERIAL
6.045000076,0.573041558,0.000000000,0.000000000,0.000000000,AERIAL
6.046000004,0.573189199,0.000000000,0.000000000,0.000000000,AERIAL
6.046999931,0.573327184,0.000000000,0.000000000,0.000000000,AERIAL
6.047999859,0.573455513,0.000000000,0.000000000,0.000000000,AERIAL
6.048999786,0.573574245,0.000000000,0.000000000,0.000000000,AERIAL
6.050000191,0.573683262,0.000000000,0.000000000,0.000000000,AERIAL
6.051000118,0.573782623,0.000000000,0.000000000,0.000000000,AERIAL
6.052000046,0.573872328,0.000000000,0.000000000,0.000000000,AERIAL
6.052999973,0.573952377,0.000000000,0.000000000,0.000000000,AERIAL
6.053999901,0.574022770,0.000000000,0.000000000,0.000000000,AERIAL
6.054999828,0.574083507,0.000000000,0.000000000,0.000000000,AERIAL
6.056000233,0.574134648,0.000000000,0.000000000,0.000000000,AERIAL
6.057000160,0.574176073,0.000000000,0.000000000,0.000000000,AERIAL
6.058000088,0.574207902,0.000000000,0.000000000,0.000000000,AERIAL
6.059000015,0.574230075,0.000000000,0.000000000,0.000000000,AERIAL
6.059999943,0.574242592,0.000000000,0.000000000,0.000000000,AERIAL
6.060999870,0.574245453,0.000000000,0.000000000,0.000000000,AERIAL
6.061999798,0.574238718,0.000000000,0.000000000,0.000000000,AERIAL
6.063000202,0.574222326,0.000000000,0.000000000,0.000000000,AERIAL
6.064000130,0.574196279,0.000000000,0.000000000,0.000000000,AERIAL
6.065000057,0.574160576,0.000000000,0.000000000,0.000000000,AERIAL
6.065999985,0.574115276,0.000000000,0.000000000,0.000000000,AERIAL
6.066999912,0.574060321,0.000000000,0.000000000,0.000000000,AERIAL
6.067999840,0.573995769,0.000000000,0.000000000,0.000000000,AERIAL
6.068999767,0.573921561,0.000000000,0.000000000,0.000000000,AERIAL
6.070000172,0.573837698,0.000000000,0.000000000,0.000000000,AERIAL
6.071000099,0.573744178,0.000000000,0.000000000,0.000000000,AERIAL
6.072000027,0.573641062,0.000000000,0.000000000,0.000000000,AERIAL
6.072999954,0.573528290,0.000000000,0.000000000,0.000000000,AERIAL
6.073999882,0.573405921,0.000000000,0.000000000,0.000000000,AERIAL
6.074999809,0.573273897,0.000000000,0.000000000,0.000000000,AERIAL
6.076000214,0.573132277,0.000000000,0.000000000,0.000000000,AERIAL
6.077000141,0.572981000,0.000000000,0.000000000,0.000000000,AERIAL
6.078000069,0.572820067,0.000000000,0.000000000,0.000000000,AERIAL
6.078999996,0.572649539,0.000000000,0.000000000,0.000000000,AERIAL
6.079999924,0.572469354,0.000000000,0.000000000,0.000000000,AERIAL
6.080999851,0.572279572,0.000000000,0.000000000,0.000000000,AERIAL
6.081999779,0.572080135,0.000000000,0.000000000,0.000000000,AERIAL
6.083000183,0.571871042,0.000000000,-0.000000000,0.000000000,AERIAL
6.084000111,0.571652353,0.000000000,-0.000000000,0.000000000,AERIAL
6.085000038,0.571424067,0.000000000,-0.000000000,0.000000000,AERIAL
6.085999966,0.571186066,0.000000000,-0.000000000,0.000000000,AERIAL
6.086999893,0.570938528,0.000000000,-0.000000000,0.000000000,AERIAL
6.087999821,0.570681274,0.000000000,-0.000000000,0.000000000,AERIAL
6.089000225,0.570414424,0.000000000,-0.000000000,0.000000000,AERIAL
6.090000153,0.570137918,0.000000000,-0.000000000,0.000000000,AERIAL
6.091000080,0.569851816,0.000000000,-0.000000000,0.000000000,AERIAL
6.092000008,0.569556057,0.000000000,-0.000000000,0.000000000,AERIAL
6.092999935,0.569250643,0.000000000,-0.000000000,0.000000000,AERIAL
6.093999863,0.568935633,0.000000000,-0.000000000,0.000000000,AERIAL
6.094999790,0.568610907,0.000000000,-0.000000000,0.000000000,AERIAL
6.096000195,0.568276644,0.000000000,-0.000000000,0.000000000,AERIAL
6.097000122,0.567932665,0.000000000,-0.000000000,0.000000000,AERIAL
6.098000050,0.567579091,0.000000000,-0.000000000,0.000000000,AERIAL
6.098999977,0.567215860,0.000000000,-0.000000000,0.000000000,AERIAL
6.099999905,0.566842973,0.000000000,-0.000000000,0.000000000,AERIAL
6.100999832,0.566460490,0.000000000,-0.000000000,0.000000000,AERIAL
6.102000237,0.566068351,0.000000000,-0.000000000,0.000000000,AERIAL
6.103000164,0.565666556,0.000000000,-0.000000000,0.000000000,AERIAL
6.104000092,0.565255105,0.000000000,-0.000000000,0.000000000,AERIAL
6.105000019,0.564834058,0.000000000,-0.000000000,0.000000000,AERIAL
6.105999947,0.564403296,0.000000000,-0.000000000,0.000000000,AERIAL
6.106999874,0.563962936,0.000000000,-0.000000000,0.000000000,AERIAL
6.107999802,0.563512921,0.000000000,-0.000000000,0.000000000,AERIAL
6.109000206,0.563053250,0.000000000,-0.000000000,0.000000000,AERIAL
6.110000134,0.562583923,0.000000000,-0.000000000,0.000000000,AERIAL
6.111000061,0.562104940,0.000000000,-0.000000000,0.000000000,AERIAL
6.111999989,0.561616361,0.000000000,-0.000000000,0.000000000,AERIAL
6.112999916,0.561118066,0.000000000,-0.000000000,0.000000000,AERIAL
6.113999844,0.560610116,0.000000000,-0.000000000,0.000000000,AERIAL
6.114999771,0.560092568,0.000000000,-0.000000000,0.000000000,AERIAL
6.116000175,0.559565306,0.000000000,-0.000000000,0.000000000,AERIAL
6.117000103,0.559028387,0.000000000,-0.000000000,0.000000000,AERIAL
6.118000031,0.558481872,0.000000000,-0.000000000,0.000000000,AERIAL
6.118999958,0.557925642,0.000000000,-0.000000000,0.000000000,AERIAL
6.119999886,0.557359755,0.000000000,-0.000000000,0.000000000,AERIAL
6.120999813,0.556784213,0.000000000,-0.000000000,0.000000000,AERIAL
6.122000217,0.556199014,0.000000000,-0.000000000,0.000000000,AERIAL
6.123000145,0.555604100,0.000000000,-0.000000000,0.000000000,AERIAL
6.124000072,0.554999590,0.000000000,-0.000000000,0.000000000,AERIAL
6.125000000,0.554385364,0.000000000,-0.000000000,0.000000000,AERIAL
6.125999928,0.553761482,0.000000000,-0.000000000,0.000000000,AERIAL
6.126999855,0.553127944,0.000000000,-0.000000000,0.000000000,AERIAL
6.127999783,0.552484691,0.000000000,-0.000000000,0.000000000,AERIAL
6.129000187,0.551831782,0.000000000,-0.000000000,0.000000000,AERIAL
6.130000114,0.551169217,0.000000000,-0.000000000,0.000000000,AERIAL
6.131000042,0.550496936,0.000000000,-0.000000000,0.000000000,AERIAL
6.131999969,0.549814999,0.000000000,-0.000000000,0.000000000,AERIAL
6.132999897,0.549123347,0.000000000,-0.000000000,0.000000000,AERIAL
6.133999825,0.548422039,0.000000000,-0.000000000,0.000000000,AERIAL
6.135000229,0.547711074,0.000000000,-0.000000000,0.000000000,AERIAL
6.136000156,0.546990395,0.000000000,-0.000000000,0.000000000,AERIAL
6.137000084,0.546259999,0.000000000,-0.000000000,0.000000000,AERIAL
6.138000011,0.545519948,0.000000000,-0.000000000,0.000000000,AERIAL
6.138999939,0.544770181,0.000000000,-0.000000000,0.000000000,AERIAL
6.139999866,0.544010699,0.000000000,-0.000000000,0.000000000,AERIAL
6.140999794,0.543241560,0.000000000,-0.000000000,0.000000000,AERIAL
6.142000198,0.542462707,0.000000000,-0.000000000,0.000000000,AERIAL
6.143000126,0.541674137,0.000000000,-0.000000000,0.000000000,AERIAL
6.144000053,0.540875912,0.000000000,-0.000000000,0.000000000,AERIAL
6.144999981,0.540067911,0.000000000,-0.000000000,0.000000000,AERIAL
6.145999908,0.539250255,0.000000000,-0.000000000,0.000000000,AERIAL
6.146999836,0.538422883,0.000000000,-0.000000000,0.000000000,AERIAL
6.147999763,0.537585795,0.000000000,-0.000000000,0.000000000,AERIAL
6.149000168,0.536738992,0.000000000,-0.000000000,0.000000000,AERIAL
6.150000095,0.535882413,0.000000000,-0.000000000,0.000000000,AERIAL
6.151000023,0.535016179,0.000000000,-0.000000000,0.000000000,AERIAL
6.151999950,0.534140229,0.000000000,-0.000000000,0.000000000,AERIAL
6.152999878,0.533254504,0.000000000,-0.000000000,0.000000000,AERIAL
6.153999805,0.532359064,0.000000000,-0.000000000,0.000000000,AERIAL
6.155000210,0.531453907,0.000000000,-0.000000000,0.000000000,AERIAL
6.156000137,0.530539036,0.000000000,-0.000000000,0.000000000,AERIAL
6.157000065,0.529614389,0.000000000,-0.000000000,0.000000000,AERIAL
6.157999992,0.528680027,0.000000000,-0.000000000,0.000000000,AERIAL
6.158999920,0.527735889,0.000000000,-0.000000000,0.000000000,AERIAL
6.159999847,0.526782036,0.000000000,-0.000000000,0.000000000,AERIAL
6.160999775,0.525818408,0.000000000,-0.000000000,0.000000000,AERIAL
6.162000179,0.524845004,0.000000000,-0.000000000,0.000000000,AERIAL
6.163000107,0.523861885,0.000000000,-0.000000000,0.000000000,AERIAL
6.164000034,0.522869051,0.000000000,-0.000000000,0.000000000,AERIAL
6.164999962,0.521866441,0.000000000,-0.000000000,0.000000000,AERIAL
6.165999889,0.520854056,0.000000000,-0.000000000,0.000000000,AERIAL
6.166999817,0.519831896,0.000000000,-0.000000000,0.000000000,AERIAL
6.168000221,0.518800020,0.000000000,-0.000000000,0.000000000,AERIAL
6.169000149,0.517758310,0.000000000,-0.000000000,0.000000000,AERIAL
6.170000076,0.516706884,0.000000000,-0.000000000,0.000000000,AERIAL
6.171000004,0.515645742,0.000000000,-0.000000000,0.000000000,AERIAL
6.171999931,0.514574766,0.000000000,-0.000000000,0.000000000,AERIAL
6.172999859,0.513494074,0.000000000,-0.000000000,0.000000000,AERIAL
6.173999786,0.512403607,0.000000000,-0.000000000,0.000000000,AERIAL
6.175000191,0.511303365,0.000000000,-0.000000000,0.000000000,AERIAL
6.176000118,0.510193348,0.000000000,-0.000000000,0.000000000,AERIAL
6.177000046,0.509073615,0.000000000,-0.000000000,0.000000000,AERIAL
6.177999973,0.507944047,0.000000000,-0.000000000,0.000000000,AERIAL
6.178999901,0.506804764,0.000000000,-0.000000000,0.000000000,AERIAL
6.179999828,0.505655706,0.000000000,-0.000000000,0.000000000,AERIAL
6.181000233,0.504496872,0.000000000,-0.000000000,0.000000000,AERIAL
6.182000160,0.503328264,0.000000000,-0.000000000,0.000000000,AERIAL
6.183000088,0.502149940,0.000000000,0.000000000,0.000000000,AERIAL
6.184000015,0.500961781,0.000000000,0.000000000,0.000000000,AERIAL
6.184999943,0.499763906,0.000000000,0.000000000,0.000000000,AERIAL
6.185999870,0.498556256,0.000000000,0.000000000,0.000000000,AERIAL
6.186999798,0.497338861,0.000000000,0.000000000,0.000000000,AERIAL
6.188000202,0.496111691,0.000000000,0.000000000,0.000000000,AERIAL
6.189000130,0.494874746,0.000000000,0.000000000,0.000000000,AERIAL
6.190000057,0.493628055,0.000000000,0.000000000,0.000000000,AERIAL
6.190999985,0.492371589,0.000000000,0.000000000,0.000000000,AERIAL
6.191999912,0.491105378,0.000000000,0.000000000,0.000000000,AERIAL
6.192999840,0.489829391,0.000000000,0.000000000,0.000000000,AERIAL
6.193999767,0.488543659,0.000000000,0.000000000,0.000000000,AERIAL
6.195000172,0.487248152,0.000000000,0.000000000,0.000000000,AERIAL
6.196000099,0.485942900,0.000000000,0.000000000,0.000000000,AERIAL
6.197000027,0.484627873,0.000000000,0.000000000,0.000000000,AERIAL
6.197999954,0.483303100,0.000000000,0.000000000,0.000000000,AERIAL
6.198999882,0.481968582,0.000000000,0.000000000,0.000000000,AERIAL
6.199999809,0.480624288,0.000000000,0.000000000,0.000000000,AERIAL
6.201000214,0.479270250,0.000000000,0.000000000,0.000000000,AERIAL
6.202000141,0.477906466,0.000000000,0.000000000,0.000000000,AERIAL
6.203000069,0.476532936,0.000000000,0.000000000,0.000000000,AERIAL
6.203999996,0.475149632,0.000000000,0.000000000,0.000000000,AERIAL
6.204999924,0.473756582,0.000000000,0.000000000,0.000000000,AERIAL
6.205999851,0.472353786,0.000000000,0.000000000,0.000000000,AERIAL
6.206999779,0.470941216,0.000000000,0.000000000,0.000000000,AERIAL
6.208000183,0.469518930,0.000000000,0.000000000,0.000000000,AERIAL
6.209000111,0.468086869,0.000000000,0.000000000,0.000000000,AERIAL
6.210000038,0.466645092,0.000000000,0.000000000,0.000000000,AERIAL
6.210999966,0.465193540,0.000000000,0.000000000,0.000000000,AERIAL
6.211999893,0.463732243,0.000000000,0.000000000,0.000000000,AERIAL
6.212999821,0.462261200,0.000000000,0.000000000,0.000000000,AERIAL
6.214000225,0.460780412,0.000000000,0.000000000,0.000000000,AERIAL
6.215000153,0.459289879,0.000000000,0.000000000,0.000000000,AERIAL
6.216000080,0.457789600,0.000000000,0.000000000,0.000000000,AERIAL
6.217000008,0.456279576,0.000000000,0.000000000,0.000000000,AERIAL
6.217999935,0.454759806,0.000000000,0.000000000,0.000000000,AERIAL
6.218999863,0.453230292,0.000000000,0.000000000,0.000000000,AERIAL
6.219999790,0.451691031,0.000000000,0.000000000,0.000000000,AERIAL
6.221000195,0.450142026,0.000000000,0.000000000,0.000000000,AERIAL
6.222000122,0.448583305,0.000000000,0.000000000,0.000000000,AERIAL
6.223000050,0.447014809,0.000000000,0.000000000,0.000000000,AERIAL
6.223999977,0.445436597,0.000000000,0.000000000,0.000000000,AERIAL
6.224999905,0.443848640,0.000000000,0.000000000,0.000000000,AERIAL
6.225999832,0.442250907,0.000000000,0.000000000,0.000000000,AERIAL
6.227000237,0.440643460,0.000000000,0.000000000,0.000000000,AERIAL
6.228000164,0.439026296,0.000000000,0.000000000,0.000000000,AERIAL
6.229000092,0.437399358,0.000000000,0.000000000,0.000000000,AERIAL
6.230000019,0.435762674,0.000000000,0.000000000,0.000000000,AERIAL
6.230999947,0.434116274,0.000000000,0.000000000,0.000000000,AERIAL
6.231999874,0.432460129,0.000000000,0.000000000,0.000000000,AERIAL
6.232999802,0.430794239,0.000000000,0.000000000,0.000000000,AERIAL
6.234000206,0.429118603,0.000000000,0.000000000,0.000000000,AERIAL
6.235000134,0.427433223,0.000000000,0.000000000,0.000000000,AERIAL
6.236000061,0.425738126,0.000000000,0.000000000,0.000000000,AERIAL
6.236999989,0.424033284,0.000000000,0.000000000,0.000000000,AERIAL
6.237999916,0.422318697,0.000000000,0.000000000,0.000000000,AERIAL
6.238999844,0.420594364,0.000000000,0.000000000,0.000000000,AERIAL
6.239999771,0.418860286,0.000000000,0.000000000,0.000000000,AERIAL
6.241000175,0.417116463,0.000000000,0.000000000,0.000000000,AERIAL
6.242000103,0.415362924,0.000000000,0.000000000,0.000000000,AERIAL
6.243000031,0.413599640,0.000000000,-0.000000000,0.000000000,AERIAL
6.243999958,0.411826611,0.000000000,-0.000000000,0.000000000,AERIAL
6.244999886,0.410043836,0.000000000,-0.000000000,0.000000000,AERIAL
6.245999813,0.408251345,0.000000000,-0.000000000,0.000000000,AERIAL
6.247000217,0.406449080,0.000000000,-0.000000000,0.000000000,AERIAL
6.248000145,0.404637098,0.000000000,-0.000000000,0.000000000,AERIAL
6.249000072,0.402815372,0.000000000,-0.000000000,0.000000000,AERIAL
6.250000000,0.400983900,0.000000000,-0.000000000,0.000000000,AERIAL
6.250999928,0.399142683,0.000000000,-0.000000000,0.000000000,AERIAL
6.251999855,0.397291720,0.000000000,-0.000000000,0.000000000,AERIAL
6.252999783,0.395431042,0.000000000,-0.000000000,0.000000000,AERIAL
6.254000187,0.393560588,0.000000000,-0.000000000,0.000000000,AERIAL
6.255000114,0.391680419,0.000000000,-0.000000000,0.000000000,AERIAL
6.256000042,0.389790505,0.000000000,-0.000000000,0.000000000,AERIAL
6.256999969,0.387890846,0.000000000,-0.000000000,0.000000000,AERIAL
6.257999897,0.385981441,0.000000000,-0.000000000,0.000000000,AERIAL
6.258999825,0.384062290,0.000000000,-0.000000000,0.000000000,AERIAL
6.260000229,0.382133394,0.000000000,-0.000000000,0.000000000,AERIAL
6.261000156,0.380194753,0.000000000,-0.000000000,0.000000000,AERIAL
6.262000084,0.378246367,0.000000000,-0.000000000,0.000000000,AERIAL
6.263000011,0.376288265,0.000000000,-0.000000000,0.000000000,AERIAL
6.263999939,0.374320388,0.000000000,-0.000000000,0.000000000,AERIAL
6.264999866,0.372342765,0.000000000,-0.000000000,0.000000000,AERIAL
6.265999794,0.370355427,0.000000000,-0.000000000,0.000000000,AERIAL
6.267000198,0.368358314,0.000000000,-0.000000000,0.000000000,AERIAL
6.268000126,0.366351455,0.000000000,-0.000000000,0.000000000,AERIAL
6.269000053,0.364334881,0.000000000,-0.000000000,0.000000000,AERIAL
6.269999981,0.362308532,0.000000000,-0.000000000,0.000000000,AERIAL
6.270999908,0.360272437,0.000000000,-0.000000000,0.000000000,AERIAL
6.271999836,0.358226597,0.000000000,-0.000000000,0.000000000,AERIAL
6.272999763,0.356171012,0.000000000,-0.000000000,0.000000000,AERIAL
6.274000168,0.354105681,0.000000000,-0.000000000,0.000000000,AERIAL
6.275000095,0.352030605,0.000000000,-0.000000000,0.000000000,AERIAL
6.276000023,0.349945784,0.000000000,-0.000000000,0.000000000,AERIAL
6.276999950,0.347851187,0.000000000,-0.000000000,0.000000000,AERIAL
6.277999878,0.345746875,0.000000000,-0.000000000,0.000000000,AERIAL
6.278999805,0.343632787,0.000000000,-0.000000000,0.000000000,AERIAL
6.280000210,0.341508955,0.000000000,-0.000000000,0.000000000,AERIAL
6.281000137,0.339375377,0.000000000,-0.000000000,0.000000000,AERIAL
6.282000065,0.337232023,0.000000000,-0.000000000,0.000000000,AERIAL
6.282999992,0.335078955,0.000000000,-0.000000000,0.000000000,AERIAL
6.283999920,0.332916111,0.000000000,-0.000000000,0.000000000,AERIAL
6.284999847,0.330743492,0.000000000,-0.000000000,0.000000000,AERIAL
6.285999775,0.328561157,0.000000000,-0.000000000,0.000000000,AERIAL
6.287000179,0.326369047,0.000000000,-0.000000000,0.000000000,AERIAL
6.288000107,0.324167192,0.000000000,-0.000000000,0.000000000,AERIAL
6.289000034,0.321955562,0.000000000,-0.000000000,0.000000000,AERIAL
6.289999962,0.319734186,0.000000000,-0.000000000,0.000000000,AERIAL
6.290999889,0.317503035,0.000000000,-0.000000000,0.000000000,AERIAL
6.291999817,0.315262169,0.000000000,-0.000000000,0.000000000,AERIAL
6.293000221,0.313011497,0.000000000,-0.000000000,0.000000000,AERIAL
6.294000149,0.310751081,0.000000000,-0.000000000,0.000000000,AERIAL
6.295000076,0.308480918,0.000000000,-0.000000000,0.000000000,AERIAL
6.296000004,0.306200981,0.000000000,-0.000000000,0.000000000,AERIAL
6.296999931,0.303911299,0.000000000,-0.000000000,0.000000000,AERIAL
6.297999859,0.301611841,0.000000000,-0.000000000,0.000000000,AERIAL
6.298999786,0.299302608,0.000000000,-0.000000000,0.000000000,AERIAL
6.300000191,0.296983629,0.000000000,-0.000000000,0.000000000,AERIAL
6.301000118,0.294654876,0.000000000,-0.000000000,0.000000000,AERIAL
6.302000046,0.292316347,0.000000000,-0.000000000,0.000000000,AERIAL
6.302999973,0.289968073,0.000000000,-0.000000000,0.000000000,AERIAL
6.303999901,0.287610024,0.000000000,-0.000000000,0.000000000,AERIAL
6.304999828,0.285242230,0.000000000,-0.000000000,0.000000000,AERIAL
6.306000233,0.282864630,0.000000000,-0.000000000,0.000000000,AERIAL
6.307000160,0.280477285,0.000000000,-0.000000000,0.000000000,AERIAL
6.308000088,0.278080165,0.000000000,-0.000000000,0.000000000,AERIAL
6.309000015,0.275673270,0.000000000,-0.000000000,0.000000000,AERIAL
6.309999943,0.273256600,0.000000000,-0.000000000,0.000000000,AERIAL
6.310999870,0.270830154,0.000000000,-0.000000000,0.000000000,AERIAL
6.311999798,0.268393934,0.000000000,-0.000000000,0.000000000,AERIAL
6.313000202,0.265947938,0.000000000,-0.000000000,0.000000000,AERIAL
6.314000130,0.263492197,0.000000000,-0.000000000,0.000000000,AERIAL
6.315000057,0.261026651,0.000000000,-0.000000000,0.000000000,AERIAL
6.315999985,0.258551329,0.000000000,-0.000000000,0.000000000,AERIAL
6.316999912,0.256066233,0.000000000,-0.000000000,0.000000000,AERIAL
6.317999840,0.253571361,0.000000000,-0.000000000,0.000000000,AERIAL
6.318999767,0.251066715,0.000000000,-0.000000000,0.000000000,AERIAL
6.320000172,0.248552278,0.000000000,-0.000000000,0.000000000,AERIAL
6.321000099,0.246028066,0.000000000,-0.000000000,0.000000000,AERIAL
6.322000027,0.243494064,0.000000000,-0.000000000,0.000000000,AERIAL
6.322999954,0.240950286,0.000000000,-0.000000000,0.000000000,AERIAL
6.323999882,0.238396719,0.000000000,-0.000000000,0.000000000,AERIAL
6.324999809,0.235833377,0.000000000,-0.000000000,0.000000000,AERIAL
6.326000214,0.233260244,0.000000000,-0.000000000,0.000000000,AERIAL
6.327000141,0.230677336,0.000000000,-0.000000000,0.000000000,AERIAL
6.328000069,0.228084639,0.000000000,-0.000000000,0.000000000,AERIAL
6.328999996,0.225482151,0.000000000,-0.000000000,0.000000000,AERIAL
6.329999924,0.222869873,0.000000000,-0.000000000,0.000000000,AERIAL
6.330999851,0.220247820,0.000000000,-0.000000000,0.000000000,AERIAL
6.331999779,0.217615992,0.000000000,-0.000000000,0.000000000,AERIAL
6.333000183,0.214974359,0.000000000,-0.000000000,0.000000000,AERIAL
6.334000111,0.212322950,0.000000000,-0.000000000,0.000000000,AERIAL
6.335000038,0.209661752,0.000000000,-0.000000000,0.000000000,AERIAL
6.335999966,0.206990764,0.000000000,-0.000000000,0.000000000,AERIAL
6.336999893,0.204310000,0.000000000,-0.000000000,0.000000000,AERIAL
6.337999821,0.201619446,0.000000000,-0.000000000,0.000000000,AERIAL
6.339000225,0.198919103,0.000000000,-0.000000000,0.000000000,AERIAL
6.340000153,0.196208969,0.000000000,0.000000000,0.000000000,AERIAL
6.341000080,0.193489060,0.000000000,0.000000000,0.000000000,AERIAL
6.342000008,0.190759361,0.000000000,0.000000000,0.000000000,AERIAL
6.342999935,0.188019872,0.000000000,0.000000000,0.000000000,AERIAL
6.343999863,0.185270607,0.000000000,0.000000000,0.000000000,AERIAL
6.344999790,0.182511553,0.000000000,0.000000000,0.000000000,AERIAL
6.346000195,0.179742709,0.000000000,0.000000000,0.000000000,AERIAL
6.347000122,0.176964074,0.000000000,0.000000000,0.000000000,AERIAL
6.348000050,0.174175665,0.000000000,0.000000000,0.000000000,AERIAL
6.348999977,0.171377465,0.000000000,0.000000000,0.000000000,AERIAL
6.349999905,0.168569490,0.000000000,0.000000000,0.000000000,AERIAL
6.350999832,0.165751725,0.000000000,0.000000000,0.000000000,AERIAL
6.352000237,0.162924170,0.000000000,0.000000000,0.000000000,AERIAL
6.353000164,0.160086840,0.000000000,0.000000000,0.000000000,AERIAL
6.354000092,0.157239720,0.000000000,0.000000000,0.000000000,AERIAL
6.355000019,0.154382825,0.000000000,0.000000000,0.000000000,AERIAL
6.355999947,0.151516125,0.000000000,0.000000000,0.000000000,AERIAL
6.356999874,0.148639664,0.000000000,0.000000000,0.000000000,AERIAL
6.357999802,0.145753413,0.000000000,0.000000000,0.000000000,AERIAL
6.359000206,0.142857373,0.000000000,0.000000000,0.000000000,AERIAL
6.360000134,0.139951557,0.000000000,0.000000000,0.000000000,AERIAL
6.361000061,0.137035951,0.000000000,0.000000000,0.000000000,AERIAL
6.361999989,0.134110570,0.000000000,0.000000000,0.000000000,AERIAL
6.362999916,0.131175414,0.000000000,0.000000000,0.000000000,AERIAL
6.363999844,0.128230467,0.000000000,0.000000000,0.000000000,AERIAL
6.364999771,0.125275731,0.000000000,0.000000000,0.000000000,AERIAL
6.366000175,0.122311227,0.000000000,0.000000000,0.000000000,AERIAL
6.367000103,0.119336933,0.000000000,0.000000000,0.000000000,AERIAL
6.368000031,0.116352864,0.000000000,0.000000000,0.000000000,AERIAL
6.368999958,0.113359012,0.000000000,0.000000000,0.000000000,AERIAL
6.369999886,0.110355377,0.000000000,0.000000000,0.000000000,AERIAL
6.370999813,0.107341960,0.000000000,0.000000000,0.000000000,AERIAL
6.372000217,0.104318768,0.000000000,0.000000000,0.000000000,AERIAL
6.373000145,0.101285793,0.000000000,0.000000000,0.000000000,AERIAL
6.374000072,0.098243043,0.000000000,0.000000000,0.000000000,AERIAL
6.375000000,0.095190510,0.000000000,0.000000000,0.000000000,AERIAL
6.375999928,0.092128195,0.000000000,0.000000000,0.000000000,AERIAL
6.376999855,0.089056097,0.000000000,0.000000000,0.000000000,AERIAL
6.377999783,0.085974224,0.000000000,0.000000000,0.000000000,AERIAL
6.379000187,0.082882576,0.000000000,0.000000000,0.000000000,AERIAL
6.380000114,0.079781145,0.000000000,0.000000000,0.000000000,AERIAL
6.381000042,0.076669931,0.000000000,0.000000000,0.000000000,AERIAL
6.381999969,0.073548943,0.000000000,0.000000000,0.000000000,AERIAL
6.382999897,0.070418179,0.000000000,0.000000000,0.000000000,AERIAL
6.383999825,0.067277633,0.000000000,0.000000000,0.000000000,AERIAL
6.385000229,0.064127304,0.000000000,0.000000000,0.000000000,AERIAL
6.386000156,0.060967200,0.000000000,0.000000000,0.000000000,AERIAL
6.387000084,0.057797316,0.000000000,0.000000000,0.000000000,AERIAL
6.388000011,0.054617655,0.000000000,0.000000000,0.000000000,AERIAL
6.388999939,0.051428214,0.000000000,0.000000000,0.000000000,AERIAL
6.389999866,0.048228998,0.000000000,0.000000000,0.000000000,AERIAL
6.390999794,0.045019999,0.000000000,0.000000000,0.000000000,AERIAL
6.392000198,0.041801225,0.000000000,0.000000000,0.000000000,AERIAL
6.393000126,0.038572673,0.000000000,-0.000000000,0.000000000,AERIAL
6.394000053,0.035334341,0.000000000,-0.000000000,0.000000000,AERIAL
6.394999981,0.032086231,0.000000000,-0.000000000,0.000000000,AERIAL
6.395999908,0.028828340,0.000000000,-0.000000000,0.000000000,LANDING
6.396999836,0.025560673,0.000000000,-0.000000000,0.000000000,LANDING
6.397999763,0.022283228,0.000000000,-0.000000000,0.000000000,LANDING
6.399000168,0.018996002,0.000000000,-0.000000000,0.000000000,LANDING
6.400000095,0.015699001,0.000000000,-0.000000000,0.000000000,LANDING
6.401000023,0.012392219,0.000000000,-0.000000000,0.000000000,LANDING
6.401999950,0.009075658,0.000000000,-0.000000000,0.000000000,LANDING
6.402999878,0.005749320,0.000000000,-0.000000000,0.000000000,LANDING
6.403999805,0.002413203,0.000000000,-0.000000000,0.000000000,LANDING
6.405000210,0.002414352,-0.003346657,-3.346657038,4.452078342,SUPPORT
6.406000137,0.002415494,-0.006570977,-3.224319696,5.013110161,SUPPORT
6.407000065,0.002416632,-0.009656349,-3.085372210,5.549964905,SUPPORT
6.407999992,0.002417769,-0.012586873,-2.930524349,6.059875965,SUPPORT
6.408999920,0.002418904,-0.015347445,-2.760572672,6.540215492,SUPPORT
6.409999847,0.002420038,-0.017923838,-2.576392412,6.988507748,SUPPORT
6.410999775,0.002421173,-0.020302771,-2.378931522,7.402441978,SUPPORT
6.412000179,0.002422309,-0.022471977,-2.169207096,7.779883862,SUPPORT
6.413000107,0.002423447,-0.024420276,-1.948300004,8.118887901,SUPPORT
6.414000034,0.002424589,-0.026137626,-1.717348456,8.417706490,SUPPORT
6.414999962,0.002425736,-0.027615167,-1.477542162,8.674798965,SUPPORT
6.415999889,0.002426890,-0.028845284,-1.230116844,8.888839722,SUPPORT
6.416999817,0.002428051,-0.029821632,-0.976347744,9.058724403,SUPPORT
6.418000221,0.002429221,-0.030539175,-0.717542708,9.183576584,SUPPORT
6.419000149,0.002430401,-0.030994210,-0.455036014,9.262752533,SUPPORT
6.420000076,0.002431593,-0.031184392,-0.190180987,9.295844078,SUPPORT
6.421000004,0.002432798,-0.031108735,0.075656794,8.399217606,SUPPORT
6.421999931,0.002434024,-0.030793775,0.314959824,8.343956947,SUPPORT
6.422999859,0.002435263,-0.030241139,0.552636027,8.247797966,SUPPORT
6.423999786,0.002436516,-0.029453674,0.787464619,8.110779762,SUPPORT
6.425000191,0.002437782,-0.028435441,1.018234730,7.933606625,SUPPORT
6.426000118,0.002439063,-0.027191684,1.243756413,7.717193127,SUPPORT
6.427000046,0.002440358,-0.025728816,1.462867022,7.462654114,SUPPORT
6.427999973,0.002441666,-0.024054380,1.674436927,7.171301842,SUPPORT
6.428999901,0.002442988,-0.022177003,1.877375603,6.844638824,SUPPORT
6.429999828,0.002444322,-0.020106368,2.070636988,6.484347820,SUPPORT
6.431000233,0.002445668,-0.017853143,2.253225088,6.092286587,SUPPORT
6.432000160,0.002447025,-0.015428943,2.424199343,5.670475960,SUPPORT
6.433000088,0.002448391,-0.012846264,2.582678556,5.221089840,SUPPORT
6.434000015,0.002449766,-0.010118417,2.727846861,4.746444702,SUPPORT
6.434999943,0.002451149,-0.007259461,2.858956575,4.248986244,SUPPORT
6.435999870,0.002452537,-0.004284128,2.975332737,3.731278181,SUPPORT
6.436999798,0.002453931,-0.001207752,3.076375961,3.195988894,TAKEOFF
6.438000202,0.004258224,0.000000000,1.207751751,0.000000000,TAKEOFF
6.439000130,0.007224346,0.000000000,-0.000000004,0.000000000,TAKEOFF
6.440000057,0.010181062,0.000000000,-0.000000001,0.000000000,TAKEOFF
6.440999985,0.013128371,0.000000000,-0.000000000,0.000000000,TAKEOFF
6.441999912,0.016066274,0.000000000,-0.000000000,0.000000000,TAKEOFF
6.442999840,0.018994769,0.000000000,-0.000000000,0.000000000,TAKEOFF
6.443999767,0.021913858,0.000000000,-0.000000000,0.000000000,TAKEOFF
6.445000172,0.024823537,0.000000000,-0.000000000,0.000000000,TAKEOFF
6.446000099,0.027723812,0.000000000,-0.000000000,0.000000000,TAKEOFF
6.447000027,0.030614676,0.000000000,-0.000000000,0.000000000,AERIAL
6.447999954,0.033496134,0.000000000,-0.000000000,0.000000000,AERIAL
6.448999882,0.036368180,0.000000000,-0.000000000,0.000000000,AERIAL
6.449999809,0.039230820,0.000000000,-0.000000000,0.000000000,AERIAL
6.451000214,0.042084053,0.000000000,-0.000000000,0.000000000,AERIAL
6.452000141,0.044927873,0.000000000,-0.000000000,0.000000000,AERIAL
6.453000069,0.047762286,0.000000000,-0.000000000,0.000000000,AERIAL
6.453999996,0.050587289,0.000000000,-0.000000000,0.000000000,AERIAL
6.454999924,0.053402882,0.000000000,-0.000000000,0.000000000,AERIAL
6.455999851,0.056209065,0.000000000,-0.000000000,0.000000000,AERIAL
6.456999779,0.059005842,0.000000000,-0.000000000,0.000000000,AERIAL
6.458000183,0.061793204,0.000000000,-0.000000000,0.000000000,AERIAL
6.459000111,0.064571157,0.000000000,-0.000000000,0.000000000,AERIAL
6.460000038,0.067339703,0.000000000,-0.000000000,0.000000000,AERIAL
6.460999966,0.070098840,0.000000000,-0.000000000,0.000000000,AERIAL
6.461999893,0.072848558,0.000000000,-0.000000000,0.000000000,AERIAL
6.462999821,0.075588897,0.000000000,0.000000000,0.000000000,AERIAL
6.464000225,0.078319922,0.000000000,0.000000000,0.000000000,AERIAL
6.465000153,0.081041731,0.000000000,0.000000000,0.000000000,AERIAL
6.466000080,0.083754443,0.000000000,0.000000000,0.000000000,AERIAL
6.467000008,0.086458199,0.000000000,0.000000000,0.000000000,AERIAL
6.467999935,0.089153171,0.000000000,0.000000000,0.000000000,AERIAL
6.468999863,0.091839537,0.000000000,0.000000000,0.000000000,AERIAL
6.469999790,0.094517477,0.000000000,0.000000000,0.000000000,AERIAL
6.471000195,0.097187191,0.000000000,0.000000000,0.000000000,AERIAL
6.472000122,0.099848889,0.000000000,0.000000000,0.000000000,AERIAL
6.473000050,0.102502771,0.000000000,0.000000000,0.000000000,AERIAL
6.473999977,0.105149046,0.000000000,0.000000000,0.000000000,AERIAL
6.474999905,0.107787929,0.000000000,0.000000000,0.000000000,AERIAL
6.475999832,0.110419631,0.000000000,0.000000000,0.000000000,AERIAL
6.477000237,0.113044351,0.000000000,0.000000000,0.000000000,AERIAL
6.478000164,0.115662299,0.000000000,0.000000000,0.000000000,AERIAL
6.479000092,0.118273675,0.000000000,0.000000000,0.000000000,AERIAL
6.480000019,0.120878682,0.000000000,0.000000000,0.000000000,AERIAL
6.480999947,0.123477504,0.000000000,0.000000000,0.000000000,AERIAL
6.481999874,0.126070350,0.000000000,0.000000000,0.000000000,AERIAL
6.482999802,0.128657371,0.000000000,0.000000000,0.000000000,AERIAL
6.484000206,0.131238788,0.000000000,0.000000000,0.000000000,AERIAL
6.485000134,0.133814737,0.000000000,0.000000000,0.000000000,AERIAL
6.486000061,0.136385396,0.000000000,0.000000000,0.000000000,AERIAL
6.486999989,0.138950914,0.000000000,0.000000000,0.000000000,AERIAL
6.487999916,0.141511470,0.000000000,0.000000000,0.000000000,AERIAL
6.488999844,0.144067213,0.000000000,0.000000000,0.000000000,AERIAL
6.489999771,0.146618262,0.000000000,0.000000000,0.000000000,AERIAL
6.491000175,0.149164766,0.000000000,0.000000000,0.000000000,AERIAL
6.492000103,0.151706859,0.000000000,0.000000000,0.000000000,AERIAL
6.493000031,0.154244676,0.000000000,0.000000000,0.000000000,AERIAL
6.493999958,0.156778336,0.000000000,0.000000000,0.000000000,AERIAL
6.494999886,0.159307942,0.000000000,0.000000000,0.000000000,AERIAL
6.495999813,0.161833629,0.000000000,0.000000000,0.000000000,AERIAL
6.497000217,0.164355502,0.000000000,0.000000000,0.000000000,AERIAL
6.498000145,0.166873649,0.000000000,0.000000000,0.000000000,AERIAL
6.499000072,0.169388175,0.000000000,0.000000000,0.000000000,AERIAL
6.500000000,0.171899185,0.000000000,0.000000000,0.000000000,AERIAL
6.500999928,0.174406767,0.000000000,0.000000000,0.000000000,AERIAL
6.501999855,0.176910996,0.000000000,0.000000000,0.000000000,AERIAL
6.502999783,0.179411978,0.000000000,0.000000000,0.000000000,AERIAL
6.504000187,0.181909785,0.000000000,0.000000000,0.000000000,AERIAL
6.505000114,0.184404492,0.000000000,0.000000000,0.000000000,AERIAL
6.506000042,0.186896190,0.000000000,0.000000000,0.000000000,AERIAL
6.506999969,0.189384952,0.000000000,0.000000000,0.000000000,AERIAL
6.507999897,0.191870838,0.000000000,0.000000000,0.000000000,AERIAL
6.508999825,0.194353923,0.000000000,0.000000000,0.000000000,AERIAL
6.510000229,0.196834266,0.000000000,0.000000000,0.000000000,AERIAL
6.511000156,0.199311957,0.000000000,0.000000000,0.000000000,AERIAL
6.512000084,0.201787025,0.000000000,0.000000000,0.000000000,AERIAL
6.513000011,0.204259545,0.000000000,0.000000000,0.000000000,AERIAL
6.513999939,0.206729576,0.000000000,0.000000000,0.000000000,AERIAL
6.514999866,0.209197193,0.000000000,0.000000000,0.000000000,AERIAL
6.515999794,0.211662456,0.000000000,0.000000000,0.000000000,AERIAL
6.517000198,0.214125395,0.000000000,0.000000000,0.000000000,AERIAL
6.518000126,0.216586098,0.000000000,0.000000000,0.000000000,AERIAL
6.519000053,0.219044596,0.000000000,0.000000000,0.000000000,AERIAL
6.519999981,0.221500948,0.000000000,0.000000000,0.000000000,AERIAL
6.520999908,0.223955199,0.000000000,0.000000000,0.000000000,AERIAL
6.521999836,0.226407394,0.000000000,0.000000000,0.000000000,AERIAL
6.522999763,0.228857607,0.000000000,0.000000000,0.000000000,AERIAL
6.524000168,0.231305882,0.000000000,0.000000000,0.000000000,AERIAL
6.525000095,0.233752266,0.000000000,0.000000000,0.000000000,AERIAL
6.526000023,0.236196816,0.000000000,0.000000000,0.000000000,AERIAL
6.526999950,0.238639563,0.000000000,0.000000000,0.000000000,AERIAL
6.527999878,0.241080582,0.000000000,0.000000000,0.000000000,AERIAL
6.528999805,0.243519917,0.000000000,0.000000000,0.000000000,AERIAL
6.530000210,0.245957598,0.000000000,0.000000000,0.000000000,AERIAL
6.531000137,0.248393670,0.000000000,0.000000000,0.000000000,AERIAL
6.532000065,0.250828177,0.000000000,0.000000000,0.000000000,AERIAL
6.532999992,0.253261209,0.000000000,0.000000000,0.000000000,AERIAL
6.533999920,0.255692750,0.000000000,0.000000000,0.000000000,AERIAL
6.534999847,0.258122891,0.000000000,0.000000000,0.000000000,AERIAL
6.535999775,0.260551661,0.000000000,0.000000000,0.000000000,AERIAL
6.537000179,0.262979120,0.000000000,0.000000000,0.000000000,AERIAL
6.538000107,0.265405327,0.000000000,0.000000000,0.000000000,AERIAL
6.539000034,0.267830282,0.000000000,0.000000000,0.000000000,AERIAL
6.539999962,0.270254076,0.000000000,0.000000000,0.000000000,AERIAL
6.540999889,0.272676706,0.000000000,0.000000000,0.000000000,AERIAL
6.541999817,0.275098234,0.000000000,0.000000000,0.000000000,AERIAL
6.543000221,0.277518719,0.000000000,0.000000000,0.000000000,AERIAL
6.544000149,0.279938161,0.000000000,0.000000000,0.000000000,AERIAL
6.545000076,0.282356232,0.000000000,-0.000000000,0.000000000,AERIAL
6.546000004,0.284772605,0.000000000,-0.000000000,0.000000000,AERIAL
6.546999931,0.287186950,0.000000000,-0.000000000,0.000000000,AERIAL
6.547999859,0.289598972,0.000000000,-0.000000000,0.000000000,AERIAL
6.548999786,0.292008400,0.000000000,-0.000000000,0.000000000,AERIAL
6.550000191,0.294414937,0.000000000,-0.000000000,0.000000000,AERIAL
6.551000118,0.296818346,0.000000000,-0.000000000,0.000000000,AERIAL
6.552000046,0.299218386,0.000000000,-0.000000000,0.000000000,AERIAL
6.552999973,0.301614821,0.000000000,-0.000000000,0.000000000,AERIAL
6.553999901,0.304007381,0.000000000,-0.000000000,0.000000000,AERIAL
6.554999828,0.306395859,0.000000000,-0.000000000,0.000000000,AERIAL
6.556000233,0.308780074,0.000000000,-0.000000000,0.000000000,AERIAL
6.557000160,0.311159819,0.000000000,-0.000000000,0.000000000,AERIAL
6.558000088,0.313534886,0.000000000,-0.000000000,0.000000000,AERIAL
6.559000015,0.315905094,0.000000000,-0.000000000,0.000000000,AERIAL
6.559999943,0.318270326,0.000000000,-0.000000000,0.000000000,AERIAL
6.560999870,0.320630342,0.000000000,-0.000000000,0.000000000,AERIAL
6.561999798,0.322985053,0.000000000,-0.000000000,0.000000000,AERIAL
6.563000202,0.325334281,0.000000000,-0.000000000,0.000000000,AERIAL
6.564000130,0.327677846,0.000000000,-0.000000000,0.000000000,AERIAL
6.565000057,0.330015630,0.000000000,-0.000000000,0.000000000,AERIAL
6.565999985,0.332347453,0.000000000,-0.000000000,0.000000000,AERIAL
6.566999912,0.334673196,0.000000000,-0.000000000,0.000000000,AERIAL
6.567999840,0.336992770,0.000000000,-0.000000000,0.000000000,AERIAL
6.568999767,0.339305997,0.000000000,-0.000000000,0.000000000,AERIAL
6.570000172,0.341612756,0.000000000,-0.000000000,0.000000000,AERIAL
6.571000099,0.343912989,0.000000000,-0.000000000,0.000000000,AERIAL
6.572000027,0.346206546,0.000000000,-0.000000000,0.000000000,AERIAL
6.572999954,0.348493367,0.000000000,-0.000000000,0.000000000,AERIAL
6.573999882,0.350773394,0.000000000,-0.000000000,0.000000000,AERIAL
6.574999809,0.353046536,0.000000000,-0.000000000,0.000000000,AERIAL
6.576000214,0.355312735,0.000000000,-0.000000000,0.000000000,AERIAL
6.577000141,0.357571959,0.000000000,-0.000000000,0.000000000,AERIAL
6.578000069,0.359824121,0.000000000,-0.000000000,0.000000000,AERIAL
6.578999996,0.362069160,0.000000000,-0.000000000,0.000000000,AERIAL
6.579999924,0.364307046,0.000000000,-0.000000000,0.000000000,AERIAL
6.580999851,0.366537720,0.000000000,-0.000000000,0.000000000,AERIAL
6.581999779,0.368761122,0.000000000,-0.000000000,0.000000000,AERIAL
6.583000183,0.370977193,0.000000000,-0.000000000,0.000000000,AERIAL
6.584000111,0.373185903,0.000000000,-0.000000000,0.000000000,AERIAL
6.585000038,0.375387251,0.000000000,-0.000000000,0.000000000,AERIAL
6.585999966,0.377581149,0.000000000,-0.000000000,0.000000000,AERIAL
6.586999893,0.379767597,0.000000000,-0.000000000,0.000000000,AERIAL
6.587999821,0.381946534,0.000000000,-0.000000000,0.000000000,AERIAL
6.589000225,0.384117931,0.000000000,-0.000000000,0.000000000,AERIAL
6.590000153,0.386281788,0.000000000,-0.000000000,0.000000000,AERIAL
6.591000080,0.388438016,0.000000000,-0.000000000,0.000000000,AERIAL
6.592000008,0.390586644,0.000000000,-0.000000000,0.000000000,AERIAL
6.592999935,0.392727584,0.000000000,-0.000000000,0.000000000,AERIAL
6.593999863,0.394860864,0.000000000,-0.000000000,0.000000000,AERIAL
6.594999790,0.396986425,0.000000000,-0.000000000,0.000000000,AERIAL
6.596000195,0.399104238,0.000000000,-0.000000000,0.000000000,AERIAL
6.597000122,0.401214302,0.000000000,-0.000000000,0.000000000,AERIAL
6.598000050,0.403316617,0.000000000,-0.000000000,0.000000000,AERIAL
6.598999977,0.405411094,0.000000000,-0.000000000,0.000000000,AERIAL
6.599999905,0.407497734,0.000000000,-0.000000000,0.000000000,AERIAL
6.600999832,0.409576535,0.000000000,-0.000000000,0.000000000,AERIAL
6.602000237,0.411647469,0.000000000,-0.000000000,0.000000000,AERIAL
6.603000164,0.413710505,0.000000000,-0.000000000,0.000000000,AERIAL
6.604000092,0.415765643,0.000000000,-0.000000000,0.000000000,AERIAL
6.605000019,0.417812854,0.000000000,-0.000000000,0.000000000,AERIAL
6.605999947,0.419852108,0.000000000,-0.000000000,0.000000000,AERIAL
6.606999874,0.421883434,0.000000000,-0.000000000,0.000000000,AERIAL
6.607999802,0.423906773,0.000000000,-0.000000000,0.000000000,AERIAL
6.609000206,0.425922096,0.000000000,-0.000000000,0.000000000,AERIAL
6.610000134,0.427929431,0.000000000,-0.000000000,0.000000000,AERIAL
6.611000061,0.429928750,0.000000000,-0.000000000,0.000000000,AERIAL
6.611999989,0.431920022,0.000000000,-0.000000000,0.000000000,AERIAL
6.612999916,0.433903217,0.000000000,-0.000000000,0.000000000,AERIAL
6.613999844,0.435878366,0.000000000,-0.000000000,0.000000000,AERIAL
6.614999771,0.437845409,0.000000000,-0.000000000,0.000000000,AERIAL
6.616000175,0.439804345,0.000000000,-0.000000000,0.000000000,AERIAL
6.617000103,0.441755176,0.000000000,-0.000000000,0.000000000,AERIAL
6.618000031,0.443697870,0.000000000,-0.000000000,0.000000000,AERIAL
6.618999958,0.445632428,0.000000000,-0.000000000,0.000000000,AERIAL
6.619999886,0.447558790,0.000000000,-0.000000000,0.000000000,AERIAL
6.620999813,0.449477017,0.000000000,-0.000000000,0.000000000,AERIAL
6.622000217,0.451387018,0.000000000,-0.000000000,0.000000000,AERIAL
6.623000145,0.453288823,0.000000000,-0.000000000,0.000000000,AERIAL
6.624000072,0.455182403,0.000000000,-0.000000000,0.000000000,AERIAL
6.625000000,0.457067758,0.000000000,-0.000000000,0.000000000,AERIAL
6.625999928,0.458944857,0.000000000,-0.000000000,0.000000000,AERIAL
6.626999855,0.460813671,0.000000000,-0.000000000,0.000000000,AERIAL
6.627999783,0.462674230,0.000000000,-0.000000000,0.000000000,AERIAL
6.629000187,0.464526504,0.000000000,-0.000000000,0.000000000,AERIAL
6.630000114,0.466370463,0.000000000,-0.000000000,0.000000000,AERIAL
6.631000042,0.468206108,0.000000000,-0.000000000,0.000000000,AERIAL
6.631999969,0.470033407,0.000000000,-0.000000000,0.000000000,AERIAL
6.632999897,0.471852392,0.000000000,-0.000000000,0.000000000,AERIAL
6.633999825,0.473662972,0.000000000,-0.000000000,0.000000000,AERIAL
6.635000229,0.475465208,0.000000000,-0.000000000,0.000000000,AERIAL
6.636000156,0.477259070,0.000000000,-0.000000000,0.000000000,AERIAL
6.637000084,0.479044497,0.000000000,-0.000000000,0.000000000,AERIAL
6.638000011,0.480821520,0.000000000,-0.000000000,0.000000000,AERIAL
6.638999939,0.482590109,0.000000000,-0.000000000,0.000000000,AERIAL
6.639999866,0.484350294,0.000000000,-0.000000000,0.000000000,AERIAL
6.640999794,0.486101985,0.000000000,-0.000000000,0.000000000,AERIAL
6.642000198,0.487845212,0.000000000,-0.000000000,0.000000000,AERIAL
6.643000126,0.489579976,0.000000000,-0.000000000,0.000000000,AERIAL
6.644000053,0.491306245,0.000000000,-0.000000000,0.000000000,AERIAL
6.644999981,0.493023992,0.000000000,-0.000000000,0.000000000,AERIAL
6.645999908,0.494733244,0.000000000,-0.000000000,0.000000000,AERIAL
6.646999836,0.496433914,0.000000000,-0.000000000,0.000000000,AERIAL
6.647999763,0.498126090,0.000000000,-0.000000000,0.000000000,AERIAL
6.649000168,0.499809653,0.000000000,-0.000000000,0.000000000,AERIAL
6.650000095,0.501484692,0.000000000,-0.000000000,0.000000000,AERIAL
6.651000023,0.503151119,0.000000000,-0.000000000,0.000000000,AERIAL
6.651999950,0.504808962,0.000000000,-0.000000000,0.000000000,AERIAL
6.652999878,0.506458163,0.000000000,-0.000000000,0.000000000,AERIAL
6.653999805,0.508098781,0.000000000,-0.000000000,0.000000000,AERIAL
6.655000210,0.509730756,0.000000000,-0.000000000,0.000000000,AERIAL
6.656000137,0.511354029,0.000000000,-0.000000000,0.000000000,AERIAL
6.657000065,0.512968719,0.000000000,-0.000000000,0.000000000,AERIAL
6.657999992,0.514574707,0.000000000,-0.000000000,0.000000000,AERIAL
6.658999920,0.516171992,0.000000000,-0.000000000,0.000000000,AERIAL
6.659999847,0.517760575,0.000000000,-0.000000000,0.000000000,AERIAL
6.660999775,0.519340456,0.000000000,-0.000000000,0.000000000,AERIAL
6.662000179,0.520911694,0.000000000,-0.000000000,0.000000000,AERIAL
6.663000107,0.522474110,0.000000000,-0.000000000,0.000000000,AERIAL
6.664000034,0.524027824,0.000000000,-0.000000000,0.000000000,AERIAL
6.664999962,0.525572777,0.000000000,-0.000000000,0.000000000,AERIAL
6.665999889,0.527108967,0.000000000,-0.000000000,0.000000000,AERIAL
6.666999817,0.528636396,0.000000000,-0.000000000,0.000000000,AERIAL
6.668000221,0.530155003,0.000000000,-0.000000000,0.000000000,AERIAL
6.669000149,0.531664848,0.000000000,-0.000000000,0.000000000,AERIAL
6.670000076,0.533165872,0.000000000,-0.000000000,0.000000000,AERIAL
6.671000004,0.534658074,0.000000000,-0.000000000,0.000000000,AERIAL
6.671999931,0.536141455,0.000000000,-0.000000000,0.000000000,AERIAL
6.672999859,0.537615955,0.000000000,-0.000000000,0.000000000,AERIAL
6.673999786,0.539081633,0.000000000,-0.000000000,0.000000000,AERIAL
6.675000191,0.540538430,0.000000000,-0.000000000,0.000000000,AERIAL
6.676000118,0.541986406,0.000000000,-0.000000000,0.000000000,AERIAL
6.677000046,0.543425441,0.000000000,-0.000000000,0.000000000,AERIAL
6.677999973,0.544855595,0.000000000,-0.000000000,0.000000000,AERIAL
6.678999901,0.546276867,0.000000000,-0.000000000,0.000000000,AERIAL
6.679999828,0.547689199,0.000000000,-0.000000000,0.000000000,AERIAL
6.681000233,0.549092591,0.000000000,-0.000000000,0.000000000,AERIAL
6.682000160,0.550487041,0.000000000,-0.000000000,0.000000000,AERIAL
6.683000088,0.551872611,0.000000000,-0.000000000,0.000000000,AERIAL
6.684000015,0.553249180,0.000000000,-0.000000000,0.000000000,AERIAL
6.684999943,0.554616749,0.000000000,-0.000000000,0.000000000,AERIAL
6.685999870,0.555975378,0.000000000,-0.000000000,0.000000000,AERIAL
6.686999798,0.557325006,0.000000000,-0.000000000,0.000000000,AERIAL
6.688000202,0.558665633,0.000000000,-0.000000000,0.000000000,AERIAL
6.689000130,0.559997261,0.000000000,-0.000000000,0.000000000,AERIAL
6.690000057,0.561319828,0.000000000,-0.000000000,0.000000000,AERIAL
6.690999985,0.562633395,0.000000000,-0.000000000,0.000000000,AERIAL
6.691999912,0.563937902,0.000000000,-0.000000000,0.000000000,AERIAL
6.692999840,0.565233409,0.000000000,-0.000000000,0.000000000,AERIAL
6.693999767,0.566519797,0.000000000,-0.000000000,0.000000000,AERIAL
6.695000172,0.567797124,0.000000000,-0.000000000,0.000000000,AERIAL
6.696000099,0.569065392,0.000000000,-0.000000000,0.000000000,AERIAL
6.697000027,0.570324540,0.000000000,-0.000000000,0.000000000,AERIAL
6.697999954,0.571574628,0.000000000,-0.000000000,0.000000000,AERIAL
6.698999882,0.572815537,0.000000000,-0.000000000,0.000000000,AERIAL
6.699999809,0.574047327,0.000000000,-0.000000000,0.000000000,AERIAL
6.701000214,0.575270057,0.000000000,-0.000000000,0.000000000,AERIAL
6.702000141,0.576483548,0.000000000,-0.000000000,0.000000000,AERIAL
6.703000069,0.577687919,0.000000000,-0.000000000,0.000000000,AERIAL
6.703999996,0.578883171,0.000000000,-0.000000000,0.000000000,AERIAL
6.704999924,0.580069184,0.000000000,-0.000000000,0.000000000,AERIAL
6.705999851,0.581246018,0.000000000,-0.000000000,0.000000000,AERIAL
6.706999779,0.582413673,0.000000000,-0.000000000,0.000000000,AERIAL
6.708000183,0.583572090,0.000000000,-0.000000000,0.000000000,AERIAL
6.709000111,0.584721327,0.000000000,-0.000000000,0.000000000,AERIAL
6.710000038,0.585861325,0.000000000,-0.000000000,0.000000000,AERIAL
6.710999966,0.586992025,0.000000000,-0.000000000,0.000000000,AERIAL
6.711999893,0.588113546,0.000000000,-0.000000000,0.000000000,AERIAL
6.712999821,0.589225769,0.000000000,-0.000000000,0.000000000,AERIAL
6.714000225,0.590328693,0.000000000,-0.000000000,0.000000000,AERIAL
6.715000153,0.591422379,0.000000000,-0.000000000,0.000000000,AERIAL
6.716000080,0.592506766,0.000000000,-0.000000000,0.000000000,AERIAL
6.717000008,0.593581796,0.000000000,-0.000000000,0.000000000,AERIAL
6.717999935,0.594647586,0.000000000,-0.000000000,0.000000000,AERIAL
6.718999863,0.595703959,0.000000000,-0.000000000,0.000000000,AERIAL
6.719999790,0.596751034,0.000000000,-0.000000000,0.000000000,AERIAL
6.721000195,0.597788751,0.000000000,-0.000000000,0.000000000,AERIAL
6.722000122,0.598817170,0.000000000,-0.000000000,0.000000000,AERIAL
6.723000050,0.599836111,0.000000000,-0.000000000,0.000000000,AERIAL
6.723999977,0.600845754,0.000000000,-0.000000000,0.000000000,AERIAL
6.724999905,0.601845920,0.000000000,-0.000000000,0.000000000,AERIAL
6.725999832,0.602836728,0.000000000,-0.000000000,0.000000000,AERIAL
6.727000237,0.603818059,0.000000000,-0.000000000,0.000000000,AERIAL
6.728000164,0.604789972,0.000000000,-0.000000000,0.000000000,AERIAL
6.729000092,0.605752409,0.000000000,-0.000000000,0.000000000,AERIAL
6.730000019,0.606705368,0.000000000,-0.000000000,0.000000000,AERIAL
6.730999947,0.607648849,0.000000000,-0.000000000,0.000000000,AERIAL
6.731999874,0.608582914,0.000000000,-0.000000000,0.000000000,AERIAL
6.732999802,0.609507382,0.000000000,-0.000000000,0.000000000,AERIAL
6.734000206,0.610422373,0.000000000,-0.000000000,0.000000000,AERIAL
6.735000134,0.611327887,0.000000000,-0.000000000,0.000000000,AERIAL
6.736000061,0.612223864,0.000000000,-0.000000000,0.000000000,AERIAL
6.736999989,0.613110304,0.000000000,-0.000000000,0.000000000,AERIAL
6.737999916,0.613987207,0.000000000,-0.000000000,0.000000000,AERIAL
6.738999844,0.614854634,0.000000000,-0.000000000,0.000000000,AERIAL
6.739999771,0.615712464,0.000000000,-0.000000000,0.000000000,AERIAL
6.741000175,0.616560757,0.000000000,-0.000000000,0.000000000,AERIAL
6.742000103,0.617399514,0.000000000,-0.000000000,0.000000000,AERIAL
6.743000031,0.618228674,0.000000000,-0.000000000,0.000000000,AERIAL
6.743999958,0.619048357,0.000000000,-0.000000000,0.000000000,AERIAL
6.744999886,0.619858444,0.000000000,-0.000000000,0.000000000,AERIAL
6.745999813,0.620658994,0.000000000,-0.000000000,0.000000000,AERIAL
6.747000217,0.621449947,0.000000000,-0.000000000,0.000000000,AERIAL
6.748000145,0.622231424,0.000000000,-0.000000000,0.000000000,AERIAL
6.749000072,0.623003304,0.000000000,-0.000000000,0.000000000,AERIAL
6.750000000,0.623765588,0.000000000,-0.000000000,0.000000000,AERIAL
6.750999928,0.624518335,0.000000000,-0.000000000,0.000000000,AERIAL
6.751999855,0.625261545,0.000000000,-0.000000000,0.000000000,AERIAL
6.752999783,0.625995219,0.000000000,0.000000000,0.000000000,AERIAL
6.754000187,0.626719296,0.000000000,0.000000000,0.000000000,AERIAL
6.755000114,0.627433836,0.000000000,0.000000000,0.000000000,AERIAL
6.756000042,0.628138781,0.000000000,0.000000000,0.000000000,AERIAL
6.756999969,0.628834188,0.000000000,0.000000000,0.000000000,AERIAL
6.757999897,0.629520059,0.000000000,0.000000000,0.000000000,AERIAL
6.758999825,0.630196393,0.000000000,0.000000000,0.000000000,AERIAL
6.760000229,0.630863190,0.000000000,0.000000000,0.000000000,AERIAL
6.761000156,0.631520391,0.000000000,0.000000000,0.000000000,AERIAL
6.762000084,0.632168114,0.000000000,0.000000000,0.000000000,AERIAL
6.763000011,0.632806242,0.000000000,0.000000000,0.000000000,AERIAL
6.763999939,0.633434832,0.000000000,0.000000000,0.000000000,AERIAL
6.764999866,0.634053886,0.000000000,0.000000000,0.000000000,AERIAL
6.765999794,0.634663403,0.000000000,0.000000000,0.000000000,AERIAL
6.767000198,0.635263383,0.000000000,0.000000000,0.000000000,AERIAL
6.768000126,0.635853827,0.000000000,0.000000000,0.000000000,AERIAL
6.769000053,0.636434793,0.000000000,0.000000000,0.000000000,AERIAL
6.769999981,0.637006164,0.000000000,0.000000000,0.000000000,AERIAL
6.770999908,0.637568057,0.000000000,0.000000000,0.000000000,AERIAL
6.771999836,0.638120413,0.000000000,0.000000000,0.000000000,AERIAL
6.772999763,0.638663232,0.000000000,0.000000000,0.000000000,AERIAL
6.774000168,0.639196515,0.000000000,0.000000000,0.000000000,AERIAL
6.775000095,0.639720321,0.000000000,0.000000000,0.000000000,AERIAL
6.776000023,0.640234590,0.000000000,0.000000000,0.000000000,AERIAL
6.776999950,0.640739381,0.000000000,0.000000000,0.000000000,AERIAL
6.777999878,0.641234636,0.000000000,0.000000000,0.000000000,AERIAL
6.778999805,0.641720414,0.000000000,0.000000000,0.000000000,AERIAL
6.780000210,0.642196655,0.000000000,0.000000000,0.000000000,AERIAL
6.781000137,0.642663360,0.000000000,0.000000000,0.000000000,AERIAL
6.782000065,0.643120646,0.000000000,0.000000000,0.000000000,AERIAL
6.782999992,0.643568397,0.000000000,0.000000000,0.000000000,AERIAL
6.783999920,0.644006610,0.000000000,0.000000000,0.000000000,AERIAL
6.784999847,0.644435406,0.000000000,0.000000000,0.000000000,AERIAL
6.785999775,0.644854665,0.000000000,0.000000000,0.000000000,AERIAL
6.787000179,0.645264387,0.000000000,0.000000000,0.000000000,AERIAL
6.788000107,0.645664692,0.000000000,0.000000000,0.000000000,AERIAL
6.789000034,0.646055460,0.000000000,0.000000000,0.000000000,AERIAL
6.789999962,0.646436810,0.000000000,0.000000000,0.000000000,AERIAL
6.790999889,0.646808624,0.000000000,0.000000000,0.000000000,AERIAL
6.791999817,0.647170961,0.000000000,0.000000000,0.000000000,AERIAL
6.793000221,0.647523761,0.000000000,0.000000000,0.000000000,AERIAL
6.794000149,0.647867143,0.000000000,0.000000000,0.000000000,AERIAL
6.795000076,0.648200989,0.000000000,0.000000000,0.000000000,AERIAL
6.796000004,0.648525417,0.000000000,0.000000000,0.000000000,AERIAL
6.796999931,0.648840308,0.000000000,0.000000000,0.000000000,AERIAL
6.797999859,0.649145722,0.000000000,0.000000000,0.000000000,AERIAL
6.798999786,0.649441659,0.000000000,0.000000000,0.000000000,AERIAL
6.800000191,0.649728179,0.000000000,0.000000000,0.000000000,AERIAL
6.801000118,0.650005102,0.000000000,0.000000000,0.000000000,AERIAL
6.802000046,0.650272608,0.000000000,0.000000000,0.000000000,AERIAL
6.802999973,0.650530636,0.000000000,-0.000000000,0.000000000,AERIAL
6.803999901,0.650779188,0.000000000,-0.000000000,0.000000000,AERIAL
6.804999828,0.651018202,0.000000000,-0.000000000,0.000000000,AERIAL
6.806000233,0.651247799,0.000000000,-0.000000000,0.000000000,AERIAL
6.807000160,0.651467860,0.000000000,-0.000000000,0.000000000,AERIAL
6.808000088,0.651678443,0.000000000,-0.000000000,0.000000000,AERIAL
6.809000015,0.651879549,0.000000000,-0.000000000,0.000000000,AERIAL
6.809999943,0.652071178,0.000000000,-0.000000000,0.000000000,AERIAL
6.810999870,0.652253270,0.000000000,-0.000000000,0.000000000,AERIAL
6.811999798,0.652425945,0.000000000,-0.000000000,0.000000000,AERIAL
6.813000202,0.652589083,0.000000000,-0.000000000,0.000000000,AERIAL
6.814000130,0.652742743,0.000000000,-0.000000000,0.000000000,AERIAL
6.815000057,0.652886868,0.000000000,-0.000000000,0.000000000,AERIAL
6.815999985,0.653021574,0.000000000,-0.000000000,0.000000000,AERIAL
6.816999912,0.653146684,0.000000000,-0.000000000,0.000000000,AERIAL
6.817999840,0.653262377,0.000000000,-0.000000000,0.000000000,AERIAL
6.818999767,0.653368533,0.000000000,-0.000000000,0.000000000,AERIAL
6.820000172,0.653465211,0.000000000,-0.000000000,0.000000000,AERIAL
6.821000099,0.653552353,0.000000000,-0.000000000,0.000000000,AERIAL
6.822000027,0.653630018,0.000000000,-0.000000000,0.000000000,AERIAL
6.822999954,0.653698146,0.000000000,-0.000000000,0.000000000,AERIAL
6.823999882,0.653756797,0.000000000,-0.000000000,0.000000000,AERIAL
6.824999809,0.653805912,0.000000000,-0.000000000,0.000000000,AERIAL
6.826000214,0.653845549,0.000000000,-0.000000000,0.000000000,AERIAL
6.827000141,0.653875649,0.000000000,-0.000000000,0.000000000,AERIAL
6.828000069,0.653896213,0.000000000,-0.000000000,0.000000000,AERIAL
6.828999996,0.653907299,0.000000000,-0.000000000,0.000000000,AERIAL
6.829999924,0.653908849,0.000000000,-0.000000000,0.000000000,AERIAL
6.830999851,0.653900862,0.000000000,-0.000000000,0.000000000,AERIAL
6.831999779,0.653883338,0.000000000,-0.000000000,0.000000000,AERIAL
6.833000183,0.653856337,0.000000000,-0.000000000,0.000000000,AERIAL
6.834000111,0.653819740,0.000000000,-0.000000000,0.000000000,AERIAL
6.835000038,0.653773665,0.000000000,-0.000000000,0.000000000,AERIAL
6.835999966,0.653718054,0.000000000,-0.000000000,0.000000000,AERIAL
6.836999893,0.653652906,0.000000000,-0.000000000,0.000000000,AERIAL
6.837999821,0.653578162,0.000000000,-0.000000000,0.000000000,AERIAL
6.839000225,0.653493941,0.000000000,-0.000000000,0.000000000,AERIAL
6.840000153,0.653400123,0.000000000,-0.000000000,0.000000000,AERIAL
6.841000080,0.653296769,0.000000000,-0.000000000,0.000000000,AERIAL
6.842000008,0.653183877,0.000000000,-0.000000000,0.000000000,AERIAL
6.842999935,0.653061450,0.000000000,-0.000000000,0.000000000,AERIAL
6.843999863,0.652929485,0.000000000,-0.000000000,0.000000000,AERIAL
6.844999790,0.652787924,0.000000000,-0.000000000,0.000000000,AERIAL
6.846000195,0.652636766,0.000000000,-0.000000000,0.000000000,AERIAL
6.847000122,0.652476132,0.000000000,-0.000000000,0.000000000,AERIAL
6.848000050,0.652305841,0.000000000,-0.000000000,0.000000000,AERIAL
6.848999977,0.652126074,0.000000000,-0.000000000,0.000000000,AERIAL
6.849999905,0.651936650,0.000000000,-0.000000000,0.000000000,AERIAL
6.850999832,0.651737690,0.000000000,-0.000000000,0.000000000,AERIAL
6.852000237,0.651529133,0.000000000,-0.000000000,0.000000000,AERIAL
6.853000164,0.651311040,0.000000000,-0.000000000,0.000000000,AERIAL
6.854000092,0.651083350,0.000000000,-0.000000000,0.000000000,AERIAL
6.855000019,0.650846064,0.000000000,-0.000000000,0.000000000,AERIAL
6.855999947,0.650599182,0.000000000,-0.000000000,0.000000000,AERIAL
6.856999874,0.650342703,0.000000000,-0.000000000,0.000000000,AERIAL
6.857999802,0.650076628,0.000000000,-0.000000000,0.000000000,AERIAL
6.859000206,0.649800956,0.000000000,-0.000000000,0.000000000,AERIAL
6.860000134,0.649515688,0.000000000,-0.000000000,0.000000000,AERIAL
6.861000061,0.649220824,0.000000000,-0.000000000,0.000000000,AERIAL
6.861999989,0.648916364,0.000000000,-0.000000000,0.000000000,AERIAL
6.862999916,0.648602247,0.000000000,-0.000000000,0.000000000,AERIAL
6.863999844,0.648278534,0.000000000,-0.000000000,0.000000000,AERIAL
6.864999771,0.647945225,0.000000000,-0.000000000,0.000000000,AERIAL
6.866000175,0.647602260,0.000000000,-0.000000000,0.000000000,AERIAL
6.867000103,0.647249699,0.000000000,-0.000000000,0.000000000,AERIAL
6.868000031,0.646887481,0.000000000,-0.000000000,0.000000000,AERIAL
6.868999958,0.646515667,0.000000000,-0.000000000,0.000000000,AERIAL
6.869999886,0.646134198,0.000000000,-0.000000000,0.000000000,AERIAL
6.870999813,0.645743072,0.000000000,-0.000000000,0.000000000,AERIAL
6.872000217,0.645342350,0.000000000,-0.000000000,0.000000000,AERIAL
6.873000145,0.644931972,0.000000000,-0.000000000,0.000000000,AERIAL
6.874000072,0.644511938,0.000000000,-0.000000000,0.000000000,AERIAL
6.875000000,0.644082189,0.000000000,-0.000000000,0.000000000,AERIAL
6.875999928,0.643642843,0.000000000,-0.000000000,0.000000000,AERIAL
6.876999855,0.643193841,0.000000000,-0.000000000,0.000000000,AERIAL
6.877999783,0.642735124,0.000000000,-0.000000000,0.000000000,AERIAL
6.879000187,0.642266810,0.000000000,-0.000000000,0.000000000,AERIAL
6.880000114,0.641788781,0.000000000,-0.000000000,0.000000000,AERIAL
6.881000042,0.641301036,0.000000000,-0.000000000,0.000000000,AERIAL
6.881999969,0.640803635,0.000000000,-0.000000000,0.000000000,AERIAL
6.882999897,0.640296578,0.000000000,-0.000000000,0.000000000,AERIAL
6.883999825,0.639779806,0.000000000,-0.000000000,0.000000000,AERIAL
6.885000229,0.639253378,0.000000000,-0.000000000,0.000000000,AERIAL
6.886000156,0.638717175,0.000000000,-0.000000000,0.000000000,AERIAL
6.887000084,0.638171375,0.000000000,-0.000000000,0.000000000,AERIAL
6.888000011,0.637615800,0.000000000,-0.000000000,0.000000000,AERIAL
6.888999939,0.637050569,0.000000000,-0.000000000,0.000000000,AERIAL
6.889999866,0.636475682,0.000000000,-0.000000000,0.000000000,AERIAL
6.890999794,0.635891020,0.000000000,-0.000000000,0.000000000,AERIAL
6.892000198,0.635296702,0.000000000,-0.000000000,0.000000000,AERIAL
6.893000126,0.634692669,0.000000000,-0.000000000,0.000000000,AERIAL
6.894000053,0.634078920,0.000000000,-0.000000000,0.000000000,AERIAL
6.894999981,0.633455455,0.000000000,-0.000000000,0.000000000,AERIAL
6.895999908,0.632822335,0.000000000,-0.000000000,0.000000000,AERIAL
6.896999836,0.632179439,0.000000000,-0.000000000,0.000000000,AERIAL
6.897999763,0.631526887,0.000000000,-0.000000000,0.000000000,AERIAL
6.899000168,0.630864620,0.000000000,-0.000000000,0.000000000,AERIAL
6.900000095,0.630192697,0.000000000,-0.000000000,0.000000000,AERIAL
6.901000023,0.629510999,0.000000000,-0.000000000,0.000000000,AERIAL
6.901999950,0.628819644,0.000000000,-0.000000000,0.000000000,AERIAL
6.902999878,0.628118575,0.000000000,0.000000000,0.000000000,AERIAL
6.903999805,0.627407730,0.000000000,0.000000000,0.000000000,AERIAL
6.905000210,0.626687288,0.000000000,0.000000000,0.000000000,AERIAL
6.906000137,0.625957072,0.000000000,0.000000000,0.000000000,AERIAL
6.907000065,0.625217199,0.000000000,0.000000000,0.000000000,AERIAL
6.907999992,0.624467552,0.000000000,0.000000000,0.000000000,AERIAL
6.908999920,0.623708248,0.000000000,0.000000000,0.000000000,AERIAL
6.909999847,0.622939289,0.000000000,0.000000000,0.000000000,AERIAL
6.910999775,0.622160554,0.000000000,0.000000000,0.000000000,AERIAL
6.912000179,0.621372163,0.000000000,0.000000000,0.000000000,AERIAL
6.913000107,0.620574057,0.000000000,0.000000000,0.000000000,AERIAL
6.914000034,0.619766295,0.000000000,0.000000000,0.000000000,AERIAL
6.914999962,0.618948758,0.000000000,0.000000000,0.000000000,AERIAL
6.915999889,0.618121564,0.000000000,0.000000000,0.000000000,AERIAL
6.916999817,0.617284715,0.000000000,0.000000000,0.000000000,AERIAL
6.918000221,0.616438091,0.000000000,0.000000000,0.000000000,AERIAL
6.919000149,0.615581810,0.000000000,0.000000000,0.000000000,AERIAL
6.920000076,0.614715874,0.000000000,0.000000000,0.000000000,AERIAL
6.921000004,0.613840222,0.000000000,0.000000000,0.000000000,AERIAL
6.921999931,0.612954855,0.000000000,0.000000000,0.000000000,AERIAL
6.922999859,0.612059832,0.000000000,-0.000000000,0.000000000,AERIAL
6.923999786,0.611155093,0.000000000,-0.000000000,0.000000000,AERIAL
6.925000191,0.610240638,0.000000000,-0.000000000,0.000000000,AERIAL
6.926000118,0.609316528,0.000000000,-0.000000000,0.000000000,AERIAL
6.927000046,0.608382761,0.000000000,-0.000000000,0.000000000,AERIAL
6.927999973,0.607439220,0.000000000,-0.000000000,0.000000000,AERIAL
6.928999901,0.606486022,0.000000000,-0.000000000,0.000000000,AERIAL
6.929999828,0.605523169,0.000000000,-0.000000000,0.000000000,AERIAL
6.931000233,0.604550540,0.000000000,-0.000000000,0.000000000,AERIAL
6.932000160,0.603568256,0.000000000,-0.000000000,0.000000000,AERIAL
6.933000088,0.602576315,0.000000000,-0.000000000,0.000000000,AERIAL
6.934000015,0.601574659,0.000000000,-0.000000000,0.000000000,AERIAL
6.934999943,0.600563288,0.000000000,-0.000000000,0.000000000,AERIAL
6.935999870,0.599542201,0.000000000,-0.000000000,0.000000000,AERIAL
6.936999798,0.598511457,0.000000000,-0.000000000,0.000000000,AERIAL
6.938000202,0.597470999,0.000000000,-0.000000000,0.000000000,AERIAL
6.939000130,0.596420825,0.000000000,-0.000000000,0.000000000,AERIAL
6.940000057,0.595360935,0.000000000,-0.000000000,0.000000000,AERIAL
6.940999985,0.594291389,0.000000000,-0.000000000,0.000000000,AERIAL
6.941999912,0.593212128,0.000000000,-0.000000000,0.000000000,AERIAL
6.942999840,0.592123151,0.000000000,-0.000000000,0.000000000,AERIAL
6.943999767,0.591024458,0.000000000,-0.000000000,0.000000000,AERIAL
6.945000172,0.589916110,0.000000000,-0.000000000,0.000000000,AERIAL
6.946000099,0.588797987,0.000000000,-0.000000000,0.000000000,AERIAL
6.947000027,0.587670207,0.000000000,-0.000000000,0.000000000,AERIAL
6.947999954,0.586532652,0.000000000,-0.000000000,0.000000000,AERIAL
6.948999882,0.585385442,0.000000000,-0.000000000,0.000000000,AERIAL
6.949999809,0.584228516,0.000000000,-0.000000000,0.000000000,AERIAL
6.951000214,0.583061874,0.000000000,-0.000000000,0.000000000,AERIAL
6.952000141,0.581885517,0.000000000,-0.000000000,0.000000000,AERIAL
6.953000069,0.580699444,0.000000000,-0.000000000,0.000000000,AERIAL
6.953999996,0.579503655,0.000000000,-0.000000000,0.000000000,AERIAL
6.954999924,0.578298151,0.000000000,-0.000000000,0.000000000,AERIAL
6.955999851,0.577082932,0.000000000,-0.000000000,0.000000000,AERIAL
6.956999779,0.575857997,0.000000000,-0.000000000,0.000000000,AERIAL
6.958000183,0.574623287,0.000000000,-0.000000000,0.000000000,AERIAL
6.959000111,0.573378921,0.000000000,-0.000000000,0.000000000,AERIAL
6.960000038,0.572124779,0.000000000,-0.000000000,0.000000000,AERIAL
6.960999966,0.570860922,0.000000000,-0.000000000,0.000000000,AERIAL
6.961999893,0.569587350,0.000000000,-0.000000000,0.000000000,AERIAL
6.962999821,0.568304062,0.000000000,-0.000000000,0.000000000,AERIAL
6.964000225,0.567011058,0.000000000,-0.000000000,0.000000000,AERIAL
6.965000153,0.565708280,0.000000000,-0.000000000,0.000000000,AERIAL
6.966000080,0.564395785,0.000000000,-0.000000000,0.000000000,AERIAL
6.967000008,0.563073516,0.000000000,-0.000000000,0.000000000,AERIAL
6.967999935,0.561741590,0.000000000,-0.000000000,0.000000000,AERIAL
6.968999863,0.560399890,0.000000000,-0.000000000,0.000000000,AERIAL
6.969999790,0.559048414,0.000000000,-0.000000000,0.000000000,AERIAL
6.971000195,0.557687223,0.000000000,-0.000000000,0.000000000,AERIAL
6.972000122,0.556316316,0.000000000,-0.000000000,0.000000000,AERIAL
6.973000050,0.554935694,0.000000000,-0.000000000,0.000000000,AERIAL
6.973999977,0.553545296,0.000000000,-0.000000000,0.000000000,AERIAL
6.974999905,0.552145123,0.000000000,-0.000000000,0.000000000,AERIAL
6.975999832,0.550735295,0.000000000,-0.000000000,0.000000000,AERIAL
6.977000237,0.549315691,0.000000000,-0.000000000,0.000000000,AERIAL
6.978000164,0.547886312,0.000000000,-0.000000000,0.000000000,AERIAL
6.979000092,0.546447217,0.000000000,-0.000000000,0.000000000,AERIAL
6.980000019,0.544998407,0.000000000,-0.000000000,0.000000000,AERIAL
6.980999947,0.543539822,0.000000000,-0.000000000,0.000000000,AERIAL
6.981999874,0.542071521,0.000000000,-0.000000000,0.000000000,AERIAL
6.982999802,0.540593445,0.000000000,0.000000000,0.000000000,AERIAL
6.984000206,0.539105654,0.000000000,0.000000000,0.000000000,AERIAL
6.985000134,0.537608147,0.000000000,0.000000000,0.000000000,AERIAL
6.986000061,0.536100864,0.000000000,0.000000000,0.000000000,AERIAL
6.986999989,0.534583867,0.000000000,0.000000000,0.000000000,AERIAL
6.987999916,0.533057153,0.000000000,0.000000000,0.000000000,AERIAL
6.988999844,0.531520665,0.000000000,0.000000000,0.000000000,AERIAL
6.989999771,0.529974461,0.000000000,0.000000000,0.000000000,AERIAL
6.991000175,0.528418481,0.000000000,0.000000000,0.000000000,AERIAL
6.992000103,0.526852846,0.000000000,0.000000000,0.000000000,AERIAL
6.993000031,0.525277436,0.000000000,0.000000000,0.000000000,AERIAL
6.993999958,0.523692250,0.000000000,0.000000000,0.000000000,AERIAL
6.994999886,0.522097409,0.000000000,0.000000000,0.000000000,AERIAL
6.995999813,0.520492792,0.000000000,0.000000000,0.000000000,AERIAL
6.997000217,0.518878460,0.000000000,0.000000000,0.000000000,AERIAL
6.998000145,0.517254353,0.000000000,0.000000000,0.000000000,AERIAL
6.999000072,0.515620589,0.000000000,0.000000000,0.000000000,AERIAL
7.000000000,0.513977051,0.000000000,0.000000000,0.000000000,AERIAL
7.000999928,0.512323797,0.000000000,0.000000000,0.000000000,AERIAL
7.001999855,0.510660827,0.000000000,0.000000000,0.000000000,AERIAL
7.002999783,0.508988142,0.000000000,0.000000000,0.000000000,AERIAL
7.004000187,0.507305682,0.000000000,0.000000000,0.000000000,AERIAL
7.005000114,0.505613565,0.000000000,0.000000000,0.000000000,AERIAL
7.006000042,0.503911674,0.000000000,0.000000000,0.000000000,AERIAL
7.006999969,0.502200127,0.000000000,0.000000000,0.000000000,AERIAL
7.007999897,0.500478804,0.000000000,0.000000000,0.000000000,AERIAL
7.008999825,0.498747766,0.000000000,0.000000000,0.000000000,AERIAL
7.010000229,0.497007042,0.000000000,0.000000000,0.000000000,AERIAL
7.011000156,0.495256573,0.000000000,0.000000000,0.000000000,AERIAL
7.012000084,0.493496388,0.000000000,0.000000000,0.000000000,AERIAL
7.013000011,0.491726518,0.000000000,0.000000000,0.000000000,AERIAL
7.013999939,0.489946902,0.000000000,0.000000000,0.000000000,AERIAL
7.014999866,0.488157600,0.000000000,0.000000000,0.000000000,AERIAL
7.015999794,0.486358553,0.000000000,0.000000000,0.000000000,AERIAL
7.017000198,0.484549820,0.000000000,0.000000000,0.000000000,AERIAL
7.018000126,0.482731372,0.000000000,0.000000000,0.000000000,AERIAL
7.019000053,0.480903208,0.000000000,0.000000000,0.000000000,AERIAL
7.019999981,0.479065329,0.000000000,0.000000000,0.000000000,AERIAL
7.020999908,0.477217764,0.000000000,0.000000000,0.000000000,AERIAL
7.021999836,0.475360483,0.000000000,0.000000000,0.000000000,AERIAL
7.022999763,0.473493487,0.000000000,0.000000000,0.000000000,AERIAL
7.024000168,0.471616805,0.000000000,0.000000000,0.000000000,AERIAL
7.025000095,0.469730407,0.000000000,0.000000000,0.000000000,AERIAL
7.026000023,0.467834294,0.000000000,0.000000000,0.000000000,AERIAL
7.026999950,0.465928495,0.000000000,0.000000000,0.000000000,AERIAL
7.027999878,0.464012980,0.000000000,0.000000000,0.000000000,AERIAL
7.028999805,0.462087780,0.000000000,0.000000000,0.000000000,AERIAL
7.030000210,0.460152864,0.000000000,0.000000000,0.000000000,AERIAL
7.031000137,0.458208263,0.000000000,0.000000000,0.000000000,AERIAL
7.032000065,0.456253946,0.000000000,0.000000000,0.000000000,AERIAL
7.032999992,0.454289943,0.000000000,0.000000000,0.000000000,AERIAL
7.033999920,0.452316225,0.000000000,0.000000000,0.000000000,AERIAL
7.034999847,0.450332820,0.000000000,0.000000000,0.000000000,AERIAL
7.035999775,0.448339731,0.000000000,0.000000000,0.000000000,AERIAL
7.037000179,0.446336925,0.000000000,0.000000000,0.000000000,AERIAL
7.038000107,0.444324434,0.000000000,0.000000000,0.000000000,AERIAL
7.039000034,0.442302227,0.000000000,0.000000000,0.000000000,AERIAL
7.039999962,0.440270364,0.000000000,0.000000000,0.000000000,AERIAL
7.040999889,0.438228756,0.000000000,0.000000000,0.000000000,AERIAL
7.041999817,0.436177492,0.000000000,0.000000000,0.000000000,AERIAL
7.043000221,0.434116513,0.000000000,0.000000000,0.000000000,AERIAL
7.044000149,0.432045847,0.000000000,0.000000000,0.000000000,AERIAL
7.045000076,0.429965496,0.000000000,0.000000000,0.000000000,AERIAL
7.046000004,0.427875429,0.000000000,0.000000000,0.000000000,AERIAL
7.046999931,0.425775677,0.000000000,0.000000000,0.000000000,AERIAL
7.047999859,0.423666239,0.000000000,0.000000000,0.000000000,AERIAL
7.048999786,0.421547115,0.000000000,0.000000000,0.000000000,AERIAL
7.050000191,0.419418275,0.000000000,0.000000000,0.000000000,AERIAL
7.051000118,0.417279780,0.000000000,0.000000000,0.000000000,AERIAL
7.052000046,0.415131569,0.000000000,0.000000000,0.000000000,AERIAL
7.052999973,0.412973642,0.000000000,-0.000000000,0.000000000,AERIAL
7.053999901,0.410806060,0.000000000,-0.000000000,0.000000000,AERIAL
7.054999828,0.408628762,0.000000000,-0.000000000,0.000000000,AERIAL
7.056000233,0.406441778,0.000000000,-0.000000000,0.000000000,AERIAL
7.057000160,0.404245108,0.000000000,-0.000000000,0.000000000,AERIAL
7.058000088,0.402038723,0.000000000,-0.000000000,0.000000000,AERIAL
7.059000015,0.399822682,0.000000000,-0.000000000,0.000000000,AERIAL
7.059999943,0.397596925,0.000000000,-0.000000000,0.000000000,AERIAL
7.060999870,0.395361483,0.000000000,-0.000000000,0.000000000,AERIAL
7.061999798,0.393116325,0.000000000,-0.000000000,0.000000000,AERIAL
7.063000202,0.390861511,0.000000000,-0.000000000,0.000000000,AERIAL
7.064000130,0.388596982,0.000000000,-0.000000000,0.000000000,AERIAL
7.065000057,0.386322767,0.000000000,-0.000000000,0.000000000,AERIAL
7.065999985,0.384038836,0.000000000,-0.000000000,0.000000000,AERIAL
7.066999912,0.381745249,0.000000000,-0.000000000,0.000000000,AERIAL
7.067999840,0.379441947,0.000000000,-0.000000000,0.000000000,AERIAL
7.068999767,0.377128959,0.000000000,-0.000000000,0.000000000,AERIAL
7.070000172,0.374806255,0.000000000,-0.000000000,0.000000000,AERIAL
7.071000099,0.372473866,0.000000000,-0.000000000,0.000000000,AERIAL
7.072000027,0.370131791,0.000000000,-0.000000000,0.000000000,AERIAL
7.072999954,0.367780030,0.000000000,-0.000000000,0.000000000,AERIAL
7.073999882,0.365418553,0.000000000,-0.000000000,0.000000000,AERIAL
7.074999809,0.363047391,0.000000000,-0.000000000,0.000000000,AERIAL
7.076000214,0.360666543,0.000000000,-0.000000000,0.000000000,AERIAL
7.077000141,0.358275980,0.000000000,-0.000000000,0.000000000,AERIAL
7.078000069,0.355875731,0.000000000,-0.000000000,0.000000000,AERIAL
7.078999996,0.353465796,0.000000000,-0.000000000,0.000000000,AERIAL
7.079999924,0.351046145,0.000000000,-0.000000000,0.000000000,AERIAL
7.080999851,0.348616809,0.000000000,-0.000000000,0.000000000,AERIAL
7.081999779,0.346177757,0.000000000,-0.000000000,0.000000000,AERIAL
7.083000183,0.343729019,0.000000000,-0.000000000,0.000000000,AERIAL
7.084000111,0.341270596,0.000000000,-0.000000000,0.000000000,AERIAL
7.085000038,0.338802457,0.000000000,-0.000000000,0.000000000,AERIAL
7.085999966,0.336324632,0.000000000,-0.000000000,0.000000000,AERIAL
7.086999893,0.333837092,0.000000000,-0.000000000,0.000000000,AERIAL
7.087999821,0.331339866,0.000000000,-0.000000000,0.000000000,AERIAL
7.089000225,0.328832924,0.000000000,-0.000000000,0.000000000,AERIAL
7.090000153,0.326316297,0.000000000,-0.000000000,0.000000000,AERIAL
7.091000080,0.323789954,0.000000000,-0.000000000,0.000000000,AERIAL
7.092000008,0.321253896,0.000000000,-0.000000000,0.000000000,AERIAL
7.092999935,0.318708152,0.000000000,-0.000000000,0.000000000,AERIAL
7.093999863,0.316152722,0.000000000,-0.000000000,0.000000000,AERIAL
7.094999790,0.313587546,0.000000000,-0.000000000,0.000000000,AERIAL
7.096000195,0.311012715,0.000000000,-0.000000000,0.000000000,AERIAL
7.097000122,0.308428138,0.000000000,-0.000000000,0.000000000,AERIAL
7.098000050,0.305833876,0.000000000,-0.000000000,0.000000000,AERIAL
7.098999977,0.303229898,0.000000000,-0.000000000,0.000000000,AERIAL
7.099999905,0.300616205,0.000000000,-0.000000000,0.000000000,AERIAL
7.100999832,0.297992826,0.000000000,-0.000000000,0.000000000,AERIAL
7.102000237,0.295359731,0.000000000,-0.000000000,0.000000000,AERIAL
7.103000164,0.292716920,0.000000000,-0.000000000,0.000000000,AERIAL
7.104000092,0.290064394,0.000000000,-0.000000000,0.000000000,AERIAL
7.105000019,0.287402183,0.000000000,-0.000000000,0.000000000,AERIAL
7.105999947,0.284730226,0.000000000,-0.000000000,0.000000000,AERIAL
7.106999874,0.282048583,0.000000000,-0.000000000,0.000000000,AERIAL
7.107999802,0.279357225,0.000000000,-0.000000000,0.000000000,AERIAL
7.109000206,0.276656121,0.000000000,-0.000000000,0.000000000,AERIAL
7.110000134,0.273945332,0.000000000,-0.000000000,0.000000000,AERIAL
7.111000061,0.271224827,0.000000000,-0.000000000,0.000000000,AERIAL
7.111999989,0.268494606,0.000000000,-0.000000000,0.000000000,AERIAL
7.112999916,0.265754670,0.000000000,-0.000000000,0.000000000,AERIAL
7.113999844,0.263005018,0.000000000,-0.000000000,0.000000000,AERIAL
7.114999771,0.260245621,0.000000000,-0.000000000,0.000000000,AERIAL
7.116000175,0.257476538,0.000000000,-0.000000000,0.000000000,AERIAL
7.117000103,0.254697710,0.000000000,-0.000000000,0.000000000,AERIAL
7.118000031,0.251909196,0.000000000,-0.000000000,0.000000000,AERIAL
7.118999958,0.249110922,0.000000000,-0.000000000,0.000000000,AERIAL
7.119999886,0.246302947,0.000000000,-0.000000000,0.000000000,AERIAL
7.120999813,0.243485242,0.000000000,-0.000000000,0.000000000,AERIAL
7.122000217,0.240657806,0.000000000,-0.000000000,0.000000000,AERIAL
7.123000145,0.237820655,0.000000000,-0.000000000,0.000000000,AERIAL
7.124000072,0.234973773,0.000000000,-0.000000000,0.000000000,AERIAL
7.125000000,0.232117161,0.000000000,-0.000000000,0.000000000,AERIAL
7.125999928,0.229250818,0.000000000,-0.000000000,0.000000000,AERIAL
7.126999855,0.226374745,0.000000000,-0.000000000,0.000000000,AERIAL
7.127999783,0.223488942,0.000000000,-0.000000000,0.000000000,AERIAL
7.129000187,0.220593408,0.000000000,-0.000000000,0.000000000,AERIAL
7.130000114,0.217688143,0.000000000,-0.000000000,0.000000000,AERIAL
7.131000042,0.214773133,0.000000000,-0.000000000,0.000000000,AERIAL
7.131999969,0.211848408,0.000000000,-0.000000000,0.000000000,AERIAL
7.132999897,0.208913922,0.000000000,-0.000000000,0.000000000,AERIAL
7.133999825,0.205969721,0.000000000,-0.000000000,0.000000000,AERIAL
7.135000229,0.203015774,0.000000000,-0.000000000,0.000000000,AERIAL
7.136000156,0.200052083,0.000000000,-0.000000000,0.000000000,AERIAL
7.137000084,0.197078660,0.000000000,-0.000000000,0.000000000,AERIAL
7.138000011,0.194095492,0.000000000,-0.000000000,0.000000000,AERIAL
7.138999939,0.191102594,0.000000000,-0.000000000,0.000000000,AERIAL
7.139999866,0.188099951,0.000000000,-0.000000000,0.000000000,AERIAL
7.140999794,0.185087577,0.000000000,-0.000000000,0.000000000,AERIAL
7.142000198,0.182065457,0.000000000,-0.000000000,0.000000000,AERIAL
7.143000126,0.179033592,0.000000000,-0.000000000,0.000000000,AERIAL
7.144000053,0.175991982,0.000000000,-0.000000000,0.000000000,AERIAL
7.144999981,0.172940642,0.000000000,-0.000000000,0.000000000,AERIAL
7.145999908,0.169879556,0.000000000,-0.000000000,0.000000000,AERIAL
7.146999836,0.166808739,0.000000000,-0.000000000,0.000000000,AERIAL
7.147999763,0.163728163,0.000000000,-0.000000000,0.000000000,AERIAL
7.149000168,0.160637856,0.000000000,-0.000000000,0.000000000,AERIAL
7.150000095,0.157537803,0.000000000,-0.000000000,0.000000000,AERIAL
7.151000023,0.154428020,0.000000000,0.000000000,0.000000000,AERIAL
7.151999950,0.151308492,0.000000000,0.000000000,0.000000000,AERIAL
7.152999878,0.148179218,0.000000000,0.000000000,0.000000000,AERIAL
7.153999805,0.145040199,0.000000000,0.000000000,0.000000000,AERIAL
7.155000210,0.141891435,0.000000000,0.000000000,0.000000000,AERIAL
7.156000137,0.138732940,0.000000000,0.000000000,0.000000000,AERIAL
7.157000065,0.135564700,0.000000000,0.000000000,0.000000000,AERIAL
7.157999992,0.132386714,0.000000000,0.000000000,0.000000000,AERIAL
7.158999920,0.129198998,0.000000000,0.000000000,0.000000000,AERIAL
7.159999847,0.126001537,0.000000000,0.000000000,0.000000000,AERIAL
7.160999775,0.122794338,0.000000000,0.000000000,0.000000000,AERIAL
7.162000179,0.119577393,0.000000000,0.000000000,0.000000000,AERIAL
7.163000107,0.116350710,0.000000000,0.000000000,0.000000000,AERIAL
7.164000034,0.113114282,0.000000000,0.000000000,0.000000000,AERIAL
7.164999962,0.109868124,0.000000000,0.000000000,0.000000000,AERIAL
7.165999889,0.106612213,0.000000000,0.000000000,0.000000000,AERIAL
7.166999817,0.103346571,0.000000000,0.000000000,0.000000000,AERIAL
7.168000221,0.100071192,0.000000000,0.000000000,0.000000000,AERIAL
7.169000149,0.096786067,0.000000000,0.000000000,0.000000000,AERIAL
7.170000076,0.093491204,0.000000000,0.000000000,0.000000000,AERIAL
7.171000004,0.090186603,0.000000000,0.000000000,0.000000000,AERIAL
7.171999931,0.086872265,0.000000000,0.000000000,0.000000000,AERIAL
7.172999859,0.083548181,0.000000000,0.000000000,0.000000000,AERIAL
7.173999786,0.080214366,0.000000000,0.000000000,0.000000000,AERIAL
7.175000191,0.076870814,0.000000000,0.000000000,0.000000000,AERIAL
7.176000118,0.073517516,0.000000000,0.000000000,0.000000000,AERIAL
7.177000046,0.070154481,0.000000000,0.000000000,0.000000000,AERIAL
7.177999973,0.066781715,0.000000000,0.000000000,0.000000000,AERIAL
7.178999901,0.063399203,0.000000000,0.000000000,0.000000000,AERIAL
7.179999828,0.060006958,0.000000000,0.000000000,0.000000000,AERIAL
7.181000233,0.056604974,0.000000000,0.000000000,0.000000000,AERIAL
7.182000160,0.053193253,0.000000000,0.000000000,0.000000000,AERIAL
7.183000088,0.049771793,0.000000000,0.000000000,0.000000000,AERIAL
7.184000015,0.046340600,0.000000000,0.000000000,0.000000000,AERIAL
7.184999943,0.042899664,0.000000000,0.000000000,0.000000000,AERIAL
7.185999870,0.039448995,0.000000000,0.000000000,0.000000000,AERIAL
7.186999798,0.035988588,0.000000000,0.000000000,0.000000000,AERIAL
7.188000202,0.032518446,0.000000000,0.000000000,0.000000000,AERIAL
7.189000130,0.029038565,0.000000000,0.000000000,0.000000000,LANDING
7.190000057,0.025548948,0.000000000,0.000000000,0.000000000,LANDING
7.190999985,0.022049593,0.000000000,0.000000000,0.000000000,LANDING
7.191999912,0.018540503,0.000000000,0.000000000,0.000000000,LANDING
7.192999840,0.015021676,0.000000000,0.000000000,0.000000000,LANDING
7.193999767,0.011493112,0.000000000,0.000000000,0.000000000,LANDING
7.195000172,0.007954813,0.000000000,0.000000000,0.000000000,LANDING
7.196000099,0.004406775,0.000000000,0.000000000,0.000000000,LANDING
7.197000027,0.000849002,0.000000000,0.000000000,0.000000000,LANDING
7.197999954,0.000850554,-0.003589743,-3.589743137,4.494375229,SUPPORT
7.198999882,0.000852099,-0.007055555,-3.465811968,5.097426414,SUPPORT
7.199999809,0.000853641,-0.010379566,-3.324011087,5.675804615,SUPPORT
7.201000214,0.000855177,-0.013544632,-3.165066481,6.226526260,SUPPORT
7.202000141,0.000856707,-0.016534429,-2.989795685,6.746750355,SUPPORT
7.203000069,0.000858230,-0.019333532,-2.799103975,7.233794689,SUPPORT
7.203999996,0.000859745,-0.021927504,-2.593972683,7.685145855,SUPPORT
7.204999924,0.000861251,-0.024302963,-2.375458002,8.098475456,SUPPORT
7.205999851,0.000862748,-0.026447648,-2.144685984,8.471651077,SUPPORT
7.206999779,0.000864236,-0.028350495,-1.902845502,8.802745819,SUPPORT
7.208000183,0.000865714,-0.030001678,-1.651183367,9.090051651,SUPPORT
7.209000111,0.000867184,-0.031392675,-1.390997410,9.332085609,SUPPORT
7.210000038,0.000868645,-0.032516304,-1.123629689,9.527597427,SUPPORT
7.210999966,0.000870099,-0.033366766,-0.850459754,9.675577164,SUPPORT
7.211999893,0.000871547,-0.033939663,-0.572897434,9.775260925,SUPPORT
7.212999821,0.000872989,-0.034232039,-0.292375565,9.826134682,SUPPORT
7.214000225,0.000874428,-0.034242380,-0.010342502,9.596116066,SUPPORT
7.215000153,0.000875867,-0.033977494,0.264884651,8.897924423,SUPPORT
7.216000080,0.000877311,-0.033458047,0.519448221,8.807539940,SUPPORT
7.217000008,0.000878756,-0.032686710,0.771337092,8.673327446,SUPPORT
7.217999935,0.000880202,-0.031667467,1.019244075,8.495979309,SUPPORT
7.218999863,0.000881651,-0.030405577,1.261889100,8.276410103,SUPPORT
7.219999790,0.000883104,-0.028907558,1.498019576,8.015754700,SUPPORT
7.221000195,0.000884562,-0.027181141,1.726416826,7.715358257,SUPPORT
7.222000122,0.000886024,-0.025235238,1.945901990,7.376771450,SUPPORT
7.223000050,0.000887491,-0.023079894,2.155343056,7.001741886,SUPPORT
7.223999977,0.000888964,-0.020726236,2.353659391,6.592205048,SUPPORT
7.224999905,0.000890442,-0.018186407,2.539828777,6.150274754,SUPPORT
7.225999832,0.000891924,-0.015473516,2.712891817,5.678231716,SUPPORT
7.227000237,0.000893411,-0.012601559,2.871956587,5.178511143,SUPPORT
7.228000164,0.000894902,-0.009585354,3.016204119,4.653691769,SUPPORT
7.229000092,0.000896396,-0.006440463,3.144891500,4.106480598,SUPPORT
7.230000019,0.000897892,-0.003183106,3.257357121,3.539700508,SUPPORT
7.230999947,0.000962464,0.000000000,3.183106184,0.000000000,TAKEOFF
7.231999874,0.004107846,0.000000000,-0.000000001,0.000000000,TAKEOFF
7.232999802,0.007244108,0.000000000,-0.000000003,0.000000000,TAKEOFF
7.234000206,0.010371250,0.000000000,-0.000000000,0.000000000,TAKEOFF
7.235000134,0.013489272,0.000000000,-0.000000000,0.000000000,TAKEOFF
7.236000061,0.016598172,0.000000000,-0.000000000,0.000000000,TAKEOFF
7.236999989,0.019697951,0.000000000,-0.000000000,0.000000000,TAKEOFF
7.237999916,0.022788608,0.000000000,-0.000000000,0.000000000,TAKEOFF
7.238999844,0.025870144,0.000000000,-0.000000000,0.000000000,TAKEOFF
7.239999771,0.028942555,0.000000000,-0.000000000,0.000000000,TAKEOFF
7.241000175,0.032005843,0.000000000,-0.000000000,0.000000000,AERIAL
7.242000103,0.035060007,0.000000000,-0.000000000,0.000000000,AERIAL
7.243000031,0.038105048,0.000000000,-0.000000000,0.000000000,AERIAL
7.243999958,0.041140962,0.000000000,-0.000000000,0.000000000,AERIAL
7.244999886,0.044167753,0.000000000,-0.000000000,0.000000000,AERIAL
7.245999813,0.047185421,0.000000000,-0.000000000,0.000000000,AERIAL
7.247000217,0.050193958,0.000000000,-0.000000000,0.000000000,AERIAL
7.248000145,0.053193372,0.000000000,-0.000000000,0.000000000,AERIAL
7.249000072,0.056183662,0.000000000,-0.000000000,0.000000000,AERIAL
7.250000000,0.059164822,0.000000000,-0.000000000,0.000000000,AERIAL
7.250999928,0.062136855,0.000000000,-0.000000000,0.000000000,AERIAL
7.251999855,0.065099761,0.000000000,-0.000000000,0.000000000,AERIAL
7.252999783,0.068053544,0.000000000,-0.000000000,0.000000000,AERIAL
7.254000187,0.070998192,0.000000000,-0.000000000,0.000000000,AERIAL
7.255000114,0.073933713,0.000000000,-0.000000000,0.000000000,AERIAL
7.256000042,0.076860115,0.000000000,-0.000000000,0.000000000,AERIAL
7.256999969,0.079777375,0.000000000,-0.000000000,0.000000000,AERIAL
7.257999897,0.082685515,0.000000000,-0.000000000,0.000000000,AERIAL
7.258999825,0.085584521,0.000000000,-0.000000000,0.000000000,AERIAL
7.260000229,0.088474400,0.000000000,-0.000000000,0.000000000,AERIAL
7.261000156,0.091355152,0.000000000,-0.000000000,0.000000000,AERIAL
7.262000084,0.094226770,0.000000000,-0.000000000,0.000000000,AERIAL
7.263000011,0.097089261,0.000000000,-0.000000000,0.000000000,AERIAL
7.263999939,0.099942632,0.000000000,0.000000000,0.000000000,AERIAL
7.264999866,0.102786899,0.000000000,0.000000000,0.000000000,AERIAL
7.265999794,0.105622083,0.000000000,0.000000000,0.000000000,AERIAL
7.267000198,0.108448230,0.000000000,0.000000000,0.000000000,AERIAL
7.268000126,0.111265361,0.000000000,0.000000000,0.000000000,AERIAL
7.269000053,0.114073522,0.000000000,0.000000000,0.000000000,AERIAL
7.269999981,0.116872758,0.000000000,0.000000000,0.000000000,AERIAL
7.270999908,0.119663097,0.000000000,0.000000000,0.000000000,AERIAL
7.271999836,0.122444600,0.000000000,0.000000000,0.000000000,AERIAL
7.272999763,0.125217304,0.000000000,0.000000000,0.000000000,AERIAL
7.274000168,0.127981260,0.000000000,0.000000000,0.000000000,AERIAL
7.275000095,0.130736500,0.000000000,0.000000000,0.000000000,AERIAL
7.276000023,0.133483067,0.000000000,0.000000000,0.000000000,AERIAL
7.276999950,0.136221021,0.000000000,0.000000000,0.000000000,AERIAL
7.277999878,0.138950378,0.000000000,0.000000000,0.000000000,AERIAL
7.278999805,0.141671196,0.000000000,0.000000000,0.000000000,AERIAL
7.280000210,0.144383490,0.000000000,0.000000000,0.000000000,AERIAL
7.281000137,0.147087321,0.000000000,0.000000000,0.000000000,AERIAL
7.282000065,0.149782687,0.000000000,0.000000000,0.000000000,AERIAL
7.282999992,0.152469635,0.000000000,0.000000000,0.000000000,AERIAL
7.283999920,0.155148193,0.000000000,0.000000000,0.000000000,AERIAL
7.284999847,0.157818377,0.000000000,0.000000000,0.000000000,AERIAL
7.285999775,0.160480216,0.000000000,0.000000000,0.000000000,AERIAL
7.287000179,0.163133711,0.000000000,0.000000000,0.000000000,AERIAL
7.288000107,0.165778905,0.000000000,0.000000000,0.000000000,AERIAL
7.289000034,0.168415815,0.000000000,0.000000000,0.000000000,AERIAL
7.289999962,0.171044424,0.000000000,0.000000000,0.000000000,AERIAL
7.290999889,0.173664764,0.000000000,0.000000000,0.000000000,AERIAL
7.291999817,0.176276848,0.000000000,0.000000000,0.000000000,AERIAL
7.293000221,0.178880662,0.000000000,0.000000000,0.000000000,AERIAL
7.294000149,0.181476220,0.000000000,0.000000000,0.000000000,AERIAL
7.295000076,0.184063524,0.000000000,0.000000000,0.000000000,AERIAL
7.296000004,0.186642587,0.000000000,0.000000000,0.000000000,AERIAL
7.296999931,0.189213380,0.000000000,0.000000000,0.000000000,AERIAL
7.297999859,0.191775933,0.000000000,0.000000000,0.000000000,AERIAL
7.298999786,0.194330230,0.000000000,0.000000000,0.000000000,AERIAL
7.300000191,0.196876258,0.000000000,0.000000000,0.000000000,AERIAL
7.301000118,0.199414015,0.000000000,0.000000000,0.000000000,AERIAL
7.302000046,0.201943517,0.000000000,0.000000000,0.000000000,AERIAL
7.302999973,0.204464749,0.000000000,0.000000000,0.000000000,AERIAL
7.303999901,0.206977665,0.000000000,0.000000000,0.000000000,AERIAL
7.304999828,0.209482297,0.000000000,0.000000000,0.000000000,AERIAL
7.306000233,0.211978629,0.000000000,0.000000000,0.000000000,AERIAL
7.307000160,0.214466617,0.000000000,0.000000000,0.000000000,AERIAL
7.308000088,0.216946289,0.000000000,0.000000000,0.000000000,AERIAL
7.309000015,0.219417617,0.000000000,0.000000000,0.000000000,AERIAL
7.309999943,0.221880600,0.000000000,0.000000000,0.000000000,AERIAL
7.310999870,0.224335223,0.000000000,0.000000000,0.000000000,AERIAL
7.311999798,0.226781473,0.000000000,0.000000000,0.000000000,AERIAL
7.313000202,0.229219347,0.000000000,-0.000000000,0.000000000,AERIAL
7.314000130,0.231648818,0.000000000,-0.000000000,0.000000000,AERIAL
7.315000057,0.234069884,0.000000000,-0.000000000,0.000000000,AERIAL
7.315999985,0.236482531,0.000000000,-0.000000000,0.000000000,AERIAL
7.316999912,0.238886744,0.000000000,-0.000000000,0.000000000,AERIAL
7.317999840,0.241282508,0.000000000,-0.000000000,0.000000000,AERIAL
7.318999767,0.243669823,0.000000000,-0.000000000,0.000000000,AERIAL
7.320000172,0.246048674,0.000000000,-0.000000000,0.000000000,AERIAL
7.321000099,0.248419061,0.000000000,-0.000000000,0.000000000,AERIAL
7.322000027,0.250780970,0.000000000,-0.000000000,0.000000000,AERIAL
7.322999954,0.253134400,0.000000000,-0.000000000,0.000000000,AERIAL
7.323999882,0.255479366,0.000000000,-0.000000000,0.000000000,AERIAL
7.324999809,0.257815808,0.000000000,-0.000000000,0.000000000,AERIAL
7.326000214,0.260143727,0.000000000,-0.000000000,0.000000000,AERIAL
7.327000141,0.262463152,0.000000000,-0.000000000,0.000000000,AERIAL
7.328000069,0.264774084,0.000000000,-0.000000000,0.000000000,AERIAL
7.328999996,0.267076492,0.000000000,-0.000000000,0.000000000,AERIAL
7.329999924,0.269370377,0.000000000,-0.000000000,0.000000000,AERIAL
7.330999851,0.271655738,0.000000000,-0.000000000,0.000000000,AERIAL
7.331999779,0.273932606,0.000000000,-0.000000000,0.000000000,AERIAL
7.333000183,0.276200950,0.000000000,-0.000000000,0.000000000,AERIAL
7.334000111,0.278460771,0.000000000,-0.000000000,0.000000000,AERIAL
7.335000038,0.280712068,0.000000000,-0.000000000,0.000000000,AERIAL
7.335999966,0.282954842,0.000000000,-0.000000000,0.000000000,AERIAL
7.336999893,0.285189092,0.000000000,-0.000000000,0.000000000,AERIAL
7.337999821,0.287414819,0.000000000,-0.000000000,0.000000000,AERIAL
7.339000225,0.289632022,0.000000000,-0.000000000,0.000000000,AERIAL
7.340000153,0.291840732,0.000000000,-0.000000000,0.000000000,AERIAL
7.341000080,0.294040918,0.000000000,-0.000000000,0.000000000,AERIAL
7.342000008,0.296232611,0.000000000,-0.000000000,0.000000000,AERIAL
7.342999935,0.298415780,0.000000000,-0.000000000,0.000000000,AERIAL
7.343999863,0.300590456,0.000000000,-0.000000000,0.000000000,AERIAL
7.344999790,0.302756637,0.000000000,-0.000000000,0.000000000,AERIAL
7.346000195,0.304914325,0.000000000,-0.000000000,0.000000000,AERIAL
7.347000122,0.307063520,0.000000000,-0.000000000,0.000000000,AERIAL
7.348000050,0.309204191,0.000000000,-0.000000000,0.000000000,AERIAL
7.348999977,0.311336398,0.000000000,-0.000000000,0.000000000,AERIAL
7.349999905,0.313460112,0.000000000,-0.000000000,0.000000000,AERIAL
7.350999832,0.315575361,0.000000000,-0.000000000,0.000000000,AERIAL
7.352000237,0.317682117,0.000000000,-0.000000000,0.000000000,AERIAL
7.353000164,0.319780439,0.000000000,-0.000000000,0.000000000,AERIAL
7.354000092,0.321870267,0.000000000,-0.000000000,0.000000000,AERIAL
7.355000019,0.323951632,0.000000000,-0.000000000,0.000000000,AERIAL
7.355999947,0.326024503,0.000000000,-0.000000000,0.000000000,AERIAL
7.356999874,0.328088939,0.000000000,-0.000000000,0.000000000,AERIAL
7.357999802,0.330144882,0.000000000,-0.000000000,0.000000000,AERIAL
7.359000206,0.332192361,0.000000000,-0.000000000,0.000000000,AERIAL
7.360000134,0.334231377,0.000000000,-0.000000000,0.000000000,AERIAL
7.361000061,0.336261958,0.000000000,-0.000000000,0.000000000,AERIAL
7.361999989,0.338284045,0.000000000,-0.000000000,0.000000000,AERIAL
7.362999916,0.340297699,0.000000000,-0.000000000,0.000000000,AERIAL
7.363999844,0.342302859,0.000000000,-0.000000000,0.000000000,AERIAL
7.364999771,0.344299525,0.000000000,-0.000000000,0.000000000,AERIAL
7.366000175,0.346287727,0.000000000,-0.000000000,0.000000000,AERIAL
7.367000103,0.348267406,0.000000000,-0.000000000,0.000000000,AERIAL
7.368000031,0.350238591,0.000000000,-0.000000000,0.000000000,AERIAL
7.368999958,0.352201253,0.000000000,-0.000000000,0.000000000,AERIAL
7.369999886,0.354155391,0.000000000,-0.000000000,0.000000000,AERIAL
7.370999813,0.356101006,0.000000000,-0.000000000,0.000000000,AERIAL
7.372000217,0.358038098,0.000000000,-0.000000000,0.000000000,AERIAL
7.373000145,0.359966636,0.000000000,-0.000000000,0.000000000,AERIAL
7.374000072,0.361886650,0.000000000,-0.000000000,0.000000000,AERIAL
7.375000000,0.363798082,0.000000000,-0.000000000,0.000000000,AERIAL
7.375999928,0.365700990,0.000000000,-0.000000000,0.000000000,AERIAL
7.376999855,0.367595315,0.000000000,-0.000000000,0.000000000,AERIAL
7.377999783,0.369481087,0.000000000,-0.000000000,0.000000000,AERIAL
7.379000187,0.371358335,0.000000000,-0.000000000,0.000000000,AERIAL
7.380000114,0.373226970,0.000000000,-0.000000000,0.000000000,AERIAL
7.381000042,0.375087082,0.000000000,-0.000000000,0.000000000,AERIAL
7.381999969,0.376938611,0.000000000,-0.000000000,0.000000000,AERIAL
7.382999897,0.378781587,0.000000000,-0.000000000,0.000000000,AERIAL
7.383999825,0.380616009,0.000000000,-0.000000000,0.000000000,AERIAL
7.385000229,0.382441938,0.000000000,-0.000000000,0.000000000,AERIAL
7.386000156,0.384259313,0.000000000,-0.000000000,0.000000000,AERIAL
7.387000084,0.386068195,0.000000000,-0.000000000,0.000000000,AERIAL
7.388000011,0.387868613,0.000000000,-0.000000000,0.000000000,AERIAL
7.388999939,0.389660537,0.000000000,-0.000000000,0.000000000,AERIAL
7.389999866,0.391443968,0.000000000,-0.000000000,0.000000000,AERIAL
7.390999794,0.393218964,0.000000000,-0.000000000,0.000000000,AERIAL
7.392000198,0.394985497,0.000000000,-0.000000000,0.000000000,AERIAL
7.393000126,0.396743596,0.000000000,0.000000000,0.000000000,AERIAL
7.394000053,0.398493320,0.000000000,0.000000000,0.000000000,AERIAL
7.394999981,0.400234640,0.000000000,0.000000000,0.000000000,AERIAL
7.395999908,0.401967585,0.000000000,0.000000000,0.000000000,AERIAL
7.396999836,0.403692186,0.000000000,0.000000000,0.000000000,AERIAL
7.397999763,0.405408442,0.000000000,0.000000000,0.000000000,AERIAL
7.399000168,0.407116383,0.000000000,0.000000000,0.000000000,AERIAL
7.400000095,0.408816040,0.000000000,0.000000000,0.000000000,AERIAL
7.401000023,0.410507411,0.000000000,0.000000000,0.000000000,AERIAL
7.401999950,0.412190467,0.000000000,0.000000000,0.000000000,AERIAL
7.402999878,0.413865298,0.000000000,0.000000000,0.000000000,AERIAL
7.403999805,0.415531904,0.000000000,0.000000000,0.000000000,AERIAL
7.405000210,0.417190284,0.000000000,0.000000000,0.000000000,AERIAL
7.406000137,0.418840468,0.000000000,0.000000000,0.000000000,AERIAL
7.407000065,0.420482457,0.000000000,0.000000000,0.000000000,AERIAL
7.407999992,0.422116280,0.000000000,0.000000000,0.000000000,AERIAL
7.408999920,0.423741937,0.000000000,0.000000000,0.000000000,AERIAL
7.409999847,0.425359458,0.000000000,0.000000000,0.000000000,AERIAL
7.410999775,0.426968843,0.000000000,0.000000000,0.000000000,AERIAL
7.412000179,0.428570092,0.000000000,0.000000000,0.000000000,AERIAL
7.413000107,0.430163234,0.000000000,0.000000000,0.000000000,AERIAL
7.414000034,0.431748271,0.000000000,0.000000000,0.000000000,AERIAL
7.414999962,0.433325201,0.000000000,0.000000000,0.000000000,AERIAL
7.415999889,0.434894085,0.000000000,0.000000000,0.000000000,AERIAL
7.416999817,0.436454862,0.000000000,0.000000000,0.000000000,AERIAL
7.418000221,0.438007593,0.000000000,0.000000000,0.000000000,AERIAL
7.419000149,0.439552248,0.000000000,0.000000000,0.000000000,AERIAL
7.420000076,0.441088855,0.000000000,0.000000000,0.000000000,AERIAL
7.421000004,0.442617416,0.000000000,0.000000000,0.000000000,AERIAL
7.421999931,0.444137931,0.000000000,0.000000000,0.000000000,AERIAL
7.422999859,0.445650399,0.000000000,0.000000000,0.000000000,AERIAL
7.423999786,0.447154820,0.000000000,0.000000000,0.000000000,AERIAL
7.425000191,0.448651195,0.000000000,0.000000000,0.000000000,AERIAL
7.426000118,0.450139523,0.000000000,0.000000000,0.000000000,AERIAL
7.427000046,0.451619834,0.000000000,0.000000000,0.000000000,AERIAL
7.427999973,0.453092098,0.000000000,0.000000000,0.000000000,AERIAL
7.428999901,0.454556316,0.000000000,0.000000000,0.000000000,AERIAL
7.429999828,0.456012487,0.000000000,0.000000000,0.000000000,AERIAL
7.431000233,0.457460642,0.000000000,0.000000000,0.000000000,AERIAL
7.432000160,0.458900720,0.000000000,0.000000000,0.000000000,AERIAL
7.433000088,0.460332751,0.000000000,0.000000000,0.000000000,AERIAL
7.434000015,0.461756706,0.000000000,-0.000000000,0.000000000,AERIAL
7.434999943,0.463172615,0.000000000,-0.000000000,0.000000000,AERIAL
7.435999870,0.464580446,0.000000000,-0.000000000,0.000000000,AERIAL
7.436999798,0.465980172,0.000000000,-0.000000000,0.000000000,AERIAL
7.438000202,0.467371851,0.000000000,-0.000000000,0.000000000,AERIAL
7.439000130,0.468755424,0.000000000,-0.000000000,0.000000000,AERIAL
7.440000057,0.470130891,0.000000000,-0.000000000,0.000000000,AERIAL
7.440999985,0.471498251,0.000000000,-0.000000000,0.000000000,AERIAL
7.441999912,0.472857505,0.000000000,-0.000000000,0.000000000,AERIAL
7.442999840,0.474208593,0.000000000,-0.000000000,0.000000000,AERIAL
7.443999767,0.475551575,0.000000000,-0.000000000,0.000000000,AERIAL
7.445000172,0.476886392,0.000000000,-0.000000000,0.000000000,AERIAL
7.446000099,0.478213042,0.000000000,-0.000000000,0.000000000,AERIAL
7.447000027,0.479531527,0.000000000,-0.000000000,0.000000000,AERIAL
7.447999954,0.480841815,0.000000000,-0.000000000,0.000000000,AERIAL
7.448999882,0.482143909,0.000000000,-0.000000000,0.000000000,AERIAL
7.449999809,0.483437777,0.000000000,-0.000000000,0.000000000,AERIAL
7.451000214,0.484723449,0.000000000,-0.000000000,0.000000000,AERIAL
7.452000141,0.486000866,0.000000000,-0.000000000,0.000000000,AERIAL
7.453000069,0.487270057,0.000000000,-0.000000000,0.000000000,AERIAL
7.453999996,0.488530964,0.000000000,-0.000000000,0.000000000,AERIAL
7.454999924,0.489783585,0.000000000,-0.000000000,0.000000000,AERIAL
7.455999851,0.491027921,0.000000000,-0.000000000,0.000000000,AERIAL
7.456999779,0.492263973,0.000000000,-0.000000000,0.000000000,AERIAL
7.458000183,0.493491679,0.000000000,-0.000000000,0.000000000,AERIAL
7.459000111,0.494711041,0.000000000,-0.000000000,0.000000000,AERIAL
7.460000038,0.495922059,0.000000000,-0.000000000,0.000000000,AERIAL
7.460999966,0.497124732,0.000000000,-0.000000000,0.000000000,AERIAL
7.461999893,0.498319000,0.000000000,-0.000000000,0.000000000,AERIAL
7.462999821,0.499504924,0.000000000,-0.000000000,0.000000000,AERIAL
7.464000225,0.500682414,0.000000000,-0.000000000,0.000000000,AERIAL
7.465000153,0.501851499,0.000000000,-0.000000000,0.000000000,AERIAL
7.466000080,0.503012121,0.000000000,-0.000000000,0.000000000,AERIAL
7.467000008,0.504164338,0.000000000,-0.000000000,0.000000000,AERIAL
7.467999935,0.505308032,0.000000000,-0.000000000,0.000000000,AERIAL
7.468999863,0.506443322,0.000000000,-0.000000000,0.000000000,AERIAL
7.469999790,0.507570088,0.000000000,-0.000000000,0.000000000,AERIAL
7.471000195,0.508688331,0.000000000,-0.000000000,0.000000000,AERIAL
7.472000122,0.509798110,0.000000000,-0.000000000,0.000000000,AERIAL
7.473000050,0.510899365,0.000000000,-0.000000000,0.000000000,AERIAL
7.473999977,0.511992097,0.000000000,-0.000000000,0.000000000,AERIAL
7.474999905,0.513076246,0.000000000,-0.000000000,0.000000000,AERIAL
7.475999832,0.514151812,0.000000000,-0.000000000,0.000000000,AERIAL
7.477000237,0.515218854,0.000000000,-0.000000000,0.000000000,AERIAL
7.478000164,0.516277254,0.000000000,-0.000000000,0.000000000,AERIAL
7.479000092,0.517327070,0.000000000,-0.000000000,0.000000000,AERIAL
7.480000019,0.518368244,0.000000000,-0.000000000,0.000000000,AERIAL
7.480999947,0.519400835,0.000000000,-0.000000000,0.000000000,AERIAL
7.481999874,0.520424783,0.000000000,-0.000000000,0.000000000,AERIAL
7.482999802,0.521440089,0.000000000,-0.000000000,0.000000000,AERIAL
7.484000206,0.522446692,0.000000000,-0.000000000,0.000000000,AERIAL
7.485000134,0.523444653,0.000000000,-0.000000000,0.000000000,AERIAL
7.486000061,0.524433911,0.000000000,-0.000000000,0.000000000,AERIAL
7.486999989,0.525414467,0.000000000,-0.000000000,0.000000000,AERIAL
7.487999916,0.526386261,0.000000000,-0.000000000,0.000000000,AERIAL
7.488999844,0.527349412,0.000000000,-0.000000000,0.000000000,AERIAL
7.489999771,0.528303802,0.000000000,-0.000000000,0.000000000,AERIAL
7.491000175,0.529249430,0.000000000,-0.000000000,0.000000000,AERIAL
7.492000103,0.530186296,0.000000000,-0.000000000,0.000000000,AERIAL
7.493000031,0.531114399,0.000000000,-0.000000000,0.000000000,AERIAL
7.493999958,0.532033682,0.000000000,-0.000000000,0.000000000,AERIAL
7.494999886,0.532944202,0.000000000,-0.000000000,0.000000000,AERIAL
7.495999813,0.533845901,0.000000000,-0.000000000,0.000000000,AERIAL
7.497000217,0.534738839,0.000000000,-0.000000000,0.000000000,AERIAL
7.498000145,0.535622895,0.000000000,-0.000000000,0.000000000,AERIAL
7.499000072,0.536498070,0.000000000,-0.000000000,0.000000000,AERIAL
7.500000000,0.537364423,0.000000000,-0.000000000,0.000000000,AERIAL
7.500999928,0.538221955,0.000000000,-0.000000000,0.000000000,AERIAL
7.501999855,0.539070547,0.000000000,-0.000000000,0.000000000,AERIAL
7.502999783,0.539910316,0.000000000,-0.000000000,0.000000000,AERIAL
7.504000187,0.540741146,0.000000000,-0.000000000,0.000000000,AERIAL
7.505000114,0.541563034,0.000000000,-0.000000000,0.000000000,AERIAL
7.506000042,0.542376041,0.000000000,-0.000000000,0.000000000,AERIAL
7.506999969,0.543180108,0.000000000,-0.000000000,0.000000000,AERIAL
7.507999897,0.543975234,0.000000000,-0.000000000,0.000000000,AERIAL
7.508999825,0.544761360,0.000000000,-0.000000000,0.000000000,AERIAL
7.510000229,0.545538545,0.000000000,-0.000000000,0.000000000,AERIAL
7.511000156,0.546306729,0.000000000,-0.000000000,0.000000000,AERIAL
7.512000084,0.547065914,0.000000000,-0.000000000,0.000000000,AERIAL
7.513000011,0.547816157,0.000000000,-0.000000000,0.000000000,AERIAL
7.513999939,0.548557341,0.000000000,-0.000000000,0.000000000,AERIAL
7.514999866,0.549289465,0.000000000,-0.000000000,0.000000000,AERIAL
7.515999794,0.550012589,0.000000000,-0.000000000,0.000000000,AERIAL
7.517000198,0.550726593,0.000000000,-0.000000000,0.000000000,AERIAL
7.518000126,0.551431596,0.000000000,-0.000000000,0.000000000,AERIAL
7.519000053,0.552127481,0.000000000,-0.000000000,0.000000000,AERIAL
7.519999981,0.552814305,0.000000000,-0.000000000,0.000000000,AERIAL
7.520999908,0.553492010,0.000000000,-0.000000000,0.000000000,AERIAL
7.521999836,0.554160595,0.000000000,-0.000000000,0.000000000,AERIAL
7.522999763,0.554820061,0.000000000,-0.000000000,0.000000000,AERIAL
7.524000168,0.555470407,0.000000000,-0.000000000,0.000000000,AERIAL
7.525000095,0.556111574,0.000000000,-0.000000000,0.000000000,AERIAL
7.526000023,0.556743503,0.000000000,-0.000000000,0.000000000,AERIAL
7.526999950,0.557366312,0.000000000,-0.000000000,0.000000000,AERIAL
7.527999878,0.557979941,0.000000000,-0.000000000,0.000000000,AERIAL
7.528999805,0.558584332,0.000000000,-0.000000000,0.000000000,AERIAL
7.530000210,0.559179485,0.000000000,-0.000000000,0.000000000,AERIAL
7.531000137,0.559765399,0.000000000,-0.000000000,0.000000000,AERIAL
7.532000065,0.560342073,0.000000000,-0.000000000,0.000000000,AERIAL
7.532999992,0.560909450,0.000000000,-0.000000000,0.000000000,AERIAL
7.533999920,0.561467588,0.000000000,-0.000000000,0.000000000,AERIAL
7.534999847,0.562016428,0.000000000,-0.000000000,0.000000000,AERIAL
7.535999775,0.562555969,0.000000000,-0.000000000,0.000000000,AERIAL
7.537000179,0.563086212,0.000000000,-0.000000000,0.000000000,AERIAL
7.538000107,0.563607097,0.000000000,-0.000000000,0.000000000,AERIAL
7.539000034,0.564118683,0.000000000,-0.000000000,0.000000000,AERIAL
7.539999962,0.564620912,0.000000000,-0.000000000,0.000000000,AERIAL
7.540999889,0.565113842,0.000000000,-0.000000000,0.000000000,AERIAL
7.541999817,0.565597355,0.000000000,-0.000000000,0.000000000,AERIAL
7.543000221,0.566071510,0.000000000,-0.000000000,0.000000000,AERIAL
7.544000149,0.566536367,0.000000000,-0.000000000,0.000000000,AERIAL
7.545000076,0.566991806,0.000000000,-0.000000000,0.000000000,AERIAL
7.546000004,0.567437887,0.000000000,-0.000000000,0.000000000,AERIAL
7.546999931,0.567874551,0.000000000,-0.000000000,0.000000000,AERIAL
7.547999859,0.568301916,0.000000000,-0.000000000,0.000000000,AERIAL
7.548999786,0.568719804,0.000000000,-0.000000000,0.000000000,AERIAL
7.550000191,0.569128394,0.000000000,-0.000000000,0.000000000,AERIAL
7.551000118,0.569527566,0.000000000,-0.000000000,0.000000000,AERIAL
7.552000046,0.569917381,0.000000000,-0.000000000,0.000000000,AERIAL
7.552999973,0.570297778,0.000000000,-0.000000000,0.000000000,AERIAL
7.553999901,0.570668757,0.000000000,-0.000000000,0.000000000,AERIAL
7.554999828,0.571030438,0.000000000,-0.000000000,0.000000000,AERIAL
7.556000233,0.571382642,0.000000000,-0.000000000,0.000000000,AERIAL
7.557000160,0.571725547,0.000000000,0.000000000,0.000000000,AERIAL
7.558000088,0.572059035,0.000000000,0.000000000,0.000000000,AERIAL
7.559000015,0.572383165,0.000000000,0.000000000,0.000000000,AERIAL
7.559999943,0.572697878,0.000000000,0.000000000,0.000000000,AERIAL
7.560999870,0.573003232,0.000000000,0.000000000,0.000000000,AERIAL
7.561999798,0.573299229,0.000000000,0.000000000,0.000000000,AERIAL
7.563000202,0.573585808,0.000000000,0.000000000,0.000000000,AERIAL
7.564000130,0.573863089,0.000000000,0.000000000,0.000000000,AERIAL
7.565000057,0.574130952,0.000000000,0.000000000,0.000000000,AERIAL
7.565999985,0.574389458,0.000000000,0.000000000,0.000000000,AERIAL
7.566999912,0.574638605,0.000000000,0.000000000,0.000000000,AERIAL
7.567999840,0.574878395,0.000000000,0.000000000,0.000000000,AERIAL
7.568999767,0.575108826,0.000000000,0.000000000,0.000000000,AERIAL
7.570000172,0.575329900,0.000000000,0.000000000,0.000000000,AERIAL
7.571000099,0.575541675,0.000000000,0.000000000,0.000000000,AERIAL
7.572000027,0.575744033,0.000000000,0.000000000,0.000000000,AERIAL
7.572999954,0.575937033,0.000000000,0.000000000,0.000000000,AERIAL
7.573999882,0.576120734,0.000000000,0.000000000,0.000000000,AERIAL
7.574999809,0.576295078,0.000000000,0.000000000,0.000000000,AERIAL
7.576000214,0.576460063,0.000000000,0.000000000,0.000000000,AERIAL
7.577000141,0.576615751,0.000000000,0.000000000,0.000000000,AERIAL
7.578000069,0.576762080,0.000000000,0.000000000,0.000000000,AERIAL
7.578999996,0.576899052,0.000000000,0.000000000,0.000000000,AERIAL
7.579999924,0.577026725,0.000000000,0.000000000,0.000000000,AERIAL
7.580999851,0.577145040,0.000000000,0.000000000,0.000000000,AERIAL
7.581999779,0.577254057,0.000000000,0.000000000,0.000000000,AERIAL
7.583000183,0.577353716,0.000000000,0.000000000,0.000000000,AERIAL
7.584000111,0.577444077,0.000000000,0.000000000,0.000000000,AERIAL
7.585000038,0.577525139,0.000000000,0.000000000,0.000000000,AERIAL
7.585999966,0.577596843,0.000000000,0.000000000,0.000000000,AERIAL
7.586999893,0.577659190,0.000000000,0.000000000,0.000000000,AERIAL
7.587999821,0.577712238,0.000000000,0.000000000,0.000000000,AERIAL
7.589000225,0.577755988,0.000000000,0.000000000,0.000000000,AERIAL
7.590000153,0.577790439,0.000000000,0.000000000,0.000000000,AERIAL
7.591000080,0.577815533,0.000000000,0.000000000,0.000000000,AERIAL
7.592000008,0.577831328,0.000000000,0.000000000,0.000000000,AERIAL
7.592999935,0.577837765,0.000000000,0.000000000,0.000000000,AERIAL
7.593999863,0.577834904,0.000000000,0.000000000,0.000000000,AERIAL
7.594999790,0.577822745,0.000000000,0.000000000,0.000000000,AERIAL
7.596000195,0.577801287,0.000000000,0.000000000,0.000000000,AERIAL
7.597000122,0.577770472,0.000000000,0.000000000,0.000000000,AERIAL
7.598000050,0.577730298,0.000000000,0.000000000,0.000000000,AERIAL
7.598999977,0.577680886,0.000000000,-0.000000000,0.000000000,AERIAL
7.599999905,0.577622116,0.000000000,-0.000000000,0.000000000,AERIAL
7.600999832,0.577553988,0.000000000,-0.000000000,0.000000000,AERIAL
7.602000237,0.577476561,0.000000000,-0.000000000,0.000000000,AERIAL
7.603000164,0.577389836,0.000000000,-0.000000000,0.000000000,AERIAL
7.604000092,0.577293754,0.000000000,-0.000000000,0.000000000,AERIAL
7.605000019,0.577188373,0.000000000,-0.000000000,0.000000000,AERIAL
7.605999947,0.577073634,0.000000000,-0.000000000,0.000000000,AERIAL
7.606999874,0.576949596,0.000000000,-0.000000000,0.000000000,AERIAL
7.607999802,0.576816201,0.000000000,-0.000000000,0.000000000,AERIAL
7.609000206,0.576673448,0.000000000,-0.000000000,0.000000000,AERIAL
7.610000134,0.576521397,0.000000000,-0.000000000,0.000000000,AERIAL
7.611000061,0.576359987,0.000000000,-0.000000000,0.000000000,AERIAL
7.611999989,0.576189220,0.000000000,-0.000000000,0.000000000,AERIAL
7.612999916,0.576009154,0.000000000,-0.000000000,0.000000000,AERIAL
7.613999844,0.575819671,0.000000000,-0.000000000,0.000000000,AERIAL
7.614999771,0.575620890,0.000000000,-0.000000000,0.000000000,AERIAL
7.616000175,0.575412750,0.000000000,-0.000000000,0.000000000,AERIAL
7.617000103,0.575195253,0.000000000,-0.000000000,0.000000000,AERIAL
7.618000031,0.574968338,0.000000000,-0.000000000,0.000000000,AERIAL
7.618999958,0.574732125,0.000000000,-0.000000000,0.000000000,AERIAL
7.619999886,0.574486494,0.000000000,-0.000000000,0.000000000,AERIAL
7.620999813,0.574231565,0.000000000,-0.000000000,0.000000000,AERIAL
7.622000217,0.573967218,0.000000000,-0.000000000,0.000000000,AERIAL
7.623000145,0.573693454,0.000000000,-0.000000000,0.000000000,AERIAL
7.624000072,0.573410392,0.000000000,-0.000000000,0.000000000,AERIAL
7.625000000,0.573117912,0.000000000,-0.000000000,0.000000000,AERIAL
7.625999928,0.572816074,0.000000000,-0.000000000,0.000000000,AERIAL
7.626999855,0.572504818,0.000000000,-0.000000000,0.000000000,AERIAL
7.627999783,0.572184145,0.000000000,-0.000000000,0.000000000,AERIAL
7.629000187,0.571854115,0.000000000,-0.000000000,0.000000000,AERIAL
7.630000114,0.571514726,0.000000000,-0.000000000,0.000000000,AERIAL
7.631000042,0.571165860,0.000000000,-0.000000000,0.000000000,AERIAL
7.631999969,0.570807695,0.000000000,-0.000000000,0.000000000,AERIAL
7.632999897,0.570440054,0.000000000,-0.000000000,0.000000000,AERIAL
7.633999825,0.570062995,0.000000000,-0.000000000,0.000000000,AERIAL
7.635000229,0.569676578,0.000000000,-0.000000000,0.000000000,AERIAL
7.636000156,0.569280744,0.000000000,-0.000000000,0.000000000,AERIAL
7.637000084,0.568875492,0.000000000,-0.000000000,0.000000000,AERIAL
7.638000011,0.568460763,0.000000000,-0.000000000,0.000000000,AERIAL
7.638999939,0.568036675,0.000000000,-0.000000000,0.000000000,AERIAL
7.639999866,0.567603171,0.000000000,-0.000000000,0.000000000,AERIAL
7.640999794,0.567160189,0.000000000,-0.000000000,0.000000000,AERIAL
7.642000198,0.566707850,0.000000000,-0.000000000,0.000000000,AERIAL
7.643000126,0.566246033,0.000000000,-0.000000000,0.000000000,AERIAL
7.644000053,0.565774739,0.000000000,-0.000000000,0.000000000,AERIAL
7.644999981,0.565294087,0.000000000,-0.000000000,0.000000000,AERIAL
7.645999908,0.564803958,0.000000000,-0.000000000,0.000000000,AERIAL
7.646999836,0.564304352,0.000000000,-0.000000000,0.000000000,AERIAL
7.647999763,0.563795328,0.000000000,-0.000000000,0.000000000,AERIAL
7.649000168,0.563276887,0.000000000,-0.000000000,0.000000000,AERIAL
7.650000095,0.562748969,0.000000000,-0.000000000,0.000000000,AERIAL
7.651000023,0.562211573,0.000000000,-0.000000000,0.000000000,AERIAL
7.651999950,0.561664701,0.000000000,-0.000000000,0.000000000,AERIAL
7.652999878,0.561108410,0.000000000,-0.000000000,0.000000000,AERIAL
7.653999805,0.560542643,0.000000000,-0.000000000,0.000000000,AERIAL
7.655000210,0.559967339,0.000000000,-0.000000000,0.000000000,AERIAL
7.656000137,0.559382617,0.000000000,-0.000000000,0.000000000,AERIAL
7.657000065,0.558788419,0.000000000,-0.000000000,0.000000000,AERIAL
7.657999992,0.558184743,0.000000000,-0.000000000,0.000000000,AERIAL
7.658999920,0.557571590,0.000000000,-0.000000000,0.000000000,AERIAL
7.659999847,0.556948900,0.000000000,-0.000000000,0.000000000,AERIAL
7.660999775,0.556316733,0.000000000,-0.000000000,0.000000000,AERIAL
7.662000179,0.555675089,0.000000000,-0.000000000,0.000000000,AERIAL
7.663000107,0.555023909,0.000000000,-0.000000000,0.000000000,AERIAL
7.664000034,0.554363251,0.000000000,-0.000000000,0.000000000,AERIAL
7.664999962,0.553693116,0.000000000,-0.000000000,0.000000000,AERIAL
7.665999889,0.553013384,0.000000000,-0.000000000,0.000000000,AERIAL
7.666999817,0.552324176,0.000000000,-0.000000000,0.000000000,AERIAL
7.668000221,0.551625490,0.000000000,-0.000000000,0.000000000,AERIAL
7.669000149,0.550917208,0.000000000,-0.000000000,0.000000000,AERIAL
7.670000076,0.550199449,0.000000000,-0.000000000,0.000000000,AERIAL
7.671000004,0.549472153,0.000000000,-0.000000000,0.000000000,AERIAL
7.671999931,0.548735261,0.000000000,-0.000000000,0.000000000,AERIAL
7.672999859,0.547988892,0.000000000,-0.000000000,0.000000000,AERIAL
7.673999786,0.547232926,0.000000000,-0.000000000,0.000000000,AERIAL
7.675000191,0.546467423,0.000000000,-0.000000000,0.000000000,AERIAL
7.676000118,0.545692384,0.000000000,-0.000000000,0.000000000,AERIAL
7.677000046,0.544907749,0.000000000,-0.000000000,0.000000000,AERIAL
7.677999973,0.544113576,0.000000000,-0.000000000,0.000000000,AERIAL
7.678999901,0.543309808,0.000000000,-0.000000000,0.000000000,AERIAL
7.679999828,0.542496502,0.000000000,-0.000000000,0.000000000,AERIAL
7.681000233,0.541673601,0.000000000,-0.000000000,0.000000000,AERIAL
7.682000160,0.540841103,0.000000000,-0.000000000,0.000000000,AERIAL
7.683000088,0.539999008,0.000000000,-0.000000000,0.000000000,AERIAL
7.684000015,0.539147317,0.000000000,-0.000000000,0.000000000,AERIAL
7.684999943,0.538286030,0.000000000,-0.000000000,0.000000000,AERIAL
7.685999870,0.537415206,0.000000000,-0.000000000,0.000000000,AERIAL
7.686999798,0.536534727,0.000000000,-0.000000000,0.000000000,AERIAL
7.688000202,0.535644650,0.000000000,-0.000000000,0.000000000,AERIAL
7.689000130,0.534744918,0.000000000,-0.000000000,0.000000000,AERIAL
7.690000057,0.533835649,0.000000000,-0.000000000,0.000000000,AERIAL
7.690999985,0.532916725,0.000000000,-0.000000000,0.000000000,AERIAL
7.691999912,0.531988144,0.000000000,-0.000000000,0.000000000,AERIAL
7.692999840,0.531049967,0.000000000,-0.000000000,0.000000000,AERIAL
7.693999767,0.530102193,0.000000000,-0.000000000,0.000000000,AERIAL
7.695000172,0.529144764,0.000000000,-0.000000000,0.000000000,AERIAL
7.696000099,0.528177738,0.000000000,-0.000000000,0.000000000,AERIAL
7.697000027,0.527200997,0.000000000,-0.000000000,0.000000000,AERIAL
7.697999954,0.526214659,0.000000000,-0.000000000,0.000000000,AERIAL
7.698999882,0.525218666,0.000000000,-0.000000000,0.000000000,AERIAL
7.699999809,0.524213076,0.000000000,-0.000000000,0.000000000,AERIAL
7.701000214,0.523197770,0.000000000,-0.000000000,0.000000000,AERIAL
7.702000141,0.522172868,0.000000000,-0.000000000,0.000000000,AERIAL
7.703000069,0.521138310,0.000000000,-0.000000000,0.000000000,AERIAL
7.703999996,0.520094037,0.000000000,-0.000000000,0.000000000,AERIAL
7.704999924,0.519040167,0.000000000,-0.000000000,0.000000000,AERIAL
7.705999851,0.517976642,0.000000000,-0.000000000,0.000000000,AERIAL
7.706999779,0.516903400,0.000000000,-0.000000000,0.000000000,AERIAL
7.708000183,0.515820563,0.000000000,-0.000000000,0.000000000,AERIAL
7.709000111,0.514728010,0.000000000,-0.000000000,0.000000000,AERIAL
7.710000038,0.513625801,0.000000000,-0.000000000,0.000000000,AERIAL
7.710999966,0.512513995,0.000000000,-0.000000000,0.000000000,AERIAL
7.711999893,0.511392474,0.000000000,-0.000000000,0.000000000,AERIAL
7.712999821,0.510261297,0.000000000,-0.000000000,0.000000000,AERIAL
7.714000225,0.509120405,0.000000000,-0.000000000,0.000000000,AERIAL
7.715000153,0.507969916,0.000000000,-0.000000000,0.000000000,AERIAL
7.716000080,0.506809771,0.000000000,-0.000000000,0.000000000,AERIAL
7.717000008,0.505639911,0.000000000,-0.000000000,0.000000000,AERIAL
7.717999935,0.504460394,0.000000000,-0.000000000,0.000000000,AERIAL
7.718999863,0.503271222,0.000000000,-0.000000000,0.000000000,AERIAL
7.719999790,0.502072394,0.000000000,-0.000000000,0.000000000,AERIAL
7.721000195,0.500863850,0.000000000,-0.000000000,0.000000000,AERIAL
7.722000122,0.499645710,0.000000000,-0.000000000,0.000000000,AERIAL
7.723000050,0.498417854,0.000000000,0.000000000,0.000000000,AERIAL
7.723999977,0.497180343,0.000000000,0.000000000,0.000000000,AERIAL
7.724999905,0.495933175,0.000000000,0.000000000,0.000000000,AERIAL
7.725999832,0.494676352,0.000000000,0.000000000,0.000000000,AERIAL
7.727000237,0.493409842,0.000000000,0.000000000,0.000000000,AERIAL
7.728000164,0.492133677,0.000000000,0.000000000,0.000000000,AERIAL
7.729000092,0.490847826,0.000000000,0.000000000,0.000000000,AERIAL
7.730000019,0.489552349,0.000000000,0.000000000,0.000000000,AERIAL
7.730999947,0.488247156,0.000000000,0.000000000,0.000000000,AERIAL
7.731999874,0.486932337,0.000000000,0.000000000,0.000000000,AERIAL
7.732999802,0.485607833,0.000000000,0.000000000,0.000000000,AERIAL
7.734000206,0.484273672,0.000000000,0.000000000,0.000000000,AERIAL
7.735000134,0.482929856,0.000000000,0.000000000,0.000000000,AERIAL
7.736000061,0.481576383,0.000000000,0.000000000,0.000000000,AERIAL
7.736999989,0.480213225,0.000000000,0.000000000,0.000000000,AERIAL
7.737999916,0.478840411,0.000000000,0.000000000,0.000000000,AERIAL
7.738999844,0.477457941,0.000000000,0.000000000,0.000000000,AERIAL
7.739999771,0.476065785,0.000000000,0.000000000,0.000000000,AERIAL
7.741000175,0.474663973,0.000000000,0.000000000,0.000000000,AERIAL
7.742000103,0.473252505,0.000000000,0.000000000,0.000000000,AERIAL
7.743000031,0.471831381,0.000000000,0.000000000,0.000000000,AERIAL
7.743999958,0.470400602,0.000000000,0.000000000,0.000000000,AERIAL
7.744999886,0.468960136,0.000000000,0.000000000,0.000000000,AERIAL
7.745999813,0.467510015,0.000000000,0.000000000,0.000000000,AERIAL
7.747000217,0.466050237,0.000000000,0.000000000,0.000000000,AERIAL
7.748000145,0.464580804,0.000000000,0.000000000,0.000000000,AERIAL
7.749000072,0.463101715,0.000000000,0.000000000,0.000000000,AERIAL
7.750000000,0.461612940,0.000000000,0.000000000,0.000000000,AERIAL
7.750999928,0.460114509,0.000000000,0.000000000,0.000000000,AERIAL
7.751999855,0.458606422,0.000000000,0.000000000,0.000000000,AERIAL
7.752999783,0.457088679,0.000000000,-0.000000000,0.000000000,AERIAL
7.754000187,0.455561250,0.000000000,-0.000000000,0.000000000,AERIAL
7.755000114,0.454024166,0.000000000,-0.000000000,0.000000000,AERIAL
7.756000042,0.452477425,0.000000000,-0.000000000,0.000000000,AERIAL
7.756999969,0.450921029,0.000000000,-0.000000000,0.000000000,AERIAL
7.757999897,0.449354947,0.000000000,-0.000000000,0.000000000,AERIAL
7.758999825,0.447779238,0.000000000,-0.000000000,0.000000000,AERIAL
7.760000229,0.446193844,0.000000000,-0.000000000,0.000000000,AERIAL
7.761000156,0.444598764,0.000000000,-0.000000000,0.000000000,AERIAL
7.762000084,0.442994058,0.000000000,-0.000000000,0.000000000,AERIAL
7.763000011,0.441379666,0.000000000,-0.000000000,0.000000000,AERIAL
7.763999939,0.439755619,0.000000000,-0.000000000,0.000000000,AERIAL
7.764999866,0.438121885,0.000000000,-0.000000000,0.000000000,AERIAL
7.765999794,0.436478496,0.000000000,-0.000000000,0.000000000,AERIAL
7.767000198,0.434825450,0.000000000,-0.000000000,0.000000000,AERIAL
7.768000126,0.433162749,0.000000000,-0.000000000,0.000000000,AERIAL
7.769000053,0.431490362,0.000000000,-0.000000000,0.000000000,AERIAL
7.769999981,0.429808289,0.000000000,-0.000000000,0.000000000,AERIAL
7.770999908,0.428116590,0.000000000,-0.000000000,0.000000000,AERIAL
7.771999836,0.426415175,0.000000000,-0.000000000,0.000000000,AERIAL
7.772999763,0.424704134,0.000000000,-0.000000000,0.000000000,AERIAL
7.774000168,0.422983408,0.000000000,-0.000000000,0.000000000,AERIAL
7.775000095,0.421252996,0.000000000,-0.000000000,0.000000000,AERIAL
7.776000023,0.419512928,0.000000000,-0.000000000,0.000000000,AERIAL
7.776999950,0.417763203,0.000000000,-0.000000000,0.000000000,AERIAL
7.777999878,0.416003764,0.000000000,-0.000000000,0.000000000,AERIAL
7.778999805,0.414234698,0.000000000,-0.000000000,0.000000000,AERIAL
7.780000210,0.412455946,0.000000000,-0.000000000,0.000000000,AERIAL
7.781000137,0.410667509,0.000000000,-0.000000000,0.000000000,AERIAL
7.782000065,0.408869386,0.000000000,-0.000000000,0.000000000,AERIAL
7.782999992,0.407061607,0.000000000,-0.000000000,0.000000000,AERIAL
7.783999920,0.405244142,0.000000000,-0.000000000,0.000000000,AERIAL
7.784999847,0.403417021,0.000000000,-0.000000000,0.000000000,AERIAL
7.785999775,0.401580185,0.000000000,-0.000000000,0.000000000,AERIAL
7.787000179,0.399733692,0.000000000,-0.000000000,0.000000000,AERIAL
7.788000107,0.397877544,0.000000000,-0.000000000,0.000000000,AERIAL
7.789000034,0.396011680,0.000000000,-0.000000000,0.000000000,AERIAL
7.789999962,0.394136161,0.000000000,-0.000000000,0.000000000,AERIAL
7.790999889,0.392250925,0.000000000,-0.000000000,0.000000000,AERIAL
7.791999817,0.390356034,0.000000000,-0.000000000,0.000000000,AERIAL
7.793000221,0.388451457,0.000000000,-0.000000000,0.000000000,AERIAL
7.794000149,0.386537194,0.000000000,-0.000000000,0.000000000,AERIAL
7.795000076,0.384613246,0.000000000,-0.000000000,0.000000000,AERIAL
7.796000004,0.382679611,0.000000000,-0.000000000,0.000000000,AERIAL
7.796999931,0.380736291,0.000000000,-0.000000000,0.000000000,AERIAL
7.797999859,0.378783286,0.000000000,-0.000000000,0.000000000,AERIAL
7.798999786,0.376820594,0.000000000,-0.000000000,0.000000000,AERIAL
7.800000191,0.374848217,0.000000000,-0.000000000,0.000000000,AERIAL
7.801000118,0.372866154,0.000000000,-0.000000000,0.000000000,AERIAL
7.802000046,0.370874375,0.000000000,-0.000000000,0.000000000,AERIAL
7.802999973,0.368872911,0.000000000,-0.000000000,0.000000000,AERIAL
7.803999901,0.366861761,0.000000000,-0.000000000,0.000000000,AERIAL
7.804999828,0.364840925,0.000000000,-0.000000000,0.000000000,AERIAL
7.806000233,0.362810373,0.000000000,-0.000000000,0.000000000,AERIAL
7.807000160,0.360770136,0.000000000,-0.000000000,0.000000000,AERIAL
7.808000088,0.358720213,0.000000000,-0.000000000,0.000000000,AERIAL
7.809000015,0.356660575,0.000000000,-0.000000000,0.000000000,AERIAL
7.809999943,0.354591250,0.000000000,-0.000000000,0.000000000,AERIAL
7.810999870,0.352512240,0.000000000,-0.000000000,0.000000000,AERIAL
7.811999798,0.350423485,0.000000000,-0.000000000,0.000000000,AERIAL
7.813000202,0.348325074,0.000000000,-0.000000000,0.000000000,AERIAL
7.814000130,0.346216917,0.000000000,-0.000000000,0.000000000,AERIAL
7.815000057,0.344099075,0.000000000,-0.000000000,0.000000000,AERIAL
7.815999985,0.341971546,0.000000000,-0.000000000,0.000000000,AERIAL
7.816999912,0.339834303,0.000000000,-0.000000000,0.000000000,AERIAL
7.817999840,0.337687314,0.000000000,-0.000000000,0.000000000,AERIAL
7.818999767,0.335530668,0.000000000,-0.000000000,0.000000000,AERIAL
7.820000172,0.333364278,0.000000000,-0.000000000,0.000000000,AERIAL
7.821000099,0.331188202,0.000000000,-0.000000000,0.000000000,AERIAL
7.822000027,0.329002380,0.000000000,-0.000000000,0.000000000,AERIAL
7.822999954,0.326806873,0.000000000,-0.000000000,0.000000000,AERIAL
7.823999882,0.324601650,0.000000000,-0.000000000,0.000000000,AERIAL
7.824999809,0.322386712,0.000000000,-0.000000000,0.000000000,AERIAL
7.826000214,0.320162028,0.000000000,-0.000000000,0.000000000,AERIAL
7.827000141,0.317927659,0.000000000,-0.000000000,0.000000000,AERIAL
7.828000069,0.315683573,0.000000000,-0.000000000,0.000000000,AERIAL
7.828999996,0.313429743,0.000000000,-0.000000000,0.000000000,AERIAL
7.829999924,0.311166197,0.000000000,-0.000000000,0.000000000,AERIAL
7.830999851,0.308892936,0.000000000,-0.000000000,0.000000000,AERIAL
7.831999779,0.306609958,0.000000000,-0.000000000,0.000000000,AERIAL
7.833000183,0.304317236,0.000000000,-0.000000000,0.000000000,AERIAL
7.834000111,0.302014798,0.000000000,-0.000000000,0.000000000,AERIAL
7.835000038,0.299702644,0.000000000,-0.000000000,0.000000000,AERIAL
7.835999966,0.297380745,0.000000000,-0.000000000,0.000000000,AERIAL
7.836999893,0.295049101,0.000000000,-0.000000000,0.000000000,AERIAL
7.837999821,0.292707741,0.000000000,-0.000000000,0.000000000,AERIAL
7.839000225,0.290356666,0.000000000,-0.000000000,0.000000000,AERIAL
7.840000153,0.287995845,0.000000000,-0.000000000,0.000000000,AERIAL
7.841000080,0.285625279,0.000000000,-0.000000000,0.000000000,AERIAL
7.842000008,0.283244967,0.000000000,-0.000000000,0.000000000,AERIAL
7.842999935,0.280854940,0.000000000,-0.000000000,0.000000000,AERIAL
7.843999863,0.278455168,0.000000000,-0.000000000,0.000000000,AERIAL
7.844999790,0.276045650,0.000000000,-0.000000000,0.000000000,AERIAL
7.846000195,0.273626417,0.000000000,-0.000000000,0.000000000,AERIAL
7.847000122,0.271197408,0.000000000,-0.000000000,0.000000000,AERIAL
7.848000050,0.268758684,0.000000000,-0.000000000,0.000000000,AERIAL
7.848999977,0.266310215,0.000000000,-0.000000000,0.000000000,AERIAL
7.849999905,0.263852000,0.000000000,-0.000000000,0.000000000,AERIAL
7.850999832,0.261384040,0.000000000,-0.000000000,0.000000000,AERIAL
7.852000237,0.258906364,0.000000000,-0.000000000,0.000000000,AERIAL
7.853000164,0.256418914,0.000000000,-0.000000000,0.000000000,AERIAL
7.854000092,0.253921747,0.000000000,-0.000000000,0.000000000,AERIAL
7.855000019,0.251414806,0.000000000,-0.000000000,0.000000000,AERIAL
7.855999947,0.248898134,0.000000000,-0.000000000,0.000000000,AERIAL
7.856999874,0.246371731,0.000000000,-0.000000000,0.000000000,AERIAL
7.857999802,0.243835568,0.000000000,-0.000000000,0.000000000,AERIAL
7.859000206,0.241289675,0.000000000,-0.000000000,0.000000000,AERIAL
7.860000134,0.238734037,0.000000000,-0.000000000,0.000000000,AERIAL
7.861000061,0.236168638,0.000000000,-0.000000000,0.000000000,AERIAL
7.861999989,0.233593509,0.000000000,-0.000000000,0.000000000,AERIAL
7.862999916,0.231008634,0.000000000,0.000000000,0.000000000,AERIAL
7.863999844,0.228414014,0.000000000,0.000000000,0.000000000,AERIAL
7.864999771,0.225809649,0.000000000,0.000000000,0.000000000,AERIAL
7.866000175,0.223195553,0.000000000,0.000000000,0.000000000,AERIAL
7.867000103,0.220571697,0.000000000,0.000000000,0.000000000,AERIAL
7.868000031,0.217938095,0.000000000,0.000000000,0.000000000,AERIAL
7.868999958,0.215294763,0.000000000,0.000000000,0.000000000,AERIAL
7.869999886,0.212641686,0.000000000,0.000000000,0.000000000,AERIAL
7.870999813,0.209978864,0.000000000,0.000000000,0.000000000,AERIAL
7.872000217,0.207306296,0.000000000,0.000000000,0.000000000,AERIAL
7.873000145,0.204623982,0.000000000,0.000000000,0.000000000,AERIAL
7.874000072,0.201931924,0.000000000,0.000000000,0.000000000,AERIAL
7.875000000,0.199230134,0.000000000,0.000000000,0.000000000,AERIAL
7.875999928,0.196518600,0.000000000,0.000000000,0.000000000,AERIAL
7.876999855,0.193797320,0.000000000,0.000000000,0.000000000,AERIAL
7.877999783,0.191066295,0.000000000,0.000000000,0.000000000,AERIAL
7.879000187,0.188325524,0.000000000,0.000000000,0.000000000,AERIAL
7.880000114,0.185575023,0.000000000,0.000000000,0.000000000,AERIAL
7.881000042,0.182814777,0.000000000,0.000000000,0.000000000,AERIAL
7.881999969,0.180044785,0.000000000,0.000000000,0.000000000,AERIAL
7.882999897,0.177265048,0.000000000,0.000000000,0.000000000,AERIAL
7.883999825,0.174475580,0.000000000,0.000000000,0.000000000,AERIAL
7.885000229,0.171676368,0.000000000,0.000000000,0.000000000,AERIAL
7.886000156,0.168867424,0.000000000,0.000000000,0.000000000,AERIAL
7.887000084,0.166048735,0.000000000,0.000000000,0.000000000,AERIAL
7.888000011,0.163220301,0.000000000,0.000000000,0.000000000,AERIAL
7.888999939,0.160382122,0.000000000,0.000000000,0.000000000,AERIAL
7.889999866,0.157534212,0.000000000,0.000000000,0.000000000,AERIAL
7.890999794,0.154676571,0.000000000,0.000000000,0.000000000,AERIAL
7.892000198,0.151809171,0.000000000,0.000000000,0.000000000,AERIAL
7.893000126,0.148932040,0.000000000,0.000000000,0.000000000,AERIAL
7.894000053,0.146045178,0.000000000,0.000000000,0.000000000,AERIAL
7.894999981,0.143148571,0.000000000,0.000000000,0.000000000,AERIAL
7.895999908,0.140242234,0.000000000,0.000000000,0.000000000,AERIAL
7.896999836,0.137326151,0.000000000,0.000000000,0.000000000,AERIAL
7.897999763,0.134400323,0.000000000,0.000000000,0.000000000,AERIAL
7.899000168,0.131464764,0.000000000,0.000000000,0.000000000,AERIAL
7.900000095,0.128519475,0.000000000,0.000000000,0.000000000,AERIAL
7.901000023,0.125564441,0.000000000,0.000000000,0.000000000,AERIAL
7.901999950,0.122599669,0.000000000,0.000000000,0.000000000,AERIAL
7.902999878,0.119625159,0.000000000,0.000000000,0.000000000,AERIAL
7.903999805,0.116640911,0.000000000,0.000000000,0.000000000,AERIAL
7.905000210,0.113646932,0.000000000,0.000000000,0.000000000,AERIAL
7.906000137,0.110643208,0.000000000,0.000000000,0.000000000,AERIAL
7.907000065,0.107629754,0.000000000,0.000000000,0.000000000,AERIAL
7.907999992,0.104606561,0.000000000,0.000000000,0.000000000,AERIAL
7.908999920,0.101573624,0.000000000,0.000000000,0.000000000,AERIAL
7.909999847,0.098530956,0.000000000,0.000000000,0.000000000,AERIAL
7.910999775,0.095478550,0.000000000,0.000000000,0.000000000,AERIAL
7.912000179,0.092416413,0.000000000,0.000000000,0.000000000,AERIAL
7.913000107,0.089344531,0.000000000,0.000000000,0.000000000,AERIAL
7.914000034,0.086262919,0.000000000,-0.000000000,0.000000000,AERIAL
7.914999962,0.083171561,0.000000000,-0.000000000,0.000000000,AERIAL
7.915999889,0.080070473,0.000000000,-0.000000000,0.000000000,AERIAL
7.916999817,0.076959647,0.000000000,-0.000000000,0.000000000,AERIAL
7.918000221,0.073839091,0.000000000,-0.000000000,0.000000000,AERIAL
7.919000149,0.070708789,0.000000000,-0.000000000,0.000000000,AERIAL
7.920000076,0.067568749,0.000000000,-0.000000000,0.000000000,AERIAL
7.921000004,0.064418979,0.000000000,-0.000000000,0.000000000,AERIAL
7.921999931,0.061259471,0.000000000,-0.000000000,0.000000000,AERIAL
7.922999859,0.058090221,0.000000000,-0.000000000,0.000000000,AERIAL
7.923999786,0.054911237,0.000000000,-0.000000000,0.000000000,AERIAL
7.925000191,0.051722519,0.000000000,-0.000000000,0.000000000,AERIAL
7.926000118,0.048524059,0.000000000,-0.000000000,0.000000000,AERIAL
7.927000046,0.045315865,0.000000000,-0.000000000,0.000000000,AERIAL
7.927999973,0.042097930,0.000000000,-0.000000000,0.000000000,AERIAL
7.928999901,0.038870260,0.000000000,-0.000000000,0.000000000,AERIAL
7.929999828,0.035632852,0.000000000,-0.000000000,0.000000000,AERIAL
7.931000233,0.032385707,0.000000000,-0.000000000,0.000000000,AERIAL
7.932000160,0.029128822,0.000000000,-0.000000000,0.000000000,LANDING
7.933000088,0.025862200,0.000000000,-0.000000000,0.000000000,LANDING
7.934000015,0.022585839,0.000000000,-0.000000000,0.000000000,LANDING
7.934999943,0.019299742,0.000000000,-0.000000000,0.000000000,LANDING
7.935999870,0.016003905,0.000000000,-0.000000000,0.000000000,LANDING
7.936999798,0.012698330,0.000000000,-0.000000000,0.000000000,LANDING
7.938000202,0.009383016,0.000000000,-0.000000000,0.000000000,LANDING
7.939000130,0.006057964,0.000000000,-0.000000000,0.000000000,LANDING
7.940000057,0.002723172,0.000000000,-0.000000000,0.000000000,LANDING
7.940999985,0.002724654,-0.003365128,-3.365127802,4.455292225,SUPPORT
7.941999912,0.002726126,-0.006607561,-3.242433071,5.019475460,SUPPORT
7.942999840,0.002727593,-0.009710588,-3.103026867,5.559402466,SUPPORT
7.943999767,0.002729054,-0.012658210,-2.947621584,6.072288513,SUPPORT
7.945000172,0.002730508,-0.015435225,-2.777016401,6.555489063,SUPPORT
7.946000099,0.002731954,-0.018027315,-2.592089891,7.006513119,SUPPORT
7.947000027,0.002733391,-0.020421110,-2.393794298,7.423033237,SUPPORT
7.947999954,0.002734820,-0.022604261,-2.183150768,7.802901268,SUPPORT
7.948999882,0.002736239,-0.024565505,-1.961244941,8.144158363,SUPPORT
7.949999809,0.002737649,-0.026294725,-1.729220152,8.445042610,SUPPORT
7.951000214,0.002739049,-0.027782999,-1.488272667,8.704001427,SUPPORT
7.952000141,0.002740441,-0.029022643,-1.239644766,8.919699669,SUPPORT
7.953000069,0.002741823,-0.030007264,-0.984620869,9.091023445,SUPPORT
7.953999996,0.002743198,-0.030731780,-0.724516511,9.217089653,SUPPORT
7.954999924,0.002744566,-0.031192454,-0.460673422,9.297246933,SUPPORT
7.955999851,0.002745928,-0.031386908,-0.194452971,9.331081390,SUPPORT
7.956999779,0.002747285,-0.031314135,0.072771065,8.435110092,SUPPORT
7.958000183,0.002748648,-0.031000659,0.313477397,8.379954338,SUPPORT
7.959000111,0.002750009,-0.030448101,0.552556515,8.283809662,SUPPORT
7.960000038,0.002751369,-0.029659318,0.788783908,8.146561623,SUPPORT
7.960999966,0.002752729,-0.028638378,1.020940542,7.968917847,SUPPORT
7.961999893,0.002754091,-0.027390549,1.247828364,7.751795769,SUPPORT
7.962999821,0.002755454,-0.025922272,1.468276739,7.496315479,SUPPORT
7.964000225,0.002756821,-0.024241123,1.681148410,7.203795433,SUPPORT
7.965000153,0.002758190,-0.022355778,1.885345578,6.875745296,SUPPORT
7.966000080,0.002759563,-0.020275963,2.079814911,6.513857841,SUPPORT
7.967000008,0.002760940,-0.018012410,2.263554335,6.119999409,SUPPORT
7.967999935,0.002762322,-0.015576793,2.435616255,5.696201801,SUPPORT
7.968999863,0.002763707,-0.012981678,2.595114231,5.244652271,SUPPORT
7.969999790,0.002765096,-0.010240452,2.741226673,4.767678738,SUPPORT
7.971000195,0.002766488,-0.007367251,2.873201132,4.267741680,SUPPORT
7.972000122,0.002767884,-0.004376893,2.990358114,3.747419357,SUPPORT
7.973000050,0.002769282,-0.001284798,3.092094898,3.209394932,TAKEOFF
7.973999977,0.004516274,0.000000000,1.284797907,0.000000000,TAKEOFF
7.974999905,0.007501459,0.000000000,-0.000000004,0.000000000,TAKEOFF
7.975999832,0.010477442,0.000000000,-0.000000001,0.000000000,TAKEOFF
7.977000237,0.013444223,0.000000000,-0.000000000,0.000000000,TAKEOFF
7.978000164,0.016401801,0.000000000,-0.000000000,0.000000000,TAKEOFF
7.979000092,0.019350177,0.000000000,-0.000000000,0.000000000,TAKEOFF
7.980000019,0.022289349,0.000000000,-0.000000000,0.000000000,TAKEOFF
7.980999947,0.025219314,0.000000000,-0.000000000,0.000000000,TAKEOFF
7.981999874,0.028140076,0.000000000,-0.000000000,0.000000000,TAKEOFF
7.982999802,0.031051630,0.000000000,-0.000000000,0.000000000,AERIAL
7.984000206,0.033953980,0.000000000,-0.000000000,0.000000000,AERIAL
7.985000134,0.036847122,0.000000000,-0.000000000,0.000000000,AERIAL
7.986000061,0.039731055,0.000000000,-0.000000000,0.000000000,AERIAL
7.986999989,0.042605784,0.000000000,-0.000000000,0.000000000,AERIAL
7.987999916,0.045471299,0.000000000,-0.000000000,0.000000000,AERIAL
7.988999844,0.048327610,0.000000000,-0.000000000,0.000000000,AERIAL
7.989999771,0.051174711,0.000000000,-0.000000000,0.000000000,AERIAL
7.991000175,0.054012600,0.000000000,-0.000000000,0.000000000,AERIAL
7.992000103,0.056841280,0.000000000,-0.000000000,0.000000000,AERIAL
7.993000031,0.059660751,0.000000000,-0.000000000,0.000000000,AERIAL
7.993999958,0.062471010,0.000000000,-0.000000000,0.000000000,AERIAL
7.994999886,0.065272056,0.000000000,-0.000000000,0.000000000,AERIAL
7.995999813,0.068063892,0.000000000,-0.000000000,0.000000000,AERIAL
7.997000217,0.070846520,0.000000000,-0.000000000,0.000000000,AERIAL
7.998000145,0.073619932,0.000000000,-0.000000000,0.000000000,AERIAL
7.999000072,0.076384127,0.000000000,-0.000000000,0.000000000,AERIAL
8.000000000,0.079139113,0.000000000,-0.000000000,0.000000000,AERIAL
8.001000404,0.081884891,0.000000000,-0.000000000,0.000000000,AERIAL
8.001999855,0.084621452,0.000000000,-0.000000000,0.000000000,AERIAL
8.003000259,0.087348796,0.000000000,-0.000000000,0.000000000,AERIAL
8.003999710,0.090066932,0.000000000,-0.000000000,0.000000000,AERIAL
8.005000114,0.092775881,0.000000000,0.000000000,0.000000000,AERIAL
8.005999565,0.095475718,0.000000000,0.000000000,0.000000000,AERIAL
8.006999969,0.098166533,0.000000000,0.000000000,0.000000000,AERIAL
8.008000374,0.100848466,0.000000000,0.000000000,0.000000000,AERIAL
8.008999825,0.103521667,0.000000000,0.000000000,0.000000000,AERIAL
8.010000229,0.106186293,0.000000000,0.000000000,0.000000000,AERIAL
8.010999680,0.108842537,0.000000000,0.000000000,0.000000000,AERIAL
8.012000084,0.111490592,0.000000000,0.000000000,0.000000000,AERIAL
8.012999535,0.114130661,0.000000000,0.000000000,0.000000000,AERIAL
8.013999939,0.116762951,0.000000000,0.000000000,0.000000000,AERIAL
8.015000343,0.119387679,0.000000000,0.000000000,0.000000000,AERIAL
8.015999794,0.122005060,0.000000000,0.000000000,0.000000000,AERIAL
8.017000198,0.124615319,0.000000000,0.000000000,0.000000000,AERIAL
8.017999649,0.127218664,0.000000000,0.000000000,0.000000000,AERIAL
8.019000053,0.129815310,0.000000000,0.000000000,0.000000000,AERIAL
8.020000458,0.132405460,0.000000000,0.000000000,0.000000000,AERIAL
8.020999908,0.134989351,0.000000000,0.000000000,0.000000000,AERIAL
8.022000313,0.137567163,0.000000000,0.000000000,0.000000000,AERIAL
8.022999763,0.140139088,0.000000000,0.000000000,0.000000000,AERIAL
8.024000168,0.142705351,0.000000000,0.000000000,0.000000000,AERIAL
8.024999619,0.145266116,0.000000000,0.000000000,0.000000000,AERIAL
8.026000023,0.147821561,0.000000000,0.000000000,0.000000000,AERIAL
8.027000427,0.150371879,0.000000000,0.000000000,0.000000000,AERIAL
8.027999878,0.152917236,0.000000000,0.000000000,0.000000000,AERIAL
8.029000282,0.155457810,0.000000000,0.000000000,0.000000000,AERIAL
8.029999733,0.157993719,0.000000000,0.000000000,0.000000000,AERIAL
8.031000137,0.160525158,0.000000000,0.000000000,0.000000000,AERIAL
8.031999588,0.163052246,0.000000000,0.000000000,0.000000000,AERIAL
8.032999992,0.165575132,0.000000000,0.000000000,0.000000000,AERIAL
8.034000397,0.168093935,0.000000000,0.000000000,0.000000000,AERIAL
8.034999847,0.170608804,0.000000000,0.000000000,0.000000000,AERIAL
8.036000252,0.173119843,0.000000000,0.000000000,0.000000000,AERIAL
8.036999702,0.175627172,0.000000000,0.000000000,0.000000000,AERIAL
8.038000107,0.178130910,0.000000000,0.000000000,0.000000000,AERIAL
8.038999557,0.180631146,0.000000000,0.000000000,0.000000000,AERIAL
8.039999962,0.183127999,0.000000000,0.000000000,0.000000000,AERIAL
8.041000366,0.185621545,0.000000000,0.000000000,0.000000000,AERIAL
8.041999817,0.188111901,0.000000000,0.000000000,0.000000000,AERIAL
8.043000221,0.190599129,0.000000000,0.000000000,0.000000000,AERIAL
8.043999672,0.193083316,0.000000000,0.000000000,0.000000000,AERIAL
8.045000076,0.195564538,0.000000000,0.000000000,0.000000000,AERIAL
8.045999527,0.198042884,0.000000000,0.000000000,0.000000000,AERIAL
8.046999931,0.200518414,0.000000000,0.000000000,0.000000000,AERIAL
8.048000336,0.202991202,0.000000000,0.000000000,0.000000000,AERIAL
8.048999786,0.205461293,0.000000000,0.000000000,0.000000000,AERIAL
8.050000191,0.207928777,0.000000000,0.000000000,0.000000000,AERIAL
8.050999641,0.210393697,0.000000000,0.000000000,0.000000000,AERIAL
8.052000046,0.212856114,0.000000000,0.000000000,0.000000000,AERIAL
8.053000450,0.215316087,0.000000000,0.000000000,0.000000000,AERIAL
8.053999901,0.217773646,0.000000000,0.000000000,0.000000000,AERIAL
8.055000305,0.220228851,0.000000000,0.000000000,0.000000000,AERIAL
8.055999756,0.222681761,0.000000000,0.000000000,0.000000000,AERIAL
8.057000160,0.225132406,0.000000000,0.000000000,0.000000000,AERIAL
8.057999611,0.227580830,0.000000000,0.000000000,0.000000000,AERIAL
8.059000015,0.230027080,0.000000000,0.000000000,0.000000000,AERIAL
8.060000420,0.232471183,0.000000000,0.000000000,0.000000000,AERIAL
8.060999870,0.234913200,0.000000000,0.000000000,0.000000000,AERIAL
8.062000275,0.237353161,0.000000000,0.000000000,0.000000000,AERIAL
8.062999725,0.239791110,0.000000000,0.000000000,0.000000000,AERIAL
8.064000130,0.242227063,0.000000000,0.000000000,0.000000000,AERIAL
8.064999580,0.244661063,0.000000000,0.000000000,0.000000000,AERIAL
8.065999985,0.247093156,0.000000000,0.000000000,0.000000000,AERIAL
8.067000389,0.249523357,0.000000000,0.000000000,0.000000000,AERIAL
8.067999840,0.251951724,0.000000000,0.000000000,0.000000000,AERIAL
8.069000244,0.254378229,0.000000000,0.000000000,0.000000000,AERIAL
8.069999695,0.256802976,0.000000000,0.000000000,0.000000000,AERIAL
8.071000099,0.259225965,0.000000000,0.000000000,0.000000000,AERIAL
8.071999550,0.261647224,0.000000000,0.000000000,0.000000000,AERIAL
8.072999954,0.264066786,0.000000000,0.000000000,0.000000000,AERIAL
8.074000359,0.266484648,0.000000000,0.000000000,0.000000000,AERIAL
8.074999809,0.268900871,0.000000000,0.000000000,0.000000000,AERIAL
8.076000214,0.271315426,0.000000000,0.000000000,0.000000000,AERIAL
8.076999664,0.273728400,0.000000000,0.000000000,0.000000000,AERIAL
8.078000069,0.276139766,0.000000000,0.000000000,0.000000000,AERIAL
8.079000473,0.278549582,0.000000000,0.000000000,0.000000000,AERIAL
8.079999924,0.280957848,0.000000000,0.000000000,0.000000000,AERIAL
8.081000328,0.283364624,0.000000000,0.000000000,0.000000000,AERIAL
8.081999779,0.285769880,0.000000000,0.000000000,0.000000000,AERIAL
8.083000183,0.288173646,0.000000000,0.000000000,0.000000000,AERIAL
8.083999634,0.290575981,0.000000000,0.000000000,0.000000000,AERIAL
8.085000038,0.292976916,0.000000000,0.000000000,0.000000000,AERIAL
8.086000443,0.295376092,0.000000000,-0.000000000,0.000000000,AERIAL
8.086999893,0.297773242,0.000000000,-0.000000000,0.000000000,AERIAL
8.088000298,0.300168067,0.000000000,-0.000000000,0.000000000,AERIAL
8.088999748,0.302560300,0.000000000,-0.000000000,0.000000000,AERIAL
8.090000153,0.304949701,0.000000000,-0.000000000,0.000000000,AERIAL
8.090999603,0.307336003,0.000000000,-0.000000000,0.000000000,AERIAL
8.092000008,0.309718966,0.000000000,-0.000000000,0.000000000,AERIAL
8.093000412,0.312098414,0.000000000,-0.000000000,0.000000000,AERIAL
8.093999863,0.314474076,0.000000000,-0.000000000,0.000000000,AERIAL
8.095000267,0.316845804,0.000000000,-0.000000000,0.000000000,AERIAL
8.095999718,0.319213390,0.000000000,-0.000000000,0.000000000,AERIAL
8.097000122,0.321576625,0.000000000,-0.000000000,0.000000000,AERIAL
8.097999573,0.323935390,0.000000000,-0.000000000,0.000000000,AERIAL
8.098999977,0.326289505,0.000000000,-0.000000000,0.000000000,AERIAL
8.100000381,0.328638822,0.000000000,-0.000000000,0.000000000,AERIAL
8.100999832,0.330983162,0.000000000,-0.000000000,0.000000000,AERIAL
8.102000237,0.333322436,0.000000000,-0.000000000,0.000000000,AERIAL
8.102999687,0.335656464,0.000000000,-0.000000000,0.000000000,AERIAL
8.104000092,0.337985128,0.000000000,-0.000000000,0.000000000,AERIAL
8.104999542,0.340308338,0.000000000,-0.000000000,0.000000000,AERIAL
8.105999947,0.342625976,0.000000000,-0.000000000,0.000000000,AERIAL
8.107000351,0.344937891,0.000000000,-0.000000000,0.000000000,AERIAL
8.107999802,0.347244024,0.000000000,-0.000000000,0.000000000,AERIAL
8.109000206,0.349544287,0.000000000,-0.000000000,0.000000000,AERIAL
8.109999657,0.351838529,0.000000000,-0.000000000,0.000000000,AERIAL
8.111000061,0.354126722,0.000000000,-0.000000000,0.000000000,AERIAL
8.112000465,0.356408745,0.000000000,-0.000000000,0.000000000,AERIAL
8.112999916,0.358684540,0.000000000,-0.000000000,0.000000000,AERIAL
8.114000320,0.360954016,0.000000000,-0.000000000,0.000000000,AERIAL
8.114999771,0.363217086,0.000000000,-0.000000000,0.000000000,AERIAL
8.116000175,0.365473658,0.000000000,-0.000000000,0.000000000,AERIAL
8.116999626,0.367723703,0.000000000,-0.000000000,0.000000000,AERIAL
8.118000031,0.369967103,0.000000000,-0.000000000,0.000000000,AERIAL
8.119000435,0.372203827,0.000000000,-0.000000000,0.000000000,AERIAL
8.119999886,0.374433815,0.000000000,-0.000000000,0.000000000,AERIAL
8.121000290,0.376657009,0.000000000,-0.000000000,0.000000000,AERIAL
8.121999741,0.378873318,0.000000000,-0.000000000,0.000000000,AERIAL
8.123000145,0.381082743,0.000000000,-0.000000000,0.000000000,AERIAL
8.123999596,0.383285254,0.000000000,-0.000000000,0.000000000,AERIAL
8.125000000,0.385480821,0.000000000,-0.000000000,0.000000000,AERIAL
8.126000404,0.387669414,0.000000000,-0.000000000,0.000000000,AERIAL
8.126999855,0.389851004,0.000000000,-0.000000000,0.000000000,AERIAL
8.128000259,0.392025560,0.000000000,-0.000000000,0.000000000,AERIAL
8.128999710,0.394193083,0.000000000,-0.000000000,0.000000000,AERIAL
8.130000114,0.396353513,0.000000000,-0.000000000,0.000000000,AERIAL
8.130999565,0.398506850,0.000000000,-0.000000000,0.000000000,AERIAL
8.131999969,0.400653034,0.000000000,-0.000000000,0.000000000,AERIAL
8.133000374,0.402792126,0.000000000,-0.000000000,0.000000000,AERIAL
8.133999825,0.404924035,0.000000000,-0.000000000,0.000000000,AERIAL
8.135000229,0.407048821,0.000000000,-0.000000000,0.000000000,AERIAL
8.135999680,0.409166455,0.000000000,-0.000000000,0.000000000,AERIAL
8.137000084,0.411276907,0.000000000,-0.000000000,0.000000000,AERIAL
8.137999535,0.413380176,0.000000000,-0.000000000,0.000000000,AERIAL
8.138999939,0.415476263,0.000000000,-0.000000000,0.000000000,AERIAL
8.140000343,0.417565137,0.000000000,-0.000000000,0.000000000,AERIAL
8.140999794,0.419646800,0.000000000,-0.000000000,0.000000000,AERIAL
8.142000198,0.421721250,0.000000000,-0.000000000,0.000000000,AERIAL
8.142999649,0.423788488,0.000000000,-0.000000000,0.000000000,AERIAL
8.144000053,0.425848484,0.000000000,-0.000000000,0.000000000,AERIAL
8.145000458,0.427901268,0.000000000,-0.000000000,0.000000000,AERIAL
8.145999908,0.429946810,0.000000000,-0.000000000,0.000000000,AERIAL
8.147000313,0.431985080,0.000000000,-0.000000000,0.000000000,AERIAL
8.147999763,0.434016138,0.000000000,-0.000000000,0.000000000,AERIAL
8.149000168,0.436039925,0.000000000,-0.000000000,0.000000000,AERIAL
8.149999619,0.438056469,0.000000000,-0.000000000,0.000000000,AERIAL
8.151000023,0.440065712,0.000000000,-0.000000000,0.000000000,AERIAL
8.152000427,0.442067713,0.000000000,-0.000000000,0.000000000,AERIAL
8.152999878,0.444062382,0.000000000,-0.000000000,0.000000000,AERIAL
8.154000282,0.446049809,0.000000000,-0.000000000,0.000000000,AERIAL
8.154999733,0.448029906,0.000000000,-0.000000000,0.000000000,AERIAL
8.156000137,0.450002730,0.000000000,-0.000000000,0.000000000,AERIAL
8.156999588,0.451968223,0.000000000,-0.000000000,0.000000000,AERIAL
8.157999992,0.453926384,0.000000000,-0.000000000,0.000000000,AERIAL
8.159000397,0.455877244,0.000000000,-0.000000000,0.000000000,AERIAL
8.159999847,0.457820743,0.000000000,-0.000000000,0.000000000,AERIAL
8.161000252,0.459756881,0.000000000,-0.000000000,0.000000000,AERIAL
8.161999702,0.461685687,0.000000000,-0.000000000,0.000000000,AERIAL
8.163000107,0.463607103,0.000000000,-0.000000000,0.000000000,AERIAL
8.163999557,0.465521097,0.000000000,-0.000000000,0.000000000,AERIAL
8.164999962,0.467427731,0.000000000,-0.000000000,0.000000000,AERIAL
8.166000366,0.469326913,0.000000000,-0.000000000,0.000000000,AERIAL
8.166999817,0.471218675,0.000000000,-0.000000000,0.000000000,AERIAL
8.168000221,0.473102987,0.000000000,-0.000000000,0.000000000,AERIAL
8.168999672,0.474979848,0.000000000,-0.000000000,0.000000000,AERIAL
8.170000076,0.476849198,0.000000000,-0.000000000,0.000000000,AERIAL
8.170999527,0.478711069,0.000000000,-0.000000000,0.000000000,AERIAL
8.171999931,0.480565399,0.000000000,-0.000000000,0.000000000,AERIAL
8.173000336,0.482412189,0.000000000,-0.000000000,0.000000000,AERIAL
8.173999786,0.484251440,0.000000000,-0.000000000,0.000000000,AERIAL
8.175000191,0.486083061,0.000000000,-0.000000000,0.000000000,AERIAL
8.175999641,0.487907082,0.000000000,-0.000000000,0.000000000,AERIAL
8.177000046,0.489723474,0.000000000,-0.000000000,0.000000000,AERIAL
8.178000450,0.491532207,0.000000000,-0.000000000,0.000000000,AERIAL
8.178999901,0.493333220,0.000000000,-0.000000000,0.000000000,AERIAL
8.180000305,0.495126545,0.000000000,-0.000000000,0.000000000,AERIAL
8.180999756,0.496912122,0.000000000,-0.000000000,0.000000000,AERIAL
8.182000160,0.498689950,0.000000000,-0.000000000,0.000000000,AERIAL
8.182999611,0.500459969,0.000000000,-0.000000000,0.000000000,AERIAL
8.184000015,0.502222240,0.000000000,-0.000000000,0.000000000,AERIAL
8.185000420,0.503976643,0.000000000,-0.000000000,0.000000000,AERIAL
8.185999870,0.505723238,0.000000000,-0.000000000,0.000000000,AERIAL
8.187000275,0.507462025,0.000000000,-0.000000000,0.000000000,AERIAL
8.187999725,0.509192884,0.000000000,-0.000000000,0.000000000,AERIAL
8.189000130,0.510915816,0.000000000,-0.000000000,0.000000000,AERIAL
8.189999580,0.512630880,0.000000000,-0.000000000,0.000000000,AERIAL
8.190999985,0.514338017,0.000000000,-0.000000000,0.000000000,AERIAL
8.192000389,0.516037226,0.000000000,-0.000000000,0.000000000,AERIAL
8.192999840,0.517728448,0.000000000,-0.000000000,0.000000000,AERIAL
8.194000244,0.519411683,0.000000000,-0.000000000,0.000000000,AERIAL
8.194999695,0.521086931,0.000000000,-0.000000000,0.000000000,AERIAL
8.196000099,0.522754192,0.000000000,-0.000000000,0.000000000,AERIAL
8.196999550,0.524413347,0.000000000,-0.000000000,0.000000000,AERIAL
8.197999954,0.526064515,0.000000000,-0.000000000,0.000000000,AERIAL
8.199000359,0.527707636,0.000000000,-0.000000000,0.000000000,AERIAL
8.199999809,0.529342651,0.000000000,-0.000000000,0.000000000,AERIAL
8.201000214,0.530969560,0.000000000,-0.000000000,0.000000000,AERIAL
8.201999664,0.532588422,0.000000000,-0.000000000,0.000000000,AERIAL
8.203000069,0.534199119,0.000000000,-0.000000000,0.000000000,AERIAL
8.204000473,0.535801649,0.000000000,-0.000000000,0.000000000,AERIAL
8.204999924,0.537396073,0.000000000,-0.000000000,0.000000000,AERIAL
8.206000328,0.538982332,0.000000000,-0.000000000,0.000000000,AERIAL
8.206999779,0.540560424,0.000000000,-0.000000000,0.000000000,AERIAL
8.208000183,0.542130291,0.000000000,-0.000000000,0.000000000,AERIAL
8.208999634,0.543691933,0.000000000,-0.000000000,0.000000000,AERIAL
8.210000038,0.545245409,0.000000000,-0.000000000,0.000000000,AERIAL
8.211000443,0.546790600,0.000000000,-0.000000000,0.000000000,AERIAL
8.211999893,0.548327565,0.000000000,-0.000000000,0.000000000,AERIAL
8.213000298,0.549856305,0.000000000,-0.000000000,0.000000000,AERIAL
8.213999748,0.551376700,0.000000000,-0.000000000,0.000000000,AERIAL
8.215000153,0.552888870,0.000000000,-0.000000000,0.000000000,AERIAL
8.215999603,0.554392755,0.000000000,-0.000000000,0.000000000,AERIAL
8.217000008,0.555888236,0.000000000,-0.000000000,0.000000000,AERIAL
8.218000412,0.557375491,0.000000000,-0.000000000,0.000000000,AERIAL
8.218999863,0.558854342,0.000000000,-0.000000000,0.000000000,AERIAL
8.220000267,0.560324848,0.000000000,-0.000000000,0.000000000,AERIAL
8.220999718,0.561787009,0.000000000,-0.000000000,0.000000000,AERIAL
8.222000122,0.563240826,0.000000000,-0.000000000,0.000000000,AERIAL
8.222999573,0.564686239,0.000000000,-0.000000000,0.000000000,AERIAL
8.223999977,0.566123247,0.000000000,-0.000000000,0.000000000,AERIAL
8.225000381,0.567551851,0.000000000,-0.000000000,0.000000000,AERIAL
8.225999832,0.568972051,0.000000000,-0.000000000,0.000000000,AERIAL
8.227000237,0.570383787,0.000000000,-0.000000000,0.000000000,AERIAL
8.227999687,0.571787119,0.000000000,-0.000000000,0.000000000,AERIAL
8.229000092,0.573181987,0.000000000,-0.000000000,0.000000000,AERIAL
8.229999542,0.574568391,0.000000000,-0.000000000,0.000000000,AERIAL
8.230999947,0.575946271,0.000000000,-0.000000000,0.000000000,AERIAL
8.232000351,0.577315748,0.000000000,-0.000000000,0.000000000,AERIAL
8.232999802,0.578676701,0.000000000,-0.000000000,0.000000000,AERIAL
8.234000206,0.580029130,0.000000000,-0.000000000,0.000000000,AERIAL
8.234999657,0.581373036,0.000000000,-0.000000000,0.000000000,AERIAL
8.236000061,0.582708418,0.000000000,-0.000000000,0.000000000,AERIAL
8.237000465,0.584035218,0.000000000,-0.000000000,0.000000000,AERIAL
8.237999916,0.585353494,0.000000000,-0.000000000,0.000000000,AERIAL
8.239000320,0.586663187,0.000000000,-0.000000000,0.000000000,AERIAL
8.239999771,0.587964356,0.000000000,-0.000000000,0.000000000,AERIAL
8.241000175,0.589256883,0.000000000,-0.000000000,0.000000000,AERIAL
8.241999626,0.590540826,0.000000000,-0.000000000,0.000000000,AERIAL
8.243000031,0.591816187,0.000000000,-0.000000000,0.000000000,AERIAL
8.244000435,0.593082905,0.000000000,-0.000000000,0.000000000,AERIAL
8.244999886,0.594341040,0.000000000,-0.000000000,0.000000000,AERIAL
8.246000290,0.595590472,0.000000000,-0.000000000,0.000000000,AERIAL
8.246999741,0.596831262,0.000000000,-0.000000000,0.000000000,AERIAL
8.248000145,0.598063350,0.000000000,-0.000000000,0.000000000,AERIAL
8.248999596,0.599286795,0.000000000,-0.000000000,0.000000000,AERIAL
8.250000000,0.600501537,0.000000000,-0.000000000,0.000000000,AERIAL
8.251000404,0.601707578,0.000000000,-0.000000000,0.000000000,AERIAL
8.251999855,0.602904856,0.000000000,-0.000000000,0.000000000,AERIAL
8.253000259,0.604093492,0.000000000,-0.000000000,0.000000000,AERIAL
8.253999710,0.605273306,0.000000000,-0.000000000,0.000000000,AERIAL
8.255000114,0.606444418,0.000000000,-0.000000000,0.000000000,AERIAL
8.255999565,0.607606709,0.000000000,-0.000000000,0.000000000,AERIAL
8.256999969,0.608760297,0.000000000,-0.000000000,0.000000000,AERIAL
8.258000374,0.609905005,0.000000000,-0.000000000,0.000000000,AERIAL
8.258999825,0.611040950,0.000000000,-0.000000000,0.000000000,AERIAL
8.260000229,0.612168074,0.000000000,-0.000000000,0.000000000,AERIAL
8.260999680,0.613286316,0.000000000,-0.000000000,0.000000000,AERIAL
8.262000084,0.614395738,0.000000000,-0.000000000,0.000000000,AERIAL
8.262999535,0.615496337,0.000000000,-0.000000000,0.000000000,AERIAL
8.263999939,0.616588056,0.000000000,-0.000000000,0.000000000,AERIAL
8.265000343,0.617670834,0.000000000,-0.000000000,0.000000000,AERIAL
8.265999794,0.618744731,0.000000000,-0.000000000,0.000000000,AERIAL
8.267000198,0.619809687,0.000000000,-0.000000000,0.000000000,AERIAL
8.267999649,0.620865703,0.000000000,-0.000000000,0.000000000,AERIAL
8.269000053,0.621912718,0.000000000,-0.000000000,0.000000000,AERIAL
8.270000458,0.622950792,0.000000000,-0.000000000,0.000000000,AERIAL
8.270999908,0.623979926,0.000000000,-0.000000000,0.000000000,AERIAL
8.272000313,0.625000000,0.000000000,-0.000000000,0.000000000,AERIAL
8.272999763,0.626011133,0.000000000,-0.000000000,0.000000000,AERIAL
8.274000168,0.627013147,0.000000000,-0.000000000,0.000000000,AERIAL
8.274999619,0.628006220,0.000000000,-0.000000000,0.000000000,AERIAL
8.276000023,0.628990173,0.000000000,-0.000000000,0.000000000,AERIAL
8.277000427,0.629965067,0.000000000,-0.000000000,0.000000000,AERIAL
8.277999878,0.630930901,0.000000000,-0.000000000,0.000000000,AERIAL
8.279000282,0.631887615,0.000000000,-0.000000000,0.000000000,AERIAL
8.279999733,0.632835269,0.000000000,-0.000000000,0.000000000,AERIAL
8.281000137,0.633773804,0.000000000,-0.000000000,0.000000000,AERIAL
8.281999588,0.634703219,0.000000000,-0.000000000,0.000000000,AERIAL
8.282999992,0.635623455,0.000000000,-0.000000000,0.000000000,AERIAL
8.284000397,0.636534572,0.000000000,-0.000000000,0.000000000,AERIAL
8.284999847,0.637436569,0.000000000,-0.000000000,0.000000000,AERIAL
8.286000252,0.638329446,0.000000000,-0.000000000,0.000000000,AERIAL
8.286999702,0.639213085,0.000000000,-0.000000000,0.000000000,AERIAL
8.288000107,0.640087664,0.000000000,-0.000000000,0.000000000,AERIAL
8.288999557,0.640953004,0.000000000,-0.000000000,0.000000000,AERIAL
8.289999962,0.641809225,0.000000000,-0.000000000,0.000000000,AERIAL
8.291000366,0.642656267,0.000000000,-0.000000000,0.000000000,AERIAL
8.291999817,0.643494070,0.000000000,-0.000000000,0.000000000,AERIAL
8.293000221,0.644322753,0.000000000,-0.000000000,0.000000000,AERIAL
8.293999672,0.645142257,0.000000000,-0.000000000,0.000000000,AERIAL
8.295000076,0.645952582,0.000000000,-0.000000000,0.000000000,AERIAL
8.295999527,0.646753728,0.000000000,-0.000000000,0.000000000,AERIAL
8.296999931,0.647545695,0.000000000,-0.000000000,0.000000000,AERIAL
8.298000336,0.648328483,0.000000000,-0.000000000,0.000000000,AERIAL
8.298999786,0.649102092,0.000000000,-0.000000000,0.000000000,AERIAL
8.300000191,0.649866521,0.000000000,-0.000000000,0.000000000,AERIAL
8.300999641,0.650621712,0.000000000,-0.000000000,0.000000000,AERIAL
8.302000046,0.651367784,0.000000000,-0.000000000,0.000000000,AERIAL
8.303000450,0.652104616,0.000000000,-0.000000000,0.000000000,AERIAL
8.303999901,0.652832270,0.000000000,-0.000000000,0.000000000,AERIAL
8.305000305,0.653550744,0.000000000,-0.000000000,0.000000000,AERIAL
8.305999756,0.654259980,0.000000000,-0.000000000,0.000000000,AERIAL
8.307000160,0.654960096,0.000000000,-0.000000000,0.000000000,AERIAL
8.307999611,0.655650973,0.000000000,-0.000000000,0.000000000,AERIAL
8.309000015,0.656332672,0.000000000,-0.000000000,0.000000000,AERIAL
8.310000420,0.657005191,0.000000000,-0.000000000,0.000000000,AERIAL
8.310999870,0.657668471,0.000000000,-0.000000000,0.000000000,AERIAL
8.312000275,0.658322632,0.000000000,-0.000000000,0.000000000,AERIAL
8.312999725,0.658967495,0.000000000,-0.000000000,0.000000000,AERIAL
8.314000130,0.659603238,0.000000000,-0.000000000,0.000000000,AERIAL
8.314999580,0.660229743,0.000000000,-0.000000000,0.000000000,AERIAL
8.315999985,0.660847068,0.000000000,-0.000000000,0.000000000,AERIAL
8.317000389,0.661455154,0.000000000,-0.000000000,0.000000000,AERIAL
8.317999840,0.662054062,0.000000000,-0.000000000,0.000000000,AERIAL
8.319000244,0.662643731,0.000000000,-0.000000000,0.000000000,AERIAL
8.319999695,0.663224220,0.000000000,-0.000000000,0.000000000,AERIAL
8.321000099,0.663795471,0.000000000,-0.000000000,0.000000000,AERIAL
8.321999550,0.664357483,0.000000000,-0.000000000,0.000000000,AERIAL
8.322999954,0.664910316,0.000000000,0.000000000,0.000000000,AERIAL
8.324000359,0.665453911,0.000000000,0.000000000,0.000000000,AERIAL
8.324999809,0.665988266,0.000000000,0.000000000,0.000000000,AERIAL
8.326000214,0.666513503,0.000000000,0.000000000,0.000000000,AERIAL
8.326999664,0.667029440,0.000000000,0.000000000,0.000000000,AERIAL
8.328000069,0.667536199,0.000000000,0.000000000,0.000000000,AERIAL
8.329000473,0.668033779,0.000000000,0.000000000,0.000000000,AERIAL
8.329999924,0.668522120,0.000000000,0.000000000,0.000000000,AERIAL
8.331000328,0.669001222,0.000000000,0.000000000,0.000000000,AERIAL
8.331999779,0.669471145,0.000000000,0.000000000,0.000000000,AERIAL
8.333000183,0.669931889,0.000000000,0.000000000,0.000000000,AERIAL
8.333999634,0.670383394,0.000000000,0.000000000,0.000000000,AERIAL
8.335000038,0.670825660,0.000000000,0.000000000,0.000000000,AERIAL
8.336000443,0.671258807,0.000000000,0.000000000,0.000000000,AERIAL
8.336999893,0.671682715,0.000000000,0.000000000,0.000000000,AERIAL
8.338000298,0.672097445,0.000000000,0.000000000,0.000000000,AERIAL
8.338999748,0.672502935,0.000000000,0.000000000,0.000000000,AERIAL
8.340000153,0.672899246,0.000000000,0.000000000,0.000000000,AERIAL
8.340999603,0.673286378,0.000000000,0.000000000,0.000000000,AERIAL
8.342000008,0.673664331,0.000000000,0.000000000,0.000000000,AERIAL
8.343000412,0.674033046,0.000000000,0.000000000,0.000000000,AERIAL
8.343999863,0.674392581,0.000000000,0.000000000,0.000000000,AERIAL
8.345000267,0.674742937,0.000000000,0.000000000,0.000000000,AERIAL
8.345999718,0.675084114,0.000000000,0.000000000,0.000000000,AERIAL
8.347000122,0.675416052,0.000000000,0.000000000,0.000000000,AERIAL
8.347999573,0.675738871,0.000000000,0.000000000,0.000000000,AERIAL
8.348999977,0.676052451,0.000000000,0.000000000,0.000000000,AERIAL
8.350000381,0.676356852,0.000000000,0.000000000,0.000000000,AERIAL
8.350999832,0.676652074,0.000000000,0.000000000,0.000000000,AERIAL
8.352000237,0.676938117,0.000000000,0.000000000,0.000000000,AERIAL
8.352999687,0.677214921,0.000000000,0.000000000,0.000000000,AERIAL
8.354000092,0.677482605,0.000000000,0.000000000,0.000000000,AERIAL
8.354999542,0.677741051,0.000000000,0.000000000,0.000000000,AERIAL
8.355999947,0.677990317,0.000000000,0.000000000,0.000000000,AERIAL
8.357000351,0.678230405,0.000000000,0.000000000,0.000000000,AERIAL
8.357999802,0.678461313,0.000000000,0.000000000,0.000000000,AERIAL
8.359000206,0.678682983,0.000000000,0.000000000,0.000000000,AERIAL
8.359999657,0.678895533,0.000000000,0.000000000,0.000000000,AERIAL
8.361000061,0.679098845,0.000000000,0.000000000,0.000000000,AERIAL
8.362000465,0.679292917,0.000000000,-0.000000000,0.000000000,AERIAL
8.362999916,0.679477870,0.000000000,-0.000000000,0.000000000,AERIAL
8.364000320,0.679653585,0.000000000,-0.000000000,0.000000000,AERIAL
8.364999771,0.679820120,0.000000000,-0.000000000,0.000000000,AERIAL
8.366000175,0.679977477,0.000000000,-0.000000000,0.000000000,AERIAL
8.366999626,0.680125594,0.000000000,-0.000000000,0.000000000,AERIAL
8.368000031,0.680264533,0.000000000,-0.000000000,0.000000000,AERIAL
8.369000435,0.680394232,0.000000000,-0.000000000,0.000000000,AERIAL
8.369999886,0.680514753,0.000000000,-0.000000000,0.000000000,AERIAL
8.371000290,0.680626094,0.000000000,-0.000000000,0.000000000,AERIAL
8.371999741,0.680728197,0.000000000,-0.000000000,0.000000000,AERIAL
8.373000145,0.680821061,0.000000000,-0.000000000,0.000000000,AERIAL
8.373999596,0.680904686,0.000000000,-0.000000000,0.000000000,AERIAL
8.375000000,0.680979133,0.000000000,-0.000000000,0.000000000,AERIAL
8.376000404,0.681044400,0.000000000,-0.000000000,0.000000000,AERIAL
8.376999855,0.681100368,0.000000000,-0.000000000,0.000000000,AERIAL
8.378000259,0.681147158,0.000000000,-0.000000000,0.000000000,AERIAL
8.378999710,0.681184649,0.000000000,-0.000000000,0.000000000,AERIAL
8.380000114,0.681212962,0.000000000,-0.000000000,0.000000000,AERIAL
8.380999565,0.681232035,0.000000000,-0.000000000,0.000000000,AERIAL
8.381999969,0.681241870,0.000000000,-0.000000000,0.000000000,AERIAL
8.383000374,0.681242466,0.000000000,-0.000000000,0.000000000,AERIAL
8.383999825,0.681233823,0.000000000,-0.000000000,0.000000000,AERIAL
8.385000229,0.681215942,0.000000000,-0.000000000,0.000000000,AERIAL
8.385999680,0.681188762,0.000000000,-0.000000000,0.000000000,AERIAL
8.387000084,0.681152403,0.000000000,-0.000000000,0.000000000,AERIAL
8.387999535,0.681106687,0.000000000,-0.000000000,0.000000000,AERIAL
8.388999939,0.681051791,0.000000000,-0.000000000,0.000000000,AERIAL
8.390000343,0.680987597,0.000000000,-0.000000000,0.000000000,AERIAL
8.390999794,0.680914164,0.000000000,-0.000000000,0.000000000,AERIAL
8.392000198,0.680831432,0.000000000,-0.000000000,0.000000000,AERIAL
8.392999649,0.680739403,0.000000000,-0.000000000,0.000000000,AERIAL
8.394000053,0.680638134,0.000000000,-0.000000000,0.000000000,AERIAL
8.395000458,0.680527568,0.000000000,-0.000000000,0.000000000,AERIAL
8.395999908,0.680407703,0.000000000,-0.000000000,0.000000000,AERIAL
8.397000313,0.680278540,0.000000000,-0.000000000,0.000000000,AERIAL
8.397999763,0.680140078,0.000000000,-0.000000000,0.000000000,AERIAL
8.399000168,0.679992318,0.000000000,-0.000000000,0.000000000,AERIAL
8.399999619,0.679835260,0.000000000,-0.000000000,0.000000000,AERIAL
8.401000023,0.679668844,0.000000000,-0.000000000,0.000000000,AERIAL
8.402000427,0.679493129,0.000000000,-0.000000000,0.000000000,AERIAL
8.402999878,0.679308116,0.000000000,-0.000000000,0.000000000,AERIAL
8.404000282,0.679113805,0.000000000,-0.000000000,0.000000000,AERIAL
8.404999733,0.678910136,0.000000000,-0.000000000,0.000000000,AERIAL
8.406000137,0.678697109,0.000000000,-0.000000000,0.000000000,AERIAL
8.406999588,0.678474724,0.000000000,-0.000000000,0.000000000,AERIAL
8.407999992,0.678243041,0.000000000,-0.000000000,0.000000000,AERIAL
8.409000397,0.678001940,0.000000000,-0.000000000,0.000000000,AERIAL
8.409999847,0.677751482,0.000000000,-0.000000000,0.000000000,AERIAL
8.411000252,0.677491724,0.000000000,-0.000000000,0.000000000,AERIAL
8.411999702,0.677222550,0.000000000,-0.000000000,0.000000000,AERIAL
8.413000107,0.676944017,0.000000000,-0.000000000,0.000000000,AERIAL
8.413999557,0.676656067,0.000000000,-0.000000000,0.000000000,AERIAL
8.414999962,0.676358759,0.000000000,-0.000000000,0.000000000,AERIAL
8.416000366,0.676052034,0.000000000,-0.000000000,0.000000000,AERIAL
8.416999817,0.675735891,0.000000000,-0.000000000,0.000000000,AERIAL
8.418000221,0.675410330,0.000000000,-0.000000000,0.000000000,AERIAL
8.418999672,0.675075352,0.000000000,-0.000000000,0.000000000,AERIAL
8.420000076,0.674730957,0.000000000,-0.000000000,0.000000000,AERIAL
8.420999527,0.674377143,0.000000000,-0.000000000,0.000000000,AERIAL
8.421999931,0.674013853,0.000000000,-0.000000000,0.000000000,AERIAL
8.423000336,0.673641145,0.000000000,-0.000000000,0.000000000,AERIAL
8.423999786,0.673259020,0.000000000,-0.000000000,0.000000000,AERIAL
8.425000191,0.672867358,0.000000000,-0.000000000,0.000000000,AERIAL
8.425999641,0.672466338,0.000000000,-0.000000000,0.000000000,AERIAL
8.427000046,0.672055781,0.000000000,-0.000000000,0.000000000,AERIAL
8.428000450,0.671635807,0.000000000,-0.000000000,0.000000000,AERIAL
8.428999901,0.671206355,0.000000000,-0.000000000,0.000000000,AERIAL
8.430000305,0.670767486,0.000000000,-0.000000000,0.000000000,AERIAL
8.430999756,0.670319080,0.000000000,-0.000000000,0.000000000,AERIAL
8.432000160,0.669861257,0.000000000,-0.000000000,0.000000000,AERIAL
8.432999611,0.669393897,0.000000000,-0.000000000,0.000000000,AERIAL
8.434000015,0.668917120,0.000000000,-0.000000000,0.000000000,AERIAL
8.435000420,0.668430865,0.000000000,-0.000000000,0.000000000,AERIAL
8.435999870,0.667935073,0.000000000,-0.000000000,0.000000000,AERIAL
8.437000275,0.667429864,0.000000000,-0.000000000,0.000000000,AERIAL
8.437999725,0.666915178,0.000000000,-0.000000000,0.000000000,AERIAL
8.439000130,0.666391015,0.000000000,-0.000000000,0.000000000,AERIAL
8.439999580,0.665857315,0.000000000,-0.000000000,0.000000000,AERIAL
8.440999985,0.665314198,0.000000000,-0.000000000,0.000000000,AERIAL
8.442000389,0.664761603,0.000000000,-0.000000000,0.000000000,AERIAL
8.442999840,0.664199471,0.000000000,-0.000000000,0.000000000,AERIAL
8.444000244,0.663627923,0.000000000,-0.000000000,0.000000000,AERIAL
8.444999695,0.663046837,0.000000000,-0.000000000,0.000000000,AERIAL
8.446000099,0.662456334,0.000000000,-0.000000000,0.000000000,AERIAL
8.446999550,0.661856294,0.000000000,-0.000000000,0.000000000,AERIAL
8.447999954,0.661246836,0.000000000,-0.000000000,0.000000000,AERIAL
8.449000359,0.660627842,0.000000000,-0.000000000,0.000000000,AERIAL
8.449999809,0.659999371,0.000000000,-0.000000000,0.000000000,AERIAL
8.451000214,0.659361482,0.000000000,-0.000000000,0.000000000,AERIAL
8.451999664,0.658714056,0.000000000,0.000000000,0.000000000,AERIAL
8.453000069,0.658057213,0.000000000,0.000000000,0.000000000,AERIAL
8.454000473,0.657390833,0.000000000,0.000000000,0.000000000,AERIAL
8.454999924,0.656714976,0.000000000,0.000000000,0.000000000,AERIAL
8.456000328,0.656029701,0.000000000,0.000000000,0.000000000,AERIAL
8.456999779,0.655334890,0.000000000,0.000000000,0.000000000,AERIAL
8.458000183,0.654630661,0.000000000,0.000000000,0.000000000,AERIAL
8.458999634,0.653916895,0.000000000,0.000000000,0.000000000,AERIAL
8.460000038,0.653193712,0.000000000,0.000000000,0.000000000,AERIAL
8.461000443,0.652461052,0.000000000,0.000000000,0.000000000,AERIAL
8.461999893,0.651718915,0.000000000,0.000000000,0.000000000,AERIAL
8.463000298,0.650967240,0.000000000,0.000000000,0.000000000,AERIAL
8.463999748,0.650206149,0.000000000,0.000000000,0.000000000,AERIAL
8.465000153,0.649435580,0.000000000,0.000000000,0.000000000,AERIAL
8.465999603,0.648655593,0.000000000,0.000000000,0.000000000,AERIAL
8.467000008,0.647866070,0.000000000,0.000000000,0.000000000,AERIAL
8.468000412,0.647067070,0.000000000,0.000000000,0.000000000,AERIAL
8.468999863,0.646258652,0.000000000,0.000000000,0.000000000,AERIAL
8.470000267,0.645440698,0.000000000,0.000000000,0.000000000,AERIAL
8.470999718,0.644613326,0.000000000,-0.000000000,0.000000000,AERIAL
8.472000122,0.643776417,0.000000000,-0.000000000,0.000000000,AERIAL
8.472999573,0.642930090,0.000000000,-0.000000000,0.000000000,AERIAL
8.473999977,0.642074287,0.000000000,-0.000000000,0.000000000,AERIAL
8.475000381,0.641209006,0.000000000,-0.000000000,0.000000000,AERIAL
8.475999832,0.640334249,0.000000000,-0.000000000,0.000000000,AERIAL
8.477000237,0.639450073,0.000000000,-0.000000000,0.000000000,AERIAL
8.477999687,0.638556361,0.000000000,-0.000000000,0.000000000,AERIAL
8.479000092,0.637653172,0.000000000,-0.000000000,0.000000000,AERIAL
8.479999542,0.636740506,0.000000000,-0.000000000,0.000000000,AERIAL
8.480999947,0.635818422,0.000000000,-0.000000000,0.000000000,AERIAL
8.482000351,0.634886801,0.000000000,-0.000000000,0.000000000,AERIAL
8.482999802,0.633945763,0.000000000,-0.000000000,0.000000000,AERIAL
8.484000206,0.632995188,0.000000000,-0.000000000,0.000000000,AERIAL
8.484999657,0.632035136,0.000000000,-0.000000000,0.000000000,AERIAL
8.486000061,0.631065667,0.000000000,-0.000000000,0.000000000,AERIAL
8.487000465,0.630086660,0.000000000,-0.000000000,0.000000000,AERIAL
8.487999916,0.629098177,0.000000000,-0.000000000,0.000000000,AERIAL
8.489000320,0.628100276,0.000000000,-0.000000000,0.000000000,AERIAL
8.489999771,0.627092838,0.000000000,-0.000000000,0.000000000,AERIAL
8.491000175,0.626075923,0.000000000,-0.000000000,0.000000000,AERIAL
8.491999626,0.625049472,0.000000000,-0.000000000,0.000000000,AERIAL
8.493000031,0.624013603,0.000000000,-0.000000000,0.000000000,AERIAL
8.494000435,0.622968197,0.000000000,-0.000000000,0.000000000,AERIAL
8.494999886,0.621913314,0.000000000,-0.000000000,0.000000000,AERIAL
8.496000290,0.620848954,0.000000000,-0.000000000,0.000000000,AERIAL
8.496999741,0.619775057,0.000000000,-0.000000000,0.000000000,AERIAL
8.498000145,0.618691683,0.000000000,-0.000000000,0.000000000,AERIAL
8.498999596,0.617598772,0.000000000,-0.000000000,0.000000000,AERIAL
8.500000000,0.616496384,0.000000000,-0.000000000,0.000000000,AERIAL
8.501000404,0.615384459,0.000000000,-0.000000000,0.000000000,AERIAL
8.501999855,0.614263058,0.000000000,-0.000000000,0.000000000,AERIAL
8.503000259,0.613132119,0.000000000,-0.000000000,0.000000000,AERIAL
8.503999710,0.611991644,0.000000000,-0.000000000,0.000000000,AERIAL
8.505000114,0.610841632,0.000000000,-0.000000000,0.000000000,AERIAL
8.505999565,0.609682083,0.000000000,-0.000000000,0.000000000,AERIAL
8.506999969,0.608513057,0.000000000,-0.000000000,0.000000000,AERIAL
8.508000374,0.607334435,0.000000000,-0.000000000,0.000000000,AERIAL
8.508999825,0.606146276,0.000000000,-0.000000000,0.000000000,AERIAL
8.510000229,0.604948580,0.000000000,-0.000000000,0.000000000,AERIAL
8.510999680,0.603741348,0.000000000,-0.000000000,0.000000000,AERIAL
8.512000084,0.602524579,0.000000000,-0.000000000,0.000000000,AERIAL
8.512999535,0.601298273,0.000000000,-0.000000000,0.000000000,AERIAL
8.513999939,0.600062370,0.000000000,-0.000000000,0.000000000,AERIAL
8.515000343,0.598816872,0.000000000,-0.000000000,0.000000000,AERIAL
8.515999794,0.597561836,0.000000000,-0.000000000,0.000000000,AERIAL
8.517000198,0.596297264,0.000000000,-0.000000000,0.000000000,AERIAL
8.517999649,0.595023096,0.000000000,-0.000000000,0.000000000,AERIAL
8.519000053,0.593739331,0.000000000,-0.000000000,0.000000000,AERIAL
8.520000458,0.592445970,0.000000000,-0.000000000,0.000000000,AERIAL
8.520999908,0.591143072,0.000000000,-0.000000000,0.000000000,AERIAL
8.522000313,0.589830518,0.000000000,-0.000000000,0.000000000,AERIAL
8.522999763,0.588508427,0.000000000,-0.000000000,0.000000000,AERIAL
8.524000168,0.587176681,0.000000000,-0.000000000,0.000000000,AERIAL
8.524999619,0.585835338,0.000000000,-0.000000000,0.000000000,AERIAL
8.526000023,0.584484398,0.000000000,-0.000000000,0.000000000,AERIAL
8.527000427,0.583123863,0.000000000,-0.000000000,0.000000000,AERIAL
8.527999878,0.581753671,0.000000000,-0.000000000,0.000000000,AERIAL
8.529000282,0.580373824,0.000000000,-0.000000000,0.000000000,AERIAL
8.529999733,0.578984380,0.000000000,-0.000000000,0.000000000,AERIAL
8.531000137,0.577585280,0.000000000,-0.000000000,0.000000000,AERIAL
8.531999588,0.576176584,0.000000000,-0.000000000,0.000000000,AERIAL
8.532999992,0.574758232,0.000000000,-0.000000000,0.000000000,AERIAL
8.534000397,0.573330224,0.000000000,-0.000000000,0.000000000,AERIAL
8.534999847,0.571892560,0.000000000,-0.000000000,0.000000000,AERIAL
8.536000252,0.570445240,0.000000000,-0.000000000,0.000000000,AERIAL
8.536999702,0.568988264,0.000000000,-0.000000000,0.000000000,AERIAL
8.538000107,0.567521632,0.000000000,-0.000000000,0.000000000,AERIAL
8.538999557,0.566045403,0.000000000,-0.000000000,0.000000000,AERIAL
8.539999962,0.564559460,0.000000000,-0.000000000,0.000000000,AERIAL
8.541000366,0.563063860,0.000000000,-0.000000000,0.000000000,AERIAL
8.541999817,0.561558604,0.000000000,-0.000000000,0.000000000,AERIAL
8.543000221,0.560043693,0.000000000,-0.000000000,0.000000000,AERIAL
8.543999672,0.558519125,0.000000000,-0.000000000,0.000000000,AERIAL
8.545000076,0.556984901,0.000000000,-0.000000000,0.000000000,AERIAL
8.545999527,0.555441022,0.000000000,-0.000000000,0.000000000,AERIAL
8.546999931,0.553887486,0.000000000,-0.000000000,0.000000000,AERIAL
8.548000336,0.552324295,0.000000000,0.000000000,0.000000000,AERIAL
8.548999786,0.550751448,0.000000000,0.000000000,0.000000000,AERIAL
8.550000191,0.549168885,0.000000000,0.000000000,0.000000000,AERIAL
8.550999641,0.547576725,0.000000000,0.000000000,0.000000000,AERIAL
8.552000046,0.545974910,0.000000000,0.000000000,0.000000000,AERIAL
8.553000450,0.544363379,0.000000000,0.000000000,0.000000000,AERIAL
8.553999901,0.542742252,0.000000000,0.000000000,0.000000000,AERIAL
8.555000305,0.541111469,0.000000000,0.000000000,0.000000000,AERIAL
8.555999756,0.539471030,0.000000000,0.000000000,0.000000000,AERIAL
8.557000160,0.537820935,0.000000000,0.000000000,0.000000000,AERIAL
8.557999611,0.536161244,0.000000000,0.000000000,0.000000000,AERIAL
8.559000015,0.534491837,0.000000000,0.000000000,0.000000000,AERIAL
8.560000420,0.532812834,0.000000000,0.000000000,0.000000000,AERIAL
8.560999870,0.531124234,0.000000000,0.000000000,0.000000000,AERIAL
8.562000275,0.529425919,0.000000000,0.000000000,0.000000000,AERIAL
8.562999725,0.527718008,0.000000000,0.000000000,0.000000000,AERIAL
8.564000130,0.526000440,0.000000000,0.000000000,0.000000000,AERIAL
8.564999580,0.524273276,0.000000000,0.000000000,0.000000000,AERIAL
8.565999985,0.522536516,0.000000000,0.000000000,0.000000000,AERIAL
8.567000389,0.520790100,0.000000000,0.000000000,0.000000000,AERIAL
8.567999840,0.519034028,0.000000000,0.000000000,0.000000000,AERIAL
8.569000244,0.517268419,0.000000000,0.000000000,0.000000000,AERIAL
8.569999695,0.515493155,0.000000000,0.000000000,0.000000000,AERIAL
8.571000099,0.513708293,0.000000000,0.000000000,0.000000000,AERIAL
8.571999550,0.511913776,0.000000000,0.000000000,0.000000000,AERIAL
8.572999954,0.510109723,0.000000000,0.000000000,0.000000000,AERIAL
8.574000359,0.508296013,0.000000000,0.000000000,0.000000000,AERIAL
8.574999809,0.506472707,0.000000000,0.000000000,0.000000000,AERIAL
8.576000214,0.504639864,0.000000000,0.000000000,0.000000000,AERIAL
8.576999664,0.502797365,0.000000000,0.000000000,0.000000000,AERIAL
8.578000069,0.500945330,0.000000000,0.000000000,0.000000000,AERIAL
8.579000473,0.499083668,0.000000000,0.000000000,0.000000000,AERIAL
8.579999924,0.497212410,0.000000000,0.000000000,0.000000000,AERIAL
8.581000328,0.495331615,0.000000000,0.000000000,0.000000000,AERIAL
8.581999779,0.493441194,0.000000000,0.000000000,0.000000000,AERIAL
8.583000183,0.491541237,0.000000000,0.000000000,0.000000000,AERIAL
8.583999634,0.489631683,0.000000000,0.000000000,0.000000000,AERIAL
8.585000038,0.487712562,0.000000000,0.000000000,0.000000000,AERIAL
8.586000443,0.485783875,0.000000000,0.000000000,0.000000000,AERIAL
8.586999893,0.483845621,0.000000000,0.000000000,0.000000000,AERIAL
8.588000298,0.481897801,0.000000000,0.000000000,0.000000000,AERIAL
8.588999748,0.479940414,0.000000000,0.000000000,0.000000000,AERIAL
8.590000153,0.477973491,0.000000000,0.000000000,0.000000000,AERIAL
8.590999603,0.475997001,0.000000000,0.000000000,0.000000000,AERIAL
8.592000008,0.474010944,0.000000000,0.000000000,0.000000000,AERIAL
8.593000412,0.472015351,0.000000000,0.000000000,0.000000000,AERIAL
8.593999863,0.470010191,0.000000000,0.000000000,0.000000000,AERIAL
8.595000267,0.467995495,0.000000000,0.000000000,0.000000000,AERIAL
8.595999718,0.465971261,0.000000000,0.000000000,0.000000000,AERIAL
8.597000122,0.463937461,0.000000000,0.000000000,0.000000000,AERIAL
8.597999573,0.461894125,0.000000000,0.000000000,0.000000000,AERIAL
8.598999977,0.459841251,0.000000000,0.000000000,0.000000000,AERIAL
8.600000381,0.457778871,0.000000000,0.000000000,0.000000000,AERIAL
8.600999832,0.455706924,0.000000000,0.000000000,0.000000000,AERIAL
8.602000237,0.453625441,0.000000000,0.000000000,0.000000000,AERIAL
8.602999687,0.451534450,0.000000000,0.000000000,0.000000000,AERIAL
8.604000092,0.449433893,0.000000000,0.000000000,0.000000000,AERIAL
8.604999542,0.447323829,0.000000000,0.000000000,0.000000000,AERIAL
8.605999947,0.445204228,0.000000000,0.000000000,0.000000000,AERIAL
8.607000351,0.443075120,0.000000000,0.000000000,0.000000000,AERIAL
8.607999802,0.440936476,0.000000000,0.000000000,0.000000000,AERIAL
8.609000206,0.438788295,0.000000000,0.000000000,0.000000000,AERIAL
8.609999657,0.436630607,0.000000000,0.000000000,0.000000000,AERIAL
8.611000061,0.434463382,0.000000000,0.000000000,0.000000000,AERIAL
8.612000465,0.432286650,0.000000000,0.000000000,0.000000000,AERIAL
8.612999916,0.430100411,0.000000000,0.000000000,0.000000000,AERIAL
8.614000320,0.427904636,0.000000000,0.000000000,0.000000000,AERIAL
8.614999771,0.425699353,0.000000000,0.000000000,0.000000000,AERIAL
8.616000175,0.423484534,0.000000000,0.000000000,0.000000000,AERIAL
8.616999626,0.421260208,0.000000000,0.000000000,0.000000000,AERIAL
8.618000031,0.419026405,0.000000000,0.000000000,0.000000000,AERIAL
8.619000435,0.416783035,0.000000000,0.000000000,0.000000000,AERIAL
8.619999886,0.414530188,0.000000000,0.000000000,0.000000000,AERIAL
8.621000290,0.412267834,0.000000000,0.000000000,0.000000000,AERIAL
8.621999741,0.409995943,0.000000000,0.000000000,0.000000000,AERIAL
8.623000145,0.407714546,0.000000000,0.000000000,0.000000000,AERIAL
8.623999596,0.405423671,0.000000000,0.000000000,0.000000000,AERIAL
8.625000000,0.403123260,0.000000000,0.000000000,0.000000000,AERIAL
8.626000404,0.400813341,0.000000000,0.000000000,0.000000000,AERIAL
8.626999855,0.398493916,0.000000000,0.000000000,0.000000000,AERIAL
8.628000259,0.396164984,0.000000000,0.000000000,0.000000000,AERIAL
8.628999710,0.393826544,0.000000000,0.000000000,0.000000000,AERIAL
8.630000114,0.391478628,0.000000000,0.000000000,0.000000000,AERIAL
8.630999565,0.389121175,0.000000000,0.000000000,0.000000000,AERIAL
8.631999969,0.386754215,0.000000000,0.000000000,0.000000000,AERIAL
8.633000374,0.384377778,0.000000000,-0.000000000,0.000000000,AERIAL
8.633999825,0.381991804,0.000000000,-0.000000000,0.000000000,AERIAL
8.635000229,0.379596353,0.000000000,-0.000000000,0.000000000,AERIAL
8.635999680,0.377191395,0.000000000,-0.000000000,0.000000000,AERIAL
8.637000084,0.374776930,0.000000000,-0.000000000,0.000000000,AERIAL
8.637999535,0.372352958,0.000000000,-0.000000000,0.000000000,AERIAL
8.638999939,0.369919479,0.000000000,0.000000000,0.000000000,AERIAL
8.640000343,0.367476493,0.000000000,0.000000000,0.000000000,AERIAL
8.640999794,0.365024030,0.000000000,0.000000000,0.000000000,AERIAL
8.642000198,0.362562031,0.000000000,0.000000000,0.000000000,AERIAL
8.642999649,0.360090554,0.000000000,-0.000000000,0.000000000,AERIAL
8.644000053,0.357609570,0.000000000,-0.000000000,0.000000000,AERIAL
8.645000458,0.355119079,0.000000000,-0.000000000,0.000000000,AERIAL
8.645999908,0.352619082,0.000000000,-0.000000000,0.000000000,AERIAL
8.647000313,0.350109577,0.000000000,-0.000000000,0.000000000,AERIAL
8.647999763,0.347590595,0.000000000,-0.000000000,0.000000000,AERIAL
8.649000168,0.345062077,0.000000000,-0.000000000,0.000000000,AERIAL
8.649999619,0.342524081,0.000000000,-0.000000000,0.000000000,AERIAL
8.651000023,0.339976549,0.000000000,-0.000000000,0.000000000,AERIAL
8.652000427,0.337419540,0.000000000,-0.000000000,0.000000000,AERIAL
8.652999878,0.334853023,0.000000000,-0.000000000,0.000000000,AERIAL
8.654000282,0.332277000,0.000000000,-0.000000000,0.000000000,AERIAL
8.654999733,0.329691470,0.000000000,-0.000000000,0.000000000,AERIAL
8.656000137,0.327096432,0.000000000,-0.000000000,0.000000000,AERIAL
8.656999588,0.324491888,0.000000000,-0.000000000,0.000000000,AERIAL
8.657999992,0.321877837,0.000000000,-0.000000000,0.000000000,AERIAL
8.659000397,0.319254279,0.000000000,-0.000000000,0.000000000,AERIAL
8.659999847,0.316621214,0.000000000,-0.000000000,0.000000000,AERIAL
8.661000252,0.313978672,0.000000000,-0.000000000,0.000000000,AERIAL
8.661999702,0.311326593,0.000000000,-0.000000000,0.000000000,AERIAL
8.663000107,0.308665037,0.000000000,0.000000000,0.000000000,AERIAL
8.663999557,0.305993974,0.000000000,0.000000000,0.000000000,AERIAL
8.664999962,0.303313404,0.000000000,0.000000000,0.000000000,AERIAL
8.666000366,0.300623327,0.000000000,0.000000000,0.000000000,AERIAL
8.666999817,0.297923774,0.000000000,0.000000000,0.000000000,AERIAL
8.668000221,0.295214713,0.000000000,0.000000000,0.000000000,AERIAL
8.668999672,0.292496175,0.000000000,0.000000000,0.000000000,AERIAL
8.670000076,0.289768130,0.000000000,0.000000000,0.000000000,AERIAL
8.670999527,0.287030607,0.000000000,0.000000000,0.000000000,AERIAL
8.671999931,0.284283578,0.000000000,0.000000000,0.000000000,AERIAL
8.673000336,0.281527072,0.000000000,0.000000000,0.000000000,AERIAL
8.673999786,0.278761089,0.000000000,0.000000000,0.000000000,AERIAL
8.675000191,0.275985628,0.000000000,0.000000000,0.000000000,AERIAL
8.675999641,0.273200691,0.000000000,0.000000000,0.000000000,AERIAL
8.677000046,0.270406306,0.000000000,0.000000000,0.000000000,AERIAL
8.678000450,0.267602414,0.000000000,0.000000000,0.000000000,AERIAL
8.678999901,0.264789075,0.000000000,0.000000000,0.000000000,AERIAL
8.680000305,0.261966258,0.000000000,0.000000000,0.000000000,AERIAL
8.680999756,0.259133965,0.000000000,0.000000000,0.000000000,AERIAL
8.682000160,0.256292224,0.000000000,0.000000000,0.000000000,AERIAL
8.682999611,0.253441036,0.000000000,0.000000000,0.000000000,AERIAL
8.684000015,0.250580400,0.000000000,0.000000000,0.000000000,AERIAL
8.685000420,0.247710302,0.000000000,0.000000000,0.000000000,AERIAL
8.685999870,0.244830757,0.000000000,0.000000000,0.000000000,AERIAL
8.687000275,0.241941780,0.000000000,0.000000000,0.000000000,AERIAL
8.687999725,0.239043355,0.000000000,0.000000000,0.000000000,AERIAL
8.689000130,0.236135498,0.000000000,0.000000000,0.000000000,AERIAL
8.689999580,0.233218193,0.000000000,0.000000000,0.000000000,AERIAL
8.690999985,0.230291471,0.000000000,0.000000000,0.000000000,AERIAL
8.692000389,0.227355331,0.000000000,0.000000000,0.000000000,AERIAL
8.692999840,0.224409759,0.000000000,0.000000000,0.000000000,AERIAL
8.694000244,0.221454769,0.000000000,0.000000000,0.000000000,AERIAL
8.694999695,0.218490362,0.000000000,0.000000000,0.000000000,AERIAL
8.696000099,0.215516537,0.000000000,0.000000000,0.000000000,AERIAL
8.696999550,0.212533325,0.000000000,0.000000000,0.000000000,AERIAL
8.697999954,0.209540695,0.000000000,0.000000000,0.000000000,AERIAL
8.699000359,0.206538662,0.000000000,0.000000000,0.000000000,AERIAL
8.699999809,0.203527227,0.000000000,0.000000000,0.000000000,AERIAL
8.701000214,0.200506419,0.000000000,0.000000000,0.000000000,AERIAL
8.701999664,0.197476193,0.000000000,0.000000000,0.000000000,AERIAL
8.703000069,0.194436595,0.000000000,0.000000000,0.000000000,AERIAL
8.704000473,0.191387624,0.000000000,0.000000000,0.000000000,AERIAL
8.704999924,0.188329265,0.000000000,0.000000000,0.000000000,AERIAL
8.706000328,0.185261518,0.000000000,0.000000000,0.000000000,AERIAL
8.706999779,0.182184413,0.000000000,0.000000000,0.000000000,AERIAL
8.708000183,0.179097950,0.000000000,0.000000000,0.000000000,AERIAL
8.708999634,0.176002100,0.000000000,0.000000000,0.000000000,AERIAL
8.710000038,0.172896907,0.000000000,0.000000000,0.000000000,AERIAL
8.711000443,0.169782341,0.000000000,0.000000000,0.000000000,AERIAL
8.711999893,0.166658431,0.000000000,0.000000000,0.000000000,AERIAL
8.713000298,0.163525164,0.000000000,0.000000000,0.000000000,AERIAL
8.713999748,0.160382554,0.000000000,0.000000000,0.000000000,AERIAL
8.715000153,0.157230601,0.000000000,0.000000000,0.000000000,AERIAL
8.715999603,0.154069304,0.000000000,0.000000000,0.000000000,AERIAL
8.717000008,0.150898680,0.000000000,0.000000000,0.000000000,AERIAL
8.718000412,0.147718713,0.000000000,0.000000000,0.000000000,AERIAL
8.718999863,0.144529417,0.000000000,0.000000000,0.000000000,AERIAL
8.720000267,0.141330793,0.000000000,0.000000000,0.000000000,AERIAL
8.720999718,0.138122857,0.000000000,0.000000000,0.000000000,AERIAL
8.722000122,0.134905592,0.000000000,0.000000000,0.000000000,AERIAL
8.722999573,0.131679013,0.000000000,0.000000000,0.000000000,AERIAL
8.723999977,0.128443122,0.000000000,0.000000000,0.000000000,AERIAL
8.725000381,0.125197917,0.000000000,0.000000000,0.000000000,AERIAL
8.725999832,0.121943414,0.000000000,0.000000000,0.000000000,AERIAL
8.727000237,0.118679598,0.000000000,0.000000000,0.000000000,AERIAL
8.727999687,0.115406491,0.000000000,0.000000000,0.000000000,AERIAL
8.729000092,0.112124078,0.000000000,0.000000000,0.000000000,AERIAL
8.729999542,0.108832374,0.000000000,0.000000000,0.000000000,AERIAL
8.730999947,0.105531380,0.000000000,0.000000000,0.000000000,AERIAL
8.732000351,0.102221102,0.000000000,0.000000000,0.000000000,AERIAL
8.732999802,0.098901533,0.000000000,0.000000000,0.000000000,AERIAL
8.734000206,0.095572680,0.000000000,0.000000000,0.000000000,AERIAL
8.734999657,0.092234552,0.000000000,0.000000000,0.000000000,AERIAL
8.736000061,0.088887155,0.000000000,0.000000000,0.000000000,AERIAL
8.737000465,0.085530475,0.000000000,0.000000000,0.000000000,AERIAL
8.737999916,0.082164526,0.000000000,0.000000000,0.000000000,AERIAL
8.739000320,0.078789309,0.000000000,0.000000000,0.000000000,AERIAL
8.739999771,0.075404830,0.000000000,0.000000000,0.000000000,AERIAL
8.741000175,0.072011091,0.000000000,0.000000000,0.000000000,AERIAL
8.741999626,0.068608090,0.000000000,0.000000000,0.000000000,AERIAL
8.743000031,0.065195829,0.000000000,0.000000000,0.000000000,AERIAL
8.744000435,0.061774313,0.000000000,0.000000000,0.000000000,AERIAL
8.744999886,0.058343548,0.000000000,0.000000000,0.000000000,AERIAL
8.746000290,0.054903533,0.000000000,0.000000000,0.000000000,AERIAL
8.746999741,0.051454272,0.000000000,0.000000000,0.000000000,AERIAL
8.748000145,0.047995768,0.000000000,0.000000000,0.000000000,AERIAL
8.748999596,0.044528019,0.000000000,0.000000000,0.000000000,AERIAL
8.750000000,0.041051030,0.000000000,0.000000000,0.000000000,AERIAL
8.751000404,0.037564807,0.000000000,0.000000000,0.000000000,AERIAL
8.751999855,0.034069348,0.000000000,0.000000000,0.000000000,AERIAL
8.753000259,0.030564655,0.000000000,0.000000000,0.000000000,AERIAL
8.753999710,0.027050730,0.000000000,0.000000000,0.000000000,LANDING
8.755000114,0.023527578,0.000000000,0.000000000,0.000000000,LANDING
8.755999565,0.019995198,0.000000000,0.000000000,0.000000000,LANDING
8.756999969,0.016453594,0.000000000,0.000000000,0.000000000,LANDING
8.758000374,0.012902767,0.000000000,0.000000000,0.000000000,LANDING
8.758999825,0.009342720,0.000000000,0.000000000,0.000000000,LANDING
8.760000229,0.005773454,0.000000000,0.000000000,0.000000000,LANDING
8.760999680,0.002194971,0.000000000,0.000000000,0.000000000,LANDING
8.762000084,0.002196041,-0.003639068,-3.639067888,4.502957821,SUPPORT
8.762999535,0.002197102,-0.007153939,-3.514870644,5.114545345,SUPPORT
8.763999939,0.002198156,-0.010526505,-3.372567177,5.701372147,SUPPORT
8.765000343,0.002199203,-0.013739392,-3.212887049,6.260414124,SUPPORT
8.765999794,0.002200244,-0.016776046,-3.036652565,6.788791656,SUPPORT
8.767000198,0.002201281,-0.019620815,-2.844770193,7.283782005,SUPPORT
8.767999649,0.002202313,-0.022259044,-2.638228178,7.742833614,SUPPORT
8.769000053,0.002203342,-0.024677133,-2.418089867,8.163580894,SUPPORT
8.770000458,0.002204369,-0.026862621,-2.185488701,8.543856621,SUPPORT
8.770999908,0.002205396,-0.028804244,-1.941622972,8.881698608,SUPPORT
8.772000313,0.002206423,-0.030491993,-1.687748551,9.175367355,SUPPORT
8.772999763,0.002207452,-0.031917188,-1.425193667,9.423350334,SUPPORT
8.774000168,0.002208486,-0.033072498,-1.155309916,9.624374390,SUPPORT
8.774999619,0.002209524,-0.033951983,-0.879487276,9.777405739,SUPPORT
8.776000023,0.002210570,-0.034551132,-0.599146307,9.881656647,SUPPORT
8.777000427,0.002211624,-0.034866862,-0.315730959,9.936594009,SUPPORT
8.777999878,0.002212688,-0.034897562,-0.030701378,9.902729034,SUPPORT
8.779000282,0.002213764,-0.034644250,0.253313631,9.013939857,SUPPORT
8.779999733,0.002214859,-0.034133237,0.511011481,8.925023079,SUPPORT
8.781000137,0.002215968,-0.033367164,0.766072333,8.791727066,SUPPORT
8.781999588,0.002217089,-0.032349993,1.017173648,8.614738464,SUPPORT
8.782999992,0.002218223,-0.031086970,1.263021588,8.394972801,SUPPORT
8.784000397,0.002219372,-0.029584620,1.502349615,8.133563995,SUPPORT
8.784999847,0.002220535,-0.027850695,1.733924866,7.831861019,SUPPORT
8.786000252,0.002221712,-0.025894141,1.956554413,7.491420746,SUPPORT
8.786999702,0.002222903,-0.023725050,2.169091463,7.113998890,SUPPORT
8.788000107,0.002224107,-0.021354608,2.370441437,6.701541901,SUPPORT
8.788999557,0.002225323,-0.018795041,2.559567451,6.256176949,SUPPORT
8.789999962,0.002226552,-0.016059546,2.735496044,5.780200958,SUPPORT
8.791000366,0.002227792,-0.013162224,2.897321224,5.276066780,SUPPORT
8.791999817,0.002229041,-0.010118013,3.044210434,4.746374130,SUPPORT
8.793000221,0.002230301,-0.006942606,3.175407648,4.193853378,SUPPORT
8.793999672,0.002231568,-0.003652368,3.290238142,3.621351957,SUPPORT
8.795000076,0.002232842,-0.000264257,3.388110876,3.031820774,TAKEOFF
8.795999527,0.005232684,0.000000000,0.264256656,0.000000000,TAKEOFF
8.796999931,0.008477527,0.000000000,-0.000000006,0.000000000,TAKEOFF
8.798000336,0.011712926,0.000000000,-0.000000000,0.000000000,TAKEOFF
8.798999786,0.014938873,0.000000000,-0.000000000,0.000000000,TAKEOFF
8.800000191,0.018155366,0.000000000,-0.000000000,0.000000000,TAKEOFF
8.800999641,0.021362396,0.000000000,-0.000000000,0.000000000,TAKEOFF
8.802000046,0.024559960,0.000000000,-0.000000000,0.000000000,TAKEOFF
8.803000450,0.027748050,0.000000000,-0.000000000,0.000000000,TAKEOFF
8.803999901,0.030926665,0.000000000,-0.000000000,0.000000000,AERIAL
8.805000305,0.034095798,0.000000000,-0.000000000,0.000000000,AERIAL
8.805999756,0.037255447,0.000000000,-0.000000000,0.000000000,AERIAL
8.807000160,0.040405605,0.000000000,-0.000000000,0.000000000,AERIAL
8.807999611,0.043546271,0.000000000,-0.000000000,0.000000000,AERIAL
8.809000015,0.046677437,0.000000000,-0.000000000,0.000000000,AERIAL
8.810000420,0.049799103,0.000000000,-0.000000000,0.000000000,AERIAL
8.810999870,0.052911267,0.000000000,-0.000000000,0.000000000,AERIAL
8.812000275,0.056013923,0.000000000,-0.000000000,0.000000000,AERIAL
8.812999725,0.059107065,0.000000000,-0.000000000,0.000000000,AERIAL
8.814000130,0.062190700,0.000000000,-0.000000000,0.000000000,AERIAL
8.814999580,0.065264814,0.000000000,-0.000000000,0.000000000,AERIAL
8.815999985,0.068329416,0.000000000,-0.000000000,0.000000000,AERIAL
8.817000389,0.071384490,0.000000000,-0.000000000,0.000000000,AERIAL
8.817999840,0.074430041,0.000000000,-0.000000000,0.000000000,AERIAL
8.819000244,0.077466071,0.000000000,-0.000000000,0.000000000,AERIAL
8.819999695,0.080492571,0.000000000,-0.000000000,0.000000000,AERIAL
8.821000099,0.083509542,0.000000000,-0.000000000,0.000000000,AERIAL
8.821999550,0.086516984,0.000000000,-0.000000000,0.000000000,AERIAL
8.822999954,0.089514889,0.000000000,-0.000000000,0.000000000,AERIAL
8.824000359,0.092503287,0.000000000,0.000000000,0.000000000,AERIAL
8.824999809,0.095482200,0.000000000,0.000000000,0.000000000,AERIAL
8.826000214,0.098451667,0.000000000,0.000000000,0.000000000,AERIAL
8.826999664,0.101411730,0.000000000,0.000000000,0.000000000,AERIAL
8.828000069,0.104362436,0.000000000,0.000000000,0.000000000,AERIAL
8.829000473,0.107303828,0.000000000,0.000000000,0.000000000,AERIAL
8.829999924,0.110235952,0.000000000,0.000000000,0.000000000,AERIAL
8.831000328,0.113158859,0.000000000,0.000000000,0.000000000,AERIAL
8.831999779,0.116072603,0.000000000,0.000000000,0.000000000,AERIAL
8.833000183,0.118977234,0.000000000,0.000000000,0.000000000,AERIAL
8.833999634,0.121872798,0.000000000,0.000000000,0.000000000,AERIAL
8.835000038,0.124759354,0.000000000,0.000000000,0.000000000,AERIAL
8.836000443,0.127636954,0.000000000,0.000000000,0.000000000,AERIAL
8.836999893,0.130505636,0.000000000,0.000000000,0.000000000,AERIAL
8.838000298,0.133365452,0.000000000,0.000000000,0.000000000,AERIAL
8.838999748,0.136216447,0.000000000,0.000000000,0.000000000,AERIAL
8.840000153,0.139058679,0.000000000,0.000000000,0.000000000,AERIAL
8.840999603,0.141892165,0.000000000,0.000000000,0.000000000,AERIAL
8.842000008,0.144716978,0.000000000,0.000000000,0.000000000,AERIAL
8.843000412,0.147533134,0.000000000,0.000000000,0.000000000,AERIAL
8.843999863,0.150340676,0.000000000,0.000000000,0.000000000,AERIAL
8.845000267,0.153139651,0.000000000,0.000000000,0.000000000,AERIAL
8.845999718,0.155930087,0.000000000,0.000000000,0.000000000,AERIAL
8.847000122,0.158712029,0.000000000,0.000000000,0.000000000,AERIAL
8.847999573,0.161485493,0.000000000,0.000000000,0.000000000,AERIAL
8.848999977,0.164250523,0.000000000,0.000000000,0.000000000,AERIAL
8.850000381,0.167007148,0.000000000,0.000000000,0.000000000,AERIAL
8.850999832,0.169755399,0.000000000,0.000000000,0.000000000,AERIAL
8.852000237,0.172495306,0.000000000,0.000000000,0.000000000,AERIAL
8.852999687,0.175226882,0.000000000,0.000000000,0.000000000,AERIAL
8.854000092,0.177950174,0.000000000,0.000000000,0.000000000,AERIAL
8.854999542,0.180665195,0.000000000,0.000000000,0.000000000,AERIAL
8.855999947,0.183371961,0.000000000,0.000000000,0.000000000,AERIAL
8.857000351,0.186070502,0.000000000,0.000000000,0.000000000,AERIAL
8.857999802,0.188760847,0.000000000,0.000000000,0.000000000,AERIAL
8.859000206,0.191443026,0.000000000,0.000000000,0.000000000,AERIAL
8.859999657,0.194117039,0.000000000,0.000000000,0.000000000,AERIAL
8.861000061,0.196782932,0.000000000,0.000000000,0.000000000,AERIAL
8.862000465,0.199440733,0.000000000,0.000000000,0.000000000,AERIAL
8.862999916,0.202090427,0.000000000,0.000000000,0.000000000,AERIAL
8.864000320,0.204732060,0.000000000,0.000000000,0.000000000,AERIAL
8.864999771,0.207365632,0.000000000,0.000000000,0.000000000,AERIAL
8.866000175,0.209991172,0.000000000,0.000000000,0.000000000,AERIAL
8.866999626,0.212608680,0.000000000,0.000000000,0.000000000,AERIAL
8.868000031,0.215218201,0.000000000,0.000000000,0.000000000,AERIAL
8.869000435,0.217819721,0.000000000,0.000000000,0.000000000,AERIAL
8.869999886,0.220413297,0.000000000,0.000000000,0.000000000,AERIAL
8.871000290,0.222998917,0.000000000,0.000000000,0.000000000,AERIAL
8.871999741,0.225576639,0.000000000,0.000000000,0.000000000,AERIAL
8.873000145,0.228146434,0.000000000,-0.000000000,0.000000000,AERIAL
8.873999596,0.230708346,0.000000000,-0.000000000,0.000000000,AERIAL
8.875000000,0.233262375,0.000000000,0.000000000,0.000000000,AERIAL
8.876000404,0.235808536,0.000000000,0.000000000,0.000000000,AERIAL
8.876999855,0.238346860,0.000000000,0.000000000,0.000000000,AERIAL
8.878000259,0.240877330,0.000000000,0.000000000,0.000000000,AERIAL
8.878999710,0.243399993,0.000000000,0.000000000,0.000000000,AERIAL
8.880000114,0.245914862,0.000000000,0.000000000,0.000000000,AERIAL
8.880999565,0.248421967,0.000000000,0.000000000,0.000000000,AERIAL
8.881999969,0.250921309,0.000000000,0.000000000,0.000000000,AERIAL
8.883000374,0.253412932,0.000000000,-0.000000000,0.000000000,AERIAL
8.883999825,0.255896807,0.000000000,-0.000000000,0.000000000,AERIAL
8.885000229,0.258372992,0.000000000,-0.000000000,0.000000000,AERIAL
8.885999680,0.260841489,0.000000000,0.000000000,0.000000000,AERIAL
8.887000084,0.263302326,0.000000000,0.000000000,0.000000000,AERIAL
8.887999535,0.265755504,0.000000000,0.000000000,0.000000000,AERIAL
8.888999939,0.268201053,0.000000000,0.000000000,0.000000000,AERIAL
8.890000343,0.270639032,0.000000000,0.000000000,0.000000000,AERIAL
8.890999794,0.273069382,0.000000000,0.000000000,0.000000000,AERIAL
8.892000198,0.275492221,0.000000000,0.000000000,0.000000000,AERIAL
8.892999649,0.277907521,0.000000000,-0.000000000,0.000000000,AERIAL
8.894000053,0.280315280,0.000000000,0.000000000,0.000000000,AERIAL
8.895000458,0.282715559,0.000000000,0.000000000,0.000000000,AERIAL
8.895999908,0.285108328,0.000000000,0.000000000,0.000000000,AERIAL
8.897000313,0.287493676,0.000000000,0.000000000,0.000000000,AERIAL
8.897999763,0.289871573,0.000000000,0.000000000,0.000000000,AERIAL
8.899000168,0.292242050,0.000000000,0.000000000,0.000000000,AERIAL
8.899999619,0.294605166,0.000000000,0.000000000,0.000000000,AERIAL
8.901000023,0.296960890,0.000000000,0.000000000,0.000000000,AERIAL
8.902000427,0.299309313,0.000000000,0.000000000,0.000000000,AERIAL
8.902999878,0.301650375,0.000000000,0.000000000,0.000000000,AERIAL
8.904000282,0.303984165,0.000000000,0.000000000,0.000000000,AERIAL
8.904999733,0.306310654,0.000000000,0.000000000,0.000000000,AERIAL
8.906000137,0.308629870,0.000000000,0.000000000,0.000000000,AERIAL
8.906999588,0.310941845,0.000000000,0.000000000,0.000000000,AERIAL
8.907999992,0.313246578,0.000000000,0.000000000,0.000000000,AERIAL
8.909000397,0.315544128,0.000000000,0.000000000,0.000000000,AERIAL
8.909999847,0.317834467,0.000000000,0.000000000,0.000000000,AERIAL
8.911000252,0.320117652,0.000000000,0.000000000,0.000000000,AERIAL
8.911999702,0.322393686,0.000000000,0.000000000,0.000000000,AERIAL
8.913000107,0.324662566,0.000000000,0.000000000,0.000000000,AERIAL
8.913999557,0.326924324,0.000000000,0.000000000,0.000000000,AERIAL
8.914999962,0.329178989,0.000000000,0.000000000,0.000000000,AERIAL
8.916000366,0.331426531,0.000000000,0.000000000,0.000000000,AERIAL
8.916999817,0.333666980,0.000000000,0.000000000,0.000000000,AERIAL
8.918000221,0.335900366,0.000000000,0.000000000,0.000000000,AERIAL
8.918999672,0.338126659,0.000000000,0.000000000,0.000000000,AERIAL
8.920000076,0.340345919,0.000000000,0.000000000,0.000000000,AERIAL
8.920999527,0.342558116,0.000000000,0.000000000,0.000000000,AERIAL
8.921999931,0.344763279,0.000000000,0.000000000,0.000000000,AERIAL
8.923000336,0.346961439,0.000000000,0.000000000,0.000000000,AERIAL
8.923999786,0.349152535,0.000000000,0.000000000,0.000000000,AERIAL
8.925000191,0.351336598,0.000000000,0.000000000,0.000000000,AERIAL
8.925999641,0.353513598,0.000000000,0.000000000,0.000000000,AERIAL
8.927000046,0.355683565,0.000000000,0.000000000,0.000000000,AERIAL
8.928000450,0.357846498,0.000000000,0.000000000,0.000000000,AERIAL
8.928999901,0.360002369,0.000000000,0.000000000,0.000000000,AERIAL
8.930000305,0.362151176,0.000000000,0.000000000,0.000000000,AERIAL
8.930999756,0.364292949,0.000000000,0.000000000,0.000000000,AERIAL
8.932000160,0.366427690,0.000000000,0.000000000,0.000000000,AERIAL
8.932999611,0.368555337,0.000000000,0.000000000,0.000000000,AERIAL
8.934000015,0.370675921,0.000000000,0.000000000,0.000000000,AERIAL
8.935000420,0.372789443,0.000000000,0.000000000,0.000000000,AERIAL
8.935999870,0.374895871,0.000000000,0.000000000,0.000000000,AERIAL
8.937000275,0.376995176,0.000000000,0.000000000,0.000000000,AERIAL
8.937999725,0.379087418,0.000000000,0.000000000,0.000000000,AERIAL
8.939000130,0.381172508,0.000000000,0.000000000,0.000000000,AERIAL
8.939999580,0.383250505,0.000000000,0.000000000,0.000000000,AERIAL
8.940999985,0.385321349,0.000000000,0.000000000,0.000000000,AERIAL
8.942000389,0.387385100,0.000000000,0.000000000,0.000000000,AERIAL
8.942999840,0.389441699,0.000000000,0.000000000,0.000000000,AERIAL
8.944000244,0.391491205,0.000000000,0.000000000,0.000000000,AERIAL
8.944999695,0.393533558,0.000000000,0.000000000,0.000000000,AERIAL
8.946000099,0.395568818,0.000000000,0.000000000,0.000000000,AERIAL
8.946999550,0.397596955,0.000000000,0.000000000,0.000000000,AERIAL
8.947999954,0.399617970,0.000000000,0.000000000,0.000000000,AERIAL
8.949000359,0.401631892,0.000000000,0.000000000,0.000000000,AERIAL
8.949999809,0.403638691,0.000000000,0.000000000,0.000000000,AERIAL
8.951000214,0.405638397,0.000000000,0.000000000,0.000000000,AERIAL
8.951999664,0.407631010,0.000000000,0.000000000,0.000000000,AERIAL
8.953000069,0.409616530,0.000000000,0.000000000,0.000000000,AERIAL
8.954000473,0.411594957,0.000000000,0.000000000,0.000000000,AERIAL
8.954999924,0.413566321,0.000000000,0.000000000,0.000000000,AERIAL
8.956000328,0.415530652,0.000000000,0.000000000,0.000000000,AERIAL
8.956999779,0.417487890,0.000000000,0.000000000,0.000000000,AERIAL
8.958000183,0.419438094,0.000000000,0.000000000,0.000000000,AERIAL
8.958999634,0.421381265,0.000000000,0.000000000,0.000000000,AERIAL
8.960000038,0.423317432,0.000000000,0.000000000,0.000000000,AERIAL
8.961000443,0.425246537,0.000000000,0.000000000,0.000000000,AERIAL
8.961999893,0.427168667,0.000000000,0.000000000,0.000000000,AERIAL
8.963000298,0.429083794,0.000000000,0.000000000,0.000000000,AERIAL
8.963999748,0.430991918,0.000000000,0.000000000,0.000000000,AERIAL
8.965000153,0.432893068,0.000000000,0.000000000,0.000000000,AERIAL
8.965999603,0.434787273,0.000000000,0.000000000,0.000000000,AERIAL
8.967000008,0.436674535,0.000000000,0.000000000,0.000000000,AERIAL
8.968000412,0.438554853,0.000000000,0.000000000,0.000000000,AERIAL
8.968999863,0.440428227,0.000000000,0.000000000,0.000000000,AERIAL
8.970000267,0.442294717,0.000000000,0.000000000,0.000000000,AERIAL
8.970999718,0.444154292,0.000000000,0.000000000,0.000000000,AERIAL
8.972000122,0.446006984,0.000000000,0.000000000,0.000000000,AERIAL
8.972999573,0.447852820,0.000000000,0.000000000,0.000000000,AERIAL
8.973999977,0.449691772,0.000000000,0.000000000,0.000000000,AERIAL
8.975000381,0.451523900,0.000000000,0.000000000,0.000000000,AERIAL
8.975999832,0.453349203,0.000000000,0.000000000,0.000000000,AERIAL
8.977000237,0.455167681,0.000000000,0.000000000,0.000000000,AERIAL
8.977999687,0.456979364,0.000000000,0.000000000,0.000000000,AERIAL
8.979000092,0.458784252,0.000000000,0.000000000,0.000000000,AERIAL
8.979999542,0.460582405,0.000000000,0.000000000,0.000000000,AERIAL
8.980999947,0.462373793,0.000000000,0.000000000,0.000000000,AERIAL
8.982000351,0.464158446,0.000000000,0.000000000,0.000000000,AERIAL
8.982999802,0.465936363,0.000000000,0.000000000,0.000000000,AERIAL
8.984000206,0.467707604,0.000000000,0.000000000,0.000000000,AERIAL
8.984999657,0.469472170,0.000000000,0.000000000,0.000000000,AERIAL
8.986000061,0.471230090,0.000000000,0.000000000,0.000000000,AERIAL
8.987000465,0.472981334,0.000000000,0.000000000,0.000000000,AERIAL
8.987999916,0.474725991,0.000000000,0.000000000,0.000000000,AERIAL
8.989000320,0.476464033,0.000000000,0.000000000,0.000000000,AERIAL
8.989999771,0.478195518,0.000000000,0.000000000,0.000000000,AERIAL
8.991000175,0.479920417,0.000000000,0.000000000,0.000000000,AERIAL
8.991999626,0.481638789,0.000000000,0.000000000,0.000000000,AERIAL
8.993000031,0.483350664,0.000000000,0.000000000,0.000000000,AERIAL
8.994000435,0.485056043,0.000000000,0.000000000,0.000000000,AERIAL
8.994999886,0.486754954,0.000000000,0.000000000,0.000000000,AERIAL
8.996000290,0.488447428,0.000000000,0.000000000,0.000000000,AERIAL
8.996999741,0.490133494,0.000000000,0.000000000,0.000000000,AERIAL
8.998000145,0.491813153,0.000000000,0.000000000,0.000000000,AERIAL
8.998999596,0.493486464,0.000000000,0.000000000,0.000000000,AERIAL
9.000000000,0.495153457,0.000000000,0.000000000,0.000000000,AERIAL
9.001000404,0.496814132,0.000000000,0.000000000,0.000000000,AERIAL
9.001999855,0.498468518,0.000000000,0.000000000,0.000000000,AERIAL
9.003000259,0.500116646,0.000000000,0.000000000,0.000000000,AERIAL
9.003999710,0.501758575,0.000000000,0.000000000,0.000000000,AERIAL
9.005000114,0.503394365,0.000000000,0.000000000,0.000000000,AERIAL
9.005999565,0.505023897,0.000000000,0.000000000,0.000000000,AERIAL
9.006999969,0.506647348,0.000000000,0.000000000,0.000000000,AERIAL
9.008000374,0.508264720,0.000000000,0.000000000,0.000000000,AERIAL
9.008999825,0.509876013,0.000000000,0.000000000,0.000000000,AERIAL
9.010000229,0.511481285,0.000000000,0.000000000,0.000000000,AERIAL
9.010999680,0.513080597,0.000000000,0.000000000,0.000000000,AERIAL
9.012000084,0.514673948,0.000000000,0.000000000,0.000000000,AERIAL
9.012999535,0.516261339,0.000000000,0.000000000,0.000000000,AERIAL
9.013999939,0.517842889,0.000000000,0.000000000,0.000000000,AERIAL
9.015000343,0.519418538,0.000000000,0.000000000,0.000000000,AERIAL
9.015999794,0.520988464,0.000000000,0.000000000,0.000000000,AERIAL
9.017000198,0.522552550,0.000000000,0.000000000,0.000000000,AERIAL
9.017999649,0.524110913,0.000000000,0.000000000,0.000000000,AERIAL
9.019000053,0.525663614,0.000000000,0.000000000,0.000000000,AERIAL
9.020000458,0.527210653,0.000000000,0.000000000,0.000000000,AERIAL
9.020999908,0.528752148,0.000000000,0.000000000,0.000000000,AERIAL
9.022000313,0.530287981,0.000000000,0.000000000,0.000000000,AERIAL
9.022999763,0.531818390,0.000000000,0.000000000,0.000000000,AERIAL
9.024000168,0.533343256,0.000000000,0.000000000,0.000000000,AERIAL
9.024999619,0.534862697,0.000000000,0.000000000,0.000000000,AERIAL
9.026000023,0.536376774,0.000000000,0.000000000,0.000000000,AERIAL
9.027000427,0.537885487,0.000000000,0.000000000,0.000000000,AERIAL
9.027999878,0.539388895,0.000000000,0.000000000,0.000000000,AERIAL
9.029000282,0.540887058,0.000000000,0.000000000,0.000000000,AERIAL
9.029999733,0.542380035,0.000000000,0.000000000,0.000000000,AERIAL
9.031000137,0.543867886,0.000000000,0.000000000,0.000000000,AERIAL
9.031999588,0.545350611,0.000000000,0.000000000,0.000000000,AERIAL
9.032999992,0.546828270,0.000000000,0.000000000,0.000000000,AERIAL
9.034000397,0.548300922,0.000000000,0.000000000,0.000000000,AERIAL
9.034999847,0.549768627,0.000000000,0.000000000,0.000000000,AERIAL
9.036000252,0.551231444,0.000000000,0.000000000,0.000000000,AERIAL
9.036999702,0.552689433,0.000000000,0.000000000,0.000000000,AERIAL
9.038000107,0.554142594,0.000000000,0.000000000,0.000000000,AERIAL
9.038999557,0.555591047,0.000000000,0.000000000,0.000000000,AERIAL
9.039999962,0.557034791,0.000000000,0.000000000,0.000000000,AERIAL
9.041000366,0.558473885,0.000000000,0.000000000,0.000000000,AERIAL
9.041999817,0.559908390,0.000000000,0.000000000,0.000000000,AERIAL
9.043000221,0.561338425,0.000000000,0.000000000,0.000000000,AERIAL
9.043999672,0.562763989,0.000000000,0.000000000,0.000000000,AERIAL
9.045000076,0.564185202,0.000000000,0.000000000,0.000000000,AERIAL
9.045999527,0.565602005,0.000000000,0.000000000,0.000000000,AERIAL
9.046999931,0.567014515,0.000000000,0.000000000,0.000000000,AERIAL
9.048000336,0.568422794,0.000000000,0.000000000,0.000000000,AERIAL
9.048999786,0.569826901,0.000000000,0.000000000,0.000000000,AERIAL
9.050000191,0.571226895,0.000000000,0.000000000,0.000000000,AERIAL
9.050999641,0.572622836,0.000000000,0.000000000,0.000000000,AERIAL
9.052000046,0.574014783,0.000000000,0.000000000,0.000000000,AERIAL
9.053000450,0.575402737,0.000000000,0.000000000,0.000000000,AERIAL
9.053999901,0.576786697,0.000000000,0.000000000,0.000000000,AERIAL
9.055000305,0.578166664,0.000000000,0.000000000,0.000000000,AERIAL
9.055999756,0.579542637,0.000000000,0.000000000,0.000000000,AERIAL
9.057000160,0.580914617,0.000000000,0.000000000,0.000000000,AERIAL
9.057999611,0.582282722,0.000000000,0.000000000,0.000000000,AERIAL
9.059000015,0.583646894,0.000000000,0.000000000,0.000000000,AERIAL
9.060000420,0.585007191,0.000000000,0.000000000,0.000000000,AERIAL
9.060999870,0.586363494,0.000000000,0.000000000,0.000000000,AERIAL
9.062000275,0.587715983,0.000000000,0.000000000,0.000000000,AERIAL
9.062999725,0.589064538,0.000000000,0.000000000,0.000000000,AERIAL
9.064000130,0.590409279,0.000000000,0.000000000,0.000000000,AERIAL
9.064999580,0.591750145,0.000000000,0.000000000,0.000000000,AERIAL
9.065999985,0.593087196,0.000000000,0.000000000,0.000000000,AERIAL
9.067000389,0.594420373,0.000000000,0.000000000,0.000000000,AERIAL
9.067999840,0.595749617,0.000000000,0.000000000,0.000000000,AERIAL
9.069000244,0.597075045,0.000000000,0.000000000,0.000000000,AERIAL
9.069999695,0.598396420,0.000000000,0.000000000,0.000000000,AERIAL
9.071000099,0.599713862,0.000000000,0.000000000,0.000000000,AERIAL
9.071999550,0.601027191,0.000000000,0.000000000,0.000000000,AERIAL
9.072999954,0.602336466,0.000000000,0.000000000,0.000000000,AERIAL
9.074000359,0.603641570,0.000000000,0.000000000,0.000000000,AERIAL
9.074999809,0.604942501,0.000000000,0.000000000,0.000000000,AERIAL
9.076000214,0.606239200,0.000000000,0.000000000,0.000000000,AERIAL
9.076999664,0.607531607,0.000000000,0.000000000,0.000000000,AERIAL
9.078000069,0.608819604,0.000000000,-0.000000000,0.000000000,AERIAL
9.079000473,0.610103130,0.000000000,-0.000000000,0.000000000,AERIAL
9.079999924,0.611382067,0.000000000,-0.000000000,0.000000000,AERIAL
9.081000328,0.612656415,0.000000000,-0.000000000,0.000000000,AERIAL
9.081999779,0.613925993,0.000000000,-0.000000000,0.000000000,AERIAL
9.083000183,0.615190685,0.000000000,-0.000000000,0.000000000,AERIAL
9.083999634,0.616450548,0.000000000,-0.000000000,0.000000000,AERIAL
9.085000038,0.617705345,0.000000000,-0.000000000,0.000000000,AERIAL
9.086000443,0.618955135,0.000000000,-0.000000000,0.000000000,AERIAL
9.086999893,0.620199740,0.000000000,-0.000000000,0.000000000,AERIAL
9.088000298,0.621439099,0.000000000,-0.000000000,0.000000000,AERIAL
9.088999748,0.622673035,0.000000000,-0.000000000,0.000000000,AERIAL
9.090000153,0.623901546,0.000000000,-0.000000000,0.000000000,AERIAL
9.090999603,0.625124454,0.000000000,-0.000000000,0.000000000,AERIAL
9.092000008,0.626341701,0.000000000,-0.000000000,0.000000000,AERIAL
9.093000412,0.627553165,0.000000000,-0.000000000,0.000000000,AERIAL
9.093999863,0.628758788,0.000000000,-0.000000000,0.000000000,AERIAL
9.095000267,0.629958451,0.000000000,-0.000000000,0.000000000,AERIAL
9.095999718,0.631152034,0.000000000,-0.000000000,0.000000000,AERIAL
9.097000122,0.632339597,0.000000000,-0.000000000,0.000000000,AERIAL
9.097999573,0.633520842,0.000000000,-0.000000000,0.000000000,AERIAL
9.098999977,0.634695828,0.000000000,-0.000000000,0.000000000,AERIAL
9.100000381,0.635864437,0.000000000,-0.000000000,0.000000000,AERIAL
9.100999832,0.637026489,0.000000000,-0.000000000,0.000000000,AERIAL
9.102000237,0.638181984,0.000000000,-0.000000000,0.000000000,AERIAL
9.102999687,0.639330804,0.000000000,-0.000000000,0.000000000,AERIAL
9.104000092,0.640472889,0.000000000,-0.000000000,0.000000000,AERIAL
9.104999542,0.641608179,0.000000000,-0.000000000,0.000000000,AERIAL
9.105999947,0.642736614,0.000000000,-0.000000000,0.000000000,AERIAL
9.107000351,0.643858135,0.000000000,-0.000000000,0.000000000,AERIAL
9.107999802,0.644972622,0.000000000,-0.000000000,0.000000000,AERIAL
9.109000206,0.646080077,0.000000000,-0.000000000,0.000000000,AERIAL
9.109999657,0.647180378,0.000000000,-0.000000000,0.000000000,AERIAL
9.111000061,0.648273468,0.000000000,-0.000000000,0.000000000,AERIAL
9.112000465,0.649359345,0.000000000,-0.000000000,0.000000000,AERIAL
9.112999916,0.650437891,0.000000000,-0.000000000,0.000000000,AERIAL
9.114000320,0.651509106,0.000000000,-0.000000000,0.000000000,AERIAL
9.114999771,0.652572930,0.000000000,-0.000000000,0.000000000,AERIAL
9.116000175,0.653629363,0.000000000,-0.000000000,0.000000000,AERIAL
9.116999626,0.654678345,0.000000000,-0.000000000,0.000000000,AERIAL
9.118000031,0.655719876,0.000000000,-0.000000000,0.000000000,AERIAL
9.119000435,0.656753898,0.000000000,-0.000000000,0.000000000,AERIAL
9.119999886,0.657780349,0.000000000,-0.000000000,0.000000000,AERIAL
9.121000290,0.658799291,0.000000000,-0.000000000,0.000000000,AERIAL
9.121999741,0.659810662,0.000000000,-0.000000000,0.000000000,AERIAL
9.123000145,0.660814404,0.000000000,0.000000000,0.000000000,AERIAL
9.123999596,0.661810577,0.000000000,0.000000000,0.000000000,AERIAL
9.125000000,0.662799180,0.000000000,0.000000000,0.000000000,AERIAL
9.126000404,0.663780212,0.000000000,0.000000000,0.000000000,AERIAL
9.126999855,0.664753675,0.000000000,0.000000000,0.000000000,AERIAL
9.128000259,0.665719569,0.000000000,0.000000000,0.000000000,AERIAL
9.128999710,0.666677892,0.000000000,0.000000000,0.000000000,AERIAL
9.130000114,0.667628646,0.000000000,0.000000000,0.000000000,AERIAL
9.130999565,0.668571889,0.000000000,0.000000000,0.000000000,AERIAL
9.131999969,0.669507623,0.000000000,0.000000000,0.000000000,AERIAL
9.133000374,0.670435846,0.000000000,0.000000000,0.000000000,AERIAL
9.133999825,0.671356678,0.000000000,0.000000000,0.000000000,AERIAL
9.135000229,0.672270060,0.000000000,0.000000000,0.000000000,AERIAL
9.135999680,0.673176110,0.000000000,0.000000000,0.000000000,AERIAL
9.137000084,0.674074888,0.000000000,0.000000000,0.000000000,AERIAL
9.137999535,0.674966335,0.000000000,0.000000000,0.000000000,AERIAL
9.138999939,0.675850570,0.000000000,0.000000000,0.000000000,AERIAL
9.140000343,0.676727593,0.000000000,0.000000000,0.000000000,AERIAL
9.140999794,0.677597582,0.000000000,0.000000000,0.000000000,AERIAL
9.142000198,0.678460479,0.000000000,0.000000000,0.000000000,AERIAL
9.142999649,0.679316401,0.000000000,0.000000000,0.000000000,AERIAL
9.144000053,0.680165410,0.000000000,0.000000000,0.000000000,AERIAL
9.145000458,0.681007564,0.000000000,0.000000000,0.000000000,AERIAL
9.145999908,0.681842923,0.000000000,0.000000000,0.000000000,AERIAL
9.147000313,0.682671666,0.000000000,0.000000000,0.000000000,AERIAL
9.147999763,0.683493793,0.000000000,0.000000000,0.000000000,AERIAL
9.149000168,0.684309423,0.000000000,0.000000000,0.000000000,AERIAL
9.149999619,0.685118616,0.000000000,0.000000000,0.000000000,AERIAL
9.151000023,0.685921431,0.000000000,0.000000000,0.000000000,AERIAL
9.152000427,0.686718106,0.000000000,0.000000000,0.000000000,AERIAL
9.152999878,0.687508583,0.000000000,0.000000000,0.000000000,AERIAL
9.154000282,0.688293040,0.000000000,0.000000000,0.000000000,AERIAL
9.154999733,0.689071536,0.000000000,0.000000000,0.000000000,AERIAL
9.156000137,0.689844191,0.000000000,0.000000000,0.000000000,AERIAL
9.156999588,0.690611005,0.000000000,0.000000000,0.000000000,AERIAL
9.157999992,0.691372216,0.000000000,0.000000000,0.000000000,AERIAL
9.159000397,0.692127883,0.000000000,0.000000000,0.000000000,AERIAL
9.159999847,0.692878127,0.000000000,0.000000000,0.000000000,AERIAL
9.161000252,0.693623066,0.000000000,0.000000000,0.000000000,AERIAL
9.161999702,0.694362760,0.000000000,0.000000000,0.000000000,AERIAL
9.163000107,0.695097387,0.000000000,0.000000000,0.000000000,AERIAL
9.163999557,0.695827067,0.000000000,0.000000000,0.000000000,AERIAL
9.164999962,0.696551800,0.000000000,0.000000000,0.000000000,AERIAL
9.166000366,0.697271764,0.000000000,0.000000000,0.000000000,AERIAL
9.166999817,0.697987080,0.000000000,0.000000000,0.000000000,AERIAL
9.168000221,0.698697865,0.000000000,0.000000000,0.000000000,AERIAL
9.168999672,0.699404180,0.000000000,0.000000000,0.000000000,AERIAL
9.170000076,0.700106263,0.000000000,0.000000000,0.000000000,AERIAL
9.170999527,0.700804114,0.000000000,0.000000000,0.000000000,AERIAL
9.171999931,0.701497972,0.000000000,0.000000000,0.000000000,AERIAL
9.173000336,0.702187836,0.000000000,0.000000000,0.000000000,AERIAL
9.173999786,0.702873886,0.000000000,0.000000000,0.000000000,AERIAL
9.175000191,0.703556120,0.000000000,0.000000000,0.000000000,AERIAL
9.175999641,0.704234779,0.000000000,0.000000000,0.000000000,AERIAL
9.177000046,0.704909801,0.000000000,0.000000000,0.000000000,AERIAL
9.178000450,0.705581427,0.000000000,0.000000000,0.000000000,AERIAL
9.178999901,0.706249714,0.000000000,0.000000000,0.000000000,AERIAL
9.180000305,0.706914723,0.000000000,0.000000000,0.000000000,AERIAL
9.180999756,0.707576692,0.000000000,0.000000000,0.000000000,AERIAL
9.182000160,0.708235621,0.000000000,0.000000000,0.000000000,AERIAL
9.182999611,0.708891630,0.000000000,0.000000000,0.000000000,AERIAL
9.184000015,0.709544718,0.000000000,0.000000000,0.000000000,AERIAL
9.185000420,0.710195005,0.000000000,0.000000000,0.000000000,AERIAL
9.185999870,0.710842431,0.000000000,0.000000000,0.000000000,AERIAL
9.187000275,0.711487174,0.000000000,0.000000000,0.000000000,AERIAL
9.187999725,0.712129295,0.000000000,0.000000000,0.000000000,AERIAL
9.189000130,0.712768793,0.000000000,0.000000000,0.000000000,AERIAL
9.189999580,0.713405728,0.000000000,0.000000000,0.000000000,AERIAL
9.190999985,0.714040279,0.000000000,0.000000000,0.000000000,AERIAL
9.192000389,0.714672387,0.000000000,0.000000000,0.000000000,AERIAL
9.192999840,0.715302110,0.000000000,0.000000000,0.000000000,AERIAL
9.194000244,0.715929449,0.000000000,0.000000000,0.000000000,AERIAL
9.194999695,0.716554344,0.000000000,0.000000000,0.000000000,AERIAL
9.196000099,0.717176795,0.000000000,0.000000000,0.000000000,AERIAL
9.196999550,0.717796862,0.000000000,0.000000000,0.000000000,AERIAL
9.197999954,0.718414485,0.000000000,0.000000000,0.000000000,AERIAL
9.199000359,0.719029665,0.000000000,0.000000000,0.000000000,AERIAL
9.199999809,0.719642520,0.000000000,0.000000000,0.000000000,AERIAL
9.201000214,0.720252931,0.000000000,0.000000000,0.000000000,AERIAL
9.201999664,0.720861018,0.000000000,0.000000000,0.000000000,AERIAL
9.203000069,0.721466780,0.000000000,0.000000000,0.000000000,AERIAL
9.204000473,0.722070217,0.000000000,0.000000000,0.000000000,AERIAL
9.204999924,0.722671330,0.000000000,0.000000000,0.000000000,AERIAL
9.206000328,0.723270178,0.000000000,0.000000000,0.000000000,AERIAL
9.206999779,0.723866642,0.000000000,0.000000000,0.000000000,AERIAL
9.208000183,0.724460900,0.000000000,0.000000000,0.000000000,AERIAL
9.208999634,0.725052893,0.000000000,0.000000000,0.000000000,AERIAL
9.210000038,0.725642681,0.000000000,0.000000000,0.000000000,AERIAL
9.211000443,0.726230204,0.000000000,0.000000000,0.000000000,AERIAL
9.211999893,0.726815581,0.000000000,0.000000000,0.000000000,AERIAL
9.213000298,0.727398753,0.000000000,0.000000000,0.000000000,AERIAL
9.213999748,0.727979779,0.000000000,0.000000000,0.000000000,AERIAL
9.215000153,0.728558600,0.000000000,0.000000000,0.000000000,AERIAL
9.215999603,0.729135275,0.000000000,0.000000000,0.000000000,AERIAL
9.217000008,0.729709804,0.000000000,0.000000000,0.000000000,AERIAL
9.218000412,0.730282068,0.000000000,0.000000000,0.000000000,AERIAL
9.218999863,0.730852187,0.000000000,0.000000000,0.000000000,AERIAL
9.220000267,0.731420159,0.000000000,0.000000000,0.000000000,AERIAL
9.220999718,0.731985867,0.000000000,0.000000000,0.000000000,AERIAL
9.222000122,0.732549369,0.000000000,0.000000000,0.000000000,AERIAL
9.222999573,0.733110607,0.000000000,0.000000000,0.000000000,AERIAL
9.223999977,0.733669579,0.000000000,0.000000000,0.000000000,AERIAL
9.225000381,0.734226227,0.000000000,0.000000000,0.000000000,AERIAL
9.225999832,0.734780490,0.000000000,0.000000000,0.000000000,AERIAL
9.227000237,0.735332370,0.000000000,0.000000000,0.000000000,AERIAL
9.227999687,0.735881805,0.000000000,0.000000000,0.000000000,AERIAL
9.229000092,0.736428738,0.000000000,0.000000000,0.000000000,AERIAL
9.229999542,0.736973107,0.000000000,0.000000000,0.000000000,AERIAL
9.230999947,0.737514913,0.000000000,0.000000000,0.000000000,AERIAL
9.232000351,0.738053977,0.000000000,0.000000000,0.000000000,AERIAL
9.232999802,0.738590360,0.000000000,0.000000000,0.000000000,AERIAL
9.234000206,0.739123940,0.000000000,0.000000000,0.000000000,AERIAL
9.234999657,0.739654601,0.000000000,0.000000000,0.000000000,AERIAL
9.236000061,0.740182340,0.000000000,0.000000000,0.000000000,AERIAL
9.237000465,0.740706921,0.000000000,0.000000000,0.000000000,AERIAL
9.237999916,0.741228461,0.000000000,0.000000000,0.000000000,AERIAL
9.239000320,0.741746664,0.000000000,0.000000000,0.000000000,AERIAL
9.239999771,0.742261589,0.000000000,0.000000000,0.000000000,AERIAL
9.241000175,0.742773056,0.000000000,0.000000000,0.000000000,AERIAL
9.241999626,0.743281007,0.000000000,0.000000000,0.000000000,AERIAL
9.243000031,0.743785322,0.000000000,0.000000000,0.000000000,AERIAL
9.244000435,0.744285941,0.000000000,0.000000000,0.000000000,AERIAL
9.244999886,0.744782627,0.000000000,0.000000000,0.000000000,AERIAL
9.246000290,0.745275378,0.000000000,0.000000000,0.000000000,AERIAL
9.246999741,0.745763958,0.000000000,0.000000000,0.000000000,AERIAL
9.248000145,0.746248424,0.000000000,0.000000000,0.000000000,AERIAL
9.248999596,0.746728480,0.000000000,0.000000000,0.000000000,AERIAL
9.250000000,0.747204065,0.000000000,0.000000000,0.000000000,AERIAL
9.251000404,0.747675121,0.000000000,0.000000000,0.000000000,AERIAL
9.251999855,0.748141468,0.000000000,0.000000000,0.000000000,AERIAL
9.253000259,0.748602986,0.000000000,0.000000000,0.000000000,AERIAL
9.253999710,0.749059558,0.000000000,0.000000000,0.000000000,AERIAL
9.255000114,0.749511003,0.000000000,0.000000000,0.000000000,AERIAL
9.255999565,0.749957263,0.000000000,-0.000000000,0.000000000,AERIAL
9.256999969,0.750398159,0.000000000,-0.000000000,0.000000000,AERIAL
9.258000374,0.750833571,0.000000000,-0.000000000,0.000000000,AERIAL
9.258999825,0.751263320,0.000000000,-0.000000000,0.000000000,AERIAL
9.260000229,0.751687407,0.000000000,-0.000000000,0.000000000,AERIAL
9.260999680,0.752105534,0.000000000,-0.000000000,0.000000000,AERIAL
9.262000084,0.752517760,0.000000000,-0.000000000,0.000000000,AERIAL
9.262999535,0.752923787,0.000000000,-0.000000000,0.000000000,AERIAL
9.263999939,0.753323615,0.000000000,-0.000000000,0.000000000,AERIAL
9.265000343,0.753717005,0.000000000,-0.000000000,0.000000000,AERIAL
9.265999794,0.754103959,0.000000000,-0.000000000,0.000000000,AERIAL
9.267000198,0.754484236,0.000000000,-0.000000000,0.000000000,AERIAL
9.267999649,0.754857779,0.000000000,-0.000000000,0.000000000,AERIAL
9.269000053,0.755224407,0.000000000,-0.000000000,0.000000000,AERIAL
9.270000458,0.755584121,0.000000000,-0.000000000,0.000000000,AERIAL
9.270999908,0.755936682,0.000000000,-0.000000000,0.000000000,AERIAL
9.272000313,0.756281972,0.000000000,-0.000000000,0.000000000,AERIAL
9.272999763,0.756619990,0.000000000,-0.000000000,0.000000000,AERIAL
9.274000168,0.756950557,0.000000000,-0.000000000,0.000000000,AERIAL
9.274999619,0.757273614,0.000000000,-0.000000000,0.000000000,AERIAL
9.276000023,0.757588983,0.000000000,-0.000000000,0.000000000,AERIAL
9.277000427,0.757896602,0.000000000,-0.000000000,0.000000000,AERIAL
9.277999878,0.758196354,0.000000000,-0.000000000,0.000000000,AERIAL
9.279000282,0.758488178,0.000000000,-0.000000000,0.000000000,AERIAL
9.279999733,0.758771956,0.000000000,-0.000000000,0.000000000,AERIAL
9.281000137,0.759047568,0.000000000,-0.000000000,0.000000000,AERIAL
9.281999588,0.759315014,0.000000000,-0.000000000,0.000000000,AERIAL
9.282999992,0.759574115,0.000000000,-0.000000000,0.000000000,AERIAL
9.284000397,0.759824812,0.000000000,-0.000000000,0.000000000,AERIAL
9.284999847,0.760067105,0.000000000,-0.000000000,0.000000000,AERIAL
9.286000252,0.760300815,0.000000000,-0.000000000,0.000000000,AERIAL
9.286999702,0.760525882,0.000000000,-0.000000000,0.000000000,AERIAL
9.288000107,0.760742307,0.000000000,-0.000000000,0.000000000,AERIAL
9.288999557,0.760949969,0.000000000,-0.000000000,0.000000000,AERIAL
9.289999962,0.761148810,0.000000000,-0.000000000,0.000000000,AERIAL
9.291000366,0.761338770,0.000000000,-0.000000000,0.000000000,AERIAL
9.291999817,0.761519790,0.000000000,-0.000000000,0.000000000,AERIAL
9.293000221,0.761691809,0.000000000,-0.000000000,0.000000000,AERIAL
9.293999672,0.761854768,0.000000000,-0.000000000,0.000000000,AERIAL
9.295000076,0.762008607,0.000000000,-0.000000000,0.000000000,AERIAL
9.295999527,0.762153268,0.000000000,-0.000000000,0.000000000,AERIAL
9.296999931,0.762288749,0.000000000,-0.000000000,0.000000000,AERIAL
9.298000336,0.762414992,0.000000000,-0.000000000,0.000000000,AERIAL
9.298999786,0.762531877,0.000000000,-0.000000000,0.000000000,AERIAL
9.300000191,0.762639463,0.000000000,-0.000000000,0.000000000,AERIAL
9.300999641,0.762737691,0.000000000,-0.000000000,0.000000000,AERIAL
9.302000046,0.762826562,0.000000000,-0.000000000,0.000000000,AERIAL
9.303000450,0.762905896,0.000000000,-0.000000000,0.000000000,AERIAL
9.303999901,0.762975752,0.000000000,-0.000000000,0.000000000,AERIAL
9.305000305,0.763036072,0.000000000,-0.000000000,0.000000000,AERIAL
9.305999756,0.763086796,0.000000000,-0.000000000,0.000000000,AERIAL
9.307000160,0.763127863,0.000000000,-0.000000000,0.000000000,AERIAL
9.307999611,0.763159275,0.000000000,-0.000000000,0.000000000,AERIAL
9.309000015,0.763180971,0.000000000,-0.000000000,0.000000000,AERIAL
9.310000420,0.763192952,0.000000000,-0.000000000,0.000000000,AERIAL
9.310999870,0.763195157,0.000000000,-0.000000000,0.000000000,AERIAL
9.312000275,0.763187587,0.000000000,-0.000000000,0.000000000,AERIAL
9.312999725,0.763170302,0.000000000,-0.000000000,0.000000000,AERIAL
9.314000130,0.763143182,0.000000000,-0.000000000,0.000000000,AERIAL
9.314999580,0.763106287,0.000000000,-0.000000000,0.000000000,AERIAL
9.315999985,0.763059616,0.000000000,-0.000000000,0.000000000,AERIAL
9.317000389,0.763003170,0.000000000,-0.000000000,0.000000000,AERIAL
9.317999840,0.762937009,0.000000000,-0.000000000,0.000000000,AERIAL
9.319000244,0.762861192,0.000000000,-0.000000000,0.000000000,AERIAL
9.319999695,0.762775600,0.000000000,-0.000000000,0.000000000,AERIAL
9.321000099,0.762680411,0.000000000,-0.000000000,0.000000000,AERIAL
9.321999550,0.762575567,0.000000000,0.000000000,0.000000000,AERIAL
9.322999954,0.762461126,0.000000000,0.000000000,0.000000000,AERIAL
9.324000359,0.762337148,0.000000000,0.000000000,0.000000000,AERIAL
9.324999809,0.762203753,0.000000000,0.000000000,0.000000000,AERIAL
9.326000214,0.762060881,0.000000000,0.000000000,0.000000000,AERIAL
9.326999664,0.761908710,0.000000000,0.000000000,0.000000000,AERIAL
9.328000069,0.761747241,0.000000000,0.000000000,0.000000000,AERIAL
9.329000473,0.761576593,0.000000000,0.000000000,0.000000000,AERIAL
9.329999924,0.761396766,0.000000000,0.000000000,0.000000000,AERIAL
9.331000328,0.761207819,0.000000000,0.000000000,0.000000000,AERIAL
9.331999779,0.761009932,0.000000000,0.000000000,0.000000000,AERIAL
9.333000183,0.760803103,0.000000000,0.000000000,0.000000000,AERIAL
9.333999634,0.760587394,0.000000000,0.000000000,0.000000000,AERIAL
9.335000038,0.760363042,0.000000000,0.000000000,0.000000000,AERIAL
9.336000443,0.760129988,0.000000000,0.000000000,0.000000000,AERIAL
9.336999893,0.759888470,0.000000000,0.000000000,0.000000000,AERIAL
9.338000298,0.759638429,0.000000000,0.000000000,0.000000000,AERIAL
9.338999748,0.759380102,0.000000000,0.000000000,0.000000000,AERIAL
9.340000153,0.759113491,0.000000000,0.000000000,0.000000000,AERIAL
9.340999603,0.758838713,0.000000000,0.000000000,0.000000000,AERIAL
9.342000008,0.758555889,0.000000000,0.000000000,0.000000000,AERIAL
9.343000412,0.758265078,0.000000000,0.000000000,0.000000000,AERIAL
9.343999863,0.757966459,0.000000000,0.000000000,0.000000000,AERIAL
9.345000267,0.757660091,0.000000000,0.000000000,0.000000000,AERIAL
9.345999718,0.757346094,0.000000000,0.000000000,0.000000000,AERIAL
9.347000122,0.757024646,0.000000000,0.000000000,0.000000000,AERIAL
9.347999573,0.756695747,0.000000000,0.000000000,0.000000000,AERIAL
9.348999977,0.756359577,0.000000000,0.000000000,0.000000000,AERIAL
9.350000381,0.756016195,0.000000000,0.000000000,0.000000000,AERIAL
9.350999832,0.755665720,0.000000000,0.000000000,0.000000000,AERIAL
9.352000237,0.755308270,0.000000000,0.000000000,0.000000000,AERIAL
9.352999687,0.754943967,0.000000000,0.000000000,0.000000000,AERIAL
9.354000092,0.754572809,0.000000000,0.000000000,0.000000000,AERIAL
9.354999542,0.754194975,0.000000000,0.000000000,0.000000000,AERIAL
9.355999947,0.753810644,0.000000000,0.000000000,0.000000000,AERIAL
9.357000351,0.753419876,0.000000000,0.000000000,0.000000000,AERIAL
9.357999802,0.753022730,0.000000000,0.000000000,0.000000000,AERIAL
9.359000206,0.752619386,0.000000000,0.000000000,0.000000000,AERIAL
9.359999657,0.752209842,0.000000000,0.000000000,0.000000000,AERIAL
9.361000061,0.751794279,0.000000000,0.000000000,0.000000000,AERIAL
9.362000465,0.751372814,0.000000000,0.000000000,0.000000000,AERIAL
9.362999916,0.750945449,0.000000000,0.000000000,0.000000000,AERIAL
9.364000320,0.750512362,0.000000000,0.000000000,0.000000000,AERIAL
9.364999771,0.750073671,0.000000000,0.000000000,0.000000000,AERIAL
9.366000175,0.749629438,0.000000000,0.000000000,0.000000000,AERIAL
9.366999626,0.749179780,0.000000000,0.000000000,0.000000000,AERIAL
9.368000031,0.748724759,0.000000000,0.000000000,0.000000000,AERIAL
9.369000435,0.748264432,0.000000000,0.000000000,0.000000000,AERIAL
9.369999886,0.747798979,0.000000000,0.000000000,0.000000000,AERIAL
9.371000290,0.747328460,0.000000000,0.000000000,0.000000000,AERIAL
9.371999741,0.746852815,0.000000000,0.000000000,0.000000000,AERIAL
9.373000145,0.746372283,0.000000000,0.000000000,0.000000000,AERIAL
9.373999596,0.745886922,0.000000000,-0.000000000,0.000000000,AERIAL
9.375000000,0.745396793,0.000000000,-0.000000000,0.000000000,AERIAL
9.376000404,0.744901896,0.000000000,-0.000000000,0.000000000,AERIAL
9.376999855,0.744402468,0.000000000,-0.000000000,0.000000000,AERIAL
9.378000259,0.743898392,0.000000000,-0.000000000,0.000000000,AERIAL
9.378999710,0.743389904,0.000000000,-0.000000000,0.000000000,AERIAL
9.380000114,0.742876947,0.000000000,-0.000000000,0.000000000,AERIAL
9.380999565,0.742359579,0.000000000,-0.000000000,0.000000000,AERIAL
9.381999969,0.741837919,0.000000000,-0.000000000,0.000000000,AERIAL
9.383000374,0.741311967,0.000000000,-0.000000000,0.000000000,AERIAL
9.383999825,0.740781784,0.000000000,-0.000000000,0.000000000,AERIAL
9.385000229,0.740247428,0.000000000,-0.000000000,0.000000000,AERIAL
9.385999680,0.739708960,0.000000000,-0.000000000,0.000000000,AERIAL
9.387000084,0.739166379,0.000000000,-0.000000000,0.000000000,AERIAL
9.387999535,0.738619804,0.000000000,-0.000000000,0.000000000,AERIAL
9.388999939,0.738069236,0.000000000,-0.000000000,0.000000000,AERIAL
9.390000343,0.737514675,0.000000000,-0.000000000,0.000000000,AERIAL
9.390999794,0.736956239,0.000000000,-0.000000000,0.000000000,AERIAL
9.392000198,0.736393869,0.000000000,-0.000000000,0.000000000,AERIAL
9.392999649,0.735827565,0.000000000,-0.000000000,0.000000000,AERIAL
9.394000053,0.735257506,0.000000000,-0.000000000,0.000000000,AERIAL
9.395000458,0.734683573,0.000000000,-0.000000000,0.000000000,AERIAL
9.395999908,0.734105885,0.000000000,-0.000000000,0.000000000,AERIAL
9.397000313,0.733524442,0.000000000,-0.000000000,0.000000000,AERIAL
9.397999763,0.732939184,0.000000000,-0.000000000,0.000000000,AERIAL
9.399000168,0.732350171,0.000000000,-0.000000000,0.000000000,AERIAL
9.399999619,0.731757462,0.000000000,-0.000000000,0.000000000,AERIAL
9.401000023,0.731160939,0.000000000,-0.000000000,0.000000000,AERIAL
9.402000427,0.730560720,0.000000000,-0.000000000,0.000000000,AERIAL
9.402999878,0.729956746,0.000000000,-0.000000000,0.000000000,AERIAL
9.404000282,0.729349077,0.000000000,-0.000000000,0.000000000,AERIAL
9.404999733,0.728737593,0.000000000,-0.000000000,0.000000000,AERIAL
9.406000137,0.728122413,0.000000000,-0.000000000,0.000000000,AERIAL
9.406999588,0.727503479,0.000000000,-0.000000000,0.000000000,AERIAL
9.407999992,0.726880789,0.000000000,-0.000000000,0.000000000,AERIAL
9.409000397,0.726254344,0.000000000,-0.000000000,0.000000000,AERIAL
9.409999847,0.725624084,0.000000000,-0.000000000,0.000000000,AERIAL
9.411000252,0.724989951,0.000000000,-0.000000000,0.000000000,AERIAL
9.411999702,0.724352062,0.000000000,-0.000000000,0.000000000,AERIAL
9.413000107,0.723710299,0.000000000,-0.000000000,0.000000000,AERIAL
9.413999557,0.723064661,0.000000000,-0.000000000,0.000000000,AERIAL
9.414999962,0.722415090,0.000000000,-0.000000000,0.000000000,AERIAL
9.416000366,0.721761644,0.000000000,-0.000000000,0.000000000,AERIAL
9.416999817,0.721104205,0.000000000,-0.000000000,0.000000000,AERIAL
9.418000221,0.720442832,0.000000000,-0.000000000,0.000000000,AERIAL
9.418999672,0.719777405,0.000000000,-0.000000000,0.000000000,AERIAL
9.420000076,0.719107926,0.000000000,-0.000000000,0.000000000,AERIAL
9.420999527,0.718434334,0.000000000,-0.000000000,0.000000000,AERIAL
9.421999931,0.717756629,0.000000000,-0.000000000,0.000000000,AERIAL
9.423000336,0.717074811,0.000000000,-0.000000000,0.000000000,AERIAL
9.423999786,0.716388702,0.000000000,-0.000000000,0.000000000,AERIAL
9.425000191,0.715698421,0.000000000,-0.000000000,0.000000000,AERIAL
9.425999641,0.715003788,0.000000000,-0.000000000,0.000000000,AERIAL
9.427000046,0.714304805,0.000000000,-0.000000000,0.000000000,AERIAL
9.428000450,0.713601470,0.000000000,-0.000000000,0.000000000,AERIAL
9.428999901,0.712893665,0.000000000,-0.000000000,0.000000000,AERIAL
9.430000305,0.712181449,0.000000000,-0.000000000,0.000000000,AERIAL
9.430999756,0.711464643,0.000000000,-0.000000000,0.000000000,AERIAL
9.432000160,0.710743248,0.000000000,-0.000000000,0.000000000,AERIAL
9.432999611,0.710017204,0.000000000,-0.000000000,0.000000000,AERIAL
9.434000015,0.709286571,0.000000000,-0.000000000,0.000000000,AERIAL
9.435000420,0.708551168,0.000000000,-0.000000000,0.000000000,AERIAL
9.435999870,0.707810998,0.000000000,-0.000000000,0.000000000,AERIAL
9.437000275,0.707066059,0.000000000,-0.000000000,0.000000000,AERIAL
9.437999725,0.706316233,0.000000000,-0.000000000,0.000000000,AERIAL
9.439000130,0.705561519,0.000000000,-0.000000000,0.000000000,AERIAL
9.439999580,0.704801857,0.000000000,-0.000000000,0.000000000,AERIAL
9.440999985,0.704037189,0.000000000,-0.000000000,0.000000000,AERIAL
9.442000389,0.703267515,0.000000000,-0.000000000,0.000000000,AERIAL
9.442999840,0.702492774,0.000000000,-0.000000000,0.000000000,AERIAL
9.444000244,0.701712966,0.000000000,-0.000000000,0.000000000,AERIAL
9.444999695,0.700928032,0.000000000,-0.000000000,0.000000000,AERIAL
9.446000099,0.700137973,0.000000000,-0.000000000,0.000000000,AERIAL
9.446999550,0.699342728,0.000000000,-0.000000000,0.000000000,AERIAL
9.447999954,0.698542297,0.000000000,-0.000000000,0.000000000,AERIAL
9.449000359,0.697736681,0.000000000,-0.000000000,0.000000000,AERIAL
9.449999809,0.696925819,0.000000000,-0.000000000,0.000000000,AERIAL
9.451000214,0.696109712,0.000000000,-0.000000000,0.000000000,AERIAL
9.451999664,0.695288301,0.000000000,-0.000000000,0.000000000,AERIAL
9.453000069,0.694461644,0.000000000,-0.000000000,0.000000000,AERIAL
9.454000473,0.693629682,0.000000000,-0.000000000,0.000000000,AERIAL
9.454999924,0.692792475,0.000000000,-0.000000000,0.000000000,AERIAL
9.456000328,0.691949964,0.000000000,-0.000000000,0.000000000,AERIAL
9.456999779,0.691102147,0.000000000,-0.000000000,0.000000000,AERIAL
9.458000183,0.690249026,0.000000000,-0.000000000,0.000000000,AERIAL
9.458999634,0.689390659,0.000000000,-0.000000000,0.000000000,AERIAL
9.460000038,0.688526928,0.000000000,-0.000000000,0.000000000,AERIAL
9.461000443,0.687657952,0.000000000,-0.000000000,0.000000000,AERIAL
9.461999893,0.686783612,0.000000000,-0.000000000,0.000000000,AERIAL
9.463000298,0.685904026,0.000000000,-0.000000000,0.000000000,AERIAL
9.463999748,0.685019135,0.000000000,-0.000000000,0.000000000,AERIAL
9.465000153,0.684129000,0.000000000,-0.000000000,0.000000000,AERIAL
9.465999603,0.683233619,0.000000000,-0.000000000,0.000000000,AERIAL
9.467000008,0.682332933,0.000000000,-0.000000000,0.000000000,AERIAL
9.468000412,0.681427062,0.000000000,-0.000000000,0.000000000,AERIAL
9.468999863,0.680516005,0.000000000,-0.000000000,0.000000000,AERIAL
9.470000267,0.679599702,0.000000000,-0.000000000,0.000000000,AERIAL
9.470999718,0.678678215,0.000000000,-0.000000000,0.000000000,AERIAL
9.472000122,0.677751482,0.000000000,-0.000000000,0.000000000,AERIAL
9.472999573,0.676819623,0.000000000,-0.000000000,0.000000000,AERIAL
9.473999977,0.675882578,0.000000000,-0.000000000,0.000000000,AERIAL
9.475000381,0.674940467,0.000000000,-0.000000000,0.000000000,AERIAL
9.475999832,0.673993230,0.000000000,-0.000000000,0.000000000,AERIAL
9.477000237,0.673040867,0.000000000,-0.000000000,0.000000000,AERIAL
9.477999687,0.672083497,0.000000000,-0.000000000,0.000000000,AERIAL
9.479000092,0.671121001,0.000000000,-0.000000000,0.000000000,AERIAL
9.479999542,0.670153558,0.000000000,-0.000000000,0.000000000,AERIAL
9.480999947,0.669181049,0.000000000,-0.000000000,0.000000000,AERIAL
9.482000351,0.668203473,0.000000000,-0.000000000,0.000000000,AERIAL
9.482999802,0.667220950,0.000000000,-0.000000000,0.000000000,AERIAL
9.484000206,0.666233480,0.000000000,-0.000000000,0.000000000,AERIAL
9.484999657,0.665241063,0.000000000,-0.000000000,0.000000000,AERIAL
9.486000061,0.664243698,0.000000000,-0.000000000,0.000000000,AERIAL
9.487000465,0.663241446,0.000000000,-0.000000000,0.000000000,AERIAL
9.487999916,0.662234306,0.000000000,-0.000000000,0.000000000,AERIAL
9.489000320,0.661222279,0.000000000,-0.000000000,0.000000000,AERIAL
9.489999771,0.660205364,0.000000000,-0.000000000,0.000000000,AERIAL
9.491000175,0.659183621,0.000000000,-0.000000000,0.000000000,AERIAL
9.491999626,0.658157051,0.000000000,-0.000000000,0.000000000,AERIAL
9.493000031,0.657125592,0.000000000,-0.000000000,0.000000000,AERIAL
9.494000435,0.656089365,0.000000000,-0.000000000,0.000000000,AERIAL
9.494999886,0.655048370,0.000000000,-0.000000000,0.000000000,AERIAL
9.496000290,0.654002547,0.000000000,-0.000000000,0.000000000,AERIAL
9.496999741,0.652951956,0.000000000,-0.000000000,0.000000000,AERIAL
9.498000145,0.651896656,0.000000000,-0.000000000,0.000000000,AERIAL
9.498999596,0.650836527,0.000000000,-0.000000000,0.000000000,AERIAL
9.500000000,0.649771690,0.000000000,-0.000000000,0.000000000,AERIAL
9.501000404,0.648702085,0.000000000,-0.000000000,0.000000000,AERIAL
9.501999855,0.647627711,0.000000000,-0.000000000,0.000000000,AERIAL
9.503000259,0.646548629,0.000000000,-0.000000000,0.000000000,AERIAL
9.503999710,0.645464778,0.000000000,-0.000000000,0.000000000,AERIAL
9.505000114,0.644376218,0.000000000,-0.000000000,0.000000000,AERIAL
9.505999565,0.643282890,0.000000000,-0.000000000,0.000000000,AERIAL
9.506999969,0.642184854,0.000000000,-0.000000000,0.000000000,AERIAL
9.508000374,0.641082048,0.000000000,-0.000000000,0.000000000,AERIAL
9.508999825,0.639974535,0.000000000,-0.000000000,0.000000000,AERIAL
9.510000229,0.638862252,0.000000000,-0.000000000,0.000000000,AERIAL
9.510999680,0.637745202,0.000000000,-0.000000000,0.000000000,AERIAL
9.512000084,0.636623383,0.000000000,-0.000000000,0.000000000,AERIAL
9.512999535,0.635496795,0.000000000,-0.000000000,0.000000000,AERIAL
9.513999939,0.634365380,0.000000000,-0.000000000,0.000000000,AERIAL
9.515000343,0.633229196,0.000000000,-0.000000000,0.000000000,AERIAL
9.515999794,0.632088244,0.000000000,-0.000000000,0.000000000,AERIAL
9.517000198,0.630942404,0.000000000,-0.000000000,0.000000000,AERIAL
9.517999649,0.629791737,0.000000000,-0.000000000,0.000000000,AERIAL
9.519000053,0.628636241,0.000000000,-0.000000000,0.000000000,AERIAL
9.520000458,0.627475798,0.000000000,-0.000000000,0.000000000,AERIAL
9.520999908,0.626310468,0.000000000,-0.000000000,0.000000000,AERIAL
9.522000313,0.625140250,0.000000000,-0.000000000,0.000000000,AERIAL
9.522999763,0.623965085,0.000000000,-0.000000000,0.000000000,AERIAL
9.524000168,0.622784913,0.000000000,-0.000000000,0.000000000,AERIAL
9.524999619,0.621599734,0.000000000,-0.000000000,0.000000000,AERIAL
9.526000023,0.620409548,0.000000000,-0.000000000,0.000000000,AERIAL
9.527000427,0.619214296,0.000000000,-0.000000000,0.000000000,AERIAL
9.527999878,0.618013918,0.000000000,-0.000000000,0.000000000,AERIAL
9.529000282,0.616808474,0.000000000,-0.000000000,0.000000000,AERIAL
9.529999733,0.615597904,0.000000000,-0.000000000,0.000000000,AERIAL
9.531000137,0.614382088,0.000000000,-0.000000000,0.000000000,AERIAL
9.531999588,0.613161087,0.000000000,-0.000000000,0.000000000,AERIAL
9.532999992,0.611934781,0.000000000,-0.000000000,0.000000000,AERIAL
9.534000397,0.610703290,0.000000000,-0.000000000,0.000000000,AERIAL
9.534999847,0.609466434,0.000000000,-0.000000000,0.000000000,AERIAL
9.536000252,0.608224273,0.000000000,-0.000000000,0.000000000,AERIAL
9.536999702,0.606976807,0.000000000,-0.000000000,0.000000000,AERIAL
9.538000107,0.605723977,0.000000000,-0.000000000,0.000000000,AERIAL
9.538999557,0.604465723,0.000000000,-0.000000000,0.000000000,AERIAL
9.539999962,0.603202045,0.000000000,-0.000000000,0.000000000,AERIAL
9.541000366,0.601932883,0.000000000,-0.000000000,0.000000000,AERIAL
9.541999817,0.600658298,0.000000000,-0.000000000,0.000000000,AERIAL
9.543000221,0.599378169,0.000000000,-0.000000000,0.000000000,AERIAL
9.543999672,0.598092556,0.000000000,-0.000000000,0.000000000,AERIAL
9.545000076,0.596801341,0.000000000,-0.000000000,0.000000000,AERIAL
9.545999527,0.595504642,0.000000000,-0.000000000,0.000000000,AERIAL
9.546999931,0.594202340,0.000000000,-0.000000000,0.000000000,AERIAL
9.548000336,0.592894435,0.000000000,-0.000000000,0.000000000,AERIAL
9.548999786,0.591580927,0.000000000,-0.000000000,0.000000000,AERIAL
9.550000191,0.590261817,0.000000000,-0.000000000,0.000000000,AERIAL
9.550999641,0.588937044,0.000000000,-0.000000000,0.000000000,AERIAL
9.552000046,0.587606549,0.000000000,-0.000000000,0.000000000,AERIAL
9.553000450,0.586270452,0.000000000,-0.000000000,0.000000000,AERIAL
9.553999901,0.584928572,0.000000000,-0.000000000,0.000000000,AERIAL
9.555000305,0.583581030,0.000000000,-0.000000000,0.000000000,AERIAL
9.555999756,0.582227767,0.000000000,-0.000000000,0.000000000,AERIAL
9.557000160,0.580868781,0.000000000,-0.000000000,0.000000000,AERIAL
9.557999611,0.579504013,0.000000000,-0.000000000,0.000000000,AERIAL
9.559000015,0.578133523,0.000000000,-0.000000000,0.000000000,AERIAL
9.560000420,0.576757193,0.000000000,-0.000000000,0.000000000,AERIAL
9.560999870,0.575375140,0.000000000,-0.000000000,0.000000000,AERIAL
9.562000275,0.573987246,0.000000000,-0.000000000,0.000000000,AERIAL
9.562999725,0.572593570,0.000000000,-0.000000000,0.000000000,AERIAL
9.564000130,0.571194053,0.000000000,-0.000000000,0.000000000,AERIAL
9.564999580,0.569788694,0.000000000,-0.000000000,0.000000000,AERIAL
9.565999985,0.568377495,0.000000000,-0.000000000,0.000000000,AERIAL
9.567000389,0.566960394,0.000000000,-0.000000000,0.000000000,AERIAL
9.567999840,0.565537512,0.000000000,-0.000000000,0.000000000,AERIAL
9.569000244,0.564108670,0.000000000,-0.000000000,0.000000000,AERIAL
9.569999695,0.562673986,0.000000000,-0.000000000,0.000000000,AERIAL
9.571000099,0.561233401,0.000000000,-0.000000000,0.000000000,AERIAL
9.571999550,0.559786916,0.000000000,-0.000000000,0.000000000,AERIAL
9.572999954,0.558334529,0.000000000,-0.000000000,0.000000000,AERIAL
9.574000359,0.556876183,0.000000000,-0.000000000,0.000000000,AERIAL
9.574999809,0.555411875,0.000000000,-0.000000000,0.000000000,AERIAL
9.576000214,0.553941667,0.000000000,-0.000000000,0.000000000,AERIAL
9.576999664,0.552465439,0.000000000,-0.000000000,0.000000000,AERIAL
9.578000069,0.550983310,0.000000000,-0.000000000,0.000000000,AERIAL
9.579000473,0.549495161,0.000000000,-0.000000000,0.000000000,AERIAL
9.579999924,0.548001051,0.000000000,-0.000000000,0.000000000,AERIAL
9.581000328,0.546500921,0.000000000,-0.000000000,0.000000000,AERIAL
9.581999779,0.544994771,0.000000000,-0.000000000,0.000000000,AERIAL
9.583000183,0.543482661,0.000000000,-0.000000000,0.000000000,AERIAL
9.583999634,0.541964471,0.000000000,-0.000000000,0.000000000,AERIAL
9.585000038,0.540440321,0.000000000,-0.000000000,0.000000000,AERIAL
9.586000443,0.538910031,0.000000000,-0.000000000,0.000000000,AERIAL
9.586999893,0.537373781,0.000000000,-0.000000000,0.000000000,AERIAL
9.588000298,0.535831451,0.000000000,-0.000000000,0.000000000,AERIAL
9.588999748,0.534282982,0.000000000,-0.000000000,0.000000000,AERIAL
9.590000153,0.532728493,0.000000000,-0.000000000,0.000000000,AERIAL
9.590999603,0.531167924,0.000000000,-0.000000000,0.000000000,AERIAL
9.592000008,0.529601276,0.000000000,-0.000000000,0.000000000,AERIAL
9.593000412,0.528028548,0.000000000,-0.000000000,0.000000000,AERIAL
9.593999863,0.526449680,0.000000000,-0.000000000,0.000000000,AERIAL
9.595000267,0.524864674,0.000000000,-0.000000000,0.000000000,AERIAL
9.595999718,0.523273587,0.000000000,-0.000000000,0.000000000,AERIAL
9.597000122,0.521676362,0.000000000,-0.000000000,0.000000000,AERIAL
9.597999573,0.520072997,0.000000000,-0.000000000,0.000000000,AERIAL
9.598999977,0.518463492,0.000000000,-0.000000000,0.000000000,AERIAL
9.600000381,0.516847789,0.000000000,-0.000000000,0.000000000,AERIAL
9.600999832,0.515226007,0.000000000,-0.000000000,0.000000000,AERIAL
9.602000237,0.513597965,0.000000000,-0.000000000,0.000000000,AERIAL
9.602999687,0.511963844,0.000000000,-0.000000000,0.000000000,AERIAL
9.604000092,0.510323465,0.000000000,-0.000000000,0.000000000,AERIAL
9.604999542,0.508676946,0.000000000,-0.000000000,0.000000000,AERIAL
9.605999947,0.507024169,0.000000000,-0.000000000,0.000000000,AERIAL
9.607000351,0.505365193,0.000000000,-0.000000000,0.000000000,AERIAL
9.607999802,0.503700018,0.000000000,-0.000000000,0.000000000,AERIAL
9.609000206,0.502028644,0.000000000,-0.000000000,0.000000000,AERIAL
9.609999657,0.500351012,0.000000000,-0.000000000,0.000000000,AERIAL
9.611000061,0.498667121,0.000000000,-0.000000000,0.000000000,AERIAL
9.612000465,0.496976972,0.000000000,-0.000000000,0.000000000,AERIAL
9.612999916,0.495280594,0.000000000,-0.000000000,0.000000000,AERIAL
9.614000320,0.493577957,0.000000000,-0.000000000,0.000000000,AERIAL
9.614999771,0.491869003,0.000000000,-0.000000000,0.000000000,AERIAL
9.616000175,0.490153760,0.000000000,-0.000000000,0.000000000,AERIAL
9.616999626,0.488432229,0.000000000,-0.000000000,0.000000000,AERIAL
9.618000031,0.486704379,0.000000000,-0.000000000,0.000000000,AERIAL
9.619000435,0.484970212,0.000000000,-0.000000000,0.000000000,AERIAL
9.619999886,0.483229697,0.000000000,-0.000000000,0.000000000,AERIAL
9.621000290,0.481482863,0.000000000,-0.000000000,0.000000000,AERIAL
9.621999741,0.479729652,0.000000000,-0.000000000,0.000000000,AERIAL
9.623000145,0.477970093,0.000000000,-0.000000000,0.000000000,AERIAL
9.623999596,0.476204157,0.000000000,-0.000000000,0.000000000,AERIAL
9.625000000,0.474431843,0.000000000,-0.000000000,0.000000000,AERIAL
9.626000404,0.472653121,0.000000000,-0.000000000,0.000000000,AERIAL
9.626999855,0.470867962,0.000000000,-0.000000000,0.000000000,AERIAL
9.628000259,0.469076365,0.000000000,-0.000000000,0.000000000,AERIAL
9.628999710,0.467278332,0.000000000,-0.000000000,0.000000000,AERIAL
9.630000114,0.465473831,0.000000000,-0.000000000,0.000000000,AERIAL
9.630999565,0.463662863,0.000000000,-0.000000000,0.000000000,AERIAL
9.631999969,0.461845428,0.000000000,-0.000000000,0.000000000,AERIAL
9.633000374,0.460021496,0.000000000,-0.000000000,0.000000000,AERIAL
9.633999825,0.458191067,0.000000000,-0.000000000,0.000000000,AERIAL
9.635000229,0.456354082,0.000000000,-0.000000000,0.000000000,AERIAL
9.635999680,0.454510540,0.000000000,-0.000000000,0.000000000,AERIAL
9.637000084,0.452660441,0.000000000,-0.000000000,0.000000000,AERIAL
9.637999535,0.450803757,0.000000000,-0.000000000,0.000000000,AERIAL
9.638999939,0.448940456,0.000000000,-0.000000000,0.000000000,AERIAL
9.640000343,0.447070539,0.000000000,-0.000000000,0.000000000,AERIAL
9.640999794,0.445194006,0.000000000,-0.000000000,0.000000000,AERIAL
9.642000198,0.443310827,0.000000000,-0.000000000,0.000000000,AERIAL
9.642999649,0.441420972,0.000000000,-0.000000000,0.000000000,AERIAL
9.644000053,0.439524442,0.000000000,-0.000000000,0.000000000,AERIAL
9.645000458,0.437621176,0.000000000,-0.000000000,0.000000000,AERIAL
9.645999908,0.435711205,0.000000000,-0.000000000,0.000000000,AERIAL
9.647000313,0.433794439,0.000000000,-0.000000000,0.000000000,AERIAL
9.647999763,0.431870908,0.000000000,-0.000000000,0.000000000,AERIAL
9.649000168,0.429940581,0.000000000,-0.000000000,0.000000000,AERIAL
9.649999619,0.428003430,0.000000000,-0.000000000,0.000000000,AERIAL
9.651000023,0.426059425,0.000000000,-0.000000000,0.000000000,AERIAL
9.652000427,0.424108565,0.000000000,-0.000000000,0.000000000,AERIAL
9.652999878,0.422150820,0.000000000,-0.000000000,0.000000000,AERIAL
9.654000282,0.420186162,0.000000000,-0.000000000,0.000000000,AERIAL
9.654999733,0.418214560,0.000000000,-0.000000000,0.000000000,AERIAL
9.656000137,0.416235983,0.000000000,-0.000000000,0.000000000,AERIAL
9.656999588,0.414250404,0.000000000,-0.000000000,0.000000000,AERIAL
9.657999992,0.412257791,0.000000000,-0.000000000,0.000000000,AERIAL
9.659000397,0.410258114,0.000000000,-0.000000000,0.000000000,AERIAL
9.659999847,0.408251375,0.000000000,-0.000000000,0.000000000,AERIAL
9.661000252,0.406237543,0.000000000,-0.000000000,0.000000000,AERIAL
9.661999702,0.404216558,0.000000000,-0.000000000,0.000000000,AERIAL
9.663000107,0.402188450,0.000000000,-0.000000000,0.000000000,AERIAL
9.663999557,0.400153160,0.000000000,-0.000000000,0.000000000,AERIAL
9.664999962,0.398110688,0.000000000,-0.000000000,0.000000000,AERIAL
9.666000366,0.396060973,0.000000000,-0.000000000,0.000000000,AERIAL
9.666999817,0.394004047,0.000000000,-0.000000000,0.000000000,AERIAL
9.668000221,0.391939849,0.000000000,-0.000000000,0.000000000,AERIAL
9.668999672,0.389868408,0.000000000,-0.000000000,0.000000000,AERIAL
9.670000076,0.387789637,0.000000000,-0.000000000,0.000000000,AERIAL
9.670999527,0.385703564,0.000000000,-0.000000000,0.000000000,AERIAL
9.671999931,0.383610159,0.000000000,-0.000000000,0.000000000,AERIAL
9.673000336,0.381509423,0.000000000,-0.000000000,0.000000000,AERIAL
9.673999786,0.379401296,0.000000000,-0.000000000,0.000000000,AERIAL
9.675000191,0.377285808,0.000000000,-0.000000000,0.000000000,AERIAL
9.675999641,0.375162870,0.000000000,-0.000000000,0.000000000,AERIAL
9.677000046,0.373032540,0.000000000,-0.000000000,0.000000000,AERIAL
9.678000450,0.370894730,0.000000000,-0.000000000,0.000000000,AERIAL
9.678999901,0.368749470,0.000000000,-0.000000000,0.000000000,AERIAL
9.680000305,0.366596729,0.000000000,-0.000000000,0.000000000,AERIAL
9.680999756,0.364436507,0.000000000,-0.000000000,0.000000000,AERIAL
9.682000160,0.362268746,0.000000000,-0.000000000,0.000000000,AERIAL
9.682999611,0.360093445,0.000000000,-0.000000000,0.000000000,AERIAL
9.684000015,0.357910603,0.000000000,-0.000000000,0.000000000,AERIAL
9.685000420,0.355720162,0.000000000,-0.000000000,0.000000000,AERIAL
9.685999870,0.353522152,0.000000000,-0.000000000,0.000000000,AERIAL
9.687000275,0.351316512,0.000000000,-0.000000000,0.000000000,AERIAL
9.687999725,0.349103212,0.000000000,-0.000000000,0.000000000,AERIAL
9.689000130,0.346882284,0.000000000,-0.000000000,0.000000000,AERIAL
9.689999580,0.344653666,0.000000000,-0.000000000,0.000000000,AERIAL
9.690999985,0.342417359,0.000000000,-0.000000000,0.000000000,AERIAL
9.692000389,0.340173334,0.000000000,-0.000000000,0.000000000,AERIAL
9.692999840,0.337921590,0.000000000,-0.000000000,0.000000000,AERIAL
9.694000244,0.335662067,0.000000000,-0.000000000,0.000000000,AERIAL
9.694999695,0.333394766,0.000000000,-0.000000000,0.000000000,AERIAL
9.696000099,0.331119657,0.000000000,-0.000000000,0.000000000,AERIAL
9.696999550,0.328836709,0.000000000,-0.000000000,0.000000000,AERIAL
9.697999954,0.326545924,0.000000000,-0.000000000,0.000000000,AERIAL
9.699000359,0.324247271,0.000000000,-0.000000000,0.000000000,AERIAL
9.699999809,0.321940720,0.000000000,-0.000000000,0.000000000,AERIAL
9.701000214,0.319626242,0.000000000,-0.000000000,0.000000000,AERIAL
9.701999664,0.317303836,0.000000000,-0.000000000,0.000000000,AERIAL
9.703000069,0.314973474,0.000000000,-0.000000000,0.000000000,AERIAL
9.704000473,0.312635094,0.000000000,-0.000000000,0.000000000,AERIAL
9.704999924,0.310288697,0.000000000,-0.000000000,0.000000000,AERIAL
9.706000328,0.307934284,0.000000000,-0.000000000,0.000000000,AERIAL
9.706999779,0.305571765,0.000000000,-0.000000000,0.000000000,AERIAL
9.708000183,0.303201169,0.000000000,-0.000000000,0.000000000,AERIAL
9.708999634,0.300822437,0.000000000,-0.000000000,0.000000000,AERIAL
9.710000038,0.298435569,0.000000000,-0.000000000,0.000000000,AERIAL
9.711000443,0.296040535,0.000000000,-0.000000000,0.000000000,AERIAL
9.711999893,0.293637305,0.000000000,-0.000000000,0.000000000,AERIAL
9.713000298,0.291225821,0.000000000,-0.000000000,0.000000000,AERIAL
9.713999748,0.288806081,0.000000000,-0.000000000,0.000000000,AERIAL
9.715000153,0.286378056,0.000000000,-0.000000000,0.000000000,AERIAL
9.715999603,0.283941686,0.000000000,-0.000000000,0.000000000,AERIAL
9.717000008,0.281496972,0.000000000,-0.000000000,0.000000000,AERIAL
9.718000412,0.279043853,0.000000000,-0.000000000,0.000000000,AERIAL
9.718999863,0.276582301,0.000000000,-0.000000000,0.000000000,AERIAL
9.720000267,0.274112344,0.000000000,-0.000000000,0.000000000,AERIAL
9.720999718,0.271633863,0.000000000,-0.000000000,0.000000000,AERIAL
9.722000122,0.269146889,0.000000000,-0.000000000,0.000000000,AERIAL
9.722999573,0.266651392,0.000000000,-0.000000000,0.000000000,AERIAL
9.723999977,0.264147341,0.000000000,-0.000000000,0.000000000,AERIAL
9.725000381,0.261634678,0.000000000,-0.000000000,0.000000000,AERIAL
9.725999832,0.259113401,0.000000000,-0.000000000,0.000000000,AERIAL
9.727000237,0.256583482,0.000000000,-0.000000000,0.000000000,AERIAL
9.727999687,0.254044861,0.000000000,-0.000000000,0.000000000,AERIAL
9.729000092,0.251497567,0.000000000,-0.000000000,0.000000000,AERIAL
9.729999542,0.248941556,0.000000000,-0.000000000,0.000000000,AERIAL
9.730999947,0.246376783,0.000000000,-0.000000000,0.000000000,AERIAL
9.732000351,0.243803248,0.000000000,-0.000000000,0.000000000,AERIAL
9.732999802,0.241220921,0.000000000,-0.000000000,0.000000000,AERIAL
9.734000206,0.238629788,0.000000000,-0.000000000,0.000000000,AERIAL
9.734999657,0.236029804,0.000000000,-0.000000000,0.000000000,AERIAL
9.736000061,0.233420983,0.000000000,-0.000000000,0.000000000,AERIAL
9.737000465,0.230803266,0.000000000,-0.000000000,0.000000000,AERIAL
9.737999916,0.228176683,0.000000000,-0.000000000,0.000000000,AERIAL
9.739000320,0.225541174,0.000000000,-0.000000000,0.000000000,AERIAL
9.739999771,0.222896740,0.000000000,-0.000000000,0.000000000,AERIAL
9.741000175,0.220243350,0.000000000,-0.000000000,0.000000000,AERIAL
9.741999626,0.217581004,0.000000000,-0.000000000,0.000000000,AERIAL
9.743000031,0.214909673,0.000000000,-0.000000000,0.000000000,AERIAL
9.744000435,0.212229356,0.000000000,-0.000000000,0.000000000,AERIAL
9.744999886,0.209540024,0.000000000,-0.000000000,0.000000000,AERIAL
9.746000290,0.206841663,0.000000000,-0.000000000,0.000000000,AERIAL
9.746999741,0.204134256,0.000000000,-0.000000000,0.000000000,AERIAL
9.748000145,0.201417804,0.000000000,-0.000000000,0.000000000,AERIAL
9.748999596,0.198692292,0.000000000,-0.000000000,0.000000000,AERIAL
9.750000000,0.195957676,0.000000000,-0.000000000,0.000000000,AERIAL
9.751000404,0.193213984,0.000000000,-0.000000000,0.000000000,AERIAL
9.751999855,0.190461174,0.000000000,-0.000000000,0.000000000,AERIAL
9.753000259,0.187699258,0.000000000,-0.000000000,0.000000000,AERIAL
9.753999710,0.184928209,0.000000000,-0.000000000,0.000000000,AERIAL
9.755000114,0.182148010,0.000000000,-0.000000000,0.000000000,AERIAL
9.755999565,0.179358661,0.000000000,-0.000000000,0.000000000,AERIAL
9.756999969,0.176560149,0.000000000,-0.000000000,0.000000000,AERIAL
9.758000374,0.173752457,0.000000000,-0.000000000,0.000000000,AERIAL
9.758999825,0.170935601,0.000000000,-0.000000000,0.000000000,AERIAL
9.760000229,0.168109536,0.000000000,-0.000000000,0.000000000,AERIAL
9.760999680,0.165274262,0.000000000,-0.000000000,0.000000000,AERIAL
9.762000084,0.162429795,0.000000000,-0.000000000,0.000000000,AERIAL
9.762999535,0.159576088,0.000000000,-0.000000000,0.000000000,AERIAL
9.763999939,0.156713158,0.000000000,-0.000000000,0.000000000,AERIAL
9.765000343,0.153840989,0.000000000,-0.000000000,0.000000000,AERIAL
9.765999794,0.150959566,0.000000000,-0.000000000,0.000000000,AERIAL
9.767000198,0.148068890,0.000000000,-0.000000000,0.000000000,AERIAL
9.767999649,0.145168960,0.000000000,-0.000000000,0.000000000,AERIAL
9.769000053,0.142259747,0.000000000,-0.000000000,0.000000000,AERIAL
9.770000458,0.139341265,0.000000000,-0.000000000,0.000000000,AERIAL
9.770999908,0.136413485,0.000000000,-0.000000000,0.000000000,AERIAL
9.772000313,0.133476421,0.000000000,-0.000000000,0.000000000,AERIAL
9.772999763,0.130530059,0.000000000,-0.000000000,0.000000000,AERIAL
9.774000168,0.127574384,0.000000000,-0.000000000,0.000000000,AERIAL
9.774999619,0.124609403,0.000000000,-0.000000000,0.000000000,AERIAL
9.776000023,0.121635102,0.000000000,-0.000000000,0.000000000,AERIAL
9.777000427,0.118651479,0.000000000,-0.000000000,0.000000000,AERIAL
9.777999878,0.115658522,0.000000000,-0.000000000,0.000000000,AERIAL
9.779000282,0.112656228,0.000000000,-0.000000000,0.000000000,AERIAL
9.779999733,0.109644599,0.000000000,-0.000000000,0.000000000,AERIAL
9.781000137,0.106623620,0.000000000,-0.000000000,0.000000000,AERIAL
9.781999588,0.103593290,0.000000000,-0.000000000,0.000000000,AERIAL
9.782999992,0.100553602,0.000000000,-0.000000000,0.000000000,AERIAL
9.784000397,0.097504556,0.000000000,-0.000000000,0.000000000,AERIAL
9.784999847,0.094446152,0.000000000,-0.000000000,0.000000000,AERIAL
9.786000252,0.091378383,0.000000000,-0.000000000,0.000000000,AERIAL
9.786999702,0.088301241,0.000000000,-0.000000000,0.000000000,AERIAL
9.788000107,0.085214734,0.000000000,-0.000000000,0.000000000,AERIAL
9.788999557,0.082118861,0.000000000,-0.000000000,0.000000000,AERIAL
9.789999962,0.079013601,0.000000000,-0.000000000,0.000000000,AERIAL
9.791000366,0.075898968,0.000000000,-0.000000000,0.000000000,AERIAL
9.791999817,0.072774954,0.000000000,-0.000000000,0.000000000,AERIAL
9.793000221,0.069641560,0.000000000,-0.000000000,0.000000000,AERIAL
9.793999672,0.066498779,0.000000000,-0.000000000,0.000000000,AERIAL
9.795000076,0.063346617,0.000000000,-0.000000000,0.000000000,AERIAL
9.795999527,0.060185064,0.000000000,-0.000000000,0.000000000,AERIAL
9.796999931,0.057014126,0.000000000,-0.000000000,0.000000000,AERIAL
9.798000336,0.053833801,0.000000000,-0.000000000,0.000000000,AERIAL
9.798999786,0.050644085,0.000000000,-0.000000000,0.000000000,AERIAL
9.800000191,0.047444977,0.000000000,-0.000000000,0.000000000,AERIAL
9.800999641,0.044236481,0.000000000,-0.000000000,0.000000000,AERIAL
9.802000046,0.041018590,0.000000000,-0.000000000,0.000000000,AERIAL
9.803000450,0.037791304,0.000000000,-0.000000000,0.000000000,AERIAL
9.803999901,0.034554623,0.000000000,-0.000000000,0.000000000,AERIAL
9.805000305,0.031308550,0.000000000,-0.000000000,0.000000000,AERIAL
9.805999756,0.028053083,0.000000000,-0.000000000,0.000000000,LANDING
9.807000160,0.024788219,0.000000000,-0.000000000,0.000000000,LANDING
9.807999611,0.021513961,0.000000000,-0.000000000,0.000000000,LANDING
9.809000015,0.018230306,0.000000000,-0.000000000,0.000000000,LANDING
9.810000420,0.014937254,0.000000000,-0.000000000,0.000000000,LANDING
9.810999870,0.011634805,0.000000000,-0.000000000,0.000000000,LANDING
9.812000275,0.008322960,0.000000000,-0.000000000,0.000000000,LANDING
9.812999725,0.005001717,0.000000000,-0.000000000,0.000000000,LANDING
9.814000130,0.001671077,0.000000000,-0.000000000,0.000000000,LANDING
9.814999580,0.001671026,-0.003485666,-3.485665798,4.476265907,SUPPORT
9.815999985,0.001670965,-0.006847231,-3.361565351,5.061178207,SUPPORT
9.817000389,0.001670905,-0.010067373,-3.220141649,5.621482849,SUPPORT
9.817999840,0.001670856,-0.013129490,-3.062117815,6.154291153,SUPPORT
9.819000244,0.001670829,-0.016017796,-2.888306856,6.656856537,SUPPORT
9.819999695,0.001670836,-0.018717399,-2.699602604,7.126587391,SUPPORT
9.821000099,0.001670889,-0.021214375,-2.496975899,7.561061382,SUPPORT
9.821999550,0.001670999,-0.023495845,-2.281469822,7.958036900,SUPPORT
9.822999954,0.001671180,-0.025550079,-2.054232359,8.315473557,SUPPORT
9.824000359,0.001671445,-0.027366510,-1.816431284,8.631532669,SUPPORT
9.824999809,0.001671804,-0.028935799,-1.569289207,8.904588699,SUPPORT
9.826000214,0.001672272,-0.030249875,-1.314077258,9.133238792,SUPPORT
9.826999664,0.001672857,-0.031301983,-1.052108049,9.316305161,SUPPORT
9.828000069,0.001673570,-0.032086715,-0.784729898,9.452848434,SUPPORT
9.829000473,0.001674420,-0.032600034,-0.513318837,9.542165756,SUPPORT
9.829999924,0.001675413,-0.032839306,-0.239272207,9.583799362,SUPPORT
9.831000328,0.001676555,-0.032803304,0.035998911,8.717126846,SUPPORT
9.831999779,0.001677843,-0.032517694,0.285612583,8.643918991,SUPPORT
9.833000183,0.001679270,-0.031984635,0.533059537,8.551166534,SUPPORT
9.833999634,0.001680836,-0.031206880,0.777753115,8.415837288,SUPPORT
9.835000038,0.001682539,-0.030188449,1.018432498,8.238630295,SUPPORT
9.836000443,0.001684374,-0.028934591,1.253857851,8.020458221,SUPPORT
9.836999893,0.001686336,-0.027451774,1.482815981,7.762448788,SUPPORT
9.838000298,0.001688419,-0.025747648,1.704127431,7.465930462,SUPPORT
9.838999748,0.001690615,-0.023830995,1.916651845,7.132432938,SUPPORT
9.840000153,0.001692914,-0.021711700,2.119294405,6.763675690,SUPPORT
9.840999603,0.001695308,-0.019400690,2.311011314,6.361559868,SUPPORT
9.842000008,0.001697786,-0.016909875,2.490814924,5.928158283,SUPPORT
9.843000412,0.001700338,-0.014252095,2.657778978,5.465704441,SUPPORT
9.843999863,0.001702953,-0.011441051,2.811043978,4.976583004,SUPPORT
9.845000267,0.001705620,-0.008491231,2.949820518,4.463314056,SUPPORT
9.845999718,0.001708329,-0.005417837,3.073394299,3.928543568,SUPPORT
9.847000122,0.001711070,-0.002236707,3.181129217,3.375027180,SUPPORT
9.847999573,0.002564865,0.000000000,2.236707449,0.000000000,TAKEOFF
9.848999977,0.005444793,0.000000000,-0.000000002,0.000000000,TAKEOFF
9.850000381,0.008315363,0.000000000,-0.000000002,0.000000000,TAKEOFF
9.850999832,0.011176570,0.000000000,-0.000000000,0.000000000,TAKEOFF
9.852000237,0.014028410,0.000000000,-0.000000000,0.000000000,TAKEOFF
9.852999687,0.016870880,0.000000000,-0.000000000,0.000000000,TAKEOFF
9.854000092,0.019703973,0.000000000,-0.000000000,0.000000000,TAKEOFF
9.854999542,0.022527687,0.000000000,-0.000000000,0.000000000,TAKEOFF
9.855999947,0.025342019,0.000000000,-0.000000000,0.000000000,TAKEOFF
9.857000351,0.028146965,0.000000000,-0.000000000,0.000000000,TAKEOFF
9.857999802,0.030942520,0.000000000,-0.000000000,0.000000000,AERIAL
9.859000206,0.033728682,0.000000000,-0.000000000,0.000000000,AERIAL
9.859999657,0.036505450,0.000000000,-0.000000000,0.000000000,AERIAL
9.861000061,0.039272815,0.000000000,-0.000000000,0.000000000,AERIAL
9.862000465,0.042030782,0.000000000,-0.000000000,0.000000000,AERIAL
9.862999916,0.044779342,0.000000000,-0.000000000,0.000000000,AERIAL
9.864000320,0.047518495,0.000000000,-0.000000000,0.000000000,AERIAL
9.864999771,0.050248239,0.000000000,-0.000000000,0.000000000,AERIAL
9.866000175,0.052968569,0.000000000,-0.000000000,0.000000000,AERIAL
9.866999626,0.055679485,0.000000000,-0.000000000,0.000000000,AERIAL
9.868000031,0.058380984,0.000000000,-0.000000000,0.000000000,AERIAL
9.869000435,0.061073065,0.000000000,-0.000000000,0.000000000,AERIAL
9.869999886,0.063755721,0.000000000,-0.000000000,0.000000000,AERIAL
9.871000290,0.066428959,0.000000000,-0.000000000,0.000000000,AERIAL
9.871999741,0.069092765,0.000000000,-0.000000000,0.000000000,AERIAL
9.873000145,0.071747154,0.000000000,0.000000000,0.000000000,AERIAL
9.873999596,0.074392118,0.000000000,0.000000000,0.000000000,AERIAL
9.875000000,0.077027656,0.000000000,0.000000000,0.000000000,AERIAL
9.876000404,0.079653755,0.000000000,0.000000000,0.000000000,AERIAL
9.876999855,0.082270399,0.000000000,0.000000000,0.000000000,AERIAL
9.878000259,0.084877588,0.000000000,0.000000000,0.000000000,AERIAL
9.878999710,0.087475292,0.000000000,0.000000000,0.000000000,AERIAL
9.880000114,0.090063490,0.000000000,0.000000000,0.000000000,AERIAL
9.880999565,0.092642166,0.000000000,0.000000000,0.000000000,AERIAL
9.881999969,0.095211290,0.000000000,0.000000000,0.000000000,AERIAL
9.883000374,0.097770825,0.000000000,0.000000000,0.000000000,AERIAL
9.883999825,0.100320756,0.000000000,0.000000000,0.000000000,AERIAL
9.885000229,0.102861032,0.000000000,0.000000000,0.000000000,AERIAL
9.885999680,0.105391636,0.000000000,0.000000000,0.000000000,AERIAL
9.887000084,0.107912518,0.000000000,0.000000000,0.000000000,AERIAL
9.887999535,0.110423647,0.000000000,0.000000000,0.000000000,AERIAL
9.888999939,0.112924993,0.000000000,0.000000000,0.000000000,AERIAL
9.890000343,0.115416519,0.000000000,0.000000000,0.000000000,AERIAL
9.890999794,0.117898181,0.000000000,0.000000000,0.000000000,AERIAL
9.892000198,0.120369948,0.000000000,0.000000000,0.000000000,AERIAL
9.892999649,0.122831792,0.000000000,0.000000000,0.000000000,AERIAL
9.894000053,0.125283659,0.000000000,0.000000000,0.000000000,AERIAL
9.895000458,0.127725527,0.000000000,0.000000000,0.000000000,AERIAL
9.895999908,0.130157337,0.000000000,0.000000000,0.000000000,AERIAL
9.897000313,0.132579088,0.000000000,0.000000000,0.000000000,AERIAL
9.897999763,0.134990737,0.000000000,0.000000000,0.000000000,AERIAL
9.899000168,0.137392253,0.000000000,0.000000000,0.000000000,AERIAL
9.899999619,0.139783606,0.000000000,0.000000000,0.000000000,AERIAL
9.901000023,0.142164782,0.000000000,0.000000000,0.000000000,AERIAL
9.902000427,0.144535765,0.000000000,0.000000000,0.000000000,AERIAL
9.902999878,0.146896511,0.000000000,0.000000000,0.000000000,AERIAL
9.904000282,0.149247035,0.000000000,0.000000000,0.000000000,AERIAL
9.904999733,0.151587307,0.000000000,0.000000000,0.000000000,AERIAL
9.906000137,0.153917313,0.000000000,0.000000000,0.000000000,AERIAL
9.906999588,0.156237051,0.000000000,0.000000000,0.000000000,AERIAL
9.907999992,0.158546522,0.000000000,0.000000000,0.000000000,AERIAL
9.909000397,0.160845712,0.000000000,0.000000000,0.000000000,AERIAL
9.909999847,0.163134649,0.000000000,0.000000000,0.000000000,AERIAL
9.911000252,0.165413335,0.000000000,0.000000000,0.000000000,AERIAL
9.911999702,0.167681783,0.000000000,0.000000000,0.000000000,AERIAL
9.913000107,0.169940025,0.000000000,0.000000000,0.000000000,AERIAL
9.913999557,0.172188058,0.000000000,0.000000000,0.000000000,AERIAL
9.914999962,0.174425930,0.000000000,0.000000000,0.000000000,AERIAL
9.916000366,0.176653668,0.000000000,0.000000000,0.000000000,AERIAL
9.916999817,0.178871304,0.000000000,0.000000000,0.000000000,AERIAL
9.918000221,0.181078866,0.000000000,0.000000000,0.000000000,AERIAL
9.918999672,0.183276430,0.000000000,0.000000000,0.000000000,AERIAL
9.920000076,0.185464010,0.000000000,0.000000000,0.000000000,AERIAL
9.920999527,0.187641695,0.000000000,0.000000000,0.000000000,AERIAL
9.921999931,0.189809531,0.000000000,0.000000000,0.000000000,AERIAL
9.923000336,0.191967577,0.000000000,0.000000000,0.000000000,AERIAL
9.923999786,0.194115922,0.000000000,0.000000000,0.000000000,AERIAL
9.925000191,0.196254611,0.000000000,0.000000000,0.000000000,AERIAL
9.925999641,0.198383749,0.000000000,0.000000000,0.000000000,AERIAL
9.927000046,0.200503394,0.000000000,0.000000000,0.000000000,AERIAL
9.928000450,0.202613652,0.000000000,0.000000000,0.000000000,AERIAL
9.928999901,0.204714581,0.000000000,0.000000000,0.000000000,AERIAL
9.930000305,0.206806317,0.000000000,0.000000000,0.000000000,AERIAL
9.930999756,0.208888918,0.000000000,0.000000000,0.000000000,AERIAL
9.932000160,0.210962504,0.000000000,0.000000000,0.000000000,AERIAL
9.932999611,0.213027164,0.000000000,0.000000000,0.000000000,AERIAL
9.934000015,0.215082988,0.000000000,0.000000000,0.000000000,AERIAL
9.935000420,0.217130080,0.000000000,0.000000000,0.000000000,AERIAL
9.935999870,0.219168529,0.000000000,0.000000000,0.000000000,AERIAL
9.937000275,0.221198454,0.000000000,0.000000000,0.000000000,AERIAL
9.937999725,0.223219946,0.000000000,0.000000000,0.000000000,AERIAL
9.939000130,0.225233138,0.000000000,0.000000000,0.000000000,AERIAL
9.939999580,0.227238119,0.000000000,0.000000000,0.000000000,AERIAL
9.940999985,0.229235008,0.000000000,0.000000000,0.000000000,AERIAL
9.942000389,0.231223926,0.000000000,0.000000000,0.000000000,AERIAL
9.942999840,0.233204976,0.000000000,-0.000000000,0.000000000,AERIAL
9.944000244,0.235178232,0.000000000,-0.000000000,0.000000000,AERIAL
9.944999695,0.237143815,0.000000000,0.000000000,0.000000000,AERIAL
9.946000099,0.239101782,0.000000000,0.000000000,0.000000000,AERIAL
9.946999550,0.241052285,0.000000000,0.000000000,0.000000000,AERIAL
9.947999954,0.242995396,0.000000000,0.000000000,0.000000000,AERIAL
9.949000359,0.244931221,0.000000000,0.000000000,0.000000000,AERIAL
9.949999809,0.246859878,0.000000000,0.000000000,0.000000000,AERIAL
9.951000214,0.248781458,0.000000000,0.000000000,0.000000000,AERIAL
9.951999664,0.250696093,0.000000000,0.000000000,0.000000000,AERIAL
9.953000069,0.252603859,0.000000000,-0.000000000,0.000000000,AERIAL
9.954000473,0.254504859,0.000000000,0.000000000,0.000000000,AERIAL
9.954999924,0.256399184,0.000000000,0.000000000,0.000000000,AERIAL
9.956000328,0.258286953,0.000000000,0.000000000,0.000000000,AERIAL
9.956999779,0.260168225,0.000000000,0.000000000,0.000000000,AERIAL
9.958000183,0.262043118,0.000000000,0.000000000,0.000000000,AERIAL
9.958999634,0.263911724,0.000000000,0.000000000,0.000000000,AERIAL
9.960000038,0.265774190,0.000000000,0.000000000,0.000000000,AERIAL
9.961000443,0.267630577,0.000000000,0.000000000,0.000000000,AERIAL
9.961999893,0.269481033,0.000000000,0.000000000,0.000000000,AERIAL
9.963000298,0.271325618,0.000000000,0.000000000,0.000000000,AERIAL
9.963999748,0.273164451,0.000000000,0.000000000,0.000000000,AERIAL
9.965000153,0.274997681,0.000000000,0.000000000,0.000000000,AERIAL
9.965999603,0.276825339,0.000000000,0.000000000,0.000000000,AERIAL
9.967000008,0.278647572,0.000000000,0.000000000,0.000000000,AERIAL
9.968000412,0.280464500,0.000000000,0.000000000,0.000000000,AERIAL
9.968999863,0.282276154,0.000000000,0.000000000,0.000000000,AERIAL
9.970000267,0.284082711,0.000000000,0.000000000,0.000000000,AERIAL
9.970999718,0.285884202,0.000000000,0.000000000,0.000000000,AERIAL
9.972000122,0.287680745,0.000000000,0.000000000,0.000000000,AERIAL
9.972999573,0.289472431,0.000000000,0.000000000,0.000000000,AERIAL
9.973999977,0.291259348,0.000000000,0.000000000,0.000000000,AERIAL
9.975000381,0.293041617,0.000000000,0.000000000,0.000000000,AERIAL
9.975999832,0.294819266,0.000000000,0.000000000,0.000000000,AERIAL
9.977000237,0.296592385,0.000000000,0.000000000,0.000000000,AERIAL
9.977999687,0.298361063,0.000000000,0.000000000,0.000000000,AERIAL
9.979000092,0.300125360,0.000000000,0.000000000,0.000000000,AERIAL
9.979999542,0.301885307,0.000000000,0.000000000,0.000000000,AERIAL
9.980999947,0.303640991,0.000000000,0.000000000,0.000000000,AERIAL
9.982000351,0.305392474,0.000000000,0.000000000,0.000000000,AERIAL
9.982999802,0.307139814,0.000000000,0.000000000,0.000000000,AERIAL
9.984000206,0.308883101,0.000000000,0.000000000,0.000000000,AERIAL
9.984999657,0.310622424,0.000000000,0.000000000,0.000000000,AERIAL
9.986000061,0.312357843,0.000000000,0.000000000,0.000000000,AERIAL
9.987000465,0.314089417,0.000000000,0.000000000,0.000000000,AERIAL
9.987999916,0.315817207,0.000000000,0.000000000,0.000000000,AERIAL
9.989000320,0.317541242,0.000000000,0.000000000,0.000000000,AERIAL
9.989999771,0.319261581,0.000000000,0.000000000,0.000000000,AERIAL
9.991000175,0.320978284,0.000000000,0.000000000,0.000000000,AERIAL
9.991999626,0.322691381,0.000000000,0.000000000,0.000000000,AERIAL
9.993000031,0.324400902,0.000000000,0.000000000,0.000000000,AERIAL
9.994000435,0.326106906,0.000000000,0.000000000,0.000000000,AERIAL
9.994999886,0.327809423,0.000000000,0.000000000,0.000000000,AERIAL
9.996000290,0.329508543,0.000000000,0.000000000,0.000000000,AERIAL
9.996999741,0.331204236,0.000000000,0.000000000,0.000000000,AERIAL
9.998000145,0.332896590,0.000000000,0.000000000,0.000000000,AERIAL
9.998999596,0.334585547,0.000000000,0.000000000,0.000000000,AERIAL
10.000000000,0.336271167,0.000000000,0.000000000,0.000000000,AERIAL
10.001000404,0.337953448,0.000000000,0.000000000,0.000000000,AERIAL
10.001999855,0.339632392,0.000000000,0.000000000,0.000000000,AERIAL
10.003000259,0.341308028,0.000000000,0.000000000,0.000000000,AERIAL
10.003999710,0.342980355,0.000000000,0.000000000,0.000000000,AERIAL
10.005000114,0.344649374,0.000000000,0.000000000,0.000000000,AERIAL
10.005999565,0.346315056,0.000000000,0.000000000,0.000000000,AERIAL
10.006999969,0.347977459,0.000000000,0.000000000,0.000000000,AERIAL
10.008000374,0.349636525,0.000000000,0.000000000,0.000000000,AERIAL
10.008999825,0.351292223,0.000000000,0.000000000,0.000000000,AERIAL
10.010000229,0.352944583,0.000000000,0.000000000,0.000000000,AERIAL
10.010999680,0.354593545,0.000000000,0.000000000,0.000000000,AERIAL
10.012000084,0.356239080,0.000000000,0.000000000,0.000000000,AERIAL
10.012999535,0.357881159,0.000000000,0.000000000,0.000000000,AERIAL
10.013999939,0.359519780,0.000000000,0.000000000,0.000000000,AERIAL
10.015000343,0.361154884,0.000000000,0.000000000,0.000000000,AERIAL
10.015999794,0.362786442,0.000000000,0.000000000,0.000000000,AERIAL
10.017000198,0.364414454,0.000000000,0.000000000,0.000000000,AERIAL
10.017999649,0.366038829,0.000000000,0.000000000,0.000000000,AERIAL
10.019000053,0.367659539,0.000000000,0.000000000,0.000000000,AERIAL
10.020000458,0.369276524,0.000000000,0.000000000,0.000000000,AERIAL
10.020999908,0.370889783,0.000000000,0.000000000,0.000000000,AERIAL
10.022000313,0.372499168,0.000000000,0.000000000,0.000000000,AERIAL
10.022999763,0.374104738,0.000000000,0.000000000,0.000000000,AERIAL
10.024000168,0.375706345,0.000000000,0.000000000,0.000000000,AERIAL
10.024999619,0.377304018,0.000000000,0.000000000,0.000000000,AERIAL
10.026000023,0.378897637,0.000000000,-0.000000000,0.000000000,AERIAL
10.027000427,0.380487174,0.000000000,-0.000000000,0.000000000,AERIAL
10.027999878,0.382072568,0.000000000,-0.000000000,0.000000000,AERIAL
10.029000282,0.383653760,0.000000000,-0.000000000,0.000000000,AERIAL
10.029999733,0.385230690,0.000000000,-0.000000000,0.000000000,AERIAL
10.031000137,0.386803269,0.000000000,-0.000000000,0.000000000,AERIAL
10.031999588,0.388371438,0.000000000,-0.000000000,0.000000000,AERIAL
10.032999992,0.389935166,0.000000000,-0.000000000,0.000000000,AERIAL
10.034000397,0.391494364,0.000000000,-0.000000000,0.000000000,AERIAL
10.034999847,0.393049002,0.000000000,-0.000000000,0.000000000,AERIAL
10.036000252,0.394598961,0.000000000,-0.000000000,0.000000000,AERIAL
10.036999702,0.396144211,0.000000000,-0.000000000,0.000000000,AERIAL
10.038000107,0.397684723,0.000000000,-0.000000000,0.000000000,AERIAL
10.038999557,0.399220377,0.000000000,-0.000000000,0.000000000,AERIAL
10.039999962,0.400751114,0.000000000,-0.000000000,0.000000000,AERIAL
10.041000366,0.402276903,0.000000000,-0.000000000,0.000000000,AERIAL
10.041999817,0.403797656,0.000000000,-0.000000000,0.000000000,AERIAL
10.043000221,0.405313343,0.000000000,-0.000000000,0.000000000,AERIAL
10.043999672,0.406823874,0.000000000,-0.000000000,0.000000000,AERIAL
10.045000076,0.408329219,0.000000000,-0.000000000,0.000000000,AERIAL
10.045999527,0.409829289,0.000000000,-0.000000000,0.000000000,AERIAL
10.046999931,0.411324054,0.000000000,-0.000000000,0.000000000,AERIAL
10.048000336,0.412813455,0.000000000,-0.000000000,0.000000000,AERIAL
10.048999786,0.414297432,0.000000000,-0.000000000,0.000000000,AERIAL
10.050000191,0.415775925,0.000000000,-0.000000000,0.000000000,AERIAL
10.050999641,0.417248875,0.000000000,-0.000000000,0.000000000,AERIAL
10.052000046,0.418716282,0.000000000,-0.000000000,0.000000000,AERIAL
10.053000450,0.420178056,0.000000000,-0.000000000,0.000000000,AERIAL
10.053999901,0.421634167,0.000000000,-0.000000000,0.000000000,AERIAL
10.055000305,0.423084557,0.000000000,-0.000000000,0.000000000,AERIAL
10.055999756,0.424529165,0.000000000,-0.000000000,0.000000000,AERIAL
10.057000160,0.425968021,0.000000000,-0.000000000,0.000000000,AERIAL
10.057999611,0.427401036,0.000000000,-0.000000000,0.000000000,AERIAL
10.059000015,0.428828150,0.000000000,-0.000000000,0.000000000,AERIAL
10.060000420,0.430249393,0.000000000,-0.000000000,0.000000000,AERIAL
10.060999870,0.431664675,0.000000000,-0.000000000,0.000000000,AERIAL
10.062000275,0.433073997,0.000000000,-0.000000000,0.000000000,AERIAL
10.062999725,0.434477329,0.000000000,-0.000000000,0.000000000,AERIAL
10.064000130,0.435874611,0.000000000,-0.000000000,0.000000000,AERIAL
10.064999580,0.437265843,0.000000000,-0.000000000,0.000000000,AERIAL
10.065999985,0.438650995,0.000000000,-0.000000000,0.000000000,AERIAL
10.067000389,0.440030038,0.000000000,-0.000000000,0.000000000,AERIAL
10.067999840,0.441402972,0.000000000,-0.000000000,0.000000000,AERIAL
10.069000244,0.442769706,0.000000000,-0.000000000,0.000000000,AERIAL
10.069999695,0.444130301,0.000000000,-0.000000000,0.000000000,AERIAL
10.071000099,0.445484728,0.000000000,-0.000000000,0.000000000,AERIAL
10.071999550,0.446832925,0.000000000,-0.000000000,0.000000000,AERIAL
10.072999954,0.448174924,0.000000000,-0.000000000,0.000000000,AERIAL
10.074000359,0.449510664,0.000000000,-0.000000000,0.000000000,AERIAL
10.074999809,0.450840175,0.000000000,-0.000000000,0.000000000,AERIAL
10.076000214,0.452163428,0.000000000,-0.000000000,0.000000000,AERIAL
10.076999664,0.453480422,0.000000000,-0.000000000,0.000000000,AERIAL
10.078000069,0.454791158,0.000000000,-0.000000000,0.000000000,AERIAL
10.079000473,0.456095576,0.000000000,-0.000000000,0.000000000,AERIAL
10.079999924,0.457393736,0.000000000,-0.000000000,0.000000000,AERIAL
10.081000328,0.458685607,0.000000000,-0.000000000,0.000000000,AERIAL
10.081999779,0.459971219,0.000000000,-0.000000000,0.000000000,AERIAL
10.083000183,0.461250514,0.000000000,-0.000000000,0.000000000,AERIAL
10.083999634,0.462523520,0.000000000,-0.000000000,0.000000000,AERIAL
10.085000038,0.463790208,0.000000000,-0.000000000,0.000000000,AERIAL
10.086000443,0.465050638,0.000000000,-0.000000000,0.000000000,AERIAL
10.086999893,0.466304749,0.000000000,-0.000000000,0.000000000,AERIAL
10.088000298,0.467552572,0.000000000,-0.000000000,0.000000000,AERIAL
10.088999748,0.468794137,0.000000000,-0.000000000,0.000000000,AERIAL
10.090000153,0.470029384,0.000000000,-0.000000000,0.000000000,AERIAL
10.090999603,0.471258372,0.000000000,-0.000000000,0.000000000,AERIAL
10.092000008,0.472481102,0.000000000,-0.000000000,0.000000000,AERIAL
10.093000412,0.473697543,0.000000000,-0.000000000,0.000000000,AERIAL
10.093999863,0.474907756,0.000000000,-0.000000000,0.000000000,AERIAL
10.095000267,0.476111680,0.000000000,-0.000000000,0.000000000,AERIAL
10.095999718,0.477309376,0.000000000,-0.000000000,0.000000000,AERIAL
10.097000122,0.478500783,0.000000000,-0.000000000,0.000000000,AERIAL
10.097999573,0.479685962,0.000000000,-0.000000000,0.000000000,AERIAL
10.098999977,0.480864912,0.000000000,-0.000000000,0.000000000,AERIAL
10.100000381,0.482037604,0.000000000,-0.000000000,0.000000000,AERIAL
10.100999832,0.483204097,0.000000000,-0.000000000,0.000000000,AERIAL
10.102000237,0.484364361,0.000000000,-0.000000000,0.000000000,AERIAL
10.102999687,0.485518396,0.000000000,-0.000000000,0.000000000,AERIAL
10.104000092,0.486666203,0.000000000,-0.000000000,0.000000000,AERIAL
10.104999542,0.487807781,0.000000000,-0.000000000,0.000000000,AERIAL
10.105999947,0.488943070,0.000000000,-0.000000000,0.000000000,AERIAL
10.107000351,0.490072101,0.000000000,-0.000000000,0.000000000,AERIAL
10.107999802,0.491194904,0.000000000,-0.000000000,0.000000000,AERIAL
10.109000206,0.492311388,0.000000000,-0.000000000,0.000000000,AERIAL
10.109999657,0.493421644,0.000000000,-0.000000000,0.000000000,AERIAL
10.111000061,0.494525582,0.000000000,-0.000000000,0.000000000,AERIAL
10.112000465,0.495623291,0.000000000,-0.000000000,0.000000000,AERIAL
10.112999916,0.496714741,0.000000000,0.000000000,0.000000000,AERIAL
10.114000320,0.497799933,0.000000000,0.000000000,0.000000000,AERIAL
10.114999771,0.498878896,0.000000000,0.000000000,0.000000000,AERIAL
10.116000175,0.499951661,0.000000000,0.000000000,0.000000000,AERIAL
10.116999626,0.501018226,0.000000000,0.000000000,0.000000000,AERIAL
10.118000031,0.502078593,0.000000000,0.000000000,0.000000000,AERIAL
10.119000435,0.503132761,0.000000000,0.000000000,0.000000000,AERIAL
10.119999886,0.504180849,0.000000000,0.000000000,0.000000000,AERIAL
10.121000290,0.505222857,0.000000000,0.000000000,0.000000000,AERIAL
10.121999741,0.506258726,0.000000000,0.000000000,0.000000000,AERIAL
10.123000145,0.507288516,0.000000000,0.000000000,0.000000000,AERIAL
10.123999596,0.508312285,0.000000000,0.000000000,0.000000000,AERIAL
10.125000000,0.509330094,0.000000000,0.000000000,0.000000000,AERIAL
10.126000404,0.510341883,0.000000000,0.000000000,0.000000000,AERIAL
10.126999855,0.511347771,0.000000000,0.000000000,0.000000000,AERIAL
10.128000259,0.512347758,0.000000000,0.000000000,0.000000000,AERIAL
10.128999710,0.513341904,0.000000000,0.000000000,0.000000000,AERIAL
10.130000114,0.514330149,0.000000000,0.000000000,0.000000000,AERIAL
10.130999565,0.515312612,0.000000000,0.000000000,0.000000000,AERIAL
10.131999969,0.516289353,0.000000000,0.000000000,0.000000000,AERIAL
10.133000374,0.517260313,0.000000000,0.000000000,0.000000000,AERIAL
10.133999825,0.518225610,0.000000000,0.000000000,0.000000000,AERIAL
10.135000229,0.519185185,0.000000000,0.000000000,0.000000000,AERIAL
10.135999680,0.520139217,0.000000000,0.000000000,0.000000000,AERIAL
10.137000084,0.521087587,0.000000000,0.000000000,0.000000000,AERIAL
10.137999535,0.522030473,0.000000000,0.000000000,0.000000000,AERIAL
10.138999939,0.522967815,0.000000000,0.000000000,0.000000000,AERIAL
10.140000343,0.523899674,0.000000000,0.000000000,0.000000000,AERIAL
10.140999794,0.524826109,0.000000000,0.000000000,0.000000000,AERIAL
10.142000198,0.525747061,0.000000000,0.000000000,0.000000000,AERIAL
10.142999649,0.526662707,0.000000000,0.000000000,0.000000000,AERIAL
10.144000053,0.527572930,0.000000000,0.000000000,0.000000000,AERIAL
10.145000458,0.528477907,0.000000000,0.000000000,0.000000000,AERIAL
10.145999908,0.529377520,0.000000000,0.000000000,0.000000000,AERIAL
10.147000313,0.530271947,0.000000000,0.000000000,0.000000000,AERIAL
10.147999763,0.531161070,0.000000000,0.000000000,0.000000000,AERIAL
10.149000168,0.532045066,0.000000000,0.000000000,0.000000000,AERIAL
10.149999619,0.532923877,0.000000000,0.000000000,0.000000000,AERIAL
10.151000023,0.533797503,0.000000000,0.000000000,0.000000000,AERIAL
10.152000427,0.534666061,0.000000000,0.000000000,0.000000000,AERIAL
10.152999878,0.535529494,0.000000000,0.000000000,0.000000000,AERIAL
10.154000282,0.536387861,0.000000000,0.000000000,0.000000000,AERIAL
10.154999733,0.537241161,0.000000000,0.000000000,0.000000000,AERIAL
10.156000137,0.538089514,0.000000000,0.000000000,0.000000000,AERIAL
10.156999588,0.538932800,0.000000000,0.000000000,0.000000000,AERIAL
10.157999992,0.539771080,0.000000000,0.000000000,0.000000000,AERIAL
10.159000397,0.540604472,0.000000000,0.000000000,0.000000000,AERIAL
10.159999847,0.541432858,0.000000000,0.000000000,0.000000000,AERIAL
10.161000252,0.542256355,0.000000000,0.000000000,0.000000000,AERIAL
10.161999702,0.543074906,0.000000000,0.000000000,0.000000000,AERIAL
10.163000107,0.543888569,0.000000000,0.000000000,0.000000000,AERIAL
10.163999557,0.544697344,0.000000000,0.000000000,0.000000000,AERIAL
10.164999962,0.545501232,0.000000000,0.000000000,0.000000000,AERIAL
10.166000366,0.546300232,0.000000000,0.000000000,0.000000000,AERIAL
10.166999817,0.547094405,0.000000000,0.000000000,0.000000000,AERIAL
10.168000221,0.547883749,0.000000000,0.000000000,0.000000000,AERIAL
10.168999672,0.548668206,0.000000000,0.000000000,0.000000000,AERIAL
10.170000076,0.549447894,0.000000000,0.000000000,0.000000000,AERIAL
10.170999527,0.550222695,0.000000000,0.000000000,0.000000000,AERIAL
10.171999931,0.550992668,0.000000000,0.000000000,0.000000000,AERIAL
10.173000336,0.551757872,0.000000000,0.000000000,0.000000000,AERIAL
10.173999786,0.552518249,0.000000000,0.000000000,0.000000000,AERIAL
10.175000191,0.553273797,0.000000000,0.000000000,0.000000000,AERIAL
10.175999641,0.554024518,0.000000000,0.000000000,0.000000000,AERIAL
10.177000046,0.554770470,0.000000000,0.000000000,0.000000000,AERIAL
10.178000450,0.555511594,0.000000000,0.000000000,0.000000000,AERIAL
10.178999901,0.556247890,0.000000000,0.000000000,0.000000000,AERIAL
10.180000305,0.556979358,0.000000000,0.000000000,0.000000000,AERIAL
10.180999756,0.557705998,0.000000000,0.000000000,0.000000000,AERIAL
10.182000160,0.558427870,0.000000000,0.000000000,0.000000000,AERIAL
10.182999611,0.559144855,0.000000000,0.000000000,0.000000000,AERIAL
10.184000015,0.559857070,0.000000000,0.000000000,0.000000000,AERIAL
10.185000420,0.560564399,0.000000000,0.000000000,0.000000000,AERIAL
10.185999870,0.561266899,0.000000000,0.000000000,0.000000000,AERIAL
10.187000275,0.561964571,0.000000000,0.000000000,0.000000000,AERIAL
10.187999725,0.562657356,0.000000000,0.000000000,0.000000000,AERIAL
10.189000130,0.563345313,0.000000000,0.000000000,0.000000000,AERIAL
10.189999580,0.564028382,0.000000000,0.000000000,0.000000000,AERIAL
10.190999985,0.564706504,0.000000000,0.000000000,0.000000000,AERIAL
10.192000389,0.565379798,0.000000000,0.000000000,0.000000000,AERIAL
10.192999840,0.566048205,0.000000000,0.000000000,0.000000000,AERIAL
10.194000244,0.566711724,0.000000000,0.000000000,0.000000000,AERIAL
10.194999695,0.567370236,0.000000000,0.000000000,0.000000000,AERIAL
10.196000099,0.568023920,0.000000000,0.000000000,0.000000000,AERIAL
10.196999550,0.568672597,0.000000000,0.000000000,0.000000000,AERIAL
10.197999954,0.569316268,0.000000000,0.000000000,0.000000000,AERIAL
10.199000359,0.569955051,0.000000000,0.000000000,0.000000000,AERIAL
10.199999809,0.570588827,0.000000000,0.000000000,0.000000000,AERIAL
10.201000214,0.571217597,0.000000000,0.000000000,0.000000000,AERIAL
10.201999664,0.571841359,0.000000000,0.000000000,0.000000000,AERIAL
10.203000069,0.572460175,0.000000000,0.000000000,0.000000000,AERIAL
10.204000473,0.573073924,0.000000000,0.000000000,0.000000000,AERIAL
10.204999924,0.573682606,0.000000000,0.000000000,0.000000000,AERIAL
10.206000328,0.574286222,0.000000000,0.000000000,0.000000000,AERIAL
10.206999779,0.574884772,0.000000000,0.000000000,0.000000000,AERIAL
10.208000183,0.575478196,0.000000000,0.000000000,0.000000000,AERIAL
10.208999634,0.576066494,0.000000000,0.000000000,0.000000000,AERIAL
10.210000038,0.576649725,0.000000000,0.000000000,0.000000000,AERIAL
10.211000443,0.577227771,0.000000000,0.000000000,0.000000000,AERIAL
10.211999893,0.577800691,0.000000000,0.000000000,0.000000000,AERIAL
10.213000298,0.578368485,0.000000000,0.000000000,0.000000000,AERIAL
10.213999748,0.578931034,0.000000000,0.000000000,0.000000000,AERIAL
10.215000153,0.579488337,0.000000000,0.000000000,0.000000000,AERIAL
10.215999603,0.580040395,0.000000000,0.000000000,0.000000000,AERIAL
10.217000008,0.580587208,0.000000000,0.000000000,0.000000000,AERIAL
10.218000412,0.581128716,0.000000000,0.000000000,0.000000000,AERIAL
10.218999863,0.581664920,0.000000000,0.000000000,0.000000000,AERIAL
10.220000267,0.582195818,0.000000000,0.000000000,0.000000000,AERIAL
10.220999718,0.582721353,0.000000000,0.000000000,0.000000000,AERIAL
10.222000122,0.583241522,0.000000000,0.000000000,0.000000000,AERIAL
10.222999573,0.583756328,0.000000000,0.000000000,0.000000000,AERIAL
10.223999977,0.584265769,0.000000000,0.000000000,0.000000000,AERIAL
10.225000381,0.584769726,0.000000000,0.000000000,0.000000000,AERIAL
10.225999832,0.585268259,0.000000000,0.000000000,0.000000000,AERIAL
10.227000237,0.585761309,0.000000000,0.000000000,0.000000000,AERIAL
10.227999687,0.586248875,0.000000000,0.000000000,0.000000000,AERIAL
10.229000092,0.586730957,0.000000000,0.000000000,0.000000000,AERIAL
10.229999542,0.587207556,0.000000000,0.000000000,0.000000000,AERIAL
10.230999947,0.587678611,0.000000000,0.000000000,0.000000000,AERIAL
10.232000351,0.588144183,0.000000000,0.000000000,0.000000000,AERIAL
10.232999802,0.588604271,0.000000000,0.000000000,0.000000000,AERIAL
10.234000206,0.589058816,0.000000000,0.000000000,0.000000000,AERIAL
10.234999657,0.589507878,0.000000000,0.000000000,0.000000000,AERIAL
10.236000061,0.589951456,0.000000000,0.000000000,0.000000000,AERIAL
10.237000465,0.590389609,0.000000000,0.000000000,0.000000000,AERIAL
10.237999916,0.590822220,0.000000000,0.000000000,0.000000000,AERIAL
10.239000320,0.591249406,0.000000000,0.000000000,0.000000000,AERIAL
10.239999771,0.591671169,0.000000000,0.000000000,0.000000000,AERIAL
10.241000175,0.592087567,0.000000000,0.000000000,0.000000000,AERIAL
10.241999626,0.592498541,0.000000000,0.000000000,0.000000000,AERIAL
10.243000031,0.592904150,0.000000000,0.000000000,0.000000000,AERIAL
10.244000435,0.593304515,0.000000000,0.000000000,0.000000000,AERIAL
10.244999886,0.593699515,0.000000000,0.000000000,0.000000000,AERIAL
10.246000290,0.594089270,0.000000000,0.000000000,0.000000000,AERIAL
10.246999741,0.594473839,0.000000000,0.000000000,0.000000000,AERIAL
10.248000145,0.594853163,0.000000000,0.000000000,0.000000000,AERIAL
10.248999596,0.595227420,0.000000000,0.000000000,0.000000000,AERIAL
10.250000000,0.595596492,0.000000000,0.000000000,0.000000000,AERIAL
10.251000404,0.595960498,0.000000000,0.000000000,0.000000000,AERIAL
10.251999855,0.596319497,0.000000000,0.000000000,0.000000000,AERIAL
10.253000259,0.596673548,0.000000000,0.000000000,0.000000000,AERIAL
10.253999710,0.597022593,0.000000000,0.000000000,0.000000000,AERIAL
10.255000114,0.597366810,0.000000000,0.000000000,0.000000000,AERIAL
10.255999565,0.597706139,0.000000000,0.000000000,0.000000000,AERIAL
10.256999969,0.598040700,0.000000000,0.000000000,0.000000000,AERIAL
10.258000374,0.598370492,0.000000000,0.000000000,0.000000000,AERIAL
10.258999825,0.598695636,0.000000000,0.000000000,0.000000000,AERIAL
10.260000229,0.599016130,0.000000000,0.000000000,0.000000000,AERIAL
10.260999680,0.599332035,0.000000000,0.000000000,0.000000000,AERIAL
10.262000084,0.599643409,0.000000000,0.000000000,0.000000000,AERIAL
10.262999535,0.599950314,0.000000000,0.000000000,0.000000000,AERIAL
10.263999939,0.600252867,0.000000000,0.000000000,0.000000000,AERIAL
10.265000343,0.600551009,0.000000000,0.000000000,0.000000000,AERIAL
10.265999794,0.600844860,0.000000000,0.000000000,0.000000000,AERIAL
10.267000198,0.601134479,0.000000000,0.000000000,0.000000000,AERIAL
10.267999649,0.601419926,0.000000000,0.000000000,0.000000000,AERIAL
10.269000053,0.601701200,0.000000000,0.000000000,0.000000000,AERIAL
10.270000458,0.601978481,0.000000000,0.000000000,0.000000000,AERIAL
10.270999908,0.602251768,0.000000000,0.000000000,0.000000000,AERIAL
10.272000313,0.602521062,0.000000000,0.000000000,0.000000000,AERIAL
10.272999763,0.602786541,0.000000000,0.000000000,0.000000000,AERIAL
10.274000168,0.603048205,0.000000000,0.000000000,0.000000000,AERIAL
10.274999619,0.603306174,0.000000000,0.000000000,0.000000000,AERIAL
10.276000023,0.603560388,0.000000000,0.000000000,0.000000000,AERIAL
10.277000427,0.603810966,0.000000000,0.000000000,0.000000000,AERIAL
10.277999878,0.604058027,0.000000000,0.000000000,0.000000000,AERIAL
10.279000282,0.604301572,0.000000000,0.000000000,0.000000000,AERIAL
10.279999733,0.604541659,0.000000000,0.000000000,0.000000000,AERIAL
10.281000137,0.604778409,0.000000000,0.000000000,0.000000000,AERIAL
10.281999588,0.605011880,0.000000000,0.000000000,0.000000000,AERIAL
10.282999992,0.605242074,0.000000000,0.000000000,0.000000000,AERIAL
10.284000397,0.605469108,0.000000000,0.000000000,0.000000000,AERIAL
10.284999847,0.605693042,0.000000000,0.000000000,0.000000000,AERIAL
10.286000252,0.605913877,0.000000000,0.000000000,0.000000000,AERIAL
10.286999702,0.606131732,0.000000000,0.000000000,0.000000000,AERIAL
10.288000107,0.606346667,0.000000000,0.000000000,0.000000000,AERIAL
10.288999557,0.606558740,0.000000000,0.000000000,0.000000000,AERIAL
10.289999962,0.606768012,0.000000000,0.000000000,0.000000000,AERIAL
10.291000366,0.606974483,0.000000000,0.000000000,0.000000000,AERIAL
10.291999817,0.607178390,0.000000000,0.000000000,0.000000000,AERIAL
10.293000221,0.607379615,0.000000000,0.000000000,0.000000000,AERIAL
10.293999672,0.607578278,0.000000000,0.000000000,0.000000000,AERIAL
10.295000076,0.607774496,0.000000000,0.000000000,0.000000000,AERIAL
10.295999527,0.607968211,0.000000000,0.000000000,0.000000000,AERIAL
10.296999931,0.608159602,0.000000000,0.000000000,0.000000000,AERIAL
10.298000336,0.608348608,0.000000000,0.000000000,0.000000000,AERIAL
10.298999786,0.608535409,0.000000000,0.000000000,0.000000000,AERIAL
10.300000191,0.608719945,0.000000000,0.000000000,0.000000000,AERIAL
10.300999641,0.608902395,0.000000000,0.000000000,0.000000000,AERIAL
10.302000046,0.609082758,0.000000000,0.000000000,0.000000000,AERIAL
10.303000450,0.609261096,0.000000000,0.000000000,0.000000000,AERIAL
10.303999901,0.609437525,0.000000000,0.000000000,0.000000000,AERIAL
10.305000305,0.609611928,0.000000000,0.000000000,0.000000000,AERIAL
10.305999756,0.609784544,0.000000000,0.000000000,0.000000000,AERIAL
10.307000160,0.609955311,0.000000000,0.000000000,0.000000000,AERIAL
10.307999611,0.610124290,0.000000000,0.000000000,0.000000000,AERIAL
10.309000015,0.610291600,0.000000000,0.000000000,0.000000000,AERIAL
10.310000420,0.610457242,0.000000000,0.000000000,0.000000000,AERIAL
10.310999870,0.610621333,0.000000000,0.000000000,0.000000000,AERIAL
10.312000275,0.610783875,0.000000000,0.000000000,0.000000000,AERIAL
10.312999725,0.610944986,0.000000000,0.000000000,0.000000000,AERIAL
10.314000130,0.611104608,0.000000000,0.000000000,0.000000000,AERIAL
10.314999580,0.611262798,0.000000000,0.000000000,0.000000000,AERIAL
10.315999985,0.611419678,0.000000000,0.000000000,0.000000000,AERIAL
10.317000389,0.611575246,0.000000000,0.000000000,0.000000000,AERIAL
10.317999840,0.611729503,0.000000000,0.000000000,0.000000000,AERIAL
10.319000244,0.611882567,0.000000000,0.000000000,0.000000000,AERIAL
10.319999695,0.612034500,0.000000000,0.000000000,0.000000000,AERIAL
10.321000099,0.612185299,0.000000000,0.000000000,0.000000000,AERIAL
10.321999550,0.612335026,0.000000000,0.000000000,0.000000000,AERIAL
10.322999954,0.612483799,0.000000000,0.000000000,0.000000000,AERIAL
10.324000359,0.612631559,0.000000000,0.000000000,0.000000000,AERIAL
10.324999809,0.612778306,0.000000000,0.000000000,0.000000000,AERIAL
10.326000214,0.612924159,0.000000000,0.000000000,0.000000000,AERIAL
10.326999664,0.613069177,0.000000000,0.000000000,0.000000000,AERIAL
10.328000069,0.613213241,0.000000000,0.000000000,0.000000000,AERIAL
10.329000473,0.613356590,0.000000000,0.000000000,0.000000000,AERIAL
10.329999924,0.613499105,0.000000000,0.000000000,0.000000000,AERIAL
10.331000328,0.613640964,0.000000000,0.000000000,0.000000000,AERIAL
10.331999779,0.613782108,0.000000000,0.000000000,0.000000000,AERIAL
10.333000183,0.613922656,0.000000000,0.000000000,0.000000000,AERIAL
10.333999634,0.614062548,0.000000000,0.000000000,0.000000000,AERIAL
10.335000038,0.614201784,0.000000000,0.000000000,0.000000000,AERIAL
10.336000443,0.614340425,0.000000000,0.000000000,0.000000000,AERIAL
10.336999893,0.614478528,0.000000000,0.000000000,0.000000000,AERIAL
10.338000298,0.614616036,0.000000000,0.000000000,0.000000000,AERIAL
10.338999748,0.614753067,0.000000000,0.000000000,0.000000000,AERIAL
10.340000153,0.614889562,0.000000000,0.000000000,0.000000000,AERIAL
10.340999603,0.615025640,0.000000000,0.000000000,0.000000000,AERIAL
10.342000008,0.615161359,0.000000000,0.000000000,0.000000000,AERIAL
10.343000412,0.615296602,0.000000000,0.000000000,0.000000000,AERIAL
10.343999863,0.615431428,0.000000000,0.000000000,0.000000000,AERIAL
10.345000267,0.615565896,0.000000000,0.000000000,0.000000000,AERIAL
10.345999718,0.615699828,0.000000000,0.000000000,0.000000000,AERIAL
10.347000122,0.615833402,0.000000000,0.000000000,0.000000000,AERIAL
10.347999573,0.615966558,0.000000000,0.000000000,0.000000000,AERIAL
10.348999977,0.616099238,0.000000000,0.000000000,0.000000000,AERIAL
10.350000381,0.616231620,0.000000000,0.000000000,0.000000000,AERIAL
10.350999832,0.616363645,0.000000000,0.000000000,0.000000000,AERIAL
10.352000237,0.616495311,0.000000000,0.000000000,0.000000000,AERIAL
10.352999687,0.616626561,0.000000000,0.000000000,0.000000000,AERIAL
10.354000092,0.616757393,0.000000000,0.000000000,0.000000000,AERIAL
10.354999542,0.616887689,0.000000000,0.000000000,0.000000000,AERIAL
10.355999947,0.617017388,0.000000000,0.000000000,0.000000000,AERIAL
10.357000351,0.617146552,0.000000000,0.000000000,0.000000000,AERIAL
10.357999802,0.617275059,0.000000000,0.000000000,0.000000000,AERIAL
10.359000206,0.617402911,0.000000000,0.000000000,0.000000000,AERIAL
10.359999657,0.617530167,0.000000000,0.000000000,0.000000000,AERIAL
10.361000061,0.617656767,0.000000000,0.000000000,0.000000000,AERIAL
10.362000465,0.617782712,0.000000000,0.000000000,0.000000000,AERIAL
10.362999916,0.617907941,0.000000000,0.000000000,0.000000000,AERIAL
10.364000320,0.618032515,0.000000000,0.000000000,0.000000000,AERIAL
10.364999771,0.618156374,0.000000000,0.000000000,0.000000000,AERIAL
10.366000175,0.618279457,0.000000000,0.000000000,0.000000000,AERIAL
10.366999626,0.618401885,0.000000000,0.000000000,0.000000000,AERIAL
10.368000031,0.618523538,0.000000000,0.000000000,0.000000000,AERIAL
10.369000435,0.618644536,0.000000000,0.000000000,0.000000000,AERIAL
10.369999886,0.618764818,0.000000000,0.000000000,0.000000000,AERIAL
10.371000290,0.618884504,0.000000000,0.000000000,0.000000000,AERIAL
10.371999741,0.619003594,0.000000000,0.000000000,0.000000000,AERIAL
10.373000145,0.619122088,0.000000000,0.000000000,0.000000000,AERIAL
10.373999596,0.619240046,0.000000000,0.000000000,0.000000000,AERIAL
10.375000000,0.619357407,0.000000000,0.000000000,0.000000000,AERIAL
10.376000404,0.619474351,0.000000000,0.000000000,0.000000000,AERIAL
10.376999855,0.619590759,0.000000000,0.000000000,0.000000000,AERIAL
10.378000259,0.619706810,0.000000000,0.000000000,0.000000000,AERIAL
10.378999710,0.619822443,0.000000000,0.000000000,0.000000000,AERIAL
10.380000114,0.619937778,0.000000000,0.000000000,0.000000000,AERIAL
10.380999565,0.620052934,0.000000000,0.000000000,0.000000000,AERIAL
10.381999969,0.620167851,0.000000000,0.000000000,0.000000000,AERIAL
10.383000374,0.620282710,0.000000000,0.000000000,0.000000000,AERIAL
10.383999825,0.620397449,0.000000000,0.000000000,0.000000000,AERIAL
10.385000229,0.620512307,0.000000000,0.000000000,0.000000000,AERIAL
10.385999680,0.620627224,0.000000000,0.000000000,0.000000000,AERIAL
10.387000084,0.620742321,0.000000000,0.000000000,0.000000000,AERIAL
10.387999535,0.620857716,0.000000000,0.000000000,0.000000000,AERIAL
10.388999939,0.620973468,0.000000000,0.000000000,0.000000000,AERIAL
10.390000343,0.621089578,0.000000000,0.000000000,0.000000000,AERIAL
10.390999794,0.621206284,0.000000000,0.000000000,0.000000000,AERIAL
10.392000198,0.621323586,0.000000000,0.000000000,0.000000000,AERIAL
10.392999649,0.621441603,0.000000000,0.000000000,0.000000000,AERIAL
10.394000053,0.621560335,0.000000000,0.000000000,0.000000000,AERIAL
10.395000458,0.621679962,0.000000000,0.000000000,0.000000000,AERIAL
10.395999908,0.621800542,0.000000000,0.000000000,0.000000000,AERIAL
10.397000313,0.621922135,0.000000000,0.000000000,0.000000000,AERIAL
10.397999763,0.622044802,0.000000000,0.000000000,0.000000000,AERIAL
10.399000168,0.622168720,0.000000000,0.000000000,0.000000000,AERIAL
10.399999619,0.622293830,0.000000000,0.000000000,0.000000000,AERIAL
10.401000023,0.622420371,0.000000000,0.000000000,0.000000000,AERIAL
10.402000427,0.622548342,0.000000000,0.000000000,0.000000000,AERIAL
10.402999878,0.622677803,0.000000000,0.000000000,0.000000000,AERIAL
10.404000282,0.622808874,0.000000000,0.000000000,0.000000000,AERIAL
10.404999733,0.622941613,0.000000000,0.000000000,0.000000000,AERIAL
10.406000137,0.623076022,0.000000000,0.000000000,0.000000000,AERIAL
10.406999588,0.623212218,0.000000000,0.000000000,0.000000000,AERIAL
10.407999992,0.623350263,0.000000000,0.000000000,0.000000000,AERIAL
10.409000397,0.623490214,0.000000000,0.000000000,0.000000000,AERIAL
10.409999847,0.623632193,0.000000000,0.000000000,0.000000000,AERIAL
10.411000252,0.623776197,0.000000000,0.000000000,0.000000000,AERIAL
10.411999702,0.623922288,0.000000000,0.000000000,0.000000000,AERIAL
10.413000107,0.624070466,0.000000000,0.000000000,0.000000000,AERIAL
10.413999557,0.624220908,0.000000000,0.000000000,0.000000000,AERIAL
10.414999962,0.624373555,0.000000000,0.000000000,0.000000000,AERIAL
10.416000366,0.624528408,0.000000000,0.000000000,0.000000000,AERIAL
10.416999817,0.624685585,0.000000000,0.000000000,0.000000000,AERIAL
10.418000221,0.624845088,0.000000000,0.000000000,0.000000000,AERIAL
10.418999672,0.625006914,0.000000000,0.000000000,0.000000000,AERIAL
10.420000076,0.625171185,0.000000000,0.000000000,0.000000000,AERIAL
10.420999527,0.625337839,0.000000000,0.000000000,0.000000000,AERIAL
10.421999931,0.625506938,0.000000000,0.000000000,0.000000000,AERIAL
10.423000336,0.625678480,0.000000000,0.000000000,0.000000000,AERIAL
10.423999786,0.625852466,0.000000000,0.000000000,0.000000000,AERIAL
10.425000191,0.626028895,0.000000000,0.000000000,0.000000000,AERIAL
10.425999641,0.626207709,0.000000000,0.000000000,0.000000000,AERIAL
10.427000046,0.626389027,0.000000000,0.000000000,0.000000000,AERIAL
10.428000450,0.626572728,0.000000000,0.000000000,0.000000000,AERIAL
10.428999901,0.626758873,0.000000000,0.000000000,0.000000000,AERIAL
10.430000305,0.626947403,0.000000000,0.000000000,0.000000000,AERIAL
10.430999756,0.627138376,0.000000000,0.000000000,0.000000000,AERIAL
10.432000160,0.627331674,0.000000000,0.000000000,0.000000000,AERIAL
10.432999611,0.627527356,0.000000000,0.000000000,0.000000000,AERIAL
10.434000015,0.627725363,0.000000000,0.000000000,0.000000000,AERIAL
10.435000420,0.627925575,0.000000000,0.000000000,0.000000000,AERIAL
10.435999870,0.628127992,0.000000000,0.000000000,0.000000000,AERIAL
10.437000275,0.628332555,0.000000000,0.000000000,0.000000000,AERIAL
10.437999725,0.628539205,0.000000000,0.000000000,0.000000000,AERIAL
10.439000130,0.628747940,0.000000000,0.000000000,0.000000000,AERIAL
10.439999580,0.628958642,0.000000000,0.000000000,0.000000000,AERIAL
10.440999985,0.629171252,0.000000000,0.000000000,0.000000000,AERIAL
10.442000389,0.629385829,0.000000000,0.000000000,0.000000000,AERIAL
10.442999840,0.629602134,0.000000000,0.000000000,0.000000000,AERIAL
10.444000244,0.629820168,0.000000000,0.000000000,0.000000000,AERIAL
10.444999695,0.630039811,0.000000000,0.000000000,0.000000000,AERIAL
10.446000099,0.630260944,0.000000000,0.000000000,0.000000000,AERIAL
10.446999550,0.630483449,0.000000000,0.000000000,0.000000000,AERIAL
10.447999954,0.630707324,0.000000000,0.000000000,0.000000000,AERIAL
10.449000359,0.630932331,0.000000000,0.000000000,0.000000000,AERIAL
10.449999809,0.631158531,0.000000000,0.000000000,0.000000000,AERIAL
10.451000214,0.631385684,0.000000000,0.000000000,0.000000000,AERIAL
10.451999664,0.631613791,0.000000000,0.000000000,0.000000000,AERIAL
10.453000069,0.631842613,0.000000000,0.000000000,0.000000000,AERIAL
10.454000473,0.632072091,0.000000000,0.000000000,0.000000000,AERIAL
10.454999924,0.632302046,0.000000000,0.000000000,0.000000000,AERIAL
10.456000328,0.632532358,0.000000000,0.000000000,0.000000000,AERIAL
10.456999779,0.632762790,0.000000000,0.000000000,0.000000000,AERIAL
10.458000183,0.632993281,0.000000000,0.000000000,0.000000000,AERIAL
10.458999634,0.633223712,0.000000000,0.000000000,0.000000000,AERIAL
10.460000038,0.633453786,0.000000000,0.000000000,0.000000000,AERIAL
10.461000443,0.633683562,0.000000000,0.000000000,0.000000000,AERIAL
10.461999893,0.633912742,0.000000000,0.000000000,0.000000000,AERIAL
10.463000298,0.634141147,0.000000000,0.000000000,0.000000000,AERIAL
10.463999748,0.634368658,0.000000000,0.000000000,0.000000000,AERIAL
10.465000153,0.634594977,0.000000000,0.000000000,0.000000000,AERIAL
10.465999603,0.634819984,0.000000000,0.000000000,0.000000000,AERIAL
10.467000008,0.635043442,0.000000000,0.000000000,0.000000000,AERIAL
10.468000412,0.635265172,0.000000000,0.000000000,0.000000000,AERIAL
10.468999863,0.635484993,0.000000000,0.000000000,0.000000000,AERIAL
10.470000267,0.635702610,0.000000000,0.000000000,0.000000000,AERIAL
10.470999718,0.635917962,0.000000000,0.000000000,0.000000000,AERIAL
10.472000122,0.636130810,0.000000000,0.000000000,0.000000000,AERIAL
10.472999573,0.636340916,0.000000000,0.000000000,0.000000000,AERIAL
10.473999977,0.636547983,0.000000000,0.000000000,0.000000000,AERIAL
10.475000381,0.636751771,0.000000000,0.000000000,0.000000000,AERIAL
10.475999832,0.636952043,0.000000000,0.000000000,0.000000000,AERIAL
10.477000237,0.637148499,0.000000000,0.000000000,0.000000000,AERIAL
10.477999687,0.637340963,0.000000000,0.000000000,0.000000000,AERIAL
10.479000092,0.637529194,0.000000000,0.000000000,0.000000000,AERIAL
10.479999542,0.637712896,0.000000000,0.000000000,0.000000000,AERIAL
10.480999947,0.637891829,0.000000000,0.000000000,0.000000000,AERIAL
10.482000351,0.638065755,0.000000000,0.000000000,0.000000000,AERIAL
10.482999802,0.638234437,0.000000000,0.000000000,0.000000000,AERIAL
10.484000206,0.638397455,0.000000000,0.000000000,0.000000000,AERIAL
10.484999657,0.638554573,0.000000000,0.000000000,0.000000000,AERIAL
10.486000061,0.638705432,0.000000000,0.000000000,0.000000000,AERIAL
10.487000465,0.638849735,0.000000000,0.000000000,0.000000000,AERIAL
10.487999916,0.638987184,0.000000000,0.000000000,0.000000000,AERIAL
10.489000320,0.639117479,0.000000000,0.000000000,0.000000000,AERIAL
10.489999771,0.639240384,0.000000000,0.000000000,0.000000000,AERIAL
10.491000175,0.639355540,0.000000000,0.000000000,0.000000000,AERIAL
10.491999626,0.639462709,0.000000000,0.000000000,0.000000000,AERIAL
10.493000031,0.639561474,0.000000000,0.000000000,0.000000000,AERIAL
10.494000435,0.639651418,0.000000000,0.000000000,0.000000000,AERIAL
10.494999886,0.639732242,0.000000000,0.000000000,0.000000000,AERIAL
10.496000290,0.639803469,0.000000000,0.000000000,0.000000000,AERIAL
10.496999741,0.639864862,0.000000000,0.000000000,0.000000000,AERIAL
10.498000145,0.639915943,0.000000000,0.000000000,0.000000000,AERIAL
10.498999596,0.639956474,0.000000000,0.000000000,0.000000000,AERIAL
10.500000000,0.639985979,0.000000000,0.000000000,0.000000000,AERIAL
10.501000404,0.640004218,0.000000000,0.000000000,0.000000000,AERIAL
10.501999855,0.640010834,0.000000000,0.000000000,0.000000000,AERIAL
10.503000259,0.640005291,0.000000000,0.000000000,0.000000000,AERIAL
10.503999710,0.639987111,0.000000000,0.000000000,0.000000000,AERIAL
10.505000114,0.639955878,0.000000000,0.000000000,0.000000000,AERIAL
10.505999565,0.639910996,0.000000000,0.000000000,0.000000000,AERIAL
10.506999969,0.639852166,0.000000000,0.000000000,0.000000000,AERIAL
10.508000374,0.639778793,0.000000000,0.000000000,0.000000000,AERIAL
10.508999825,0.639690578,0.000000000,0.000000000,0.000000000,AERIAL
10.510000229,0.639587045,0.000000000,0.000000000,0.000000000,AERIAL
10.510999680,0.639467716,0.000000000,0.000000000,0.000000000,AERIAL
10.512000084,0.639332294,0.000000000,0.000000000,0.000000000,AERIAL
10.512999535,0.639180362,0.000000000,0.000000000,0.000000000,AERIAL
10.513999939,0.639011383,0.000000000,0.000000000,0.000000000,AERIAL
10.515000343,0.638825059,0.000000000,0.000000000,0.000000000,AERIAL
10.515999794,0.638620973,0.000000000,0.000000000,0.000000000,AERIAL
10.517000198,0.638398647,0.000000000,0.000000000,0.000000000,AERIAL
10.517999649,0.638157785,0.000000000,0.000000000,0.000000000,AERIAL
10.519000053,0.637897909,0.000000000,0.000000000,0.000000000,AERIAL
10.520000458,0.637618840,0.000000000,0.000000000,0.000000000,AERIAL
10.520999908,0.637320042,0.000000000,0.000000000,0.000000000,AERIAL
10.522000313,0.637001276,0.000000000,0.000000000,0.000000000,AERIAL
10.522999763,0.636662185,0.000000000,0.000000000,0.000000000,AERIAL
10.524000168,0.636302471,0.000000000,0.000000000,0.000000000,AERIAL
10.524999619,0.635921776,0.000000000,0.000000000,0.000000000,AERIAL
10.526000023,0.635519803,0.000000000,0.000000000,0.000000000,AERIAL
10.527000427,0.635096312,0.000000000,0.000000000,0.000000000,AERIAL
10.527999878,0.634650946,0.000000000,0.000000000,0.000000000,AERIAL
10.529000282,0.634183466,0.000000000,0.000000000,0.000000000,AERIAL
10.529999733,0.633693516,0.000000000,0.000000000,0.000000000,AERIAL
10.531000137,0.633180857,0.000000000,0.000000000,0.000000000,AERIAL
10.531999588,0.632645249,0.000000000,0.000000000,0.000000000,AERIAL
10.532999992,0.632086396,0.000000000,0.000000000,0.000000000,AERIAL
10.534000397,0.631503999,0.000000000,0.000000000,0.000000000,AERIAL
10.534999847,0.630897880,0.000000000,0.000000000,0.000000000,AERIAL
10.536000252,0.630267739,0.000000000,0.000000000,0.000000000,AERIAL
10.536999702,0.629613340,0.000000000,0.000000000,0.000000000,AERIAL
10.538000107,0.628934443,0.000000000,0.000000000,0.000000000,AERIAL
10.538999557,0.628230751,0.000000000,0.000000000,0.000000000,AERIAL
10.539999962,0.627502143,0.000000000,0.000000000,0.000000000,AERIAL
10.541000366,0.626748264,0.000000000,0.000000000,0.000000000,AERIAL
10.541999817,0.625968933,0.000000000,0.000000000,0.000000000,AERIAL
10.543000221,0.625163913,0.000000000,0.000000000,0.000000000,AERIAL
10.543999672,0.624332964,0.000000000,0.000000000,0.000000000,AERIAL
10.545000076,0.623475969,0.000000000,0.000000000,0.000000000,AERIAL
10.545999527,0.622592568,0.000000000,0.000000000,0.000000000,AERIAL
10.546999931,0.621682644,0.000000000,0.000000000,0.000000000,AERIAL
10.548000336,0.620745957,0.000000000,0.000000000,0.000000000,AERIAL
10.548999786,0.619782269,0.000000000,0.000000000,0.000000000,AERIAL
10.550000191,0.618791342,0.000000000,0.000000000,0.000000000,AERIAL
10.550999641,0.617773116,0.000000000,0.000000000,0.000000000,AERIAL
10.552000046,0.616727233,0.000000000,0.000000000,0.000000000,AERIAL
10.553000450,0.615653634,0.000000000,0.000000000,0.000000000,AERIAL
10.553999901,0.614552021,0.000000000,0.000000000,0.000000000,AERIAL
10.555000305,0.613422215,0.000000000,0.000000000,0.000000000,AERIAL
10.555999756,0.612264097,0.000000000,0.000000000,0.000000000,AERIAL
10.557000160,0.611077368,0.000000000,0.000000000,0.000000000,AERIAL
10.557999611,0.609861970,0.000000000,0.000000000,0.000000000,AERIAL
10.559000015,0.608617663,0.000000000,0.000000000,0.000000000,AERIAL
10.560000420,0.607344329,0.000000000,0.000000000,0.000000000,AERIAL
10.560999870,0.606041670,0.000000000,0.000000000,0.000000000,AERIAL
10.562000275,0.604709685,0.000000000,0.000000000,0.000000000,AERIAL
10.562999725,0.603348076,0.000000000,0.000000000,0.000000000,AERIAL
10.564000130,0.601956785,0.000000000,0.000000000,0.000000000,AERIAL
10.564999580,0.600535572,0.000000000,0.000000000,0.000000000,AERIAL
10.565999985,0.599084377,0.000000000,0.000000000,0.000000000,AERIAL
10.567000389,0.597602963,0.000000000,0.000000000,0.000000000,AERIAL
10.567999840,0.596091211,0.000000000,0.000000000,0.000000000,AERIAL
10.569000244,0.594549060,0.000000000,0.000000000,0.000000000,AERIAL
10.569999695,0.592976272,0.000000000,0.000000000,0.000000000,AERIAL
10.571000099,0.591372788,0.000000000,0.000000000,0.000000000,AERIAL
10.571999550,0.589738488,0.000000000,0.000000000,0.000000000,AERIAL
10.572999954,0.588073254,0.000000000,0.000000000,0.000000000,AERIAL
10.574000359,0.586376905,0.000000000,0.000000000,0.000000000,AERIAL
10.574999809,0.584649384,0.000000000,0.000000000,0.000000000,AERIAL
10.576000214,0.582890570,0.000000000,0.000000000,0.000000000,AERIAL
10.576999664,0.581100404,0.000000000,0.000000000,0.000000000,AERIAL
10.578000069,0.579278767,0.000000000,0.000000000,0.000000000,AERIAL
10.579000473,0.577425539,0.000000000,0.000000000,0.000000000,AERIAL
10.579999924,0.575540662,0.000000000,0.000000000,0.000000000,AERIAL
10.581000328,0.573624134,0.000000000,0.000000000,0.000000000,AERIAL
10.581999779,0.571675777,0.000000000,0.000000000,0.000000000,AERIAL
10.583000183,0.569695592,0.000000000,0.000000000,0.000000000,AERIAL
10.583999634,0.567683458,0.000000000,0.000000000,0.000000000,AERIAL
10.585000038,0.565639377,0.000000000,0.000000000,0.000000000,AERIAL
10.586000443,0.563563287,0.000000000,0.000000000,0.000000000,AERIAL
10.586999893,0.561455190,0.000000000,0.000000000,0.000000000,AERIAL
10.588000298,0.559314966,0.000000000,0.000000000,0.000000000,AERIAL
10.588999748,0.557142615,0.000000000,0.000000000,0.000000000,AERIAL
10.590000153,0.554938138,0.000000000,0.000000000,0.000000000,AERIAL
10.590999603,0.552701473,0.000000000,0.000000000,0.000000000,AERIAL
10.592000008,0.550432742,0.000000000,0.000000000,0.000000000,AERIAL
10.593000412,0.548131764,0.000000000,0.000000000,0.000000000,AERIAL
10.593999863,0.545798659,0.000000000,0.000000000,0.000000000,AERIAL
10.595000267,0.543433368,0.000000000,0.000000000,0.000000000,AERIAL
10.595999718,0.541035950,0.000000000,0.000000000,0.000000000,AERIAL
10.597000122,0.538606405,0.000000000,0.000000000,0.000000000,AERIAL
10.597999573,0.536144733,0.000000000,0.000000000,0.000000000,AERIAL
10.598999977,0.533650935,0.000000000,0.000000000,0.000000000,AERIAL
10.600000381,0.531125188,0.000000000,0.000000000,0.000000000,AERIAL
10.600999832,0.528567433,0.000000000,0.000000000,0.000000000,AERIAL
10.602000237,0.525977790,0.000000000,0.000000000,0.000000000,AERIAL
10.602999687,0.523356259,0.000000000,0.000000000,0.000000000,AERIAL
10.604000092,0.520702899,0.000000000,0.000000000,0.000000000,AERIAL
10.604999542,0.518017769,0.000000000,0.000000000,0.000000000,AERIAL
10.605999947,0.515300930,0.000000000,0.000000000,0.000000000,AERIAL
10.607000351,0.512552500,0.000000000,0.000000000,0.000000000,AERIAL
10.607999802,0.509772539,0.000000000,0.000000000,0.000000000,AERIAL
10.609000206,0.506961167,0.000000000,0.000000000,0.000000000,AERIAL
10.609999657,0.504118443,0.000000000,0.000000000,0.000000000,AERIAL
10.611000061,0.501244485,0.000000000,0.000000000,0.000000000,AERIAL
10.612000465,0.498339385,0.000000000,0.000000000,0.000000000,AERIAL
10.612999916,0.495403260,0.000000000,0.000000000,0.000000000,AERIAL
10.614000320,0.492436171,0.000000000,0.000000000,0.000000000,AERIAL
10.614999771,0.489438266,0.000000000,0.000000000,0.000000000,AERIAL
10.616000175,0.486409634,0.000000000,-0.000000000,0.000000000,AERIAL
10.616999626,0.483350366,0.000000000,-0.000000000,0.000000000,AERIAL
10.618000031,0.480260581,0.000000000,-0.000000000,0.000000000,AERIAL
10.619000435,0.477140427,0.000000000,-0.000000000,0.000000000,AERIAL
10.619999886,0.473990053,0.000000000,-0.000000000,0.000000000,AERIAL
10.621000290,0.470809609,0.000000000,-0.000000000,0.000000000,AERIAL
10.621999741,0.467599154,0.000000000,-0.000000000,0.000000000,AERIAL
10.623000145,0.464358926,0.000000000,-0.000000000,0.000000000,AERIAL
10.623999596,0.461089134,0.000000000,-0.000000000,0.000000000,AERIAL
10.625000000,0.457790047,0.000000000,-0.000000000,0.000000000,AERIAL
10.626000404,0.454461873,0.000000000,-0.000000000,0.000000000,AERIAL
10.626999855,0.451104879,0.000000000,-0.000000000,0.000000000,AERIAL
10.628000259,0.447719306,0.000000000,-0.000000000,0.000000000,AERIAL
10.628999710,0.444305420,0.000000000,-0.000000000,0.000000000,AERIAL
10.630000114,0.440863520,0.000000000,-0.000000000,0.000000000,AERIAL
10.630999565,0.437393874,0.000000000,-0.000000000,0.000000000,AERIAL
10.631999969,0.433896750,0.000000000,-0.000000000,0.000000000,AERIAL
10.633000374,0.430372566,0.000000000,-0.000000000,0.000000000,AERIAL
10.633999825,0.426821679,0.000000000,-0.000000000,0.000000000,AERIAL
10.635000229,0.423244536,0.000000000,-0.000000000,0.000000000,AERIAL
10.635999680,0.419641525,0.000000000,-0.000000000,0.000000000,AERIAL
10.637000084,0.416013062,0.000000000,-0.000000000,0.000000000,AERIAL
10.637999535,0.412359565,0.000000000,-0.000000000,0.000000000,AERIAL
10.638999939,0.408681422,0.000000000,-0.000000000,0.000000000,AERIAL
10.640000343,0.404979140,0.000000000,-0.000000000,0.000000000,AERIAL
10.640999794,0.401253045,0.000000000,-0.000000000,0.000000000,AERIAL
10.642000198,0.397503585,0.000000000,-0.000000000,0.000000000,AERIAL
10.642999649,0.393731296,0.000000000,-0.000000000,0.000000000,AERIAL
10.644000053,0.389936686,0.000000000,-0.000000000,0.000000000,AERIAL
10.645000458,0.386120260,0.000000000,-0.000000000,0.000000000,AERIAL
10.645999908,0.382282525,0.000000000,-0.000000000,0.000000000,AERIAL
10.647000313,0.378424019,0.000000000,-0.000000000,0.000000000,AERIAL
10.647999763,0.374545187,0.000000000,-0.000000000,0.000000000,AERIAL
10.649000168,0.370646596,0.000000000,-0.000000000,0.000000000,AERIAL
10.649999619,0.366728723,0.000000000,-0.000000000,0.000000000,AERIAL
10.651000023,0.362792045,0.000000000,-0.000000000,0.000000000,AERIAL
10.652000427,0.358837068,0.000000000,-0.000000000,0.000000000,AERIAL
10.652999878,0.354864329,0.000000000,-0.000000000,0.000000000,AERIAL
10.654000282,0.350874424,0.000000000,-0.000000000,0.000000000,AERIAL
10.654999733,0.346867889,0.000000000,-0.000000000,0.000000000,AERIAL
10.656000137,0.342845291,0.000000000,-0.000000000,0.000000000,AERIAL
10.656999588,0.338807166,0.000000000,-0.000000000,0.000000000,AERIAL
10.657999992,0.334754020,0.000000000,-0.000000000,0.000000000,AERIAL
10.659000397,0.330686420,0.000000000,-0.000000000,0.000000000,AERIAL
10.659999847,0.326604843,0.000000000,-0.000000000,0.000000000,AERIAL
10.661000252,0.322509825,0.000000000,-0.000000000,0.000000000,AERIAL
10.661999702,0.318401843,0.000000000,-0.000000000,0.000000000,AERIAL
10.663000107,0.314281434,0.000000000,-0.000000000,0.000000000,AERIAL
10.663999557,0.310149223,0.000000000,-0.000000000,0.000000000,AERIAL
10.664999962,0.306005716,0.000000000,-0.000000000,0.000000000,AERIAL
10.666000366,0.301851451,0.000000000,-0.000000000,0.000000000,AERIAL
10.666999817,0.297686934,0.000000000,-0.000000000,0.000000000,AERIAL
10.668000221,0.293512702,0.000000000,-0.000000000,0.000000000,AERIAL
10.668999672,0.289329261,0.000000000,-0.000000000,0.000000000,AERIAL
10.670000076,0.285137057,0.000000000,-0.000000000,0.000000000,AERIAL
10.670999527,0.280936599,0.000000000,-0.000000000,0.000000000,AERIAL
10.671999931,0.276728332,0.000000000,-0.000000000,0.000000000,AERIAL
10.673000336,0.272512764,0.000000000,-0.000000000,0.000000000,AERIAL
10.673999786,0.268290460,0.000000000,-0.000000000,0.000000000,AERIAL
10.675000191,0.264061838,0.000000000,-0.000000000,0.000000000,AERIAL
10.675999641,0.259827465,0.000000000,-0.000000000,0.000000000,AERIAL
10.677000046,0.255587757,0.000000000,-0.000000000,0.000000000,AERIAL
10.678000450,0.251343161,0.000000000,-0.000000000,0.000000000,AERIAL
10.678999901,0.247094139,0.000000000,-0.000000000,0.000000000,AERIAL
10.680000305,0.242841110,0.000000000,-0.000000000,0.000000000,AERIAL
10.680999756,0.238584489,0.000000000,-0.000000000,0.000000000,AERIAL
10.682000160,0.234324649,0.000000000,-0.000000000,0.000000000,AERIAL
10.682999611,0.230062068,0.000000000,-0.000000000,0.000000000,AERIAL
10.684000015,0.225797161,0.000000000,-0.000000000,0.000000000,AERIAL
10.685000420,0.221530378,0.000000000,-0.000000000,0.000000000,AERIAL
10.685999870,0.217262089,0.000000000,-0.000000000,0.000000000,AERIAL
10.687000275,0.212992713,0.000000000,-0.000000000,0.000000000,AERIAL
10.687999725,0.208722591,0.000000000,-0.000000000,0.000000000,AERIAL
10.689000130,0.204452112,0.000000000,-0.000000000,0.000000000,AERIAL
10.689999580,0.200181589,0.000000000,-0.000000000,0.000000000,AERIAL
10.690999985,0.195911348,0.000000000,-0.000000000,0.000000000,AERIAL
10.692000389,0.191641718,0.000000000,-0.000000000,0.000000000,AERIAL
10.692999840,0.187373042,0.000000000,-0.000000000,0.000000000,AERIAL
10.694000244,0.183105692,0.000000000,-0.000000000,0.000000000,AERIAL
10.694999695,0.178839967,0.000000000,-0.000000000,0.000000000,AERIAL
10.696000099,0.174576178,0.000000000,-0.000000000,0.000000000,AERIAL
10.696999550,0.170314625,0.000000000,-0.000000000,0.000000000,AERIAL
10.697999954,0.166055590,0.000000000,-0.000000000,0.000000000,AERIAL
10.699000359,0.161799327,0.000000000,-0.000000000,0.000000000,AERIAL
10.699999809,0.157546088,0.000000000,-0.000000000,0.000000000,AERIAL
10.701000214,0.153296083,0.000000000,-0.000000000,0.000000000,AERIAL
10.701999664,0.149049535,0.000000000,-0.000000000,0.000000000,AERIAL
10.703000069,0.144806713,0.000000000,-0.000000000,0.000000000,AERIAL
10.704000473,0.140567854,0.000000000,-0.000000000,0.000000000,AERIAL
10.704999924,0.136333168,0.000000000,-0.000000000,0.000000000,AERIAL
10.706000328,0.132102892,0.000000000,-0.000000000,0.000000000,AERIAL
10.706999779,0.127877191,0.000000000,-0.000000000,0.000000000,AERIAL
10.708000183,0.123656236,0.000000000,-0.000000000,0.000000000,AERIAL
10.708999634,0.119440205,0.000000000,-0.000000000,0.000000000,AERIAL
10.710000038,0.115229234,0.000000000,-0.000000000,0.000000000,AERIAL
10.711000443,0.111023456,0.000000000,-0.000000000,0.000000000,AERIAL
10.711999893,0.106822968,0.000000000,-0.000000000,0.000000000,AERIAL
10.713000298,0.102627940,0.000000000,-0.000000000,0.000000000,AERIAL
10.713999748,0.098438509,0.000000000,-0.000000000,0.000000000,AERIAL
10.715000153,0.094254792,0.000000000,-0.000000000,0.000000000,AERIAL
10.715999603,0.090076886,0.000000000,-0.000000000,0.000000000,AERIAL
10.717000008,0.085904889,0.000000000,-0.000000000,0.000000000,AERIAL
10.718000412,0.081738874,0.000000000,-0.000000000,0.000000000,AERIAL
10.718999863,0.077578895,0.000000000,-0.000000000,0.000000000,AERIAL
10.720000267,0.073424995,0.000000000,-0.000000000,0.000000000,AERIAL
10.720999718,0.069277205,0.000000000,-0.000000000,0.000000000,AERIAL
10.722000122,0.065135539,0.000000000,-0.000000000,0.000000000,AERIAL
10.722999573,0.061000049,0.000000000,-0.000000000,0.000000000,AERIAL
10.723999977,0.056870777,0.000000000,-0.000000000,0.000000000,AERIAL
10.725000381,0.052747738,0.000000000,-0.000000000,0.000000000,AERIAL
10.725999832,0.048630938,0.000000000,-0.000000000,0.000000000,AERIAL
10.727000237,0.044520371,0.000000000,-0.000000000,0.000000000,AERIAL
10.727999687,0.040416006,0.000000000,-0.000000000,0.000000000,AERIAL
10.729000092,0.036317807,0.000000000,-0.000000000,0.000000000,AERIAL
10.729999542,0.032225728,0.000000000,-0.000000000,0.000000000,AERIAL
10.730999947,0.028139701,0.000000000,-0.000000000,0.000000000,LANDING
10.732000351,0.024059655,0.000000000,-0.000000000,0.000000000,LANDING
10.732999802,0.019985545,0.000000000,-0.000000000,0.000000000,LANDING
10.734000206,0.015917314,0.000000000,-0.000000000,0.000000000,LANDING
10.734999657,0.011854889,0.000000000,-0.000000000,0.000000000,LANDING
10.736000061,0.007798183,0.000000000,-0.000000000,0.000000000,LANDING
10.737000465,0.003747097,0.000000000,-0.000000000,0.000000000,LANDING
10.737999916,0.003735147,-0.002284700,-2.284699917,4.267297745,SUPPORT
10.739000320,0.003736752,-0.003290540,-1.005839825,4.442314148,SUPPORT
10.739999771,0.003761662,-0.002861558,0.428982317,3.483751059,SUPPORT
10.741000175,0.003818900,-0.000935321,1.926236987,3.148585796,TAKEOFF
10.741999626,0.004283011,0.000000000,0.935320497,0.000000000,TAKEOFF
10.743000031,0.005105449,0.000000000,-0.000000003,0.000000000,TAKEOFF
10.744000435,0.005941039,0.000000000,-0.000000001,0.000000000,TAKEOFF
10.744999886,0.006787416,0.000000000,-0.000000000,0.000000000,TAKEOFF
10.746000290,0.007642240,0.000000000,-0.000000000,0.000000000,TAKEOFF
10.746999741,0.008503206,0.000000000,-0.000000000,0.000000000,TAKEOFF
10.748000145,0.009368036,0.000000000,-0.000000000,0.000000000,TAKEOFF
10.748999596,0.010234486,0.000000000,-0.000000000,0.000000000,TAKEOFF
10.750000000,0.011100346,0.000000000,-0.000000000,0.000000000,TAKEOFF
10.751000404,0.011963441,0.000000000,-0.000000000,0.000000000,TAKEOFF
10.751999855,0.012821632,0.000000000,-0.000000000,0.000000000,TAKEOFF
10.753000259,0.013673637,0.000000000,-0.000000000,0.000000000,TAKEOFF
10.753999710,0.014518201,0.000000000,-0.000000000,0.000000000,TAKEOFF
10.755000114,0.015354096,0.000000000,-0.000000000,0.000000000,TAKEOFF
10.755999565,0.016180113,0.000000000,-0.000000000,0.000000000,TAKEOFF
10.756999969,0.014057440,0.000000000,0.000000000,0.000000000,TAKEOFF
10.758000374,0.011857168,0.000000000,-0.000000000,0.000000000,TAKEOFF
10.758999825,0.009581828,0.000000000,0.000000000,0.000000000,TAKEOFF
10.760000229,0.007234070,0.000000000,0.000000000,0.000000000,TAKEOFF
10.760999680,0.005541140,-0.000008446,-0.008445851,3.605549812,TAKEOFF
10.762000084,0.003778889,0.000000000,0.008445854,0.000000000,TAKEOFF
10.762999535,0.003744374,-0.000318961,-0.318960637,3.925259113,TAKEOFF
10.763999939,0.003711241,0.000000000,0.318960637,0.000000000,TAKEOFF
10.765000343,0.003697647,0.000000000,-0.000000003,0.000000000,TAKEOFF
10.765999794,0.003666506,-0.000019940,-0.019939888,3.767304659,TAKEOFF
10.767000198,0.003636444,0.000000000,0.019939892,0.000000000,TAKEOFF
10.767999649,0.003607477,-0.000021800,-0.021800203,3.783783197,TAKEOFF
10.769000053,0.003579557,0.000000000,0.021800203,0.000000000,TAKEOFF
10.770000458,0.003552673,-0.000018855,-0.018854547,3.756572247,TAKEOFF
10.770999908,0.003526796,0.000000000,0.018854547,0.000000000,TAKEOFF
10.772000313,0.003501920,-0.000021735,-0.021734649,3.783241749,TAKEOFF
10.772999763,0.003478023,0.000000000,0.021734649,0.000000000,TAKEOFF
10.774000168,0.003455062,-0.000016908,-0.016907576,3.735096693,TAKEOFF
10.774999619,0.003433033,0.000000000,0.016907576,0.000000000,TAKEOFF
10.776000023,0.003411918,-0.000021883,-0.021883152,3.784464359,TAKEOFF
10.777000427,0.003391617,0.000000000,0.021883152,0.000000000,TAKEOFF
10.777999878,0.003371451,-0.000013712,-0.013712166,3.693219900,TAKEOFF
10.779000282,0.003351229,0.000000000,0.013712166,0.000000000,TAKEOFF
10.779999733,0.003331135,-0.000023705,-0.023704980,3.798353434,TAKEOFF
10.781000137,0.003310938,0.000000000,0.023704980,0.000000000,TAKEOFF
10.781999588,0.003290849,-0.000009777,-0.009776631,3.629836559,TAKEOFF
10.782999992,0.003270734,0.000000000,0.009776631,0.000000000,TAKEOFF
10.784000397,0.003250692,-0.000013460,-0.013459555,3.689543962,TAKEOFF
10.784999847,0.003230612,0.000000000,0.013459556,0.000000000,TAKEOFF
10.786000252,0.003210580,-0.000000271,-0.000270641,3.433827400,TAKEOFF
10.786999702,0.003190566,0.000000000,0.000270640,0.000000000,TAKEOFF
10.788000107,0.003170573,0.000000000,-0.000000004,0.000000000,TAKEOFF
10.788999557,0.003150598,0.000000000,-0.000000000,0.000000000,TAKEOFF
10.789999962,0.003130642,0.000000000,-0.000000000,0.000000000,TAKEOFF
10.791000366,0.003110703,0.000000000,-0.000000000,0.000000000,TAKEOFF
10.791999817,0.003090781,0.000000000,-0.000000000,0.000000000,TAKEOFF
10.793000221,0.003070876,0.000000000,-0.000000000,0.000000000,TAKEOFF
10.793999672,0.003050987,0.000000000,-0.000000000,0.000000000,TAKEOFF
10.795000076,0.003031114,0.000000000,-0.000000000,0.000000000,TAKEOFF
10.795999527,0.003011257,0.000000000,-0.000000000,0.000000000,TAKEOFF
10.796999931,0.002991414,0.000000000,-0.000000000,0.000000000,TAKEOFF
10.798000336,0.002971586,0.000000000,-0.000000000,0.000000000,TAKEOFF
10.798999786,0.002951772,0.000000000,-0.000000000,0.000000000,TAKEOFF
10.800000191,0.002931972,0.000000000,-0.000000000,0.000000000,TAKEOFF
10.800999641,0.002912185,0.000000000,-0.000000000,0.000000000,TAKEOFF
10.802000046,0.002892411,0.000000000,-0.000000000,0.000000000,TAKEOFF
10.803000450,0.002872649,0.000000000,-0.000000000,0.000000000,TAKEOFF
10.803999901,0.002852900,0.000000000,-0.000000000,0.000000000,TAKEOFF
10.805000305,0.002833163,0.000000000,-0.000000000,0.000000000,TAKEOFF
10.805999756,0.002813438,0.000000000,-0.000000000,0.000000000,TAKEOFF
10.807000160,0.002793724,0.000000000,-0.000000000,0.000000000,TAKEOFF
10.807999611,0.002774021,0.000000000,-0.000000000,0.000000000,TAKEOFF
10.809000015,0.002754329,0.000000000,-0.000000000,0.000000000,TAKEOFF
10.810000420,0.002734647,0.000000000,-0.000000000,0.000000000,TAKEOFF
10.810999870,0.002714976,0.000000000,-0.000000000,0.000000000,TAKEOFF
10.812000275,0.002695314,0.000000000,-0.000000000,0.000000000,TAKEOFF
10.812999725,0.002675663,0.000000000,-0.000000000,0.000000000,TAKEOFF
10.814000130,0.002656020,0.000000000,-0.000000000,0.000000000,TAKEOFF
10.814999580,0.002636387,0.000000000,-0.000000000,0.000000000,TAKEOFF
10.815999985,0.002616763,0.000000000,-0.000000000,0.000000000,TAKEOFF
10.817000389,0.002597148,0.000000000,-0.000000000,0.000000000,TAKEOFF
10.817999840,0.002577541,0.000000000,-0.000000000,0.000000000,TAKEOFF
10.819000244,0.002557942,0.000000000,-0.000000000,0.000000000,TAKEOFF
10.819999695,0.002538352,0.000000000,-0.000000000,0.000000000,TAKEOFF
10.821000099,0.002518770,0.000000000,-0.000000000,0.000000000,TAKEOFF
10.821999550,0.002499195,0.000000000,-0.000000000,0.000000000,TAKEOFF
10.822999954,0.002479628,0.000000000,-0.000000000,0.000000000,TAKEOFF
10.824000359,0.002460068,0.000000000,-0.000000000,0.000000000,TAKEOFF
10.824999809,0.002440516,0.000000000,-0.000000000,0.000000000,TAKEOFF
10.826000214,0.002420970,0.000000000,-0.000000000,0.000000000,TAKEOFF
10.826999664,0.002401432,0.000000000,-0.000000000,0.000000000,TAKEOFF
10.828000069,0.002381899,0.000000000,-0.000000000,0.000000000,TAKEOFF
10.829000473,0.002362374,0.000000000,-0.000000000,0.000000000,TAKEOFF
10.829999924,0.002342854,0.000000000,-0.000000000,0.000000000,TAKEOFF
10.831000328,0.002323341,0.000000000,-0.000000000,0.000000000,TAKEOFF
10.831999779,0.002303834,0.000000000,-0.000000000,0.000000000,TAKEOFF
10.833000183,0.002284332,0.000000000,-0.000000000,0.000000000,TAKEOFF
10.833999634,0.002264836,0.000000000,-0.000000000,0.000000000,TAKEOFF
10.835000038,0.002245346,0.000000000,-0.000000000,0.000000000,TAKEOFF
10.836000443,0.002225860,0.000000000,-0.000000000,0.000000000,TAKEOFF
10.836999893,0.002206380,0.000000000,-0.000000000,0.000000000,TAKEOFF
10.838000298,0.002186905,0.000000000,-0.000000000,0.000000000,TAKEOFF
10.838999748,0.002167434,0.000000000,-0.000000000,0.000000000,TAKEOFF
10.840000153,0.002147967,0.000000000,-0.000000000,0.000000000,TAKEOFF
10.840999603,0.002128505,0.000000000,-0.000000000,0.000000000,TAKEOFF
10.842000008,0.002109047,0.000000000,-0.000000000,0.000000000,TAKEOFF
10.843000412,0.002089593,0.000000000,-0.000000000,0.000000000,TAKEOFF
10.843999863,0.002070142,0.000000000,-0.000000000,0.000000000,TAKEOFF
10.845000267,0.002050695,0.000000000,-0.000000000,0.000000000,TAKEOFF
10.845999718,0.002031251,0.000000000,-0.000000000,0.000000000,TAKEOFF
10.847000122,0.002011810,0.000000000,-0.000000000,0.000000000,TAKEOFF
10.847999573,0.001992371,0.000000000,-0.000000000,0.000000000,TAKEOFF
10.848999977,0.001972935,0.000000000,-0.000000000,0.000000000,TAKEOFF
10.850000381,0.001953501,0.000000000,-0.000000000,0.000000000,TAKEOFF
10.850999832,0.001934069,0.000000000,-0.000000000,0.000000000,TAKEOFF
10.852000237,0.001914639,0.000000000,-0.000000000,0.000000000,TAKEOFF
10.852999687,0.001895210,0.000000000,-0.000000000,0.000000000,TAKEOFF
10.854000092,0.001875782,0.000000000,-0.000000000,0.000000000,TAKEOFF
10.854999542,0.001856354,0.000000000,-0.000000000,0.000000000,TAKEOFF
10.855999947,0.001836927,0.000000000,-0.000000000,0.000000000,TAKEOFF
10.857000351,0.001817500,0.000000000,-0.000000000,0.000000000,TAKEOFF
10.857999802,0.001798072,0.000000000,0.000000000,0.000000000,TAKEOFF
10.859000206,0.001778644,0.000000000,0.000000000,0.000000000,TAKEOFF
10.859999657,0.001759214,0.000000000,0.000000000,0.000000000,TAKEOFF
10.861000061,0.001739783,0.000000000,0.000000000,0.000000000,TAKEOFF
10.862000465,0.001720350,0.000000000,0.000000000,0.000000000,TAKEOFF
10.862999916,0.001700914,0.000000000,0.000000000,0.000000000,TAKEOFF
10.864000320,0.001681476,0.000000000,0.000000000,0.000000000,TAKEOFF
10.864999771,0.001662034,0.000000000,0.000000000,0.000000000,TAKEOFF
10.866000175,0.001642588,0.000000000,0.000000000,0.000000000,TAKEOFF
10.866999626,0.001623137,0.000000000,0.000000000,0.000000000,TAKEOFF
10.868000031,0.001603682,0.000000000,0.000000000,0.000000000,TAKEOFF
10.869000435,0.001584221,0.000000000,0.000000000,0.000000000,TAKEOFF
10.869999886,0.001564753,0.000000000,0.000000000,0.000000000,TAKEOFF
10.871000290,0.001545279,0.000000000,0.000000000,0.000000000,TAKEOFF
10.871999741,0.001525798,0.000000000,0.000000000,0.000000000,TAKEOFF
10.873000145,0.001506308,0.000000000,0.000000000,0.000000000,TAKEOFF
10.873999596,0.001486809,0.000000000,0.000000000,0.000000000,TAKEOFF
10.875000000,0.001467301,0.000000000,0.000000000,0.000000000,TAKEOFF
10.876000404,0.001447783,0.000000000,0.000000000,0.000000000,TAKEOFF
10.876999855,0.001428253,0.000000000,0.000000000,0.000000000,TAKEOFF
10.878000259,0.001408712,0.000000000,0.000000000,0.000000000,TAKEOFF
10.878999710,0.001389157,0.000000000,0.000000000,0.000000000,TAKEOFF
10.880000114,0.001369590,0.000000000,0.000000000,0.000000000,TAKEOFF
10.880999565,0.001350007,0.000000000,0.000000000,0.000000000,TAKEOFF
10.881999969,0.001330409,0.000000000,0.000000000,0.000000000,TAKEOFF
10.883000374,0.001310795,0.000000000,0.000000000,0.000000000,TAKEOFF
10.883999825,0.001291163,0.000000000,0.000000000,0.000000000,TAKEOFF
10.885000229,0.001271513,0.000000000,0.000000000,0.000000000,TAKEOFF
10.885999680,0.001251843,0.000000000,0.000000000,0.000000000,TAKEOFF
10.887000084,0.001232152,0.000000000,0.000000000,0.000000000,TAKEOFF
10.887999535,0.001212439,0.000000000,0.000000000,0.000000000,TAKEOFF
10.888999939,0.001192703,0.000000000,0.000000000,0.000000000,TAKEOFF
10.890000343,0.001172943,0.000000000,0.000000000,0.000000000,TAKEOFF
10.890999794,0.001153157,0.000000000,0.000000000,0.000000000,TAKEOFF
10.892000198,0.001133344,0.000000000,0.000000000,0.000000000,TAKEOFF
10.892999649,0.001113502,0.000000000,0.000000000,0.000000000,TAKEOFF
10.894000053,0.001093631,0.000000000,0.000000000,0.000000000,TAKEOFF
10.895000458,0.001073728,0.000000000,0.000000000,0.000000000,TAKEOFF
10.895999908,0.001053792,0.000000000,0.000000000,0.000000000,TAKEOFF
10.897000313,0.001033822,0.000000000,0.000000000,0.000000000,TAKEOFF
10.897999763,0.001013816,0.000000000,0.000000000,0.000000000,TAKEOFF
10.899000168,0.000993771,0.000000000,0.000000000,0.000000000,TAKEOFF
10.899999619,0.000973687,0.000000000,0.000000000,0.000000000,TAKEOFF
10.901000023,0.000953562,0.000000000,0.000000000,0.000000000,TAKEOFF
10.902000427,0.000933393,0.000000000,0.000000000,0.000000000,TAKEOFF
10.902999878,0.000913179,0.000000000,0.000000000,0.000000000,TAKEOFF
10.904000282,0.000892918,0.000000000,0.000000000,0.000000000,TAKEOFF
10.904999733,0.000872607,0.000000000,0.000000000,0.000000000,TAKEOFF
10.906000137,0.000852245,0.000000000,0.000000000,0.000000000,TAKEOFF
10.906999588,0.000831829,0.000000000,0.000000000,0.000000000,TAKEOFF
10.907999992,0.000811357,0.000000000,0.000000000,0.000000000,TAKEOFF
10.909000397,0.000790827,0.000000000,0.000000000,0.000000000,TAKEOFF
10.909999847,0.000770235,0.000000000,0.000000000,0.000000000,TAKEOFF
10.911000252,0.000749581,0.000000000,0.000000000,0.000000000,TAKEOFF
10.911999702,0.000728860,0.000000000,0.000000000,0.000000000,TAKEOFF
10.913000107,0.000708071,0.000000000,0.000000000,0.000000000,TAKEOFF
10.913999557,0.000687210,0.000000000,0.000000000,0.000000000,TAKEOFF
10.914999962,0.000666275,0.000000000,0.000000000,0.000000000,TAKEOFF
10.916000366,0.000645263,0.000000000,0.000000000,0.000000000,TAKEOFF
10.916999817,0.000624170,0.000000000,0.000000000,0.000000000,TAKEOFF
10.918000221,0.000602994,0.000000000,0.000000000,0.000000000,TAKEOFF
10.918999672,0.000581731,0.000000000,0.000000000,0.000000000,TAKEOFF
10.920000076,0.000560378,0.000000000,0.000000000,0.000000000,TAKEOFF
10.920999527,0.000538932,0.000000000,0.000000000,0.000000000,TAKEOFF
10.921999931,0.000517388,0.000000000,0.000000000,0.000000000,TAKEOFF
10.923000336,0.000495743,0.000000000,0.000000000,0.000000000,TAKEOFF
10.923999786,0.000473993,0.000000000,0.000000000,0.000000000,TAKEOFF
10.925000191,0.000452134,0.000000000,0.000000000,0.000000000,TAKEOFF
10.925999641,0.000430163,0.000000000,0.000000000,0.000000000,TAKEOFF
10.927000046,0.002261110,0.000000000,0.000000000,0.000000000,TAKEOFF
10.928000450,0.004102080,0.000000000,-0.000000000,0.000000000,TAKEOFF
10.928999901,0.005951779,0.000000000,-0.000000000,0.000000000,TAKEOFF
10.930000305,0.007808913,0.000000000,-0.000000000,0.000000000,TAKEOFF
10.930999756,0.009666424,0.000000000,-0.000000000,0.000000000,TAKEOFF
10.932000160,0.011531514,0.000000000,0.000000000,0.000000000,TAKEOFF
10.932999611,0.013403462,0.000000000,-0.000000000,0.000000000,TAKEOFF
10.934000015,0.015281575,0.000000000,-0.000000000,0.000000000,TAKEOFF
10.935000420,0.017165158,0.000000000,-0.000000000,0.000000000,TAKEOFF
10.935999870,0.019053526,0.000000000,-0.000000000,0.000000000,TAKEOFF
10.937000275,0.020945987,0.000000000,-0.000000000,0.000000000,TAKEOFF
10.937999725,0.022841856,0.000000000,-0.000000000,0.000000000,TAKEOFF
10.939000130,0.024740452,0.000000000,-0.000000000,0.000000000,TAKEOFF
10.939999580,0.026641089,0.000000000,-0.000000000,0.000000000,TAKEOFF
10.940999985,0.028543092,0.000000000,-0.000000000,0.000000000,TAKEOFF
10.942000389,0.030445781,0.000000000,-0.000000000,0.000000000,AERIAL
10.942999840,0.032348480,0.000000000,-0.000000000,0.000000000,AERIAL
10.944000244,0.034250513,0.000000000,-0.000000000,0.000000000,AERIAL
10.944999695,0.036151208,0.000000000,-0.000000000,0.000000000,AERIAL
10.946000099,0.038049892,0.000000000,-0.000000000,0.000000000,AERIAL
10.946999550,0.039945893,0.000000000,-0.000000000,0.000000000,AERIAL
10.947999954,0.041838534,0.000000000,-0.000000000,0.000000000,AERIAL
10.949000359,0.043727133,0.000000000,-0.000000000,0.000000000,AERIAL
10.949999809,0.045610990,0.000000000,-0.000000000,0.000000000,AERIAL
10.951000214,0.047489360,0.000000000,-0.000000000,0.000000000,AERIAL
10.951999664,0.049361303,0.000000000,0.000000000,0.000000000,AERIAL
10.953000069,0.051225569,0.000000000,0.000000000,0.000000000,AERIAL
10.954000473,0.053089108,0.000000000,-0.000000000,0.000000000,AERIAL
10.954999924,0.054944810,0.000000000,0.000000000,0.000000000,AERIAL
10.956000328,0.056792092,0.000000000,-0.000000000,0.000000000,AERIAL
10.956999779,0.058630358,0.000000000,-0.000000000,0.000000000,AERIAL
10.958000183,0.060459033,0.000000000,-0.000000000,0.000000000,AERIAL
10.958999634,0.062277537,0.000000000,-0.000000000,0.000000000,AERIAL
10.960000038,0.064085297,0.000000000,-0.000000000,0.000000000,AERIAL
10.961000443,0.065881744,0.000000000,-0.000000000,0.000000000,AERIAL
10.961999893,0.067666315,0.000000000,-0.000000000,0.000000000,AERIAL
10.963000298,0.069438450,0.000000000,-0.000000000,0.000000000,AERIAL
10.963999748,0.071197599,0.000000000,-0.000000000,0.000000000,AERIAL
10.965000153,0.072943203,0.000000000,-0.000000000,0.000000000,AERIAL
10.965999603,0.074674726,0.000000000,-0.000000000,0.000000000,AERIAL
10.967000008,0.076391622,0.000000000,-0.000000000,0.000000000,AERIAL
10.968000412,0.078093357,0.000000000,-0.000000000,0.000000000,AERIAL
10.968999863,0.079779401,0.000000000,-0.000000000,0.000000000,AERIAL
10.970000267,0.081449226,0.000000000,-0.000000000,0.000000000,AERIAL
10.970999718,0.083102301,0.000000000,-0.000000000,0.000000000,AERIAL
10.972000122,0.084738120,0.000000000,-0.000000000,0.000000000,AERIAL
10.972999573,0.086356156,0.000000000,-0.000000000,0.000000000,AERIAL
10.973999977,0.087955914,0.000000000,-0.000000000,0.000000000,AERIAL
10.975000381,0.089536883,0.000000000,-0.000000000,0.000000000,AERIAL
10.975999832,0.091098554,0.000000000,-0.000000000,0.000000000,AERIAL
10.977000237,0.092640437,0.000000000,-0.000000000,0.000000000,AERIAL
10.977999687,0.094162039,0.000000000,-0.000000000,0.000000000,AERIAL
10.979000092,0.095662877,0.000000000,-0.000000000,0.000000000,AERIAL
10.979999542,0.097142458,0.000000000,-0.000000000,0.000000000,AERIAL
10.980999947,0.098600306,0.000000000,-0.000000000,0.000000000,AERIAL
10.982000351,0.100035943,0.000000000,-0.000000000,0.000000000,AERIAL
10.982999802,0.101448901,0.000000000,-0.000000000,0.000000000,AERIAL
10.984000206,0.102838702,0.000000000,-0.000000000,0.000000000,AERIAL
10.984999657,0.104204893,0.000000000,-0.000000000,0.000000000,AERIAL
10.986000061,0.105547011,0.000000000,-0.000000000,0.000000000,AERIAL
10.987000465,0.106864601,0.000000000,-0.000000000,0.000000000,AERIAL
10.987999916,0.108156912,0.000000000,0.000000000,0.000000000,AERIAL
10.989000320,0.109424338,0.000000000,-0.000000000,0.000000000,AERIAL
10.989999771,0.110665880,0.000000000,0.000000000,0.000000000,AERIAL
10.991000175,0.111881100,0.000000000,-0.000000000,0.000000000,AERIAL
10.991999626,0.113069557,0.000000000,-0.000000000,0.000000000,AERIAL
10.993000031,0.114230826,0.000000000,-0.000000000,0.000000000,AERIAL
10.994000435,0.115364470,0.000000000,-0.000000000,0.000000000,AERIAL
10.994999886,0.116469830,0.000000000,0.000000000,0.000000000,AERIAL
10.996000290,0.117547207,0.000000000,-0.000000000,0.000000000,AERIAL
10.996999741,0.118595682,0.000000000,0.000000000,0.000000000,AERIAL
10.998000145,0.119614847,0.000000000,-0.000000000,0.000000000,AERIAL
10.998999596,0.120604292,0.000000000,-0.000000000,0.000000000,AERIAL
11.000000000,0.121563599,0.000000000,-0.000000000,0.000000000,AERIAL
11.001000404,0.122492358,0.000000000,-0.000000000,0.000000000,AERIAL
11.001999855,0.123390205,0.000000000,0.000000000,0.000000000,AERIAL
11.003000259,0.124256946,0.000000000,-0.000000000,0.000000000,AERIAL
11.003999710,0.125091940,0.000000000,0.000000000,0.000000000,AERIAL
11.005000114,0.125894800,0.000000000,-0.000000000,0.000000000,AERIAL
11.005999565,0.126665130,0.000000000,-0.000000000,0.000000000,AERIAL
11.006999969,0.127402559,0.000000000,-0.000000000,0.000000000,AERIAL
11.008000374,0.128106698,0.000000000,-0.000000000,0.000000000,AERIAL
11.008999825,0.128777161,0.000000000,-0.000000000,0.000000000,AERIAL
11.010000229,0.129414186,0.000000000,0.000000000,0.000000000,AERIAL
11.010999680,0.130016446,0.000000000,-0.000000000,0.000000000,AERIAL
11.012000084,0.130583912,0.000000000,0.000000000,0.000000000,AERIAL
11.012999535,0.131116211,0.000000000,0.000000000,0.000000000,AERIAL
11.013999939,0.131613001,0.000000000,0.000000000,0.000000000,AERIAL
11.015000343,0.132073894,0.000000000,0.000000000,0.000000000,AERIAL
11.015999794,0.132498562,0.000000000,0.000000000,0.000000000,AERIAL
11.017000198,0.132888034,0.000000000,0.000000000,0.000000000,AERIAL
11.017999649,0.133239418,0.000000000,-0.000000000,0.000000000,AERIAL
11.019000053,0.133553505,0.000000000,0.000000000,0.000000000,AERIAL
11.020000458,0.133829966,0.000000000,0.000000000,0.000000000,AERIAL
11.020999908,0.134068444,0.000000000,0.000000000,0.000000000,AERIAL
11.022000313,0.134268612,0.000000000,0.000000000,0.000000000,AERIAL
11.022999763,0.134430125,0.000000000,0.000000000,0.000000000,AERIAL
11.024000168,0.134555176,0.000000000,0.000000000,0.000000000,AERIAL
11.024999619,0.134638667,0.000000000,-0.000000000,0.000000000,AERIAL
11.026000023,0.134682551,0.000000000,0.000000000,0.000000000,AERIAL
11.027000427,0.134686470,0.000000000,0.000000000,0.000000000,AERIAL
11.027999878,0.134650126,0.000000000,0.000000000,0.000000000,AERIAL
11.029000282,0.134573206,0.000000000,0.000000000,0.000000000,AERIAL
11.029999733,0.134455398,0.000000000,0.000000000,0.000000000,AERIAL
11.031000137,0.134296417,0.000000000,0.000000000,0.000000000,AERIAL
11.031999588,0.134100094,0.000000000,0.000000000,0.000000000,AERIAL
11.032999992,0.133858085,0.000000000,-0.000000000,0.000000000,AERIAL
11.034000397,0.133574009,0.000000000,0.000000000,0.000000000,AERIAL
11.034999847,0.133247554,0.000000000,0.000000000,0.000000000,AERIAL
11.036000252,0.132878453,0.000000000,0.000000000,0.000000000,AERIAL
11.036999702,0.132466406,0.000000000,0.000000000,0.000000000,AERIAL
11.038000107,0.132016838,0.000000000,0.000000000,0.000000000,AERIAL
11.038999557,0.131518379,0.000000000,-0.000000000,0.000000000,AERIAL
11.039999962,0.130976170,0.000000000,0.000000000,0.000000000,AERIAL
11.041000366,0.130389959,0.000000000,0.000000000,0.000000000,AERIAL
11.041999817,0.129759476,0.000000000,0.000000000,0.000000000,AERIAL
11.043000221,0.129084498,0.000000000,0.000000000,0.000000000,AERIAL
11.043999672,0.128364757,0.000000000,0.000000000,0.000000000,AERIAL
11.045000076,0.127607763,0.000000000,-0.000000000,0.000000000,AERIAL
11.045999527,0.126798064,0.000000000,0.000000000,0.000000000,AERIAL
11.046999931,0.125942901,0.000000000,-0.000000000,0.000000000,AERIAL
11.048000336,0.125042066,0.000000000,0.000000000,0.000000000,AERIAL
11.048999786,0.124095306,0.000000000,0.000000000,0.000000000,AERIAL
11.050000191,0.123102464,0.000000000,0.000000000,0.000000000,AERIAL
11.050999641,0.122073069,0.000000000,-0.000000000,0.000000000,AERIAL
11.052000046,0.120987631,0.000000000,0.000000000,0.000000000,AERIAL
11.053000450,0.119855516,0.000000000,-0.000000000,0.000000000,AERIAL
11.053999901,0.118676551,0.000000000,0.000000000,0.000000000,AERIAL
11.055000305,0.117450573,0.000000000,0.000000000,0.000000000,AERIAL
11.055999756,0.116188951,0.000000000,-0.000000000,0.000000000,AERIAL
11.057000160,0.114868619,0.000000000,0.000000000,0.000000000,AERIAL
11.057999611,0.113500796,0.000000000,-0.000000000,0.000000000,AERIAL
11.059000015,0.112085357,0.000000000,0.000000000,0.000000000,AERIAL
11.060000420,0.110622168,0.000000000,0.000000000,0.000000000,AERIAL
11.060999870,0.109124571,0.000000000,-0.000000000,0.000000000,AERIAL
11.062000275,0.107565708,0.000000000,0.000000000,0.000000000,AERIAL
11.062999725,0.105958775,0.000000000,-0.000000000,0.000000000,AERIAL
11.064000130,0.104303688,0.000000000,0.000000000,0.000000000,AERIAL
11.064999580,0.102600358,0.000000000,0.000000000,0.000000000,AERIAL
11.065999985,0.100864202,0.000000000,-0.000000000,0.000000000,AERIAL
11.067000389,0.099064402,0.000000000,0.000000000,0.000000000,AERIAL
11.067999840,0.097216219,0.000000000,-0.000000000,0.000000000,AERIAL
11.069000244,0.095319621,0.000000000,0.000000000,0.000000000,AERIAL
11.069999695,0.093375012,0.000000000,0.000000000,0.000000000,AERIAL
11.071000099,0.091399468,0.000000000,-0.000000000,0.000000000,AERIAL
11.071999550,0.089359842,0.000000000,0.000000000,0.000000000,AERIAL
11.072999954,0.087273903,0.000000000,-0.000000000,0.000000000,AERIAL
11.074000359,0.085142195,0.000000000,0.000000000,0.000000000,AERIAL
11.074999809,0.082981333,0.000000000,-0.000000000,0.000000000,AERIAL
11.076000214,0.080758855,0.000000000,0.000000000,0.000000000,AERIAL
11.076999664,0.078492254,0.000000000,-0.000000000,0.000000000,AERIAL
11.078000069,0.076182060,0.000000000,0.000000000,0.000000000,AERIAL
11.079000473,0.073844686,0.000000000,-0.000000000,0.000000000,AERIAL
11.079999924,0.071447678,0.000000000,0.000000000,0.000000000,AERIAL
11.081000328,0.069008663,0.000000000,-0.000000000,0.000000000,AERIAL
11.081999779,0.066528134,0.000000000,0.000000000,0.000000000,AERIAL
11.083000183,0.064022586,0.000000000,-0.000000000,0.000000000,AERIAL
11.083999634,0.061458830,0.000000000,0.000000000,0.000000000,AERIAL
11.085000038,0.058855105,0.000000000,-0.000000000,0.000000000,AERIAL
11.086000443,0.056211907,0.000000000,0.000000000,0.000000000,AERIAL
11.086999893,0.053546052,0.000000000,-0.000000000,0.000000000,AERIAL
11.088000298,0.050822530,0.000000000,0.000000000,0.000000000,AERIAL
11.088999748,0.048061166,0.000000000,-0.000000000,0.000000000,AERIAL
11.090000153,0.045262564,0.000000000,0.000000000,0.000000000,AERIAL
11.090999603,0.042443860,0.000000000,-0.000000000,0.000000000,AERIAL
11.092000008,0.039564345,0.000000000,0.000000000,0.000000000,AERIAL
11.093000412,0.036652219,0.000000000,-0.000000000,0.000000000,AERIAL
11.093999863,0.033586998,0.000000000,0.000000000,0.000000000,AERIAL
11.095000267,0.030487237,0.000000000,-0.000000000,0.000000000,AERIAL
11.095999718,0.027353285,0.000000000,0.000000000,0.000000000,LANDING
11.097000122,0.024185471,0.000000000,0.000000000,0.000000000,LANDING
11.097999573,0.020984529,0.000000000,0.000000000,0.000000000,LANDING
11.098999977,0.018457320,-0.000099547,-0.099546872,3.887039185,LANDING
11.100000381,0.015910944,0.000000000,0.099546872,0.000000000,LANDING
11.100999832,0.013351099,0.000000000,-0.000000004,0.000000000,LANDING
11.102000237,0.010776806,0.000000000,-0.000000000,0.000000000,LANDING
11.102999687,0.008188047,0.000000000,0.000000000,0.000000000,LANDING
11.104000092,0.005584817,0.000000000,0.000000000,0.000000000,LANDING
11.104999542,0.004622260,0.000000000,0.000000000,0.000000000,LANDING
11.105999947,0.003666990,0.000000000,-0.000000000,0.000000000,LANDING
11.107000351,0.003668228,-0.000223453,-0.223452702,3.908640862,LANDING
11.107999802,0.003669075,0.000000000,0.223452702,0.000000000,LANDING
11.109000206,0.003691571,0.000000000,-0.000000003,0.000000000,LANDING
11.109999657,0.003704283,0.000000000,-0.000000000,0.000000000,LANDING
11.111000061,0.003707211,0.000000000,0.000000000,0.000000000,LANDING
11.112000465,0.003708229,-0.000015095,-0.015094904,3.712384224,LANDING
11.112999916,0.003709226,0.000000000,0.015094908,0.000000000,LANDING
11.114000320,0.003710231,-0.000000318,-0.000317694,3.434875011,LANDING
11.114999771,0.003711236,0.000000000,0.000317693,0.000000000,LANDING
11.116000175,0.003712250,-0.000018544,-0.018544421,3.753346205,LANDING
11.116999626,0.003713245,0.000000000,0.018544421,0.000000000,LANDING
11.118000031,0.003714247,0.000000000,-0.000000004,0.000000000,LANDING
11.119000435,0.003715257,-0.000018894,-0.018894373,3.756981373,LANDING
11.119999886,0.003716253,0.000000000,0.018894376,0.000000000,LANDING
11.121000290,0.003717255,0.000000000,-0.000000004,0.000000000,LANDING
11.121999741,0.003718261,-0.000018915,-0.018915186,3.757194519,LANDING
11.123000145,0.003719258,0.000000000,0.018915189,0.000000000,LANDING
11.123999596,0.003720259,0.000000000,-0.000000004,0.000000000,LANDING
11.125000000,0.003721262,-0.000018924,-0.018924307,3.757287979,LANDING
11.126000404,0.003722262,0.000000000,0.018924311,0.000000000,LANDING
11.126999855,0.003723263,0.000000000,-0.000000004,0.000000000,LANDING
11.128000259,0.003724264,-0.000018922,-0.018921731,3.757261515,LANDING
11.128999710,0.003725266,0.000000000,0.018921735,0.000000000,LANDING
11.130000114,0.003726267,0.000000000,-0.000000004,0.000000000,LANDING
11.130999565,0.003727267,-0.000018907,-0.018907439,3.757115126,LANDING
11.131999969,0.003728273,0.000000000,0.018907443,0.000000000,LANDING
11.133000374,0.003729276,0.000000000,-0.000000004,0.000000000,LANDING
11.133999825,0.003730274,-0.000018881,-0.018881394,3.756848097,LANDING
11.135000229,0.003731284,0.000000000,0.018881397,0.000000000,LANDING
11.135999680,0.003732289,0.000000000,-0.000000004,0.000000000,LANDING
11.137000084,0.003733287,-0.000018844,-0.018843548,3.756458998,LANDING
11.137999535,0.003734302,0.000000000,0.018843552,0.000000000,LANDING
11.138999939,0.003735309,0.000000000,-0.000000004,0.000000000,LANDING
11.140000343,0.003736307,-0.000018794,-0.018793842,3.755946398,LANDING
11.140999794,0.003737327,0.000000000,0.018793846,0.000000000,LANDING
11.142000198,0.003738337,0.000000000,-0.000000004,0.000000000,LANDING
11.142999649,0.003739336,-0.000018732,-0.018732190,3.755308151,LANDING
11.144000053,0.003740362,0.000000000,0.018732196,0.000000000,LANDING
11.145000458,0.003741376,0.000000000,-0.000000004,0.000000000,LANDING
11.145999908,0.003742376,-0.000018659,-0.018658504,3.754541397,LANDING
11.147000313,0.003743408,0.000000000,0.018658508,0.000000000,LANDING
11.147999763,0.003744426,0.000000000,-0.000000004,0.000000000,LANDING
11.149000168,0.003850726,0.000000000,0.000000000,0.000000000,LANDING
11.149999619,0.003953878,0.000000000,-0.000000000,0.000000000,LANDING
11.151000023,0.004053921,0.000000000,-0.000000000,0.000000000,LANDING
11.152000427,0.004242527,0.000000000,0.000000000,0.000000000,LANDING
11.152999878,0.004313583,0.000000000,-0.000000000,0.000000000,LANDING
11.154000282,0.004324563,0.000000000,-0.000000000,0.000000000,LANDING
11.154999733,0.004327818,0.000000000,-0.000000000,0.000000000,LANDING
11.156000137,0.004330517,0.000000000,0.000000000,0.000000000,LANDING
11.156999588,0.004338331,0.000000000,-0.000000000,0.000000000,LANDING
11.157999992,0.004351261,0.000000000,0.000000000,0.000000000,LANDING
11.159000397,0.004369307,0.000000000,0.000000000,0.000000000,LANDING
11.159999847,0.004377722,-0.000000414,-0.000414262,3.437025070,LANDING
11.161000252,0.004379865,0.000000000,0.000414265,0.000000000,LANDING
11.161999702,0.004382044,0.000000000,-0.000000004,0.000000000,LANDING
11.163000107,0.004384201,0.000000000,-0.000000000,0.000000000,LANDING
11.163999557,0.004386337,0.000000000,-0.000000000,0.000000000,LANDING
11.164999962,0.004388451,0.000000000,-0.000000000,0.000000000,LANDING
11.166000366,0.004390543,0.000000000,-0.000000000,0.000000000,LANDING
11.166999817,0.004392616,0.000000000,-0.000000000,0.000000000,LANDING
11.168000221,0.004394667,0.000000000,-0.000000000,0.000000000,LANDING
11.168999672,0.004396698,0.000000000,-0.000000000,0.000000000,LANDING
11.170000076,0.004398708,0.000000000,-0.000000000,0.000000000,LANDING
11.170999527,0.004400698,0.000000000,-0.000000000,0.000000000,LANDING
11.171999931,0.004402669,0.000000000,-0.000000000,0.000000000,LANDING
11.173000336,0.004404620,0.000000000,-0.000000000,0.000000000,LANDING
11.173999786,0.004406551,0.000000000,-0.000000000,0.000000000,LANDING
11.175000191,0.004408463,0.000000000,-0.000000000,0.000000000,LANDING
11.175999641,0.004410355,0.000000000,-0.000000000,0.000000000,LANDING
11.177000046,0.004412230,0.000000000,-0.000000000,0.000000000,LANDING
11.178000450,0.004414084,0.000000000,-0.000000000,0.000000000,LANDING
11.178999901,0.004415921,0.000000000,-0.000000000,0.000000000,LANDING
11.180000305,0.004417739,0.000000000,-0.000000000,0.000000000,LANDING
11.180999756,0.004419540,0.000000000,-0.000000000,0.000000000,LANDING
11.182000160,0.004421322,0.000000000,-0.000000000,0.000000000,LANDING
11.182999611,0.004423086,0.000000000,-0.000000000,0.000000000,LANDING
11.184000015,0.004424832,0.000000000,-0.000000000,0.000000000,LANDING
11.185000420,0.004426561,0.000000000,-0.000000000,0.000000000,LANDING
11.185999870,0.004428273,0.000000000,-0.000000000,0.000000000,LANDING
11.187000275,0.004429968,0.000000000,-0.000000000,0.000000000,LANDING
11.187999725,0.004431645,0.000000000,-0.000000000,0.000000000,LANDING
11.189000130,0.004433306,0.000000000,-0.000000000,0.000000000,LANDING
11.189999580,0.004434951,0.000000000,-0.000000000,0.000000000,LANDING
11.190999985,0.004436579,0.000000000,-0.000000000,0.000000000,LANDING
11.192000389,0.004438191,0.000000000,-0.000000000,0.000000000,LANDING
11.192999840,0.004439786,0.000000000,-0.000000000,0.000000000,LANDING
11.194000244,0.004441366,0.000000000,-0.000000000,0.000000000,LANDING
11.194999695,0.004442929,0.000000000,-0.000000000,0.000000000,LANDING
11.196000099,0.004444478,0.000000000,-0.000000000,0.000000000,LANDING
11.196999550,0.004446010,0.000000000,-0.000000000,0.000000000,LANDING
11.197999954,0.004447528,0.000000000,-0.000000000,0.000000000,LANDING
11.199000359,0.004449029,0.000000000,-0.000000000,0.000000000,LANDING
11.199999809,0.004450517,0.000000000,-0.000000000,0.000000000,LANDING
11.201000214,0.004451989,0.000000000,-0.000000000,0.000000000,LANDING
11.201999664,0.004453447,0.000000000,-0.000000000,0.000000000,LANDING
11.203000069,0.004454889,0.000000000,-0.000000000,0.000000000,LANDING
11.204000473,0.004456318,0.000000000,-0.000000000,0.000000000,LANDING
11.204999924,0.004457732,0.000000000,-0.000000000,0.000000000,LANDING
11.206000328,0.004459132,0.000000000,-0.000000000,0.000000000,LANDING
11.206999779,0.004460519,0.000000000,-0.000000000,0.000000000,LANDING
11.208000183,0.004461891,0.000000000,-0.000000000,0.000000000,LANDING
11.208999634,0.004463249,0.000000000,-0.000000000,0.000000000,LANDING
11.210000038,0.004464594,0.000000000,-0.000000000,0.000000000,LANDING
11.211000443,0.004465926,0.000000000,-0.000000000,0.000000000,LANDING
11.211999893,0.004467244,0.000000000,-0.000000000,0.000000000,LANDING
11.213000298,0.004468549,0.000000000,-0.000000000,0.000000000,LANDING
11.213999748,0.004469841,0.000000000,-0.000000000,0.000000000,LANDING
11.215000153,0.004471120,0.000000000,-0.000000000,0.000000000,LANDING
11.215999603,0.004472386,0.000000000,-0.000000000,0.000000000,LANDING
11.217000008,0.004473640,0.000000000,-0.000000000,0.000000000,LANDING
11.218000412,0.004474881,0.000000000,-0.000000000,0.000000000,LANDING
11.218999863,0.004476109,0.000000000,-0.000000000,0.000000000,LANDING
11.220000267,0.004477325,0.000000000,-0.000000000,0.000000000,LANDING
11.220999718,0.004478530,0.000000000,-0.000000000,0.000000000,LANDING
11.222000122,0.004479722,0.000000000,-0.000000000,0.000000000,LANDING
11.222999573,0.004480902,0.000000000,-0.000000000,0.000000000,LANDING
11.223999977,0.004482070,0.000000000,-0.000000000,0.000000000,LANDING
11.225000381,0.004483227,0.000000000,-0.000000000,0.000000000,LANDING
11.225999832,0.004484372,0.000000000,-0.000000000,0.000000000,LANDING
11.227000237,0.004485506,0.000000000,-0.000000000,0.000000000,LANDING
11.227999687,0.004486628,0.000000000,-0.000000000,0.000000000,LANDING
11.229000092,0.004487739,0.000000000,-0.000000000,0.000000000,LANDING
11.229999542,0.004488840,0.000000000,-0.000000000,0.000000000,LANDING
11.230999947,0.004489928,0.000000000,-0.000000000,0.000000000,LANDING
11.232000351,0.004491006,0.000000000,-0.000000000,0.000000000,LANDING
11.232999802,0.004492074,0.000000000,-0.000000000,0.000000000,LANDING
11.234000206,0.004493131,0.000000000,-0.000000000,0.000000000,LANDING
11.234999657,0.004494177,0.000000000,-0.000000000,0.000000000,LANDING
11.236000061,0.004495212,0.000000000,-0.000000000,0.000000000,LANDING
11.237000465,0.004496238,0.000000000,-0.000000000,0.000000000,LANDING
11.237999916,0.004497253,0.000000000,-0.000000000,0.000000000,LANDING
11.239000320,0.004498258,0.000000000,-0.000000000,0.000000000,LANDING
11.239999771,0.004499252,0.000000000,-0.000000000,0.000000000,LANDING
11.241000175,0.004500237,0.000000000,-0.000000000,0.000000000,LANDING
11.241999626,0.004501212,0.000000000,-0.000000000,0.000000000,LANDING
11.243000031,0.004502178,0.000000000,-0.000000000,0.000000000,LANDING
11.244000435,0.004503133,0.000000000,-0.000000000,0.000000000,LANDING
11.244999886,0.004504079,0.000000000,-0.000000000,0.000000000,LANDING
11.246000290,0.004505016,0.000000000,-0.000000000,0.000000000,LANDING
11.246999741,0.004505944,0.000000000,-0.000000000,0.000000000,LANDING
11.248000145,0.004506861,0.000000000,-0.000000000,0.000000000,LANDING
11.248999596,0.004507770,0.000000000,-0.000000000,0.000000000,LANDING
11.250000000,0.004508670,0.000000000,-0.000000000,0.000000000,LANDING
11.251000404,0.004509561,0.000000000,-0.000000000,0.000000000,LANDING
11.251999855,0.004510442,0.000000000,-0.000000000,0.000000000,LANDING
11.253000259,0.004511315,0.000000000,-0.000000000,0.000000000,LANDING
11.253999710,0.004512180,0.000000000,-0.000000000,0.000000000,LANDING
11.255000114,0.004513036,0.000000000,-0.000000000,0.000000000,LANDING
11.255999565,0.004513883,0.000000000,-0.000000000,0.000000000,LANDING
11.256999969,0.004514721,0.000000000,-0.000000000,0.000000000,LANDING
11.258000374,0.004515551,0.000000000,-0.000000000,0.000000000,LANDING
11.258999825,0.004516373,0.000000000,-0.000000000,0.000000000,LANDING
11.260000229,0.004517187,0.000000000,-0.000000000,0.000000000,LANDING
11.260999680,0.004517992,0.000000000,-0.000000000,0.000000000,LANDING
11.262000084,0.004518790,0.000000000,-0.000000000,0.000000000,LANDING
11.262999535,0.004519579,0.000000000,-0.000000000,0.000000000,LANDING
11.263999939,0.004519579,0.000000000,-0.000000000,0.000000000,LANDING
11.265000343,0.004521135,0.000000000,-0.000000000,0.000000000,LANDING
11.265999794,0.004521135,0.000000000,-0.000000000,0.000000000,LANDING
11.267000198,0.004522659,0.000000000,-0.000000000,0.000000000,LANDING
11.267999649,0.004522659,0.000000000,-0.000000000,0.000000000,LANDING
11.269000053,0.004524154,0.000000000,-0.000000000,0.000000000,LANDING
11.270000458,0.004524154,0.000000000,-0.000000000,0.000000000,LANDING
11.270999908,0.004525618,0.000000000,-0.000000000,0.000000000,LANDING
11.272000313,0.004525618,0.000000000,-0.000000000,0.000000000,LANDING
11.272999763,0.004527053,0.000000000,-0.000000000,0.000000000,LANDING
11.274000168,0.004527053,0.000000000,-0.000000000,0.000000000,LANDING
11.274999619,0.004528460,0.000000000,-0.000000000,0.000000000,LANDING
11.276000023,0.004528460,0.000000000,-0.000000000,0.000000000,LANDING
11.277000427,0.004529838,0.000000000,-0.000000000,0.000000000,LANDING
11.277999878,0.004529838,0.000000000,-0.000000000,0.000000000,LANDING
11.279000282,0.004531190,0.000000000,-0.000000000,0.000000000,LANDING
11.279999733,0.004531190,0.000000000,-0.000000000,0.000000000,LANDING
11.281000137,0.004532514,0.000000000,-0.000000000,0.000000000,LANDING
11.281999588,0.004532514,0.000000000,-0.000000000,0.000000000,LANDING
11.282999992,0.004533812,0.000000000,-0.000000000,0.000000000,LANDING
11.284000397,0.004533812,0.000000000,-0.000000000,0.000000000,LANDING
11.284999847,0.004535085,0.000000000,-0.000000000,0.000000000,LANDING
11.286000252,0.004535085,0.000000000,-0.000000000,0.000000000,LANDING
11.286999702,0.004536331,0.000000000,-0.000000000,0.000000000,LANDING
11.288000107,0.004536331,0.000000000,-0.000000000,0.000000000,LANDING
11.288999557,0.004537554,0.000000000,-0.000000000,0.000000000,LANDING
11.289999962,0.004537554,0.000000000,-0.000000000,0.000000000,LANDING
11.291000366,0.004538751,0.000000000,-0.000000000,0.000000000,LANDING
11.291999817,0.004538751,0.000000000,-0.000000000,0.000000000,LANDING
11.293000221,0.004539925,0.000000000,-0.000000000,0.000000000,LANDING
11.293999672,0.004539925,0.000000000,-0.000000000,0.000000000,LANDING
11.295000076,0.004541076,0.000000000,-0.000000000,0.000000000,LANDING
11.295999527,0.004541076,0.000000000,-0.000000000,0.000000000,LANDING
11.296999931,0.004542203,0.000000000,-0.000000000,0.000000000,LANDING
11.298000336,0.004542203,0.000000000,-0.000000000,0.000000000,LANDING
11.298999786,0.004543309,0.000000000,-0.000000000,0.000000000,LANDING
11.300000191,0.004543309,0.000000000,-0.000000000,0.000000000,LANDING
11.300999641,0.004544392,0.000000000,-0.000000000,0.000000000,LANDING
11.302000046,0.004544392,0.000000000,-0.000000000,0.000000000,LANDING
11.303000450,0.004545453,0.000000000,-0.000000000,0.000000000,LANDING
11.303999901,0.004545453,0.000000000,-0.000000000,0.000000000,LANDING
11.305000305,0.004546494,0.000000000,-0.000000000,0.000000000,LANDING
11.305999756,0.004546494,0.000000000,-0.000000000,0.000000000,LANDING
11.307000160,0.004547514,0.000000000,-0.000000000,0.000000000,LANDING
11.307999611,0.004547514,0.000000000,-0.000000000,0.000000000,LANDING
11.309000015,0.004548513,0.000000000,-0.000000000,0.000000000,LANDING
11.310000420,0.004548513,0.000000000,-0.000000000,0.000000000,LANDING
11.310999870,0.004549493,0.000000000,-0.000000000,0.000000000,LANDING
11.312000275,0.004549493,0.000000000,-0.000000000,0.000000000,LANDING
11.312999725,0.004550453,0.000000000,-0.000000000,0.000000000,LANDING
11.314000130,0.004550453,0.000000000,-0.000000000,0.000000000,LANDING
11.314999580,0.004551394,0.000000000,-0.000000000,0.000000000,LANDING
11.315999985,0.004551394,0.000000000,-0.000000000,0.000000000,LANDING
11.317000389,0.004552316,0.000000000,-0.000000000,0.000000000,LANDING
11.317999840,0.004552316,0.000000000,-0.000000000,0.000000000,LANDING
11.319000244,0.004553220,0.000000000,-0.000000000,0.000000000,LANDING
11.319999695,0.004553220,0.000000000,-0.000000000,0.000000000,LANDING
11.321000099,0.004554106,0.000000000,-0.000000000,0.000000000,LANDING
11.321999550,0.004554106,0.000000000,-0.000000000,0.000000000,LANDING
11.322999954,0.004554975,0.000000000,-0.000000000,0.000000000,LANDING
11.324000359,0.004554975,0.000000000,-0.000000000,0.000000000,LANDING
11.324999809,0.004555826,0.000000000,-0.000000000,0.000000000,LANDING
11.326000214,0.004555826,0.000000000,-0.000000000,0.000000000,LANDING
11.326999664,0.004556660,0.000000000,-0.000000000,0.000000000,LANDING
11.328000069,0.004556660,0.000000000,-0.000000000,0.000000000,LANDING
11.329000473,0.004557477,0.000000000,-0.000000000,0.000000000,LANDING
11.329999924,0.004557477,0.000000000,-0.000000000,0.000000000,LANDING
11.331000328,0.004558279,0.000000000,-0.000000000,0.000000000,LANDING
11.331999779,0.004558279,0.000000000,-0.000000000,0.000000000,LANDING
11.333000183,0.004559064,0.000000000,-0.000000000,0.000000000,LANDING
11.333999634,0.004559064,0.000000000,-0.000000000,0.000000000,LANDING
11.335000038,0.004559064,0.000000000,-0.000000000,0.000000000,LANDING
11.336000443,0.004560213,0.000000000,-0.000000000,0.000000000,LANDING
11.336999893,0.004560213,0.000000000,-0.000000000,0.000000000,LANDING
11.338000298,0.004560213,0.000000000,-0.000000000,0.000000000,LANDING
11.338999748,0.004561327,0.000000000,-0.000000000,0.000000000,LANDING
11.340000153,0.004561327,0.000000000,-0.000000000,0.000000000,LANDING
11.340999603,0.004561327,0.000000000,-0.000000000,0.000000000,LANDING
11.342000008,0.004562409,0.000000000,-0.000000000,0.000000000,LANDING
11.343000412,0.004562409,0.000000000,-0.000000000,0.000000000,LANDING
11.343999863,0.004562409,0.000000000,-0.000000000,0.000000000,LANDING
11.345000267,0.004563458,0.000000000,-0.000000000,0.000000000,LANDING
11.345999718,0.004563458,0.000000000,-0.000000000,0.000000000,LANDING
11.347000122,0.004563458,0.000000000,-0.000000000,0.000000000,LANDING
11.347999573,0.004564477,0.000000000,-0.000000000,0.000000000,LANDING
11.348999977,0.004564477,0.000000000,-0.000000000,0.000000000,LANDING
11.350000381,0.004564477,0.000000000,-0.000000000,0.000000000,LANDING
11.350999832,0.004565465,0.000000000,-0.000000000,0.000000000,LANDING
11.352000237,0.004565465,0.000000000,-0.000000000,0.000000000,LANDING
11.352999687,0.004565465,0.000000000,-0.000000000,0.000000000,LANDING
11.354000092,0.004566423,0.000000000,-0.000000000,0.000000000,LANDING
11.354999542,0.004566423,0.000000000,-0.000000000,0.000000000,LANDING
11.355999947,0.004566423,0.000000000,-0.000000000,0.000000000,LANDING
11.357000351,0.004567354,0.000000000,-0.000000000,0.000000000,LANDING
11.357999802,0.004567354,0.000000000,-0.000000000,0.000000000,LANDING
11.359000206,0.004567354,0.000000000,-0.000000000,0.000000000,LANDING
11.359999657,0.004568256,0.000000000,-0.000000000,0.000000000,LANDING
11.361000061,0.004568256,0.000000000,-0.000000000,0.000000000,LANDING
11.362000465,0.004568256,0.000000000,-0.000000000,0.000000000,LANDING
11.362999916,0.004569132,0.000000000,-0.000000000,0.000000000,LANDING
11.364000320,0.004569132,0.000000000,-0.000000000,0.000000000,LANDING
11.364999771,0.004569132,0.000000000,-0.000000000,0.000000000,LANDING
11.366000175,0.004569982,0.000000000,-0.000000000,0.000000000,LANDING
11.366999626,0.004569982,0.000000000,-0.000000000,0.000000000,LANDING
11.368000031,0.004569982,0.000000000,-0.000000000,0.000000000,LANDING
11.369000435,0.004570806,0.000000000,-0.000000000,0.000000000,LANDING
11.369999886,0.004570806,0.000000000,-0.000000000,0.000000000,LANDING
11.371000290,0.004570806,0.000000000,-0.000000000,0.000000000,LANDING
11.371999741,0.004571606,0.000000000,-0.000000000,0.000000000,LANDING
11.373000145,0.004571606,0.000000000,-0.000000000,0.000000000,LANDING
11.373999596,0.004571606,0.000000000,-0.000000000,0.000000000,LANDING
11.375000000,0.004571606,0.000000000,-0.000000000,0.000000000,LANDING
11.376000404,0.004572636,0.000000000,-0.000000000,0.000000000,LANDING
11.376999855,0.004572636,0.000000000,-0.000000000,0.000000000,LANDING
11.378000259,0.004572636,0.000000000,-0.000000000,0.000000000,LANDING
11.378999710,0.004572636,0.000000000,-0.000000000,0.000000000,LANDING
11.380000114,0.004573625,0.000000000,-0.000000000,0.000000000,LANDING
11.380999565,0.004573625,0.000000000,-0.000000000,0.000000000,LANDING
11.381999969,0.004573625,0.000000000,-0.000000000,0.000000000,LANDING
11.383000374,0.004573625,0.000000000,-0.000000000,0.000000000,LANDING
11.383999825,0.004574575,0.000000000,-0.000000000,0.000000000,LANDING
11.385000229,0.004574575,0.000000000,-0.000000000,0.000000000,LANDING
11.385999680,0.004574575,0.000000000,-0.000000000,0.000000000,LANDING
11.387000084,0.004574575,0.000000000,-0.000000000,0.000000000,LANDING
11.387999535,0.004575488,0.000000000,-0.000000000,0.000000000,LANDING
11.388999939,0.004575488,0.000000000,-0.000000000,0.000000000,LANDING
11.390000343,0.004575488,0.000000000,-0.000000000,0.000000000,LANDING
11.390999794,0.004575488,0.000000000,-0.000000000,0.000000000,LANDING
11.392000198,0.004576365,0.000000000,-0.000000000,0.000000000,LANDING
11.392999649,0.004576365,0.000000000,-0.000000000,0.000000000,LANDING
11.394000053,0.004576365,0.000000000,-0.000000000,0.000000000,LANDING
11.395000458,0.004576365,0.000000000,-0.000000000,0.000000000,LANDING
11.395999908,0.004577207,0.000000000,-0.000000000,0.000000000,LANDING
11.397000313,0.004577207,0.000000000,-0.000000000,0.000000000,LANDING
11.397999763,0.004577207,0.000000000,-0.000000000,0.000000000,LANDING
11.399000168,0.004577207,0.000000000,-0.000000000,0.000000000,LANDING
11.399999619,0.004578017,0.000000000,-0.000000000,0.000000000,LANDING
11.401000023,0.004578017,0.000000000,-0.000000000,0.000000000,LANDING
11.402000427,0.004578017,0.000000000,-0.000000000,0.000000000,LANDING
11.402999878,0.004578017,0.000000000,-0.000000000,0.000000000,LANDING
11.404000282,0.004578017,0.000000000,-0.000000000,0.000000000,LANDING
11.404999733,0.004578983,0.000000000,-0.000000000,0.000000000,LANDING
11.406000137,0.004578983,0.000000000,-0.000000000,0.000000000,LANDING
11.406999588,0.004578983,0.000000000,-0.000000000,0.000000000,LANDING
11.407999992,0.004578983,0.000000000,-0.000000000,0.000000000,LANDING
11.409000397,0.004578983,0.000000000,-0.000000000,0.000000000,LANDING
11.409999847,0.004579903,0.000000000,-0.000000000,0.000000000,LANDING
11.411000252,0.004579903,0.000000000,-0.000000000,0.000000000,LANDING
11.411999702,0.004579903,0.000000000,-0.000000000,0.000000000,LANDING
11.413000107,0.004579903,0.000000000,-0.000000000,0.000000000,LANDING
11.413999557,0.004579903,0.000000000,-0.000000000,0.000000000,LANDING
11.414999962,0.004580777,0.000000000,-0.000000000,0.000000000,LANDING
11.416000366,0.004580777,0.000000000,-0.000000000,0.000000000,LANDING
11.416999817,0.004580777,0.000000000,-0.000000000,0.000000000,LANDING
11.418000221,0.004580777,0.000000000,-0.000000000,0.000000000,LANDING
11.418999672,0.004580777,0.000000000,-0.000000000,0.000000000,LANDING
11.420000076,0.004581608,0.000000000,-0.000000000,0.000000000,LANDING
11.420999527,0.004581608,0.000000000,-0.000000000,0.000000000,LANDING
11.421999931,0.004581608,0.000000000,-0.000000000,0.000000000,LANDING
11.423000336,0.004581608,0.000000000,-0.000000000,0.000000000,LANDING
11.423999786,0.004581608,0.000000000,-0.000000000,0.000000000,LANDING
11.425000191,0.004582399,0.000000000,-0.000000000,0.000000000,LANDING
11.425999641,0.004582399,0.000000000,-0.000000000,0.000000000,LANDING
11.427000046,0.004582399,0.000000000,-0.000000000,0.000000000,LANDING
11.428000450,0.004582399,0.000000000,-0.000000000,0.000000000,LANDING
11.428999901,0.004582399,0.000000000,-0.000000000,0.000000000,LANDING
11.430000305,0.004582399,0.000000000,-0.000000000,0.000000000,LANDING
11.430999756,0.004583297,0.000000000,-0.000000000,0.000000000,LANDING
11.432000160,0.004583297,0.000000000,-0.000000000,0.000000000,LANDING
11.432999611,0.004583297,0.000000000,-0.000000000,0.000000000,LANDING
11.434000015,0.004583297,0.000000000,-0.000000000,0.000000000,LANDING
11.435000420,0.004583297,0.000000000,-0.000000000,0.000000000,LANDING
11.435999870,0.004583297,0.000000000,-0.000000000,0.000000000,LANDING
11.437000275,0.004584142,0.000000000,-0.000000000,0.000000000,LANDING
11.437999725,0.004584142,0.000000000,-0.000000000,0.000000000,LANDING
11.439000130,0.004584142,0.000000000,-0.000000000,0.000000000,LANDING
11.439999580,0.004584142,0.000000000,-0.000000000,0.000000000,LANDING
11.440999985,0.004584142,0.000000000,-0.000000000,0.000000000,LANDING
11.442000389,0.004584142,0.000000000,-0.000000000,0.000000000,LANDING
11.442999840,0.004584938,0.000000000,-0.000000000,0.000000000,LANDING
11.444000244,0.004584938,0.000000000,-0.000000000,0.000000000,LANDING
11.444999695,0.004584938,0.000000000,-0.000000000,0.000000000,LANDING
11.446000099,0.004584938,0.000000000,-0.000000000,0.000000000,LANDING
11.446999550,0.004584938,0.000000000,-0.000000000,0.000000000,LANDING
11.447999954,0.004584938,0.000000000,-0.000000000,0.000000000,LANDING
11.449000359,0.004584938,0.000000000,-0.000000000,0.000000000,LANDING
11.449999809,0.004585808,0.000000000,-0.000000000,0.000000000,LANDING
11.451000214,0.004585808,0.000000000,-0.000000000,0.000000000,LANDING
11.451999664,0.004585808,0.000000000,-0.000000000,0.000000000,LANDING
11.453000069,0.004585808,0.000000000,-0.000000000,0.000000000,LANDING
11.454000473,0.004585808,0.000000000,-0.000000000,0.000000000,LANDING
11.454999924,0.004585808,0.000000000,-0.000000000,0.000000000,LANDING
11.456000328,0.004585808,0.000000000,-0.000000000,0.000000000,LANDING
11.456999779,0.004586618,0.000000000,-0.000000000,0.000000000,LANDING
11.458000183,0.004586618,0.000000000,-0.000000000,0.000000000,LANDING
11.458999634,0.004586618,0.000000000,-0.000000000,0.000000000,LANDING
11.460000038,0.004586618,0.000000000,-0.000000000,0.000000000,LANDING
11.461000443,0.004586618,0.000000000,-0.000000000,0.000000000,LANDING
11.461999893,0.004586618,0.000000000,-0.000000000,0.000000000,LANDING
11.463000298,0.004586618,0.000000000,-0.000000000,0.000000000,LANDING
11.463999748,0.004586618,0.000000000,-0.000000000,0.000000000,LANDING
11.465000153,0.004587478,0.000000000,-0.000000000,0.000000000,LANDING
11.465999603,0.004587478,0.000000000,-0.000000000,0.000000000,LANDING
11.467000008,0.004587478,0.000000000,-0.000000000,0.000000000,LANDING
11.468000412,0.004587478,0.000000000,-0.000000000,0.000000000,LANDING
11.468999863,0.004587478,0.000000000,-0.000000000,0.000000000,LANDING
11.470000267,0.004587478,0.000000000,-0.000000000,0.000000000,LANDING
11.470999718,0.004587478,0.000000000,-0.000000000,0.000000000,LANDING
11.472000122,0.004587478,0.000000000,-0.000000000,0.000000000,LANDING
11.472999573,0.004588271,0.000000000,-0.000000000,0.000000000,LANDING
11.473999977,0.004588271,0.000000000,-0.000000000,0.000000000,LANDING
11.475000381,0.004588271,0.000000000,-0.000000000,0.000000000,LANDING
11.475999832,0.004588271,0.000000000,-0.000000000,0.000000000,LANDING
11.477000237,0.004588271,0.000000000,-0.000000000,0.000000000,LANDING
11.477999687,0.004588271,0.000000000,-0.000000000,0.000000000,LANDING
11.479000092,0.004588271,0.000000000,-0.000000000,0.000000000,LANDING
11.479999542,0.004588271,0.000000000,-0.000000000,0.000000000,LANDING
11.480999947,0.004588271,0.000000000,-0.000000000,0.000000000,LANDING
11.482000351,0.004589090,0.000000000,-0.000000000,0.000000000,LANDING
11.482999802,0.004589090,0.000000000,-0.000000000,0.000000000,LANDING
11.484000206,0.004589090,0.000000000,-0.000000000,0.000000000,LANDING
11.484999657,0.004589090,0.000000000,-0.000000000,0.000000000,LANDING
11.486000061,0.004589090,0.000000000,-0.000000000,0.000000000,LANDING
11.487000465,0.004589090,0.000000000,-0.000000000,0.000000000,LANDING
11.487999916,0.004589090,0.000000000,-0.000000000,0.000000000,LANDING
11.489000320,0.004589090,0.000000000,-0.000000000,0.000000000,LANDING
11.489999771,0.004589090,0.000000000,-0.000000000,0.000000000,LANDING
11.491000175,0.004589090,0.000000000,-0.000000000,0.000000000,LANDING
11.491999626,0.004589917,0.000000000,-0.000000000,0.000000000,LANDING
11.493000031,0.004589917,0.000000000,-0.000000000,0.000000000,LANDING
11.494000435,0.004589917,0.000000000,-0.000000000,0.000000000,LANDING
11.494999886,0.004589917,0.000000000,-0.000000000,0.000000000,LANDING
11.496000290,0.004589917,0.000000000,-0.000000000,0.000000000,LANDING
11.496999741,0.004589917,0.000000000,-0.000000000,0.000000000,LANDING
11.498000145,0.004589917,0.000000000,-0.000000000,0.000000000,LANDING
11.498999596,0.004589917,0.000000000,-0.000000000,0.000000000,LANDING
11.500000000,0.004589917,0.000000000,-0.000000000,0.000000000,LANDING
11.501000404,0.004589917,0.000000000,-0.000000000,0.000000000,LANDING
11.501999855,0.004589917,0.000000000,-0.000000000,0.000000000,LANDING
11.503000259,0.004590736,0.000000000,-0.000000000,0.000000000,LANDING
11.503999710,0.004590736,0.000000000,-0.000000000,0.000000000,LANDING
11.505000114,0.004590736,0.000000000,-0.000000000,0.000000000,LANDING
11.505999565,0.004590736,0.000000000,-0.000000000,0.000000000,LANDING
11.506999969,0.004590736,0.000000000,-0.000000000,0.000000000,LANDING
11.508000374,0.004590736,0.000000000,-0.000000000,0.000000000,LANDING
11.508999825,0.004590736,0.000000000,-0.000000000,0.000000000,LANDING
11.510000229,0.004590736,0.000000000,-0.000000000,0.000000000,LANDING
11.510999680,0.004590736,0.000000000,-0.000000000,0.000000000,LANDING
11.512000084,0.004590736,0.000000000,-0.000000000,0.000000000,LANDING
11.512999535,0.004590736,0.000000000,-0.000000000,0.000000000,LANDING
11.513999939,0.004590736,0.000000000,-0.000000000,0.000000000,LANDING
11.515000343,0.004591532,0.000000000,-0.000000000,0.000000000,LANDING
11.515999794,0.004591532,0.000000000,-0.000000000,0.000000000,LANDING
11.517000198,0.004591532,0.000000000,-0.000000000,0.000000000,LANDING
11.517999649,0.004591532,0.000000000,-0.000000000,0.000000000,LANDING
11.519000053,0.004591532,0.000000000,-0.000000000,0.000000000,LANDING
11.520000458,0.004591532,0.000000000,-0.000000000,0.000000000,LANDING
11.520999908,0.004591532,0.000000000,-0.000000000,0.000000000,LANDING
11.522000313,0.004591532,0.000000000,-0.000000000,0.000000000,LANDING
11.522999763,0.004591532,0.000000000,-0.000000000,0.000000000,LANDING
11.524000168,0.004591532,0.000000000,-0.000000000,0.000000000,LANDING
11.524999619,0.004591532,0.000000000,-0.000000000,0.000000000,LANDING
11.526000023,0.004591532,0.000000000,-0.000000000,0.000000000,LANDING
11.527000427,0.004591532,0.000000000,-0.000000000,0.000000000,LANDING
11.527999878,0.004591532,0.000000000,-0.000000000,0.000000000,LANDING
11.529000282,0.004592347,0.000000000,-0.000000000,0.000000000,LANDING
11.529999733,0.004592347,0.000000000,-0.000000000,0.000000000,LANDING
11.531000137,0.004592347,0.000000000,-0.000000000,0.000000000,LANDING
11.531999588,0.004592347,0.000000000,-0.000000000,0.000000000,LANDING
11.532999992,0.004592347,0.000000000,-0.000000000,0.000000000,LANDING
11.534000397,0.004592347,0.000000000,-0.000000000,0.000000000,LANDING
11.534999847,0.004592347,0.000000000,-0.000000000,0.000000000,LANDING
11.536000252,0.004592347,0.000000000,-0.000000000,0.000000000,LANDING
11.536999702,0.004592347,0.000000000,-0.000000000,0.000000000,LANDING
11.538000107,0.004592347,0.000000000,-0.000000000,0.000000000,LANDING
11.538999557,0.004592347,0.000000000,-0.000000000,0.000000000,LANDING
11.539999962,0.004592347,0.000000000,-0.000000000,0.000000000,LANDING
11.541000366,0.004592347,0.000000000,-0.000000000,0.000000000,LANDING
11.541999817,0.004592347,0.000000000,-0.000000000,0.000000000,LANDING
11.543000221,0.004592347,0.000000000,-0.000000000,0.000000000,LANDING
11.543999672,0.004592347,0.000000000,-0.000000000,0.000000000,LANDING
11.545000076,0.004593148,0.000000000,-0.000000000,0.000000000,LANDING
11.545999527,0.004593148,0.000000000,-0.000000000,0.000000000,LANDING
11.546999931,0.004593148,0.000000000,-0.000000000,0.000000000,LANDING
11.548000336,0.004593148,0.000000000,-0.000000000,0.000000000,LANDING
11.548999786,0.004593148,0.000000000,-0.000000000,0.000000000,LANDING
11.550000191,0.004593148,0.000000000,-0.000000000,0.000000000,LANDING
11.550999641,0.004593148,0.000000000,-0.000000000,0.000000000,LANDING
11.552000046,0.004593148,0.000000000,-0.000000000,0.000000000,LANDING
11.553000450,0.004593148,0.000000000,-0.000000000,0.000000000,LANDING
11.553999901,0.004593148,0.000000000,-0.000000000,0.000000000,LANDING
11.555000305,0.004593148,0.000000000,-0.000000000,0.000000000,LANDING
11.555999756,0.004593148,0.000000000,-0.000000000,0.000000000,LANDING
11.557000160,0.004593148,0.000000000,-0.000000000,0.000000000,LANDING
11.557999611,0.004593148,0.000000000,-0.000000000,0.000000000,LANDING
11.559000015,0.004593148,0.000000000,-0.000000000,0.000000000,LANDING
11.560000420,0.004593148,0.000000000,-0.000000000,0.000000000,LANDING
11.560999870,0.004593148,0.000000000,-0.000000000,0.000000000,LANDING
11.562000275,0.004593148,0.000000000,-0.000000000,0.000000000,LANDING
11.562999725,0.004593148,0.000000000,-0.000000000,0.000000000,LANDING
11.564000130,0.004593947,0.000000000,-0.000000000,0.000000000,LANDING
11.564999580,0.004593947,0.000000000,-0.000000000,0.000000000,LANDING
11.565999985,0.004593947,0.000000000,-0.000000000,0.000000000,LANDING
11.567000389,0.004593947,0.000000000,-0.000000000,0.000000000,LANDING
11.567999840,0.004593947,0.000000000,-0.000000000,0.000000000,LANDING
11.569000244,0.004593947,0.000000000,-0.000000000,0.000000000,LANDING
11.569999695,0.004593947,0.000000000,-0.000000000,0.000000000,LANDING
11.571000099,0.004593947,0.000000000,-0.000000000,0.000000000,LANDING
11.571999550,0.004593947,0.000000000,-0.000000000,0.000000000,LANDING
11.572999954,0.004593947,0.000000000,-0.000000000,0.000000000,LANDING
11.574000359,0.004593947,0.000000000,-0.000000000,0.000000000,LANDING
11.574999809,0.004593947,0.000000000,-0.000000000,0.000000000,LANDING
11.576000214,0.004593947,0.000000000,-0.000000000,0.000000000,LANDING
11.576999664,0.004593947,0.000000000,-0.000000000,0.000000000,LANDING
11.578000069,0.004593947,0.000000000,-0.000000000,0.000000000,LANDING
11.579000473,0.004593947,0.000000000,-0.000000000,0.000000000,LANDING
11.579999924,0.004593947,0.000000000,-0.000000000,0.000000000,LANDING
11.581000328,0.004593947,0.000000000,-0.000000000,0.000000000,LANDING
11.581999779,0.004593947,0.000000000,0.000000000,0.000000000,LANDING
11.583000183,0.004593947,0.000000000,-0.000000000,0.000000000,LANDING
11.583999634,0.004593947,0.000000000,-0.000000000,0.000000000,LANDING
11.585000038,0.004593947,0.000000000,-0.000000000,0.000000000,LANDING
11.586000443,0.004593947,0.000000000,-0.000000000,0.000000000,LANDING
11.586999893,0.004594730,0.000000000,-0.000000000,0.000000000,LANDING
11.588000298,0.004594730,0.000000000,-0.000000000,0.000000000,LANDING
11.588999748,0.004594730,0.000000000,-0.000000000,0.000000000,LANDING
11.590000153,0.004594730,0.000000000,-0.000000000,0.000000000,LANDING
11.590999603,0.004594730,0.000000000,-0.000000000,0.000000000,LANDING
11.592000008,0.004594730,0.000000000,-0.000000000,0.000000000,LANDING
11.593000412,0.004594730,0.000000000,-0.000000000,0.000000000,LANDING
11.593999863,0.004594730,0.000000000,-0.000000000,0.000000000,LANDING
11.595000267,0.004594730,0.000000000,-0.000000000,0.000000000,LANDING
11.595999718,0.004594730,0.000000000,-0.000000000,0.000000000,LANDING
11.597000122,0.004594730,0.000000000,-0.000000000,0.000000000,LANDING
11.597999573,0.004594730,0.000000000,-0.000000000,0.000000000,LANDING
11.598999977,0.004594730,0.000000000,-0.000000000,0.000000000,LANDING
11.600000381,0.004594730,0.000000000,-0.000000000,0.000000000,LANDING
11.600999832,0.004594730,0.000000000,-0.000000000,0.000000000,LANDING
11.602000237,0.004594730,0.000000000,-0.000000000,0.000000000,LANDING
11.602999687,0.004594730,0.000000000,-0.000000000,0.000000000,LANDING
11.604000092,0.004594730,0.000000000,-0.000000000,0.000000000,LANDING
11.604999542,0.004594730,0.000000000,-0.000000000,0.000000000,LANDING
11.605999947,0.004594730,0.000000000,-0.000000000,0.000000000,LANDING
11.607000351,0.004594730,0.000000000,-0.000000000,0.000000000,LANDING
11.607999802,0.004594730,0.000000000,0.000000000,0.000000000,LANDING
11.609000206,0.004594730,0.000000000,-0.000000000,0.000000000,LANDING
11.609999657,0.004594730,0.000000000,-0.000000000,0.000000000,LANDING
11.611000061,0.004594730,0.000000000,-0.000000000,0.000000000,LANDING
11.612000465,0.004594730,0.000000000,-0.000000000,0.000000000,LANDING
11.612999916,0.004594730,0.000000000,0.000000000,0.000000000,LANDING
11.614000320,0.004594730,0.000000000,-0.000000000,0.000000000,LANDING
11.614999771,0.004594730,0.000000000,-0.000000000,0.000000000,LANDING
11.616000175,0.004594730,0.000000000,-0.000000000,0.000000000,LANDING
11.616999626,0.004595514,0.000000000,-0.000000000,0.000000000,LANDING
11.618000031,0.004595514,0.000000000,-0.000000000,0.000000000,LANDING
11.619000435,0.004595514,0.000000000,-0.000000000,0.000000000,LANDING
11.619999886,0.004595514,0.000000000,-0.000000000,0.000000000,LANDING
11.621000290,0.004595514,0.000000000,0.000000000,0.000000000,LANDING
11.621999741,0.004595514,0.000000000,-0.000000000,0.000000000,LANDING
11.623000145,0.004595514,0.000000000,-0.000000000,0.000000000,LANDING
11.623999596,0.004595514,0.000000000,-0.000000000,0.000000000,LANDING
11.625000000,0.004595514,0.000000000,-0.000000000,0.000000000,LANDING
11.626000404,0.004595514,0.000000000,-0.000000000,0.000000000,LANDING
11.626999855,0.004595514,0.000000000,0.000000000,0.000000000,LANDING
11.628000259,0.004595514,0.000000000,-0.000000000,0.000000000,LANDING
11.628999710,0.004595514,0.000000000,-0.000000000,0.000000000,LANDING
11.630000114,0.004595514,0.000000000,-0.000000000,0.000000000,LANDING
11.630999565,0.004595514,0.000000000,-0.000000000,0.000000000,LANDING
11.631999969,0.004595514,0.000000000,0.000000000,0.000000000,LANDING
11.633000374,0.004595514,0.000000000,-0.000000000,0.000000000,LANDING
11.633999825,0.004595514,0.000000000,-0.000000000,0.000000000,LANDING
11.635000229,0.004595514,0.000000000,0.000000000,0.000000000,LANDING
11.635999680,0.004595514,0.000000000,0.000000000,0.000000000,LANDING
11.637000084,0.004595514,0.000000000,-0.000000000,0.000000000,LANDING
11.637999535,0.004595514,0.000000000,-0.000000000,0.000000000,LANDING
11.638999939,0.004595514,0.000000000,-0.000000000,0.000000000,LANDING
11.640000343,0.004595514,0.000000000,-0.000000000,0.000000000,LANDING
11.640999794,0.004595514,0.000000000,-0.000000000,0.000000000,LANDING
11.642000198,0.004595514,0.000000000,-0.000000000,0.000000000,LANDING
11.642999649,0.004595514,0.000000000,0.000000000,0.000000000,LANDING
11.644000053,0.004595514,0.000000000,-0.000000000,0.000000000,LANDING
11.645000458,0.004595514,0.000000000,-0.000000000,0.000000000,LANDING
11.645999908,0.004595514,0.000000000,-0.000000000,0.000000000,LANDING
11.647000313,0.004595514,0.000000000,-0.000000000,0.000000000,LANDING
11.647999763,0.004595514,0.000000000,-0.000000000,0.000000000,LANDING
11.649000168,0.004595514,0.000000000,-0.000000000,0.000000000,LANDING
11.649999619,0.004595514,0.000000000,-0.000000000,0.000000000,LANDING
11.651000023,0.004595514,0.000000000,-0.000000000,0.000000000,LANDING
11.652000427,0.004595514,0.000000000,0.000000000,0.000000000,LANDING
11.652999878,0.004595514,0.000000000,-0.000000000,0.000000000,LANDING
11.654000282,0.004595514,0.000000000,-0.000000000,0.000000000,LANDING
11.654999733,0.004595514,0.000000000,-0.000000000,0.000000000,LANDING
11.656000137,0.004595514,0.000000000,-0.000000000,0.000000000,LANDING
11.656999588,0.004595514,0.000000000,-0.000000000,0.000000000,LANDING
11.657999992,0.004595514,0.000000000,-0.000000000,0.000000000,LANDING
11.659000397,0.004595514,0.000000000,-0.000000000,0.000000000,LANDING
11.659999847,0.004595514,0.000000000,-0.000000000,0.000000000,LANDING
11.661000252,0.004596310,0.000000000,-0.000000000,0.000000000,LANDING
11.661999702,0.004596310,0.000000000,-0.000000000,0.000000000,LANDING
11.663000107,0.004596310,0.000000000,-0.000000000,0.000000000,LANDING
11.663999557,0.004596310,0.000000000,0.000000000,0.000000000,LANDING
11.664999962,0.004596310,0.000000000,-0.000000000,0.000000000,LANDING
11.666000366,0.004596310,0.000000000,0.000000000,0.000000000,LANDING
11.666999817,0.004596310,0.000000000,-0.000000000,0.000000000,LANDING
11.668000221,0.004596310,0.000000000,-0.000000000,0.000000000,LANDING
11.668999672,0.004596310,0.000000000,0.000000000,0.000000000,LANDING
11.670000076,0.004596310,0.000000000,-0.000000000,0.000000000,LANDING
11.670999527,0.004596310,0.000000000,-0.000000000,0.000000000,LANDING
11.671999931,0.004596310,0.000000000,-0.000000000,0.000000000,LANDING
11.673000336,0.004596310,0.000000000,-0.000000000,0.000000000,LANDING
11.673999786,0.004596310,0.000000000,-0.000000000,0.000000000,LANDING
11.675000191,0.004596310,0.000000000,-0.000000000,0.000000000,LANDING
11.675999641,0.004596310,0.000000000,-0.000000000,0.000000000,LANDING
11.677000046,0.004596310,0.000000000,-0.000000000,0.000000000,LANDING
11.678000450,0.004596310,0.000000000,-0.000000000,0.000000000,LANDING
11.678999901,0.004596310,0.000000000,0.000000000,0.000000000,LANDING
11.680000305,0.004596310,0.000000000,-0.000000000,0.000000000,LANDING
11.680999756,0.004596310,0.000000000,0.000000000,0.000000000,LANDING
11.682000160,0.004596310,0.000000000,-0.000000000,0.000000000,LANDING
11.682999611,0.004596310,0.000000000,-0.000000000,0.000000000,LANDING
11.684000015,0.004596310,0.000000000,-0.000000000,0.000000000,LANDING
11.685000420,0.004596310,0.000000000,-0.000000000,0.000000000,LANDING
11.685999870,0.004596310,0.000000000,-0.000000000,0.000000000,LANDING
11.687000275,0.004596310,0.000000000,-0.000000000,0.000000000,LANDING
11.687999725,0.004596310,0.000000000,0.000000000,0.000000000,LANDING
11.689000130,0.004596310,0.000000000,-0.000000000,0.000000000,LANDING
11.689999580,0.004596310,0.000000000,-0.000000000,0.000000000,LANDING
11.690999985,0.004596310,0.000000000,-0.000000000,0.000000000,LANDING
11.692000389,0.004596310,0.000000000,-0.000000000,0.000000000,LANDING
11.692999840,0.004596310,0.000000000,0.000000000,0.000000000,LANDING
11.694000244,0.004596310,0.000000000,0.000000000,0.000000000,LANDING
11.694999695,0.004596310,0.000000000,-0.000000000,0.000000000,LANDING
11.696000099,0.004596310,0.000000000,-0.000000000,0.000000000,LANDING
11.696999550,0.004596310,0.000000000,-0.000000000,0.000000000,LANDING
11.697999954,0.004596310,0.000000000,-0.000000000,0.000000000,LANDING
11.699000359,0.004596310,0.000000000,-0.000000000,0.000000000,LANDING
11.699999809,0.004596310,0.000000000,-0.000000000,0.000000000,LANDING
11.701000214,0.004596310,0.000000000,0.000000000,0.000000000,LANDING
11.701999664,0.004596310,0.000000000,-0.000000000,0.000000000,LANDING
11.703000069,0.004596310,0.000000000,-0.000000000,0.000000000,LANDING
11.704000473,0.004596310,0.000000000,0.000000000,0.000000000,LANDING
11.704999924,0.004596310,0.000000000,-0.000000000,0.000000000,LANDING
11.706000328,0.004596310,0.000000000,-0.000000000,0.000000000,LANDING
11.706999779,0.004596310,0.000000000,-0.000000000,0.000000000,LANDING
11.708000183,0.004596310,0.000000000,-0.000000000,0.000000000,LANDING
11.708999634,0.004596310,0.000000000,-0.000000000,0.000000000,LANDING
11.710000038,0.004596310,0.000000000,0.000000000,0.000000000,LANDING
11.711000443,0.004596310,0.000000000,-0.000000000,0.000000000,LANDING
11.711999893,0.004596310,0.000000000,0.000000000,0.000000000,LANDING
11.713000298,0.004596310,0.000000000,-0.000000000,0.000000000,LANDING
11.713999748,0.004596310,0.000000000,-0.000000000,0.000000000,LANDING
11.715000153,0.004596310,0.000000000,0.000000000,0.000000000,LANDING
11.715999603,0.004596310,0.000000000,-0.000000000,0.000000000,LANDING
11.717000008,0.004596310,0.000000000,-0.000000000,0.000000000,LANDING
11.718000412,0.004596310,0.000000000,0.000000000,0.000000000,LANDING
11.718999863,0.004596310,0.000000000,-0.000000000,0.000000000,LANDING
11.720000267,0.004596310,0.000000000,0.000000000,0.000000000,LANDING
11.720999718,0.004596310,0.000000000,-0.000000000,0.000000000,LANDING
11.722000122,0.004596310,0.000000000,0.000000000,0.000000000,LANDING
11.722999573,0.004596310,0.000000000,-0.000000000,0.000000000,LANDING
11.723999977,0.004596310,0.000000000,0.000000000,0.000000000,LANDING
11.725000381,0.004596310,0.000000000,-0.000000000,0.000000000,LANDING
11.725999832,0.004596310,0.000000000,0.000000000,0.000000000,LANDING
11.727000237,0.004596310,0.000000000,-0.000000000,0.000000000,LANDING
11.727999687,0.004596310,0.000000000,0.000000000,0.000000000,LANDING
11.729000092,0.004596310,0.000000000,-0.000000000,0.000000000,LANDING
11.729999542,0.004596310,0.000000000,-0.000000000,0.000000000,LANDING
11.730999947,0.004596310,0.000000000,0.000000000,0.000000000,LANDING
11.732000351,0.004596310,0.000000000,-0.000000000,0.000000000,LANDING
11.732999802,0.004596310,0.000000000,-0.000000000,0.000000000,LANDING
11.734000206,0.004596310,0.000000000,-0.000000000,0.000000000,LANDING
11.734999657,0.004596310,0.000000000,-0.000000000,0.000000000,LANDING
11.736000061,0.004596310,0.000000000,0.000000000,0.000000000,LANDING
11.737000465,0.004596310,0.000000000,-0.000000000,0.000000000,LANDING
11.737999916,0.004596310,0.000000000,-0.000000000,0.000000000,LANDING
11.739000320,0.004596310,0.000000000,0.000000000,0.000000000,LANDING
11.739999771,0.004597094,0.000000000,-0.000000000,0.000000000,LANDING
11.741000175,0.004597094,0.000000000,0.000000000,0.000000000,LANDING
11.741999626,0.004597094,0.000000000,-0.000000000,0.000000000,LANDING
11.743000031,0.004597094,0.000000000,-0.000000000,0.000000000,LANDING
11.744000435,0.004597094,0.000000000,-0.000000000,0.000000000,LANDING
11.744999886,0.004597094,0.000000000,-0.000000000,0.000000000,LANDING
11.746000290,0.004597094,0.000000000,-0.000000000,0.000000000,LANDING
11.746999741,0.004597094,0.000000000,-0.000000000,0.000000000,LANDING
11.748000145,0.004597094,0.000000000,0.000000000,0.000000000,LANDING
11.748999596,0.004597094,0.000000000,-0.000000000,0.000000000,LANDING
11.750000000,0.004597094,0.000000000,0.000000000,0.000000000,LANDING
11.751000404,0.004597094,0.000000000,-0.000000000,0.000000000,LANDING
11.751999855,0.004597094,0.000000000,-0.000000000,0.000000000,LANDING
11.753000259,0.004597094,0.000000000,0.000000000,0.000000000,LANDING
11.753999710,0.004597094,0.000000000,-0.000000000,0.000000000,LANDING
11.755000114,0.004597094,0.000000000,-0.000000000,0.000000000,LANDING
11.755999565,0.004597094,0.000000000,0.000000000,0.000000000,LANDING
11.756999969,0.004597094,0.000000000,-0.000000000,0.000000000,LANDING
11.758000374,0.004597094,0.000000000,-0.000000000,0.000000000,LANDING
11.758999825,0.004597094,0.000000000,-0.000000000,0.000000000,LANDING
11.760000229,0.004597094,0.000000000,-0.000000000,0.000000000,LANDING
11.760999680,0.004597094,0.000000000,0.000000000,0.000000000,LANDING
11.762000084,0.004597094,0.000000000,-0.000000000,0.000000000,LANDING
11.762999535,0.004597094,0.000000000,0.000000000,0.000000000,LANDING
11.763999939,0.004597094,0.000000000,-0.000000000,0.000000000,LANDING
11.765000343,0.004597094,0.000000000,0.000000000,0.000000000,LANDING
11.765999794,0.004597094,0.000000000,0.000000000,0.000000000,LANDING
11.767000198,0.004597094,0.000000000,-0.000000000,0.000000000,LANDING
11.767999649,0.004597094,0.000000000,-0.000000000,0.000000000,LANDING
11.769000053,0.004597094,0.000000000,0.000000000,0.000000000,LANDING
11.770000458,0.004597094,0.000000000,-0.000000000,0.000000000,LANDING
11.770999908,0.004597094,0.000000000,0.000000000,0.000000000,LANDING
11.772000313,0.004597094,0.000000000,-0.000000000,0.000000000,LANDING
11.772999763,0.004597094,0.000000000,-0.000000000,0.000000000,LANDING
11.774000168,0.004597094,0.000000000,0.000000000,0.000000000,LANDING
11.774999619,0.004597094,0.000000000,-0.000000000,0.000000000,LANDING
11.776000023,0.004597094,0.000000000,0.000000000,0.000000000,LANDING
11.777000427,0.004597094,0.000000000,-0.000000000,0.000000000,LANDING
11.777999878,0.004597094,0.000000000,-0.000000000,0.000000000,LANDING
11.779000282,0.004597094,0.000000000,0.000000000,0.000000000,LANDING
11.779999733,0.004597094,0.000000000,-0.000000000,0.000000000,LANDING
11.781000137,0.004597094,0.000000000,0.000000000,0.000000000,LANDING
11.781999588,0.004597094,0.000000000,0.000000000,0.000000000,LANDING
11.782999992,0.004597094,0.000000000,-0.000000000,0.000000000,LANDING
11.784000397,0.004597094,0.000000000,0.000000000,0.000000000,LANDING
11.784999847,0.004597094,0.000000000,-0.000000000,0.000000000,LANDING
11.786000252,0.004597094,0.000000000,0.000000000,0.000000000,LANDING
11.786999702,0.004597094,0.000000000,-0.000000000,0.000000000,LANDING
11.788000107,0.004597094,0.000000000,0.000000000,0.000000000,LANDING
11.788999557,0.004597094,0.000000000,0.000000000,0.000000000,LANDING
11.789999962,0.004597094,0.000000000,-0.000000000,0.000000000,LANDING
11.791000366,0.004597094,0.000000000,0.000000000,0.000000000,LANDING
11.791999817,0.004597094,0.000000000,0.000000000,0.000000000,LANDING
11.793000221,0.004597094,0.000000000,-0.000000000,0.000000000,LANDING
11.793999672,0.004597094,0.000000000,-0.000000000,0.000000000,LANDING
11.795000076,0.004597094,0.000000000,0.000000000,0.000000000,LANDING
11.795999527,0.004597094,0.000000000,0.000000000,0.000000000,LANDING
11.796999931,0.004597094,0.000000000,-0.000000000,0.000000000,LANDING
11.798000336,0.004597094,0.000000000,0.000000000,0.000000000,LANDING
11.798999786,0.004597094,0.000000000,-0.000000000,0.000000000,LANDING
11.800000191,0.004597094,0.000000000,-0.000000000,0.000000000,LANDING
11.800999641,0.004597094,0.000000000,-0.000000000,0.000000000,LANDING
11.802000046,0.004597094,0.000000000,0.000000000,0.000000000,LANDING
11.803000450,0.004597094,0.000000000,-0.000000000,0.000000000,LANDING
11.803999901,0.004597094,0.000000000,-0.000000000,0.000000000,LANDING
11.805000305,0.004597094,0.000000000,-0.000000000,0.000000000,LANDING
11.805999756,0.004597094,0.000000000,-0.000000000,0.000000000,LANDING
11.807000160,0.004597094,0.000000000,0.000000000,0.000000000,LANDING
11.807999611,0.004597094,0.000000000,-0.000000000,0.000000000,LANDING
11.809000015,0.004597094,0.000000000,0.000000000,0.000000000,LANDING
11.810000420,0.004597094,0.000000000,-0.000000000,0.000000000,LANDING
11.810999870,0.004597094,0.000000000,0.000000000,0.000000000,LANDING
11.812000275,0.004597094,0.000000000,-0.000000000,0.000000000,LANDING
11.812999725,0.004597094,0.000000000,0.000000000,0.000000000,LANDING
11.814000130,0.004597094,0.000000000,-0.000000000,0.000000000,LANDING
11.814999580,0.004597094,0.000000000,-0.000000000,0.000000000,LANDING
11.815999985,0.004597094,0.000000000,0.000000000,0.000000000,LANDING
11.817000389,0.004597094,0.000000000,0.000000000,0.000000000,LANDING
11.817999840,0.004597094,0.000000000,-0.000000000,0.000000000,LANDING
11.819000244,0.004597094,0.000000000,0.000000000,0.000000000,LANDING
11.819999695,0.004597094,0.000000000,-0.000000000,0.000000000,LANDING
11.821000099,0.004597094,0.000000000,-0.000000000,0.000000000,LANDING
11.821999550,0.004597094,0.000000000,0.000000000,0.000000000,LANDING
11.822999954,0.004597094,0.000000000,-0.000000000,0.000000000,LANDING
11.824000359,0.004597094,0.000000000,0.000000000,0.000000000,LANDING
11.824999809,0.004597094,0.000000000,-0.000000000,0.000000000,LANDING
11.826000214,0.004597094,0.000000000,0.000000000,0.000000000,LANDING
11.826999664,0.004597094,0.000000000,-0.000000000,0.000000000,LANDING
11.828000069,0.004597094,0.000000000,0.000000000,0.000000000,LANDING
11.829000473,0.004597094,0.000000000,-0.000000000,0.000000000,LANDING
11.829999924,0.004597094,0.000000000,0.000000000,0.000000000,LANDING
11.831000328,0.004597094,0.000000000,-0.000000000,0.000000000,LANDING
11.831999779,0.004597094,0.000000000,0.000000000,0.000000000,LANDING
11.833000183,0.004597094,0.000000000,-0.000000000,0.000000000,LANDING
11.833999634,0.004597094,0.000000000,-0.000000000,0.000000000,LANDING
11.835000038,0.004597094,0.000000000,-0.000000000,0.000000000,LANDING
11.836000443,0.004597094,0.000000000,0.000000000,0.000000000,LANDING
11.836999893,0.004597094,0.000000000,0.000000000,0.000000000,LANDING
11.838000298,0.004597094,0.000000000,0.000000000,0.000000000,LANDING
11.838999748,0.004597094,0.000000000,-0.000000000,0.000000000,LANDING
11.840000153,0.004597094,0.000000000,0.000000000,0.000000000,LANDING
11.840999603,0.004597094,0.000000000,0.000000000,0.000000000,LANDING
11.842000008,0.004597094,0.000000000,-0.000000000,0.000000000,LANDING
11.843000412,0.004597094,0.000000000,-0.000000000,0.000000000,LANDING
11.843999863,0.004597094,0.000000000,0.000000000,0.000000000,LANDING
11.845000267,0.004597094,0.000000000,0.000000000,0.000000000,LANDING
11.845999718,0.004597094,0.000000000,-0.000000000,0.000000000,LANDING
11.847000122,0.004597094,0.000000000,0.000000000,0.000000000,LANDING
11.847999573,0.004597094,0.000000000,-0.000000000,0.000000000,LANDING
11.848999977,0.004597094,0.000000000,-0.000000000,0.000000000,LANDING
11.850000381,0.004597094,0.000000000,0.000000000,0.000000000,LANDING
11.850999832,0.004597094,0.000000000,0.000000000,0.000000000,LANDING
11.852000237,0.004597094,0.000000000,-0.000000000,0.000000000,LANDING
11.852999687,0.004597094,0.000000000,0.000000000,0.000000000,LANDING
11.854000092,0.004597094,0.000000000,-0.000000000,0.000000000,LANDING
11.854999542,0.004597094,0.000000000,0.000000000,0.000000000,LANDING
11.855999947,0.004597094,0.000000000,-0.000000000,0.000000000,LANDING
11.857000351,0.004597094,0.000000000,-0.000000000,0.000000000,LANDING
11.857999802,0.004597094,0.000000000,0.000000000,0.000000000,LANDING
11.859000206,0.004597094,0.000000000,-0.000000000,0.000000000,LANDING
11.859999657,0.004597094,0.000000000,0.000000000,0.000000000,LANDING
11.861000061,0.004597094,0.000000000,0.000000000,0.000000000,LANDING
11.862000465,0.004597094,0.000000000,-0.000000000,0.000000000,LANDING
11.862999916,0.004597094,0.000000000,0.000000000,0.000000000,LANDING
11.864000320,0.004597094,0.000000000,-0.000000000,0.000000000,LANDING
11.864999771,0.004597094,0.000000000,-0.000000000,0.000000000,LANDING
11.866000175,0.004597094,0.000000000,0.000000000,0.000000000,LANDING
11.866999626,0.004597094,0.000000000,-0.000000000,0.000000000,LANDING
11.868000031,0.004597094,0.000000000,-0.000000000,0.000000000,LANDING
11.869000435,0.004597094,0.000000000,0.000000000,0.000000000,LANDING
11.869999886,0.004597094,0.000000000,-0.000000000,0.000000000,LANDING
11.871000290,0.004597094,0.000000000,-0.000000000,0.000000000,LANDING
11.871999741,0.004597094,0.000000000,0.000000000,0.000000000,LANDING
11.873000145,0.004597094,0.000000000,-0.000000000,0.000000000,LANDING
11.873999596,0.004597094,0.000000000,-0.000000000,0.000000000,LANDING
11.875000000,0.004597094,0.000000000,0.000000000,0.000000000,LANDING
11.876000404,0.004597094,0.000000000,-0.000000000,0.000000000,LANDING
11.876999855,0.004597094,0.000000000,0.000000000,0.000000000,LANDING
11.878000259,0.004597094,0.000000000,-0.000000000,0.000000000,LANDING
11.878999710,0.004597094,0.000000000,-0.000000000,0.000000000,LANDING
11.880000114,0.004597094,0.000000000,0.000000000,0.000000000,LANDING
11.880999565,0.004597094,0.000000000,-0.000000000,0.000000000,LANDING
11.881999969,0.004597094,0.000000000,0.000000000,0.000000000,LANDING
11.883000374,0.004597094,0.000000000,-0.000000000,0.000000000,LANDING
11.883999825,0.004597094,0.000000000,0.000000000,0.000000000,LANDING
11.885000229,0.004597094,0.000000000,-0.000000000,0.000000000,LANDING
11.885999680,0.004597094,0.000000000,0.000000000,0.000000000,LANDING
11.887000084,0.004597094,0.000000000,-0.000000000,0.000000000,LANDING
11.887999535,0.004597094,0.000000000,-0.000000000,0.000000000,LANDING
11.888999939,0.004597094,0.000000000,0.000000000,0.000000000,LANDING
11.890000343,0.004597094,0.000000000,-0.000000000,0.000000000,LANDING
11.890999794,0.004597094,0.000000000,0.000000000,0.000000000,LANDING
11.892000198,0.004597094,0.000000000,-0.000000000,0.000000000,LANDING
11.892999649,0.004597094,0.000000000,0.000000000,0.000000000,LANDING
11.894000053,0.004597094,0.000000000,-0.000000000,0.000000000,LANDING
11.895000458,0.004597094,0.000000000,-0.000000000,0.000000000,LANDING
11.895999908,0.004597094,0.000000000,0.000000000,0.000000000,LANDING
11.897000313,0.004597094,0.000000000,-0.000000000,0.000000000,LANDING
11.897999763,0.004597094,0.000000000,0.000000000,0.000000000,LANDING
11.899000168,0.004597094,0.000000000,-0.000000000,0.000000000,LANDING
11.899999619,0.004597094,0.000000000,0.000000000,0.000000000,LANDING
11.901000023,0.004597094,0.000000000,0.000000000,0.000000000,LANDING
11.902000427,0.004597094,0.000000000,-0.000000000,0.000000000,LANDING
11.902999878,0.004597094,0.000000000,0.000000000,0.000000000,LANDING
11.904000282,0.004597094,0.000000000,0.000000000,0.000000000,LANDING
11.904999733,0.004597094,0.000000000,-0.000000000,0.000000000,LANDING
11.906000137,0.004597094,0.000000000,0.000000000,0.000000000,LANDING
11.906999588,0.004597094,0.000000000,-0.000000000,0.000000000,LANDING
11.907999992,0.004597094,0.000000000,-0.000000000,0.000000000,LANDING
11.909000397,0.004597094,0.000000000,0.000000000,0.000000000,LANDING
11.909999847,0.004597094,0.000000000,0.000000000,0.000000000,LANDING
11.911000252,0.004597094,0.000000000,-0.000000000,0.000000000,LANDING
11.911999702,0.004597094,0.000000000,0.000000000,0.000000000,LANDING
11.913000107,0.004597094,0.000000000,0.000000000,0.000000000,LANDING
11.913999557,0.004597094,0.000000000,-0.000000000,0.000000000,LANDING
11.914999962,0.004597094,0.000000000,0.000000000,0.000000000,LANDING
11.916000366,0.004597094,0.000000000,-0.000000000,0.000000000,LANDING
11.916999817,0.004597094,0.000000000,-0.000000000,0.000000000,LANDING
11.918000221,0.004597094,0.000000000,0.000000000,0.000000000,LANDING
11.918999672,0.004597094,0.000000000,-0.000000000,0.000000000,LANDING
11.920000076,0.004597094,0.000000000,-0.000000000,0.000000000,LANDING
11.920999527,0.004597094,0.000000000,0.000000000,0.000000000,LANDING
11.921999931,0.004597094,0.000000000,0.000000000,0.000000000,LANDING
11.923000336,0.004597094,0.000000000,-0.000000000,0.000000000,LANDING
11.923999786,0.004597094,0.000000000,0.000000000,0.000000000,LANDING
11.925000191,0.004597094,0.000000000,-0.000000000,0.000000000,LANDING
11.925999641,0.004597094,0.000000000,0.000000000,0.000000000,LANDING
11.927000046,0.004597094,0.000000000,-0.000000000,0.000000000,LANDING
11.928000450,0.004597094,0.000000000,0.000000000,0.000000000,LANDING
11.928999901,0.004597094,0.000000000,0.000000000,0.000000000,LANDING
11.930000305,0.004597094,0.000000000,-0.000000000,0.000000000,LANDING
11.930999756,0.004597094,0.000000000,0.000000000,0.000000000,LANDING
11.932000160,0.004597094,0.000000000,-0.000000000,0.000000000,LANDING
11.932999611,0.004597094,0.000000000,0.000000000,0.000000000,LANDING
11.934000015,0.004597094,0.000000000,-0.000000000,0.000000000,LANDING
11.935000420,0.004597094,0.000000000,0.000000000,0.000000000,LANDING
11.935999870,0.004597094,0.000000000,0.000000000,0.000000000,LANDING
11.937000275,0.004597094,0.000000000,-0.000000000,0.000000000,LANDING
11.937999725,0.004597094,0.000000000,-0.000000000,0.000000000,LANDING
11.939000130,0.004597094,0.000000000,0.000000000,0.000000000,LANDING
11.939999580,0.004597094,0.000000000,-0.000000000,0.000000000,LANDING
11.940999985,0.004597094,0.000000000,0.000000000,0.000000000,LANDING
11.942000389,0.004597094,0.000000000,-0.000000000,0.000000000,LANDING
11.942999840,0.004597094,0.000000000,-0.000000000,0.000000000,LANDING
11.944000244,0.004597094,0.000000000,-0.000000000,0.000000000,LANDING
11.944999695,0.004597094,0.000000000,-0.000000000,0.000000000,LANDING
11.946000099,0.004597094,0.000000000,0.000000000,0.000000000,LANDING
11.946999550,0.004597094,0.000000000,0.000000000,0.000000000,LANDING
11.947999954,0.004597094,0.000000000,-0.000000000,0.000000000,LANDING
11.949000359,0.004597094,0.000000000,0.000000000,0.000000000,LANDING
11.949999809,0.004597094,0.000000000,-0.000000000,0.000000000,LANDING
11.951000214,0.004597094,0.000000000,-0.000000000,0.000000000,LANDING
11.951999664,0.004597094,0.000000000,-0.000000000,0.000000000,LANDING
11.953000069,0.004597094,0.000000000,0.000000000,0.000000000,LANDING
11.954000473,0.004597094,0.000000000,-0.000000000,0.000000000,LANDING
11.954999924,0.004597094,0.000000000,0.000000000,0.000000000,LANDING
11.956000328,0.004597094,0.000000000,-0.000000000,0.000000000,LANDING
11.956999779,0.004597094,0.000000000,-0.000000000,0.000000000,LANDING
11.958000183,0.004597094,0.000000000,0.000000000,0.000000000,LANDING
11.958999634,0.004597094,0.000000000,-0.000000000,0.000000000,LANDING
11.960000038,0.004597094,0.000000000,-0.000000000,0.000000000,LANDING
11.961000443,0.004597094,0.000000000,0.000000000,0.000000000,LANDING
11.961999893,0.004597094,0.000000000,-0.000000000,0.000000000,LANDING
11.963000298,0.004597094,0.000000000,-0.000000000,0.000000000,LANDING
11.963999748,0.004597094,0.000000000,0.000000000,0.000000000,LANDING
11.965000153,0.004597094,0.000000000,-0.000000000,0.000000000,LANDING
11.965999603,0.004597094,0.000000000,0.000000000,0.000000000,LANDING
11.967000008,0.004597094,0.000000000,-0.000000000,0.000000000,LANDING
11.968000412,0.004597094,0.000000000,-0.000000000,0.000000000,LANDING
11.968999863,0.004597094,0.000000000,0.000000000,0.000000000,LANDING
11.970000267,0.004597094,0.000000000,-0.000000000,0.000000000,LANDING
11.970999718,0.004597094,0.000000000,0.000000000,0.000000000,LANDING
11.972000122,0.004597094,0.000000000,0.000000000,0.000000000,LANDING
11.972999573,0.004597094,0.000000000,0.000000000,0.000000000,LANDING
11.973999977,0.004597094,0.000000000,0.000000000,0.000000000,LANDING
11.975000381,0.004597094,0.000000000,-0.000000000,0.000000000,LANDING
11.975999832,0.004597094,0.000000000,-0.000000000,0.000000000,LANDING
11.977000237,0.004597094,0.000000000,0.000000000,0.000000000,LANDING
11.977999687,0.004597094,0.000000000,0.000000000,0.000000000,LANDING
11.979000092,0.004597094,0.000000000,-0.000000000,0.000000000,LANDING
11.979999542,0.004597094,0.000000000,-0.000000000,0.000000000,LANDING
11.980999947,0.004597094,0.000000000,0.000000000,0.000000000,LANDING
11.982000351,0.004597094,0.000000000,-0.000000000,0.000000000,LANDING
11.982999802,0.004597094,0.000000000,0.000000000,0.000000000,LANDING
11.984000206,0.004597094,0.000000000,-0.000000000,0.000000000,LANDING
11.984999657,0.004597094,0.000000000,-0.000000000,0.000000000,LANDING
11.986000061,0.004597094,0.000000000,0.000000000,0.000000000,LANDING
11.987000465,0.004597094,0.000000000,-0.000000000,0.000000000,LANDING
11.987999916,0.004597094,0.000000000,0.000000000,0.000000000,LANDING
11.989000320,0.004597094,0.000000000,0.000000000,0.000000000,LANDING
11.989999771,0.004597094,0.000000000,-0.000000000,0.000000000,LANDING
11.991000175,0.004597094,0.000000000,0.000000000,0.000000000,LANDING
11.991999626,0.004597094,0.000000000,-0.000000000,0.000000000,LANDING
11.993000031,0.004597094,0.000000000,0.000000000,0.000000000,LANDING
11.994000435,0.004597094,0.000000000,-0.000000000,0.000000000,LANDING
11.994999886,0.004597094,0.000000000,0.000000000,0.000000000,LANDING
11.996000290,0.004597094,0.000000000,-0.000000000,0.000000000,LANDING
11.996999741,0.004597094,0.000000000,0.000000000,0.000000000,LANDING
11.998000145,0.004597094,0.000000000,-0.000000000,0.000000000,LANDING
11.998999596,0.004597094,0.000000000,-0.000000000,0.000000000,LANDING
12.000000000,0.004597094,0.000000000,-0.000000000,0.000000000,LANDING
12.001000404,0.004597094,0.000000000,0.000000000,0.000000000,LANDING
12.001999855,0.004597094,0.000000000,-0.000000000,0.000000000,LANDING
12.003000259,0.004597094,0.000000000,-0.000000000,0.000000000,LANDING
12.003999710,0.004597094,0.000000000,0.000000000,0.000000000,LANDING
12.005000114,0.004597094,0.000000000,-0.000000000,0.000000000,LANDING
12.005999565,0.004597094,0.000000000,-0.000000000,0.000000000,LANDING
12.006999969,0.004597094,0.000000000,-0.000000000,0.000000000,LANDING
12.008000374,0.004597094,0.000000000,0.000000000,0.000000000,LANDING
12.008999825,0.004597094,0.000000000,-0.000000000,0.000000000,LANDING
12.010000229,0.004597094,0.000000000,-0.000000000,0.000000000,LANDING
12.010999680,0.004597094,0.000000000,0.000000000,0.000000000,LANDING
12.012000084,0.004597094,0.000000000,0.000000000,0.000000000,LANDING
12.012999535,0.004597094,0.000000000,0.000000000,0.000000000,LANDING
12.013999939,0.004597094,0.000000000,-0.000000000,0.000000000,LANDING
12.015000343,0.004597094,0.000000000,0.000000000,0.000000000,LANDING
12.015999794,0.004597094,0.000000000,0.000000000,0.000000000,LANDING
12.017000198,0.004597094,0.000000000,-0.000000000,0.000000000,LANDING
12.017999649,0.004597094,0.000000000,0.000000000,0.000000000,LANDING
12.019000053,0.004597094,0.000000000,-0.000000000,0.000000000,LANDING
12.020000458,0.004597094,0.000000000,0.000000000,0.000000000,LANDING
12.020999908,0.004597094,0.000000000,-0.000000000,0.000000000,LANDING
12.022000313,0.004597094,0.000000000,0.000000000,0.000000000,LANDING
12.022999763,0.004597094,0.000000000,-0.000000000,0.000000000,LANDING
12.024000168,0.004597094,0.000000000,0.000000000,0.000000000,LANDING
12.024999619,0.004597094,0.000000000,-0.000000000,0.000000000,LANDING
12.026000023,0.004597094,0.000000000,0.000000000,0.000000000,LANDING
12.027000427,0.004597094,0.000000000,-0.000000000,0.000000000,LANDING
12.027999878,0.004597094,0.000000000,0.000000000,0.000000000,LANDING
12.029000282,0.004597094,0.000000000,-0.000000000,0.000000000,LANDING
12.029999733,0.004597094,0.000000000,0.000000000,0.000000000,LANDING
12.031000137,0.004597094,0.000000000,-0.000000000,0.000000000,LANDING
12.031999588,0.004597094,0.000000000,0.000000000,0.000000000,LANDING
12.032999992,0.004597094,0.000000000,0.000000000,0.000000000,LANDING
12.034000397,0.004597094,0.000000000,-0.000000000,0.000000000,LANDING
12.034999847,0.004597094,0.000000000,-0.000000000,0.000000000,LANDING
12.036000252,0.004597094,0.000000000,-0.000000000,0.000000000,LANDING
12.036999702,0.004597094,0.000000000,0.000000000,0.000000000,LANDING
12.038000107,0.004597094,0.000000000,0.000000000,0.000000000,LANDING
12.038999557,0.004597094,0.000000000,-0.000000000,0.000000000,LANDING
12.039999962,0.004597094,0.000000000,-0.000000000,0.000000000,LANDING
12.041000366,0.004597094,0.000000000,0.000000000,0.000000000,LANDING
12.041999817,0.004597094,0.000000000,-0.000000000,0.000000000,LANDING
12.043000221,0.004597094,0.000000000,0.000000000,0.000000000,LANDING
12.043999672,0.004597094,0.000000000,-0.000000000,0.000000000,LANDING
12.045000076,0.004597094,0.000000000,0.000000000,0.000000000,LANDING
12.045999527,0.004597094,0.000000000,-0.000000000,0.000000000,LANDING
12.046999931,0.004597094,0.000000000,0.000000000,0.000000000,LANDING
12.048000336,0.004597094,0.000000000,-0.000000000,0.000000000,LANDING
12.048999786,0.004597094,0.000000000,0.000000000,0.000000000,LANDING
12.050000191,0.004597094,0.000000000,0.000000000,0.000000000,LANDING
12.050999641,0.004597094,0.000000000,-0.000000000,0.000000000,LANDING
12.052000046,0.004597094,0.000000000,0.000000000,0.000000000,LANDING
12.053000450,0.004597094,0.000000000,0.000000000,0.000000000,LANDING
12.053999901,0.004597094,0.000000000,-0.000000000,0.000000000,LANDING
12.055000305,0.004597094,0.000000000,-0.000000000,0.000000000,LANDING
12.055999756,0.004597094,0.000000000,0.000000000,0.000000000,LANDING
12.057000160,0.004597094,0.000000000,-0.000000000,0.000000000,LANDING
12.057999611,0.004597094,0.000000000,0.000000000,0.000000000,LANDING
12.059000015,0.004597094,0.000000000,0.000000000,0.000000000,LANDING
12.060000420,0.004597094,0.000000000,-0.000000000,0.000000000,LANDING
12.060999870,0.004597094,0.000000000,0.000000000,0.000000000,LANDING
12.062000275,0.004597094,0.000000000,-0.000000000,0.000000000,LANDING
12.062999725,0.004597094,0.000000000,0.000000000,0.000000000,LANDING
12.064000130,0.004597094,0.000000000,-0.000000000,0.000000000,LANDING
12.064999580,0.004597094,0.000000000,0.000000000,0.000000000,LANDING
12.065999985,0.004597094,0.000000000,-0.000000000,0.000000000,LANDING
12.067000389,0.004597094,0.000000000,0.000000000,0.000000000,LANDING
12.067999840,0.004597094,0.000000000,-0.000000000,0.000000000,LANDING
12.069000244,0.004597094,0.000000000,-0.000000000,0.000000000,LANDING
12.069999695,0.004597094,0.000000000,0.000000000,0.000000000,LANDING
12.071000099,0.004597094,0.000000000,0.000000000,0.000000000,LANDING
12.071999550,0.004597094,0.000000000,-0.000000000,0.000000000,LANDING
12.072999954,0.004597094,0.000000000,-0.000000000,0.000000000,LANDING
12.074000359,0.004597094,0.000000000,0.000000000,0.000000000,LANDING
12.074999809,0.004597094,0.000000000,-0.000000000,0.000000000,LANDING
12.076000214,0.004597094,0.000000000,0.000000000,0.000000000,LANDING
12.076999664,0.004597094,0.000000000,-0.000000000,0.000000000,LANDING
12.078000069,0.004597094,0.000000000,-0.000000000,0.000000000,LANDING
12.079000473,0.004597094,0.000000000,0.000000000,0.000000000,LANDING
12.079999924,0.004597094,0.000000000,0.000000000,0.000000000,LANDING
12.081000328,0.004597094,0.000000000,-0.000000000,0.000000000,LANDING
12.081999779,0.004597094,0.000000000,0.000000000,0.000000000,LANDING
12.083000183,0.004597094,0.000000000,0.000000000,0.000000000,LANDING
12.083999634,0.004597094,0.000000000,-0.000000000,0.000000000,LANDING
12.085000038,0.004597094,0.000000000,0.000000000,0.000000000,LANDING
12.086000443,0.004597094,0.000000000,-0.000000000,0.000000000,LANDING
12.086999893,0.004597094,0.000000000,-0.000000000,0.000000000,LANDING
12.088000298,0.004597094,0.000000000,0.000000000,0.000000000,LANDING
12.088999748,0.004597094,0.000000000,-0.000000000,0.000000000,LANDING
12.090000153,0.004597094,0.000000000,-0.000000000,0.000000000,LANDING
12.090999603,0.004597094,0.000000000,0.000000000,0.000000000,LANDING
12.092000008,0.004597094,0.000000000,0.000000000,0.000000000,LANDING
12.093000412,0.004597094,0.000000000,-0.000000000,0.000000000,LANDING
12.093999863,0.004597094,0.000000000,0.000000000,0.000000000,LANDING
12.095000267,0.004597094,0.000000000,-0.000000000,0.000000000,LANDING
12.095999718,0.004597094,0.000000000,0.000000000,0.000000000,LANDING
12.097000122,0.004597094,0.000000000,-0.000000000,0.000000000,LANDING
12.097999573,0.004597094,0.000000000,0.000000000,0.000000000,LANDING
12.098999977,0.004597094,0.000000000,-0.000000000,0.000000000,LANDING
12.100000381,0.004597094,0.000000000,-0.000000000,0.000000000,LANDING
12.100999832,0.004597094,0.000000000,0.000000000,0.000000000,LANDING
12.102000237,0.004597094,0.000000000,-0.000000000,0.000000000,LANDING
12.102999687,0.004597094,0.000000000,0.000000000,0.000000000,LANDING
12.104000092,0.004597094,0.000000000,-0.000000000,0.000000000,LANDING
12.104999542,0.004597094,0.000000000,0.000000000,0.000000000,LANDING
12.105999947,0.004597094,0.000000000,-0.000000000,0.000000000,LANDING
12.107000351,0.004597094,0.000000000,-0.000000000,0.000000000,LANDING
12.107999802,0.004597094,0.000000000,0.000000000,0.000000000,LANDING
12.109000206,0.004597094,0.000000000,0.000000000,0.000000000,LANDING
12.109999657,0.004597094,0.000000000,0.000000000,0.000000000,LANDING
12.111000061,0.004597094,0.000000000,-0.000000000,0.000000000,LANDING
12.112000465,0.004597094,0.000000000,0.000000000,0.000000000,LANDING
12.112999916,0.004597094,0.000000000,-0.000000000,0.000000000,LANDING
12.114000320,0.004597094,0.000000000,0.000000000,0.000000000,LANDING
12.114999771,0.004597094,0.000000000,0.000000000,0.000000000,LANDING
12.116000175,0.004597094,0.000000000,-0.000000000,0.000000000,LANDING
12.116999626,0.004597094,0.000000000,-0.000000000,0.000000000,LANDING
12.118000031,0.004597094,0.000000000,-0.000000000,0.000000000,LANDING
12.119000435,0.004597094,0.000000000,0.000000000,0.000000000,LANDING
12.119999886,0.004597094,0.000000000,-0.000000000,0.000000000,LANDING
12.121000290,0.004597094,0.000000000,-0.000000000,0.000000000,LANDING
12.121999741,0.004597094,0.000000000,0.000000000,0.000000000,LANDING
12.123000145,0.004597094,0.000000000,0.000000000,0.000000000,LANDING
12.123999596,0.004597094,0.000000000,0.000000000,0.000000000,LANDING
12.125000000,0.004597094,0.000000000,0.000000000,0.000000000,LANDING
12.126000404,0.004597094,0.000000000,-0.000000000,0.000000000,LANDING
12.126999855,0.004597094,0.000000000,-0.000000000,0.000000000,LANDING
12.128000259,0.004597094,0.000000000,-0.000000000,0.000000000,LANDING
12.128999710,0.004597094,0.000000000,0.000000000,0.000000000,LANDING
12.130000114,0.004597094,0.000000000,-0.000000000,0.000000000,LANDING
12.130999565,0.004597094,0.000000000,0.000000000,0.000000000,LANDING
12.131999969,0.004597094,0.000000000,-0.000000000,0.000000000,LANDING
12.133000374,0.004597094,0.000000000,0.000000000,0.000000000,LANDING
12.133999825,0.004597094,0.000000000,-0.000000000,0.000000000,LANDING
12.135000229,0.004597094,0.000000000,0.000000000,0.000000000,LANDING
12.135999680,0.004597094,0.000000000,0.000000000,0.000000000,LANDING
12.137000084,0.004597094,0.000000000,-0.000000000,0.000000000,LANDING
12.137999535,0.004597094,0.000000000,-0.000000000,0.000000000,LANDING
12.138999939,0.004597094,0.000000000,-0.000000000,0.000000000,LANDING
12.140000343,0.004597094,0.000000000,0.000000000,0.000000000,LANDING
12.140999794,0.004597094,0.000000000,-0.000000000,0.000000000,LANDING
12.142000198,0.004597094,0.000000000,-0.000000000,0.000000000,LANDING
12.142999649,0.004597094,0.000000000,-0.000000000,0.000000000,LANDING
12.144000053,0.004597094,0.000000000,0.000000000,0.000000000,LANDING
12.145000458,0.004597094,0.000000000,-0.000000000,0.000000000,LANDING
12.145999908,0.004597094,0.000000000,0.000000000,0.000000000,LANDING
12.147000313,0.004597094,0.000000000,-0.000000000,0.000000000,LANDING
12.147999763,0.004597094,0.000000000,0.000000000,0.000000000,LANDING
12.149000168,0.004597094,0.000000000,-0.000000000,0.000000000,LANDING
12.149999619,0.004597094,0.000000000,0.000000000,0.000000000,LANDING
12.151000023,0.004597094,0.000000000,0.000000000,0.000000000,LANDING
12.152000427,0.004597094,0.000000000,-0.000000000,0.000000000,LANDING
12.152999878,0.004597094,0.000000000,0.000000000,0.000000000,LANDING
12.154000282,0.004597094,0.000000000,-0.000000000,0.000000000,LANDING
12.154999733,0.004597094,0.000000000,0.000000000,0.000000000,LANDING
12.156000137,0.004597094,0.000000000,-0.000000000,0.000000000,LANDING
12.156999588,0.004597094,0.000000000,-0.000000000,0.000000000,LANDING
12.157999992,0.004597094,0.000000000,0.000000000,0.000000000,LANDING
12.159000397,0.004597094,0.000000000,0.000000000,0.000000000,LANDING
12.159999847,0.004597094,0.000000000,0.000000000,0.000000000,LANDING
12.161000252,0.004597094,0.000000000,-0.000000000,0.000000000,LANDING
12.161999702,0.004597094,0.000000000,0.000000000,0.000000000,LANDING
12.163000107,0.004597094,0.000000000,-0.000000000,0.000000000,LANDING
12.163999557,0.004597094,0.000000000,-0.000000000,0.000000000,LANDING
12.164999962,0.004597094,0.000000000,0.000000000,0.000000000,LANDING
12.166000366,0.004597094,0.000000000,-0.000000000,0.000000000,LANDING
12.166999817,0.004597094,0.000000000,0.000000000,0.000000000,LANDING
12.168000221,0.004597094,0.000000000,-0.000000000,0.000000000,LANDING
12.168999672,0.004597094,0.000000000,-0.000000000,0.000000000,LANDING
12.170000076,0.004597094,0.000000000,0.000000000,0.000000000,LANDING
12.170999527,0.004597094,0.000000000,0.000000000,0.000000000,LANDING
12.171999931,0.004597094,0.000000000,-0.000000000,0.000000000,LANDING
12.173000336,0.004597094,0.000000000,0.000000000,0.000000000,LANDING
12.173999786,0.004597094,0.000000000,-0.000000000,0.000000000,LANDING
12.175000191,0.004597094,0.000000000,0.000000000,0.000000000,LANDING
12.175999641,0.004597094,0.000000000,0.000000000,0.000000000,LANDING
12.177000046,0.004597094,0.000000000,0.000000000,0.000000000,LANDING
12.178000450,0.004597094,0.000000000,-0.000000000,0.000000000,LANDING
12.178999901,0.004597094,0.000000000,-0.000000000,0.000000000,LANDING
12.180000305,0.004597094,0.000000000,0.000000000,0.000000000,LANDING
12.180999756,0.004597094,0.000000000,-0.000000000,0.000000000,LANDING
12.182000160,0.004597094,0.000000000,-0.000000000,0.000000000,LANDING
12.182999611,0.004597094,0.000000000,0.000000000,0.000000000,LANDING
12.184000015,0.004597094,0.000000000,-0.000000000,0.000000000,LANDING
12.185000420,0.004597094,0.000000000,0.000000000,0.000000000,LANDING
12.185999870,0.004597094,0.000000000,-0.000000000,0.000000000,LANDING
12.187000275,0.004597094,0.000000000,-0.000000000,0.000000000,LANDING
12.187999725,0.004597094,0.000000000,-0.000000000,0.000000000,LANDING
12.189000130,0.004597094,0.000000000,0.000000000,0.000000000,LANDING
12.189999580,0.004597094,0.000000000,-0.000000000,0.000000000,LANDING
12.190999985,0.004597094,0.000000000,0.000000000,0.000000000,LANDING
12.192000389,0.004597094,0.000000000,-0.000000000,0.000000000,LANDING
12.192999840,0.004597094,0.000000000,0.000000000,0.000000000,LANDING
12.194000244,0.004597094,0.000000000,0.000000000,0.000000000,LANDING
12.194999695,0.004597094,0.000000000,-0.000000000,0.000000000,LANDING
12.196000099,0.004597094,0.000000000,-0.000000000,0.000000000,LANDING
12.196999550,0.004597094,0.000000000,-0.000000000,0.000000000,LANDING
12.197999954,0.004597094,0.000000000,0.000000000,0.000000000,LANDING
12.199000359,0.004597094,0.000000000,0.000000000,0.000000000,LANDING
12.199999809,0.004597094,0.000000000,0.000000000,0.000000000,LANDING
12.201000214,0.004597094,0.000000000,0.000000000,0.000000000,LANDING
12.201999664,0.004597094,0.000000000,-0.000000000,0.000000000,LANDING
12.203000069,0.004597094,0.000000000,-0.000000000,0.000000000,LANDING
12.204000473,0.004597094,0.000000000,-0.000000000,0.000000000,LANDING
12.204999924,0.004597094,0.000000000,0.000000000,0.000000000,LANDING
12.206000328,0.004597094,0.000000000,0.000000000,0.000000000,LANDING
12.206999779,0.004597094,0.000000000,-0.000000000,0.000000000,LANDING
12.208000183,0.004597094,0.000000000,0.000000000,0.000000000,LANDING
12.208999634,0.004597094,0.000000000,-0.000000000,0.000000000,LANDING
12.210000038,0.004597094,0.000000000,0.000000000,0.000000000,LANDING
12.211000443,0.004597094,0.000000000,-0.000000000,0.000000000,LANDING
12.211999893,0.004597094,0.000000000,0.000000000,0.000000000,LANDING
12.213000298,0.004597094,0.000000000,0.000000000,0.000000000,LANDING
12.213999748,0.004597094,0.000000000,0.000000000,0.000000000,LANDING
12.215000153,0.004597094,0.000000000,-0.000000000,0.000000000,LANDING
12.215999603,0.004597094,0.000000000,-0.000000000,0.000000000,LANDING
12.217000008,0.004597094,0.000000000,-0.000000000,0.000000000,LANDING
12.218000412,0.004597094,0.000000000,-0.000000000,0.000000000,LANDING
12.218999863,0.004597094,0.000000000,0.000000000,0.000000000,LANDING
12.220000267,0.004597094,0.000000000,-0.000000000,0.000000000,LANDING
12.220999718,0.004597094,0.000000000,0.000000000,0.000000000,LANDING
12.222000122,0.004597094,0.000000000,-0.000000000,0.000000000,LANDING
12.222999573,0.004597094,0.000000000,-0.000000000,0.000000000,LANDING
12.223999977,0.004597094,0.000000000,0.000000000,0.000000000,LANDING
12.225000381,0.004597094,0.000000000,0.000000000,0.000000000,LANDING
12.225999832,0.004597094,0.000000000,-0.000000000,0.000000000,LANDING
12.227000237,0.004597094,0.000000000,0.000000000,0.000000000,LANDING
12.227999687,0.004597094,0.000000000,0.000000000,0.000000000,LANDING
12.229000092,0.004597094,0.000000000,-0.000000000,0.000000000,LANDING
12.229999542,0.004597094,0.000000000,0.000000000,0.000000000,LANDING
12.230999947,0.004597094,0.000000000,0.000000000,0.000000000,LANDING
12.232000351,0.004597094,0.000000000,-0.000000000,0.000000000,LANDING
12.232999802,0.004597094,0.000000000,0.000000000,0.000000000,LANDING
12.234000206,0.004597094,0.000000000,-0.000000000,0.000000000,LANDING
12.234999657,0.004597094,0.000000000,-0.000000000,0.000000000,LANDING
12.236000061,0.004597094,0.000000000,-0.000000000,0.000000000,LANDING
12.237000465,0.004597094,0.000000000,0.000000000,0.000000000,LANDING
12.237999916,0.004597094,0.000000000,0.000000000,0.000000000,LANDING
12.239000320,0.004597094,0.000000000,-0.000000000,0.000000000,LANDING
12.239999771,0.004597094,0.000000000,0.000000000,0.000000000,LANDING
12.241000175,0.004597094,0.000000000,-0.000000000,0.000000000,LANDING
12.241999626,0.004597094,0.000000000,0.000000000,0.000000000,LANDING
12.243000031,0.004597094,0.000000000,-0.000000000,0.000000000,LANDING
12.244000435,0.004597094,0.000000000,0.000000000,0.000000000,LANDING
12.244999886,0.004597094,0.000000000,-0.000000000,0.000000000,LANDING
12.246000290,0.004597094,0.000000000,-0.000000000,0.000000000,LANDING
12.246999741,0.004597094,0.000000000,-0.000000000,0.000000000,LANDING
12.248000145,0.004597094,0.000000000,0.000000000,0.000000000,LANDING
12.248999596,0.004597094,0.000000000,-0.000000000,0.000000000,LANDING
12.250000000,0.004597094,0.000000000,0.000000000,0.000000000,LANDING
12.251000404,0.004597094,0.000000000,-0.000000000,0.000000000,LANDING
12.251999855,0.004597094,0.000000000,-0.000000000,0.000000000,LANDING
12.253000259,0.004597094,0.000000000,0.000000000,0.000000000,LANDING
12.253999710,0.004597094,0.000000000,-0.000000000,0.000000000,LANDING
12.255000114,0.004597094,0.000000000,0.000000000,0.000000000,LANDING
12.255999565,0.004597094,0.000000000,-0.000000000,0.000000000,LANDING
12.256999969,0.004597094,0.000000000,-0.000000000,0.000000000,LANDING
12.258000374,0.004597094,0.000000000,0.000000000,0.000000000,LANDING
12.258999825,0.004597094,0.000000000,-0.000000000,0.000000000,LANDING
12.260000229,0.004597094,0.000000000,0.000000000,0.000000000,LANDING
12.260999680,0.004597094,0.000000000,-0.000000000,0.000000000,LANDING
12.262000084,0.004597094,0.000000000,0.000000000,0.000000000,LANDING
12.262999535,0.004597094,0.000000000,-0.000000000,0.000000000,LANDING
12.263999939,0.004597094,0.000000000,-0.000000000,0.000000000,LANDING
12.265000343,0.004597094,0.000000000,-0.000000000,0.000000000,LANDING
12.265999794,0.004597094,0.000000000,0.000000000,0.000000000,LANDING
12.267000198,0.004597094,0.000000000,0.000000000,0.000000000,LANDING
12.267999649,0.004597094,0.000000000,-0.000000000,0.000000000,LANDING
12.269000053,0.004597094,0.000000000,-0.000000000,0.000000000,LANDING
12.270000458,0.004597094,0.000000000,0.000000000,0.000000000,LANDING
12.270999908,0.004597094,0.000000000,-0.000000000,0.000000000,LANDING
12.272000313,0.004597094,0.000000000,-0.000000000,0.000000000,LANDING
12.272999763,0.004597094,0.000000000,0.000000000,0.000000000,LANDING
12.274000168,0.004597094,0.000000000,-0.000000000,0.000000000,LANDING
12.274999619,0.004597094,0.000000000,0.000000000,0.000000000,LANDING
12.276000023,0.004597094,0.000000000,-0.000000000,0.000000000,LANDING
12.277000427,0.004597094,0.000000000,0.000000000,0.000000000,LANDING
12.277999878,0.004597094,0.000000000,-0.000000000,0.000000000,LANDING
12.279000282,0.004597094,0.000000000,-0.000000000,0.000000000,LANDING
12.279999733,0.004597094,0.000000000,0.000000000,0.000000000,LANDING
12.281000137,0.004597094,0.000000000,0.000000000,0.000000000,LANDING
12.281999588,0.004597094,0.000000000,-0.000000000,0.000000000,LANDING
